Date,EURUSD,GBPUSD,AUDUSD,NZDUSD,USDCAD
2000-01-03,1.01554,1.62707,0.65911,0.5254,1.4465
2000-01-04,1.03093,1.63693,0.65621,0.5198,1.4518
2000-01-05,1.03348,1.6415,0.65501,0.51709,1.4518
2000-01-06,1.03242,1.64745,0.65398,0.51451,1.4571
2000-01-07,1.02944,1.63827,0.65479,0.516,1.4505
2000-01-10,1.02522,1.63747,0.65608,0.5168,1.4568
2000-01-11,1.0322,1.64799,0.65751,0.5164,1.457
2000-01-12,1.02807,1.64663,0.65781,0.51851,1.455
2000-01-13,1.02701,1.64826,0.66872,0.524,1.4495
2000-01-14,1.01276,1.63532,0.66649,0.52121,1.4497
2000-01-18,1.01215,1.638,0.66401,0.51701,1.4502
2000-01-19,1.01153,1.64393,0.66339,0.51549,1.4527
2000-01-20,1.01327,1.65371,0.66658,0.51319,1.4484
2000-01-21,1.01,1.65044,0.66212,0.51041,1.442
2000-01-24,1.0019,1.65207,0.65441,0.5061,1.44
2000-01-25,1.00412,1.64826,0.65419,0.50679,1.4389
2000-01-26,1.0011,1.63961,0.65049,0.506,1.4379
2000-01-27,0.98902,1.63639,0.65501,0.5072,1.435
2000-01-28,0.97647,1.62101,0.62649,0.487,1.4495
2000-01-31,0.9757,1.61812,0.6382,0.49529,1.4517
2000-02-01,0.97314,1.61499,0.63151,0.49039,1.4468
2000-02-02,0.97675,1.60591,0.63601,0.48981,1.4435
2000-02-03,0.98873,1.60256,0.63869,0.4967,1.4417
2000-02-04,0.97599,1.5916,0.63151,0.493,1.4467
2000-02-07,0.97828,1.5916,0.63391,0.49361,1.4457
2000-02-08,0.98619,1.61057,0.63528,0.494,1.4473
2000-02-09,0.99138,1.6116,0.63452,0.492,1.4443
2000-02-10,0.98649,1.60565,0.63199,0.49351,1.45
2000-02-11,0.98474,1.59236,0.62822,0.4915,1.4515
2000-02-14,0.97828,1.58907,0.6279,0.48681,1.4547
2000-02-15,0.98338,1.5949,0.63,0.487,1.4585
2000-02-16,0.98416,1.60411,0.63012,0.48991,1.452
2000-02-17,0.98629,1.60488,0.63199,0.49371,1.4522
2000-02-18,0.98503,1.59847,0.62921,0.49089,1.4512
2000-02-22,1.00604,1.61655,0.6257,0.49169,1.4595
2000-02-23,1.0017,1.60462,0.61962,0.48551,1.4651
2000-02-24,0.99315,1.59821,0.6144,0.48669,1.4587
2000-02-25,0.97628,1.59084,0.61751,0.48821,1.4505
2000-02-28,0.96693,1.59363,0.61158,0.48459,1.4538
2000-02-29,0.96432,1.57803,0.6155,0.4865,1.4505
2000-03-01,0.97003,1.58479,0.60669,0.4853,1.447
2000-03-02,0.96191,1.57654,0.60772,0.4878,1.4543
2000-03-03,0.96182,1.58103,0.6082,0.4878,1.451
2000-03-06,0.96034,1.57332,0.60161,0.481,1.4555
2000-03-07,0.95602,1.57729,0.6035,0.48361,1.4527
2000-03-08,0.95758,1.58554,0.60938,0.4875,1.4592
2000-03-09,0.96843,1.58153,0.6155,0.49169,1.457
2000-03-10,0.9659,1.57928,0.61361,0.495,1.4575
2000-03-13,0.96479,1.57828,0.61648,0.49329,1.4614
2000-03-14,0.96441,1.57257,0.61399,0.49039,1.4632
2000-03-15,0.96956,1.57307,0.61248,0.4885,1.468
2000-03-16,0.97097,1.5748,0.61069,0.4878,1.4724
2000-03-17,0.96937,1.5706,0.60669,0.4845,1.4728
2000-03-20,0.97097,1.56863,0.6065,0.48349,1.4703
2000-03-21,0.97031,1.57257,0.61002,0.49029,1.4662
2000-03-22,0.9608,1.5706,0.60558,0.48759,1.472
2000-03-23,0.96909,1.58303,0.60408,0.4875,1.4727
2000-03-24,0.97238,1.59109,0.60639,0.48831,1.465
2000-03-27,0.96451,1.58554,0.6114,0.49319,1.4605
2000-03-28,0.96145,1.5873,0.6141,0.50251,1.4541
2000-03-29,0.95238,1.58705,0.61241,0.5015,1.4555
2000-03-30,0.95942,1.5921,0.61248,0.499,1.4557
2000-03-31,0.9574,1.5921,0.60621,0.49601,1.4538
2000-04-03,0.95602,1.59795,0.60731,0.4998,1.4548
2000-04-04,0.95877,1.59642,0.60321,0.5007,1.4531
2000-04-05,0.96469,1.59008,0.60529,0.5033,1.4548
2000-04-06,0.95804,1.58003,0.60161,0.501,1.4515
2000-04-07,0.95896,1.58303,0.60031,0.5003,1.4574
2000-04-10,0.95877,1.58278,0.59909,0.4985,1.4615
2000-04-11,0.95914,1.5873,0.5957,0.49841,1.4635
2000-04-12,0.95511,1.58831,0.59701,0.49749,1.4623
2000-04-13,0.95238,1.58806,0.5963,0.49781,1.4661
2000-04-14,0.95639,1.58604,0.59719,0.49761,1.4767
2000-04-17,0.95502,1.58529,0.5913,0.49451,1.4855
2000-04-18,0.94769,1.57629,0.5946,0.49529,1.4837
2000-04-19,0.93694,1.57778,0.5957,0.4985,1.4761
2000-04-20,0.93756,1.58003,0.59308,0.495,1.4725
2000-04-21,0.93791,1.57853,0.59249,0.49351,1.475
2000-04-24,0.93958,1.58003,0.59449,0.49461,1.4763
2000-04-25,0.92653,1.57878,0.59559,0.49549,1.4699
2000-04-26,0.92166,1.57953,0.589,0.4865,1.4758
2000-04-27,0.90827,1.5748,0.58751,0.48579,1.4792
2000-04-28,0.90893,1.55594,0.5837,0.48551,1.4818
2000-05-01,0.91199,1.55569,0.58001,0.48349,1.4783
2000-05-02,0.90678,1.55909,0.58569,0.48591,1.4857
2000-05-03,0.88913,1.56055,0.59001,0.489,1.4923
2000-05-04,0.89071,1.54345,0.5914,0.4908,1.498
2000-05-05,0.89534,1.52882,0.59351,0.48931,1.498
2000-05-08,0.89501,1.53092,0.58699,0.48471,1.4927
2000-05-09,0.90228,1.53139,0.58278,0.479,1.4945
2000-05-10,0.90967,1.51538,0.5815,0.47751,1.4955
2000-05-11,0.90212,1.4997,0.57901,0.47769,1.49
2000-05-12,0.90802,1.51722,0.58099,0.4795,1.4872
2000-05-15,0.91383,1.50761,0.57389,0.47409,1.4897
2000-05-16,0.90531,1.50083,0.5773,0.47299,1.4862
2000-05-17,0.89206,1.49054,0.5685,0.461,1.4992
2000-05-18,0.89518,1.4817,0.57029,0.45269,1.5007
2000-05-19,0.89461,1.48544,0.5728,0.4565,1.4963
2000-05-22,0.90359,1.49076,0.57399,0.45931,1.4983
2000-05-23,0.90318,1.47275,0.57471,0.45869,1.5036
2000-05-24,0.90959,1.47558,0.5713,0.45401,1.5085
2000-05-25,0.90719,1.47059,0.57,0.4566,1.5057
2000-05-26,0.93101,1.48743,0.57159,0.45851,1.5045
2000-05-30,0.93136,1.49499,0.5768,0.46011,1.5036
2000-05-31,0.93284,1.49678,0.57081,0.45721,1.4977
2000-06-01,0.93067,1.49142,0.57212,0.4561,1.491
2000-06-02,0.94322,1.50784,0.57901,0.4664,1.4785
2000-06-05,0.94706,1.51355,0.58119,0.46751,1.4779
2000-06-06,0.95703,1.52346,0.58869,0.4738,1.478
2000-06-07,0.95997,1.52253,0.59001,0.47201,1.4785
2000-06-08,0.95484,1.50602,0.58779,0.46849,1.48
2000-06-09,0.95256,1.50784,0.58641,0.46799,1.4765
2000-06-12,0.95438,1.51194,0.59119,0.4707,1.4765
2000-06-13,0.96191,1.51309,0.5973,0.47201,1.4697
2000-06-14,0.95896,1.5024,0.60071,0.47569,1.4695
2000-06-15,0.95302,1.51035,0.6015,0.469,1.4758
2000-06-16,0.96479,1.51653,0.60831,0.47849,1.4708
2000-06-19,0.96219,1.51538,0.60241,0.47299,1.4657
2000-06-20,0.95566,1.50989,0.60368,0.4751,1.4708
2000-06-21,0.94554,1.49701,0.60259,0.47519,1.4729
2000-06-22,0.93976,1.51103,0.5993,0.47279,1.4725
2000-06-23,0.9358,1.50105,0.59641,0.4715,1.4793
2000-06-26,0.93817,1.49903,0.59652,0.46951,1.483
2000-06-27,0.94438,1.49993,0.60121,0.47201,1.4825
2000-06-28,0.94438,1.5108,0.6023,0.46501,1.4838
2000-06-29,0.95147,1.5193,0.60292,0.4692,1.482
2000-06-30,0.95447,1.51309,0.59709,0.469,1.4798
2000-07-03,0.95256,1.51355,0.59959,0.46751,1.4793
2000-07-05,0.95484,1.51194,0.5907,0.46081,1.4909
2000-07-06,0.95274,1.51194,0.59091,0.46049,1.485
2000-07-07,0.94841,1.51423,0.59011,0.46049,1.481
2000-07-10,0.95211,1.51378,0.59119,0.46111,1.4798
2000-07-11,0.94967,1.514,0.5891,0.45971,1.4785
2000-07-12,0.94011,1.5067,0.589,0.4595,1.4815
2000-07-13,0.93388,1.49903,0.58551,0.45971,1.4809
2000-07-14,0.93738,1.49903,0.58469,0.46119,1.4845
2000-07-17,0.9351,1.49209,0.58551,0.4579,1.4813
2000-07-18,0.93223,1.49454,0.58439,0.4576,1.4783
2000-07-19,0.9237,1.4941,0.57501,0.45401,1.4758
2000-07-20,0.9292,1.50943,0.5816,0.46089,1.4748
2000-07-21,0.93432,1.51676,0.58651,0.46301,1.4715
2000-07-24,0.93136,1.514,0.58599,0.45971,1.4639
2000-07-25,0.93914,1.51906,0.5849,0.45971,1.4653
2000-07-26,0.94127,1.51538,0.59039,0.4607,1.4665
2000-07-27,0.9331,1.51149,0.5891,0.4584,1.4713
2000-07-28,0.92464,1.5024,0.5872,0.45731,1.4776
2000-07-31,0.92661,1.49835,0.5787,0.45401,1.488
2000-08-01,0.92276,1.49925,0.58048,0.45461,1.4892
2000-08-02,0.91366,1.49254,0.58299,0.45419,1.4813
2000-08-03,0.90416,1.49477,0.58439,0.45479,1.4844
2000-08-04,0.90752,1.50218,0.58319,0.4545,1.4889
2000-08-07,0.9105,1.50693,0.5862,0.45419,1.4875
2000-08-08,0.90188,1.50218,0.58679,0.4538,1.4889
2000-08-09,0.89912,1.49925,0.5786,0.4511,1.4848
2000-08-10,0.90769,1.4979,0.5818,0.45179,1.4826
2000-08-11,0.90457,1.50399,0.57951,0.44859,1.4839
2000-08-14,0.90367,1.50602,0.58099,0.45069,1.4847
2000-08-15,0.91349,1.50557,0.58309,0.44831,1.487
2000-08-16,0.91433,1.4988,0.58969,0.451,1.4774
2000-08-17,0.91516,1.49925,0.59351,0.453,1.4759
2000-08-18,0.90678,1.48943,0.59049,0.4498,1.4747
2000-08-21,0.90269,1.49009,0.589,0.45,1.4765
2000-08-22,0.89654,1.47973,0.58021,0.4435,1.4756
2000-08-23,0.8967,1.48126,0.57081,0.4283,1.4877
2000-08-24,0.90277,1.4806,0.57251,0.4338,1.4871
2000-08-25,0.90236,1.47449,0.57369,0.43569,1.4828
2000-08-28,0.90017,1.47167,0.57149,0.43401,1.4845
2000-08-29,0.89662,1.46156,0.5713,0.4295,1.4868
2000-08-30,0.89238,1.45603,0.57198,0.42669,1.4805
2000-08-31,0.88778,1.45159,0.5764,0.4268,1.472
2000-09-01,0.89928,1.46049,0.5765,0.4283,1.4742
2000-09-05,0.88763,1.45222,0.5699,0.4262,1.4752
2000-09-06,0.87017,1.4455,0.56551,0.42501,1.4843
2000-09-07,0.87397,1.43802,0.55791,0.41721,1.4777
2000-09-08,0.8664,1.41965,0.55571,0.4186,1.4781
2000-09-11,0.86237,1.41223,0.559,0.429,1.48
2000-09-12,0.85962,1.40193,0.5586,0.4262,1.4825
2000-09-13,0.86401,1.41243,0.555,0.42199,1.4838
2000-09-14,0.8617,1.40607,0.549,0.4231,1.4869
2000-09-15,0.85719,1.40056,0.54499,0.41801,1.4844
2000-09-18,0.8523,1.40154,0.54171,0.4112,1.4905
2000-09-19,0.85143,1.40805,0.54201,0.413,1.488
2000-09-20,0.84617,1.41064,0.5372,0.40469,1.4833
2000-09-21,0.8558,1.42796,0.5428,0.40599,1.4873
2000-09-22,0.87928,1.45688,0.54549,0.41151,1.4892
2000-09-25,0.87382,1.45391,0.549,0.4111,1.489
2000-09-26,0.88152,1.46007,0.5506,0.4142,1.488
2000-09-27,0.88051,1.46071,0.55099,0.4147,1.4962
2000-09-28,0.88261,1.46349,0.549,0.41399,1.503
2000-09-29,0.8837,1.47863,0.54151,0.4075,1.507
2000-10-02,0.88059,1.46757,0.54499,0.4035,1.5108
2000-10-03,0.87413,1.45645,0.53999,0.40469,1.506
2000-10-04,0.8726,1.45582,0.53651,0.403,1.499
2000-10-05,0.86851,1.45012,0.53499,0.40099,1.4954
2000-10-06,0.86798,1.44446,0.5339,0.40199,1.5013
2000-10-10,0.86821,1.44844,0.5339,0.40319,1.5014
2000-10-11,0.87154,1.46199,0.53599,0.40611,1.5043
2000-10-12,0.86438,1.47341,0.532,0.3978,1.5085
2000-10-13,0.85682,1.45964,0.52969,0.3982,1.5135
2000-10-16,0.8489,1.4455,0.52301,0.39501,1.5195
2000-10-17,0.8507,1.44259,0.51881,0.3937,1.5184
2000-10-18,0.83907,1.44634,0.5187,0.392,1.52
2000-10-19,0.84062,1.44217,0.521,0.39449,1.5112
2000-10-20,0.83998,1.44488,0.52801,0.4008,1.5119
2000-10-23,0.8364,1.45497,0.5274,0.40149,1.508
2000-10-24,0.8364,1.44907,0.5256,0.40271,1.5118
2000-10-25,0.82699,1.43349,0.5191,0.39979,1.5164
2000-10-26,0.82713,1.43123,0.51851,0.4,1.5187
2000-10-27,0.84062,1.4518,0.52331,0.4025,1.5275
2000-10-30,0.84317,1.45307,0.52351,0.4035,1.5311
2000-10-31,0.84861,1.45054,0.51811,0.3962,1.5273
2000-11-01,0.85837,1.4453,0.52271,0.39551,1.5263
2000-11-02,0.8594,1.44404,0.52081,0.3942,1.5333
2000-11-03,0.8614,1.44844,0.52491,0.39599,1.5348
2000-11-06,0.85837,1.43205,0.52801,0.3993,1.5305
2000-11-07,0.8583,1.43102,0.52801,0.3985,1.5315
2000-11-08,0.85587,1.42369,0.5264,0.3975,1.5432
2000-11-09,0.85741,1.4243,0.52521,0.3995,1.5455
2000-11-10,0.86252,1.43041,0.522,0.397,1.546
2000-11-13,0.86073,1.43885,0.52051,0.3958,1.5472
2000-11-14,0.85727,1.43062,0.519,0.3958,1.5445
2000-11-15,0.85697,1.42572,0.52029,0.3985,1.551
2000-11-16,0.85317,1.42288,0.5183,0.397,1.5523
2000-11-17,0.85157,1.42308,0.519,0.4005,1.56
2000-11-20,0.84861,1.42227,0.5134,0.3972,1.5592
2000-11-21,0.84581,1.41603,0.5112,0.39321,1.5553
2000-11-22,0.84232,1.40766,0.5194,0.3993,1.5473
2000-11-24,0.83822,1.39978,0.52151,0.3993,1.5396
2000-11-27,0.84998,1.41543,0.52609,0.40599,1.5348
2000-11-28,0.8547,1.41824,0.5223,0.4057,1.5371
2000-11-29,0.85771,1.42086,0.52279,0.4042,1.5405
2000-11-30,0.86941,1.42106,0.52621,0.4092,1.5355
2000-12-01,0.8765,1.4374,0.5372,0.41501,1.5389
2000-12-04,0.88747,1.45222,0.54309,0.4216,1.5458
2000-12-05,0.88044,1.44092,0.54051,0.42089,1.5438
2000-12-06,0.88771,1.43658,0.54481,0.42501,1.5323
2000-12-07,0.88913,1.44009,0.54699,0.4272,1.5223
2000-12-08,0.88378,1.44425,0.54451,0.42741,1.5205
2000-12-11,0.87712,1.45539,0.53999,0.42271,1.5227
2000-12-12,0.8775,1.44802,0.54201,0.42141,1.5249
2000-12-13,0.8755,1.45096,0.53801,0.4205,1.5205
2000-12-14,0.88582,1.46649,0.53969,0.42111,1.5165
2000-12-15,0.89807,1.47623,0.54579,0.4279,1.5174
2000-12-18,0.89294,1.46778,0.54159,0.431,1.5254
2000-12-19,0.89023,1.46199,0.54351,0.4292,1.522
2000-12-20,0.9058,1.47362,0.54909,0.4356,1.5215
2000-12-21,0.91116,1.4708,0.55331,0.4384,1.5185
2000-12-22,0.92302,1.4782,0.555,0.44051,1.5168
2000-12-26,0.9292,1.47995,0.55882,0.44201,1.5099
2000-12-27,0.93041,1.4912,0.559,0.4435,1.511
2000-12-28,0.92567,1.49076,0.55221,0.43979,1.5073
2000-12-29,0.93879,1.49544,0.55599,0.4423,1.4995
2001-01-02,0.94652,1.49768,0.55919,0.4432,1.4963
2001-01-03,0.94733,1.50444,0.56351,0.44631,1.4982
2001-01-04,0.94482,1.49298,0.56551,0.44569,1.4985
2001-01-05,0.95347,1.49903,0.5712,0.45179,1.5003
2001-01-08,0.94859,1.49701,0.566,0.45049,1.4944
2001-01-09,0.93967,1.49009,0.56281,0.44751,1.4973
2001-01-10,0.9387,1.49098,0.5572,0.4447,1.4993
2001-01-11,0.95202,1.49656,0.5595,0.4495,1.4978
2001-01-12,0.94859,1.47776,0.55571,0.4452,1.4967
2001-01-16,0.93738,1.46757,0.55491,0.445,1.5037
2001-01-17,0.93058,1.47232,0.55139,0.44399,1.5123
2001-01-18,0.94464,1.47558,0.5562,0.44721,1.5162
2001-01-19,0.93633,1.46821,0.55701,0.44821,1.5155
2001-01-22,0.93738,1.46499,0.55439,0.44671,1.5072
2001-01-23,0.93888,1.47145,0.55279,0.44559,1.5073
2001-01-24,0.92584,1.46156,0.5449,0.43919,1.5126
2001-01-25,0.92191,1.46049,0.54511,0.4345,1.508
2001-01-26,0.92132,1.459,0.54321,0.43541,1.5066
2001-01-29,0.91811,1.45709,0.54321,0.43401,1.501
2001-01-30,0.92644,1.46156,0.54741,0.44099,1.4985
2001-01-31,0.93084,1.46135,0.54801,0.4425,1.4995
2001-02-01,0.93844,1.47754,0.55399,0.44771,1.4948
2001-02-02,0.93572,1.46929,0.55209,0.445,1.4933
2001-02-05,0.9395,1.47493,0.55081,0.4422,1.505
2001-02-06,0.93041,1.45858,0.549,0.44311,1.508
2001-02-07,0.9331,1.46327,0.54621,0.4436,1.511
2001-02-08,0.91836,1.44404,0.53611,0.4341,1.5117
2001-02-09,0.9267,1.44907,0.53671,0.4385,1.509
2001-02-12,0.92868,1.45138,0.5381,0.4364,1.5205
2001-02-13,0.92039,1.45096,0.5337,0.43401,1.5214
2001-02-14,0.91971,1.45773,0.52821,0.42871,1.5287
2001-02-15,0.90572,1.44907,0.524,0.42501,1.5275
2001-02-16,0.91617,1.45054,0.5305,0.43029,1.5368
2001-02-20,0.90959,1.44363,0.52241,0.42781,1.5399
2001-02-21,0.90769,1.43843,0.5234,0.4295,1.537
2001-02-22,0.90686,1.44467,0.5246,0.4302,1.5378
2001-02-23,0.9095,1.44697,0.52181,0.4305,1.5378
2001-02-26,0.90934,1.44404,0.52129,0.42709,1.5314
2001-02-27,0.91283,1.44051,0.52359,0.4318,1.5261
2001-02-28,0.92123,1.44321,0.5248,0.43029,1.532
2001-03-01,0.92911,1.45539,0.52621,0.43299,1.5465
2001-03-02,0.93397,1.47254,0.52921,0.4375,1.5489
2001-03-05,0.92894,1.46864,0.52181,0.43269,1.5475
2001-03-06,0.93127,1.46542,0.51701,0.43079,1.5388
2001-03-07,0.92739,1.46113,0.50901,0.42299,1.5492
2001-03-08,0.92807,1.46671,0.50891,0.421,1.5497
2001-03-09,0.93153,1.46757,0.50849,0.4195,1.548
2001-03-12,0.92997,1.46692,0.50961,0.4204,1.5505
2001-03-13,0.91483,1.45138,0.50309,0.4157,1.5477
2001-03-14,0.91333,1.4497,0.49811,0.4162,1.5528
2001-03-15,0.90457,1.44363,0.49439,0.4119,1.5595
2001-03-16,0.89294,1.42653,0.494,0.4135,1.5669
2001-03-19,0.89847,1.42369,0.49841,0.41801,1.5698
2001-03-20,0.90539,1.42857,0.4997,0.4182,1.5611
2001-03-21,0.89702,1.43102,0.49361,0.41451,1.573
2001-03-22,0.8881,1.42227,0.4913,0.4137,1.5742
2001-03-23,0.89262,1.42918,0.4963,0.4167,1.5667
2001-03-26,0.8955,1.43451,0.499,0.41451,1.5545
2001-03-27,0.89103,1.42898,0.4963,0.411,1.5693
2001-03-28,0.88818,1.43513,0.49361,0.4093,1.5668
2001-03-29,0.88067,1.43021,0.4921,0.4065,1.5725
2001-03-30,0.87943,1.41904,0.48809,0.40331,1.5784
2001-04-02,0.88238,1.42005,0.48279,0.3993,1.575
2001-04-03,0.89302,1.43041,0.486,0.403,1.579
2001-04-04,0.90131,1.43493,0.48931,0.4045,1.5697
2001-04-05,0.89759,1.42653,0.48981,0.4038,1.5788
2001-04-06,0.90017,1.43823,0.49581,0.4046,1.5615
2001-04-09,0.90139,1.44697,0.4948,0.4043,1.5635
2001-04-10,0.88842,1.43596,0.49451,0.403,1.5555
2001-04-11,0.88558,1.4339,0.50251,0.4035,1.5626
2001-04-12,0.89222,1.43906,0.50821,0.4073,1.56
2001-04-13,0.88881,1.43534,0.5081,0.408,1.5627
2001-04-16,0.88621,1.43596,0.51049,0.409,1.5625
2001-04-17,0.88137,1.42878,0.50551,0.4053,1.5575
2001-04-18,0.8816,1.42572,0.499,0.4045,1.5692
2001-04-19,0.89087,1.43658,0.50849,0.40579,1.547
2001-04-20,0.90318,1.44279,0.51781,0.4158,1.5425
2001-04-23,0.89598,1.43761,0.5061,0.41049,1.546
2001-04-24,0.89461,1.43658,0.5035,0.408,1.549
2001-04-25,0.89718,1.43968,0.50449,0.4095,1.5474
2001-04-26,0.90106,1.43781,0.50651,0.41049,1.546
2001-04-27,0.89238,1.43616,0.5102,0.41251,1.5417
2001-04-30,0.88739,1.43062,0.50961,0.4128,1.536
2001-05-01,0.89373,1.4339,0.51771,0.4198,1.5338
2001-05-02,0.89254,1.43451,0.52129,0.4235,1.531
2001-05-03,0.88913,1.43225,0.5187,0.42249,1.533
2001-05-04,0.89342,1.43616,0.51889,0.4216,1.5353
2001-05-07,0.89158,1.44009,0.51859,0.421,1.5405
2001-05-08,0.8848,1.43143,0.51819,0.421,1.5445
2001-05-09,0.88449,1.42086,0.52219,0.4245,1.5407
2001-05-10,0.8792,1.41864,0.52411,0.42629,1.5391
2001-05-11,0.87589,1.41764,0.5207,0.42169,1.5503
2001-05-14,0.87481,1.41764,0.518,0.4185,1.5541
2001-05-15,0.87881,1.42369,0.51929,0.41871,1.5493
2001-05-16,0.88417,1.42939,0.52331,0.42221,1.5405
2001-05-17,0.88277,1.43102,0.52729,0.426,1.536
2001-05-18,0.87742,1.43328,0.5251,0.426,1.5328
2001-05-21,0.87619,1.43802,0.52899,0.427,1.5325
2001-05-22,0.86573,1.42776,0.52309,0.42411,1.5415
2001-05-23,0.85977,1.4245,0.51881,0.4205,1.5452
2001-05-24,0.85697,1.41024,0.51749,0.42249,1.5474
2001-05-25,0.85771,1.42066,0.51929,0.4242,1.5455
2001-05-29,0.8547,1.41864,0.51661,0.42249,1.5376
2001-05-30,0.85763,1.42511,0.513,0.417,1.5464
2001-05-31,0.84552,1.41743,0.50679,0.4083,1.5461
2001-06-01,0.84517,1.41603,0.50839,0.41021,1.5324
2001-06-04,0.84488,1.41223,0.5062,0.4085,1.5347
2001-06-05,0.85041,1.41123,0.50929,0.41031,1.5328
2001-06-06,0.84517,1.39063,0.51411,0.4112,1.5248
2001-06-07,0.85063,1.39005,0.5191,0.4179,1.521
2001-06-08,0.85048,1.38179,0.5243,0.4182,1.5215
2001-06-11,0.84253,1.37306,0.5223,0.41761,1.5162
2001-06-12,0.84789,1.37817,0.5237,0.4185,1.5246
2001-06-13,0.85361,1.39082,0.52759,0.4221,1.5183
2001-06-14,0.85977,1.40056,0.52609,0.4148,1.5208
2001-06-15,0.86281,1.40568,0.52571,0.41769,1.522
2001-06-18,0.86103,1.40331,0.52381,0.41509,1.5336
2001-06-19,0.8558,1.40076,0.521,0.4137,1.5337
2001-06-20,0.85063,1.39528,0.51819,0.413,1.531
2001-06-21,0.85441,1.41663,0.51781,0.4131,1.5265
2001-06-22,0.85697,1.41403,0.5168,0.41269,1.5293
2001-06-25,0.8611,1.41303,0.5157,0.4137,1.5195
2001-06-26,0.86229,1.41543,0.5198,0.4158,1.5142
2001-06-27,0.86207,1.41904,0.51781,0.417,1.5176
2001-06-28,0.84703,1.40706,0.51101,0.41031,1.5233
2001-06-29,0.84739,1.40766,0.51,0.40469,1.5175
2001-07-02,0.84552,1.41683,0.51059,0.40469,1.5153
2001-07-03,0.84767,1.40588,0.51621,0.407,1.5128
2001-07-05,0.83703,1.39978,0.51469,0.40469,1.5102
2001-07-06,0.84653,1.41064,0.50831,0.4036,1.52
2001-07-09,0.84739,1.40805,0.50961,0.40491,1.5203
2001-07-10,0.85572,1.40984,0.51059,0.40599,1.5213
2001-07-11,0.8614,1.41203,0.507,0.4057,1.5255
2001-07-12,0.85302,1.40647,0.5048,0.40479,1.528
2001-07-13,0.85273,1.39958,0.50741,0.4065,1.5398
2001-07-16,0.85492,1.40115,0.508,0.407,1.54
2001-07-17,0.85492,1.40371,0.50651,0.4055,1.54
2001-07-18,0.87009,1.41603,0.51419,0.41049,1.535
2001-07-19,0.86904,1.41904,0.51261,0.413,1.5418
2001-07-20,0.87131,1.42898,0.50551,0.409,1.545
2001-07-23,0.8676,1.41844,0.5079,0.4091,1.545
2001-07-24,0.8752,1.42227,0.508,0.41031,1.5383
2001-07-25,0.87966,1.42796,0.50731,0.41169,1.5381
2001-07-26,0.8765,1.42653,0.5072,0.41151,1.5335
2001-07-27,0.87489,1.42552,0.50641,0.41151,1.5352
2001-07-30,0.87497,1.42592,0.50569,0.412,1.5305
2001-07-31,0.8752,1.42511,0.508,0.4119,1.531
2001-08-01,0.87928,1.43308,0.51669,0.41501,1.5358
2001-08-02,0.88129,1.42959,0.519,0.41761,1.5417
2001-08-03,0.88433,1.42674,0.5176,0.41901,1.5356
2001-08-06,0.8802,1.41743,0.51661,0.4185,1.5275
2001-08-07,0.8775,1.41683,0.51549,0.41871,1.5343
2001-08-08,0.87781,1.41343,0.51851,0.4236,1.5333
2001-08-09,0.88857,1.42187,0.51031,0.4228,1.5395
2001-08-10,0.89397,1.42735,0.513,0.42521,1.5405
2001-08-13,0.89831,1.42167,0.51741,0.42819,1.539
2001-08-14,0.90253,1.42857,0.51959,0.43,1.5413
2001-08-15,0.91141,1.43781,0.52679,0.4338,1.529
2001-08-16,0.91383,1.44383,0.5274,0.43529,1.5314
2001-08-17,0.91651,1.44655,0.53539,0.44051,1.5428
2001-08-20,0.91266,1.44446,0.53231,0.43701,1.5461
2001-08-21,0.91149,1.44676,0.52969,0.43499,1.549
2001-08-22,0.91937,1.4537,0.53619,0.44379,1.5438
2001-08-23,0.91659,1.44781,0.53379,0.44121,1.5423
2001-08-24,0.91158,1.44425,0.5311,0.43931,1.5414
2001-08-27,0.90984,1.443,0.52851,0.438,1.5423
2001-08-28,0.91017,1.45012,0.52921,0.43931,1.5401
2001-08-29,0.90967,1.45159,0.53,0.44051,1.5462
2001-08-30,0.91542,1.45773,0.53299,0.44201,1.546
2001-08-31,0.90901,1.45096,0.5277,0.4375,1.5478
2001-09-04,0.88684,1.44446,0.52121,0.4315,1.5535
2001-09-05,0.88968,1.45539,0.5198,0.4321,1.5603
2001-09-06,0.89429,1.45603,0.52301,0.4355,1.559
2001-09-07,0.9044,1.46263,0.51991,0.4349,1.568
2001-09-10,0.8988,1.45858,0.51351,0.4312,1.5656
2001-09-12,0.90686,1.46671,0.5161,0.42709,1.561
2001-09-13,0.90893,1.46972,0.51581,0.4228,1.5681
2001-09-14,0.91988,1.46778,0.5156,0.42439,1.5641
2001-09-17,0.91979,1.46606,0.50211,0.4123,1.5686
2001-09-18,0.92328,1.46349,0.49539,0.4108,1.5708
2001-09-19,0.93101,1.47145,0.4929,0.4108,1.5711
2001-09-20,0.9255,1.46413,0.492,0.4112,1.5708
2001-09-21,0.90992,1.45476,0.4841,0.40401,1.5707
2001-09-24,0.91349,1.46156,0.49,0.40319,1.5686
2001-09-25,0.92217,1.46929,0.4939,0.4086,1.5705
2001-09-26,0.92311,1.47449,0.48909,0.4045,1.5734
2001-09-27,0.91811,1.47341,0.48659,0.3996,1.5791
2001-09-28,0.90992,1.46908,0.49461,0.4067,1.5797
2001-10-01,0.91592,1.47842,0.4923,0.4068,1.5794
2001-10-02,0.91491,1.46177,0.49529,0.4055,1.5696
2001-10-03,0.91811,1.47558,0.49709,0.4093,1.5688
2001-10-04,0.91408,1.47732,0.49749,0.4084,1.568
2001-10-05,0.91676,1.47951,0.506,0.4135,1.5626
2001-10-09,0.915,1.46049,0.5009,0.41259,1.5638
2001-10-10,0.91183,1.44907,0.50161,0.4135,1.5679
2001-10-11,0.90082,1.44155,0.4985,0.413,1.568
2001-10-12,0.90777,1.4518,0.5015,0.4138,1.5659
2001-10-15,0.90769,1.44697,0.51351,0.42029,1.5582
2001-10-16,0.90942,1.44781,0.51361,0.41871,1.5621
2001-10-17,0.90654,1.45054,0.5139,0.4205,1.5687
2001-10-18,0.90253,1.44404,0.5087,0.41689,1.5763
2001-10-19,0.89871,1.43719,0.508,0.41601,1.5756
2001-10-22,0.89063,1.42653,0.50731,0.41451,1.5787
2001-10-23,0.88928,1.42146,0.5087,0.41871,1.5723
2001-10-24,0.89254,1.42633,0.50759,0.41729,1.5745
2001-10-25,0.89654,1.43062,0.50469,0.41399,1.5775
2001-10-26,0.89206,1.43472,0.50171,0.4123,1.575
2001-10-29,0.90367,1.45243,0.50561,0.41399,1.575
2001-10-30,0.90596,1.45455,0.50579,0.41451,1.5785
2001-10-31,0.89928,1.45349,0.50299,0.41251,1.5905
2001-11-01,0.9044,1.46199,0.5086,0.4142,1.5913
2001-11-02,0.90367,1.46156,0.50769,0.4149,1.5925
2001-11-05,0.8963,1.45709,0.50759,0.41501,1.5958
2001-11-06,0.8975,1.459,0.51311,0.4201,1.5938
2001-11-07,0.89993,1.46499,0.5152,0.41999,1.5935
2001-11-08,0.89103,1.45391,0.51469,0.41901,1.598
2001-11-09,0.8935,1.4573,0.51451,0.4196,1.6023
2001-11-13,0.88113,1.44259,0.51991,0.4226,1.5982
2001-11-14,0.88292,1.443,0.51859,0.4204,1.5923
2001-11-15,0.88129,1.43102,0.518,0.4171,1.587
2001-11-16,0.88488,1.42776,0.52029,0.41399,1.587
2001-11-19,0.87812,1.41064,0.52051,0.4148,1.5849
2001-11-20,0.88324,1.41804,0.51881,0.4147,1.5933
2001-11-21,0.87812,1.41543,0.51621,0.41031,1.6018
2001-11-23,0.87696,1.40944,0.51701,0.4101,1.5981
2001-11-26,0.88113,1.41243,0.519,0.41259,1.6005
2001-11-27,0.88121,1.41363,0.5217,0.4135,1.5948
2001-11-28,0.88629,1.42349,0.52129,0.4135,1.5853
2001-11-29,0.88786,1.42328,0.5176,0.41259,1.5828
2001-11-30,0.89582,1.42552,0.52029,0.4163,1.5717
2001-12-03,0.88968,1.42167,0.5183,0.4154,1.5762
2001-12-04,0.88984,1.42167,0.51549,0.412,1.5729
2001-12-05,0.88558,1.41643,0.51701,0.41451,1.5716
2001-12-06,0.89158,1.42491,0.51819,0.4163,1.5767
2001-12-07,0.89047,1.43143,0.5156,0.41459,1.5725
2001-12-10,0.88842,1.4341,0.51501,0.4148,1.5787
2001-12-11,0.89039,1.43658,0.5148,0.417,1.5781
2001-12-12,0.89453,1.44404,0.5201,0.41999,1.5654
2001-12-13,0.89759,1.4453,0.51789,0.41901,1.5675
2001-12-14,0.9044,1.45476,0.51859,0.4175,1.5635
2001-12-17,0.904,1.45879,0.5176,0.41721,1.5646
2001-12-18,0.90188,1.45645,0.5157,0.4175,1.5729
2001-12-19,0.89969,1.45075,0.51319,0.4152,1.5743
2001-12-20,0.89718,1.44634,0.50469,0.41151,1.5782
2001-12-21,0.88637,1.43843,0.50751,0.4148,1.585
2001-12-24,0.87727,1.43843,0.5086,0.41551,1.5945
2001-12-26,0.87781,1.44907,0.508,0.4157,1.599
2001-12-27,0.88433,1.45391,0.50751,0.4143,1.5954
2001-12-28,0.88222,1.4476,0.5112,0.41459,1.5956
2001-12-31,0.89008,1.45433,0.51169,0.41609,1.5925
2002-01-02,0.9031,1.44509,0.51451,0.4229,1.5974
2002-01-03,0.8992,1.44009,0.51459,0.4253,1.597
2002-01-04,0.89461,1.4455,0.5194,0.4292,1.5977
2002-01-07,0.8931,1.43843,0.5183,0.42761,1.5981
2002-01-08,0.89254,1.44259,0.52381,0.4317,1.5949
2002-01-09,0.88818,1.4374,0.5237,0.4285,1.5965
2002-01-10,0.89254,1.44321,0.5229,0.4264,1.6012
2002-01-11,0.89047,1.44488,0.521,0.4238,1.5975
2002-01-14,0.8935,1.44823,0.518,0.42299,1.5974
2002-01-15,0.89127,1.44509,0.51889,0.424,1.5899
2002-01-16,0.88339,1.4374,0.51549,0.4204,1.5945
2002-01-17,0.87997,1.43472,0.51351,0.421,1.611
2002-01-18,0.88441,1.43658,0.51501,0.4235,1.6128
2002-01-22,0.88378,1.42959,0.51859,0.4299,1.6084
2002-01-23,0.88363,1.42735,0.5198,0.4288,1.604
2002-01-24,0.87819,1.42288,0.51951,0.4275,1.602
2002-01-25,0.8655,1.40964,0.51669,0.4235,1.6083
2002-01-28,0.86051,1.40746,0.51661,0.42199,1.6126
2002-01-29,0.8643,1.41323,0.51401,0.4228,1.5903
2002-01-30,0.86483,1.41603,0.506,0.41559,1.591
2002-01-31,0.8594,1.41203,0.5072,0.4167,1.5915
2002-02-01,0.86133,1.41583,0.508,0.41729,1.5908
2002-02-04,0.86851,1.41965,0.51049,0.417,1.5919
2002-02-05,0.86723,1.41703,0.5087,0.41641,1.5985
2002-02-06,0.86926,1.41383,0.5094,0.41831,1.6042
2002-02-07,0.86904,1.41163,0.507,0.4149,1.6037
2002-02-08,0.87268,1.41764,0.51041,0.4179,1.597
2002-02-11,0.87781,1.42369,0.51251,0.4201,1.5895
2002-02-12,0.87681,1.43225,0.5087,0.4182,1.5919
2002-02-13,0.87298,1.4298,0.5087,0.4179,1.591
2002-02-14,0.87131,1.42857,0.51669,0.4205,1.5919
2002-02-15,0.87298,1.43143,0.51669,0.4223,1.5908
2002-02-19,0.87642,1.43021,0.51771,0.42089,1.5885
2002-02-20,0.87047,1.42694,0.51709,0.4204,1.5905
2002-02-21,0.87123,1.42531,0.5169,0.4186,1.5914
2002-02-22,0.87573,1.43,0.51329,0.4186,1.5945
2002-02-25,0.87131,1.42633,0.51319,0.4178,1.601
2002-02-26,0.86821,1.42248,0.51459,0.4185,1.6112
2002-02-27,0.86423,1.41643,0.51581,0.41909,1.6084
2002-02-28,0.8658,1.41283,0.51669,0.4213,1.6049
2002-03-01,0.8652,1.41904,0.51771,0.42249,1.5955
2002-03-04,0.87047,1.42288,0.52021,0.4262,1.59
2002-03-05,0.86987,1.42126,0.5207,0.426,1.5905
2002-03-06,0.87719,1.42389,0.52159,0.4285,1.5835
2002-03-07,0.87951,1.4245,0.52529,0.43011,1.5823
2002-03-08,0.8752,1.42268,0.52351,0.4305,1.5857
2002-03-11,0.87681,1.42207,0.52121,0.42801,1.5843
2002-03-12,0.87589,1.41463,0.52059,0.4293,1.5858
2002-03-13,0.87696,1.41563,0.51999,0.4295,1.5935
2002-03-14,0.8816,1.42005,0.5229,0.43,1.5943
2002-03-15,0.8823,1.42389,0.52571,0.4367,1.5863
2002-03-18,0.88261,1.42552,0.52449,0.4355,1.588
2002-03-19,0.88051,1.42126,0.52351,0.4335,1.5842
2002-03-20,0.88363,1.42592,0.53081,0.44131,1.5793
2002-03-21,0.88363,1.42878,0.5322,0.4408,1.5808
2002-03-22,0.87912,1.42633,0.53259,0.4397,1.5767
2002-03-25,0.87681,1.42552,0.5305,0.43869,1.5858
2002-03-26,0.87673,1.42694,0.52871,0.43649,1.5925
2002-03-27,0.8726,1.42389,0.52751,0.4355,1.5938
2002-03-28,0.87108,1.4243,0.53359,0.44061,1.594
2002-03-29,0.87169,1.42491,0.5333,0.44051,1.5958
2002-04-01,0.88059,1.44071,0.5347,0.44269,1.5995
2002-04-02,0.87819,1.43575,0.5347,0.44201,1.5934
2002-04-03,0.88044,1.43493,0.53141,0.43941,1.589
2002-04-04,0.87789,1.43493,0.5305,0.4397,1.593
2002-04-05,0.88051,1.43493,0.53059,0.43769,1.59
2002-04-08,0.87497,1.43102,0.52701,0.4326,1.5941
2002-04-09,0.87928,1.43451,0.5274,0.4345,1.5964
2002-04-10,0.87943,1.43658,0.53031,0.43701,1.593
2002-04-11,0.88292,1.43823,0.53419,0.4426,1.5879
2002-04-12,0.8792,1.43719,0.5337,0.4422,1.5879
2002-04-15,0.8802,1.43719,0.53129,0.4403,1.5892
2002-04-16,0.883,1.43968,0.532,0.4397,1.5798
2002-04-17,0.88849,1.44383,0.537,0.44399,1.5745
2002-04-18,0.88984,1.44781,0.53871,0.44539,1.5747
2002-04-19,0.88928,1.44718,0.539,0.44671,1.5723
2002-04-22,0.88771,1.44886,0.539,0.44631,1.573
2002-04-23,0.88968,1.44865,0.5392,0.44671,1.5753
2002-04-24,0.8915,1.44802,0.54239,0.44801,1.5685
2002-04-25,0.89783,1.45391,0.54419,0.45059,1.5636
2002-04-26,0.89799,1.45455,0.54271,0.4497,1.5632
2002-04-29,0.90277,1.45921,0.53801,0.44701,1.5663
2002-04-30,0.90017,1.45645,0.5372,0.44721,1.5681
2002-05-01,0.90621,1.4622,0.53871,0.44781,1.5579
2002-05-02,0.90318,1.46456,0.53651,0.44549,1.5621
2002-05-03,0.91333,1.46649,0.5381,0.44751,1.565
2002-05-06,0.91659,1.46757,0.53929,0.44751,1.5685
2002-05-07,0.91483,1.46757,0.5411,0.44899,1.5705
2002-05-08,0.904,1.45328,0.539,0.44791,1.5708
2002-05-09,0.90876,1.45858,0.54239,0.4512,1.5687
2002-05-10,0.91158,1.46049,0.54451,0.45251,1.5575
2002-05-13,0.91066,1.45879,0.546,0.4551,1.5585
2002-05-14,0.9022,1.44739,0.54621,0.45539,1.559
2002-05-15,0.90744,1.45582,0.54801,0.4575,1.5563
2002-05-16,0.9105,1.45666,0.54921,0.46119,1.555
2002-05-17,0.92064,1.46028,0.55221,0.4635,1.542
2002-05-20,0.92132,1.45879,0.55239,0.46551,1.5415
2002-05-21,0.91912,1.45688,0.55531,0.46701,1.5387
2002-05-22,0.92653,1.459,0.55841,0.4715,1.5361
2002-05-23,0.92328,1.45455,0.5585,0.4761,1.5338
2002-05-24,0.922,1.45773,0.5558,0.4707,1.535
2002-05-28,0.92851,1.46177,0.56151,0.47619,1.5305
2002-05-29,0.93127,1.46007,0.56249,0.47601,1.5345
2002-05-30,0.93729,1.46542,0.56449,0.4774,1.534
2002-05-31,0.93388,1.46242,0.566,0.479,1.5275
2002-06-03,0.93897,1.4622,0.5714,0.486,1.5282
2002-06-04,0.94242,1.46049,0.57442,0.4901,1.5284
2002-06-05,0.93914,1.4573,0.57221,0.4865,1.535
2002-06-06,0.94572,1.45921,0.57481,0.48969,1.5325
2002-06-07,0.94491,1.46049,0.5711,0.48821,1.5321
2002-06-10,0.94464,1.46092,0.56931,0.4874,1.5385
2002-06-11,0.94447,1.46864,0.56831,0.48681,1.5383
2002-06-12,0.94733,1.47059,0.57149,0.49271,1.5365
2002-06-13,0.94402,1.4708,0.5688,0.4906,1.5398
2002-06-14,0.94482,1.47341,0.56029,0.48431,1.5499
2002-06-17,0.9442,1.4782,0.55828,0.4834,1.5474
2002-06-18,0.94832,1.48677,0.5618,0.48619,1.5443
2002-06-19,0.95438,1.48721,0.56551,0.48731,1.5415
2002-06-20,0.9646,1.49813,0.57091,0.4908,1.5319
2002-06-21,0.9705,1.4988,0.57428,0.4962,1.5232
2002-06-24,0.97857,1.50557,0.57369,0.495,1.5166
2002-06-25,0.96918,1.49993,0.56831,0.49,1.5218
2002-06-26,0.98251,1.52161,0.56139,0.48419,1.5211
2002-06-27,0.98853,1.52858,0.56402,0.48969,1.5108
2002-06-28,0.98561,1.52439,0.56281,0.486,1.519
2002-07-01,0.98932,1.53069,0.56151,0.486,1.519
2002-07-02,0.98396,1.52999,0.5623,0.4878,1.5263
2002-07-03,0.98164,1.52672,0.56029,0.4895,1.529
2002-07-05,0.97305,1.52068,0.55679,0.48579,1.5247
2002-07-08,0.98687,1.53468,0.5644,0.49051,1.5208
2002-07-09,0.99384,1.54655,0.5688,0.49271,1.5145
2002-07-10,0.98902,1.54823,0.56721,0.49029,1.5203
2002-07-11,0.99265,1.55448,0.55932,0.48551,1.5223
2002-07-12,0.99039,1.54991,0.5595,0.48419,1.5299
2002-07-15,1.00715,1.56568,0.55991,0.48499,1.5365
2002-07-16,1.00867,1.56937,0.55828,0.486,1.5347
2002-07-17,1.00776,1.56814,0.5516,0.48239,1.5399
2002-07-18,1.00675,1.56838,0.552,0.48221,1.544
2002-07-19,1.01564,1.57853,0.55549,0.487,1.5386
2002-07-22,1.0098,1.58003,0.55169,0.48379,1.5562
2002-07-23,0.99334,1.56568,0.5454,0.47719,1.5779
2002-07-24,0.99453,1.57456,0.54051,0.46701,1.5765
2002-07-25,0.9997,1.5753,0.54159,0.4672,1.5725
2002-07-26,0.98824,1.56348,0.537,0.46301,1.588
2002-07-29,0.9779,1.5569,0.54101,0.46849,1.5725
2002-07-30,0.98795,1.57257,0.54451,0.4701,1.5735
2002-07-31,0.97962,1.5625,0.54451,0.46849,1.5845
2002-08-01,0.98425,1.55788,0.53871,0.46421,1.5867
2002-08-02,0.98824,1.57085,0.53961,0.46399,1.5885
2002-08-05,0.98464,1.56642,0.52921,0.45731,1.5963
2002-08-06,0.96404,1.53822,0.52801,0.45049,1.5935
2002-08-07,0.9738,1.53539,0.53631,0.45461,1.5807
2002-08-08,0.96534,1.52788,0.53311,0.455,1.5818
2002-08-09,0.97144,1.52346,0.53539,0.45779,1.5725
2002-08-12,0.9778,1.53163,0.5392,0.4629,1.5739
2002-08-13,0.97867,1.53092,0.5381,0.46119,1.5658
2002-08-14,0.98668,1.54416,0.53749,0.46219,1.5657
2002-08-15,0.98164,1.5361,0.54431,0.46681,1.5583
2002-08-16,0.98357,1.53728,0.54401,0.4667,1.5609
2002-08-19,0.97752,1.52718,0.54221,0.46631,1.5715
2002-08-20,0.9779,1.52648,0.54639,0.469,1.5716
2002-08-21,0.97962,1.52952,0.5444,0.4649,1.5586
2002-08-22,0.96974,1.5193,0.53981,0.46391,1.5566
2002-08-23,0.97257,1.52161,0.5433,0.4662,1.5563
2002-08-26,0.97314,1.52369,0.54419,0.46729,1.5575
2002-08-27,0.98135,1.53046,0.5534,0.47181,1.5523
2002-08-28,0.98203,1.53633,0.55099,0.469,1.5599
2002-08-29,0.9829,1.54847,0.55169,0.46821,1.5598
2002-08-30,0.98058,1.54751,0.54951,0.4679,1.5585
2002-09-03,0.99592,1.5625,0.54651,0.4665,1.5545
2002-09-04,0.99226,1.56421,0.54431,0.46551,1.5663
2002-09-05,0.99108,1.56593,0.54189,0.4664,1.5672
2002-09-06,0.98425,1.55982,0.54669,0.47019,1.5637
2002-09-09,0.98174,1.5586,0.54669,0.4692,1.5662
2002-09-10,0.97523,1.55448,0.54681,0.46999,1.5737
2002-09-11,0.97238,1.54919,0.54759,0.4703,1.577
2002-09-12,0.97609,1.55497,0.55179,0.474,1.5848
2002-09-13,0.97428,1.5586,0.55039,0.474,1.5858
2002-09-16,0.97229,1.54392,0.5487,0.47101,1.583
2002-09-17,0.96852,1.53421,0.54741,0.46951,1.5791
2002-09-18,0.97886,1.55255,0.54849,0.47039,1.5835
2002-09-19,0.98174,1.55448,0.55099,0.47481,1.5727
2002-09-20,0.98386,1.55569,0.54639,0.4707,1.573
2002-09-23,0.98222,1.55739,0.54469,0.4697,1.5845
2002-09-24,0.98155,1.55642,0.54451,0.47081,1.5856
2002-09-25,0.97972,1.5625,0.54451,0.47019,1.5812
2002-09-26,0.97551,1.55642,0.54431,0.4703,1.5769
2002-09-27,0.97723,1.55473,0.54401,0.47061,1.5777
2002-09-30,0.98795,1.57011,0.54289,0.46979,1.5863
2002-10-01,0.9859,1.57085,0.54221,0.47101,1.5863
2002-10-02,0.98416,1.56544,0.54419,0.47429,1.5855
2002-10-03,0.98707,1.57035,0.54651,0.47769,1.5903
2002-10-04,0.98213,1.56912,0.54609,0.4784,1.5943
2002-10-07,0.98164,1.56421,0.54969,0.4844,1.5922
2002-10-08,0.97962,1.5569,0.54699,0.482,1.5935
2002-10-09,0.98678,1.55958,0.54849,0.48091,1.5933
2002-10-10,0.9861,1.5625,0.54729,0.4795,1.5916
2002-10-11,0.98542,1.56055,0.54849,0.4807,1.5888
2002-10-15,0.98097,1.55424,0.54669,0.4795,1.5857
2002-10-16,0.98241,1.55424,0.5487,0.48079,1.584
2002-10-17,0.97182,1.55255,0.54999,0.48121,1.5725
2002-10-18,0.97078,1.54607,0.54981,0.48109,1.5723
2002-10-21,0.97324,1.54178,0.55301,0.4837,1.5682
2002-10-22,0.97819,1.54631,0.5527,0.48471,1.568
2002-10-23,0.97723,1.54991,0.55261,0.4841,1.5685
2002-10-24,0.97418,1.54775,0.555,0.4857,1.561
2002-10-25,0.97666,1.55328,0.55451,0.48681,1.5676
2002-10-28,0.98425,1.56031,0.5585,0.48931,1.5607
2002-10-29,0.98512,1.5586,0.55611,0.4853,1.5632
2002-10-30,0.98348,1.5569,0.55279,0.48251,1.5677
2002-10-31,0.98814,1.56299,0.55479,0.4856,1.561
2002-11-01,0.99711,1.56372,0.5595,0.492,1.558
2002-11-04,0.99532,1.55448,0.56101,0.4966,1.5562
2002-11-05,0.9994,1.5625,0.56151,0.4962,1.5563
2002-11-06,0.99741,1.55909,0.56151,0.4951,1.5586
2002-11-07,1.00918,1.57953,0.566,0.4993,1.5528
2002-11-08,1.01389,1.5916,0.5658,0.49801,1.5644
2002-11-12,1.01051,1.58781,0.56101,0.49451,1.5739
2002-11-13,1.00604,1.58504,0.55979,0.49559,1.5765
2002-11-14,1.00341,1.57878,0.56259,0.4995,1.5748
2002-11-15,1.00817,1.57903,0.56281,0.4998,1.5815
2002-11-18,1.00827,1.57903,0.56351,0.49749,1.5903
2002-11-19,1.01071,1.58806,0.55828,0.4962,1.5853
2002-11-20,1.00241,1.57505,0.5595,0.49739,1.584
2002-11-21,0.9984,1.5753,0.56221,0.50299,1.5783
2002-11-22,0.99661,1.57778,0.56379,0.50251,1.5804
2002-11-25,0.99374,1.56666,0.559,0.4993,1.5735
2002-11-26,0.99128,1.54847,0.55969,0.495,1.572
2002-11-27,0.98951,1.54392,0.5563,0.49249,1.575
2002-11-29,0.99325,1.55521,0.5601,0.49801,1.5658
2002-12-02,0.99265,1.55545,0.5591,0.49749,1.5595
2002-12-03,0.99681,1.56863,0.55891,0.4986,1.5573
2002-12-04,0.9999,1.56814,0.56041,0.5007,1.5579
2002-12-05,0.9989,1.57085,0.56139,0.50181,1.5612
2002-12-06,1.00806,1.57307,0.56029,0.5015,1.566
2002-12-09,1.00878,1.57853,0.563,0.5036,1.5615
2002-12-10,1.00725,1.56986,0.5595,0.5033,1.5612
2002-12-11,1.00827,1.57431,0.5607,0.50221,1.5562
2002-12-12,1.01885,1.58003,0.5651,0.5095,1.555
2002-12-13,1.0226,1.58957,0.56459,0.51361,1.5603
2002-12-16,1.02103,1.59058,0.566,0.51351,1.5627
2002-12-17,1.02669,1.59642,0.566,0.51741,1.551
2002-12-18,1.02543,1.6,0.565,0.5143,1.5538
2002-12-19,1.02166,1.59872,0.565,0.5165,1.5478
2002-12-20,1.0268,1.60154,0.5618,0.51501,1.5525
2002-12-23,1.02166,1.58705,0.56129,0.5152,1.5508
2002-12-24,1.0305,1.59591,0.563,0.51669,1.5482
2002-12-26,1.03584,1.5977,0.56271,0.51741,1.5532
2002-12-27,1.04112,1.60231,0.56079,0.51819,1.5683
2002-12-30,1.04603,1.60436,0.5636,0.52551,1.5792
2002-12-31,1.04855,1.60953,0.56249,0.52389,1.58
2003-01-02,1.03605,1.59744,0.5629,0.52219,1.575
2003-01-03,1.04178,1.60462,0.56551,0.5246,1.5665
2003-01-06,1.0469,1.60798,0.5762,0.53311,1.5598
2003-01-07,1.04188,1.60539,0.57531,0.53121,1.559
2003-01-08,1.04471,1.60643,0.57491,0.53011,1.5613
2003-01-09,1.04668,1.60359,0.5765,0.53059,1.5541
2003-01-10,1.05352,1.60798,0.582,0.53591,1.5502
2003-01-13,1.05352,1.60308,0.58329,0.53821,1.5423
2003-01-14,1.05708,1.60694,0.58319,0.53821,1.5396
2003-01-15,1.05764,1.60282,0.5848,0.53801,1.5353
2003-01-16,1.05686,1.6072,0.58699,0.54309,1.5366
2003-01-17,1.06598,1.61734,0.59091,0.55109,1.5355
2003-01-21,1.06769,1.61238,0.58672,0.54371,1.5332
2003-01-22,1.07285,1.61629,0.5862,0.54371,1.5324
2003-01-23,1.07666,1.62338,0.59081,0.54771,1.524
2003-01-24,1.08249,1.63212,0.59221,0.55021,1.522
2003-01-27,1.08378,1.63506,0.58959,0.54921,1.5246
2003-01-28,1.08331,1.63988,0.58869,0.5472,1.5359
2003-01-29,1.08613,1.64582,0.59081,0.54921,1.5235
2003-01-30,1.07759,1.64826,0.5872,0.5449,1.531
2003-01-31,1.07388,1.64474,0.58599,0.54401,1.5286
2003-02-03,1.07608,1.64042,0.58432,0.54389,1.5207
2003-02-04,1.08755,1.64799,0.5906,0.54849,1.5146
2003-02-05,1.08425,1.64555,0.59021,0.5487,1.5195
2003-02-06,1.08284,1.63532,0.59102,0.5484,1.5213
2003-02-07,1.08015,1.6284,0.59028,0.54771,1.5215
2003-02-10,1.074,1.6276,0.58941,0.54879,1.5315
2003-02-11,1.07469,1.61917,0.58931,0.54891,1.5303
2003-02-12,1.07158,1.61551,0.59001,0.54921,1.529
2003-02-13,1.08342,1.62101,0.59598,0.55371,1.5199
2003-02-14,1.07991,1.61057,0.5921,0.55169,1.5191
2003-02-18,1.07078,1.5921,0.59119,0.55069,1.515
2003-02-19,1.07434,1.59566,0.59428,0.55249,1.514
2003-02-20,1.08213,1.59261,0.59852,0.55769,1.5047
2003-02-21,1.07875,1.58629,0.59719,0.55819,1.5052
2003-02-24,1.07828,1.58604,0.60569,0.56539,1.4944
2003-02-25,1.07817,1.57282,0.60529,0.56571,1.4928
2003-02-26,1.07968,1.58053,0.6075,0.5652,1.4939
2003-02-27,1.07631,1.57978,0.6054,0.56199,1.4954
2003-02-28,1.07793,1.57381,0.6075,0.558,1.488
2003-03-03,1.08354,1.57555,0.61361,0.56101,1.4853
2003-03-04,1.08826,1.58203,0.61369,0.5612,1.4775
2003-03-05,1.09673,1.60026,0.6161,0.56481,1.4727
2003-03-06,1.09975,1.60488,0.61421,0.56551,1.4714
2003-03-07,1.10144,1.60205,0.61369,0.5612,1.4665
2003-03-10,1.10619,1.60077,0.61569,0.56139,1.4659
2003-03-11,1.10278,1.60385,0.60401,0.55331,1.4725
2003-03-12,1.10229,1.6129,0.59591,0.55039,1.4728
2003-03-13,1.08696,1.60565,0.59411,0.54669,1.4855
2003-03-14,1.0725,1.58203,0.59659,0.55109,1.4822
2003-03-17,1.06056,1.56814,0.59221,0.54861,1.4835
2003-03-18,1.06236,1.5625,0.5927,0.54801,1.4788
2003-03-19,1.05899,1.5647,0.5913,0.55051,1.4804
2003-03-20,1.06135,1.56691,0.59351,0.5535,1.4788
2003-03-21,1.05452,1.56593,0.59049,0.54819,1.4905
2003-03-24,1.0644,1.5748,0.59471,0.55139,1.4805
2003-03-25,1.06735,1.5706,0.5968,0.55121,1.477
2003-03-26,1.06769,1.57431,0.59719,0.54681,1.4711
2003-03-27,1.07078,1.56764,0.59999,0.54951,1.4673
2003-03-28,1.07619,1.5674,0.60031,0.54969,1.468
2003-03-31,1.09004,1.57903,0.60449,0.5538,1.4695
2003-04-01,1.09039,1.57679,0.60449,0.55451,1.4729
2003-04-02,1.07654,1.56593,0.5997,0.54969,1.4762
2003-04-03,1.07365,1.57183,0.59959,0.54831,1.476
2003-04-04,1.07112,1.55982,0.601,0.54159,1.472
2003-04-07,1.06213,1.54991,0.59701,0.53749,1.4843
2003-04-08,1.06838,1.55063,0.60038,0.54481,1.4677
2003-04-09,1.07216,1.55618,0.60321,0.54561,1.4678
2003-04-10,1.08026,1.57183,0.6061,0.54639,1.457
2003-04-11,1.07515,1.57134,0.6047,0.54499,1.4519
2003-04-14,1.07735,1.57134,0.6031,0.54669,1.4533
2003-04-15,1.08015,1.5706,0.60558,0.55139,1.4515
2003-04-16,1.08719,1.57406,0.61151,0.55751,1.4563
2003-04-17,1.09075,1.5748,0.6147,0.55689,1.449
2003-04-18,1.08826,1.57332,0.6144,0.55651,1.45
2003-04-21,1.08566,1.55909,0.61399,0.55549,1.4547
2003-04-22,1.09661,1.57679,0.6212,0.5612,1.4473
2003-04-23,1.09493,1.58153,0.61728,0.55751,1.4512
2003-04-24,1.10387,1.59719,0.6205,0.55531,1.4579
2003-04-25,1.104,1.5916,0.6152,0.5535,1.4535
2003-04-28,1.09987,1.59058,0.6192,0.55639,1.4504
2003-04-29,1.10096,1.59033,0.62,0.5567,1.446
2003-04-30,1.11794,1.6,0.62621,0.56,1.4336
2003-05-01,1.12385,1.61031,0.63179,0.56161,1.4191
2003-05-02,1.11995,1.60205,0.6298,0.56271,1.4221
2003-05-05,1.12714,1.60591,0.63432,0.56651,1.4134
2003-05-06,1.13546,1.61394,0.63828,0.57052,1.4085
2003-05-07,1.13404,1.59312,0.63621,0.56551,1.401
2003-05-08,1.14534,1.60333,0.64238,0.57389,1.395
2003-05-09,1.14982,1.60462,0.64479,0.5764,1.393
2003-05-12,1.15567,1.60953,0.64821,0.58021,1.3885
2003-05-13,1.14995,1.60927,0.64579,0.57501,1.3898
2003-05-14,1.14982,1.61629,0.64742,0.57551,1.3786
2003-05-15,1.14574,1.62628,0.64251,0.57261,1.3757
2003-05-16,1.1542,1.62417,0.6502,0.5775,1.3672
2003-05-19,1.16863,1.63532,0.656,0.58551,1.3604
2003-05-20,1.1685,1.63934,0.6572,0.58599,1.3446
2003-05-21,1.17069,1.6415,0.6563,0.5835,1.3498
2003-05-22,1.17,1.63452,0.6585,0.58289,1.3679
2003-05-23,1.17855,1.63773,0.65751,0.58251,1.3783
2003-05-27,1.18526,1.63988,0.6585,0.5834,1.3754
2003-05-28,1.17426,1.63506,0.64792,0.57442,1.3867
2003-05-29,1.18343,1.64853,0.64771,0.5758,1.3769
2003-05-30,1.17661,1.63934,0.6513,0.5759,1.3712
2003-06-02,1.1744,1.6372,0.65638,0.58021,1.3696
2003-06-03,1.17014,1.62787,0.65989,0.57901,1.3768
2003-06-04,1.17082,1.63319,0.66569,0.58032,1.3575
2003-06-05,1.18694,1.65975,0.66738,0.58099,1.3404
2003-06-06,1.16945,1.66223,0.65911,0.5772,1.354
2003-06-09,1.17426,1.64528,0.65828,0.57481,1.3585
2003-06-10,1.16863,1.65235,0.65651,0.57389,1.3649
2003-06-11,1.17633,1.6675,0.66419,0.578,1.3523
2003-06-12,1.17675,1.66834,0.6652,0.57901,1.3492
2003-06-13,1.18301,1.6675,0.66711,0.58032,1.3362
2003-06-16,1.18427,1.68152,0.6676,0.582,1.3397
2003-06-17,1.1812,1.68407,0.67168,0.5851,1.3393
2003-06-18,1.17096,1.67983,0.6729,0.58401,1.3348
2003-06-19,1.16782,1.67392,0.66961,0.58251,1.3508
2003-06-20,1.16158,1.66445,0.66751,0.58449,1.359
2003-06-23,1.15473,1.66834,0.66432,0.58541,1.3561
2003-06-24,1.14982,1.66058,0.66221,0.58459,1.3614
2003-06-25,1.15915,1.6787,0.67231,0.5881,1.3428
2003-06-26,1.14286,1.66389,0.66511,0.58251,1.3542
2003-06-27,1.14233,1.64908,0.66551,0.58251,1.3494
2003-06-30,1.15022,1.65289,0.67132,0.58661,1.3558
2003-07-01,1.15794,1.66251,0.676,0.59471,1.3492
2003-07-02,1.15234,1.66472,0.68092,0.59581,1.3368
2003-07-03,1.15035,1.67168,0.68231,0.59581,1.3368
2003-07-07,1.13404,1.65153,0.6806,0.5992,1.3486
2003-07-08,1.12651,1.63265,0.65699,0.5862,1.3702
2003-07-09,1.13109,1.63052,0.65449,0.58558,1.3748
2003-07-10,1.13895,1.63265,0.65872,0.58969,1.3822
2003-07-11,1.13045,1.63239,0.66072,0.59368,1.3762
2003-07-14,1.12982,1.6239,0.65998,0.59028,1.3739
2003-07-15,1.12334,1.59872,0.65181,0.58309,1.3927
2003-07-16,1.12095,1.59515,0.65651,0.58551,1.3874
2003-07-17,1.11645,1.58932,0.65172,0.582,1.3973
2003-07-18,1.12385,1.5868,0.64541,0.5728,1.4114
2003-07-21,1.13456,1.60102,0.65181,0.57442,1.4052
2003-07-22,1.1325,1.5977,0.65049,0.57501,1.4106
2003-07-23,1.14837,1.60901,0.65972,0.58109,1.399
2003-07-24,1.14416,1.61108,0.66481,0.58672,1.3964
2003-07-25,1.15128,1.6197,0.66419,0.5882,1.3813
2003-07-28,1.14969,1.62707,0.66388,0.5872,1.3827
2003-07-29,1.14666,1.62259,0.66529,0.59109,1.3857
2003-07-30,1.13675,1.61681,0.65249,0.5834,1.4002
2003-07-31,1.12309,1.60901,0.64742,0.5789,1.4074
2003-08-01,1.12524,1.60462,0.65381,0.58569,1.396
2003-08-04,1.13366,1.60798,0.64721,0.5816,1.4065
2003-08-05,1.13494,1.60849,0.64658,0.58069,1.4045
2003-08-06,1.13572,1.60798,0.6465,0.58059,1.406
2003-08-07,1.13895,1.61708,0.651,0.5815,1.3933
2003-08-08,1.13212,1.60798,0.65351,0.58272,1.3935
2003-08-11,1.13494,1.60668,0.65859,0.58789,1.384
2003-08-12,1.13045,1.60282,0.65681,0.58741,1.3852
2003-08-13,1.13173,1.60823,0.6572,0.58799,1.3836
2003-08-14,1.12486,1.6,0.65621,0.5863,1.3937
2003-08-15,1.12549,1.59591,0.65828,0.5898,1.3873
2003-08-18,1.11383,1.58907,0.65621,0.5862,1.3913
2003-08-19,1.11173,1.5873,0.6563,0.5851,1.401
2003-08-20,1.11037,1.5921,0.65928,0.589,1.4028
2003-08-21,1.09757,1.58453,0.65351,0.5848,1.4067
2003-08-22,1.08707,1.57555,0.65062,0.5848,1.41
2003-08-25,1.08921,1.57282,0.6513,0.58299,1.3985
2003-08-26,1.08932,1.57332,0.64549,0.5773,1.3933
2003-08-27,1.09063,1.57456,0.64061,0.57149,1.4022
2003-08-28,1.08956,1.57704,0.63902,0.56951,1.3973
2003-08-29,1.09866,1.57729,0.64901,0.5785,1.385
2003-09-02,1.08719,1.57406,0.6402,0.56721,1.3876
2003-09-03,1.08448,1.57332,0.64049,0.56941,1.3816
2003-09-04,1.08992,1.57853,0.63951,0.56909,1.3735
2003-09-05,1.1073,1.58907,0.64679,0.57428,1.3714
2003-09-08,1.11235,1.58579,0.6502,0.5782,1.371
2003-09-09,1.11894,1.59084,0.65798,0.58391,1.3668
2003-09-10,1.11944,1.58983,0.65751,0.5816,1.3659
2003-09-11,1.11857,1.59363,0.6595,0.58299,1.3709
2003-09-12,1.13071,1.60617,0.66379,0.58329,1.363
2003-09-15,1.13045,1.60179,0.66649,0.5862,1.366
2003-09-16,1.11657,1.58705,0.66181,0.58401,1.369
2003-09-17,1.12385,1.60436,0.66419,0.58129,1.3667
2003-09-18,1.12397,1.61551,0.66591,0.5834,1.3644
2003-09-19,1.13456,1.63159,0.67272,0.5899,1.3469
2003-09-22,1.14679,1.64718,0.68101,0.5973,1.3474
2003-09-23,1.14877,1.6559,0.67889,0.59488,1.3561
2003-09-24,1.14718,1.6559,0.67838,0.59499,1.3543
2003-09-25,1.14837,1.65865,0.67958,0.594,1.3477
2003-09-26,1.14824,1.65975,0.67449,0.58789,1.3547
2003-09-29,1.15781,1.66417,0.67449,0.59102,1.3552
2003-09-30,1.16496,1.66196,0.67972,0.59499,1.3507
2003-10-01,1.17082,1.66667,0.68301,0.59809,1.3481
2003-10-02,1.17165,1.67504,0.6846,0.5992,1.3388
2003-10-03,1.15955,1.66306,0.68138,0.59351,1.3418
2003-10-06,1.17055,1.6742,0.68479,0.59411,1.3413
2003-10-07,1.17841,1.66279,0.6908,0.59801,1.3295
2003-10-08,1.1805,1.65975,0.69032,0.5973,1.3332
2003-10-09,1.16945,1.66085,0.68799,0.59852,1.3401
2003-10-10,1.1812,1.66528,0.69161,0.5993,1.321
2003-10-14,1.17233,1.67364,0.6889,0.5957,1.3234
2003-10-15,1.16523,1.66973,0.6898,0.5946,1.3243
2003-10-16,1.16645,1.67588,0.69118,0.59471,1.3162
2003-10-17,1.16306,1.67196,0.6918,0.5957,1.3145
2003-10-20,1.16713,1.67476,0.69348,0.59691,1.32
2003-10-21,1.16754,1.67448,0.69959,0.6023,1.316
2003-10-22,1.1805,1.69348,0.70671,0.60702,1.3043
2003-10-23,1.17952,1.69434,0.69989,0.60931,1.3087
2003-10-24,1.18329,1.69722,0.70092,0.6102,1.3072
2003-10-27,1.17619,1.6952,0.70378,0.60968,1.3107
2003-10-28,1.16891,1.69549,0.70512,0.612,1.3108
2003-10-29,1.16727,1.69866,0.70472,0.61241,1.3098
2003-10-30,1.16945,1.70242,0.70751,0.6132,1.3069
2003-10-31,1.1609,1.69549,0.70771,0.61181,1.3195
2003-11-03,1.14534,1.6787,0.69862,0.60901,1.3323
2003-11-04,1.14969,1.68011,0.70171,0.61121,1.3321
2003-11-05,1.14732,1.67813,0.70998,0.61801,1.3312
2003-11-06,1.14168,1.66917,0.70751,0.61361,1.3362
2003-11-07,1.15048,1.67084,0.70922,0.6161,1.3237
2003-11-10,1.15154,1.67364,0.71669,0.62158,1.3108
2003-11-12,1.16469,1.67701,0.71798,0.62649,1.3007
2003-11-13,1.1711,1.68805,0.71958,0.62968,1.3
2003-11-14,1.17426,1.68407,0.71788,0.62968,1.3034
2003-11-17,1.1744,1.68862,0.71048,0.6257,1.3143
2003-11-18,1.18934,1.69981,0.72119,0.63391,1.3025
2003-11-19,1.1909,1.69808,0.72291,0.63849,1.304
2003-11-20,1.18948,1.70242,0.7238,0.64251,1.3031
2003-11-21,1.19133,1.70242,0.7227,0.64061,1.3042
2003-11-24,1.17675,1.69492,0.71762,0.63792,1.321
2003-11-25,1.17855,1.69837,0.7186,0.6371,1.3135
2003-11-26,1.19175,1.70911,0.72369,0.64181,1.3045
2003-11-28,1.19947,1.72176,0.72359,0.63951,1.2973
2003-12-01,1.1956,1.72087,0.72648,0.64379,1.3023
2003-12-02,1.20846,1.72921,0.7318,0.64658,1.2988
2003-12-03,1.20934,1.72473,0.73578,0.64859,1.3
2003-12-04,1.20773,1.71999,0.73362,0.6452,1.3125
2003-12-05,1.21566,1.72712,0.73578,0.64479,1.3045
2003-12-08,1.22175,1.7334,0.74019,0.64729,1.2967
2003-12-09,1.22294,1.74307,0.73981,0.64629,1.3092
2003-12-10,1.22145,1.74459,0.73981,0.64851,1.3078
2003-12-11,1.2164,1.74459,0.73551,0.6445,1.3272
2003-12-12,1.22835,1.74672,0.7425,0.64821,1.315
2003-12-15,1.22895,1.7449,0.74289,0.64859,1.3129
2003-12-16,1.23274,1.75101,0.7436,0.65062,1.3185
2003-12-17,1.23808,1.76149,0.7408,0.64809,1.325
2003-12-18,1.23762,1.76741,0.73741,0.64499,1.3295
2003-12-19,1.23793,1.76741,0.73649,0.644,1.3405
2003-12-22,1.24146,1.76336,0.734,0.64251,1.332
2003-12-23,1.24054,1.76491,0.73611,0.64098,1.3244
2003-12-24,1.24642,1.77494,0.743,0.6475,1.3109
2003-12-26,1.24409,1.77242,0.74151,0.64809,1.3067
2003-12-29,1.24844,1.77054,0.74223,0.64872,1.3103
2003-12-30,1.25203,1.77873,0.74822,0.65351,1.3036
2003-12-31,1.25976,1.78412,0.75199,0.65569,1.2923
2004-01-02,1.25913,1.79019,0.75758,0.6588,1.29
2004-01-05,1.26791,1.80865,0.76823,0.67168,1.2803
2004-01-06,1.2773,1.82448,0.77018,0.67168,1.2824
2004-01-07,1.26646,1.81917,0.76852,0.67168,1.2884
2004-01-08,1.27714,1.83385,0.77549,0.67609,1.279
2004-01-09,1.28535,1.84706,0.77773,0.68208,1.269
2004-01-12,1.28025,1.85117,0.77882,0.68418,1.2735
2004-01-13,1.27356,1.84332,0.77718,0.6825,1.2729
2004-01-14,1.27259,1.84094,0.77791,0.68301,1.2866
2004-01-15,1.25881,1.8205,0.77018,0.67299,1.299
2004-01-16,1.23946,1.79953,0.76628,0.6664,1.2975
2004-01-20,1.25834,1.81884,0.76911,0.66729,1.2861
2004-01-21,1.26167,1.82949,0.77328,0.67078,1.3018
2004-01-22,1.27178,1.84468,0.77912,0.67691,1.297
2004-01-23,1.26103,1.82017,0.77143,0.67218,1.3115
2004-01-26,1.25518,1.81984,0.77298,0.67272,1.313
2004-01-27,1.26422,1.82782,0.78052,0.67949,1.3048
2004-01-28,1.26199,1.83688,0.77882,0.67852,1.3218
2004-01-29,1.23885,1.81127,0.7585,0.66729,1.334
2004-01-30,1.24517,1.82149,0.76249,0.67051,1.3265
2004-02-02,1.24254,1.81818,0.7566,0.67231,1.3385
2004-02-03,1.25612,1.8379,0.76511,0.6805,1.3374
2004-02-04,1.25518,1.83352,0.76243,0.68442,1.333
2004-02-05,1.26056,1.8379,0.76552,0.68818,1.3318
2004-02-06,1.26936,1.84604,0.76787,0.69032,1.3297
2004-02-09,1.26727,1.85805,0.77598,0.69551,1.3304
2004-02-10,1.27275,1.86986,0.78137,0.6993,1.3289
2004-02-11,1.28156,1.88501,0.78598,0.6994,1.3178
2004-02-12,1.28074,1.89107,0.78871,0.69969,1.3188
2004-02-13,1.27502,1.88288,0.78753,0.70008,1.3148
2004-02-17,1.28485,1.9044,0.79789,0.70771,1.3108
2004-02-18,1.28123,1.90223,0.79302,0.70452,1.3182
2004-02-19,1.26855,1.89215,0.7912,0.70082,1.3283
2004-02-20,1.25628,1.86672,0.77399,0.68409,1.3442
2004-02-23,1.25691,1.86846,0.77429,0.68311,1.3363
2004-02-24,1.2692,1.89,0.78082,0.69061,1.3283
2004-02-25,1.25031,1.87582,0.7722,0.68771,1.337
2004-02-26,1.2444,1.86081,0.7703,0.68738,1.3433
2004-02-27,1.24409,1.85736,0.77172,0.68521,1.3405
2004-03-01,1.24316,1.86811,0.7725,0.68918,1.3395
2004-03-02,1.22115,1.83857,0.76098,0.68092,1.3437
2004-03-03,1.20875,1.81917,0.74239,0.66348,1.348
2004-03-04,1.22249,1.82515,0.7529,0.66961,1.3326
2004-03-05,1.24008,1.84264,0.75873,0.67422,1.3191
2004-03-08,1.23716,1.84706,0.75529,0.67431,1.3235
2004-03-09,1.24285,1.83959,0.76348,0.68292,1.3188
2004-03-10,1.22264,1.79986,0.74862,0.66551,1.3275
2004-03-11,1.22684,1.80083,0.73611,0.64529,1.3228
2004-03-12,1.21907,1.79437,0.73249,0.64371,1.3385
2004-03-15,1.22429,1.79921,0.73492,0.6435,1.3322
2004-03-16,1.22699,1.81061,0.74113,0.64969,1.3333
2004-03-17,1.21966,1.81324,0.73921,0.648,1.3419
2004-03-18,1.23916,1.83621,0.75222,0.65781,1.329
2004-03-19,1.22684,1.82715,0.7475,0.65569,1.331
2004-03-22,1.23686,1.84843,0.75477,0.66388,1.328
2004-03-23,1.23107,1.85014,0.75262,0.6612,1.332
2004-03-24,1.2213,1.8352,0.74878,0.65569,1.3385
2004-03-25,1.21699,1.80995,0.74069,0.6475,1.3303
2004-03-26,1.20919,1.81028,0.74278,0.64821,1.3194
2004-03-29,1.21403,1.8162,0.74839,0.65291,1.3097
2004-03-30,1.22026,1.82815,0.75313,0.65681,1.308
2004-03-31,1.22926,1.83993,0.76202,0.66498,1.31
2004-04-01,1.23579,1.85632,0.76711,0.66778,1.3101
2004-04-02,1.21095,1.82916,0.75838,0.65828,1.314
2004-04-05,1.20077,1.81389,0.75313,0.64969,1.3152
2004-04-06,1.2089,1.83756,0.7615,0.65428,1.3095
2004-04-07,1.21714,1.84094,0.7674,0.66072,1.313
2004-04-08,1.20875,1.83251,0.76098,0.65798,1.326
2004-04-09,1.21021,1.83217,0.76231,0.65972,1.3292
2004-04-12,1.20685,1.83587,0.7677,0.6626,1.3377
2004-04-13,1.19232,1.81587,0.75472,0.65368,1.3363
2004-04-14,1.19403,1.79019,0.73389,0.63399,1.3445
2004-04-15,1.19147,1.77841,0.7379,0.63629,1.3485
2004-04-16,1.2025,1.8005,0.7456,0.6407,1.3445
2004-04-19,1.20192,1.80538,0.74532,0.64342,1.3467
2004-04-20,1.19104,1.79147,0.73708,0.63351,1.3534
2004-04-21,1.18526,1.77211,0.7318,0.62352,1.359
2004-04-22,1.1861,1.76835,0.7303,0.625,1.359
2004-04-23,1.18022,1.76741,0.7287,0.6252,1.3612
2004-04-26,1.18511,1.78571,0.73351,0.6296,1.3559
2004-04-27,1.19275,1.79244,0.73351,0.6302,1.3517
2004-04-28,1.18301,1.77211,0.72322,0.62189,1.3672
2004-04-29,1.19446,1.77525,0.71979,0.62158,1.3697
2004-04-30,1.19746,1.77431,0.72098,0.62418,1.3711
2004-05-03,1.19374,1.77211,0.71979,0.6259,1.374
2004-05-04,1.20758,1.79083,0.72839,0.63279,1.3702
2004-05-05,1.21655,1.79308,0.73368,0.63561,1.3725
2004-05-06,1.20904,1.79404,0.7238,0.63151,1.3784
2004-05-07,1.1885,1.78412,0.70309,0.61679,1.3858
2004-05-10,1.18343,1.77242,0.69099,0.60321,1.3934
2004-05-11,1.18175,1.75439,0.69531,0.6043,1.3866
2004-05-12,1.19104,1.77431,0.69618,0.6108,1.3878
2004-05-13,1.18008,1.7584,0.68818,0.60201,1.397
2004-05-14,1.18737,1.75716,0.68951,0.60401,1.3928
2004-05-17,1.20091,1.7696,0.68871,0.60401,1.3855
2004-05-18,1.19703,1.7696,0.68658,0.59948,1.3913
2004-05-19,1.20149,1.78285,0.69779,0.60801,1.3769
2004-05-20,1.19261,1.77085,0.693,0.60379,1.3705
2004-05-21,1.20091,1.78795,0.70082,0.61121,1.3734
2004-05-24,1.19775,1.79083,0.69818,0.60901,1.3697
2004-05-25,1.21065,1.81357,0.70602,0.61679,1.3763
2004-05-26,1.21021,1.81422,0.70592,0.6187,1.3705
2004-05-27,1.22745,1.83688,0.71788,0.6352,1.358
2004-05-28,1.22175,1.83284,0.71378,0.6285,1.3666
2004-06-01,1.221,1.83587,0.70671,0.62881,1.3687
2004-06-02,1.22504,1.83824,0.69701,0.62301,1.3618
2004-06-03,1.22055,1.83857,0.68488,0.61592,1.3606
2004-06-04,1.22579,1.83655,0.69219,0.61931,1.3505
2004-06-07,1.23198,1.83857,0.70432,0.6298,1.345
2004-06-08,1.2273,1.83621,0.70102,0.62712,1.3468
2004-06-09,1.20963,1.82916,0.69199,0.62039,1.3541
2004-06-10,1.21095,1.8379,0.69832,0.63452,1.3572
2004-06-11,1.20106,1.81752,0.69118,0.62901,1.3656
2004-06-14,1.20729,1.81488,0.68828,0.62551,1.3682
2004-06-15,1.21389,1.82782,0.69599,0.63351,1.3699
2004-06-16,1.20062,1.82615,0.687,0.62941,1.3772
2004-06-17,1.20395,1.83419,0.68399,0.62418,1.3752
2004-06-18,1.21183,1.83688,0.69051,0.6272,1.3645
2004-06-21,1.21095,1.83117,0.69051,0.62751,1.364
2004-06-22,1.20919,1.82183,0.68549,0.6268,1.3592
2004-06-23,1.20904,1.81851,0.68648,0.6259,1.3614
2004-06-24,1.21699,1.82149,0.69959,0.63371,1.343
2004-06-25,1.21448,1.82183,0.69901,0.6365,1.3489
2004-06-28,1.21936,1.82949,0.69979,0.64119,1.3435
2004-06-29,1.21242,1.80897,0.6908,0.63251,1.3465
2004-06-30,1.21788,1.81258,0.69522,0.63219,1.3407
2004-07-01,1.21581,1.81587,0.70358,0.64,1.3325
2004-07-02,1.23077,1.83016,0.7125,0.64679,1.3254
2004-07-06,1.22895,1.8423,0.7148,0.6502,1.3261
2004-07-07,1.23839,1.85701,0.72322,0.6566,1.3196
2004-07-08,1.239,1.85667,0.72213,0.65699,1.3164
2004-07-09,1.23885,1.85563,0.7226,0.65798,1.3207
2004-07-12,1.24085,1.86393,0.72801,0.6612,1.3188
2004-07-13,1.23016,1.85391,0.7216,0.65569,1.3259
2004-07-14,1.23854,1.85632,0.72249,0.65219,1.3225
2004-07-15,1.23732,1.8546,0.72348,0.65062,1.324
2004-07-16,1.24363,1.87091,0.73099,0.65811,1.3092
2004-07-19,1.24316,1.87336,0.73341,0.65911,1.3082
2004-07-20,1.23762,1.85563,0.73131,0.65712,1.3099
2004-07-21,1.22234,1.83554,0.71311,0.63771,1.3242
2004-07-22,1.2273,1.84706,0.71521,0.6428,1.3136
2004-07-23,1.21227,1.83217,0.71018,0.63601,1.3219
2004-07-26,1.21344,1.83925,0.70902,0.63719,1.332
2004-07-27,1.20555,1.82183,0.70062,0.62751,1.3353
2004-07-28,1.20453,1.82216,0.69798,0.62771,1.3309
2004-07-29,1.207,1.81752,0.6994,0.63371,1.3259
2004-07-30,1.20322,1.81818,0.70348,0.63601,1.3296
2004-08-02,1.20337,1.82715,0.70418,0.64061,1.3314
2004-08-03,1.20511,1.82415,0.70462,0.64499,1.3185
2004-08-04,1.20569,1.82482,0.70368,0.64512,1.3152
2004-08-05,1.20496,1.82315,0.70378,0.64479,1.3178
2004-08-06,1.22714,1.84604,0.7148,0.65381,1.31
2004-08-09,1.22609,1.84026,0.71721,0.65428,1.3165
2004-08-10,1.23062,1.83857,0.71551,0.65501,1.3139
2004-08-11,1.2222,1.82815,0.71322,0.65398,1.324
2004-08-12,1.22234,1.82116,0.71271,0.65751,1.3323
2004-08-13,1.23533,1.84332,0.71602,0.66511,1.3092
2004-08-16,1.23335,1.83925,0.7169,0.66419,1.3076
2004-08-17,1.23289,1.82882,0.7148,0.66481,1.308
2004-08-18,1.22986,1.82249,0.71449,0.66388,1.3074
2004-08-19,1.23686,1.83117,0.72448,0.67141,1.2964
2004-08-20,1.23244,1.82116,0.7238,0.67299,1.298
2004-08-23,1.21966,1.81422,0.71839,0.66751,1.3065
2004-08-24,1.20992,1.7934,0.70641,0.6524,1.3048
2004-08-25,1.20904,1.79662,0.70611,0.6513,1.3047
2004-08-26,1.20846,1.79404,0.70102,0.64889,1.3123
2004-08-27,1.2025,1.79211,0.70398,0.65449,1.3104
2004-08-30,1.20496,1.79244,0.70008,0.651,1.3174
2004-08-31,1.21832,1.8031,0.70711,0.65638,1.3166
2004-09-01,1.21788,1.79404,0.70388,0.65681,1.3071
2004-09-02,1.2164,1.79147,0.69522,0.648,1.2995
2004-09-03,1.20525,1.77588,0.68999,0.64549,1.3005
2004-09-07,1.20934,1.77336,0.69329,0.64658,1.2882
2004-09-08,1.2164,1.78827,0.69701,0.64981,1.2905
2004-09-09,1.21892,1.7854,0.68799,0.65091,1.2878
2004-09-10,1.2282,1.79791,0.69682,0.6569,1.288
2004-09-13,1.22504,1.79565,0.69589,0.65561,1.3
2004-09-14,1.22684,1.80018,0.70299,0.66278,1.292
2004-09-15,1.21433,1.77715,0.69449,0.65699,1.2987
2004-09-16,1.21536,1.79083,0.69881,0.65972,1.2914
2004-09-17,1.21743,1.79211,0.69711,0.6595,1.3002
2004-09-20,1.21714,1.78795,0.70062,0.66081,1.2944
2004-09-21,1.22639,1.79469,0.70111,0.66129,1.2886
2004-09-22,1.22609,1.79501,0.70751,0.66251,1.2816
2004-09-23,1.22986,1.80018,0.71388,0.66778,1.2782
2004-09-24,1.22564,1.8031,0.71388,0.66791,1.2763
2004-09-27,1.23077,1.80766,0.71332,0.66649,1.2738
2004-09-28,1.23062,1.81061,0.71602,0.66711,1.2754
2004-09-29,1.23077,1.79695,0.7148,0.66921,1.273
2004-09-30,1.24177,1.80897,0.72438,0.67549,1.2648
2004-10-01,1.23993,1.79759,0.72322,0.67331,1.2629
2004-10-04,1.22745,1.78285,0.72072,0.66948,1.2726
2004-10-05,1.23153,1.78285,0.72322,0.67322,1.2625
2004-10-06,1.22986,1.77904,0.72359,0.67549,1.2592
2004-10-07,1.22865,1.78221,0.72669,0.67549,1.2577
2004-10-08,1.24177,1.7934,0.73519,0.68329,1.2512
2004-10-12,1.23198,1.78795,0.73051,0.67898,1.2575
2004-10-13,1.22714,1.78891,0.72348,0.67431,1.264
2004-10-14,1.23931,1.79727,0.73148,0.68199,1.2528
2004-10-15,1.24782,1.80473,0.73169,0.68729,1.252
2004-10-18,1.25203,1.80115,0.72669,0.68629,1.255
2004-10-19,1.25156,1.80375,0.72849,0.68752,1.2542
2004-10-20,1.26263,1.81884,0.7367,0.69252,1.2432
2004-10-21,1.26215,1.82983,0.73899,0.69469,1.2426
2004-10-22,1.2639,1.82782,0.73959,0.6944,1.2379
2004-10-25,1.27828,1.84026,0.74761,0.70171,1.2232
2004-10-26,1.27584,1.83688,0.74599,0.69759,1.2246
2004-10-27,1.27243,1.83217,0.74599,0.69551,1.2253
2004-10-28,1.27584,1.83184,0.74778,0.68549,1.2194
2004-10-29,1.27453,1.83453,0.74683,0.68339,1.2209
2004-11-01,1.27405,1.83217,0.74599,0.68381,1.2229
2004-11-02,1.27033,1.83857,0.74471,0.6847,1.2263
2004-11-03,1.27877,1.84434,0.75392,0.68752,1.2121
2004-11-04,1.28833,1.844,0.7585,0.69219,1.2053
2004-11-05,1.29383,1.85426,0.76202,0.69478,1.1981
2004-11-08,1.29366,1.85632,0.75781,0.69262,1.1925
2004-11-09,1.29299,1.85874,0.76179,0.6942,1.195
2004-11-10,1.29249,1.84775,0.75919,0.68451,1.1977
2004-11-12,1.29735,1.85529,0.76852,0.69262,1.1919
2004-11-15,1.29433,1.84809,0.7719,0.69862,1.2032
2004-11-16,1.29786,1.85426,0.7728,0.70111,1.1932
2004-11-17,1.3031,1.85805,0.78327,0.70862,1.1925
2004-11-18,1.2982,1.85151,0.77857,0.70862,1.207
2004-11-19,1.30582,1.86012,0.78518,0.71179,1.1928
2004-11-22,1.3048,1.85908,0.78388,0.70982,1.1848
2004-11-23,1.30907,1.87126,0.78598,0.71301,1.1865
2004-11-24,1.31614,1.88147,0.78629,0.71008,1.1813
2004-11-26,1.32873,1.89645,0.79033,0.71891,1.1775
2004-11-29,1.32855,1.89466,0.78518,0.71649,1.1846
2004-11-30,1.32591,1.9073,0.77232,0.71429,1.1902
2004-12-01,1.33085,1.92976,0.77537,0.7169,1.1856
2004-12-02,1.32679,1.92234,0.77688,0.71798,1.1899
2004-12-03,1.33905,1.93761,0.77779,0.71849,1.1976
2004-12-06,1.34318,1.94212,0.77477,0.72031,1.2012
2004-12-07,1.34372,1.9459,0.77537,0.72072,1.2088
2004-12-08,1.32521,1.92827,0.75449,0.70542,1.2248
2004-12-09,1.32732,1.91865,0.75318,0.70801,1.2253
2004-12-10,1.3224,1.91351,0.74951,0.70348,1.2273
2004-12-13,1.33085,1.92345,0.75919,0.71028,1.2286
2004-12-14,1.32802,1.92382,0.7566,0.70922,1.2377
2004-12-15,1.34282,1.94477,0.76523,0.71911,1.2229
2004-12-16,1.32873,1.93761,0.75632,0.71078,1.2363
2004-12-17,1.32943,1.93911,0.76069,0.71388,1.2257
2004-12-20,1.33958,1.94818,0.76441,0.71721,1.2297
2004-12-21,1.33761,1.92641,0.76599,0.71109,1.2271
2004-12-22,1.33905,1.91241,0.76558,0.71271,1.2401
2004-12-23,1.34916,1.91939,0.7654,0.71322,1.2358
2004-12-24,1.35355,1.92345,0.76888,0.71751,1.2291
2004-12-27,1.36258,1.93686,0.77773,0.72181,1.216
2004-12-28,1.36203,1.93162,0.77869,0.72348,1.2185
2004-12-29,1.35685,1.91571,0.77089,0.7125,1.2165
2004-12-30,1.36221,1.92197,0.77851,0.71808,1.2064
2004-12-31,1.35373,1.91608,0.78052,0.72031,1.2034
2005-01-03,1.34753,1.90585,0.779,0.7148,1.2108
2005-01-04,1.32943,1.88324,0.76681,0.70691,1.2248
2005-01-05,1.32926,1.8875,0.76781,0.70299,1.2236
2005-01-06,1.31874,1.87512,0.76121,0.69789,1.2371
2005-01-07,1.30617,1.87021,0.75798,0.69551,1.2333
2005-01-10,1.31096,1.87512,0.75959,0.69488,1.2194
2005-01-11,1.31614,1.8797,0.76418,0.70018,1.2142
2005-01-12,1.32802,1.89322,0.76799,0.70701,1.1982
2005-01-13,1.32066,1.88324,0.76699,0.70651,1.2005
2005-01-14,1.31062,1.86951,0.75861,0.69808,1.2188
2005-01-18,1.30429,1.86916,0.75781,0.69798,1.2217
2005-01-19,1.30361,1.87406,0.76057,0.70299,1.2268
2005-01-20,1.29584,1.87196,0.76121,0.70562,1.2334
2005-01-21,1.30497,1.87406,0.77119,0.71459,1.2211
2005-01-24,1.30412,1.87793,0.76899,0.7148,1.2258
2005-01-25,1.29534,1.86463,0.76499,0.70902,1.2381
2005-01-26,1.30804,1.88324,0.77507,0.71932,1.2307
2005-01-27,1.30327,1.88644,0.77561,0.71561,1.2366
2005-01-28,1.30327,1.88501,0.77507,0.71322,1.2422
2005-01-31,1.30497,1.88501,0.77592,0.71119,1.2396
2005-02-01,1.30174,1.87935,0.77232,0.71139,1.2405
2005-02-02,1.30157,1.88253,0.77369,0.71149,1.2408
2005-02-03,1.29584,1.88041,0.7703,0.71078,1.2424
2005-02-04,1.29266,1.88501,0.7725,0.71261,1.2495
2005-02-07,1.2773,1.86081,0.77131,0.70442,1.2562
2005-02-08,1.27828,1.85701,0.76687,0.70072,1.2476
2005-02-09,1.27975,1.85805,0.7684,0.7024,1.2511
2005-02-10,1.28816,1.87091,0.7826,0.7125,1.2406
2005-02-11,1.28634,1.86602,0.7853,0.71311,1.238
2005-02-14,1.29803,1.89179,0.7892,0.71572,1.2342
2005-02-15,1.29853,1.88929,0.78629,0.71679,1.2336
2005-02-16,1.29938,1.87793,0.78192,0.71372,1.2421
2005-02-17,1.30822,1.89502,0.78827,0.7187,1.231
2005-02-18,1.30753,1.89502,0.78777,0.72469,1.2294
2005-02-22,1.32293,1.90913,0.79403,0.73041,1.2301
2005-02-23,1.32083,1.90658,0.78598,0.72369,1.2402
2005-02-24,1.32048,1.91022,0.78709,0.72249,1.2435
2005-02-25,1.31944,1.91498,0.7853,0.7202,1.2407
2005-02-28,1.32732,1.92493,0.79403,0.72881,1.2295
2005-03-01,1.31891,1.92049,0.78468,0.72701,1.2425
2005-03-02,1.31268,1.91241,0.78339,0.72669,1.2395
2005-03-03,1.31303,1.90985,0.78419,0.72828,1.2463
2005-03-04,1.32433,1.92419,0.79189,0.73502,1.2324
2005-03-07,1.32031,1.91608,0.79252,0.73551,1.23
2005-03-08,1.33422,1.92938,0.79738,0.73981,1.2163
2005-03-09,1.33833,1.92382,0.79302,0.73578,1.2064
2005-03-10,1.34084,1.92345,0.79008,0.73872,1.205
2005-03-11,1.34644,1.92604,0.79359,0.73992,1.2041
2005-03-14,1.33458,1.91168,0.7866,0.73752,1.2087
2005-03-15,1.33156,1.91351,0.78939,0.74058,1.2064
2005-03-16,1.34228,1.92641,0.7946,0.74499,1.2038
2005-03-17,1.33726,1.92382,0.79352,0.74383,1.2028
2005-03-18,1.33103,1.91902,0.79371,0.74471,1.2027
2005-03-21,1.31648,1.89753,0.7866,0.73697,1.211
2005-03-22,1.321,1.8997,0.79183,0.7408,1.2017
2005-03-23,1.30056,1.87126,0.77471,0.72119,1.2133
2005-03-24,1.29567,1.87091,0.77113,0.71459,1.215
2005-03-25,1.29534,1.86846,0.7719,0.71332,1.218
2005-03-28,1.28766,1.86567,0.76852,0.70952,1.2234
2005-03-29,1.29132,1.87512,0.77149,0.71179,1.2135
2005-03-30,1.29433,1.88147,0.77172,0.71078,1.2164
2005-03-31,1.29685,1.88893,0.77292,0.71261,1.2094
2005-04-01,1.28966,1.87899,0.7697,0.70902,1.2146
2005-04-04,1.28386,1.87336,0.76699,0.70711,1.2202
2005-04-05,1.28419,1.87723,0.7674,0.70791,1.2198
2005-04-06,1.28684,1.87864,0.76581,0.7121,1.2216
2005-04-07,1.29066,1.87688,0.7684,0.71541,1.2205
2005-04-08,1.29116,1.88253,0.77262,0.71721,1.2252
2005-04-11,1.29719,1.89072,0.77549,0.7215,1.233
2005-04-12,1.28733,1.8843,0.7734,0.71922,1.2408
2005-04-13,1.29182,1.89286,0.77973,0.7248,1.2365
2005-04-14,1.28189,1.88076,0.77149,0.72119,1.2417
2005-04-15,1.29282,1.89286,0.7703,0.71751,1.242
2005-04-18,1.30378,1.90512,0.7664,0.7171,1.2482
2005-04-19,1.30344,1.91644,0.77042,0.7214,1.2409
2005-04-20,1.30804,1.91975,0.77549,0.7277,1.2388
2005-04-21,1.30924,1.91022,0.77682,0.7286,1.2384
2005-04-22,1.30685,1.91498,0.78192,0.73212,1.2342
2005-04-25,1.29836,1.91168,0.77991,0.72929,1.2372
2005-04-26,1.29634,1.90404,0.77918,0.7249,1.2462
2005-04-27,1.29383,1.90476,0.7764,0.72171,1.2465
2005-04-28,1.29166,1.90985,0.77948,0.72908,1.2508
2005-04-29,1.29182,1.91205,0.78339,0.73448,1.2568
2005-05-02,1.28568,1.89573,0.77961,0.7295,1.2552
2005-05-03,1.28883,1.89107,0.77369,0.72622,1.2541
2005-05-04,1.29366,1.90006,0.77773,0.7318,1.2502
2005-05-05,1.29366,1.90476,0.78101,0.73562,1.2448
2005-05-06,1.2832,1.89215,0.77628,0.73249,1.2429
2005-05-09,1.28386,1.88359,0.7731,0.73099,1.2377
2005-05-10,1.28766,1.88288,0.77567,0.73148,1.2373
2005-05-11,1.28025,1.87336,0.77447,0.73099,1.2474
2005-05-12,1.27065,1.86498,0.76787,0.71948,1.2493
2005-05-13,1.26454,1.85288,0.76109,0.7122,1.2625
2005-05-16,1.26295,1.83688,0.75649,0.70801,1.2703
2005-05-17,1.26438,1.84026,0.75752,0.70998,1.2664
2005-05-18,1.26598,1.83824,0.75982,0.7122,1.2618
2005-05-19,1.26279,1.83655,0.7585,0.7125,1.2627
2005-05-20,1.25534,1.82448,0.755,0.70822,1.2627
2005-05-23,1.25755,1.82882,0.75832,0.70932,1.2578
2005-05-24,1.25881,1.82882,0.76231,0.71322,1.2612
2005-05-25,1.26024,1.83117,0.7626,0.71378,1.2641
2005-05-26,1.25172,1.8205,0.7604,0.71149,1.268
2005-05-27,1.25676,1.82282,0.76231,0.71418,1.2585
2005-05-31,1.23487,1.82315,0.75913,0.70651,1.2512
2005-06-01,1.22324,1.81192,0.74979,0.6994,1.2471
2005-06-02,1.22654,1.81554,0.75358,0.6995,1.2473
2005-06-03,1.22264,1.81192,0.75477,0.69989,1.2483
2005-06-06,1.22684,1.82083,0.76488,0.70952,1.2447
2005-06-07,1.22775,1.83184,0.76953,0.715,1.2471
2005-06-08,1.23198,1.83688,0.76882,0.71602,1.244
2005-06-09,1.2216,1.82083,0.76752,0.71322,1.2549
2005-06-10,1.21271,1.81291,0.76249,0.70701,1.2492
2005-06-13,1.20351,1.80115,0.75919,0.70398,1.2578
2005-06-14,1.2038,1.80636,0.76552,0.70922,1.2554
2005-06-15,1.21065,1.82183,0.76799,0.71271,1.2397
2005-06-16,1.2089,1.8205,0.77208,0.71541,1.2376
2005-06-17,1.22399,1.82648,0.7776,0.71751,1.235
2005-06-20,1.21403,1.82315,0.7767,0.71551,1.2319
2005-06-21,1.21344,1.82415,0.77827,0.71628,1.231
2005-06-22,1.213,1.82183,0.77918,0.71669,1.2351
2005-06-23,1.2054,1.81785,0.7734,0.70771,1.2311
2005-06-24,1.20875,1.82216,0.7684,0.70582,1.2329
2005-06-27,1.21521,1.82515,0.76858,0.70721,1.2307
2005-06-28,1.20773,1.81554,0.76441,0.70131,1.231
2005-06-29,1.21007,1.80799,0.76249,0.69881,1.2263
2005-06-30,1.20977,1.79308,0.76179,0.69589,1.2256
2005-07-01,1.19574,1.77085,0.7516,0.68371,1.2418
2005-07-05,1.19175,1.75685,0.74178,0.67668,1.2437
2005-07-06,1.19175,1.7584,0.74113,0.67549,1.2365
2005-07-07,1.19275,1.74186,0.7403,0.67299,1.2288
2005-07-08,1.19346,1.73611,0.74102,0.67272,1.2207
2005-07-11,1.20656,1.75623,0.74778,0.67889,1.2115
2005-07-12,1.21996,1.77525,0.75592,0.6847,1.2048
2005-07-13,1.20904,1.75531,0.74778,0.67141,1.2073
2005-07-14,1.2089,1.7584,0.75182,0.676,1.2071
2005-07-15,1.20366,1.75316,0.74878,0.67372,1.2206
2005-07-18,1.20773,1.75223,0.75409,0.67852,1.2154
2005-07-19,1.20005,1.73641,0.74918,0.67399,1.2186
2005-07-20,1.20453,1.7304,0.75398,0.67431,1.2218
2005-07-21,1.21124,1.74703,0.76301,0.68451,1.2177
2005-07-22,1.20788,1.74125,0.76611,0.687,1.218
2005-07-25,1.2054,1.74551,0.7633,0.68381,1.2194
2005-07-26,1.20077,1.74155,0.7585,0.68292,1.2291
2005-07-27,1.20482,1.74368,0.75557,0.6805,1.2341
2005-07-28,1.21212,1.75469,0.75712,0.68301,1.2345
2005-07-29,1.21286,1.75932,0.75942,0.68339,1.2257
2005-08-01,1.21951,1.7696,0.76179,0.6846,1.2136
2005-08-02,1.22085,1.77274,0.76488,0.68781,1.2122
2005-08-03,1.23365,1.78094,0.77178,0.69152,1.2128
2005-08-04,1.23824,1.77968,0.77387,0.69238,1.2119
2005-08-05,1.23274,1.77494,0.76711,0.68951,1.2185
2005-08-08,1.23609,1.78635,0.76523,0.69319,1.2132
2005-08-09,1.23472,1.78444,0.76011,0.69152,1.214
2005-08-10,1.23457,1.79211,0.764,0.69411,1.2113
2005-08-11,1.24347,1.80701,0.77369,0.70522,1.2025
2005-08-12,1.24285,1.81488,0.77232,0.70771,1.1946
2005-08-15,1.23625,1.80865,0.76829,0.70502,1.1968
2005-08-16,1.23426,1.80963,0.76882,0.70398,1.198
2005-08-17,1.22895,1.80766,0.76231,0.70289,1.207
2005-08-18,1.21773,1.79501,0.75369,0.69541,1.2178
2005-08-19,1.21477,1.7934,0.75053,0.6931,1.2152
2005-08-22,1.22354,1.80213,0.75477,0.69691,1.204
2005-08-23,1.2213,1.79953,0.75512,0.6973,1.1981
2005-08-24,1.22384,1.79662,0.75517,0.69779,1.1956
2005-08-25,1.23107,1.8044,0.75999,0.6972,1.1888
2005-08-26,1.23244,1.80668,0.75838,0.6972,1.1949
2005-08-29,1.22474,1.8005,0.75222,0.69358,1.1965
2005-08-30,1.22041,1.78412,0.74688,0.6879,1.1919
2005-08-31,1.23305,1.80115,0.75143,0.69319,1.1893
2005-09-01,1.24471,1.82782,0.76092,0.7023,1.1855
2005-09-02,1.25376,1.84026,0.76488,0.70542,1.188
2005-09-05,,,,,
2005-09-06,1.24828,1.84196,0.76681,0.70721,1.1867
2005-09-07,1.24394,1.83925,0.7684,0.70572,1.1855
2005-09-08,1.23993,1.83891,0.77119,0.70532,1.1822
2005-09-09,1.24332,1.83993,0.7731,0.70701,1.1749
2005-09-12,1.2288,1.82349,0.7719,0.70552,1.1854
2005-09-13,1.22624,1.82149,0.7677,0.702,1.18
2005-09-14,1.2282,1.82448,0.77101,0.70751,1.1823
2005-09-15,1.2216,1.80701,0.76622,0.70542,1.1863
2005-09-16,1.22145,1.80343,0.76658,0.70378,1.1826
2005-09-19,1.21536,1.80408,0.76711,0.70102,1.1691
2005-09-20,1.21773,1.80473,0.76929,0.70131,1.1704
2005-09-21,1.22085,1.80963,0.77059,0.69891,1.1682
2005-09-22,1.21536,1.79179,0.7633,0.6942,1.1668
2005-09-23,1.20773,1.77873,0.7574,0.68648,1.1713
2005-09-26,1.20366,1.77462,0.75672,0.68488,1.177
2005-09-27,1.20106,1.76772,0.75369,0.6787,1.1777
2005-09-28,1.20163,1.76398,0.75717,0.68498,1.1782
2005-09-29,1.20207,1.76211,0.7593,0.69199,1.1725
2005-09-30,1.20584,1.7696,0.76429,0.69382,1.1607
2005-10-03,1.19147,1.75593,0.76278,0.69118,1.1657
2005-10-04,1.19175,1.75871,0.76301,0.69478,1.172
2005-10-05,1.19847,1.76554,0.75672,0.6956,1.1793
2005-10-06,1.2133,1.77274,0.75717,0.69648,1.1815
2005-10-07,1.21153,1.75994,0.75677,0.69599,1.1746
2005-10-11,1.20149,1.74886,0.75341,0.69339,1.1754
2005-10-12,1.20395,1.75316,0.7546,0.69701,1.1706
2005-10-13,1.19374,1.74825,0.74683,0.68871,1.1836
2005-10-14,1.20729,1.76772,0.75358,0.6973,1.1854
2005-10-17,1.20395,1.75531,0.7503,0.69682,1.1801
2005-10-18,1.19389,1.74856,0.74738,0.69522,1.1802
2005-10-19,1.19875,1.76274,0.74839,0.69959,1.1776
2005-10-20,1.19818,1.77117,0.75381,0.7022,1.1763
2005-10-21,1.19574,1.76929,0.74727,0.69901,1.1842
2005-10-24,1.19976,1.77117,0.75081,0.70328,1.1887
2005-10-25,1.20992,1.7854,0.7558,0.70532,1.1768
2005-10-26,1.20817,1.77651,0.75432,0.7022,1.1703
2005-10-27,1.21477,1.78348,0.75798,0.70842,1.1695
2005-10-28,1.2089,1.77809,0.75008,0.70358,1.1769
2005-10-31,1.19947,1.76897,0.748,0.70028,1.1796
2005-11-01,1.19976,1.76305,0.7451,0.69808,1.1765
2005-11-02,1.20671,1.77557,0.7414,0.6919,1.1806
2005-11-03,1.19703,1.77211,0.73997,0.68899,1.1817
2005-11-04,1.18273,1.75101,0.7318,0.68241,1.1815
2005-11-07,1.17952,1.74398,0.73223,0.67879,1.1898
2005-11-08,1.1773,1.74155,0.73578,0.68329,1.1885
2005-11-09,1.17481,1.74155,0.73319,0.68348,1.1857
2005-11-10,1.17398,1.74611,0.73089,0.68752,1.1876
2005-11-14,1.16673,1.73491,0.72669,0.6799,1.196
2005-11-15,1.16945,1.73671,0.73239,0.6854,1.1942
2005-11-16,1.16713,1.71674,0.73067,0.68479,1.1918
2005-11-17,1.17055,1.7191,0.73378,0.68762,1.1864
2005-11-18,1.17412,1.71468,0.73078,0.68672,1.1907
2005-11-21,1.17343,1.71644,0.73659,0.68918,1.182
2005-11-22,1.17371,1.7138,0.7354,0.68908,1.1771
2005-11-23,1.17994,1.72147,0.73828,0.69382,1.172
2005-11-25,1.17233,1.71556,0.73508,0.69701,1.1691
2005-11-28,1.18036,1.72206,0.73779,0.70092,1.1656
2005-11-29,1.17855,1.72028,0.73899,0.7019,1.1671
2005-11-30,1.17897,1.7322,0.73943,0.70269,1.167
2005-12-01,1.17014,1.72891,0.74102,0.70368,1.1682
2005-12-02,1.16986,1.7304,0.74683,0.7125,1.1627
2005-12-05,1.17869,1.73974,0.75148,0.71989,1.1565
2005-12-06,1.17841,1.74034,0.75409,0.7171,1.1563
2005-12-07,1.1722,1.73491,0.74683,0.70602,1.1582
2005-12-08,1.18301,1.75131,0.75069,0.70141,1.1572
2005-12-09,1.18245,1.75531,0.75211,0.70418,1.158
2005-12-12,1.19689,1.77399,0.7554,0.71159,1.1507
2005-12-13,1.19261,1.76741,0.75449,0.70631,1.1516
2005-12-14,1.20409,1.77399,0.75672,0.70711,1.1531
2005-12-15,1.19646,1.76491,0.74699,0.69099,1.158
2005-12-16,1.2012,1.77148,0.743,0.68871,1.156
2005-12-19,1.19962,1.76398,0.74239,0.69018,1.1633
2005-12-20,1.18483,1.75439,0.73282,0.6819,1.1733
2005-12-21,1.18161,1.74034,0.73212,0.67801,1.1691
2005-12-22,1.18835,1.73943,0.73142,0.672,1.1665
2005-12-23,1.18568,1.7325,0.72791,0.67299,1.1654
2005-12-27,1.18554,1.7307,0.72611,0.67481,1.1736
2005-12-28,1.18751,1.72265,0.73009,0.68231,1.1636
2005-12-29,1.18455,1.72622,0.73201,0.68199,1.1642
2005-12-30,1.18413,1.7188,0.73421,0.68451,1.1656
2006-01-03,1.19804,1.74034,0.7379,0.68148,1.1565
2006-01-04,1.20904,1.75871,0.74649,0.68828,1.1515
2006-01-05,1.21007,1.75654,0.74822,0.68752,1.1619
2006-01-06,1.21477,1.7696,0.75279,0.69089,1.165
2006-01-09,1.20642,1.7646,0.75171,0.69219,1.1691
2006-01-10,1.20627,1.7646,0.74901,0.69339,1.1628
2006-01-11,1.21344,1.76429,0.7558,0.6972,1.1579
2006-01-12,1.20351,1.76118,0.7512,0.69319,1.1624
2006-01-13,1.21036,1.77148,0.75352,0.69759,1.1612
2006-01-17,1.20729,1.76274,0.75171,0.69032,1.1642
2006-01-18,1.20831,1.76211,0.74878,0.687,1.1726
2006-01-19,1.21095,1.7618,0.74688,0.67852,1.1662
2006-01-20,1.21007,1.76616,0.74699,0.67838,1.1531
2006-01-23,1.2276,1.78412,0.75228,0.6839,1.1511
2006-01-24,1.22865,1.78859,0.7516,0.6819,1.1547
2006-01-25,1.22519,1.78731,0.75352,0.68498,1.148
2006-01-26,1.22294,1.78285,0.75318,0.68488,1.1502
2006-01-27,1.213,1.77336,0.75182,0.68381,1.147
2006-01-30,1.20904,1.76866,0.74968,0.68199,1.1443
2006-01-31,1.21581,1.7819,0.75717,0.68568,1.1436
2006-02-01,1.20919,1.77809,0.7542,0.68549,1.1401
2006-02-02,1.21007,1.78063,0.75477,0.68932,1.1432
2006-02-03,1.20207,1.76274,0.74912,0.68691,1.147
2006-02-06,1.19703,1.74611,0.74261,0.68138,1.1455
2006-02-07,1.19746,1.74429,0.7436,0.6825,1.149
2006-02-08,1.19346,1.74064,0.73932,0.67792,1.1535
2006-02-09,1.19632,1.74125,0.73959,0.67751,1.1455
2006-02-10,1.19204,1.74551,0.7379,0.6793,1.1543
2006-02-13,1.19048,1.74368,0.73959,0.67981,1.1548
2006-02-14,1.18948,1.7343,0.73888,0.67372,1.1546
2006-02-15,1.18835,1.74004,0.7403,0.67618,1.1541
2006-02-16,1.18821,1.73551,0.73801,0.66899,1.1577
2006-02-17,1.19062,1.74034,0.7385,0.66738,1.1522
2006-02-21,1.19119,1.74459,0.73943,0.6623,1.1464
2006-02-22,1.19048,1.74246,0.73632,0.6588,1.1482
2006-02-23,1.19232,1.75223,0.7397,0.66238,1.1512
2006-02-24,1.18821,1.7449,0.73992,0.663,1.152
2006-02-27,1.18596,1.74095,0.73872,0.66098,1.1418
2006-02-28,1.19246,1.75377,0.743,0.66339,1.1379
2006-03-01,1.18991,1.74734,0.74289,0.66322,1.1365
2006-03-02,1.20034,1.74917,0.74582,0.66511,1.132
2006-03-03,1.20279,1.75316,0.74399,0.66578,1.1352
2006-03-06,1.20019,1.74917,0.74091,0.65712,1.1401
2006-03-07,1.18878,1.73611,0.73362,0.64821,1.1468
2006-03-08,1.19147,1.73581,0.7319,0.64901,1.1575
2006-03-09,1.19204,1.73671,0.7354,0.64838,1.1593
2006-03-10,1.18864,1.72563,0.73099,0.6416,1.1605
2006-03-13,1.19417,1.731,0.7326,0.64082,1.1616
2006-03-14,1.2025,1.74795,0.73621,0.63861,1.1548
2006-03-15,1.20453,1.74611,0.73801,0.64499,1.1553
2006-03-16,1.21507,1.75531,0.73502,0.63771,1.154
2006-03-17,1.21966,1.75685,0.72908,0.6342,1.1587
2006-03-20,1.21684,1.75623,0.72228,0.62559,1.1627
2006-03-21,1.20788,1.74581,0.71602,0.62251,1.1647
2006-03-22,1.20948,1.74825,0.72041,0.62798,1.1651
2006-03-23,1.19847,1.73671,0.71449,0.6241,1.1657
2006-03-24,1.20337,1.74277,0.71068,0.61181,1.1675
2006-03-27,1.20149,1.74703,0.70562,0.60632,1.1685
2006-03-28,1.20773,1.74978,0.70862,0.6039,1.1696
2006-03-29,1.20294,1.73551,0.70582,0.6035,1.1722
2006-03-30,1.21315,1.7449,0.71398,0.61039,1.1628
2006-03-31,1.21389,1.73943,0.71649,0.61641,1.167
2006-04-03,1.21242,1.73883,0.71772,0.61482,1.1718
2006-04-04,1.22579,1.75593,0.72031,0.60838,1.1662
2006-04-05,1.22714,1.74978,0.72632,0.61391,1.1619
2006-04-06,1.2216,1.75039,0.73148,0.61459,1.1532
2006-04-07,1.21095,1.74064,0.72791,0.61039,1.1464
2006-04-10,1.20904,1.74064,0.72823,0.60838,1.1466
2006-04-11,1.21256,1.74672,0.73271,0.6105,1.1457
2006-04-12,1.21065,1.7507,0.73148,0.61482,1.1479
2006-04-13,1.21065,1.75285,0.72849,0.62081,1.1514
2006-04-14,1.21065,1.75101,0.72892,0.61801,1.1513
2006-04-17,1.22669,1.77148,0.73752,0.62441,1.1452
2006-04-18,1.22745,1.7762,0.7385,0.62779,1.1421
2006-04-19,1.23457,1.78955,0.74649,0.63339,1.1367
2006-04-20,1.23259,1.77999,0.73763,0.62712,1.1386
2006-04-21,1.23396,1.78158,0.74438,0.63371,1.1372
2006-04-24,1.23732,1.7838,0.74438,0.63131,1.1373
2006-04-25,1.24116,1.78763,0.7456,0.625,1.1317
2006-04-26,1.24642,1.78955,0.75352,0.63271,1.1271
2006-04-27,1.25251,1.80115,0.75637,0.63279,1.1235
2006-04-28,1.26247,1.82216,0.7593,0.63678,1.1203
2006-05-01,1.26072,1.82849,0.76069,0.63771,1.113
2006-05-02,1.26438,1.83959,0.76313,0.64098,1.1069
2006-05-03,1.2639,1.84468,0.77113,0.64251,1.1072
2006-05-04,1.26839,1.84843,0.77262,0.64271,1.1066
2006-05-05,1.27324,1.85874,0.77071,0.64131,1.1071
2006-05-08,1.27194,1.85839,0.7697,0.63291,1.1116
2006-05-09,1.2747,1.86324,0.77238,0.62798,1.1022
2006-05-10,1.27992,1.86463,0.77628,0.62771,1.1005
2006-05-11,1.28551,1.8843,0.77809,0.63159,1.0989
2006-05-12,1.28883,1.89107,0.7728,0.62909,1.1085
2006-05-15,1.28254,1.88359,0.76272,0.62259,1.1142
2006-05-16,1.28172,1.88182,0.76558,0.6241,1.1112
2006-05-17,1.27226,1.88218,0.75942,0.6187,1.1116
2006-05-18,1.27943,1.88786,0.76523,0.62329,1.1209
2006-05-19,1.27502,1.87547,0.75689,0.62181,1.1232
2006-05-22,1.28502,1.88608,0.75092,0.6182,1.1194
2006-05-23,1.28436,1.88076,0.7546,0.62399,1.1174
2006-05-24,1.2747,1.86776,0.75262,0.63032,1.1228
2006-05-25,1.27763,1.87196,0.7585,0.63771,1.1072
2006-05-26,1.27389,1.85667,0.75769,0.63291,1.1072
2006-05-30,1.28684,1.88253,0.7619,0.6389,1.0995
2006-05-31,1.28337,1.87336,0.75188,0.63662,1.1027
2006-06-01,1.28238,1.86846,0.748,0.63179,1.1003
2006-06-02,1.29116,1.88182,0.75098,0.63072,1.1001
2006-06-05,1.29534,1.87864,0.75267,0.63359,1.1011
2006-06-06,1.28287,1.86081,0.74223,0.6285,1.115
2006-06-07,1.27992,1.85839,0.74223,0.62641,1.1117
2006-06-08,1.26486,1.84264,0.743,0.62688,1.1233
2006-06-09,1.26358,1.84264,0.74991,0.63371,1.1071
2006-06-12,1.25865,1.844,0.7466,0.6304,1.0991
2006-06-13,1.25739,1.83993,0.7408,0.62321,1.1077
2006-06-14,1.2631,1.84911,0.73959,0.62449,1.1121
2006-06-15,1.26167,1.84775,0.73768,0.62189,1.1172
2006-06-16,1.26231,1.84843,0.73888,0.61728,1.1223
2006-06-19,1.2577,1.84026,0.73752,0.61728,1.1232
2006-06-20,1.25676,1.83993,0.73719,0.62062,1.1163
2006-06-21,1.26646,1.84604,0.73708,0.61981,1.1042
2006-06-22,1.25818,1.8305,0.73492,0.61128,1.1175
2006-06-23,1.25219,1.8205,0.73148,0.60621,1.1241
2006-06-26,1.25534,1.81884,0.73009,0.60419,1.1241
2006-06-27,1.25897,1.82382,0.734,0.60639,1.121
2006-06-28,1.25313,1.81587,0.72839,0.5963,1.124
2006-06-29,1.25345,1.81094,0.73158,0.59581,1.1156
2006-06-30,1.27796,1.84911,0.74228,0.6105,1.115
2006-07-03,1.27926,1.84094,0.7436,0.60801,1.1112
2006-07-05,1.27259,1.83419,0.74069,0.60529,1.1115
2006-07-06,1.27567,1.83756,0.74588,0.60449,1.1116
2006-07-07,1.28222,1.85117,0.75143,0.6095,1.1132
2006-07-10,1.27502,1.84196,0.74839,0.61091,1.1246
2006-07-11,1.27535,1.84298,0.75262,0.6147,1.1339
2006-07-12,1.27065,1.83486,0.75358,0.61538,1.1353
2006-07-13,1.26727,1.84026,0.75392,0.619,1.1319
2006-07-14,1.26406,1.83655,0.75409,0.62069,1.1274
2006-07-17,1.25298,1.82017,0.74929,0.62239,1.1322
2006-07-18,1.25,1.82715,0.74638,0.6259,1.1335
2006-07-19,1.25597,1.83756,0.7485,0.62301,1.1353
2006-07-20,1.2639,1.84945,0.7516,0.62329,1.1344
2006-07-21,1.26839,1.85874,0.7529,0.62551,1.1373
2006-07-24,1.26295,1.84911,0.75358,0.62301,1.1414
2006-07-25,1.25755,1.8406,0.7529,0.6248,1.1415
2006-07-26,1.26279,1.8474,0.75942,0.625,1.1375
2006-07-27,1.27324,1.86254,0.76412,0.62062,1.1346
2006-07-28,1.27486,1.86463,0.76628,0.6174,1.1297
2006-07-31,1.27632,1.86846,0.7664,0.61648,1.1309
2006-08-01,1.27779,1.87126,0.76318,0.61889,1.1312
2006-08-02,1.27975,1.87793,0.76388,0.62039,1.1258
2006-08-03,1.27796,1.88466,0.75999,0.61881,1.1262
2006-08-04,1.28932,1.90985,0.76581,0.62441,1.1269
2006-08-07,1.28667,1.91022,0.76371,0.6243,1.1182
2006-08-08,1.28386,1.90767,0.76092,0.6259,1.1203
2006-08-09,1.28883,1.90876,0.76669,0.63091,1.1197
2006-08-10,1.27649,1.88893,0.76711,0.63351,1.1262
2006-08-11,1.27567,1.89538,0.76728,0.635,1.1206
2006-08-14,1.27356,1.89036,0.75988,0.63151,1.124
2006-08-15,1.27877,1.89466,0.76488,0.63432,1.1225
2006-08-16,1.28634,1.90006,0.76988,0.64288,1.116
2006-08-17,1.287,1.89394,0.76388,0.6423,1.116
2006-08-18,1.28107,1.88076,0.75792,0.63939,1.1234
2006-08-21,1.29132,1.89681,0.764,0.6416,1.1183
2006-08-22,1.28041,1.88822,0.76249,0.6382,1.1153
2006-08-23,1.27943,1.89286,0.76278,0.64049,1.11
2006-08-24,1.276,1.88857,0.76318,0.63719,1.111
2006-08-25,1.27665,1.88857,0.75677,0.63581,1.1078
2006-08-28,1.27845,1.89681,0.75861,0.63869,1.112
2006-08-29,1.27681,1.89143,0.76069,0.64152,1.111
2006-08-30,1.28254,1.90404,0.76453,0.6502,1.1099
2006-08-31,1.27926,1.90223,0.76301,0.65449,1.1066
2006-09-01,1.28337,1.90512,0.76628,0.65501,1.1056
2006-09-05,1.28107,1.89251,0.77042,0.64691,1.1111
2006-09-06,1.27877,1.88111,0.76587,0.64851,1.1052
2006-09-07,1.27567,1.87617,0.75999,0.6483,1.1099
2006-09-08,1.26727,1.86567,0.75398,0.63698,1.1191
2006-09-11,1.26984,1.86289,0.75098,0.63902,1.1216
2006-09-12,1.26936,1.87477,0.75279,0.6435,1.1186
2006-09-13,1.27081,1.87652,0.75369,0.64579,1.1191
2006-09-14,1.27356,1.88857,0.75477,0.66089,1.1158
2006-09-15,1.26486,1.87829,0.75171,0.66291,1.1192
2006-09-18,1.26711,1.87723,0.75369,0.66551,1.1169
2006-09-19,1.26823,1.88288,0.75392,0.66322,1.1229
2006-09-20,1.27016,1.88929,0.75438,0.66199,1.1272
2006-09-21,1.27307,1.89717,0.75597,0.66181,1.12
2006-09-22,1.27959,1.90114,0.75131,0.65959,1.1171
2006-09-25,1.2747,1.90006,0.75171,0.66858,1.1163
2006-09-26,1.26871,1.89538,0.75131,0.66658,1.1159
2006-09-27,1.26984,1.88644,0.74951,0.65751,1.115
2006-09-28,1.26968,1.87477,0.74873,0.656,1.1108
2006-09-29,1.26871,1.87161,0.7461,0.653,1.1151
2006-10-02,1.27437,1.88608,0.74839,0.65742,1.1154
2006-10-03,1.27275,1.88715,0.74421,0.65959,1.121
2006-10-04,1.26871,1.88395,0.74372,0.66199,1.1286
2006-10-05,1.26871,1.87723,0.74488,0.66361,1.1269
2006-10-06,1.25992,1.87126,0.74338,0.65972,1.1261
2006-10-10,1.25408,1.85494,0.74421,0.65998,1.1318
2006-10-11,1.25471,1.85667,0.74438,0.6612,1.1357
2006-10-12,1.25376,1.85563,0.75069,0.6602,1.1356
2006-10-13,1.25016,1.85494,0.75058,0.65729,1.1367
2006-10-16,1.25188,1.86047,0.75369,0.65828,1.1384
2006-10-17,1.25644,1.87336,0.75398,0.66578,1.1379
2006-10-18,1.25156,1.86741,0.75381,0.6637,1.1375
2006-10-19,1.25945,1.87617,0.75861,0.66769,1.1325
2006-10-20,1.26135,1.88288,0.75798,0.6676,1.125
2006-10-23,1.25439,1.87091,0.75758,0.66291,1.1281
2006-10-24,1.25644,1.87441,0.75838,0.66278,1.1271
2006-10-25,1.25913,1.87723,0.76028,0.66089,1.1249
2006-10-26,1.26695,1.8875,0.76208,0.65501,1.1254
2006-10-27,1.27243,1.89681,0.76852,0.66199,1.1185
2006-10-30,1.27178,1.90259,0.76917,0.66551,1.1235
2006-10-31,1.2773,1.9084,0.77429,0.67069,1.1227
2006-11-01,1.27714,1.90913,0.77519,0.67331,1.1313
2006-11-02,1.27796,1.90876,0.77411,0.67399,1.1361
2006-11-03,1.27049,1.90114,0.76988,0.67002,1.129
2006-11-06,1.27146,1.89681,0.77071,0.66832,1.129
2006-11-07,1.28057,1.90985,0.77598,0.67191,1.1276
2006-11-08,1.27747,1.90585,0.77071,0.66809,1.1275
2006-11-09,1.28353,1.90658,0.76882,0.66511,1.1291
2006-11-10,1.28617,1.91205,0.76728,0.66618,1.1306
2006-11-13,1.28107,1.90223,0.76289,0.65959,1.1377
2006-11-14,1.28123,1.89466,0.76558,0.65998,1.1393
2006-11-15,1.28074,1.88822,0.76429,0.65928,1.1389
2006-11-16,1.28074,1.89036,0.76829,0.66529,1.1401
2006-11-17,1.28238,1.89358,0.76858,0.66379,1.1458
2006-11-20,1.28107,1.89645,0.76823,0.66809,1.1472
2006-11-21,1.28238,1.89825,0.76929,0.66899,1.1474
2006-11-22,1.29282,1.91461,0.7758,0.67191,1.1414
2006-11-24,1.30804,1.93162,0.77821,0.67119,1.1346
2006-11-27,1.31199,1.93686,0.77851,0.66979,1.133
2006-11-28,1.31614,1.94818,0.78247,0.67632,1.131
2006-11-29,1.31458,1.94932,0.78358,0.67939,1.1356
2006-11-30,1.32608,1.96928,0.78958,0.68498,1.1413
2006-12-01,1.33156,1.97941,0.79139,0.68432,1.1445
2006-12-04,1.33262,1.97863,0.78939,0.69061,1.1454
2006-12-05,1.33262,1.97472,0.78629,0.68639,1.1415
2006-12-06,1.33067,1.96928,0.78759,0.68488,1.1468
2006-12-07,1.32961,1.96271,0.79089,0.6907,1.1482
2006-12-08,1.32153,1.95656,0.7861,0.68989,1.1499
2006-12-11,1.32223,1.95503,0.78413,0.68828,1.1474
2006-12-12,1.32328,1.96541,0.78462,0.69042,1.1546
2006-12-13,1.32153,1.96618,0.78672,0.69051,1.1544
2006-12-14,1.31735,1.96464,0.78401,0.69042,1.1565
2006-12-15,1.30941,1.95389,0.7826,0.6907,1.1574
2006-12-18,1.30736,1.9459,0.77948,0.68989,1.1571
2006-12-19,1.31944,1.96657,0.78431,0.69478,1.1557
2006-12-20,1.31822,1.96464,0.78592,0.69551,1.1483
2006-12-21,1.31752,1.96232,0.78518,0.69648,1.1538
2006-12-22,1.31303,1.95695,0.78302,0.6995,1.1575
2006-12-26,1.3132,1.95695,0.7829,0.70038,1.1596
2006-12-27,1.31251,1.95656,0.78413,0.70249,1.161
2006-12-28,1.31579,1.96194,0.78808,0.70572,1.1599
2006-12-29,1.31978,1.95848,0.78839,0.70462,1.1652
2007-01-02,1.32855,1.97355,0.79599,0.70842,1.1647
2007-01-03,1.31683,1.9497,0.79139,0.70522,1.1699
2007-01-04,1.30941,1.94439,0.78592,0.69808,1.1766
2007-01-05,1.30056,1.9305,0.77973,0.68738,1.1753
2007-01-08,1.30225,1.93836,0.78131,0.68799,1.1777
2007-01-09,1.29955,1.93986,0.77948,0.68961,1.1782
2007-01-10,1.294,1.93349,0.77658,0.68738,1.177
2007-01-11,1.29032,1.94401,0.78229,0.69281,1.1761
2007-01-12,1.29266,1.95771,0.7826,0.69152,1.1706
2007-01-16,1.29182,1.9604,0.7826,0.69449,1.1748
2007-01-17,1.29483,1.972,0.78647,0.69099,1.1737
2007-01-18,1.29416,1.97161,0.78858,0.69449,1.1752
2007-01-19,1.29685,1.97589,0.7892,0.69551,1.1722
2007-01-22,1.29567,1.97707,0.78933,0.6994,1.1758
2007-01-23,1.30242,1.98452,0.79208,0.7022,1.1813
2007-01-24,1.29634,1.96734,0.7818,0.69662,1.1824
2007-01-25,1.29803,1.97044,0.77742,0.69969,1.1781
2007-01-26,1.29082,1.95963,0.77238,0.69512,1.1798
2007-01-29,1.29483,1.95925,0.77262,0.6975,1.1815
2007-01-30,1.29534,1.96155,0.77238,0.68899,1.1814
2007-01-31,1.29988,1.96117,0.77399,0.68559,1.1792
2007-02-01,1.30208,1.9685,0.77459,0.68148,1.1756
2007-02-02,1.29601,1.96618,0.77471,0.67981,1.1838
2007-02-05,1.29333,1.96002,0.77688,0.68362,1.1816
2007-02-06,1.29685,1.96928,0.77688,0.6799,1.1819
2007-02-07,1.30208,1.97006,0.77857,0.68521,1.1851
2007-02-08,1.30344,1.95848,0.78119,0.68629,1.1852
2007-02-09,1.30056,1.95122,0.77652,0.68371,1.1736
2007-02-12,1.29618,1.94742,0.77262,0.6854,1.1746
2007-02-13,1.30242,1.94439,0.77742,0.6889,1.1686
2007-02-14,1.31268,1.96271,0.78327,0.69449,1.166
2007-02-15,1.31406,1.95312,0.78468,0.69401,1.1642
2007-02-16,1.31372,1.95008,0.78678,0.6975,1.1638
2007-02-20,1.31337,1.95465,0.78518,0.70048,1.1697
2007-02-21,1.31268,1.95236,0.78989,0.70621,1.1609
2007-02-22,1.31337,1.95695,0.78952,0.70552,1.1616
2007-02-23,1.31648,1.96386,0.79202,0.70671,1.1586
2007-02-26,1.31596,1.96309,0.79308,0.70992,1.1601
2007-02-27,1.32468,1.96618,0.79327,0.70442,1.1639
2007-02-28,1.32293,1.96117,0.7892,0.70121,1.17
2007-03-01,1.31735,1.95771,0.78629,0.6943,1.1711
2007-03-02,1.31822,1.9459,0.78339,0.68852,1.1752
2007-03-05,1.30941,1.92345,0.7728,0.6782,1.181
2007-03-06,1.31079,1.92715,0.77369,0.68069,1.1759
2007-03-07,1.31475,1.93162,0.77652,0.6839,1.1785
2007-03-08,1.31285,1.93013,0.7758,0.68498,1.1802
2007-03-09,1.31182,1.93162,0.78058,0.69152,1.1712
2007-03-12,1.31857,1.92901,0.78388,0.69319,1.1689
2007-03-13,1.31996,1.93237,0.78709,0.6975,1.1687
2007-03-14,1.32275,1.93386,0.78598,0.69018,1.1755
2007-03-15,1.32485,1.93648,0.78839,0.69478,1.1757
2007-03-16,1.33067,1.94212,0.79479,0.69769,1.1738
2007-03-19,1.32996,1.9459,0.79962,0.7021,1.175
2007-03-20,1.32908,1.9581,0.8016,0.70432,1.1638
2007-03-21,1.33049,1.95963,0.80147,0.70452,1.1578
2007-03-22,1.33583,1.96734,0.80828,0.71459,1.1574
2007-03-23,1.33014,1.96309,0.80619,0.7124,1.1601
2007-03-26,1.33351,1.96928,0.80972,0.71618,1.1627
2007-03-27,1.33565,1.96657,0.80893,0.71839,1.1584
2007-03-28,1.33316,1.96117,0.80639,0.71068,1.1579
2007-03-29,1.33351,1.96271,0.80782,0.71449,1.1577
2007-03-30,1.33743,1.9685,0.81037,0.71582,1.153
2007-04-02,1.33743,1.97863,0.81659,0.7214,1.1556
2007-04-03,1.33636,1.97824,0.81307,0.72088,1.1573
2007-04-04,1.33636,1.9755,0.818,0.72051,1.1583
2007-04-05,1.34264,1.97083,0.81927,0.72301,1.1509
2007-04-06,1.33797,1.96541,0.81773,0.72213,1.1511
2007-04-09,1.33672,1.96078,0.81673,0.72051,1.1522
2007-04-10,1.34354,1.97161,0.82501,0.72908,1.1479
2007-04-11,1.34354,1.97863,0.8259,0.72828,1.1449
2007-04-12,1.34844,1.97707,0.82761,0.7286,1.1362
2007-04-13,1.35172,1.98295,0.83257,0.73752,1.1379
2007-04-16,1.35501,1.99084,0.83271,0.74091,1.1309
2007-04-17,1.35685,2.00602,0.83668,0.74438,1.1293
2007-04-18,1.3574,2.00401,0.83528,0.74322,1.1288
2007-04-19,1.36054,2.0028,0.83563,0.74388,1.1286
2007-04-20,1.36017,2.00481,0.83633,0.74621,1.1227
2007-04-23,1.35796,2.0016,0.83389,0.74621,1.1225
2007-04-24,1.36221,2.0028,0.82843,0.74261,1.1228
2007-04-25,1.36463,2.00401,0.83333,0.74521,1.1146
2007-04-26,1.35906,1.99045,0.82542,0.7373,1.1202
2007-04-27,1.36258,1.9984,0.83112,0.74102,1.1152
2007-04-30,1.36593,2.0,0.83257,0.7425,1.1068
2007-05-01,1.35999,1.9992,0.82871,0.74167,1.1088
2007-05-02,1.3598,1.99084,0.82467,0.73872,1.1087
2007-05-03,1.35667,1.98768,0.82413,0.73632,1.1069
2007-05-04,1.3587,1.99322,0.82068,0.73529,1.1069
2007-05-07,1.36166,1.99442,0.82542,0.73768,1.1024
2007-05-08,1.35318,1.99005,0.82768,0.73719,1.1048
2007-05-09,1.35483,1.99641,0.8285,0.73448,1.1063
2007-05-10,1.35117,1.98334,0.83202,0.7326,1.1073
2007-05-11,1.3519,1.98255,0.83257,0.73421,1.1136
2007-05-14,1.35446,1.9802,0.83333,0.73839,1.1067
2007-05-15,1.36036,1.9861,0.83479,0.73872,1.0976
2007-05-16,1.35227,1.97746,0.82481,0.7333,1.1028
2007-05-17,1.34935,1.97472,0.8219,0.73051,1.0976
2007-05-18,1.35117,1.9755,0.82501,0.73099,1.0883
2007-05-21,1.34571,1.96967,0.82001,0.72939,1.0854
2007-05-22,1.34644,1.97668,0.82129,0.72748,1.0854
2007-05-23,1.34825,1.98807,0.82461,0.73121,1.0816
2007-05-24,1.34282,1.98531,0.82068,0.72511,1.0841
2007-05-25,1.34517,1.98452,0.819,0.72669,1.0794
2007-05-29,1.34825,1.98138,0.82021,0.72892,1.0719
2007-05-30,1.34192,1.97472,0.82203,0.73041,1.0753
2007-05-31,1.34535,1.97981,0.8272,0.73649,1.0701
2007-06-01,1.34409,1.98059,0.83132,0.74338,1.0602
2007-06-04,1.3488,1.99203,0.8341,0.74727,1.0579
2007-06-05,1.35263,1.99402,0.8371,0.7516,1.0605
2007-06-06,1.34916,1.99164,0.84083,0.75058,1.0586
2007-06-07,1.34553,1.97981,0.84467,0.7554,1.0611
2007-06-08,1.33583,1.9658,0.84267,0.75649,1.0622
2007-06-11,1.33583,1.9685,0.8426,0.74929,1.0614
2007-06-12,1.33245,1.97511,0.84388,0.75199,1.0636
2007-06-13,1.32943,1.97278,0.84019,0.75041,1.0668
2007-06-14,1.33103,1.96967,0.83493,0.75019,1.0684
2007-06-15,1.33654,1.97668,0.83998,0.7533,1.0678
2007-06-18,1.34012,1.98216,0.84211,0.75398,1.072
2007-06-19,1.34156,1.98847,0.84602,0.75792,1.0638
2007-06-20,1.34264,1.99362,0.84581,0.76272,1.0646
2007-06-21,1.33994,1.99243,0.84681,0.76208,1.0727
2007-06-22,1.34372,1.9976,0.84818,0.76699,1.0676
2007-06-25,1.34499,1.99601,0.84803,0.76628,1.0712
2007-06-26,1.3468,1.9996,0.84739,0.76681,1.0692
2007-06-27,1.34336,1.99641,0.83752,0.7589,1.0716
2007-06-28,1.34662,2.002,0.8461,0.76929,1.0626
2007-06-29,1.35208,2.00642,0.84911,0.77298,1.0634
2007-07-02,1.36277,2.01613,0.85962,0.78302,1.0553
2007-07-03,1.36147,2.01694,0.85434,0.78137,1.0593
2007-07-05,1.35925,2.01126,0.85609,0.7829,1.0567
2007-07-06,1.36258,2.01207,0.8569,0.78229,1.0478
2007-07-09,1.36221,2.01654,0.86051,0.78088,1.0479
2007-07-10,1.37137,2.0247,0.86222,0.77942,1.052
2007-07-11,1.37571,2.03211,0.8614,0.7793,1.0557
2007-07-12,1.3776,2.02881,0.86378,0.78192,1.0467
2007-07-13,1.37874,2.03459,0.86881,0.78592,1.0476
2007-07-16,1.37855,2.03749,0.87222,0.7922,1.043
2007-07-17,1.37817,2.04541,0.87321,0.79101,1.0435
2007-07-18,1.38083,2.05339,0.87781,0.79403,1.0435
2007-07-19,1.38102,2.04918,0.87958,0.79233,1.0425
2007-07-20,1.38313,2.05677,0.87958,0.7965,1.044
2007-07-23,1.38179,2.05846,0.88347,0.80379,1.045
2007-07-24,1.38236,2.06271,0.8841,0.80893,1.0372
2007-07-25,1.37118,2.05128,0.88277,0.80321,1.0423
2007-07-26,1.37306,2.04876,0.87796,0.79101,1.0504
2007-07-27,1.36463,2.02881,0.85602,0.76529,1.059
2007-07-30,1.36818,2.02388,0.85092,0.76249,1.0689
2007-07-31,1.37118,2.03625,0.8594,0.77149,1.0656
2007-08-01,1.36818,2.03087,0.85368,0.76243,1.0565
2007-08-02,1.3693,2.03459,0.85948,0.7697,1.0528
2007-08-03,1.37855,2.04248,0.85727,0.76429,1.0526
2007-08-06,1.37893,2.02922,0.85719,0.76243,1.0513
2007-08-07,1.37476,2.0202,0.85434,0.76109,1.0553
2007-08-08,1.38083,2.03666,0.86177,0.76829,1.0497
2007-08-09,1.37005,2.02716,0.85419,0.75781,1.0566
2007-08-10,1.36855,2.02184,0.84552,0.74621,1.0538
2007-08-13,1.3624,2.01248,0.84303,0.74019,1.0508
2007-08-14,1.35814,2.0,0.83843,0.73051,1.0635
2007-08-15,1.34789,1.99243,0.82427,0.71592,1.0746
2007-08-16,1.34012,1.98295,0.78598,0.67769,1.0754
2007-08-17,1.34916,1.98295,0.78871,0.68899,1.0635
2007-08-20,1.3468,1.98295,0.80051,0.6958,1.058
2007-08-21,1.34825,1.98138,0.8,0.69618,1.0601
2007-08-22,1.35355,1.99164,0.80431,0.70062,1.062
2007-08-23,1.35593,2.00361,0.8134,0.70872,1.0566
2007-08-24,1.36444,2.01005,0.8242,0.71829,1.0525
2007-08-27,1.36444,2.01329,0.82878,0.71818,1.0515
2007-08-28,1.36258,2.00642,0.82068,0.70319,1.0616
2007-08-29,1.36743,2.01816,0.819,0.70269,1.0592
2007-08-30,1.36482,2.01613,0.81833,0.70442,1.0567
2007-08-31,1.36407,2.01654,0.81573,0.70249,1.056
2007-09-03,1.36407,2.01654,0.81573,0.70249,1.056
2007-09-04,1.36054,2.01086,0.82447,0.69871,1.0493
2007-09-05,1.36687,2.02224,0.82447,0.68999,1.0508
2007-09-06,1.36968,2.02429,0.82747,0.69171,1.0534
2007-09-07,1.37722,2.0284,0.8259,0.6889,1.0546
2007-09-10,1.37931,2.02881,0.82379,0.69382,1.0532
2007-09-11,1.3837,2.03169,0.83098,0.70161,1.043
2007-09-12,1.39043,2.03128,0.84012,0.71398,1.0372
2007-09-13,1.3885,2.02799,0.83949,0.7171,1.0324
2007-09-14,1.38485,2.00682,0.84147,0.7125,1.0292
2007-09-17,1.386,1.99203,0.83278,0.70442,1.0307
2007-09-18,1.38696,1.9972,0.83633,0.70992,1.0234
2007-09-19,1.39509,1.9984,0.85551,0.73282,1.0147
2007-09-20,1.40924,2.01329,0.86408,0.74272,1.0011
2007-09-21,1.40766,2.02061,0.86498,0.74151,1.0008
2007-09-24,1.40865,2.02224,0.86693,0.74499,1.0011
2007-09-25,1.41283,2.01694,0.86911,0.73921,1.0005
2007-09-26,1.41263,2.01572,0.87489,0.74449,1.0045
2007-09-27,1.41383,2.02347,0.87758,0.74789,1.0031
2007-09-28,1.42187,2.03874,0.8855,0.75677,0.9959
2007-10-01,1.42288,2.04374,0.8931,0.76622,0.9929
2007-10-02,1.41623,2.04165,0.88456,0.7608,1.0002
2007-10-03,1.41343,2.03707,0.88818,0.76023,0.9961
2007-10-04,1.41283,2.03915,0.88834,0.75529,0.998
2007-10-05,1.41543,2.04374,0.89977,0.76272,0.9815
2007-10-08,1.41543,2.04374,0.89977,0.76272,0.9815
2007-10-09,1.40924,2.03293,0.8975,0.7622,0.9846
2007-10-10,1.41563,2.04332,0.8992,0.76383,0.9813
2007-10-11,1.42288,2.03417,0.90432,0.77381,0.9744
2007-10-12,1.41683,2.03417,0.90416,0.77549,0.9737
2007-10-15,1.42167,2.04207,0.90123,0.76529,0.9756
2007-10-16,1.41643,2.03252,0.88598,0.74538,0.9778
2007-10-17,1.42086,2.03874,0.89421,0.75381,0.9736
2007-10-18,1.42918,2.04583,0.89469,0.75279,0.9733
2007-10-19,1.42633,2.04834,0.8935,0.75188,0.9637
2007-10-22,1.41383,2.02799,0.8785,0.74113,0.9811
2007-10-23,1.4247,2.0496,0.89429,0.75262,0.9673
2007-10-24,1.42369,2.04918,0.89969,0.75131,0.971
2007-10-25,1.43,2.04834,0.90588,0.7608,0.9673
2007-10-26,1.43906,2.05128,0.91634,0.76488,0.9619
2007-10-29,1.44051,2.06101,0.92106,0.76829,0.9547
2007-10-30,1.44238,2.06697,0.91853,0.76622,0.9534
2007-10-31,1.44676,2.07771,0.92713,0.76929,0.9496
2007-11-01,1.44342,2.0816,0.91861,0.7626,0.9497
2007-11-02,1.44802,2.08203,0.91802,0.76121,0.936
2007-11-05,1.44697,2.07987,0.91962,0.76687,0.9337
2007-11-06,1.4556,2.08594,0.92533,0.7761,0.9243
2007-11-07,1.46671,2.10438,0.93694,0.78388,0.9168
2007-11-08,1.46908,2.1106,0.92661,0.77628,0.9303
2007-11-09,1.46649,2.09118,0.91449,0.76699,0.9385
2007-11-13,1.45985,2.07297,0.88928,0.75438,0.9639
2007-11-14,1.46692,2.05846,0.90017,0.76458,0.9608
2007-11-15,1.46391,2.04834,0.89206,0.75832,0.9804
2007-11-16,1.4652,2.04792,0.89087,0.75592,0.9727
2007-11-19,1.46585,2.04792,0.88347,0.75472,0.9839
2007-11-20,1.47863,2.06526,0.88739,0.76231,0.9848
2007-11-21,1.4828,2.05846,0.86979,0.75069,0.9894
2007-11-22,1.4828,2.05846,0.86979,0.75069,0.9894
2007-11-23,1.48258,2.05634,0.87443,0.7558,0.9887
2007-11-26,1.4861,2.06825,0.87781,0.7558,0.9877
2007-11-27,1.4817,2.06526,0.87443,0.75781,0.9968
2007-11-28,1.47493,2.06868,0.88168,0.77018,0.9907
2007-11-29,1.47667,2.06441,0.883,0.7722,0.9928
2007-11-30,1.46886,2.05677,0.8848,0.76711,1.0007
2007-12-03,1.46563,2.06569,0.88277,0.76669,1.0
2007-12-04,1.4758,2.05761,0.8726,0.76272,1.0106
2007-12-05,1.46671,2.02881,0.87093,0.76852,1.0127
2007-12-06,1.4637,2.02881,0.87313,0.77322,1.0125
2007-12-07,1.46649,2.02881,0.88067,0.77948,1.0051
2007-12-10,1.47145,2.04583,0.88292,0.77918,1.0103
2007-12-11,1.47016,2.03874,0.88668,0.78278,1.0107
2007-12-12,1.47016,2.0496,0.88566,0.7897,1.0107
2007-12-13,1.459,2.03957,0.87451,0.78192,1.0216
2007-12-14,1.44321,2.01979,0.86199,0.76752,1.0135
2007-12-17,1.43699,2.01694,0.85697,0.75358,1.0072
2007-12-18,1.43926,2.0141,0.85572,0.75131,1.0105
2007-12-19,1.43431,1.99322,0.85668,0.75569,1.0056
2007-12-20,1.43534,1.98216,0.85771,0.75597,0.9983
2007-12-21,1.43616,1.98334,0.86573,0.76458,0.9943
2007-12-24,1.44092,1.97746,0.87047,0.76728,0.9871
2007-12-26,1.44991,1.98334,0.87336,0.76823,0.9834
2007-12-27,1.46007,1.99084,0.87727,0.76982,0.9808
2007-12-28,1.47189,1.99283,0.87397,0.77298,0.9784
2007-12-31,1.46028,1.98413,0.87758,0.76781,0.9881
2008-01-02,1.47384,1.98255,0.88121,0.77322,0.9922
2008-01-03,1.47362,1.97316,0.88191,0.77519,0.9905
2008-01-04,1.47863,1.97589,0.87619,0.77119,0.9988
2008-01-07,1.46843,1.97044,0.87123,0.76652,1.005
2008-01-08,1.47167,1.97316,0.88121,0.77178,0.9985
2008-01-09,1.46628,1.95656,0.88013,0.77131,1.0083
2008-01-10,1.47406,1.95656,0.88913,0.7818,1.0139
2008-01-11,1.47863,1.95925,0.8927,0.78481,1.0198
2008-01-14,1.48765,1.95848,0.89807,0.79001,1.021
2008-01-15,1.48412,1.96696,0.88747,0.78113,1.0167
2008-01-16,1.46434,1.96386,0.87796,0.76988,1.0238
2008-01-17,1.46908,1.97433,0.88269,0.76941,1.029
2008-01-18,1.46156,1.95274,0.87589,0.75758,1.0294
2008-01-22,1.46092,1.95771,0.86843,0.764,1.0248
2008-01-23,1.4573,1.9516,0.86543,0.75838,1.0282
2008-01-24,1.47362,1.97316,0.87897,0.77351,1.0071
2008-01-25,1.46735,1.9802,0.88168,0.77071,1.0044
2008-01-28,1.47885,1.9857,0.88331,0.77477,1.0042
2008-01-29,1.47667,1.9857,0.88952,0.77827,0.9978
2008-01-30,1.4782,1.98807,0.88928,0.78137,0.9936
2008-01-31,1.48412,1.98965,0.89678,0.78839,1.0018
2008-02-01,1.485,1.96889,0.90351,0.79479,0.9939
2008-02-04,1.48324,1.97785,0.90909,0.79491,0.9927
2008-02-05,1.4637,1.96271,0.89969,0.78518,1.0043
2008-02-06,1.46477,1.9604,0.89831,0.7853,1.0023
2008-02-07,1.44949,1.94212,0.89421,0.79001,1.0115
2008-02-08,1.45054,1.94742,0.89453,0.78808,0.9994
2008-02-11,1.45054,1.94856,0.90269,0.78821,1.0018
2008-02-12,1.45921,1.96232,0.9058,0.79441,0.9963
2008-02-13,1.45688,1.96194,0.89342,0.78272,0.9992
2008-02-14,1.46349,1.97083,0.90342,0.78952,0.9967
2008-02-15,1.46735,1.96117,0.90686,0.78889,1.0013
2008-02-19,1.47427,1.95122,0.9203,0.79942,1.0159
2008-02-20,1.46628,1.94062,0.91483,0.79447,1.0188
2008-02-21,1.48126,1.96155,0.92064,0.80077,1.0083
2008-02-22,1.48258,1.96696,0.92047,0.806,1.0155
2008-02-25,1.48214,1.96696,0.92319,0.80821,0.9982
2008-02-26,1.48898,1.97472,0.9292,0.81281,0.9861
2008-02-27,1.51309,1.99243,0.94171,0.81753,0.9776
2008-02-28,1.51722,1.98807,0.94634,0.8146,0.9717
2008-02-29,1.5186,1.98649,0.93703,0.8027,0.9796
2008-03-03,1.51953,1.98491,0.94091,0.80697,0.9867
2008-03-04,1.52091,1.98531,0.92268,0.79732,0.9954
2008-03-05,1.52812,1.99402,0.93188,0.80032,0.9897
2008-03-06,1.53563,2.00723,0.93171,0.80038,0.9847
2008-03-07,1.53327,2.01288,0.92833,0.79428,0.9916
2008-03-10,1.53681,2.01654,0.91768,0.79089,0.9975
2008-03-11,1.5328,2.00401,0.9249,0.79949,0.9953
2008-03-12,1.54943,2.02102,0.93223,0.80632,0.9895
2008-03-13,1.55836,2.03128,0.94109,0.8134,0.9841
2008-03-14,1.56031,2.02922,0.93712,0.81493,0.9867
2008-03-17,1.57654,2.0008,0.91836,0.79898,0.9977
2008-03-18,1.57828,2.02143,0.92713,0.80939,0.9938
2008-03-19,1.56421,1.9857,0.9214,0.80341,1.0027
2008-03-20,1.54178,1.98216,0.89582,0.78808,1.0265
2008-03-21,1.54464,1.98255,0.90163,0.79202,1.0239
2008-03-24,1.53941,1.98531,0.90621,0.79681,1.0203
2008-03-25,1.55958,1.9996,0.91358,0.8036,1.0176
2008-03-26,1.57604,2.002,0.91962,0.80289,1.018
2008-03-27,1.57978,2.00965,0.92022,0.80412,1.0146
2008-03-28,1.5758,1.98886,0.91878,0.79821,1.018
2008-03-31,1.58053,1.98531,0.91316,0.78598,1.0275
2008-04-01,1.56152,1.97746,0.9067,0.78137,1.0268
2008-04-02,1.56177,1.98255,0.91341,0.79051,1.0173
2008-04-03,1.56666,1.99601,0.91516,0.78629,1.0079
2008-04-04,1.57356,1.99481,0.9214,0.78839,1.0088
2008-04-07,1.57134,1.98531,0.92739,0.79681,1.0108
2008-04-08,1.5706,1.96889,0.92782,0.79669,1.0151
2008-04-09,1.58028,1.97278,0.92833,0.79618,1.0192
2008-04-10,1.57431,1.97433,0.9324,0.79853,1.0178
2008-04-11,1.57953,1.97083,0.92902,0.79422,1.0216
2008-04-14,1.58278,1.98177,0.92293,0.78759,1.0207
2008-04-15,1.58003,1.96271,0.92447,0.78419,1.0181
2008-04-16,1.5977,1.9755,0.93958,0.79108,1.0021
2008-04-17,1.59236,1.99084,0.93703,0.78821,1.0107
2008-04-18,1.57431,1.99641,0.92937,0.78703,1.0084
2008-04-21,1.58806,1.98138,0.9418,0.79359,1.0066
2008-04-22,1.60102,1.9992,0.94581,0.79789,1.0033
2008-04-23,1.58983,1.97863,0.94877,0.79891,1.0194
2008-04-24,1.56691,1.97161,0.9395,0.78902,1.0131
2008-04-25,1.56348,1.98334,0.93301,0.7826,1.0163
2008-04-28,1.5647,1.99084,0.9395,0.78691,1.0158
2008-04-29,1.56031,1.97472,0.93467,0.7761,1.0128
2008-04-30,1.5569,1.98452,0.94189,0.78101,1.0092
2008-05-01,1.54583,1.97472,0.93379,0.77712,1.0187
2008-05-02,1.54321,1.9755,0.93659,0.78247,1.0182
2008-05-05,1.54919,1.96773,0.94536,0.78567,1.0125
2008-05-06,1.55473,1.97472,0.94814,0.79151,1.0036
2008-05-07,1.53704,1.95236,0.9426,0.78247,1.002
2008-05-08,1.54083,1.95427,0.94304,0.77322,1.0149
2008-05-09,1.54464,1.94856,0.94171,0.76681,1.0062
2008-05-12,1.55352,1.96155,0.9467,0.77089,1.0037
2008-05-13,1.55087,1.94704,0.94197,0.76787,0.9996
2008-05-14,1.54679,1.94515,0.93484,0.76249,1.0018
2008-05-15,1.54919,1.94894,0.94153,0.75971,0.9996
2008-05-16,1.55909,1.9581,0.95402,0.77381,0.9966
2008-05-19,1.55159,1.94704,0.9532,0.77298,0.9914
2008-05-20,1.56666,1.97044,0.95988,0.77592,0.9928
2008-05-21,1.57729,1.96696,0.96441,0.78052,0.984
2008-05-22,1.57035,1.97863,0.9552,0.78468,0.9861
2008-05-23,1.57828,1.98177,0.9608,0.78759,0.9883
2008-05-27,1.57307,1.97511,0.95877,0.78983,0.9932
2008-05-28,1.56274,1.98059,0.96163,0.78401,0.9913
2008-05-29,1.5528,1.97589,0.95447,0.77839,0.9871
2008-05-30,1.55594,1.97941,0.95511,0.78382,0.9938
2008-06-02,1.55497,1.96657,0.95484,0.78499,1.0011
2008-06-03,1.54536,1.96502,0.95447,0.7837,1.0051
2008-06-04,1.54536,1.95465,0.96052,0.78241,1.0145
2008-06-05,1.55594,1.95618,0.95666,0.76529,1.0195
2008-06-06,1.57307,1.96967,0.96034,0.76669,1.0187
2008-06-09,1.57183,1.97589,0.95229,0.7622,1.0223
2008-06-10,1.54727,1.95427,0.94482,0.75081,1.0241
2008-06-11,1.55618,1.96464,0.94868,0.75637,1.017
2008-06-12,1.54178,1.94666,0.93423,0.75019,1.023
2008-06-13,1.53681,1.9497,0.93897,0.75041,1.0282
2008-06-16,1.54727,1.96386,0.94038,0.75279,1.021
2008-06-17,1.55183,1.95427,0.94277,0.75409,1.0201
2008-06-18,1.55015,1.95695,0.94411,0.7562,1.0186
2008-06-19,1.55015,1.97278,0.94994,0.7619,1.013
2008-06-20,1.5625,1.97355,0.95402,0.76278,1.0173
2008-06-23,1.54919,1.96078,0.95066,0.75637,1.0161
2008-06-24,1.55909,1.97083,0.9573,0.75942,1.0135
2008-06-25,1.5569,1.96734,0.95402,0.75632,1.0134
2008-06-26,1.57381,1.98728,0.9573,0.75689,1.0121
2008-06-27,1.5748,1.99362,0.96098,0.7622,1.012
2008-06-30,1.5748,1.99045,0.95621,0.76092,1.0185
2008-07-01,1.57778,1.99283,0.95347,0.75672,1.022
2008-07-02,1.5868,1.99243,0.96339,0.76167,1.0127
2008-07-03,1.57085,1.98255,0.96043,0.75637,1.0204
2008-07-07,1.5647,1.96967,0.95311,0.75199,1.0174
2008-07-08,1.56519,1.9685,0.95329,0.75148,1.0205
2008-07-09,1.57431,1.98138,0.9585,0.76121,1.0108
2008-07-10,1.57704,1.97785,0.96209,0.75781,1.0103
2008-07-11,1.58983,1.98965,0.9674,0.76109,1.0093
2008-07-14,1.59134,1.99243,0.9721,0.76371,1.006
2008-07-15,1.59236,2.00361,0.97972,0.77208,1.0015
2008-07-16,1.58479,1.9996,0.97609,0.7719,1.002
2008-07-17,1.58604,2.00361,0.97504,0.76599,1.0018
2008-07-18,1.58554,1.9984,0.97276,0.7626,1.0053
2008-07-21,1.58781,1.998,0.97494,0.75982,1.0019
2008-07-22,1.58103,1.99402,0.97153,0.76051,1.0083
2008-07-23,1.57085,2.002,0.96358,0.75171,1.0088
2008-07-24,1.56568,1.98334,0.95703,0.74167,1.0114
2008-07-25,1.56863,1.98807,0.95621,0.74189,1.0167
2008-07-28,1.5748,1.99442,0.95712,0.7451,1.022
2008-07-29,1.55885,1.98059,0.95084,0.73638,1.026
2008-07-30,1.55594,1.98098,0.9434,0.73459,1.024
2008-07-31,1.55885,1.98059,0.94153,0.734,1.0261
2008-08-01,1.55666,1.97433,0.93171,0.7268,1.0251
2008-08-04,1.5569,1.96078,0.92989,0.7295,1.0355
2008-08-05,1.54679,1.95312,0.91567,0.72569,1.0425
2008-08-06,1.54083,1.9478,0.90777,0.71788,1.047
2008-08-07,1.53421,1.94401,0.90794,0.715,1.051
2008-08-08,1.50466,1.91939,0.8915,0.70502,1.0677
2008-08-11,1.49589,1.91424,0.88692,0.70121,1.0673
2008-08-12,1.49054,1.90042,0.87573,0.69891,1.0641
2008-08-13,1.48943,1.86811,0.86753,0.69672,1.0658
2008-08-14,1.48566,1.87161,0.87093,0.6995,1.0621
2008-08-15,1.46951,1.86498,0.8676,0.70552,1.0609
2008-08-18,1.47297,1.86741,0.87123,0.7124,1.0603
2008-08-19,1.47449,1.86567,0.871,0.7123,1.0606
2008-08-20,1.47016,1.86047,0.87123,0.71119,1.0627
2008-08-21,1.48743,1.87582,0.8785,0.71829,1.0454
2008-08-22,1.47995,1.85426,0.86889,0.71058,1.0456
2008-08-25,1.48038,1.85874,0.8676,0.70912,1.0463
2008-08-26,1.46606,1.83857,0.85609,0.69682,1.0486
2008-08-27,1.46843,1.83184,0.85529,0.69818,1.0483
2008-08-28,1.46843,1.82648,0.86177,0.7019,1.0527
2008-08-29,1.46692,1.81884,0.85631,0.69911,1.0631
2008-09-02,1.45222,1.7854,0.83598,0.6862,1.0698
2008-09-03,1.44886,1.77936,0.83521,0.6846,1.061
2008-09-04,1.43596,1.76897,0.82981,0.67939,1.064
2008-09-05,1.42735,1.76866,0.8107,0.66631,1.0637
2008-09-08,1.41263,1.75439,0.81513,0.66988,1.0694
2008-09-09,1.41723,1.7671,0.80808,0.67191,1.0677
2008-09-10,1.40193,1.75469,0.8036,0.66618,1.0735
2008-09-11,1.39392,1.74978,0.79783,0.6507,1.0797
2008-09-12,1.41723,1.78955,0.81699,0.66348,1.0606
2008-09-15,1.41743,1.78763,0.80802,0.65998,1.067
2008-09-16,1.41543,1.78031,0.7939,0.65841,1.0737
2008-09-17,1.42146,1.78955,0.78309,0.65398,1.0788
2008-09-18,1.43823,1.81851,0.79891,0.67182,1.0696
2008-09-19,1.43843,1.82983,0.82878,0.68691,1.0469
2008-09-22,1.46972,1.84843,0.8441,0.69391,1.0383
2008-09-23,1.47362,1.85563,0.8385,0.68498,1.0355
2008-09-24,1.46542,1.85014,0.83661,0.6862,1.0351
2008-09-25,1.46434,1.8406,0.83598,0.68348,1.0338
2008-09-26,1.45964,1.83993,0.82919,0.68578,1.0352
2008-09-29,1.43802,1.8044,0.81248,0.6782,1.0393
2008-09-30,1.40805,1.78031,0.79039,0.66899,1.0597
2008-10-01,1.40588,1.78031,0.79371,0.67852,1.0607
2008-10-02,1.38543,1.76554,0.777,0.66441,1.0769
2008-10-03,1.3816,1.77399,0.77501,0.6626,1.0815
2008-10-06,1.3508,1.73792,0.71388,0.62641,1.1027
2008-10-07,1.36482,1.75932,0.7216,0.63621,1.1055
2008-10-08,1.36799,1.731,0.66899,0.60168,1.1246
2008-10-09,1.36463,1.72236,0.70151,0.61709,1.1483
2008-10-10,1.34716,1.70358,0.65308,0.59598,1.19
2008-10-14,1.36575,1.74825,0.70542,0.62469,1.1599
2008-10-15,1.35667,1.74307,0.68329,0.61839,1.1804
2008-10-16,1.34156,1.72444,0.67078,0.6102,1.1953
2008-10-17,1.34626,1.7307,0.6907,0.61531,1.182
2008-10-20,1.33138,1.7135,0.69691,0.6195,1.1977
2008-10-21,1.31027,1.68379,0.68129,0.61218,1.2208
2008-10-22,1.28353,1.61734,0.66979,0.59368,1.2496
2008-10-23,1.28783,1.61812,0.66569,0.58921,1.2573
2008-10-24,1.2639,1.56299,0.61648,0.55389,1.2735
2008-10-27,1.24456,1.54727,0.60731,0.54101,1.2935
2008-10-28,1.24766,1.55909,0.6252,0.55279,1.2942
2008-10-29,1.28518,1.62973,0.66832,0.58551,1.2302
2008-10-30,1.28502,1.62707,0.66948,0.58772,1.2229
2008-10-31,1.26823,1.61655,0.65742,0.5815,1.2158
2008-11-03,1.27194,1.58554,0.68231,0.59751,1.1866
2008-11-04,1.30208,1.60953,0.70048,0.61248,1.1502
2008-11-05,1.30395,1.61551,0.6972,0.6075,1.159
2008-11-06,1.27567,1.58128,0.67898,0.59641,1.1816
2008-11-07,1.27763,1.57878,0.67259,0.5898,1.183
2008-11-10,1.276,1.56397,0.67549,0.5871,1.1948
2008-11-12,1.25581,1.50128,0.64491,0.56402,1.2296
2008-11-13,1.25266,1.47995,0.6402,0.5562,1.2311
2008-11-14,1.27307,1.4861,0.66269,0.5624,1.2241
2008-11-17,1.27259,1.50308,0.65621,0.5601,1.2213
2008-11-18,1.26904,1.50421,0.65751,0.555,1.2237
2008-11-19,1.25945,1.50943,0.65011,0.5506,1.237
2008-11-20,1.25251,1.47885,0.61912,0.53121,1.285
2008-11-21,1.25313,1.4817,0.62539,0.53129,1.2849
2008-11-24,1.28899,1.51768,0.65011,0.54711,1.2246
2008-11-25,1.30293,1.53492,0.6488,0.5469,1.2214
2008-11-26,1.28287,1.52184,0.647,0.54921,1.2338
2008-11-28,1.26936,1.53468,0.65458,0.54999,1.236
2008-12-01,1.26342,1.4839,0.6447,0.5355,1.237
2008-12-02,1.27243,1.49499,0.64429,0.53189,1.2422
2008-12-03,1.26695,1.4782,0.64821,0.53359,1.2573
2008-12-04,1.28403,1.47907,0.6527,0.53821,1.254
2008-12-05,1.26534,1.46049,0.63432,0.5248,1.2971
2008-12-08,1.29416,1.48302,0.66441,0.5449,1.257
2008-12-09,1.29366,1.47754,0.65998,0.54339,1.2602
2008-12-10,1.30242,1.48302,0.66151,0.54771,1.2553
2008-12-11,1.32943,1.49522,0.67792,0.55571,1.2181
2008-12-12,1.33494,1.48743,0.65798,0.54481,1.2453
2008-12-15,1.36631,1.52788,0.67132,0.55559,1.235
2008-12-16,1.38102,1.5321,0.67751,0.5652,1.2238
2008-12-17,1.43575,1.5456,0.69672,0.58921,1.2058
2008-12-18,1.4298,1.51035,0.69852,0.59361,1.1962
2008-12-19,1.38754,1.48544,0.6806,0.5758,1.2273
2008-12-22,1.39528,1.4806,0.6832,0.57418,1.2188
2008-12-23,1.39665,1.47601,0.68041,0.56689,1.216
2008-12-24,1.39645,1.46735,0.68259,0.57451,1.2125
2008-12-26,1.40627,1.46994,0.68138,0.576,1.2207
2008-12-29,1.42328,1.459,0.69502,0.58251,1.2162
2008-12-30,1.40845,1.43947,0.69061,0.577,1.2215
2008-12-31,1.39198,1.46199,0.69832,0.5815,1.224
2009-01-02,1.39451,1.45201,0.70832,0.585,1.2101
2009-01-05,1.35759,1.46028,0.71459,0.58799,1.192
2009-01-06,1.34445,1.47776,0.7187,0.59449,1.1822
2009-01-07,1.37174,1.52532,0.72119,0.6006,1.185
2009-01-08,1.37137,1.51906,0.70711,0.59291,1.189
2009-01-09,1.34953,1.52393,0.70631,0.5933,1.192
2009-01-12,1.33476,1.4828,0.68138,0.5787,1.2075
2009-01-13,1.31978,1.45285,0.66751,0.5523,1.2255
2009-01-14,1.31735,1.46177,0.66401,0.54289,1.2373
2009-01-15,1.30941,1.46028,0.65578,0.5305,1.2623
2009-01-16,1.32433,1.47362,0.666,0.54151,1.254
2009-01-20,1.29467,1.40233,0.65742,0.52729,1.2604
2009-01-21,1.287,1.37287,0.64952,0.52151,1.2749
2009-01-22,1.2955,1.38408,0.65441,0.52651,1.2624
2009-01-23,1.28485,1.36575,0.65219,0.52701,1.2478
2009-01-26,1.31234,1.39606,0.66098,0.53059,1.22
2009-01-27,1.31596,1.41483,0.6602,0.5284,1.2292
2009-01-28,1.32433,1.43164,0.66988,0.5345,1.2096
2009-01-29,1.29887,1.42613,0.65501,0.5161,1.2187
2009-01-30,1.28041,1.44134,0.638,0.50839,1.2365
2009-02-02,1.28074,1.42288,0.63199,0.50259,1.2408
2009-02-03,1.30107,1.43947,0.64758,0.5113,1.2334
2009-02-04,1.28568,1.44718,0.6499,0.51169,1.2268
2009-02-05,1.28386,1.46327,0.65389,0.51549,1.2307
2009-02-06,1.28733,1.47754,0.6715,0.53,1.2388
2009-02-09,1.30634,1.49365,0.68339,0.54419,1.219
2009-02-10,1.29668,1.46049,0.65889,0.5286,1.2332
2009-02-11,1.28932,1.43678,0.65488,0.52601,1.2418
2009-02-12,1.28222,1.4247,0.6507,0.52029,1.2478
2009-02-13,1.28783,1.44217,0.6595,0.52659,1.2435
2009-02-17,1.25707,1.42248,0.63861,0.51101,1.2606
2009-02-18,1.25471,1.42349,0.63849,0.5107,1.2592
2009-02-19,1.26743,1.43062,0.64499,0.5123,1.259
2009-02-20,1.26904,1.43328,0.64189,0.50741,1.2543
2009-02-23,1.2747,1.45539,0.64562,0.5102,1.2508
2009-02-24,1.27421,1.44071,0.64288,0.50989,1.2468
2009-02-25,1.27307,1.42653,0.64758,0.51169,1.2558
2009-02-26,1.27632,1.4341,0.65359,0.5113,1.2455
2009-02-27,1.26614,1.42755,0.64189,0.50299,1.271
2009-03-02,1.25802,1.39899,0.63012,0.49261,1.2891
2009-03-03,1.25486,1.40331,0.63881,0.4952,1.2937
2009-03-04,1.26072,1.41423,0.6499,0.506,1.2768
2009-03-05,1.25644,1.41243,0.64082,0.5015,1.2875
2009-03-06,1.26743,1.41103,0.64082,0.50411,1.2865
2009-03-09,1.26358,1.37571,0.63111,0.49271,1.2995
2009-03-10,1.27518,1.38408,0.64729,0.50309,1.2796
2009-03-11,1.27747,1.37798,0.64969,0.50641,1.2808
2009-03-12,1.27992,1.38102,0.64729,0.51401,1.2909
2009-03-13,1.28916,1.39723,0.65759,0.52441,1.2752
2009-03-16,1.29971,1.40905,0.66111,0.532,1.2723
2009-03-17,1.29719,1.40174,0.65911,0.5284,1.2717
2009-03-18,1.31096,1.39743,0.65889,0.52851,1.2715
2009-03-19,1.37306,1.45836,0.69271,0.56079,1.2336
2009-03-20,1.35667,1.44342,0.68918,0.56051,1.237
2009-03-23,1.35685,1.4497,0.6994,0.56941,1.2322
2009-03-24,1.35245,1.47297,0.70171,0.56831,1.2263
2009-03-25,1.35391,1.45858,0.70092,0.5688,1.2245
2009-03-26,1.35593,1.4497,0.7022,0.57951,1.2327
2009-03-27,1.33067,1.43246,0.69459,0.5713,1.2392
2009-03-30,1.31458,1.41483,0.67879,0.56189,1.2582
2009-03-31,1.32608,1.43,0.69252,0.56918,1.2606
2009-04-01,1.32223,1.4403,0.69411,0.56351,1.264
2009-04-02,1.34571,1.46994,0.7169,0.5818,1.238
2009-04-03,1.34463,1.48017,0.71028,0.58001,1.2335
2009-04-06,1.33636,1.47124,0.71008,0.5871,1.2427
2009-04-07,1.3282,1.47449,0.71602,0.57981,1.2339
2009-04-08,1.32873,1.46929,0.71098,0.5787,1.2353
2009-04-09,1.31492,1.4622,0.71679,0.58079,1.2273
2009-04-10,1.31423,1.46349,0.71891,0.58289,1.2273
2009-04-13,1.33547,1.48302,0.72881,0.58862,1.221
2009-04-14,1.32767,1.49076,0.7286,0.58569,1.2093
2009-04-15,1.31822,1.49903,0.7228,0.5759,1.204
2009-04-16,1.31978,1.49098,0.7201,0.57091,1.2062
2009-04-17,1.30293,1.47776,0.72041,0.56741,1.2146
2009-04-20,1.29032,1.45328,0.702,0.5559,1.2338
2009-04-21,1.29786,1.46886,0.70952,0.56281,1.2373
2009-04-22,1.30124,1.4497,0.71088,0.559,1.2361
2009-04-23,1.3048,1.46349,0.71048,0.55791,1.2291
2009-04-24,1.32767,1.46972,0.72202,0.57221,1.2095
2009-04-27,1.31354,1.46778,0.71572,0.56941,1.2106
2009-04-28,1.30617,1.46071,0.70432,0.559,1.2238
2009-04-29,1.33245,1.48017,0.7268,0.5759,1.2008
2009-04-30,1.32433,1.47995,0.73169,0.56951,1.1939
2009-05-01,1.32679,1.4881,0.72902,0.5687,1.1868
2009-05-04,1.33654,1.49858,0.73883,0.57399,1.1779
2009-05-05,1.33743,1.50989,0.7436,0.58211,1.1758
2009-05-06,1.33138,1.50625,0.74671,0.58251,1.1726
2009-05-07,1.34102,1.50195,0.75792,0.5962,1.1714
2009-05-08,1.34935,1.50898,0.76092,0.59841,1.158
2009-05-11,1.36203,1.51446,0.76138,0.60621,1.1591
2009-05-12,1.36388,1.52393,0.76348,0.60401,1.1671
2009-05-13,1.36129,1.51653,0.757,0.59471,1.1686
2009-05-14,1.36073,1.51953,0.75729,0.59439,1.1726
2009-05-15,1.35391,1.5223,0.75262,0.58789,1.1756
2009-05-18,1.35026,1.53092,0.75959,0.59102,1.1656
2009-05-19,1.36073,1.55015,0.77411,0.60241,1.1567
2009-05-20,1.37646,1.56691,0.777,0.6095,1.1434
2009-05-21,1.38045,1.57629,0.77429,0.60591,1.1412
2009-05-22,1.40056,1.58932,0.7853,0.6215,1.1234
2009-05-26,1.39919,1.59388,0.78419,0.62208,1.1199
2009-05-27,1.39237,1.60668,0.7874,0.62301,1.112
2009-05-28,1.39489,1.59566,0.7861,0.6259,1.1123
2009-05-29,1.41263,1.61603,0.7993,0.63698,1.0957
2009-06-01,1.41924,1.64474,0.81011,0.65091,1.087
2009-06-02,1.42694,1.65153,0.8194,0.65509,1.0828
2009-06-03,1.41945,1.64042,0.81031,0.63971,1.0973
2009-06-04,1.41864,1.61734,0.79898,0.63151,1.0997
2009-06-05,1.39899,1.60179,0.80122,0.63279,1.1144
2009-06-08,1.38831,1.5977,0.78511,0.61782,1.1228
2009-06-09,1.40135,1.62681,0.79802,0.62461,1.1042
2009-06-10,1.39821,1.63345,0.80431,0.62949,1.11
2009-06-11,1.40924,1.65481,0.81947,0.64549,1.0977
2009-06-12,1.4039,1.65235,0.81321,0.6428,1.117
2009-06-15,1.37836,1.62681,0.79202,0.62901,1.1338
2009-06-16,1.38773,1.64447,0.8,0.63452,1.1325
2009-06-17,1.38504,1.6292,0.78871,0.6285,1.1371
2009-06-18,1.39782,1.63693,0.80379,0.64371,1.1273
2009-06-19,1.39978,1.65371,0.8111,0.64758,1.1287
2009-06-22,1.38466,1.63425,0.78958,0.63159,1.1547
2009-06-23,1.40351,1.63452,0.79008,0.6365,1.1557
2009-06-24,1.40154,1.64853,0.80283,0.64591,1.1462
2009-06-25,1.39528,1.63372,0.79898,0.643,1.1576
2009-06-26,1.40568,1.64989,0.80528,0.6445,1.1527
2009-06-29,1.40588,1.65317,0.80658,0.65041,1.158
2009-06-30,1.40193,1.64528,0.80548,0.6447,1.1626
2009-07-01,1.41864,1.65235,0.8105,0.6452,1.1446
2009-07-02,1.40174,1.63988,0.79479,0.62949,1.16
2009-07-03,1.39919,1.63372,0.79859,0.6306,1.1625
2009-07-06,1.39373,1.62311,0.7922,0.63012,1.1608
2009-07-07,1.39645,1.61577,0.79631,0.63528,1.163
2009-07-08,1.38523,1.60282,0.77803,0.62418,1.165
2009-07-09,1.40252,1.62999,0.78339,0.63032,1.1623
2009-07-10,1.39256,1.61838,0.77507,0.6259,1.1649
2009-07-13,1.39723,1.61786,0.7807,0.63099,1.1541
2009-07-14,1.39704,1.62946,0.78952,0.63528,1.1401
2009-07-15,1.41163,1.64393,0.80412,0.64939,1.1192
2009-07-16,1.41143,1.64177,0.80192,0.6445,1.1172
2009-07-17,1.41203,1.63292,0.80128,0.64321,1.1168
2009-07-20,1.42106,1.64935,0.81307,0.65509,1.1065
2009-07-21,1.41965,1.64177,0.81228,0.65449,1.1077
2009-07-22,1.42207,1.64393,0.81613,0.65742,1.098
2009-07-23,1.42653,1.65618,0.82061,0.66142,1.0867
2009-07-24,1.42126,1.64312,0.81619,0.65699,1.0843
2009-07-27,1.42126,1.64853,0.82122,0.65509,1.0833
2009-07-28,1.42146,1.64772,0.82871,0.6592,1.0802
2009-07-29,1.40331,1.638,0.81639,0.65411,1.0881
2009-07-30,1.40667,1.64826,0.8272,0.65308,1.0814
2009-07-31,1.42796,1.6714,0.83389,0.6605,1.0791
2009-08-03,1.44155,1.69549,0.84282,0.66832,1.065
2009-08-04,1.44009,1.69319,0.84218,0.66711,1.0685
2009-08-05,1.43906,1.69779,0.83843,0.67218,1.0722
2009-08-06,1.43575,1.67729,0.8397,0.67101,1.076
2009-08-07,1.41804,1.66694,0.8371,0.6724,1.0838
2009-08-10,1.41423,1.6488,0.83773,0.67558,1.0848
2009-08-11,1.41403,1.65017,0.8296,0.66858,1.0987
2009-08-12,1.42146,1.65371,0.83333,0.67249,1.0875
2009-08-13,1.42837,1.6581,0.83963,0.67769,1.0881
2009-08-14,1.42167,1.65289,0.83229,0.6776,1.0973
2009-08-17,1.40885,1.63239,0.82338,0.66849,1.1077
2009-08-18,1.40746,1.64177,0.82008,0.67132,1.1097
2009-08-19,1.42613,1.65563,0.82932,0.67481,1.0968
2009-08-20,1.42349,1.64935,0.83077,0.67558,1.0902
2009-08-21,1.43041,1.65017,0.83493,0.68292,1.0799
2009-08-24,1.43205,1.64177,0.84069,0.68842,1.074
2009-08-25,1.43493,1.64312,0.84118,0.68899,1.0727
2009-08-26,1.42308,1.62338,0.82727,0.67981,1.0988
2009-08-27,1.42714,1.62127,0.83549,0.6825,1.0961
2009-08-28,1.43575,1.63319,0.84253,0.68691,1.0875
2009-08-31,1.43534,1.63132,0.84388,0.68559,1.0967
2009-09-01,1.42349,1.61681,0.83063,0.67939,1.1028
2009-09-02,1.4245,1.62681,0.83229,0.67209,1.106
2009-09-03,1.42776,1.63532,0.84062,0.6787,1.1034
2009-09-04,1.42776,1.63773,0.84846,0.6862,1.0894
2009-09-08,1.4497,1.65125,0.86363,0.69672,1.0762
2009-09-09,1.4573,1.65563,0.86393,0.69711,1.0783
2009-09-10,1.45688,1.665,0.85962,0.69832,1.0811
2009-09-11,1.45858,1.66945,0.8649,0.70791,1.0742
2009-09-14,1.46135,1.65893,0.86036,0.69999,1.0859
2009-09-15,1.46177,1.64366,0.86029,0.7019,1.076
2009-09-16,1.46972,1.65017,0.87237,0.71311,1.0662
2009-09-17,1.47341,1.65207,0.87313,0.71129,1.0615
2009-09-18,1.47037,1.62655,0.86678,0.70912,1.0721
2009-09-21,1.46929,1.62285,0.86363,0.70741,1.0775
2009-09-22,1.47951,1.638,0.87359,0.72192,1.0683
2009-09-23,1.47514,1.64042,0.87222,0.7228,1.0722
2009-09-24,1.46951,1.60668,0.86858,0.72031,1.0864
2009-09-25,1.46821,1.59668,0.8655,0.71679,1.0918
2009-09-28,1.46499,1.59109,0.87336,0.7188,1.086
2009-09-29,1.45539,1.59236,0.87009,0.71439,1.0872
2009-09-30,1.46306,1.60051,0.88238,0.72327,1.0719
2009-10-01,1.45328,1.5949,0.87298,0.71679,1.0773
2009-10-02,1.459,1.58781,0.86558,0.71649,1.0843
2009-10-05,1.46477,1.59261,0.87719,0.72601,1.0755
2009-10-06,1.47449,1.59033,0.89119,0.73649,1.057
2009-10-07,1.46757,1.58983,0.88778,0.73292,1.0619
2009-10-08,1.47776,1.60901,0.90719,0.74383,1.0533
2009-10-09,1.47145,1.58957,0.90342,0.73228,1.0425
2009-10-13,1.4839,1.58957,0.90744,0.7354,1.0297
2009-10-14,1.48987,1.59744,0.91333,0.73763,1.0289
2009-10-15,1.49454,1.62496,0.92039,0.74532,1.0304
2009-10-16,1.48898,1.63506,0.91583,0.73959,1.0389
2009-10-19,1.49477,1.63988,0.92661,0.75301,1.0307
2009-10-20,1.49054,1.638,0.9209,0.74588,1.0494
2009-10-21,1.50083,1.66113,0.92747,0.75637,1.0413
2009-10-22,1.50038,1.65948,0.92234,0.75409,1.0476
2009-10-23,1.50286,1.63506,0.9255,0.75672,1.0507
2009-10-26,1.4941,1.63506,0.91996,0.74951,1.0618
2009-10-27,1.48214,1.63345,0.91634,0.7456,1.0644
2009-10-28,1.47623,1.63747,0.90131,0.7318,1.0757
2009-10-29,1.48192,1.6559,0.91433,0.73212,1.0702
2009-10-30,1.47558,1.64799,0.90383,0.72301,1.0767
2009-11-02,1.4828,1.64096,0.90827,0.72249,1.0742
2009-11-03,1.46585,1.63827,0.89847,0.71782,1.0701
2009-11-04,1.48368,1.657,0.90868,0.72501,1.0644
2009-11-05,1.48566,1.65645,0.90827,0.71891,1.0649
2009-11-06,1.48346,1.65865,0.91642,0.72432,1.0717
2009-11-09,1.49993,1.67196,0.92928,0.7414,1.0563
2009-11-10,1.49611,1.66806,0.92782,0.74091,1.0516
2009-11-12,1.48655,1.65426,0.92481,0.73362,1.0513
2009-11-13,1.48854,1.66583,0.9311,0.74178,1.05
2009-11-16,1.49768,1.67954,0.93694,0.74699,1.0458
2009-11-17,1.48302,1.67673,0.92644,0.743,1.0589
2009-11-18,1.49903,1.6756,0.93023,0.74649,1.0496
2009-11-19,1.49054,1.66583,0.91861,0.73099,1.0634
2009-11-20,1.48699,1.65289,0.9155,0.72522,1.0698
2009-11-23,1.49678,1.66003,0.92473,0.73421,1.055
2009-11-24,1.49365,1.65782,0.91693,0.7238,1.0608
2009-11-25,1.50852,1.66722,0.92816,0.72939,1.0499
2009-11-27,1.49633,1.64935,0.90893,0.71129,1.062
2009-11-30,1.49948,1.64096,0.91433,0.7151,1.057
2009-12-01,1.50989,1.66251,0.9249,0.72849,1.043
2009-12-02,1.5058,1.66417,0.92618,0.72369,1.0465
2009-12-03,1.50807,1.65782,0.92653,0.72327,1.0539
2009-12-04,1.48854,1.65153,0.91491,0.7169,1.0515
2009-12-07,1.48192,1.64285,0.91299,0.71301,1.0508
2009-12-08,1.47406,1.63026,0.90827,0.71038,1.0599
2009-12-09,1.47254,1.62417,0.90769,0.7125,1.055
2009-12-10,1.47167,1.62575,0.91634,0.7295,1.0518
2009-12-11,1.46007,1.62364,0.91116,0.7239,1.0583
2009-12-14,1.46456,1.6284,0.91558,0.72892,1.059
2009-12-15,1.45138,1.62338,0.90662,0.72181,1.0622
2009-12-16,1.45773,1.63693,0.90139,0.72228,1.0579
2009-12-17,1.43164,1.61342,0.8855,0.70992,1.0713
2009-12-18,1.42816,1.60823,0.8866,0.70902,1.0679
2009-12-21,1.43184,1.60823,0.88331,0.70882,1.0592
2009-12-22,1.4243,1.59566,0.87773,0.7023,1.0555
2009-12-23,1.4341,1.59541,0.88113,0.70572,1.0476
2009-12-24,1.43678,1.59413,0.88277,0.70502,1.0485
2009-12-28,1.43926,1.6,0.88747,0.70892,1.043
2009-12-29,1.43554,1.58932,0.89686,0.71979,1.04
2009-12-30,1.43164,1.60488,0.89453,0.72129,1.0523
2009-12-31,1.43328,1.61681,0.89791,0.72548,1.0461
2010-01-04,1.44196,1.61082,0.91333,0.73271,1.0377
2010-01-05,1.4403,1.60102,0.91433,0.73573,1.0371
2010-01-06,1.4403,1.60154,0.91886,0.73551,1.0333
2010-01-07,1.43143,1.59109,0.91676,0.73249,1.0351
2010-01-08,1.43575,1.59923,0.92183,0.73378,1.0345
2010-01-11,1.4537,1.61473,0.92954,0.74228,1.0317
2010-01-12,1.45222,1.61812,0.92421,0.74162,1.0374
2010-01-13,1.44928,1.62893,0.92251,0.73943,1.0319
2010-01-14,1.44781,1.63212,0.93058,0.7425,1.026
2010-01-15,1.43761,1.6239,0.92336,0.73801,1.0287
2010-01-19,1.42694,1.63693,0.92319,0.73812,1.0325
2010-01-20,1.40944,1.62866,0.90851,0.71948,1.0477
2010-01-21,1.41064,1.62127,0.90531,0.71418,1.0483
2010-01-22,1.41543,1.61212,0.90498,0.71301,1.0561
2010-01-25,1.41463,1.62364,0.90302,0.71429,1.0582
2010-01-26,1.40627,1.61082,0.89493,0.70398,1.0669
2010-01-27,1.40528,1.62048,0.8967,0.70701,1.0657
2010-01-28,1.39938,1.62417,0.90236,0.7119,1.0584
2010-01-29,1.38696,1.60102,0.88731,0.70462,1.0652
2010-02-01,1.39043,1.59236,0.88771,0.70661,1.0651
2010-02-02,1.39548,1.59668,0.88433,0.71159,1.0607
2010-02-03,1.39063,1.5916,0.88183,0.70791,1.0608
2010-02-04,1.37589,1.57629,0.8646,0.68729,1.0735
2010-02-05,1.36073,1.56201,0.8617,0.68399,1.0727
2010-02-08,1.36986,1.56495,0.86926,0.68781,1.0692
2010-02-09,1.3795,1.56789,0.87719,0.69401,1.069
2010-02-10,1.37212,1.56055,0.87397,0.69219,1.0667
2010-02-11,1.36407,1.5674,0.88857,0.69999,1.0522
2010-02-12,1.36258,1.56691,0.88394,0.69502,1.0529
2010-02-16,1.37419,1.57332,0.89936,0.70492,1.0427
2010-02-17,1.36221,1.57035,0.89936,0.70418,1.0455
2010-02-18,1.3563,1.55812,0.8971,0.70161,1.045
2010-02-19,1.35373,1.54369,0.89542,0.69589,1.0419
2010-02-22,1.35906,1.54775,0.89936,0.70102,1.0428
2010-02-23,1.35373,1.54631,0.8935,0.69502,1.0517
2010-02-24,1.35759,1.54321,0.89413,0.69348,1.0551
2010-02-25,1.34753,1.51999,0.88113,0.68611,1.0675
2010-02-26,1.36593,1.52393,0.89614,0.69999,1.052
2010-03-01,1.35153,1.49745,0.90009,0.69911,1.0421
2010-03-02,1.35648,1.4941,0.90432,0.69618,1.0325
2010-03-03,1.37306,1.5124,0.90769,0.69488,1.0286
2010-03-04,1.35704,1.50308,0.89969,0.68752,1.0307
2010-03-05,1.36073,1.51149,0.90654,0.69522,1.0284
2010-03-08,1.36129,1.50602,0.90843,0.69881,1.0286
2010-03-09,1.35851,1.50038,0.91383,0.70269,1.0249
2010-03-10,1.36575,1.49768,0.91701,0.70791,1.0241
2010-03-11,1.36743,1.50512,0.915,0.69959,1.0262
2010-03-12,1.37533,1.51883,0.91516,0.70062,1.0187
2010-03-15,1.36519,1.50421,0.91166,0.69989,1.0216
2010-03-16,1.37589,1.5193,0.91483,0.70731,1.0147
2010-03-17,1.37382,1.52952,0.92251,0.71602,1.011
2010-03-18,1.36036,1.52462,0.92013,0.71352,1.0139
2010-03-19,1.353,1.5015,0.91642,0.70912,1.0153
2010-03-22,1.35318,1.50716,0.91542,0.70542,1.0193
2010-03-23,1.35355,1.5067,0.91861,0.70671,1.0176
2010-03-24,1.33476,1.49142,0.90901,0.7023,1.0268
2010-03-25,1.3344,1.48832,0.91191,0.70852,1.0188
2010-03-26,1.33976,1.49054,0.90416,0.70358,1.0283
2010-03-29,1.34644,1.49701,0.91516,0.70882,1.0201
2010-03-30,1.34084,1.50898,0.91827,0.70942,1.0189
2010-03-31,1.35263,1.5186,0.91693,0.70982,1.0156
2010-04-01,1.35685,1.52905,0.92123,0.70791,1.0073
2010-04-02,1.34862,1.51976,0.9187,0.70602,1.011
2010-04-05,1.34862,1.52835,0.92098,0.70482,1.0025
2010-04-06,1.33779,1.523,0.92541,0.70102,1.0001
2010-04-07,1.33636,1.52462,0.92868,0.70791,1.0028
2010-04-08,1.33601,1.52718,0.92833,0.70681,1.0019
2010-04-09,1.3468,1.53704,0.93257,0.71602,1.0055
2010-04-12,1.3587,1.53681,0.92971,0.71342,1.0015
2010-04-13,1.35925,1.54154,0.92739,0.71322,1.0029
2010-04-14,1.36668,1.54847,0.93589,0.7148,0.996
2010-04-15,1.35391,1.54655,0.93223,0.71068,1.0013
2010-04-16,1.34862,1.53941,0.92524,0.70791,1.0145
2010-04-19,1.34571,1.52625,0.91853,0.70701,1.0199
2010-04-20,1.34463,1.53752,0.93119,0.71159,0.9984
2010-04-21,1.33833,1.53965,0.92782,0.70912,0.9983
2010-04-22,1.32979,1.53681,0.92464,0.70942,1.0014
2010-04-23,1.33601,1.53633,0.92293,0.71459,1.0026
2010-04-26,1.33351,1.54655,0.9273,0.7238,1.0009
2010-04-27,1.32293,1.52858,0.91701,0.71098,1.0169
2010-04-28,1.31303,1.51607,0.922,0.71669,1.0125
2010-04-29,1.32433,1.53022,0.92773,0.72301,1.0052
2010-04-30,1.33014,1.53069,0.93058,0.73201,1.0112
2010-05-03,1.31822,1.52416,0.9255,0.73067,1.0134
2010-05-04,1.30378,1.51355,0.91249,0.72322,1.0215
2010-05-05,1.28899,1.51332,0.9095,0.71808,1.0264
2010-05-06,1.26887,1.48898,0.89389,0.71429,1.0437
2010-05-07,1.2721,1.47384,0.88897,0.715,1.0423
2010-05-10,1.28617,1.4979,0.90163,0.72213,1.0245
2010-05-11,1.27146,1.49522,0.89904,0.72082,1.0193
2010-05-12,1.26422,1.48544,0.89262,0.71342,1.0197
2010-05-13,1.25676,1.46585,0.89977,0.71762,1.0148
2010-05-14,1.239,1.4556,0.88857,0.71129,1.0343
2010-05-17,1.22986,1.43885,0.87352,0.69401,1.04
2010-05-18,1.23579,1.44383,0.87268,0.69789,1.0329
2010-05-19,1.23168,1.43493,0.83801,0.67069,1.051
2010-05-20,1.23701,1.43431,0.82501,0.66988,1.0656
2010-05-21,1.25755,1.44655,0.83022,0.68032,1.0564
2010-05-24,1.24054,1.44363,0.83243,0.67522,1.0587
2010-05-25,1.2279,1.43513,0.81719,0.66569,1.0776
2010-05-26,1.22234,1.44009,0.82912,0.6664,1.0647
2010-05-27,1.23701,1.45688,0.84667,0.6819,1.0491
2010-05-28,1.23686,1.44928,0.84911,0.67981,1.0497
2010-06-01,1.22654,1.46735,0.83963,0.68129,1.0476
2010-06-02,1.22055,1.46413,0.83549,0.6787,1.0404
2010-06-03,1.21936,1.46156,0.84203,0.68241,1.0413
2010-06-04,1.19976,1.44928,0.82788,0.67281,1.0516
2010-06-07,1.19589,1.4497,0.8192,0.66401,1.0537
2010-06-08,1.19947,1.44217,0.82318,0.6652,1.0517
2010-06-09,1.20453,1.45858,0.83368,0.67249,1.0395
2010-06-10,1.21109,1.46735,0.84688,0.68498,1.0336
2010-06-11,1.20773,1.45455,0.84933,0.68899,1.0329
2010-06-14,1.22775,1.4771,0.86341,0.70008,1.0251
2010-06-15,1.23274,1.4828,0.86162,0.69648,1.0287
2010-06-16,1.23229,1.4839,0.86483,0.69911,1.0236
2010-06-17,1.23655,1.4806,0.86483,0.7023,1.0283
2010-06-18,1.23594,1.47863,0.86987,0.70522,1.0237
2010-06-21,1.23854,1.48258,0.88183,0.71271,1.0197
2010-06-22,1.23031,1.485,0.87912,0.70872,1.0201
2010-06-23,1.23107,1.49522,0.8739,0.71362,1.039
2010-06-24,1.2288,1.49858,0.86708,0.70572,1.0429
2010-06-25,1.2332,1.49858,0.86821,0.70992,1.0369
2010-06-28,1.23153,1.50989,0.87382,0.70892,1.0337
2010-06-29,1.21877,1.50807,0.85251,0.6942,1.0531
2010-06-30,1.22911,1.49477,0.84803,0.69008,1.0606
2010-07-01,1.24642,1.51263,0.83801,0.68672,1.0622
2010-07-02,1.2577,1.51791,0.84317,0.68989,1.0647
2010-07-06,1.26454,1.51791,0.85551,0.6972,1.0497
2010-07-07,1.25945,1.51791,0.85682,0.69759,1.0525
2010-07-08,1.26823,1.51561,0.87673,0.70852,1.041
2010-07-09,1.2639,1.50943,0.87527,0.70882,1.0328
2010-07-12,1.25723,1.5015,0.87329,0.70952,1.0377
2010-07-13,1.27194,1.51745,0.88207,0.71948,1.0281
2010-07-14,1.27551,1.52835,0.88543,0.72438,1.0304
2010-07-15,1.28932,1.53752,0.87812,0.7226,1.0401
2010-07-16,1.29182,1.52882,0.8707,0.71119,1.0536
2010-07-19,1.29634,1.5223,0.86919,0.70651,1.0557
2010-07-20,1.29049,1.52555,0.87881,0.7123,1.0526
2010-07-21,1.28172,1.51999,0.88238,0.71772,1.0422
2010-07-22,1.29032,1.52835,0.89198,0.7239,1.0373
2010-07-23,1.28733,1.5425,0.89461,0.7286,1.0376
2010-07-26,1.29836,1.54895,0.89977,0.73212,1.0312
2010-07-27,1.29836,1.55376,0.90171,0.73292,1.0357
2010-07-28,1.29988,1.56104,0.89294,0.72733,1.0356
2010-07-29,1.30634,1.55909,0.89807,0.72202,1.0368
2010-07-30,1.30685,1.57134,0.90506,0.72611,1.0293
2010-08-02,1.31735,1.58983,0.91349,0.73389,1.0227
2010-08-03,1.32398,1.59413,0.915,0.73502,1.0219
2010-08-04,1.31579,1.58881,0.916,0.73481,1.0184
2010-08-05,1.31562,1.58604,0.91308,0.7269,1.0154
2010-08-06,1.3282,1.59795,0.91651,0.7295,1.0272
2010-08-09,1.32415,1.59439,0.91701,0.72982,1.0266
2010-08-10,1.30941,1.57754,0.9086,0.72041,1.0347
2010-08-11,1.28982,1.56887,0.90058,0.71751,1.0455
2010-08-12,1.28667,1.55739,0.89638,0.70982,1.0433
2010-08-13,1.27665,1.55812,0.8955,0.70801,1.04
2010-08-16,1.28386,1.56789,0.89759,0.70862,1.0429
2010-08-17,1.28899,1.5586,0.9067,0.71439,1.0311
2010-08-18,1.28717,1.56201,0.89952,0.71592,1.0286
2010-08-19,1.2837,1.56128,0.89278,0.70711,1.0397
2010-08-20,1.26871,1.55159,0.8881,0.70249,1.0499
2010-08-23,1.2663,1.55328,0.89302,0.70801,1.0512
2010-08-24,1.26743,1.54703,0.88621,0.70691,1.0563
2010-08-25,1.26518,1.54607,0.88067,0.69798,1.064
2010-08-26,1.27178,1.55739,0.8881,0.70432,1.0545
2010-08-27,1.27649,1.5528,0.89791,0.71058,1.0547
2010-08-30,1.26855,1.54727,0.89397,0.70892,1.0561
2010-08-31,1.27033,1.53586,0.89103,0.6995,1.064
2010-09-01,1.28123,1.54727,0.90934,0.71281,1.0497
2010-09-02,1.28238,1.53941,0.91042,0.71521,1.052
2010-09-03,1.28849,1.54512,0.9155,0.72098,1.0411
2010-09-07,1.27226,1.53139,0.91433,0.72171,1.0426
2010-09-08,1.27275,1.55135,0.91853,0.72327,1.0359
2010-09-09,1.27081,1.54488,0.92481,0.72659,1.0323
2010-09-10,1.27307,1.5387,0.92584,0.7278,1.0357
2010-09-13,1.28899,1.54655,0.93589,0.73368,1.0277
2010-09-14,1.30141,1.55594,0.94357,0.73752,1.0219
2010-09-15,1.30073,1.56421,0.93967,0.73298,1.0281
2010-09-16,1.30787,1.56128,0.9351,0.7227,1.0274
2010-09-17,1.30463,1.56348,0.93782,0.72632,1.0331
2010-09-20,1.30736,1.55642,0.94787,0.72982,1.028
2010-09-21,1.31354,1.55521,0.94751,0.72823,1.0314
2010-09-22,1.33851,1.56495,0.95356,0.7354,1.0325
2010-09-23,1.3344,1.57233,0.95383,0.73201,1.0307
2010-09-24,1.34753,1.58278,0.95841,0.734,1.0262
2010-09-27,1.34753,1.58504,0.96219,0.73502,1.026
2010-09-28,1.35833,1.58078,0.96731,0.73872,1.0305
2010-09-29,1.36388,1.58128,0.97144,0.73823,1.03
2010-09-30,1.36017,1.57307,0.96404,0.73292,1.0293
2010-10-01,1.37533,1.58278,0.97097,0.74228,1.0214
2010-10-04,1.36874,1.58479,0.96656,0.74129,1.0235
2010-10-05,1.38332,1.5916,0.96993,0.74862,1.0169
2010-10-06,1.39237,1.59033,0.97809,0.7546,1.0073
2010-10-07,1.39218,1.59312,0.98155,0.74963,1.0167
2010-10-08,1.39237,1.59515,0.98658,0.75449,1.0138
2010-10-12,1.38466,1.57978,0.98483,0.75358,1.0111
2010-10-13,1.39645,1.58428,0.99216,0.76249,1.0028
2010-10-14,1.40667,1.59923,0.99433,0.75838,1.0036
2010-10-15,1.39978,1.60282,0.98834,0.7558,1.0108
2010-10-18,1.39782,1.59058,0.99167,0.75712,1.0145
2010-10-19,1.38274,1.57381,0.9758,0.74929,1.0298
2010-10-20,1.39489,1.58579,0.98483,0.75358,1.0245
2010-10-21,1.39723,1.5753,0.98377,0.75008,1.0232
2010-10-22,1.39043,1.56764,0.97838,0.7451,1.0262
2010-10-25,1.3986,1.5748,0.99334,0.75381,1.0197
2010-10-26,1.38735,1.58705,0.98629,0.74979,1.022
2010-10-27,1.37874,1.57828,0.96993,0.7436,1.0321
2010-10-28,1.39295,1.59439,0.97867,0.75477,1.0194
2010-10-29,1.38947,1.60205,0.97982,0.76249,1.0187
2010-11-01,1.38889,1.60488,0.98775,0.76758,1.0133
2010-11-02,1.40252,1.60102,0.999,0.77172,1.0098
2010-11-03,1.40135,1.60798,0.99671,0.77531,1.009
2010-11-04,1.42248,1.62813,1.0143,0.7946,1.0022
2010-11-05,1.40331,1.62101,1.01379,0.79441,1.0012
2010-11-08,1.39276,1.61499,1.01338,0.7902,1.0021
2010-11-09,1.38658,1.60488,1.01204,0.78672,1.0013
2010-11-10,1.37287,1.6072,1.00251,0.78113,1.0016
2010-11-12,1.37005,1.61708,0.99059,0.77658,1.0079
2010-11-15,1.36147,1.60643,0.99039,0.777,1.0064
2010-11-16,1.35172,1.58806,0.97551,0.7674,1.0231
2010-11-17,1.35556,1.59413,0.98213,0.77202,1.0205
2010-11-18,1.36184,1.60102,0.98902,0.7773,1.0172
2010-11-19,1.36537,1.59617,0.98464,0.77712,1.0206
2010-11-22,1.36129,1.59312,0.98668,0.77208,1.0187
2010-11-23,1.33887,1.58228,0.97305,0.76179,1.024
2010-11-24,1.33494,1.57729,0.98222,0.76249,1.011
2010-11-26,1.32433,1.56152,0.96404,0.75053,1.0188
2010-11-29,1.30924,1.55569,0.95942,0.74471,1.0227
2010-11-30,1.30361,1.55788,0.96071,0.74449,1.0266
2010-12-01,1.31492,1.56031,0.96749,0.74968,1.016
2010-12-02,1.32275,1.56104,0.97742,0.75609,1.0045
2010-12-03,1.33672,1.57233,0.98765,0.76249,1.0059
2010-12-06,1.32749,1.56789,0.98834,0.76011,1.0056
2010-12-07,1.33227,1.58028,0.98941,0.7615,1.0093
2010-12-08,1.32415,1.57928,0.978,0.74822,1.01
2010-12-09,1.32066,1.57332,0.98232,0.74671,1.0098
2010-12-10,1.32415,1.58078,0.98561,0.74862,1.0091
2010-12-13,1.33887,1.58831,0.99423,0.75517,1.0046
2010-12-14,1.33958,1.57953,0.9998,0.75341,1.0039
2010-12-15,1.33067,1.56128,0.99167,0.7441,1.0033
2010-12-16,1.32066,1.56128,0.98658,0.73681,1.0056
2010-12-17,1.31544,1.54799,0.98542,0.736,1.0125
2010-12-20,1.31234,1.55207,0.99334,0.74228,1.0176
2010-12-21,1.31303,1.54631,0.99721,0.74383,1.0173
2010-12-22,1.3089,1.53894,1.0003,0.74239,1.0143
2010-12-23,1.3101,1.53988,1.00513,0.7489,1.0095
2010-12-27,1.31458,1.53822,1.00261,0.74789,1.0086
2010-12-28,1.31216,1.5361,1.01122,0.7554,1.0006
2010-12-29,1.31822,1.54631,1.01533,0.7654,1.0004
2010-12-30,1.32696,1.53917,1.01225,0.7687,1.0009
2011-01-03,1.33708,1.54895,1.01999,0.7764,0.9903
2011-01-04,1.33067,1.5586,1.00442,0.76722,0.9985
2011-01-05,1.31718,1.54967,1.0003,0.76179,0.9946
2011-01-06,1.30276,1.54895,0.99592,0.7589,0.9953
2011-01-07,1.29433,1.55594,0.99542,0.75821,0.9932
2011-01-10,1.2945,1.55836,0.99364,0.76313,0.9923
2011-01-11,1.29786,1.56274,0.98726,0.76011,0.9901
2011-01-12,1.30668,1.57159,0.99344,0.75982,0.9864
2011-01-13,1.33636,1.58705,1.0003,0.77,0.9866
2011-01-14,1.3328,1.5873,0.98863,0.76799,0.9902
2011-01-18,1.33994,1.6,0.998,0.77048,0.9912
2011-01-19,1.34953,1.59898,1.00301,0.77202,0.9938
2011-01-20,1.34427,1.58755,0.98678,0.7562,1.0001
2011-01-21,1.35814,1.59974,0.98922,0.75798,0.9943
2011-01-24,1.36537,1.59949,1.0001,0.76429,0.9933
2011-01-25,1.36444,1.58178,0.99098,0.764,0.9984
2011-01-26,1.36874,1.58856,0.99483,0.76628,0.9954
2011-01-27,1.36874,1.59058,0.99069,0.77178,0.994
2011-01-28,1.36073,1.58378,0.99256,0.77238,0.9989
2011-01-31,1.37155,1.60411,0.99761,0.77351,1.002
2011-02-01,1.37931,1.61238,1.01225,0.77997,0.9921
2011-02-02,1.37798,1.61681,1.00624,0.77942,0.9883
2011-02-03,1.36537,1.61577,1.0143,0.77369,0.9901
2011-02-04,1.35833,1.60901,1.01389,0.76882,0.9899
2011-02-07,1.35575,1.61108,1.01389,0.77059,0.9885
2011-02-08,1.36874,1.60901,1.0176,0.77748,0.9905
2011-02-09,1.36874,1.60901,1.00949,0.77119,0.9946
2011-02-10,1.3637,1.61316,1.00614,0.76781,0.9955
2011-02-11,1.35208,1.59872,1.0001,0.75919,0.99
2011-02-14,1.34735,1.60231,1.00241,0.75677,0.9883
2011-02-15,1.34935,1.6129,0.9989,0.75171,0.9885
2011-02-16,1.35465,1.60643,0.9984,0.75262,0.9853
2011-02-17,1.36129,1.61708,1.01163,0.75959,0.9839
2011-02-18,1.36724,1.62443,1.0144,0.76342,0.9827
2011-02-22,1.36612,1.6129,0.9992,0.74901,0.986
2011-02-23,1.37589,1.62206,1.0001,0.74532,0.9922
2011-02-24,1.37931,1.61057,1.00878,0.74761,0.9842
2011-02-25,1.37571,1.60772,1.01554,0.75143,0.9808
2011-02-28,1.37931,1.6247,1.0174,0.75222,0.9737
2011-03-01,1.38122,1.63079,1.01595,0.75081,0.9742
2011-03-02,1.38696,1.63106,1.01574,0.74223,0.9733
2011-03-03,1.3947,1.62655,1.01307,0.7403,0.9746
2011-03-04,1.39821,1.62496,1.01112,0.7367,0.9715
2011-03-07,1.39762,1.62048,1.01102,0.73632,0.9737
2011-03-08,1.39121,1.61629,1.01133,0.74091,0.9712
2011-03-09,1.39063,1.62022,1.01112,0.73981,0.9686
2011-03-10,1.38236,1.60643,1.0017,0.73589,0.9729
2011-03-11,1.38639,1.60333,1.01102,0.74488,0.9732
2011-03-14,1.39743,1.61812,1.00725,0.73752,0.9758
2011-03-15,1.39684,1.60643,0.99,0.7303,0.9831
2011-03-16,1.39218,1.60282,0.98416,0.72939,0.9921
2011-03-17,1.40213,1.61421,0.98232,0.72082,0.9886
2011-03-18,1.41403,1.61865,0.99532,0.72971,0.9846
2011-03-21,1.41844,1.6276,1.00442,0.73282,0.9772
2011-03-22,1.42126,1.63881,1.01184,0.7414,0.9769
2011-03-23,1.41243,1.6247,1.01051,0.7397,0.982
2011-03-24,1.42005,1.61577,1.02187,0.75148,0.9748
2011-03-25,1.41443,1.60849,1.02817,0.7554,0.9779
2011-03-28,1.41044,1.60231,1.02807,0.75438,0.9757
2011-03-29,1.40905,1.59821,1.02638,0.75569,0.9758
2011-03-30,1.40944,1.60385,1.03189,0.76208,0.9715
2011-03-31,1.41824,1.60488,1.03584,0.76388,0.9717
2011-04-01,1.42146,1.61316,1.03875,0.76681,0.9629
2011-04-04,1.42207,1.6129,1.0352,0.76711,0.9677
2011-04-05,1.42308,1.62813,1.03455,0.77018,0.9635
2011-04-06,1.43328,1.63132,1.04254,0.77839,0.9587
2011-04-07,1.42878,1.63052,1.04559,0.7773,0.9593
2011-04-08,1.44363,1.63399,1.05307,0.78198,0.9564
2011-04-11,1.4453,1.63854,1.05341,0.78162,0.9547
2011-04-12,1.4455,1.62628,1.04701,0.78499,0.9624
2011-04-13,1.4476,1.6284,1.05042,0.78989,0.9638
2011-04-14,1.44634,1.63506,1.0523,0.79202,0.9626
2011-04-15,1.44425,1.63239,1.05585,0.79713,0.9615
2011-04-18,1.42106,1.62285,1.04899,0.78691,0.9689
2011-04-19,1.43184,1.63159,1.05075,0.7874,0.9572
2011-04-20,1.45138,1.64042,1.06769,0.79738,0.9523
2011-04-21,1.45858,1.65728,1.07469,0.80212,0.9518
2011-04-22,1.45455,1.6518,1.07354,0.80147,0.9535
2011-04-25,1.45751,1.64962,1.0717,0.79962,0.9541
2011-04-26,1.46242,1.64663,1.07724,0.80502,0.9508
2011-04-27,1.46585,1.65289,1.07898,0.80147,0.955
2011-04-28,1.47842,1.66362,1.08932,0.80077,0.9513
2011-04-29,1.48214,1.66917,1.09373,0.80678,0.9486
2011-05-02,1.48699,1.66889,1.09697,0.8088,0.9492
2011-05-03,1.48743,1.65371,1.09206,0.80509,0.9489
2011-05-04,1.48588,1.65235,1.07654,0.7897,0.9579
2011-05-05,1.45836,1.64258,1.06417,0.78672,0.9667
2011-05-06,1.44949,1.64177,1.07631,0.79542,0.9616
2011-05-09,1.43,1.63372,1.07538,0.79233,0.966
2011-05-10,1.43575,1.63319,1.08026,0.79302,0.9611
2011-05-11,1.42694,1.64123,1.07562,0.79133,0.9581
2011-05-12,1.42288,1.62893,1.06519,0.79669,0.9656
2011-05-13,1.41403,1.61786,1.05652,0.78542,0.9708
2011-05-16,1.42187,1.6239,1.06202,0.78499,0.9701
2011-05-17,1.41543,1.62048,1.05385,0.77821,0.9772
2011-05-18,1.42694,1.61473,1.06168,0.78933,0.9722
2011-05-19,1.42531,1.61786,1.06135,0.7879,0.9703
2011-05-20,1.41723,1.62232,1.0644,0.7934,0.9735
2011-05-23,1.40154,1.61031,1.04965,0.78808,0.9791
2011-05-24,1.41064,1.61838,1.05552,0.79758,0.9773
2011-05-25,1.41024,1.6276,1.05374,0.8,0.9765
2011-05-26,1.40885,1.63452,1.05899,0.80828,0.9809
2011-05-27,1.42878,1.64935,1.07112,0.81873,0.9771
2011-05-31,1.43761,1.64393,1.06598,0.82311,0.9688
2011-06-01,1.443,1.63908,1.07158,0.82237,0.9713
2011-06-02,1.44259,1.63239,1.06168,0.8134,0.9794
2011-06-03,1.46049,1.63961,1.07135,0.81539,0.9768
2011-06-06,1.46199,1.63613,1.07365,0.81639,0.9784
2011-06-07,1.46757,1.64447,1.07135,0.82082,0.9743
2011-06-08,1.45879,1.638,1.06349,0.81659,0.9778
2011-06-09,1.45349,1.63827,1.06417,0.82953,0.9732
2011-06-10,1.43658,1.62549,1.05675,0.82372,0.9769
2011-06-13,1.43678,1.63079,1.05619,0.8136,0.9778
2011-06-14,1.44739,1.63881,1.06906,0.8184,0.9684
2011-06-15,1.42207,1.6218,1.06213,0.80932,0.9778
2011-06-16,1.41543,1.6129,1.05407,0.80328,0.9842
2011-06-17,1.43266,1.61865,1.06202,0.8107,0.9797
2011-06-20,1.43205,1.62048,1.05865,0.81182,0.9785
2011-06-21,1.43988,1.62311,1.05977,0.81202,0.9722
2011-06-22,1.4403,1.61316,1.06326,0.81793,0.9725
2011-06-23,1.41663,1.5977,1.04844,0.8107,0.98
2011-06-24,1.41884,1.59847,1.0523,0.81182,0.9847
2011-06-27,1.42816,1.59719,1.04395,0.80593,0.9859
2011-06-28,1.43678,1.60154,1.05208,0.81011,0.9819
2011-06-29,1.44279,1.60694,1.06735,0.8225,0.9703
2011-06-30,1.45222,1.60668,1.07319,0.82843,0.9642
2011-07-01,1.45075,1.60694,1.07538,0.82727,0.9608
2011-07-05,1.44697,1.60849,1.06975,0.82823,0.9608
2011-07-06,1.43287,1.59974,1.06963,0.82823,0.9656
2011-07-07,1.43493,1.59668,1.07643,0.83043,0.9585
2011-07-08,1.42511,1.60308,1.07273,0.83347,0.9627
2011-07-11,1.40331,1.59312,1.06621,0.8296,0.9663
2011-07-12,1.40135,1.59388,1.06259,0.82088,0.9667
2011-07-13,1.41663,1.61108,1.07631,0.83598,0.9582
2011-07-14,1.41824,1.61238,1.07411,0.84431,0.9584
2011-07-15,1.41563,1.61499,1.06564,0.84388,0.9542
2011-07-18,1.4043,1.60231,1.05652,0.84267,0.9616
2011-07-19,1.41563,1.61342,1.06986,0.85558,0.9505
2011-07-20,1.41884,1.61394,1.07273,0.85492,0.9479
2011-07-21,1.43719,1.62999,1.08366,0.86311,0.9449
2011-07-22,1.43658,1.63185,1.08507,0.86453,0.95
2011-07-25,1.43575,1.6284,1.0853,0.86618,0.9448
2011-07-26,1.44949,1.63908,1.09421,0.8707,0.9448
2011-07-27,1.4374,1.63559,1.10266,0.86949,0.9474
2011-07-28,1.43021,1.63372,1.10254,0.8726,0.9483
2011-07-29,1.43885,1.64555,1.10011,0.87758,0.9539
2011-08-01,1.42025,1.62787,1.09302,0.87428,0.9593
2011-08-02,1.42328,1.62866,1.08401,0.87222,0.9577
2011-08-03,1.43205,1.64069,1.07216,0.86304,0.9632
2011-08-04,1.41583,1.63079,1.05164,0.84488,0.9765
2011-08-05,1.41583,1.63613,1.03799,0.83181,0.9843
2011-08-08,1.4241,1.63532,1.03509,0.83167,0.9889
2011-08-09,1.4243,1.61943,1.01916,0.82021,0.9893
2011-08-10,1.41924,1.61681,1.02103,0.81202,0.9909
2011-08-11,1.42308,1.62285,1.0269,0.82372,0.9891
2011-08-12,1.42389,1.6284,1.0352,0.83188,0.9879
2011-08-15,1.4453,1.63881,1.04778,0.82932,0.9838
2011-08-16,1.44217,1.64231,1.0491,0.83682,0.9816
2011-08-17,1.44363,1.6592,1.0543,0.83872,0.9818
2011-08-18,1.43205,1.6488,1.03928,0.82631,0.9899
2011-08-19,1.44071,1.65453,1.04439,0.82427,0.9848
2011-08-22,1.43843,1.64528,1.04167,0.82393,0.9901
2011-08-23,1.443,1.65098,1.05097,0.83493,0.9876
2011-08-24,1.4403,1.63747,1.04712,0.82809,0.9878
2011-08-25,1.43802,1.62893,1.0457,0.82891,0.9842
2011-08-26,1.44634,1.63212,1.05731,0.84027,0.9854
2011-08-29,1.45096,1.63988,1.06191,0.84488,0.9778
2011-08-30,1.44342,1.62787,1.06758,0.85353,0.9791
2011-08-31,1.44051,1.62681,1.07021,0.85507,0.9783
2011-09-01,1.42837,1.61786,1.07504,0.85172,0.9751
2011-09-02,1.42025,1.61891,1.06769,0.84918,0.9815
2011-09-06,1.39997,1.59541,1.05097,0.82298,0.9908
2011-09-07,1.40588,1.5949,1.06135,0.82898,0.9882
2011-09-08,1.3947,1.60205,1.06304,0.83633,0.9856
2011-09-09,1.36668,1.58705,1.0446,0.82142,0.997
2011-09-12,1.36351,1.58128,1.03125,0.82109,0.9957
2011-09-13,1.36799,1.58053,1.03199,0.82399,0.9901
2011-09-14,1.37099,1.57729,1.02344,0.82163,0.9913
2011-09-15,1.38581,1.58078,1.03135,0.82508,0.9867
2011-09-16,1.37836,1.58028,1.03799,0.83112,0.9813
2011-09-19,1.36351,1.5674,1.02166,0.8225,0.9897
2011-09-20,1.36968,1.57183,1.02934,0.82638,0.9922
2011-09-21,1.37231,1.56201,1.02093,0.81473,0.9985
2011-09-22,1.34463,1.53586,0.97637,0.779,1.0327
2011-09-23,1.35172,1.54751,0.97838,0.779,1.028
2011-09-26,1.35153,1.55521,0.97513,0.7716,1.0338
2011-09-27,1.36054,1.56814,0.99621,0.7934,1.019
2011-09-28,1.36277,1.5647,0.98951,0.78561,1.0226
2011-09-29,1.36388,1.56838,0.98184,0.7767,1.0338
2011-09-30,1.34499,1.5625,0.97437,0.76752,1.0389
2011-10-03,1.32802,1.54751,0.96469,0.76243,1.044
2011-10-04,1.32943,1.54036,0.94527,0.75381,1.0605
2011-10-05,1.3328,1.54369,0.96237,0.76278,1.0448
2011-10-06,1.34084,1.53988,0.96993,0.76787,1.0431
2011-10-07,1.35117,1.56274,0.98425,0.77652,1.0326
2011-10-11,1.36575,1.55933,0.9978,0.7826,1.0287
2011-10-12,1.38045,1.5758,1.01657,0.797,1.0163
2011-10-13,1.37306,1.57282,1.01471,0.7922,1.0238
2011-10-14,1.38619,1.58078,1.02955,0.80212,1.0148
2011-10-17,1.37703,1.57778,1.02407,0.79758,1.0153
2011-10-18,1.37193,1.56544,1.02197,0.79277,1.0165
2011-10-19,1.37741,1.57978,1.02722,0.79498,1.0136
2011-10-20,1.36724,1.57257,1.01874,0.78902,1.0216
2011-10-21,1.38735,1.59439,1.03295,0.80192,1.009
2011-10-24,1.39315,1.59872,1.04537,0.80828,1.004
2011-10-25,1.39101,1.59949,1.04471,0.79669,1.0143
2011-10-26,1.38389,1.59058,1.03477,0.79258,1.01
2011-10-27,1.41723,1.60798,1.0686,0.81907,0.9942
2011-10-28,1.41643,1.6129,1.07066,0.82203,0.9957
2011-10-31,1.3947,1.61421,1.06101,0.81202,0.9932
2011-11-01,1.36761,1.59464,1.03018,0.79428,1.02
2011-11-02,1.38026,1.59744,1.03659,0.79239,1.0125
2011-11-03,1.37438,1.59591,1.0352,0.78871,1.0128
2011-11-04,1.37608,1.60256,1.03584,0.79271,1.0179
2011-11-07,1.37438,1.60231,1.03391,0.79542,1.0173
2011-11-08,1.37855,1.60772,1.03316,0.79498,1.0139
2011-11-09,1.35962,1.59591,1.01989,0.78548,1.0176
2011-11-10,1.35999,1.59363,1.01368,0.77628,1.0188
2011-11-14,1.36258,1.58983,1.01926,0.77912,1.0176
2011-11-15,1.35245,1.58178,1.0144,0.76929,1.0233
2011-11-16,1.35044,1.57704,1.01368,0.76852,1.0205
2011-11-17,1.35227,1.58003,1.00563,0.76231,1.0224
2011-11-18,1.35208,1.57828,1.00361,0.75758,1.026
2011-11-21,1.35245,1.56617,0.98416,0.7475,1.0386
2011-11-22,1.35007,1.5647,0.98309,0.7456,1.0371
2011-11-23,1.33476,1.55111,0.96862,0.74052,1.0479
2011-11-25,1.32433,1.54679,0.97371,0.74167,1.0487
2011-11-28,1.33333,1.55376,0.99236,0.755,1.0327
2011-11-29,1.33422,1.5625,1.0018,0.76272,1.0296
2011-11-30,1.34535,1.5706,1.02438,0.77688,1.0199
2011-12-01,1.34862,1.56986,1.0227,0.77791,1.0172
2011-12-02,1.33869,1.55909,1.02208,0.7776,1.0165
2011-12-05,1.34626,1.56887,1.02976,0.78137,1.014
2011-12-06,1.33976,1.55812,1.0227,0.77773,1.0116
2011-12-07,1.33869,1.56912,1.0268,0.77779,1.0106
2011-12-08,1.33245,1.56348,1.01874,0.77298,1.019
2011-12-09,1.33672,1.56421,1.01895,0.77328,1.0202
2011-12-12,1.31874,1.55982,1.00594,0.76167,1.0273
2011-12-13,1.30941,1.5528,1.00969,0.76412,1.0283
2011-12-14,1.29719,1.5444,0.99039,0.75069,1.0403
2011-12-15,1.30124,1.54871,0.99364,0.7542,1.0338
2011-12-16,1.30242,1.55135,0.99621,0.7622,1.0388
2011-12-19,1.30174,1.55304,0.99147,0.75689,1.0364
2011-12-20,1.30753,1.5674,1.00695,0.76982,1.0284
2011-12-21,1.30395,1.56789,1.00705,0.7674,1.0286
2011-12-22,1.30446,1.56666,1.01399,0.77501,1.0213
2011-12-23,1.30395,1.56152,1.01482,0.77399,1.0208
2011-12-27,1.30736,1.56715,1.01595,0.77202,1.0201
2011-12-28,1.29266,1.54775,1.00918,0.76899,1.0232
2011-12-29,1.29517,1.5387,1.01338,0.77143,1.0208
2011-12-30,1.29735,1.55376,1.02512,0.78052,1.0168
2012-01-03,1.30617,1.56544,1.03799,0.79033,1.0089
2012-01-04,1.29299,1.56372,1.03477,0.78759,1.0134
2012-01-05,1.27828,1.54799,1.02533,0.7804,1.0197
2012-01-06,1.27226,1.54321,1.02354,0.7818,1.0231
2012-01-09,1.27453,1.54369,1.02145,0.78499,1.0272
2012-01-10,1.27812,1.54895,1.03231,0.79472,1.0161
2012-01-11,1.26855,1.53257,1.02955,0.79498,1.0192
2012-01-12,1.28172,1.53257,1.03114,0.79271,1.0197
2012-01-13,1.26823,1.52999,1.02923,0.79233,1.0246
2012-01-17,1.27405,1.53563,1.0395,0.80051,1.013
2012-01-18,1.28254,1.54107,1.0395,0.80593,1.0138
2012-01-19,1.29366,1.54847,1.04167,0.80212,1.0094
2012-01-20,1.29483,1.554,1.04712,0.80593,1.0142
2012-01-23,1.30344,1.55812,1.05341,0.81083,1.0079
2012-01-24,1.30039,1.55958,1.04701,0.80932,1.0096
2012-01-25,1.29786,1.5569,1.04811,0.80561,1.0119
2012-01-26,1.31527,1.5706,1.06508,0.82149,0.9986
2012-01-27,1.31926,1.57159,1.06451,0.82393,1.0014
2012-01-30,1.31234,1.56912,1.05899,0.81987,1.003
2012-01-31,1.30531,1.5753,1.05977,0.82461,1.005
2012-02-01,1.31787,1.58479,1.06998,0.83209,0.9984
2012-02-02,1.31666,1.58128,1.07181,0.83507,0.9985
2012-02-03,1.31062,1.57778,1.07619,0.83598,0.9944
2012-02-06,1.31303,1.58328,1.07434,0.83452,0.9953
2012-02-07,1.32433,1.58907,1.0798,0.8364,0.9947
2012-02-08,1.32538,1.58203,1.07852,0.83368,0.9969
2012-02-09,1.32979,1.58378,1.08061,0.83661,0.9941
2012-02-10,1.31874,1.5748,1.06758,0.82829,1.0016
2012-02-13,1.32118,1.57803,1.07411,0.83493,0.9995
2012-02-14,1.31492,1.56912,1.06906,0.83209,0.9988
2012-02-15,1.30873,1.57109,1.07423,0.83822,0.9965
2012-02-16,1.31096,1.57953,1.07585,0.83347,0.9962
2012-02-17,1.31492,1.58128,1.06952,0.83271,0.997
2012-02-21,1.32556,1.57953,1.06918,0.83619,0.9956
2012-02-22,1.32503,1.56764,1.06293,0.8296,0.9999
2012-02-23,1.33085,1.57011,1.06883,0.83347,0.9983
2012-02-24,1.34626,1.5868,1.07066,0.83647,0.9988
2012-02-27,1.34102,1.58453,1.07643,0.84041,0.9982
2012-02-28,1.34517,1.58881,1.07654,0.83773,0.9956
2012-02-29,1.33583,1.59515,1.0777,0.8397,0.9866
2012-03-01,1.33191,1.59541,1.08026,0.83991,0.9848
2012-03-02,1.32013,1.58529,1.07469,0.83153,0.9887
2012-03-05,1.32258,1.58705,1.06678,0.82163,0.9936
2012-03-06,1.31148,1.57208,1.05507,0.81261,1.0013
2012-03-07,1.31492,1.57456,1.05831,0.81947,0.9994
2012-03-08,1.32556,1.58228,1.0618,0.8242,0.992
2012-03-09,1.31079,1.56764,1.05899,0.82183,0.9894
2012-03-12,1.31406,1.56152,1.04899,0.81753,0.9934
2012-03-13,1.31096,1.57356,1.05396,0.82291,0.9905
2012-03-14,1.30242,1.56863,1.0446,0.80932,0.9914
2012-03-15,1.30702,1.56691,1.05285,0.81947,0.9928
2012-03-16,1.31718,1.58453,1.05843,0.82399,0.9912
2012-03-19,1.32415,1.58932,1.06078,0.82563,0.9878
2012-03-20,1.32223,1.58579,1.04855,0.81759,0.9933
2012-03-21,1.31891,1.58479,1.04395,0.81367,0.9928
2012-03-22,1.31944,1.58078,1.03702,0.80808,1.0002
2012-03-23,1.32626,1.58629,1.04559,0.81713,0.9983
2012-03-26,1.3328,1.59388,1.05108,0.82088,0.9922
2012-03-27,1.33351,1.59719,1.04899,0.82061,0.9928
2012-03-28,1.32996,1.58554,1.03691,0.81773,0.9983
2012-03-29,1.32644,1.59109,1.03263,0.81733,0.9998
2012-03-30,1.33333,1.59847,1.0367,0.82001,0.999
2012-04-02,1.33245,1.60231,1.04264,0.82399,0.9916
2012-04-03,1.33369,1.59668,1.03724,0.8194,0.9909
2012-04-04,1.31268,1.58781,1.02554,0.8146,0.9961
2012-04-05,1.30634,1.58228,1.03029,0.81559,0.9927
2012-04-06,1.3089,1.58781,1.03114,0.81967,0.9971
2012-04-09,1.30873,1.58781,1.03189,0.82277,0.9971
2012-04-10,1.30685,1.58353,1.02617,0.81321,1.0027
2012-04-11,1.31044,1.58932,1.02955,0.8178,1.004
2012-04-12,1.31718,1.59388,1.04406,0.82699,0.9951
2012-04-13,1.30822,1.58504,1.03724,0.82427,0.9978
2012-04-16,1.30668,1.58655,1.03402,0.81887,1.0025
2012-04-17,1.31234,1.59312,1.04047,0.8223,0.9878
2012-04-18,1.31216,1.60205,1.0367,0.81733,0.9902
2012-04-19,1.3132,1.60591,1.0337,0.815,0.9927
2012-04-20,1.32118,1.61238,1.03745,0.81733,0.9912
2012-04-23,1.31285,1.61031,1.02987,0.81129,0.9935
2012-04-24,1.32066,1.61342,1.02987,0.81182,0.9882
2012-04-25,1.321,1.61473,1.03327,0.81327,0.9848
2012-04-26,1.32328,1.61891,1.03831,0.81453,0.984
2012-04-27,1.32485,1.6239,1.04471,0.81987,0.9807
2012-04-30,1.32293,1.62259,1.04102,0.81739,0.9886
2012-05-01,1.32258,1.62206,1.03445,0.81559,0.9839
2012-05-02,1.31544,1.61917,1.0304,0.80939,0.989
2012-05-03,1.31475,1.61838,1.02596,0.80019,0.9869
2012-05-04,1.30907,1.61473,1.01895,0.7951,0.9955
2012-05-07,1.30514,1.61917,1.0201,0.79561,0.9938
2012-05-08,1.30157,1.61577,1.01174,0.78728,0.9997
2012-05-09,1.29534,1.6129,1.00664,0.78493,1.0014
2012-05-10,1.29584,1.61603,1.01133,0.78709,1.0015
2012-05-11,1.29366,1.60798,1.00654,0.78678,0.9967
2012-05-14,1.28469,1.6116,0.9998,0.77979,1.0018
2012-05-15,1.27698,1.60256,0.99771,0.7725,1.0029
2012-05-16,1.27307,1.59337,0.99334,0.76599,1.0099
2012-05-17,1.27097,1.58228,0.99246,0.7657,1.0162
2012-05-18,1.2721,1.57878,0.98193,0.7542,1.0211
2012-05-21,1.27698,1.57903,0.98532,0.76011,1.0223
2012-05-22,1.27356,1.57754,0.98736,0.76092,1.0191
2012-05-23,1.25691,1.56912,0.97087,0.74699,1.0274
2012-05-24,1.25834,1.56986,0.97742,0.75341,1.0274
2012-05-25,1.25188,1.5647,0.9778,0.7558,1.0285
2012-05-29,1.24875,1.56299,0.98251,0.76069,1.0253
2012-05-30,1.24054,1.55328,0.97333,0.755,1.0289
2012-05-31,1.2364,1.54059,0.97106,0.75267,1.0349
2012-06-01,1.24193,1.53822,0.9688,0.75369,1.0378
2012-06-04,1.24953,1.53822,0.97191,0.75677,1.0417
2012-06-05,1.24363,1.53539,0.9722,0.7546,1.0414
2012-06-06,1.25345,1.54751,0.99049,0.76811,1.0298
2012-06-07,1.25676,1.55569,0.99364,0.77119,1.0244
2012-06-08,1.24813,1.54321,0.98687,0.76728,1.0332
2012-06-11,1.25047,1.55159,0.99246,0.77322,1.0281
2012-06-12,1.24766,1.55618,0.99246,0.77561,1.0269
2012-06-13,1.2596,1.55569,0.99731,0.77809,1.027
2012-06-14,1.26088,1.55328,0.9989,0.78168,1.0247
2012-06-15,1.26326,1.56544,1.00573,0.78759,1.0244
2012-06-18,1.25786,1.56642,1.00878,0.79051,1.0264
2012-06-19,1.2692,1.57332,1.01958,0.79898,1.0177
2012-06-20,1.27033,1.57505,1.01937,0.79662,1.0193
2012-06-21,1.25865,1.56323,1.00949,0.79258,1.025
2012-06-22,1.25455,1.55812,1.00594,0.79051,1.0258
2012-06-25,1.24797,1.55545,0.9981,0.78592,1.0301
2012-06-26,1.24704,1.56201,1.00462,0.79101,1.0264
2012-06-27,1.24564,1.55497,1.00705,0.79058,1.0258
2012-06-28,1.24332,1.55039,1.00251,0.78623,1.0331
2012-06-29,1.26678,1.56863,1.02365,0.8027,1.019
2012-07-02,1.25834,1.56789,1.02386,0.8027,1.0193
2012-07-03,1.26199,1.57011,1.02944,0.80593,1.0123
2012-07-05,1.23839,1.55304,1.02912,0.80483,1.013
2012-07-06,1.22835,1.54799,1.01874,0.7965,1.0198
2012-07-09,1.22986,1.55063,1.0176,0.79548,1.021
2012-07-10,1.22549,1.55063,1.02176,0.79688,1.0202
2012-07-11,1.22444,1.55328,1.02522,0.79828,1.0195
2012-07-12,1.21996,1.5425,1.01307,0.78983,1.0215
2012-07-13,1.22324,1.55497,1.02124,0.79472,1.0151
2012-07-16,1.22669,1.56348,1.02365,0.79713,1.0156
2012-07-17,1.22339,1.56128,1.02807,0.79567,1.0141
2012-07-18,1.22609,1.56372,1.03466,0.79911,1.0112
2012-07-19,1.22564,1.57183,1.04232,0.80321,1.0076
2012-07-20,1.21758,1.56299,1.03831,0.79917,1.0113
2012-07-23,1.21256,1.55111,1.02701,0.78908,1.0172
2012-07-24,1.20627,1.55207,1.02533,0.78759,1.0207
2012-07-25,1.21315,1.54799,1.02754,0.78592,1.0181
2012-07-26,1.22805,1.56838,1.03896,0.80147,1.0101
2012-07-27,1.23701,1.57282,1.04406,0.80762,1.0059
2012-07-30,1.22504,1.56937,1.04888,0.80847,1.0033
2012-07-31,1.23153,1.56863,1.05219,0.81149,1.0014
2012-08-01,1.22986,1.55958,1.05175,0.81241,1.0017
2012-08-02,1.21492,1.54991,1.04515,0.809,1.0061
2012-08-03,1.239,1.56495,1.05664,0.81981,0.9986
2012-08-06,1.24224,1.5625,1.0591,0.82183,0.9988
2012-08-07,1.24224,1.56568,1.05708,0.81739,0.9964
2012-08-08,1.2364,1.56593,1.05731,0.81559,0.9946
2012-08-09,1.22775,1.56226,1.05675,0.81103,0.9923
2012-08-10,1.22986,1.56789,1.05686,0.81261,0.9917
2012-08-13,1.23396,1.56912,1.05075,0.80821,0.9933
2012-08-14,1.23289,1.56912,1.05064,0.8073,0.9914
2012-08-15,1.2288,1.56863,1.05086,0.8073,0.989
2012-08-16,1.23564,1.57381,1.05053,0.80978,0.9881
2012-08-17,1.23153,1.56961,1.04275,0.80802,0.9883
2012-08-20,1.23426,1.5706,1.0457,0.81011,0.989
2012-08-21,1.24719,1.57878,1.04932,0.81202,0.9864
2012-08-22,1.24719,1.58003,1.0446,0.80978,0.9928
2012-08-23,1.25834,1.58831,1.04789,0.81619,0.9928
2012-08-24,1.25329,1.58153,1.04112,0.81162,0.9919
2012-08-27,1.25141,1.58003,1.03875,0.80978,0.9892
2012-08-28,1.25644,1.58278,1.03831,0.80567,0.9864
2012-08-29,1.25376,1.58378,1.03659,0.80238,0.9873
2012-08-30,1.24969,1.57928,1.03008,0.79872,0.9925
2012-08-31,1.25786,1.58629,1.03338,0.80373,0.9862
2012-09-04,1.2566,1.58881,1.02302,0.79403,0.9862
2012-09-05,1.26024,1.59058,1.01947,0.79523,0.9901
2012-09-06,1.26263,1.5921,1.02881,0.8016,0.9824
2012-09-07,1.27959,1.60154,1.03896,0.81129,0.9777
2012-09-10,1.27943,1.60102,1.03627,0.8111,0.9761
2012-09-11,1.28584,1.6072,1.04417,0.8182,0.9723
2012-09-12,1.28932,1.61108,1.04526,0.81947,0.9756
2012-09-13,1.29116,1.61238,1.04493,0.82352,0.9754
2012-09-14,1.31423,1.62443,1.05608,0.82912,0.971
2012-09-17,1.31251,1.62628,1.04899,0.8274,0.9723
2012-09-18,1.30514,1.62522,1.0446,0.82802,0.9743
2012-09-19,1.30651,1.6218,1.048,0.8285,0.9747
2012-09-20,1.29483,1.6197,1.04102,0.82651,0.9775
2012-09-21,1.29904,1.62522,1.0469,0.8305,0.9757
2012-09-24,1.29082,1.61996,1.04167,0.82183,0.98
2012-09-25,1.2945,1.62311,1.0445,0.8274,0.977
2012-09-26,1.28518,1.61447,1.03573,0.82311,0.9845
2012-09-27,1.28733,1.6218,1.04395,0.83202,0.9812
2012-09-28,1.28568,1.61316,1.03885,0.82932,0.9837
2012-10-01,1.28999,1.61421,1.03745,0.82891,0.9827
2012-10-02,1.29517,1.61865,1.02923,0.83091,0.9827
2012-10-03,1.29082,1.60772,1.02176,0.82028,0.987
2012-10-04,1.30005,1.61655,1.02291,0.81907,0.9821
2012-10-05,1.30582,1.6197,1.02176,0.82311,0.9763
2012-10-09,1.28766,1.59872,1.01885,0.81679,0.9787
2012-10-10,1.28883,1.60077,1.02417,0.81773,0.9786
2012-10-11,1.29282,1.60282,1.02606,0.81753,0.9785
2012-10-12,1.29467,1.60746,1.02281,0.81759,0.9797
2012-10-15,1.295,1.60694,1.02449,0.81887,0.9783
2012-10-16,1.30361,1.61005,1.02701,0.81367,0.9854
2012-10-17,1.31337,1.61655,1.03799,0.82183,0.9795
2012-10-18,1.31062,1.61421,1.03972,0.82237,0.9811
2012-10-19,1.30225,1.60026,1.03284,0.81613,0.993
2012-10-22,1.30634,1.60282,1.03178,0.81759,0.9938
2012-10-23,1.29702,1.59312,1.02491,0.81149,0.9934
2012-10-24,1.29467,1.60154,1.03348,0.81533,0.9945
2012-10-25,1.29584,1.61186,1.03488,0.82088,0.9942
2012-10-26,1.29383,1.60979,1.03584,0.82257,0.999
2012-10-29,1.29066,1.60256,1.03295,0.81887,1.0003
2012-10-30,1.29786,1.60823,1.03702,0.82041,0.9992
2012-10-31,1.29584,1.61108,1.03702,0.82203,0.9994
2012-11-01,1.29366,1.61421,1.04015,0.82638,0.9973
2012-11-02,1.28485,1.60359,1.0367,0.8261,0.9962
2012-11-05,1.27894,1.5977,1.03702,0.82529,0.9965
2012-11-06,1.28172,1.59847,1.04384,0.82768,0.9936
2012-11-07,1.27584,1.59744,1.0408,0.82549,0.9971
2012-11-08,1.27405,1.59795,1.04286,0.81739,0.9985
2012-11-09,1.27146,1.59109,1.0395,0.8148,1.0007
2012-11-13,1.27162,1.58856,1.04341,0.8196,1.0015
2012-11-14,1.27405,1.58479,1.03972,0.81169,1.0017
2012-11-15,1.27828,1.58655,1.03146,0.80952,1.0024
2012-11-16,1.27146,1.58655,1.03178,0.80919,1.0029
2012-11-19,1.28057,1.59084,1.04058,0.8182,0.9963
2012-11-20,1.28139,1.59261,1.03831,0.81539,0.9969
2012-11-21,1.28156,1.59363,1.03445,0.81169,0.998
2012-11-23,1.29584,1.60308,1.04515,0.82399,0.9927
2012-11-26,1.29668,1.60128,1.04504,0.82203,0.9949
2012-11-27,1.294,1.60282,1.04613,0.82109,0.9936
2012-11-28,1.29232,1.59974,1.04701,0.82291,0.9927
2012-11-29,1.29534,1.60256,1.04232,0.82163,0.9928
2012-11-30,1.30107,1.60282,1.04286,0.82008,0.9931
2012-12-03,1.30668,1.61031,1.0433,0.8219,0.9929
2012-12-04,1.30804,1.60979,1.04767,0.82427,0.9926
2012-12-05,1.3077,1.61031,1.04603,0.82549,0.9913
2012-12-06,1.29685,1.60668,1.0491,0.8325,0.9909
2012-12-07,1.29416,1.60308,1.04855,0.83278,0.989
2012-12-10,1.29299,1.60668,1.04921,0.83431,0.9871
2012-12-11,1.29921,1.61031,1.05175,0.83808,0.9867
2012-12-12,1.30378,1.61316,1.05385,0.84111,0.9854
2012-12-13,1.3077,1.6129,1.05285,0.84402,0.9845
2012-12-14,1.31337,1.61394,1.05552,0.84467,0.986
2012-12-17,1.31683,1.62022,1.05485,0.84438,0.9841
2012-12-18,1.3224,1.62549,1.05274,0.84211,0.9852
2012-12-19,1.32608,1.6276,1.04965,0.83682,0.9868
2012-12-20,1.3224,1.62681,1.04778,0.83333,0.9882
2012-12-21,1.31666,1.61681,1.04199,0.82447,0.9941
2012-12-24,1.31787,1.61134,1.03702,0.82257,0.9913
2012-12-26,1.32275,1.61186,1.03498,0.81593,0.9945
2012-12-27,1.32275,1.61057,1.03595,0.81733,0.9949
2012-12-28,1.32205,1.61577,1.03842,0.82088,0.9951
2012-12-31,1.31857,1.62628,1.03928,0.82672,0.9958
2013-01-02,1.31944,1.62549,1.04921,0.83319,0.9859
2013-01-03,1.31096,1.61499,1.05152,0.83257,0.9853
2013-01-04,1.30463,1.60359,1.04537,0.8285,0.9856
2013-01-07,1.30993,1.60798,1.04789,0.83507,0.9859
2013-01-08,1.30685,1.60411,1.04855,0.83459,0.9871
2013-01-09,1.30787,1.60231,1.05175,0.83977,0.9867
2013-01-10,1.32205,1.61238,1.05787,0.8426,0.9859
2013-01-11,1.33529,1.6129,1.05385,0.8371,0.9842
2013-01-14,1.3369,1.60772,1.05608,0.83991,0.9841
2013-01-15,1.33422,1.60901,1.05585,0.83879,0.9839
2013-01-16,1.33049,1.60102,1.0563,0.8409,0.985
2013-01-17,1.33565,1.59898,1.05396,0.84097,0.9853
2013-01-18,1.33032,1.58755,1.04954,0.83507,0.9937
2013-01-22,1.33032,1.58629,1.05574,0.84012,0.9934
2013-01-23,1.33085,1.58479,1.05552,0.84338,0.9986
2013-01-24,1.33779,1.57878,1.04668,0.839,1.0024
2013-01-25,1.34553,1.57978,1.0421,0.83738,1.0078
2013-01-28,1.3459,1.56863,1.04015,0.83063,1.007
2013-01-29,1.34844,1.57505,1.04657,0.83759,1.0029
2013-01-30,1.35648,1.57928,1.04221,0.83098,1.0033
2013-01-31,1.35833,1.58554,1.0433,0.8397,0.9992
2013-02-01,1.36911,1.57431,1.04123,0.84638,0.9987
2013-02-04,1.35263,1.57381,1.04221,0.84581,0.9976
2013-02-05,1.35685,1.56519,1.03885,0.84431,0.9972
2013-02-06,1.35281,1.56544,1.0322,0.84289,0.9959
2013-02-07,1.33815,1.57109,1.02849,0.83029,0.9992
2013-02-08,1.33654,1.58128,1.03189,0.83528,1.0021
2013-02-11,1.34138,1.56691,1.02859,0.8371,1.0064
2013-02-12,1.34499,1.56544,1.03082,0.84211,1.0029
2013-02-13,1.34481,1.55448,1.03445,0.84069,1.002
2013-02-14,1.33333,1.55015,1.03488,0.84717,1.0007
2013-02-15,1.33618,1.55183,1.0304,0.84567,1.0069
2013-02-19,1.33869,1.54321,1.03498,0.84832,1.0117
2013-02-20,1.33494,1.52999,1.02859,0.83682,1.0162
2013-02-21,1.32048,1.52625,1.02512,0.835,1.0184
2013-02-22,1.31666,1.52555,1.03178,0.83822,1.0222
2013-02-25,1.31718,1.51126,1.02838,0.83801,1.0264
2013-02-26,1.30548,1.5124,1.02082,0.82481,1.0279
2013-02-27,1.31044,1.51332,1.0202,0.82338,1.0249
2013-02-28,1.30787,1.5193,1.02407,0.82857,1.0286
2013-03-01,1.29887,1.50331,1.02103,0.82481,1.0285
2013-03-04,1.29955,1.5083,1.01636,0.82311,1.0298
2013-03-05,1.30191,1.50989,1.02375,0.8296,1.0289
2013-03-06,1.29904,1.50353,1.0248,0.82919,1.0314
2013-03-07,1.30976,1.50331,1.02627,0.82699,1.0303
2013-03-08,1.29921,1.49254,1.0227,0.82008,1.0273
2013-03-11,1.30141,1.48987,1.02638,0.82508,1.0268
2013-03-12,1.30225,1.48765,1.03167,0.82563,1.0259
2013-03-13,1.29483,1.49254,1.02944,0.82413,1.0272
2013-03-14,1.29735,1.50399,1.03875,0.82028,1.0263
2013-03-15,1.30753,1.5124,1.03983,0.82672,1.0202
2013-03-18,1.29567,1.51126,1.03928,0.82447,1.0218
2013-03-19,1.28883,1.51172,1.03627,0.82393,1.0272
2013-03-20,1.295,1.51332,1.03885,0.8221,1.0268
2013-03-21,1.29282,1.51791,1.04395,0.83278,1.0239
2013-03-22,1.29955,1.52393,1.04471,0.83521,1.0224
2013-03-25,1.28816,1.51837,1.04515,0.83472,1.0217
2013-03-26,1.28584,1.51561,1.04844,0.83801,1.0167
2013-03-27,1.27812,1.51126,1.04351,0.83591,1.0169
2013-03-28,1.28419,1.51837,1.04275,0.83822,1.0155
2013-03-29,1.28156,1.5193,1.04091,0.83598,1.0174
2013-04-01,1.28568,1.52323,1.0421,0.83773,1.0166
2013-04-02,1.28353,1.51126,1.0457,0.8426,1.0147
2013-04-03,1.28469,1.514,1.04811,0.84417,1.0134
2013-04-04,1.28535,1.51976,1.03972,0.83808,1.0139
2013-04-05,1.30276,1.53351,1.03853,0.84211,1.019
2013-04-08,1.30073,1.52579,1.03885,0.84538,1.0199
2013-04-09,1.30924,1.53163,1.04899,0.85121,1.0162
2013-04-10,1.30599,1.53139,1.05385,0.85668,1.0148
2013-04-11,1.31234,1.54036,1.05641,0.86498,1.0107
2013-04-12,1.30941,1.53728,1.05031,0.85719,1.0134
2013-04-15,1.30822,1.5321,1.03928,0.84868,1.0208
2013-04-16,1.31406,1.53163,1.03659,0.84882,1.0226
2013-04-17,1.30497,1.52555,1.03061,0.84567,1.0263
2013-04-18,1.30719,1.52812,1.03008,0.84218,1.0257
2013-04-19,1.30668,1.52532,1.02965,0.8436,1.0264
2013-04-22,1.30497,1.52625,1.02554,0.84062,1.0262
2013-04-23,1.30124,1.52672,1.02617,0.8409,1.0259
2013-04-24,1.29971,1.52579,1.02564,0.84552,1.027
2013-04-25,1.30039,1.54345,1.03082,0.85172,1.0193
2013-04-26,1.30242,1.54799,1.02754,0.85092,1.017
2013-04-29,1.30907,1.54967,1.03477,0.85653,1.0138
2013-04-30,1.31683,1.554,1.03724,0.858,1.0072
2013-05-01,1.31926,1.55788,1.02849,0.8494,1.0083
2013-05-02,1.30668,1.55183,1.02596,0.84969,1.0083
2013-05-03,1.31113,1.55642,1.03135,0.85383,1.0077
2013-05-06,1.30668,1.55376,1.0248,0.85092,1.0074
2013-05-07,1.30856,1.54679,1.01616,0.84431,1.0051
2013-05-08,1.3177,1.55642,1.01833,0.83942,1.0023
2013-05-09,1.31044,1.55015,1.01916,0.84459,1.0026
2013-05-10,1.2955,1.53351,0.9987,0.8274,1.0123
2013-05-13,1.29803,1.52905,0.99651,0.82447,1.0108
2013-05-14,1.29685,1.52579,0.9903,0.82142,1.0149
2013-05-15,1.28568,1.51976,0.98844,0.82237,1.0173
2013-05-16,1.28982,1.53022,0.98464,0.819,1.0162
2013-05-17,1.28172,1.51722,0.97371,0.80821,1.0268
2013-05-20,1.2865,1.5223,0.97876,0.81533,1.0272
2013-05-21,1.29099,1.51699,0.98001,0.81613,1.0277
2013-05-22,1.28634,1.50376,0.96862,0.80841,1.0331
2013-05-23,1.29433,1.51194,0.9759,0.81659,1.0315
2013-05-24,1.29199,1.51263,0.96749,0.80978,1.0322
2013-05-28,1.287,1.50602,0.96423,0.80939,1.0371
2013-05-29,1.29433,1.51217,0.96321,0.81307,1.0369
2013-05-30,1.30412,1.52068,0.96618,0.80762,1.0309
2013-05-31,1.29887,1.5186,0.9608,0.79732,1.0337
2013-06-03,1.30976,1.53492,0.97704,0.80991,1.029
2013-06-04,1.30753,1.53046,0.96404,0.79917,1.0348
2013-06-05,1.30873,1.53917,0.95329,0.79447,1.0346
2013-06-06,1.32485,1.56006,0.95923,0.80122,1.024
2013-06-07,1.32415,1.55569,0.9494,0.78827,1.0208
2013-06-10,1.32345,1.55569,0.94688,0.79108,1.0185
2013-06-11,1.32784,1.5586,0.94206,0.78691,1.0191
2013-06-12,1.33547,1.56961,0.95129,0.79758,1.0202
2013-06-13,1.33138,1.56986,0.96006,0.80302,1.017
2013-06-14,1.33298,1.56863,0.95868,0.80652,1.0175
2013-06-17,1.33404,1.57085,0.95411,0.79949,1.0175
2013-06-18,1.34066,1.5625,0.94931,0.80013,1.0209
2013-06-19,1.34048,1.56568,0.95356,0.80418,1.0187
2013-06-20,1.32135,1.54679,0.91878,0.77268,1.0383
2013-06-21,1.3113,1.53728,0.91912,0.77131,1.0467
2013-06-24,1.30907,1.54036,0.92362,0.77292,1.0532
2013-06-25,1.30804,1.54178,0.92481,0.77298,1.0512
2013-06-26,1.30056,1.53327,0.92911,0.78119,1.0468
2013-06-27,1.30157,1.52346,0.92816,0.77851,1.0479
2013-06-28,1.30107,1.52091,0.91651,0.77549,1.0513
2013-07-01,1.30599,1.52462,0.92473,0.78302,1.0499
2013-07-02,1.30174,1.51699,0.91583,0.77598,1.0529
2013-07-03,1.30056,1.52648,0.90868,0.77791,1.0521
2013-07-05,1.28304,1.49098,0.90703,0.77113,1.0566
2013-07-08,1.28634,1.49321,0.91141,0.78027,1.0578
2013-07-09,1.27747,1.48368,0.91609,0.78567,1.053
2013-07-10,1.28452,1.49343,0.91449,0.77942,1.051
2013-07-11,1.30463,1.51263,0.91491,0.78021,1.0389
2013-07-12,1.3048,1.5108,0.9049,0.77809,1.0393
2013-07-15,1.30395,1.50875,0.9086,0.7804,1.0412
2013-07-16,1.31441,1.51217,0.92259,0.7879,1.0388
2013-07-17,1.30941,1.51837,0.9209,0.78939,1.0423
2013-07-18,1.30787,1.5193,0.91516,0.78839,1.0395
2013-07-19,1.31423,1.52602,0.91996,0.7946,1.0362
2013-07-22,1.31926,1.53657,0.92524,0.79637,1.0336
2013-07-23,1.32118,1.53539,0.92593,0.79688,1.0305
2013-07-24,1.32275,1.53681,0.91861,0.79441,1.0298
2013-07-25,1.32345,1.53327,0.9192,0.80548,1.0283
2013-07-26,1.32696,1.53681,0.92421,0.80717,1.0292
2013-07-29,1.32626,1.53539,0.92098,0.8025,1.0259
2013-07-30,1.32661,1.52439,0.90596,0.79751,1.0292
2013-07-31,1.3282,1.51768,0.89574,0.7951,1.0287
2013-08-01,1.3217,1.51446,0.8919,0.78678,1.0338
2013-08-02,1.32679,1.52765,0.89008,0.78229,1.0379
2013-08-05,1.32573,1.53468,0.89142,0.77991,1.0394
2013-08-06,1.32961,1.53681,0.89718,0.78871,1.0378
2013-08-07,1.33298,1.55135,0.90139,0.7977,1.0415
2013-08-08,1.33923,1.55545,0.91108,0.8036,1.0347
2013-08-09,1.33387,1.55063,0.9187,0.80379,1.0302
2013-08-12,1.3312,1.54751,0.91768,0.8036,1.0297
2013-08-13,1.32468,1.54512,0.90934,0.79441,1.0345
2013-08-14,1.32556,1.55304,0.91399,0.80328,1.0319
2013-08-15,1.32626,1.55739,0.9105,0.80457,1.0339
2013-08-16,1.33209,1.56201,0.91929,0.81182,1.0344
2013-08-19,1.33476,1.56642,0.91316,0.80847,1.0334
2013-08-20,1.34264,1.56789,0.90942,0.79879,1.0374
2013-08-21,1.33672,1.56789,0.90131,0.7879,1.0442
2013-08-22,1.33618,1.55812,0.90261,0.78358,1.0511
2013-08-23,1.33923,1.55788,0.90383,0.7818,1.0512
2013-08-26,1.3369,1.5569,0.90391,0.78548,1.0513
2013-08-27,1.33869,1.5528,0.89638,0.77948,1.0504
2013-08-28,1.33262,1.55207,0.89493,0.78021,1.0491
2013-08-29,1.32275,1.54871,0.89238,0.7761,1.0526
2013-08-30,1.31961,1.54679,0.89008,0.77292,1.0554
2013-09-03,1.31648,1.55448,0.90547,0.77857,1.0532
2013-09-04,1.32118,1.56421,0.9187,0.79252,1.0482
2013-09-05,1.31199,1.55933,0.91316,0.79001,1.0499
2013-09-06,1.31666,1.56323,0.92047,0.8007,1.039
2013-09-09,1.32608,1.57233,0.92328,0.80199,1.0366
2013-09-10,1.32608,1.57307,0.92894,0.80522,1.0357
2013-09-11,1.33014,1.58078,0.93119,0.80639,1.0336
2013-09-12,1.33156,1.58178,0.92713,0.815,1.0319
2013-09-13,1.32767,1.58604,0.9243,0.8144,1.0341
2013-09-16,1.33494,1.59261,0.9331,0.81853,1.0316
2013-09-17,1.33565,1.59008,0.93642,0.82481,1.029
2013-09-18,1.33511,1.59642,0.9344,0.82183,1.0312
2013-09-19,1.35263,1.60436,0.94438,0.83598,1.0237
2013-09-20,1.35227,1.60205,0.93967,0.83717,1.0287
2013-09-23,1.35208,1.60668,0.94438,0.83857,1.029
2013-09-24,1.34898,1.60051,0.94038,0.82932,1.0294
2013-09-25,1.35355,1.60798,0.93861,0.82699,1.0294
2013-09-26,1.34844,1.60128,0.93537,0.82761,1.0321
2013-09-27,1.35373,1.61342,0.9324,0.82727,1.03
2013-09-30,1.35355,1.61786,0.93423,0.83229,1.0284
2013-10-01,1.35336,1.62075,0.9387,0.8272,1.0333
2013-10-02,1.35925,1.62232,0.93659,0.82699,1.033
2013-10-03,1.36426,1.61681,0.93817,0.82912,1.0324
2013-10-04,1.35814,1.60694,0.94429,0.83271,1.0306
2013-10-07,1.35685,1.60823,0.94357,0.83299,1.0306
2013-10-08,1.35814,1.60901,0.94491,0.83043,1.033
2013-10-09,1.35135,1.59439,0.9434,0.82953,1.0396
2013-10-10,1.35355,1.59744,0.94661,0.83001,1.0382
2013-10-11,1.35593,1.59439,0.94733,0.8334,1.0383
2013-10-15,1.34935,1.59744,0.95229,0.83689,1.0372
2013-10-16,1.34898,1.59033,0.95293,0.84062,1.0345
2013-10-17,1.36631,1.61655,0.96423,0.85121,1.0285
2013-10-18,1.3693,1.61838,0.96712,0.84969,1.0287
2013-10-21,1.36724,1.61499,0.96618,0.84667,1.0296
2013-10-22,1.37779,1.62206,0.9705,0.85172,1.0282
2013-10-23,1.37855,1.61708,0.96321,0.83928,1.0384
2013-10-24,1.38102,1.61865,0.96006,0.83459,1.0421
2013-10-25,1.37931,1.61577,0.95776,0.82823,1.0449
2013-10-28,1.37855,1.61316,0.95694,0.82843,1.0443
2013-10-29,1.37703,1.60591,0.94976,0.82651,1.0445
2013-10-30,1.37703,1.60772,0.94913,0.82467,1.0454
2013-10-31,1.35943,1.60668,0.94706,0.82768,1.0429
2013-11-01,1.3488,1.5921,0.94384,0.82311,1.0442
2013-11-04,1.35153,1.5949,0.95102,0.82857,1.0414
2013-11-05,1.34698,1.60436,0.94868,0.82967,1.0447
2013-11-06,1.353,1.60798,0.95184,0.83829,1.0418
2013-11-07,1.33905,1.60694,0.94688,0.83452,1.0441
2013-11-08,1.33565,1.59949,0.93809,0.82542,1.0486
2013-11-12,1.34282,1.5916,0.92902,0.82142,1.05
2013-11-13,1.34553,1.60333,0.9324,0.8261,1.0468
2013-11-14,1.3468,1.60772,0.93214,0.82809,1.0497
2013-11-15,1.34807,1.61082,0.9365,0.83313,1.0457
2013-11-18,1.35208,1.61108,0.94003,0.83703,1.0426
2013-11-19,1.35281,1.61108,0.94118,0.8341,1.0467
2013-11-20,1.34517,1.61499,0.93694,0.82912,1.0446
2013-11-21,1.34698,1.61551,0.9249,0.82088,1.0506
2013-11-22,1.35465,1.62101,0.91634,0.81693,1.0534
2013-11-25,1.35026,1.61473,0.91483,0.8188,1.0554
2013-11-26,1.35556,1.61865,0.91199,0.81927,1.0547
2013-11-27,1.3563,1.62681,0.90719,0.81261,1.0595
2013-11-29,1.36054,1.6372,0.91249,0.81573,1.0597
2013-12-02,1.3552,1.63639,0.90984,0.8178,1.0632
2013-12-03,1.36036,1.6415,0.91233,0.82447,1.066
2013-12-04,1.35556,1.63532,0.9009,0.81733,1.0696
2013-12-05,1.36631,1.63292,0.90686,0.82109,1.0638
2013-12-06,1.36893,1.63265,0.90909,0.82713,1.0663
2013-12-09,1.37268,1.64042,0.90843,0.82699,1.0641
2013-12-10,1.37646,1.64231,0.915,0.83167,1.0622
2013-12-11,1.37988,1.63881,0.90662,0.82257,1.0605
2013-12-12,1.37514,1.63265,0.89254,0.82379,1.0641
2013-12-13,1.37231,1.62946,0.89614,0.82651,1.0594
2013-12-16,1.37571,1.63106,0.89686,0.82672,1.0577
2013-12-17,1.37476,1.62549,0.89031,0.82461,1.0611
2013-12-18,1.37665,1.63881,0.88842,0.82257,1.0645
2013-12-19,1.36668,1.63827,0.88582,0.81713,1.0677
2013-12-20,1.36724,1.63559,0.89182,0.82142,1.0679
2013-12-23,1.37005,1.63559,0.89397,0.82122,1.0602
2013-12-24,1.36761,1.6372,0.89198,0.8186,1.0618
2013-12-26,1.36893,1.64258,0.88849,0.81579,1.0648
2013-12-27,1.37665,1.64908,0.88857,0.818,1.0697
2013-12-30,1.3816,1.65207,0.89222,0.8219,1.064
2013-12-31,1.37798,1.65728,0.89294,0.82291,1.0637
2014-01-02,1.36705,1.6442,0.89238,0.82041,1.0634
2014-01-03,1.36054,1.64231,0.89759,0.8296,1.0612
2014-01-06,1.36351,1.64123,0.89614,0.82919,1.0658
2014-01-07,1.36184,1.64204,0.8923,0.82898,1.0742
2014-01-08,1.35851,1.64609,0.89087,0.82788,1.0802
2014-01-09,1.35906,1.64582,0.88857,0.82481,1.085
2014-01-10,1.36631,1.6469,0.89847,0.82939,1.0915
2014-01-13,1.36463,1.638,0.90531,0.83633,1.0868
2014-01-14,1.36818,1.64501,0.89799,0.83991,1.0934
2014-01-15,1.36036,1.63747,0.89254,0.83479,1.0932
2014-01-16,1.35999,1.63345,0.8802,0.83222,1.0926
2014-01-17,1.35538,1.64285,0.87781,0.8259,1.0959
2014-01-21,1.35593,1.6469,0.88013,0.83153,1.0971
2014-01-22,1.35465,1.657,0.88394,0.83063,1.1069
2014-01-23,1.36799,1.66113,0.87742,0.83222,1.1128
2014-01-24,1.36799,1.64908,0.87154,0.82529,1.1063
2014-01-27,1.36799,1.65893,0.87352,0.82291,1.1097
2014-01-28,1.36612,1.6581,0.87696,0.8257,1.1148
2014-01-29,1.36631,1.65618,0.87627,0.82788,1.1147
2014-01-30,1.35483,1.6488,0.87712,0.8136,1.1171
2014-01-31,1.35007,1.64501,0.87428,0.809,1.1116
2014-02-03,1.35227,1.63079,0.87773,0.8107,1.1074
2014-02-04,1.35062,1.62999,0.8935,0.82008,1.1056
2014-02-05,1.3519,1.63079,0.89111,0.82048,1.11
2014-02-06,1.36036,1.63452,0.8967,0.8272,1.1065
2014-02-07,1.36147,1.63961,0.8959,0.82829,1.1014
2014-02-10,1.36444,1.64177,0.89437,0.8274,1.1048
2014-02-11,1.36537,1.6469,0.90449,0.83403,1.1024
2014-02-12,1.35925,1.65782,0.90277,0.83202,1.0992
2014-02-13,1.36687,1.66417,0.89791,0.83389,1.0979
2014-02-14,1.36893,1.67364,0.90228,0.83668,1.0981
2014-02-18,1.37589,1.66973,0.90391,0.83119,1.0952
2014-02-19,1.37627,1.67168,0.90269,0.83077,1.1045
2014-02-20,1.36893,1.66389,0.89807,0.82829,1.1104
2014-02-21,1.37212,1.66306,0.89614,0.82829,1.1128
2014-02-24,1.37438,1.66417,0.90416,0.83368,1.1058
2014-02-25,1.37495,1.66973,0.90253,0.83361,1.1085
2014-02-26,1.36687,1.66472,0.89622,0.82939,1.1117
2014-02-27,1.37231,1.66917,0.89598,0.83829,1.1137
2014-02-28,1.38064,1.67504,0.89334,0.839,1.1075
2014-03-03,1.37627,1.67112,0.89294,0.8371,1.109
2014-03-04,1.37306,1.66639,0.89397,0.83787,1.1113
2014-03-05,1.37344,1.6728,0.89839,0.84218,1.105
2014-03-06,1.38485,1.6742,0.91,0.84897,1.0965
2014-03-07,1.38677,1.67252,0.90711,0.84552,1.1088
2014-03-10,1.38793,1.66334,0.90212,0.84653,1.1104
2014-03-11,1.38677,1.66279,0.90204,0.84882,1.1085
2014-03-12,1.39043,1.66058,0.89718,0.84882,1.113
2014-03-13,1.39276,1.66778,0.9058,0.85682,1.1059
2014-03-14,1.39237,1.66306,0.904,0.85507,1.1087
2014-03-17,1.39276,1.66445,0.90917,0.85749,1.1052
2014-03-18,1.39121,1.65728,0.91341,0.86311,1.1089
2014-03-19,1.39101,1.66279,0.91033,0.86207,1.1177
2014-03-20,1.37836,1.65098,0.90416,0.85383,1.1251
2014-03-21,1.37836,1.64989,0.90901,0.85477,1.1191
2014-03-24,1.37836,1.64908,0.91258,0.85463,1.1218
2014-03-25,1.37779,1.65071,0.91466,0.85572,1.1176
2014-03-26,1.37855,1.65673,0.92251,0.86059,1.1143
2014-03-27,1.37514,1.66279,0.92618,0.8679,1.1056
2014-03-28,1.37533,1.66362,0.92387,0.8655,1.1066
2014-03-31,1.37779,1.6675,0.92747,0.86843,1.1053
2014-04-01,1.38045,1.66389,0.92524,0.867,1.1026
2014-04-02,1.37608,1.66334,0.92362,0.85572,1.103
2014-04-03,1.3708,1.65837,0.92191,0.85368,1.1035
2014-04-04,1.37043,1.65948,0.9292,0.85852,1.0978
2014-04-07,1.37457,1.66168,0.92653,0.85992,1.0971
2014-04-08,1.38026,1.6742,0.93563,0.86723,1.0919
2014-04-09,1.3816,1.67504,0.93677,0.8661,1.0902
2014-04-10,1.38927,1.67813,0.94242,0.87078,1.0912
2014-04-11,1.38985,1.67364,0.94011,0.86858,1.096
2014-04-14,1.38236,1.6742,0.94091,0.86678,1.0968
2014-04-15,1.38064,1.67252,0.93423,0.86304,1.098
2014-04-16,1.38198,1.67926,0.938,0.86088,1.1027
2014-04-17,1.38313,1.68095,0.93388,0.8583,1.0997
2014-04-18,1.3816,1.67926,0.93301,0.85933,1.1024
2014-04-21,1.37893,1.67926,0.93371,0.85616,1.102
2014-04-22,1.38045,1.68322,0.9365,0.86081,1.1025
2014-04-23,1.38141,1.67673,0.92833,0.85807,1.1034
2014-04-24,1.38274,1.67983,0.92567,0.85602,1.1026
2014-04-25,1.38389,1.68095,0.92721,0.85822,1.1041
2014-04-28,1.38447,1.68124,0.92541,0.8531,1.1032
2014-04-29,1.38083,1.68294,0.92661,0.85441,1.0963
2014-04-30,1.38696,1.68833,0.92816,0.86051,1.0956
2014-05-01,1.38677,1.69005,0.92747,0.86281,1.0965
2014-05-02,1.38639,1.68663,0.92567,0.86453,1.0973
2014-05-05,1.38831,1.68691,0.92756,0.86821,1.0955
2014-05-06,1.39237,1.6975,0.93598,0.87658,1.089
2014-05-07,1.39179,1.69635,0.93362,0.86723,1.0895
2014-05-08,1.38639,1.69434,0.93817,0.86573,1.0856
2014-05-09,1.37627,1.68492,0.9358,0.8611,1.0899
2014-05-12,1.37608,1.68719,0.93642,0.86199,1.0886
2014-05-13,1.37118,1.68379,0.93694,0.86498,1.0892
2014-05-14,1.37174,1.67842,0.93791,0.867,1.0887
2014-05-15,1.37118,1.67898,0.93458,0.86371,1.0887
2014-05-16,1.3708,1.68265,0.93668,0.86348,1.0883
2014-05-19,1.37155,1.68209,0.93432,0.86363,1.0861
2014-05-20,1.37024,1.68464,0.92593,0.85741,1.09
2014-05-21,1.36575,1.68691,0.92149,0.85448,1.0935
2014-05-22,1.36519,1.68577,0.92217,0.85616,1.0897
2014-05-23,1.36277,1.68209,0.92353,0.85477,1.087
2014-05-27,1.36184,1.68011,0.92396,0.85361,1.0869
2014-05-28,1.35962,1.67084,0.92268,0.84918,1.0867
2014-05-29,1.36073,1.67196,0.92894,0.84638,1.0837
2014-05-30,1.36407,1.67645,0.9298,0.84846,1.0867
2014-06-02,1.36054,1.6756,0.92498,0.8471,1.0894
2014-06-03,1.3624,1.67532,0.9255,0.84317,1.0915
2014-06-04,1.36184,1.67476,0.92687,0.84232,1.0937
2014-06-05,1.36184,1.67954,0.93214,0.8481,1.0935
2014-06-06,1.36388,1.67926,0.93284,0.84998,1.0936
2014-06-09,1.35888,1.67983,0.93467,0.84933,1.0908
2014-06-10,1.35428,1.67532,0.9365,0.85099,1.0914
2014-06-11,1.35318,1.67954,0.93914,0.85609,1.0867
2014-06-12,1.35556,1.6852,0.94304,0.86843,1.0851
2014-06-13,1.35227,1.6952,0.93958,0.86528,1.0868
2014-06-16,1.35777,1.69866,0.94003,0.86821,1.0849
2014-06-17,1.35428,1.69664,0.93397,0.86588,1.0851
2014-06-18,1.35667,1.6952,0.93397,0.8679,1.087
2014-06-19,1.36203,1.70474,0.94056,0.87161,1.0828
2014-06-20,1.35851,1.70126,0.9387,0.86911,1.0766
2014-06-23,1.35925,1.70097,0.94171,0.87093,1.0731
2014-06-24,1.35888,1.69722,0.938,0.86858,1.0739
2014-06-25,1.36388,1.69866,0.93976,0.87367,1.0721
2014-06-26,1.36091,1.70184,0.94047,0.87642,1.0706
2014-06-27,1.36314,1.70155,0.94127,0.8765,1.0676
2014-06-30,1.36893,1.71057,0.94268,0.8755,1.0676
2014-07-01,1.36818,1.71468,0.94877,0.87719,1.0652
2014-07-02,1.36556,1.71644,0.94438,0.87712,1.0667
2014-07-03,1.36091,1.71527,0.9358,0.87627,1.0633
2014-07-07,1.36036,1.71292,0.93712,0.87681,1.0662
2014-07-08,1.36147,1.71262,0.94003,0.87881,1.0674
2014-07-09,1.36295,1.71292,0.93958,0.88051,1.0648
2014-07-10,1.35999,1.71233,0.9387,0.88137,1.0658
2014-07-11,1.3598,1.71086,0.93826,0.88044,1.072
2014-07-14,1.36203,1.70794,0.93923,0.88028,1.0721
2014-07-15,1.35722,1.71497,0.93659,0.87673,1.0766
2014-07-16,1.353,1.71321,0.93624,0.87108,1.0749
2014-07-17,1.353,1.71028,0.93721,0.86911,1.0753
2014-07-18,1.35153,1.70678,0.93861,0.86783,1.0737
2014-07-21,1.35245,1.70678,0.93773,0.86926,1.0736
2014-07-22,1.34698,1.7059,0.93879,0.86573,1.0744
2014-07-23,1.34626,1.70358,0.945,0.86889,1.0739
2014-07-24,1.3468,1.69808,0.94189,0.85866,1.0741
2014-07-25,1.34318,1.69722,0.94038,0.85477,1.0814
2014-07-28,1.34409,1.69924,0.941,0.85499,1.08
2014-07-29,1.34102,1.69377,0.93782,0.84969,1.0851
2014-07-30,1.33779,1.69033,0.93153,0.84688,1.0908
2014-07-31,1.33905,1.6889,0.93006,0.84897,1.0889
2014-08-01,1.34354,1.68322,0.93041,0.85099,1.0918
2014-08-04,1.34138,1.68407,0.93284,0.85251,1.0916
2014-08-05,1.33654,1.68748,0.93006,0.84602,1.0969
2014-08-06,1.33547,1.68322,0.93266,0.84567,1.0926
2014-08-07,1.33618,1.68492,0.92833,0.84918,1.0922
2014-08-08,1.3412,1.67785,0.92773,0.84717,1.0982
2014-08-11,1.33851,1.6787,0.92627,0.84638,1.0933
2014-08-12,1.33565,1.68067,0.92704,0.84353,1.0944
2014-08-13,1.33672,1.66973,0.93023,0.84588,1.0929
2014-08-14,1.33761,1.66945,0.93223,0.84933,1.091
2014-08-15,1.33923,1.66861,0.93058,0.84882,1.091
2014-08-18,1.33583,1.67196,0.93301,0.84767,1.0888
2014-08-19,1.33191,1.66196,0.9311,0.84431,1.0929
2014-08-20,1.32837,1.66334,0.93058,0.84019,1.0944
2014-08-21,1.32837,1.65893,0.93023,0.84019,1.0949
2014-08-22,1.32363,1.65728,0.93093,0.83928,1.0949
2014-08-25,1.32066,1.65837,0.92963,0.83507,1.098
2014-08-26,1.31891,1.657,0.93197,0.83368,1.095
2014-08-27,1.31926,1.65728,0.93353,0.83689,1.089
2014-08-28,1.31787,1.65782,0.93519,0.83759,1.0857
2014-08-29,1.31492,1.65837,0.9344,0.83668,1.0858
2014-09-02,1.31234,1.65017,0.92756,0.83091,1.0923
2014-09-03,1.31354,1.64501,0.93414,0.83153,1.0872
2014-09-04,1.29266,1.63479,0.93607,0.83098,1.0862
2014-09-05,1.29567,1.63132,0.93756,0.83271,1.089
2014-09-08,1.29483,1.61421,0.92997,0.8285,1.0933
2014-09-09,1.29082,1.60875,0.92073,0.82447,1.101
2014-09-10,1.29082,1.61342,0.91533,0.82447,1.0954
2014-09-11,1.29366,1.62259,0.91149,0.81873,1.1032
2014-09-12,1.2955,1.62443,0.90473,0.81559,1.1075
2014-09-15,1.29517,1.62443,0.90269,0.81659,1.105
2014-09-16,1.29752,1.62893,0.90959,0.82068,1.0985
2014-09-17,1.29584,1.63292,0.90277,0.81513,1.0951
2014-09-18,1.29132,1.6372,0.89839,0.8144,1.0946
2014-09-19,1.28353,1.63132,0.8935,0.81189,1.0968
2014-09-22,1.28287,1.63399,0.88763,0.81248,1.1007
2014-09-23,1.28584,1.63693,0.88527,0.80658,1.1059
2014-09-24,1.27877,1.63452,0.887,0.80671,1.1088
2014-09-25,1.27486,1.63132,0.87958,0.79321,1.1105
2014-09-26,1.26855,1.62549,0.87612,0.78759,1.1162
2014-09-29,1.27033,1.62628,0.87382,0.77882,1.1142
2014-09-30,1.26279,1.62206,0.87367,0.77882,1.1207
2014-10-01,1.26183,1.62153,0.87336,0.78113,1.1171
2014-10-02,1.26695,1.61394,0.87928,0.78808,1.115
2014-10-03,1.25172,1.59617,0.86753,0.77718,1.1254
2014-10-06,1.25913,1.60282,0.87474,0.78058,1.1174
2014-10-07,1.26263,1.6072,0.88082,0.78339,1.1182
2014-10-08,1.26823,1.60668,0.87512,0.77997,1.1181
2014-10-09,1.26823,1.61238,0.87781,0.78641,1.115
2014-10-10,1.26358,1.60488,0.87192,0.78339,1.1173
2014-10-14,1.26598,1.59312,0.87268,0.78548,1.1235
2014-10-15,1.27779,1.59591,0.87943,0.79371,1.1291
2014-10-16,1.28123,1.60643,0.87658,0.79631,1.1265
2014-10-17,1.27551,1.60849,0.87612,0.79352,1.1247
2014-10-20,1.27828,1.61368,0.87858,0.79669,1.1276
2014-10-21,1.27243,1.61342,0.87966,0.79681,1.1219
2014-10-22,1.26582,1.60694,0.87928,0.79441,1.1218
2014-10-23,1.26582,1.60359,0.87727,0.78413,1.1236
2014-10-24,1.26743,1.60979,0.88121,0.78629,1.1211
2014-10-27,1.27113,1.61342,0.87989,0.78871,1.1247
2014-10-28,1.2747,1.61577,0.8848,0.7929,1.1176
2014-10-29,1.27616,1.61499,0.89039,0.7965,1.1135
2014-10-30,1.26215,1.60231,0.88253,0.78401,1.1191
2014-10-31,1.25298,1.6,0.87912,0.77803,1.1272
2014-11-03,1.24875,1.59872,0.87009,0.77322,1.1319
2014-11-04,1.25534,1.59898,0.87291,0.77773,1.1396
2014-11-05,1.24875,1.59847,0.85918,0.7728,1.1377
2014-11-06,1.24146,1.58629,0.858,0.77149,1.1423
2014-11-07,1.24224,1.58428,0.86199,0.77357,1.136
2014-11-10,1.24254,1.58579,0.86252,0.77628,1.1344
2014-11-12,1.24564,1.58153,0.87352,0.78983,1.1284
2014-11-13,1.24766,1.57159,0.87298,0.79008,1.1349
2014-11-14,1.24938,1.56568,0.87367,0.79101,1.1294
2014-11-17,1.24471,1.56446,0.87176,0.79352,1.1308
2014-11-18,1.25345,1.5647,0.8726,0.79409,1.1305
2014-11-19,1.25486,1.56691,0.86229,0.78592,1.1349
2014-11-20,1.25266,1.56838,0.86103,0.78518,1.1311
2014-11-21,1.23946,1.56715,0.86738,0.78858,1.1237
2014-11-24,1.2427,1.57011,0.86147,0.78561,1.1279
2014-11-25,1.24719,1.57134,0.85201,0.78058,1.126
2014-11-26,1.25031,1.57878,0.85339,0.78808,1.1236
2014-11-28,1.24378,1.56372,0.85237,0.78401,1.1426
2014-12-01,1.24906,1.57431,0.85208,0.78989,1.1343
2014-12-02,1.239,1.56519,0.84567,0.77997,1.1397
2014-12-03,1.23047,1.57011,0.84168,0.77779,1.1359
2014-12-04,1.24316,1.5706,0.84048,0.78113,1.1374
2014-12-05,1.23047,1.56006,0.83299,0.77178,1.1423
2014-12-08,1.22926,1.5625,0.8296,0.76622,1.1473
2014-12-09,1.24146,1.56937,0.8341,0.77262,1.1422
2014-12-10,1.24254,1.56887,0.8305,0.77149,1.1479
2014-12-11,1.23977,1.57109,0.82651,0.78009,1.1534
2014-12-12,1.24844,1.57282,0.82679,0.77888,1.1538
2014-12-15,1.24704,1.56642,0.82318,0.77537,1.1629
2014-12-16,1.25047,1.57356,0.82203,0.779,1.1624
2014-12-17,1.24054,1.56519,0.81733,0.77298,1.1629
2014-12-18,1.22911,1.56617,0.81679,0.77567,1.1594
2014-12-19,1.22354,1.56079,0.81281,0.77447,1.1626
2014-12-22,1.22519,1.56177,0.81407,0.77399,1.1644
2014-12-23,1.21803,1.55159,0.80972,0.77119,1.1626
2014-12-24,1.21877,1.55497,0.8109,0.77208,1.1621
2014-12-29,1.21788,1.55231,0.8146,0.77882,1.1631
2014-12-30,1.21743,1.55739,0.81987,0.78468,1.1597
2014-12-31,1.21007,1.55788,0.81733,0.77961,1.1601
2015-01-02,1.20149,1.5361,0.81182,0.77113,1.1725
2015-01-05,1.19175,1.52346,0.80952,0.77018,1.1785
2015-01-06,1.1936,1.51745,0.81182,0.78052,1.1802
2015-01-07,1.18203,1.50739,0.80489,0.77268,1.1851
2015-01-08,1.18106,1.51172,0.81261,0.7826,1.1812
2015-01-09,1.18301,1.51515,0.81907,0.78321,1.1857
2015-01-12,1.18315,1.51676,0.81653,0.7776,1.1929
2015-01-13,1.17786,1.51653,0.81639,0.77322,1.1947
2015-01-14,1.18064,1.52346,0.81633,0.77459,1.1957
2015-01-15,1.15982,1.51607,0.82122,0.77912,1.1932
2015-01-16,1.15168,1.51309,0.8194,0.77779,1.1986
2015-01-20,1.15594,1.5163,0.81773,0.76929,1.2085
2015-01-21,1.15835,1.51172,0.81011,0.75781,1.2377
2015-01-22,1.14142,1.50512,0.80991,0.75512,1.237
2015-01-23,1.1279,1.50218,0.79352,0.74772,1.24
2015-01-26,1.12905,1.50875,0.7934,0.7425,1.2409
2015-01-27,1.13701,1.51953,0.7939,0.7461,1.2402
2015-01-28,1.13417,1.51653,0.79732,0.7451,1.2452
2015-01-29,1.13084,1.50421,0.7758,0.7259,1.2644
2015-01-30,1.12905,1.50263,0.77622,0.7248,1.2716
2015-02-02,1.13366,1.50263,0.7818,0.73041,1.2577
2015-02-03,1.14626,1.51286,0.77369,0.72939,1.2452
2015-02-04,1.14181,1.52091,0.7761,0.73708,1.255
2015-02-05,1.14325,1.52929,0.78027,0.7391,1.2419
2015-02-06,1.13302,1.52462,0.7807,0.73611,1.2524
2015-02-09,1.13161,1.52161,0.78131,0.74151,1.2448
2015-02-10,1.13161,1.52509,0.77809,0.74129,1.2528
2015-02-11,1.12994,1.52323,0.77131,0.73823,1.2635
2015-02-12,1.14103,1.53799,0.77628,0.74621,1.2464
2015-02-13,1.14077,1.53941,0.77718,0.74683,1.2449
2015-02-17,1.13947,1.53492,0.78162,0.75228,1.2401
2015-02-18,1.13417,1.54297,0.77779,0.75188,1.2456
2015-02-19,1.13921,1.54512,0.78101,0.75432,1.2484
2015-02-20,1.13714,1.53846,0.78327,0.75341,1.2503
2015-02-23,1.13456,1.54655,0.7807,0.75358,1.2577
2015-02-24,1.13071,1.54345,0.78082,0.7456,1.2601
2015-02-25,1.13636,1.54991,0.78983,0.75477,1.2418
2015-02-26,1.1212,1.5425,0.78162,0.75552,1.249
2015-02-27,1.1197,1.54392,0.78101,0.75569,1.2506
2015-03-02,1.11894,1.53704,0.77803,0.75228,1.2535
2015-03-03,1.1212,1.53917,0.78401,0.757,1.245
2015-03-04,1.10705,1.52648,0.78211,0.75838,1.2439
2015-03-05,1.10059,1.523,0.77628,0.7466,1.2482
2015-03-06,1.08554,1.50625,0.77119,0.73649,1.2615
2015-03-09,1.0846,1.50966,0.7716,0.736,1.2598
2015-03-10,1.07066,1.50852,0.76371,0.72722,1.2633
2015-03-11,1.05764,1.49454,0.75821,0.72181,1.2763
2015-03-12,1.06146,1.49076,0.77048,0.7403,1.2692
2015-03-13,1.05241,1.47558,0.76313,0.73298,1.2803
2015-03-16,1.05753,1.47995,0.76558,0.73899,1.2763
2015-03-17,1.06045,1.47449,0.7615,0.73121,1.2769
2015-03-18,1.06428,1.46864,0.76529,0.73632,1.2771
2015-03-19,1.06213,1.47297,0.76179,0.73763,1.2743
2015-03-20,1.07921,1.49231,0.77592,0.75552,1.2593
2015-03-23,1.09278,1.49365,0.78481,0.76231,1.2515
2015-03-24,1.09075,1.48699,0.78691,0.76318,1.251
2015-03-25,1.09866,1.49142,0.78561,0.7633,1.2513
2015-03-26,1.09194,1.48434,0.78358,0.75838,1.2469
2015-03-27,1.08909,1.48787,0.77537,0.75597,1.2579
2015-03-30,1.08178,1.47929,0.76453,0.75143,1.2687
2015-03-31,1.07411,1.485,0.76249,0.7485,1.2681
2015-04-01,1.07677,1.48236,0.7615,0.7461,1.261
2015-04-02,1.08743,1.48412,0.7566,0.74828,1.2584
2015-04-03,1.09902,1.49165,0.76453,0.75947,1.2465
2015-04-06,1.10084,1.49589,0.7657,0.76051,1.245
2015-04-07,1.08495,1.48566,0.76458,0.75069,1.2488
2015-04-08,1.08178,1.49231,0.77149,0.75798,1.2508
2015-04-09,1.06712,1.47384,0.77059,0.75552,1.258
2015-04-10,1.05977,1.46477,0.7674,0.75318,1.2596
2015-04-13,1.0582,1.46585,0.75792,0.74482,1.2603
2015-04-14,1.06724,1.47907,0.76383,0.75358,1.2476
2015-04-15,1.05955,1.4782,0.76098,0.75369,1.2378
2015-04-16,1.07423,1.49231,0.77961,0.76622,1.2206
2015-04-17,1.07805,1.4941,0.7776,0.7684,1.2225
2015-04-20,1.07631,1.4912,0.77268,0.76669,1.2203
2015-04-21,1.07585,1.49432,0.77411,0.76899,1.2274
2015-04-22,1.07285,1.50263,0.77712,0.7677,1.225
2015-04-23,1.08026,1.50466,0.77821,0.7585,1.2148
2015-04-24,1.08755,1.51768,0.78247,0.76011,1.2168
2015-04-27,1.08921,1.52346,0.78592,0.76482,1.2106
2015-04-28,1.09794,1.5328,0.80173,0.77328,1.2021
2015-04-29,1.11744,1.54847,0.80652,0.77369,1.1955
2015-04-30,1.1162,1.5328,0.78672,0.75913,1.2116
2015-05-01,1.11944,1.51378,0.78131,0.75199,1.2191
2015-05-04,1.11445,1.51172,0.78388,0.75301,1.2108
2015-05-05,1.11744,1.51791,0.79409,0.75632,1.2038
2015-05-06,1.13456,1.52439,0.80051,0.75131,1.2007
2015-05-07,1.12829,1.5223,0.79139,0.7446,1.2139
2015-05-08,1.1241,1.5456,0.79139,0.74901,1.2086
2015-05-11,1.11421,1.55933,0.78989,0.73502,1.2107
2015-05-12,1.12397,1.56838,0.79891,0.73768,1.1987
2015-05-13,1.13714,1.5748,0.81182,0.74878,1.195
2015-05-14,1.13675,1.57654,0.80821,0.75002,1.1991
2015-05-15,1.14286,1.57729,0.80528,0.7489,1.2009
2015-05-18,1.13546,1.56789,0.80013,0.73981,1.215
2015-05-19,1.11508,1.55231,0.79183,0.7354,1.2213
2015-05-20,1.10791,1.55448,0.78771,0.7295,1.2212
2015-05-21,1.11259,1.56715,0.78883,0.73201,1.2201
2015-05-22,1.10327,1.54847,0.78278,0.73067,1.2288
2015-05-26,1.08755,1.53988,0.77381,0.7228,1.2428
2015-05-27,1.08885,1.53233,0.77119,0.7228,1.2483
2015-05-28,1.09135,1.52905,0.76313,0.715,1.2474
2015-05-29,1.09938,1.52858,0.76587,0.71109,1.2466
2015-06-01,1.09135,1.5186,0.76132,0.70982,1.2547
2015-06-02,1.11297,1.53304,0.77477,0.71541,1.2425
2015-06-03,1.12854,1.53516,0.78027,0.71521,1.2437
2015-06-04,1.12714,1.53681,0.76728,0.71159,1.2477
2015-06-05,1.11074,1.52672,0.7622,0.70462,1.2488
2015-06-08,1.12322,1.52788,0.76499,0.70972,1.2435
2015-06-09,1.12841,1.53822,0.76852,0.71372,1.2316
2015-06-10,1.13071,1.55304,0.77489,0.71942,1.2267
2015-06-11,1.1236,1.54919,0.77262,0.69901,1.2314
2015-06-12,1.12778,1.5586,0.77417,0.69852,1.2306
2015-06-15,1.12663,1.55715,0.7767,0.70048,1.2321
2015-06-16,1.12385,1.56372,0.77531,0.69862,1.2328
2015-06-17,1.12435,1.57085,0.76669,0.69132,1.2307
2015-06-18,1.14038,1.58831,0.78309,0.6942,1.2206
2015-06-19,1.13353,1.58806,0.7758,0.68951,1.2273
2015-06-22,1.13779,1.58228,0.77447,0.68762,1.2286
2015-06-23,1.11894,1.57505,0.77387,0.68512,1.2326
2015-06-24,1.11782,1.56814,0.76888,0.68681,1.2413
2015-06-25,1.11957,1.57282,0.77411,0.69109,1.2346
2015-06-26,1.11557,1.57381,0.76499,0.68311,1.2358
2015-06-29,1.11794,1.57629,0.7677,0.6854,1.238
2015-06-30,1.11545,1.57282,0.77042,0.67778,1.2473
2015-07-01,1.1084,1.56177,0.7664,0.6754,1.2559
2015-07-02,1.10902,1.56128,0.76301,0.67259,1.2566
2015-07-06,1.10754,1.56201,0.75211,0.67029,1.2623
2015-07-07,1.09517,1.5444,0.74349,0.66618,1.2742
2015-07-08,1.10717,1.53539,0.74449,0.67408,1.2724
2015-07-09,1.10254,1.53752,0.74383,0.67272,1.2727
2015-07-10,1.11495,1.55039,0.74272,0.66988,1.2713
2015-07-13,1.10205,1.55183,0.74069,0.66939,1.2762
2015-07-14,1.10144,1.55836,0.74499,0.67069,1.2746
2015-07-15,1.09649,1.56201,0.73659,0.6605,1.2935
2015-07-16,1.0898,1.56006,0.743,0.65381,1.2938
2015-07-17,1.08483,1.5625,0.73708,0.6527,1.2997
2015-07-20,1.08495,1.5586,0.73801,0.65712,1.2982
2015-07-21,1.09266,1.55497,0.74289,0.66291,1.2958
2015-07-22,1.08838,1.56177,0.73681,0.6572,1.3023
2015-07-23,1.09757,1.55328,0.73752,0.6645,1.303
2015-07-24,1.09757,1.55135,0.72791,0.65859,1.3059
2015-07-27,1.11123,1.55958,0.73041,0.66361,1.3008
2015-07-28,1.10546,1.56177,0.73249,0.66881,1.2933
2015-07-29,1.10266,1.5625,0.73067,0.66818,1.2893
2015-07-30,1.09135,1.55812,0.7278,0.65889,1.3024
2015-07-31,1.10278,1.56348,0.73319,0.66251,1.3047
2015-08-03,1.09625,1.56031,0.7277,0.66028,1.3141
2015-08-04,1.09529,1.56128,0.74189,0.6588,1.3124
2015-08-05,1.08684,1.56031,0.73459,0.65189,1.3181
2015-08-06,1.09218,1.55207,0.73432,0.65449,1.3152
2015-08-07,1.09577,1.54679,0.73932,0.65959,1.3122
2015-08-10,1.09938,1.55448,0.74041,0.6602,1.3056
2015-08-11,1.10424,1.55715,0.72881,0.65368,1.3149
2015-08-12,1.11982,1.56397,0.73752,0.66348,1.2973
2015-08-13,1.11445,1.55958,0.73611,0.65712,1.3078
2015-08-14,1.11099,1.5625,0.73763,0.65458,1.3075
2015-08-17,1.10779,1.55982,0.73861,0.65798,1.309
2015-08-18,1.10278,1.56568,0.73341,0.65811,1.3075
2015-08-19,1.10607,1.56446,0.73158,0.65638,1.3165
2015-08-20,1.11995,1.56887,0.73573,0.66339,1.3075
2015-08-21,1.13559,1.56986,0.73432,0.6706,1.3146
2015-08-24,1.15794,1.57307,0.7202,0.6507,1.321
2015-08-25,1.14103,1.56986,0.71829,0.65219,1.3295
2015-08-26,1.13895,1.54919,0.70872,0.64238,1.3301
2015-08-27,1.12385,1.54107,0.71788,0.64779,1.3193
2015-08-28,1.11719,1.5361,0.71291,0.64462,1.3268
2015-08-31,1.11944,1.53633,0.70998,0.63488,1.3223
2015-09-01,1.12625,1.53421,0.70358,0.6346,1.318
2015-09-02,1.12423,1.53092,0.70111,0.63432,1.3308
2015-09-03,1.11037,1.52532,0.70249,0.64,1.32
2015-09-04,1.11173,1.51953,0.69171,0.62798,1.3272
2015-09-08,1.11819,1.53799,0.7023,0.63472,1.3193
2015-09-09,1.11645,1.53633,0.7024,0.6402,1.3221
2015-09-10,1.12625,1.5456,0.70862,0.6306,1.3218
2015-09-11,1.13379,1.5425,0.70741,0.63139,1.3274
2015-09-14,1.13071,1.54226,0.71372,0.63299,1.3265
2015-09-15,1.126,1.53516,0.70922,0.63131,1.3261
2015-09-16,1.13045,1.54991,0.7186,0.63488,1.318
2015-09-17,1.13122,1.55087,0.71469,0.63219,1.3186
2015-09-18,1.13585,1.55739,0.72218,0.6416,1.3146
2015-09-21,1.12045,1.55063,0.7125,0.63099,1.3249
2015-09-22,1.11334,1.53563,0.70781,0.62921,1.3276
2015-09-23,1.11595,1.52439,0.70038,0.62441,1.3313
2015-09-24,1.12524,1.52532,0.69979,0.63379,1.3348
2015-09-25,1.11919,1.51722,0.70141,0.6369,1.3322
2015-09-28,1.1236,1.52091,0.70048,0.6346,1.336
2015-09-29,1.12461,1.51676,0.70072,0.63678,1.3414
2015-09-30,1.1162,1.51149,0.702,0.63902,1.3396
2015-10-01,1.11995,1.5163,0.70442,0.64111,1.324
2015-10-02,1.12765,1.52161,0.70249,0.64321,1.3213
2015-10-05,1.11995,1.51653,0.70882,0.65049,1.3084
2015-10-06,1.12663,1.52277,0.71429,0.65359,1.3056
2015-10-07,1.12486,1.53139,0.72129,0.6623,1.3038
2015-10-08,1.12816,1.53163,0.72249,0.66419,1.3017
2015-10-09,1.13636,1.53139,0.73282,0.67002,1.2945
2015-10-13,1.13817,1.52416,0.72828,0.6689,1.2984
2015-10-14,1.14364,1.5444,0.72558,0.67668,1.2983
2015-10-15,1.14181,1.54751,0.73158,0.6854,1.2901
2015-10-16,1.13598,1.54416,0.72611,0.6799,1.2932
2015-10-19,1.13199,1.54703,0.72543,0.68041,1.2999
2015-10-20,1.13585,1.54703,0.72558,0.67549,1.2974
2015-10-21,1.13456,1.54631,0.7226,0.6734,1.3117
2015-10-22,1.11396,1.53988,0.72202,0.67912,1.3087
2015-10-23,1.10156,1.53398,0.7215,0.67508,1.3171
2015-10-26,1.10509,1.5361,0.72622,0.67939,1.3134
2015-10-27,1.10522,1.53116,0.72327,0.68018,1.3242
2015-10-28,1.10656,1.53186,0.71429,0.67209,1.3149
2015-10-29,1.09625,1.52952,0.70811,0.668,1.3169
2015-10-30,1.10424,1.5444,0.71332,0.67659,1.3082
2015-11-02,1.10266,1.54273,0.71408,0.67449,1.3093
2015-11-03,1.09457,1.54036,0.71731,0.6676,1.3107
2015-11-04,1.08613,1.53775,0.7148,0.65872,1.3164
2015-11-05,1.08696,1.52369,0.7148,0.66269,1.3162
2015-11-06,1.07458,1.50716,0.70338,0.65091,1.3307
2015-11-09,1.07666,1.5124,0.70462,0.65368,1.3274
2015-11-10,1.0686,1.51103,0.70299,0.65338,1.3258
2015-11-12,1.07677,1.52068,0.71159,0.65291,1.3309
2015-11-13,1.07216,1.52091,0.71179,0.65278,1.3332
2015-11-16,1.07078,1.52045,0.70852,0.6488,1.3352
2015-11-17,1.06338,1.52138,0.71149,0.64591,1.3324
2015-11-18,1.06383,1.52091,0.70781,0.644,1.3351
2015-11-19,1.07458,1.5328,0.72082,0.65798,1.3266
2015-11-20,1.06598,1.51999,0.72327,0.65578,1.3337
2015-11-23,1.06022,1.5124,0.7188,0.65108,1.3358
2015-11-24,1.06519,1.5058,0.72411,0.65398,1.3308
2015-11-25,1.06157,1.5108,0.72459,0.65729,1.3298
2015-11-27,1.05955,1.50399,0.71922,0.65359,1.336
2015-11-30,1.05619,1.50444,0.72348,0.65742,1.3332
2015-12-01,1.06202,1.50739,0.73201,0.66791,1.3372
2015-12-02,1.05731,1.49276,0.73089,0.66291,1.3357
2015-12-03,1.09016,1.50875,0.73099,0.66331,1.3393
2015-12-04,1.08838,1.50989,0.73459,0.67549,1.3364
2015-12-07,1.08401,1.50761,0.7268,0.66481,1.3508
2015-12-08,1.08755,1.49993,0.72108,0.66361,1.3594
2015-12-09,1.09842,1.51676,0.72041,0.66291,1.3595
2015-12-10,1.09481,1.51768,0.72987,0.67632,1.3598
2015-12-11,1.10023,1.52138,0.7214,0.67272,1.3695
2015-12-14,1.10254,1.51309,0.72579,0.67778,1.3732
2015-12-15,1.09111,1.50444,0.71762,0.67481,1.3729
2015-12-16,1.09373,1.50128,0.72072,0.67719,1.3805
2015-12-17,1.08038,1.48765,0.70998,0.66921,1.397
2015-12-18,1.08472,1.49142,0.71968,0.67522,1.3876
2015-12-21,1.09194,1.49054,0.71721,0.67691,1.3989
2015-12-22,1.09782,1.48104,0.72312,0.6812,1.3929
2015-12-23,1.08755,1.48633,0.72213,0.67889,1.386
2015-12-24,1.09553,1.49432,0.7269,0.68381,1.3847
2015-12-28,1.0983,1.48832,0.72622,0.68531,1.3893
2015-12-29,1.09158,1.47951,0.72929,0.68719,1.3848
2015-12-30,1.09123,1.48324,0.72839,0.68371,1.3883
2015-12-31,1.08589,1.47449,0.7286,0.68418,1.3839
2016-01-04,1.08026,1.46864,0.71659,0.67399,1.397
2016-01-05,1.07434,1.46649,0.7151,0.67002,1.3991
2016-01-06,1.07619,1.46263,0.70701,0.66419,1.4084
2016-01-07,1.08601,1.45794,0.70249,0.66529,1.4061
2016-01-08,1.08849,1.45222,0.69759,0.65591,1.415
2016-01-11,1.08778,1.45645,0.6992,0.65539,1.4203
2016-01-12,1.08366,1.4403,0.6975,0.65232,1.4293
2016-01-13,1.08625,1.44697,0.69959,0.65591,1.4294
2016-01-14,1.08625,1.44092,0.69798,0.647,1.4374
2016-01-15,1.09637,1.42898,0.68639,0.64309,1.4531
2016-01-19,1.09063,1.41703,0.6929,0.64889,1.4513
2016-01-20,1.09075,1.41663,0.68549,0.6389,1.4592
2016-01-21,1.08331,1.41985,0.70028,0.65219,1.4244
2016-01-22,1.08143,1.43082,0.70141,0.6483,1.4153
2016-01-25,1.08319,1.4245,0.69701,0.64729,1.4248
2016-01-26,1.0846,1.4341,0.70048,0.64918,1.4062
2016-01-27,1.08672,1.42613,0.70741,0.6527,1.404
2016-01-28,1.09517,1.43513,0.70852,0.64771,1.4077
2016-01-29,1.08319,1.41844,0.70711,0.64691,1.4074
2016-02-01,1.08885,1.43678,0.70842,0.65121,1.4005
2016-02-02,1.09075,1.43988,0.70582,0.64969,1.4039
2016-02-03,1.10509,1.45751,0.71342,0.66591,1.3843
2016-02-04,1.11995,1.45794,0.7216,0.6729,1.3724
2016-02-05,1.11309,1.44676,0.70842,0.6619,1.3875
2016-02-08,1.11694,1.44155,0.71028,0.6637,1.3921
2016-02-09,1.12994,1.44739,0.70651,0.66481,1.386
2016-02-10,1.12221,1.44739,0.70892,0.66551,1.3969
2016-02-11,1.13623,1.44488,0.70962,0.66818,1.3933
2016-02-12,1.12347,1.44592,0.70982,0.66278,1.3834
2016-02-16,1.11396,1.42898,0.71028,0.65651,1.3857
2016-02-17,1.11396,1.43164,0.71679,0.66278,1.3682
2016-02-18,1.10914,1.43328,0.715,0.6626,1.3718
2016-02-19,1.11272,1.43431,0.7125,0.66151,1.3798
2016-02-22,1.10181,1.41563,0.7238,0.672,1.3684
2016-02-23,1.10156,1.4039,0.72088,0.666,1.3791
2016-02-24,1.10205,1.39315,0.71772,0.66322,1.3765
2016-02-25,1.10266,1.39373,0.72082,0.66988,1.3572
2016-02-26,1.09325,1.38677,0.71301,0.66481,1.3546
2016-02-29,1.08684,1.39256,0.71521,0.66011,1.3522
2016-03-01,1.08472,1.39489,0.71721,0.6619,1.3404
2016-03-02,1.08448,1.40588,0.7268,0.66419,1.3466
2016-03-03,1.09481,1.41523,0.736,0.67458,1.3405
2016-03-04,1.10096,1.42268,0.7425,0.6799,1.3337
2016-03-07,1.10035,1.42552,0.74671,0.68009,1.33
2016-03-08,1.10278,1.42248,0.7451,0.677,1.3388
2016-03-09,1.10217,1.42369,0.75279,0.68092,1.3233
2016-03-10,1.1162,1.43062,0.74438,0.66671,1.3372
2016-03-11,1.11794,1.44259,0.75717,0.67632,1.3211
2016-03-14,1.11074,1.43246,0.75148,0.66899,1.3291
2016-03-15,1.11123,1.41663,0.74649,0.66142,1.3355
2016-03-16,1.10754,1.41004,0.74349,0.66011,1.3364
2016-03-17,1.13161,1.44907,0.76371,0.68348,1.2982
2016-03-18,1.12918,1.45138,0.76179,0.6812,1.298
2016-03-21,1.126,1.4403,0.75942,0.67641,1.3067
2016-03-22,1.12284,1.42167,0.76249,0.676,1.3051
2016-03-23,1.11744,1.41103,0.7533,0.6702,1.3199
2016-03-24,1.11632,1.41423,0.7516,0.66948,1.327
2016-03-25,1.11645,1.41303,0.75182,0.66849,1.3264
2016-03-28,1.12095,1.42491,0.75489,0.6729,1.3184
2016-03-29,1.12045,1.42816,0.75672,0.68032,1.3153
2016-03-30,1.13302,1.43906,0.76669,0.69142,1.2962
2016-03-31,1.13895,1.43802,0.7677,0.69262,1.2969
2016-04-01,1.13856,1.42045,0.76722,0.68989,1.3047
2016-04-04,1.13856,1.42796,0.76138,0.68521,1.3037
2016-04-05,1.1374,1.41483,0.75188,0.6787,1.3175
2016-04-06,1.14299,1.41623,0.76132,0.68399,1.3073
2016-04-07,1.13856,1.40825,0.75041,0.67741,1.3163
2016-04-08,1.14064,1.41044,0.7554,0.68148,1.2994
2016-04-11,1.14116,1.4241,0.75988,0.68601,1.2912
2016-04-12,1.13947,1.4245,0.76587,0.69018,1.28
2016-04-13,1.12816,1.42227,0.76488,0.69161,1.2789
2016-04-14,1.12625,1.41483,0.77048,0.68658,1.2835
2016-04-15,1.12956,1.42167,0.77172,0.69132,1.2857
2016-04-18,1.13225,1.42755,0.77459,0.69459,1.2815
2016-04-19,1.13753,1.43968,0.78058,0.70338,1.2654
2016-04-20,1.13302,1.4374,0.78168,0.69969,1.2623
2016-04-21,1.13007,1.4339,0.7758,0.69238,1.2713
2016-04-22,1.12385,1.43906,0.77131,0.6854,1.2672
2016-04-25,1.1274,1.44928,0.77172,0.68559,1.2678
2016-04-26,1.13186,1.46113,0.77411,0.68951,1.2614
2016-04-27,1.13225,1.45539,0.75942,0.68512,1.2637
2016-04-28,1.1325,1.45815,0.76348,0.69691,1.2544
2016-04-29,1.14416,1.46242,0.76121,0.69842,1.2549
2016-05-02,1.15154,1.46671,0.76412,0.70092,1.2544
2016-05-03,1.15075,1.45433,0.74918,0.69252,1.2686
2016-05-04,1.14863,1.4476,0.74538,0.68738,1.2882
2016-05-05,1.14038,1.44865,0.74649,0.68942,1.2855
2016-05-06,1.14207,1.44383,0.73578,0.68432,1.292
2016-05-09,1.14025,1.44092,0.73228,0.67778,1.2994
2016-05-10,1.13856,1.4453,0.73508,0.67458,1.2957
2016-05-11,1.14443,1.44802,0.73981,0.68451,1.2834
2016-05-12,1.13804,1.4453,0.73142,0.68162,1.2857
2016-05-13,1.12943,1.43699,0.72733,0.6781,1.2939
2016-05-16,1.13276,1.44113,0.72998,0.6805,1.2886
2016-05-17,1.13366,1.44844,0.73519,0.68399,1.2884
2016-05-18,1.12765,1.46156,0.72849,0.6782,1.2924
2016-05-19,1.12145,1.46071,0.72129,0.67481,1.3114
2016-05-20,1.1207,1.45138,0.7215,0.676,1.3136
2016-05-23,1.11919,1.44446,0.72031,0.6754,1.3155
2016-05-24,1.11445,1.4622,0.71839,0.67381,1.3117
2016-05-25,1.11545,1.46951,0.7186,0.67522,1.3089
2016-05-26,1.11844,1.46735,0.7227,0.67522,1.298
2016-05-27,1.11396,1.46434,0.72051,0.6729,1.3001
2016-05-31,1.11346,1.45307,0.72422,0.67691,1.3097
2016-06-01,1.11645,1.43947,0.72422,0.68069,1.3089
2016-06-02,1.1157,1.44196,0.72249,0.68148,1.308
2016-06-03,1.13302,1.45201,0.73389,0.6942,1.2947
2016-06-06,1.13546,1.44509,0.73621,0.6931,1.2856
2016-06-07,1.13494,1.45645,0.74521,0.69808,1.2788
2016-06-08,1.13999,1.45455,0.74789,0.7024,1.2694
2016-06-09,1.13289,1.44676,0.74311,0.71332,1.2728
2016-06-10,1.12816,1.4341,0.73948,0.70691,1.2734
2016-06-13,1.12816,1.42227,0.73943,0.70641,1.2791
2016-06-14,1.12057,1.41303,0.736,0.70028,1.2833
2016-06-15,1.12385,1.41844,0.74041,0.70279,1.2912
2016-06-16,1.11582,1.40746,0.73121,0.69959,1.3039
2016-06-17,1.12562,1.42857,0.7385,0.70562,1.2875
2016-06-20,1.13186,1.46886,0.74582,0.71088,1.2807
2016-06-21,1.12625,1.46671,0.7461,0.71378,1.2817
2016-06-22,1.12854,1.46821,0.74912,0.71649,1.282
2016-06-23,1.13727,1.47995,0.75982,0.72422,1.2749
2016-06-24,1.11259,1.36388,0.7451,0.71088,1.2948
2016-06-27,1.10241,1.3217,0.73573,0.702,1.3076
2016-06-28,1.10546,1.32943,0.73529,0.70309,1.3086
2016-06-29,1.11173,1.35099,0.74438,0.7121,1.299
2016-06-30,1.10314,1.32415,0.74322,0.712,1.301
2016-07-01,1.11445,1.32802,0.7485,0.71669,1.2897
2016-07-05,1.10803,1.30208,0.7456,0.71469,1.295
2016-07-06,1.10767,1.29216,0.75109,0.71301,1.3003
2016-07-07,1.10644,1.29266,0.74878,0.72129,1.2984
2016-07-08,1.10375,1.29383,0.75592,0.72929,1.3072
2016-07-11,1.10448,1.29853,0.75341,0.72218,1.3125
2016-07-12,1.10742,1.32363,0.76313,0.73041,1.3016
2016-07-13,1.11123,1.31804,0.76243,0.7303,1.2962
2016-07-14,1.11086,1.33316,0.76318,0.71989,1.2916
2016-07-15,1.10595,1.31944,0.75873,0.71332,1.2978
2016-07-18,1.10754,1.32784,0.75971,0.71169,1.2984
2016-07-19,1.10144,1.31234,0.74963,0.70492,1.3027
2016-07-20,1.10072,1.31787,0.74862,0.70328,1.3037
2016-07-21,1.10156,1.32153,0.74968,0.69891,1.3056
2016-07-22,1.09685,1.30907,0.74532,0.69901,1.3178
2016-07-25,1.09806,1.31303,0.74582,0.69808,1.3224
2016-07-26,1.09842,1.31337,0.7516,0.70378,1.3207
2016-07-27,1.09878,1.30941,0.74599,0.70418,1.3221
2016-07-28,1.10939,1.3151,0.75109,0.70751,1.317
2016-07-29,1.11682,1.32696,0.75988,0.7216,1.304
2016-08-01,1.11757,1.32083,0.75672,0.71958,1.3096
2016-08-02,1.12246,1.33262,0.76109,0.72348,1.3087
2016-08-03,1.11694,1.33351,0.75919,0.71628,1.3078
2016-08-04,1.11346,1.31423,0.76371,0.71948,1.3025
2016-08-05,1.10803,1.30685,0.7615,0.71378,1.3179
2016-08-08,1.10779,1.30412,0.76558,0.71388,1.3162
2016-08-09,1.11099,1.30107,0.7677,0.71782,1.3116
2016-08-10,1.11707,1.29988,0.77172,0.72202,1.3059
2016-08-11,1.11682,1.29601,0.77101,0.72422,1.3004
2016-08-12,1.11719,1.29333,0.76687,0.7215,1.2943
2016-08-15,1.11995,1.28733,0.7687,0.72192,1.2922
2016-08-16,1.12765,1.30191,0.7697,0.72659,1.2861
2016-08-17,1.12625,1.30124,0.7619,0.72192,1.2885
2016-08-18,1.1334,1.31475,0.7684,0.72918,1.2777
2016-08-19,1.13263,1.30617,0.76202,0.7268,1.2878
2016-08-22,1.13135,1.31337,0.76289,0.7278,1.2942
2016-08-23,1.13084,1.31787,0.76318,0.73067,1.2904
2016-08-24,1.12562,1.32363,0.76051,0.73067,1.2939
2016-08-25,1.1274,1.3177,0.76109,0.72971,1.2934
2016-08-26,1.12372,1.31683,0.76138,0.73019,1.2944
2016-08-29,1.11819,1.3089,0.75758,0.72543,1.3018
2016-08-30,1.11495,1.30839,0.7516,0.72218,1.3075
2016-08-31,1.11458,1.31285,0.75188,0.72569,1.3122
2016-09-01,1.11944,1.32732,0.7542,0.72823,1.3107
2016-09-02,1.11582,1.32996,0.75569,0.7286,1.2998
2016-09-06,1.12372,1.34282,0.7674,0.74069,1.2843
2016-09-07,1.12385,1.33387,0.76752,0.7451,1.2895
2016-09-08,1.12562,1.33014,0.76658,0.74058,1.291
2016-09-09,1.12145,1.32573,0.75489,0.73362,1.3034
2016-09-12,1.12296,1.33138,0.75262,0.73212,1.3076
2016-09-13,1.12423,1.31839,0.74699,0.72622,1.3167
2016-09-14,1.12714,1.32048,0.7485,0.73041,1.3187
2016-09-15,1.12461,1.32153,0.7512,0.73078,1.3145
2016-09-16,1.11595,1.30907,0.7489,0.72711,1.3212
2016-09-19,1.11794,1.30514,0.75597,0.73169,1.318
2016-09-20,1.11719,1.29735,0.75517,0.73228,1.3228
2016-09-21,1.11645,1.29786,0.7589,0.73282,1.3186
2016-09-22,1.12284,1.30924,0.76441,0.73148,1.3036
2016-09-23,1.12233,1.29584,0.76208,0.72348,1.3163
2016-09-26,1.12701,1.29786,0.76418,0.72801,1.3196
2016-09-27,1.12082,1.30056,0.76581,0.72939,1.3247
2016-09-28,1.11995,1.29955,0.76587,0.72543,1.3237
2016-09-29,1.12435,1.29904,0.76758,0.72849,1.3101
2016-09-30,1.12385,1.30157,0.76669,0.72902,1.3115
2016-10-03,1.12095,1.28403,0.7664,0.72632,1.3138
2016-10-04,1.1212,1.27453,0.76441,0.72459,1.3171
2016-10-05,1.11957,1.27453,0.76179,0.71731,1.3177
2016-10-06,1.11582,1.2647,0.75798,0.71608,1.3209
2016-10-07,1.11557,1.24347,0.75557,0.7119,1.3306
2016-10-11,1.10619,1.22175,0.75449,0.70671,1.3235
2016-10-12,1.10144,1.21951,0.75529,0.70482,1.3277
2016-10-13,1.10375,1.22011,0.7558,0.70811,1.3219
2016-10-14,1.09854,1.21892,0.76098,0.70872,1.3169
2016-10-17,1.09999,1.21862,0.7626,0.71342,1.3135
2016-10-18,1.09975,1.23107,0.76787,0.72181,1.3105
2016-10-19,1.09661,1.2279,0.77149,0.72228,1.3105
2016-10-20,1.09337,1.22564,0.764,0.72031,1.3197
2016-10-21,1.0866,1.221,0.75971,0.71541,1.3324
2016-10-24,1.08885,1.22041,0.76028,0.71332,1.3387
2016-10-25,1.08897,1.2164,0.76523,0.71679,1.3333
2016-10-26,1.09158,1.22339,0.7657,0.71561,1.3361
2016-10-27,1.09039,1.21729,0.76057,0.7123,1.3385
2016-10-28,1.09337,1.21551,0.75781,0.71439,1.3383
2016-10-31,1.09625,1.22115,0.76109,0.71561,1.3403
2016-11-01,1.10424,1.22175,0.76587,0.71762,1.3377
2016-11-02,1.11185,1.23153,0.76669,0.72961,1.3387
2016-11-03,1.10939,1.24533,0.76811,0.73223,1.3384
2016-11-04,1.1121,1.25455,0.76687,0.7311,1.3413
2016-11-07,1.10375,1.24023,0.77,0.73239,1.338
2016-11-08,1.10339,1.23716,0.77328,0.73551,1.3335
2016-11-09,1.09517,1.24735,0.7674,0.73019,1.3406
2016-11-10,1.08826,1.25235,0.75901,0.7202,1.3474
2016-11-14,1.07227,1.24688,0.75318,0.70852,1.3581
2016-11-15,1.07262,1.24224,0.75398,0.70952,1.3468
2016-11-16,1.06986,1.24502,0.74918,0.70791,1.3415
2016-11-17,1.06564,1.24502,0.74549,0.70582,1.3429
2016-11-18,1.06,1.23274,0.73448,0.70279,1.3518
2016-11-21,1.05966,1.24735,0.73573,0.70572,1.3432
2016-11-22,1.0618,1.24239,0.73883,0.70482,1.3444
2016-11-23,1.05597,1.2458,0.7391,0.70102,1.3467
2016-11-25,1.05955,1.24626,0.7425,0.70452,1.3512
2016-11-28,1.05764,1.24116,0.74778,0.70631,1.3401
2016-11-29,1.06259,1.25047,0.74688,0.7119,1.3435
2016-11-30,1.05775,1.24813,0.73872,0.70811,1.3425
2016-12-01,1.06338,1.2596,0.74113,0.70721,1.333
2016-12-02,1.06655,1.26855,0.74449,0.71388,1.3298
2016-12-05,1.07227,1.27081,0.74761,0.71342,1.3271
2016-12-06,1.0717,1.27065,0.74538,0.71129,1.3279
2016-12-07,1.07585,1.2604,0.74789,0.71602,1.3251
2016-12-08,1.06247,1.25739,0.74482,0.71679,1.322
2016-12-09,1.05407,1.25897,0.74421,0.71388,1.3162
2016-12-12,1.06056,1.26775,0.74862,0.71891,1.3137
2016-12-13,1.06349,1.26855,0.7494,0.72041,1.3119
2016-12-14,1.06564,1.27065,0.7512,0.7228,1.3123
2016-12-15,1.03745,1.23885,0.73432,0.70151,1.3397
2016-12-16,1.04559,1.24782,0.72982,0.69808,1.3339
2016-12-19,1.04439,1.24193,0.72637,0.69488,1.3395
2016-12-20,1.03896,1.23579,0.72522,0.69209,1.3376
2016-12-21,1.04254,1.23487,0.72438,0.69018,1.3401
2016-12-22,1.04515,1.23016,0.7216,0.69089,1.347
2016-12-23,1.04493,1.22519,0.71741,0.687,1.3533
2016-12-27,1.04581,1.22609,0.71891,0.68899,1.3553
2016-12-28,1.03885,1.2222,0.71849,0.69099,1.3555
2016-12-29,1.04855,1.22369,0.72202,0.6958,1.3488
2016-12-30,1.05519,1.23365,0.72301,0.6958,1.3426
2017-01-03,1.04156,1.22564,0.72312,0.69271,1.3437
2017-01-04,1.04756,1.22986,0.72701,0.69488,1.3293
2017-01-05,1.05977,1.24146,0.73341,0.7022,1.3216
2017-01-06,1.05597,1.23138,0.73051,0.6973,1.3216
2017-01-09,1.05764,1.21669,0.73638,0.70269,1.322
2017-01-10,1.05719,1.21655,0.73697,0.69862,1.3208
2017-01-11,1.05009,1.21183,0.73997,0.70082,1.3219
2017-01-12,1.06655,1.22115,0.75081,0.71378,1.313
2017-01-13,1.06247,1.21981,0.74811,0.71048,1.3134
2017-01-17,1.06952,1.23885,0.75398,0.71829,1.306
2017-01-18,1.06815,1.23092,0.75529,0.71782,1.3175
2017-01-19,1.06304,1.23183,0.75449,0.7171,1.3327
2017-01-23,1.074,1.24844,0.75637,0.7215,1.3283
2017-01-24,1.07492,1.25313,0.75838,0.72611,1.3152
2017-01-25,1.07434,1.26199,0.75649,0.7268,1.3074
2017-01-26,1.06701,1.25786,0.75313,0.72322,1.3104
2017-01-27,1.06895,1.25313,0.75489,0.72569,1.3108
2017-01-30,1.06815,1.24782,0.75557,0.72812,1.3092
2017-01-31,1.07945,1.25849,0.75821,0.73292,1.303
2017-02-01,1.07585,1.26422,0.75637,0.72511,1.3088
2017-02-02,1.08015,1.25408,0.76728,0.73062,1.3018
2017-02-03,1.07921,1.25047,0.76858,0.73223,1.3003
2017-02-06,1.07308,1.24502,0.76412,0.73041,1.3116
2017-02-07,1.06895,1.2486,0.76359,0.73158,1.3166
2017-02-08,1.07078,1.25423,0.76482,0.73223,1.3156
2017-02-09,1.06576,1.25156,0.76231,0.71818,1.3139
2017-02-10,1.06496,1.25016,0.76858,0.72072,1.3073
2017-02-13,1.06033,1.25094,0.76441,0.71751,1.3072
2017-02-14,1.05775,1.24657,0.76383,0.71541,1.3092
2017-02-15,1.05966,1.24657,0.76982,0.7202,1.3082
2017-02-16,1.06598,1.24766,0.76941,0.7227,1.3056
2017-02-17,1.06135,1.24285,0.7657,0.71818,1.3114
2017-02-21,1.05507,1.24657,0.76722,0.71561,1.3149
2017-02-22,1.05552,1.24564,0.76829,0.71608,1.3188
2017-02-23,1.05865,1.25486,0.7716,0.72348,1.3109
2017-02-24,1.05798,1.24984,0.76811,0.7201,1.3106
2017-02-27,1.06236,1.24735,0.76929,0.72239,1.31
2017-02-28,1.0618,1.2427,0.76858,0.72291,1.3247
2017-03-01,1.05641,1.23183,0.7664,0.71311,1.3345
2017-03-02,1.05141,1.22669,0.75781,0.70711,1.3384
2017-03-03,1.05519,1.22489,0.75592,0.70121,1.3419
2017-03-06,1.05865,1.22429,0.75832,0.69989,1.341
2017-03-07,1.0582,1.22085,0.76028,0.69832,1.3413
2017-03-08,1.05474,1.21521,0.75438,0.69262,1.3479
2017-03-09,1.05865,1.21655,0.75171,0.6907,1.3504
2017-03-10,1.06667,1.21581,0.75313,0.6919,1.3468
2017-03-13,1.06701,1.22339,0.75809,0.69271,1.3453
2017-03-14,1.06451,1.21684,0.75752,0.69329,1.3462
2017-03-15,1.06304,1.2222,0.7593,0.6956,1.3451
2017-03-16,1.07377,1.23701,0.76728,0.69789,1.3316
2017-03-17,1.07423,1.23716,0.76899,0.70082,1.3366
2017-03-20,1.07538,1.23655,0.77328,0.70502,1.3357
2017-03-21,1.08096,1.24797,0.77172,0.70631,1.3321
2017-03-22,1.08003,1.24766,0.7674,0.70562,1.3347
2017-03-23,1.07875,1.25266,0.76441,0.70432,1.3332
2017-03-24,1.08061,1.24906,0.7619,0.70299,1.3373
2017-03-27,1.08826,1.25834,0.76231,0.70552,1.3367
2017-03-28,1.08519,1.25031,0.76511,0.70368,1.3363
2017-03-29,1.07562,1.24116,0.76599,0.70249,1.3372
2017-03-30,1.07262,1.24891,0.76658,0.7023,1.3278
2017-03-31,1.06975,1.25376,0.76383,0.70008,1.3321
2017-04-03,1.06553,1.24797,0.76011,0.69969,1.3388
2017-04-04,1.06644,1.24363,0.75672,0.69769,1.3413
2017-04-05,1.0661,1.24875,0.75752,0.69551,1.341
2017-04-06,1.06508,1.2486,0.75489,0.6973,1.3409
2017-04-07,1.06157,1.23977,0.7516,0.6957,1.3396
2017-04-10,1.06056,1.24177,0.75002,0.69648,1.3347
2017-04-11,1.06135,1.24844,0.74968,0.6956,1.3333
2017-04-12,1.06112,1.25,0.7485,0.69252,1.3302
2017-04-13,1.06304,1.25219,0.7585,0.70111,1.3266
2017-04-14,1.06247,1.25313,0.75752,0.70092,1.3316
2017-04-17,1.06598,1.25865,0.7604,0.70279,1.3277
2017-04-18,1.07055,1.27698,0.75529,0.70338,1.3381
2017-04-19,1.07066,1.27894,0.75002,0.70018,1.3467
2017-04-20,1.07585,1.28304,0.75398,0.70171,1.3479
2017-04-21,1.0694,1.27828,0.75392,0.702,1.3502
2017-04-24,1.0846,1.27828,0.7558,0.7019,1.3517
2017-04-25,1.09409,1.28353,0.75381,0.69488,1.3614
2017-04-26,1.08719,1.28386,0.74621,0.68799,1.3591
2017-04-27,1.08637,1.28883,0.74521,0.6854,1.3664
2017-04-28,1.08944,1.29383,0.7475,0.68601,1.3669
2017-05-01,1.09123,1.29166,0.75341,0.69142,1.3653
2017-05-02,1.09099,1.29216,0.75228,0.69228,1.3742
2017-05-03,1.09194,1.29166,0.7451,0.69118,1.3705
2017-05-04,1.09673,1.29099,0.7403,0.6854,1.3745
2017-05-05,1.09963,1.295,0.7414,0.69152,1.3699
2017-05-08,1.09278,1.29416,0.73861,0.69099,1.3712
2017-05-09,1.08755,1.29383,0.73519,0.68989,1.3715
2017-05-10,1.08731,1.29383,0.73828,0.69459,1.3652
2017-05-11,1.08696,1.28849,0.73741,0.68488,1.3693
2017-05-12,1.09266,1.288,0.7397,0.68601,1.3717
2017-05-15,1.09794,1.29166,0.7425,0.68861,1.3648
2017-05-16,1.10717,1.29116,0.74289,0.68809,1.359
2017-05-17,1.11346,1.29433,0.74261,0.69262,1.3594
2017-05-18,1.11297,1.3009,0.74322,0.69161,1.3604
2017-05-19,1.11894,1.30174,0.74488,0.69132,1.3537
2017-05-22,1.1236,1.30056,0.74761,0.69901,1.3503
2017-05-23,1.11982,1.29836,0.7485,0.70141,1.3492
2017-05-24,1.11744,1.29349,0.74632,0.70121,1.3454
2017-05-25,1.12183,1.29534,0.7466,0.70432,1.3457
2017-05-26,1.11694,1.27943,0.74399,0.70552,1.3454
2017-05-30,1.11832,1.28584,0.74649,0.70952,1.3462
2017-05-31,1.1236,1.29049,0.74372,0.70998,1.3498
2017-06-01,1.12145,1.28932,0.73872,0.70641,1.3484
2017-06-02,1.12701,1.28849,0.7441,0.71408,1.35
2017-06-05,1.12499,1.29166,0.74789,0.71408,1.3484
2017-06-06,1.12663,1.29016,0.75143,0.7201,1.3451
2017-06-07,1.1236,1.29416,0.755,0.71958,1.3514
2017-06-08,1.1217,1.29383,0.75432,0.72192,1.3494
2017-06-09,1.11894,1.27372,0.75318,0.72072,1.3434
2017-06-12,1.12045,1.26582,0.75392,0.72062,1.3447
2017-06-13,1.11944,1.27389,0.75398,0.72213,1.3226
2017-06-14,1.12765,1.28074,0.7619,0.7303,1.3201
2017-06-15,1.1152,1.27681,0.75821,0.72088,1.3286
2017-06-16,1.11944,1.27779,0.7622,0.72522,1.3235
2017-06-19,1.11595,1.27437,0.76051,0.72438,1.3202
2017-06-20,1.11235,1.26279,0.75752,0.7239,1.3268
2017-06-21,1.11433,1.26662,0.75489,0.7214,1.3323
2017-06-22,1.11483,1.26582,0.7542,0.72648,1.3236
2017-06-23,1.11957,1.27275,0.75781,0.72939,1.3263
2017-06-26,1.11957,1.27324,0.75901,0.7303,1.3228
2017-06-27,1.12994,1.2791,0.75878,0.7278,1.3176
2017-06-28,1.13636,1.29366,0.76383,0.73078,1.3043
2017-06-29,1.14194,1.29836,0.76799,0.72902,1.301
2017-06-30,1.14116,1.29955,0.76758,0.73223,1.2982
2017-07-03,1.13675,1.29517,0.76523,0.72987,1.3
2017-07-05,1.13366,1.29333,0.75878,0.72733,1.2998
2017-07-06,1.1409,1.29668,0.75838,0.72659,1.2933
2017-07-07,1.1396,1.288,0.75988,0.72733,1.287
2017-07-10,1.1396,1.28833,0.75988,0.7269,1.2883
2017-07-11,1.14299,1.28518,0.76138,0.72088,1.2921
2017-07-12,1.14116,1.28883,0.76728,0.72611,1.2768
2017-07-13,1.13856,1.29216,0.7728,0.73148,1.2739
2017-07-14,1.14521,1.30787,0.78131,0.73308,1.2655
2017-07-17,1.14705,1.30582,0.78113,0.73223,1.2673
2017-07-18,1.15781,1.30259,0.79233,0.73681,1.2663
2017-07-19,1.15181,1.30361,0.7946,0.73573,1.2586
2017-07-20,1.16347,1.29752,0.7958,0.73943,1.2582
2017-07-21,1.1655,1.29685,0.79108,0.74372,1.2545
2017-07-24,1.16414,1.30276,0.79258,0.743,1.2519
2017-07-25,1.16564,1.30463,0.79491,0.74239,1.2512
2017-07-26,1.1632,1.3048,0.7922,0.74311,1.2506
2017-07-27,1.16564,1.30651,0.79618,0.74912,1.2529
2017-07-28,1.17536,1.31234,0.79911,0.75058,1.2436
2017-07-31,1.18259,1.31961,0.79879,0.7503,1.249
2017-08-01,1.17994,1.32066,0.79738,0.74738,1.254
2017-08-02,1.1861,1.32363,0.79828,0.74449,1.2544
2017-08-03,1.18793,1.31441,0.79447,0.74383,1.2563
2017-08-04,1.17536,1.30361,0.79239,0.7414,1.2639
2017-08-07,1.17883,1.30208,0.79051,0.73529,1.2684
2017-08-08,1.17233,1.29685,0.79051,0.73282,1.2658
2017-08-09,1.17481,1.29971,0.78722,0.73169,1.2711
2017-08-10,1.17509,1.29786,0.78883,0.72759,1.2705
2017-08-11,1.18106,1.29887,0.78802,0.73051,1.2689
2017-08-14,1.17855,1.29752,0.78641,0.72971,1.2698
2017-08-15,1.17357,1.28617,0.78223,0.72411,1.2745
2017-08-16,1.17028,1.28601,0.78821,0.72632,1.2708
2017-08-17,1.17357,1.28883,0.79183,0.73078,1.265
2017-08-18,1.17481,1.28469,0.79327,0.73292,1.2585
2017-08-21,1.18133,1.29032,0.79359,0.7326,1.2587
2017-08-22,1.17619,1.28337,0.79133,0.72918,1.2559
2017-08-23,1.18022,1.27877,0.78933,0.72082,1.2558
2017-08-24,1.18008,1.28025,0.79051,0.7215,1.2528
2017-08-25,1.18737,1.28733,0.7929,0.72322,1.2494
2017-08-28,1.19732,1.29266,0.79561,0.7249,1.2492
2017-08-29,1.2025,1.29366,0.79732,0.72711,1.2517
2017-08-30,1.19275,1.29333,0.79051,0.72098,1.2608
2017-08-31,1.18934,1.28883,0.79321,0.717,1.2515
2017-09-01,1.18779,1.29719,0.79802,0.71669,1.2372
2017-09-05,1.19104,1.30124,0.80103,0.72522,1.2355
2017-09-06,1.19432,1.30736,0.8016,0.72218,1.221
2017-09-07,1.20279,1.30941,0.80379,0.72359,1.2132
2017-09-08,1.20409,1.32118,0.8071,0.72791,1.2131
2017-09-11,1.19646,1.31735,0.80238,0.72501,1.2136
2017-09-12,1.19674,1.32802,0.80418,0.72971,1.2154
2017-09-13,1.18977,1.32188,0.79872,0.72338,1.2192
2017-09-14,1.18864,1.33976,0.79802,0.72088,1.2207
2017-09-15,1.19589,1.35777,0.8007,0.72892,1.2183
2017-09-18,1.19374,1.34844,0.79662,0.72611,1.2231
2017-09-19,1.19804,1.35172,0.80141,0.73228,1.2262
2017-09-20,1.19976,1.35648,0.80697,0.73883,1.2267
2017-09-21,1.1946,1.35759,0.79403,0.7318,1.2328
2017-09-22,1.19689,1.35318,0.79751,0.73432,1.2305
2017-09-25,1.18526,1.34571,0.79371,0.72669,1.2347
2017-09-26,1.17716,1.34228,0.78802,0.71901,1.2379
2017-09-27,1.17467,1.34012,0.7866,0.72181,1.2402
2017-09-28,1.17758,1.34354,0.78309,0.72129,1.2473
2017-09-29,1.18133,1.34012,0.78401,0.72249,1.2509
2017-10-02,1.17454,1.32679,0.78247,0.7201,1.2507
2017-10-03,1.17592,1.32503,0.78278,0.71551,1.2498
2017-10-04,1.17606,1.32679,0.78561,0.71592,1.2479
2017-10-05,1.17055,1.3132,0.77997,0.71179,1.2548
2017-10-06,1.17316,1.30634,0.77652,0.70922,1.2543
2017-10-10,1.18036,1.32153,0.77882,0.70771,1.2495
2017-10-11,1.18469,1.321,0.77809,0.70771,1.2511
2017-10-12,1.18399,1.31735,0.78272,0.71261,1.247
2017-10-13,1.18371,1.33032,0.78852,0.7186,1.2494
2017-10-16,1.18106,1.32855,0.78592,0.71808,1.2531
2017-10-17,1.17536,1.31822,0.78327,0.71669,1.2567
2017-10-18,1.17744,1.31822,0.78382,0.71378,1.2473
2017-10-19,1.18413,1.31804,0.78777,0.7024,1.2487
2017-10-20,1.17702,1.31787,0.78119,0.69589,1.2618
2017-10-23,1.17619,1.32013,0.7807,0.6975,1.2644
2017-10-24,1.17661,1.31234,0.77803,0.68961,1.266
2017-10-25,1.18022,1.32521,0.76941,0.6871,1.2799
2017-10-26,1.17,1.31804,0.76882,0.68601,1.2821
2017-10-27,1.15794,1.31079,0.76599,0.6871,1.2871
2017-10-30,1.16266,1.31944,0.76781,0.68691,1.2835
2017-10-31,1.16482,1.32802,0.76681,0.68498,1.2894
2017-11-01,1.16185,1.32573,0.76758,0.68961,1.289
2017-11-02,1.16713,1.30685,0.7722,0.69219,1.2808
2017-11-03,1.16158,1.30668,0.76499,0.69089,1.2769
2017-11-06,1.15996,1.31458,0.76728,0.69142,1.274
2017-11-07,1.15768,1.31527,0.76371,0.68999,1.2791
2017-11-08,1.15915,1.31079,0.7677,0.69209,1.2727
2017-11-09,1.16482,1.31337,0.76681,0.69522,1.2693
2017-11-13,1.16564,1.3101,0.7622,0.6898,1.2735
2017-11-14,1.17633,1.31285,0.76278,0.68828,1.2731
2017-11-15,1.17938,1.31648,0.75758,0.68729,1.2783
2017-11-16,1.17716,1.31978,0.75901,0.68611,1.2736
2017-11-17,1.17994,1.32223,0.75632,0.6812,1.2785
2017-11-20,1.17412,1.32415,0.75512,0.6812,1.2795
2017-11-21,1.17412,1.32328,0.75821,0.68362,1.2768
2017-11-22,1.17897,1.32908,0.75913,0.68611,1.2728
2017-11-24,1.1936,1.33351,0.7619,0.68852,1.2705
2017-11-27,1.19104,1.33333,0.76051,0.69089,1.2745
2017-11-28,1.18779,1.3231,0.76167,0.69319,1.2804
2017-11-29,1.18582,1.34354,0.75717,0.6898,1.285
2017-11-30,1.18977,1.35062,0.75717,0.68498,1.2884
2017-12-01,1.19104,1.35044,0.76243,0.68918,1.2705
2017-12-04,1.18483,1.34644,0.75982,0.6846,1.2696
2017-12-05,1.18203,1.34499,0.76057,0.6879,1.269
2017-12-06,1.17883,1.33815,0.75649,0.68799,1.2788
2017-12-07,1.17897,1.34318,0.75262,0.6846,1.2832
2017-12-08,1.17606,1.33672,0.75069,0.68451,1.2867
2017-12-11,1.18022,1.33636,0.75398,0.6919,1.2845
2017-12-12,1.17247,1.33227,0.755,0.69281,1.2884
2017-12-13,1.17619,1.33654,0.76051,0.69881,1.2872
2017-12-14,1.17786,1.34409,0.76722,0.69901,1.2849
2017-12-15,1.17786,1.33156,0.76458,0.70018,1.2846
2017-12-18,1.18036,1.33976,0.76752,0.70111,1.2856
2017-12-19,1.18217,1.33565,0.76523,0.69862,1.29
2017-12-20,1.18807,1.34084,0.76728,0.69842,1.2846
2017-12-21,1.18723,1.33726,0.7703,0.702,1.2717
2017-12-22,1.18385,1.33797,0.77131,0.70151,1.2748
2017-12-26,1.18666,1.3369,0.7728,0.70338,1.2685
2017-12-27,1.19019,1.3403,0.77718,0.70691,1.2645
2017-12-28,1.19517,1.34499,0.7793,0.70892,1.2586
2017-12-29,1.20221,1.35281,0.78149,0.70998,1.2517
2018-01-02,1.20496,1.35962,0.78241,0.71058,1.2507
2018-01-03,1.20294,1.35227,0.78401,0.71038,1.2534
2018-01-04,1.20642,1.35391,0.78561,0.71449,1.2522
2018-01-05,1.20395,1.35612,0.78592,0.717,1.2396
2018-01-08,1.19732,1.35667,0.78382,0.71818,1.2424
2018-01-09,1.19218,1.35172,0.78223,0.71798,1.2457
2018-01-10,1.19574,1.35135,0.78413,0.7188,1.2485
2018-01-11,1.20351,1.35428,0.78852,0.72438,1.2526
2018-01-12,1.213,1.36893,0.78858,0.7239,1.2517
2018-01-16,1.22444,1.37741,0.7958,0.72748,1.2422
2018-01-17,1.22294,1.38236,0.79821,0.72918,1.2443
2018-01-18,1.22384,1.38889,0.7993,0.7311,1.2442
2018-01-19,1.22384,1.38562,0.80013,0.72849,1.2456
2018-01-22,1.22294,1.39431,0.80038,0.7311,1.246
2018-01-23,1.22775,1.39684,0.7984,0.73448,1.2455
2018-01-24,1.239,1.41985,0.80658,0.74069,1.2357
2018-01-25,1.24875,1.42633,0.80893,0.73708,1.2315
2018-01-26,1.24224,1.41784,0.8105,0.73481,1.232
2018-01-29,1.23518,1.4043,0.80893,0.73078,1.2339
2018-01-30,1.239,1.41243,0.80762,0.73341,1.234
2018-01-31,1.24285,1.41904,0.80691,0.73719,1.2293
2018-02-01,1.24813,1.4247,0.80283,0.73981,1.228
2018-02-02,1.24456,1.41263,0.7929,0.73041,1.2393
2018-02-05,1.24177,1.40213,0.79258,0.72918,1.2483
2018-02-06,1.23808,1.39509,0.78771,0.73062,1.2537
2018-02-07,1.22805,1.38812,0.78419,0.72812,1.2545
2018-02-08,1.22384,1.39159,0.77888,0.72062,1.2603
2018-02-09,1.22264,1.37931,0.78088,0.72522,1.2599
2018-02-12,1.22669,1.38198,0.78358,0.7239,1.2612
2018-02-13,1.23625,1.38927,0.78567,0.72849,1.26
2018-02-14,1.23962,1.39548,0.78728,0.73341,1.2564
2018-02-15,1.24813,1.40607,0.7912,0.73823,1.2517
2018-02-16,1.24425,1.40548,0.79252,0.73981,1.2532
2018-02-20,1.23487,1.40213,0.79033,0.73562,1.2624
2018-02-21,1.23138,1.39451,0.78327,0.73389,1.2678
2018-02-22,1.23259,1.39392,0.78499,0.73492,1.2705
2018-02-23,1.22986,1.39782,0.78272,0.72908,1.2659
2018-02-26,1.22956,1.39528,0.78431,0.73089,1.2691
2018-02-27,1.22384,1.39063,0.7804,0.72432,1.2748
2018-02-28,1.22115,1.37931,0.78009,0.7227,1.2806
2018-03-01,1.2216,1.37552,0.77622,0.72501,1.284
2018-03-02,1.23138,1.37684,0.77537,0.72338,1.2882
2018-03-05,1.23305,1.38562,0.77592,0.72322,1.2982
2018-03-06,1.24146,1.3887,0.78223,0.73041,1.2892
2018-03-07,1.23977,1.38889,0.77961,0.72648,1.2993
2018-03-08,1.23138,1.38236,0.77869,0.72601,1.2936
2018-03-09,1.23259,1.38639,0.78493,0.7295,1.2822
2018-03-12,1.23183,1.38985,0.78641,0.72929,1.2835
2018-03-13,1.23977,1.3988,0.78808,0.73438,1.2925
2018-03-14,1.23625,1.39451,0.78771,0.73292,1.2946
2018-03-15,1.23213,1.39509,0.78162,0.72892,1.3053
2018-03-16,1.22805,1.39198,0.77328,0.72171,1.3096
2018-03-19,1.23289,1.40311,0.77048,0.7228,1.3089
2018-03-20,1.22714,1.40135,0.76911,0.71948,1.3083
2018-03-21,1.22684,1.40647,0.77077,0.71798,1.2957
2018-03-22,1.23107,1.40984,0.76959,0.72202,1.293
2018-03-23,1.23594,1.41503,0.77208,0.72543,1.287
2018-03-26,1.24394,1.42369,0.77268,0.7295,1.2866
2018-03-27,1.241,1.41603,0.77172,0.72881,1.2841
2018-03-28,1.23503,1.41103,0.76811,0.72432,1.2886
2018-03-29,1.22971,1.40292,0.76722,0.72202,1.2901
2018-03-30,1.23198,1.40272,0.76899,0.7239,1.2891
2018-04-02,1.2288,1.40311,0.76581,0.72181,1.2918
2018-04-03,1.22609,1.40687,0.7674,0.72601,1.28
2018-04-04,1.22926,1.40766,0.77012,0.72971,1.2801
2018-04-05,1.22294,1.39919,0.76882,0.72722,1.2777
2018-04-06,1.22745,1.40885,0.7684,0.72733,1.2763
2018-04-09,1.23198,1.41363,0.77077,0.73201,1.27
2018-04-10,1.23381,1.41603,0.77622,0.73638,1.2609
2018-04-11,1.23839,1.41945,0.77652,0.73692,1.2581
2018-04-12,1.23198,1.4245,0.77567,0.73752,1.2583
2018-04-13,1.23213,1.42552,0.77682,0.73508,1.2604
2018-04-16,1.23732,1.43328,0.77773,0.73611,1.258
2018-04-17,1.23457,1.43,0.77682,0.73389,1.2548
2018-04-18,1.23793,1.42268,0.77839,0.73282,1.2636
2018-04-19,1.23365,1.41924,0.77507,0.72801,1.2638
2018-04-20,1.2282,1.40331,0.76711,0.72108,1.274
2018-04-23,1.2216,1.39528,0.76138,0.71551,1.2845
2018-04-24,1.22264,1.39743,0.75982,0.71119,1.2823
2018-04-25,1.21773,1.39412,0.75592,0.70631,1.2871
2018-04-26,1.21124,1.39276,0.75597,0.70661,1.2867
2018-04-27,1.2108,1.37855,0.7566,0.70701,1.2862
2018-04-30,1.20744,1.37514,0.75432,0.70432,1.2818
2018-05-01,1.20005,1.3611,0.74878,0.70072,1.2873
2018-05-02,1.19674,1.36091,0.75008,0.70038,1.2848
2018-05-03,1.19703,1.35685,0.75131,0.70279,1.2878
2018-05-04,1.1946,1.35355,0.75341,0.70171,1.2848
2018-05-07,1.19275,1.35667,0.75262,0.70269,1.285
2018-05-08,1.18624,1.35208,0.74449,0.69638,1.2967
2018-05-09,1.18526,1.35667,0.7456,0.69862,1.2852
2018-05-10,1.18963,1.34862,0.75148,0.69459,1.2787
2018-05-11,1.19503,1.35483,0.75438,0.69701,1.2781
2018-05-14,1.1976,1.35943,0.7554,0.69358,1.2761
2018-05-15,1.18638,1.35117,0.74772,0.68771,1.2868
2018-05-16,1.17883,1.34789,0.75041,0.68951,1.2828
2018-05-17,1.1798,1.35062,0.75081,0.68771,1.2815
2018-05-18,1.17744,1.34753,0.75109,0.69118,1.2892
2018-05-21,1.17675,1.34174,0.75649,0.693,1.2835
2018-05-22,1.17827,1.34445,0.75947,0.69411,1.2775
2018-05-23,1.16932,1.33404,0.75341,0.68951,1.2882
2018-05-24,1.17288,1.33833,0.75672,0.6918,1.2907
2018-05-25,1.16659,1.33209,0.7558,0.69219,1.2972
2018-05-29,1.15513,1.32573,0.75143,0.69152,1.3027
2018-05-30,1.16645,1.32961,0.7574,0.6994,1.2842
2018-05-31,1.167,1.3289,0.757,0.70038,1.297
2018-06-01,1.16795,1.33583,0.7566,0.69871,1.2948
2018-06-04,1.16959,1.33138,0.76482,0.70319,1.2922
2018-06-05,1.16713,1.33601,0.76057,0.70151,1.3008
2018-06-06,1.17786,1.34282,0.7677,0.70462,1.2907
2018-06-07,1.18147,1.34264,0.76301,0.70328,1.2988
2018-06-08,1.1773,1.34066,0.76011,0.70358,1.2956
2018-06-11,1.18022,1.33869,0.76161,0.70398,1.298
2018-06-12,1.17925,1.34156,0.76069,0.70319,1.2987
2018-06-13,1.17841,1.33779,0.7604,0.70472,1.2963
2018-06-14,1.16347,1.33333,0.75143,0.69969,1.307
2018-06-15,1.16158,1.32837,0.74549,0.6943,1.3167
2018-06-18,1.16063,1.32468,0.74189,0.6931,1.3229
2018-06-19,1.15768,1.31718,0.73861,0.6907,1.3263
2018-06-20,1.15915,1.32135,0.73872,0.68799,1.3291
2018-06-21,1.15996,1.32503,0.73741,0.68729,1.3319
2018-06-22,1.16306,1.32573,0.74239,0.68951,1.3318
2018-06-25,1.16945,1.32732,0.74058,0.68942,1.3313
2018-06-26,1.16754,1.32433,0.74019,0.68648,1.3293
2018-06-27,1.15875,1.31389,0.7373,0.68018,1.33
2018-06-28,1.15821,1.30941,0.73551,0.6759,1.3253
2018-06-29,1.16768,1.31978,0.73992,0.67728,1.314
2018-07-02,1.16036,1.31337,0.73223,0.6702,1.3213
2018-07-03,1.16537,1.31735,0.7385,0.67508,1.315
2018-07-05,1.16973,1.32275,0.73883,0.67898,1.3121
2018-07-06,1.17385,1.32626,0.74212,0.68292,1.309
2018-07-09,1.1744,1.32013,0.7466,0.68381,1.3111
2018-07-10,1.17275,1.32661,0.74638,0.68362,1.312
2018-07-11,1.1722,1.32415,0.73997,0.67861,1.3127
2018-07-12,1.16918,1.3238,0.74178,0.67829,1.3158
2018-07-13,1.16673,1.32153,0.74102,0.676,1.3168
2018-07-16,1.17096,1.32363,0.74162,0.67709,1.3131
2018-07-17,1.16645,1.31614,0.73921,0.67898,1.3198
2018-07-18,1.16455,1.30497,0.73921,0.67898,1.3203
2018-07-19,1.16036,1.2987,0.73319,0.67182,1.3271
2018-07-20,1.17082,1.31148,0.74102,0.68018,1.3155
2018-07-23,1.17014,1.31044,0.73828,0.67861,1.315
2018-07-24,1.16836,1.31354,0.74162,0.68009,1.3165
2018-07-25,1.16768,1.31492,0.74118,0.6806,1.3104
2018-07-26,1.16537,1.31182,0.73839,0.67912,1.308
2018-07-27,1.16604,1.31182,0.74102,0.6799,1.3057
2018-07-30,1.17178,1.31406,0.7408,0.68292,1.3013
2018-07-31,1.17055,1.31251,0.74383,0.6812,1.3017
2018-08-01,1.16659,1.31199,0.74019,0.67949,1.3006
2018-08-02,1.16117,1.30344,0.7379,0.67558,1.3004
2018-08-03,1.15969,1.30208,0.74058,0.67572,1.2975
2018-08-06,1.15634,1.29467,0.73932,0.67358,1.2997
2018-08-07,1.15969,1.29567,0.74278,0.67408,1.3017
2018-08-08,1.15982,1.288,0.742,0.67422,1.3061
2018-08-09,1.1566,1.287,0.73943,0.66238,1.3046
2018-08-10,1.13986,1.27698,0.72982,0.6602,1.3126
2018-08-13,1.1396,1.27567,0.72701,0.65841,1.3138
2018-08-14,1.13507,1.27372,0.72401,0.65872,1.3107
2018-08-15,1.13314,1.26855,0.72327,0.65578,1.3155
2018-08-16,1.13882,1.27226,0.72759,0.65972,1.3144
2018-08-17,1.14103,1.27356,0.72823,0.66081,1.308
2018-08-20,1.14377,1.27649,0.73078,0.6619,1.3085
2018-08-21,1.1534,1.28601,0.73519,0.66751,1.3048
2018-08-22,1.15955,1.29099,0.73519,0.66988,1.3014
2018-08-23,1.15674,1.28304,0.72637,0.6652,1.3057
2018-08-24,1.16252,1.28584,0.73319,0.66921,1.3022
2018-08-27,1.16754,1.28916,0.73459,0.66939,1.2966
2018-08-28,1.17206,1.28866,0.73519,0.67191,1.2925
2018-08-29,1.16986,1.30056,0.72918,0.67011,1.2941
2018-08-30,1.16455,1.29971,0.72622,0.66401,1.2991
2018-08-31,1.15955,1.29634,0.71922,0.66142,1.3072
2018-09-04,1.1566,1.28337,0.71741,0.65479,1.3182
2018-09-05,1.16198,1.29032,0.71891,0.65811,1.3191
2018-09-06,1.16239,1.29333,0.71979,0.65959,1.3212
2018-09-07,1.15714,1.29333,0.71352,0.65488,1.317
2018-09-10,1.16036,1.30259,0.71179,0.65368,1.3159
2018-09-11,1.15915,1.30157,0.71068,0.65121,1.3131
2018-09-12,1.16266,1.30293,0.71608,0.65539,1.3005
2018-09-13,1.16713,1.31044,0.71922,0.6563,1.3005
2018-09-14,1.16564,1.30839,0.71782,0.6563,1.3029
2018-09-17,1.16863,1.31458,0.7186,0.6585,1.3017
2018-09-18,1.16932,1.31579,0.72202,0.65898,1.2977
2018-09-19,1.1685,1.31614,0.72733,0.66199,1.2939
2018-09-20,1.1744,1.32363,0.72759,0.66738,1.2918
2018-09-21,1.17385,1.30668,0.7278,0.66791,1.2912
2018-09-24,1.1773,1.31285,0.72632,0.6652,1.2934
2018-09-25,1.17702,1.31614,0.72511,0.66511,1.2944
2018-09-26,1.17578,1.31822,0.72601,0.66569,1.2963
2018-09-27,1.167,1.31044,0.72181,0.66238,1.3036
2018-09-28,1.16225,1.30531,0.7238,0.66348,1.2922
2018-10-01,1.15674,1.30327,0.72228,0.66129,1.2799
2018-10-02,1.15594,1.29836,0.71989,0.66059,1.2815
2018-10-03,1.15247,1.29938,0.71378,0.65411,1.2826
2018-10-04,1.15075,1.30141,0.70781,0.64889,1.2903
2018-10-05,1.15022,1.3101,0.70482,0.64392,1.2948
2018-10-09,1.14824,1.31389,0.70922,0.64599,1.2959
2018-10-10,1.15407,1.32066,0.70998,0.64771,1.2985
2018-10-11,1.15647,1.31926,0.71119,0.65172,1.3037
2018-10-12,1.15594,1.31544,0.71159,0.65108,1.3023
2018-10-15,1.15942,1.31683,0.71418,0.65518,1.2966
2018-10-16,1.15929,1.321,0.71398,0.65928,1.2935
2018-10-17,1.15393,1.31372,0.71301,0.65768,1.2985
2018-10-18,1.14943,1.30617,0.71179,0.65578,1.3059
2018-10-19,1.15128,1.30446,0.71322,0.6595,1.3101
2018-10-22,1.14666,1.29735,0.70862,0.65501,1.3104
2018-10-23,1.14797,1.2982,0.70741,0.65531,1.3101
2018-10-24,1.13895,1.28982,0.70721,0.65249,1.2994
2018-10-25,1.1374,1.28271,0.70842,0.65232,1.3066
2018-10-26,1.13882,1.28254,0.70882,0.65202,1.31
2018-10-29,1.13895,1.28074,0.70741,0.65308,1.3129
2018-10-30,1.13636,1.27307,0.71119,0.65621,1.3133
2018-10-31,1.13314,1.27796,0.70902,0.653,1.3129
2018-11-01,1.1396,1.29735,0.71891,0.66419,1.3108
2018-11-02,1.13779,1.29651,0.71989,0.66551,1.3108
2018-11-05,1.13934,1.30208,0.71979,0.666,1.3098
2018-11-06,1.14116,1.30753,0.72213,0.6672,1.3132
2018-11-07,1.14587,1.31441,0.72823,0.67898,1.3108
2018-11-08,1.14155,1.31165,0.7286,0.67801,1.3115
2018-11-09,1.1325,1.29786,0.7226,0.67349,1.323
2018-11-13,1.1288,1.3031,0.72202,0.67659,1.3223
2018-11-14,1.13122,1.30107,0.72192,0.67939,1.3237
2018-11-15,1.13237,1.27486,0.7269,0.68231,1.3193
2018-11-16,1.14025,1.28386,0.73121,0.68611,1.3174
2018-11-19,1.14482,1.28419,0.72908,0.68348,1.3187
2018-11-20,1.13908,1.2809,0.72459,0.68208,1.3245
2018-11-21,1.13934,1.27763,0.72669,0.6839,1.3274
2018-11-23,1.13314,1.28041,0.72249,0.67741,1.3226
2018-11-26,1.13366,1.2809,0.72301,0.67852,1.3237
2018-11-27,1.12816,1.27291,0.72062,0.67769,1.3313
2018-11-28,1.12854,1.27665,0.72327,0.67972,1.3328
2018-11-29,1.13817,1.27894,0.73142,0.68568,1.3278
2018-11-30,1.13225,1.27714,0.7311,0.68799,1.3282
2018-12-03,1.13559,1.27421,0.736,0.69329,1.319
2018-12-04,1.13456,1.27194,0.73529,0.69382,1.3202
2018-12-06,1.1374,1.27763,0.7216,0.68752,1.3417
2018-12-07,1.13895,1.27486,0.72098,0.68592,1.3302
2018-12-10,1.13675,1.25581,0.71901,0.68781,1.3385
2018-12-11,1.13135,1.25235,0.72041,0.68809,1.3408
2018-12-12,1.13623,1.26582,0.72228,0.68559,1.3336
2018-12-13,1.13585,1.26342,0.7228,0.68601,1.3349
2018-12-14,1.12994,1.25707,0.71762,0.6806,1.3387
2018-12-17,1.13392,1.26056,0.71818,0.68032,1.339
2018-12-18,1.13636,1.26438,0.71721,0.68512,1.3466
2018-12-19,1.1422,1.26695,0.71721,0.68521,1.3434
2018-12-20,1.14325,1.26502,0.71038,0.67668,1.3515
2018-12-21,1.14025,1.26807,0.70721,0.67259,1.357
2018-12-26,1.14077,1.26759,0.70701,0.67449,1.3576
2018-12-27,1.14116,1.26263,0.702,0.66979,1.365
2018-12-28,1.14456,1.26984,0.70442,0.67042,1.3629
2018-12-31,1.14561,1.27632,0.70462,0.6711,1.3644
2019-01-02,1.13572,1.25976,0.69999,0.6668,1.3591
2019-01-03,1.13986,1.26326,0.70141,0.66872,1.3484
2019-01-04,1.14103,1.27405,0.71078,0.67431,1.3399
2019-01-07,1.14679,1.27567,0.71429,0.67618,1.3297
2019-01-08,1.14443,1.27243,0.71342,0.67231,1.3307
2019-01-09,1.15234,1.27632,0.71721,0.67939,1.3212
2019-01-10,1.15168,1.27681,0.71901,0.67898,1.3232
2019-01-11,1.14784,1.28353,0.72041,0.68259,1.3256
2019-01-15,1.13921,1.27616,0.71922,0.6812,1.3272
2019-01-16,1.14077,1.28617,0.71839,0.6787,1.3243
2019-01-17,1.13856,1.294,0.7171,0.67472,1.3296
2019-01-18,1.13623,1.28982,0.71721,0.67508,1.3262
2019-01-22,1.13585,1.2955,0.71332,0.6729,1.3333
2019-01-23,1.13895,1.30736,0.71332,0.67889,1.3362
2019-01-24,1.13225,1.30276,0.70962,0.67682,1.3342
2019-01-25,1.14064,1.31752,0.71721,0.6839,1.3259
2019-01-28,1.14377,1.31579,0.71659,0.68339,1.3269
2019-01-29,1.14233,1.31458,0.7149,0.68301,1.3264
2019-01-30,1.14181,1.30617,0.71958,0.68371,1.3189
2019-01-31,1.14534,1.31354,0.72823,0.69228,1.314
2019-02-01,1.14745,1.30941,0.72601,0.6907,1.3095
2019-02-04,1.14377,1.30685,0.72181,0.68818,1.3127
2019-02-05,1.14064,1.29467,0.72338,0.68908,1.3132
2019-02-06,1.13804,1.29567,0.71281,0.68432,1.3192
2019-02-07,1.13572,1.29668,0.70932,0.67572,1.3296
2019-02-08,1.13263,1.29333,0.70902,0.67549,1.3277
2019-02-11,1.12765,1.28617,0.70651,0.67322,1.3296
2019-02-12,1.13161,1.28866,0.70942,0.67399,1.3244
2019-02-13,1.1288,1.2865,0.71129,0.68171,1.3222
2019-02-14,1.12841,1.27926,0.70912,0.68292,1.3307
2019-02-15,1.12676,1.28568,0.7122,0.68559,1.3272
2019-02-19,1.13276,1.30361,0.71459,0.6854,1.3248
2019-02-21,1.13379,1.30599,0.70801,0.6805,1.3192
2019-02-22,1.13417,1.30668,0.71378,0.68409,1.3188
2019-02-25,1.13456,1.30582,0.7169,0.68852,1.3183
2019-02-26,1.1374,1.32521,0.71818,0.68908,1.3175
2019-02-27,1.13701,1.33174,0.71342,0.68409,1.3145
2019-02-28,1.13792,1.32732,0.70992,0.68078,1.3166
2019-03-01,1.13766,1.32223,0.70801,0.6806,1.3277
2019-03-04,1.13276,1.31857,0.70842,0.6806,1.3329
2019-03-05,1.12994,1.31406,0.70731,0.6787,1.3352
2019-03-06,1.13199,1.31475,0.7023,0.67751,1.3445
2019-03-07,1.12145,1.31062,0.70319,0.67709,1.342
2019-03-08,1.12435,1.30107,0.70482,0.68069,1.3426
2019-03-11,1.12259,1.30941,0.70562,0.68278,1.3418
2019-03-12,1.12765,1.3101,0.70822,0.68648,1.338
2019-03-13,1.13097,1.32293,0.70872,0.68578,1.3318
2019-03-14,1.13045,1.32802,0.70611,0.68222,1.3316
2019-03-15,1.13263,1.32784,0.70892,0.68498,1.3337
2019-03-18,1.13366,1.32223,0.70998,0.68559,1.3342
2019-03-19,1.13456,1.32626,0.71018,0.68658,1.3294
2019-03-20,1.1352,1.31909,0.70882,0.68479,1.3327
2019-03-21,1.13611,1.30736,0.71098,0.68752,1.3369
2019-03-22,1.12816,1.32188,0.70912,0.6888,1.3406
2019-03-25,1.13237,1.32031,0.71139,0.69161,1.3418
2019-03-26,1.12803,1.32153,0.71398,0.69118,1.3389
2019-03-27,1.12499,1.31926,0.70701,0.67912,1.3434
2019-03-28,1.1236,1.30873,0.70791,0.67939,1.3424
2019-03-29,1.12284,1.30327,0.71038,0.68199,1.336
2019-04-01,1.12095,1.31441,0.71169,0.68129,1.3344
2019-04-02,1.11857,1.30344,0.70582,0.67431,1.3357
2019-04-03,1.12423,1.31804,0.7124,0.6793,1.3315
2019-04-04,1.12158,1.30719,0.71119,0.67558,1.3357
2019-04-05,1.1217,1.30107,0.70992,0.67249,1.3387
2019-04-08,1.12625,1.3048,0.7124,0.67422,1.3316
2019-04-09,1.12778,1.3048,0.71291,0.67449,1.332
2019-04-10,1.12663,1.30993,0.71582,0.67558,1.3322
2019-04-11,1.12625,1.30685,0.71281,0.6729,1.3379
2019-04-12,1.13045,1.30856,0.71762,0.67691,1.3332
2019-04-15,1.13045,1.31044,0.71782,0.67641,1.3372
2019-04-16,1.12931,1.30497,0.71741,0.67609,1.335
2019-04-17,1.12969,1.30361,0.71679,0.6711,1.3345
2019-04-18,1.1241,1.30022,0.715,0.66791,1.3372
2019-04-19,1.12461,1.30022,0.715,0.66912,1.3386
2019-04-22,1.12575,1.29836,0.71342,0.66769,1.3352
2019-04-23,1.12133,1.29433,0.70962,0.66481,1.342
2019-04-24,1.11919,1.29467,0.70259,0.66059,1.3465
2019-04-25,1.11396,1.29016,0.70102,0.66159,1.3494
2019-04-26,1.11545,1.29299,0.70442,0.66698,1.3459
2019-04-29,1.11657,1.29232,0.70542,0.66649,1.3448
2019-04-30,1.12007,1.30293,0.70398,0.66698,1.3427
2019-05-01,1.12461,1.30907,0.70378,0.6652,1.3417
2019-05-02,1.11844,1.30327,0.70018,0.66181,1.3468
2019-05-03,1.11857,1.31389,0.7018,0.66419,1.3425
2019-05-06,1.1197,1.30924,0.6995,0.66059,1.3446
2019-05-07,1.11782,1.30514,0.70038,0.65928,1.3472
2019-05-08,1.12057,1.30141,0.70038,0.65872,1.3458
2019-05-09,1.12284,1.30124,0.69759,0.65841,1.349
2019-05-10,1.1241,1.30361,0.69979,0.65998,1.3428
2019-05-13,1.12322,1.29618,0.69478,0.6572,1.3467
2019-05-14,1.1207,1.29216,0.69459,0.65768,1.3466
2019-05-15,1.12082,1.28783,0.693,0.65621,1.3432
2019-05-16,1.11782,1.28025,0.69051,0.65501,1.3433
2019-05-17,1.11657,1.27226,0.68738,0.65219,1.3477
2019-05-20,1.11694,1.27178,0.69132,0.65368,1.3432
2019-05-21,1.11582,1.2747,0.68762,0.65062,1.3425
2019-05-22,1.11557,1.26743,0.68799,0.64969,1.3417
2019-05-23,1.11719,1.26662,0.68961,0.6521,1.3471
2019-05-24,1.1197,1.27,0.69142,0.65479,1.3454
2019-05-28,1.11769,1.26678,0.693,0.65488,1.3473
2019-05-29,1.11359,1.2631,0.69118,0.65108,1.3533
2019-05-30,1.11396,1.26183,0.69099,0.6507,1.3508
2019-05-31,1.11495,1.26199,0.693,0.65249,1.3523
2019-06-03,1.12057,1.26215,0.69551,0.65751,1.3471
2019-06-04,1.1236,1.26743,0.69871,0.65972,1.3417
2019-06-05,1.12423,1.27065,0.6974,0.66238,1.3409
2019-06-06,1.12943,1.27129,0.69842,0.66388,1.3374
2019-06-07,1.13237,1.27405,0.70018,0.6664,1.3287
2019-06-10,1.13109,1.26839,0.69638,0.66151,1.3259
2019-06-11,1.13161,1.27243,0.6956,0.65811,1.3291
2019-06-12,1.13097,1.26936,0.6942,0.65798,1.3298
2019-06-13,1.12752,1.26775,0.69099,0.65651,1.333
2019-06-14,1.1217,1.26008,0.68719,0.6502,1.3382
2019-06-17,1.12347,1.25676,0.68601,0.65041,1.3398
2019-06-18,1.11957,1.25471,0.68719,0.65278,1.3396
2019-06-19,1.12145,1.26247,0.687,0.65249,1.3362
2019-06-20,1.12841,1.27,0.69171,0.65841,1.3208
2019-06-21,1.13276,1.27033,0.69199,0.6572,1.3217
2019-06-24,1.13934,1.27275,0.69638,0.66199,1.3196
2019-06-25,1.13856,1.2721,0.6975,0.66551,1.3164
2019-06-26,1.13895,1.26968,0.69901,0.66921,1.3109
2019-06-27,1.13714,1.26743,0.69979,0.66988,1.3115
2019-06-28,1.1374,1.27033,0.70092,0.6711,1.3091
2019-07-01,1.13071,1.26438,0.69628,0.66751,1.3124
2019-07-02,1.13007,1.25992,0.6992,0.66738,1.3117
2019-07-03,1.12752,1.25676,0.70328,0.67092,1.307
2019-07-05,1.12158,1.25063,0.69682,0.66168,1.3108
2019-07-08,1.12082,1.25031,0.69682,0.66238,1.3088
2019-07-09,1.12095,1.24626,0.69271,0.66081,1.3123
2019-07-10,1.126,1.25063,0.69638,0.6652,1.3099
2019-07-11,1.12613,1.25486,0.69818,0.6672,1.3071
2019-07-12,1.12537,1.25534,0.70072,0.66809,1.3042
2019-07-15,1.126,1.25235,0.70358,0.67191,1.3036
2019-07-16,1.1212,1.24085,0.702,0.67042,1.3043
2019-07-17,1.12322,1.24378,0.7021,0.6744,1.3041
2019-07-18,1.12284,1.24938,0.70432,0.67558,1.309
2019-07-19,1.12196,1.25,0.70418,0.67709,1.3081
2019-07-22,1.12145,1.2475,0.70418,0.67751,1.3115
2019-07-23,1.11557,1.24486,0.69989,0.67078,1.3138
2019-07-24,1.11408,1.24984,0.69779,0.67119,1.3134
2019-07-25,1.11557,1.24704,0.69541,0.6668,1.3145
2019-07-26,1.1121,1.2387,0.6908,0.66322,1.3187
2019-07-29,1.11421,1.22354,0.6908,0.66322,1.3151
2019-07-30,1.11483,1.21477,0.68719,0.66089,1.3169
2019-07-31,1.11297,1.22205,0.6888,0.6598,1.3143
2019-08-01,1.10619,1.21448,0.68578,0.65638,1.3202
2019-08-02,1.11123,1.21315,0.6806,0.65471,1.3217
2019-08-05,1.1197,1.21655,0.67801,0.65389,1.3196
2019-08-06,1.11957,1.21492,0.677,0.65291,1.3252
2019-08-07,1.1236,1.21581,0.6754,0.64612,1.333
2019-08-08,1.12095,1.21374,0.6812,0.64821,1.3241
2019-08-09,1.12221,1.20846,0.67958,0.64792,1.3226
2019-08-12,1.1212,1.207,0.67558,0.6457,1.3232
2019-08-13,1.11819,1.20671,0.67981,0.6457,1.3221
2019-08-14,1.11445,1.20685,0.67422,0.64251,1.332
2019-08-15,1.11062,1.21124,0.67838,0.64462,1.3322
2019-08-16,1.10914,1.21521,0.6782,0.643,1.328
2019-08-19,1.10963,1.21374,0.67719,0.64201,1.3306
2019-08-20,1.10914,1.21536,0.67769,0.6416,1.3331
2019-08-21,1.10975,1.21418,0.67921,0.64098,1.3275
2019-08-22,1.10889,1.22504,0.67641,0.63792,1.3295
2019-08-23,1.11483,1.22609,0.6749,0.63951,1.3319
2019-08-26,1.11123,1.22324,0.6782,0.63959,1.3282
2019-08-27,1.10939,1.2288,0.67581,0.63662,1.3274
2019-08-28,1.1084,1.22474,0.67458,0.63371,1.3299
2019-08-29,1.10595,1.21966,0.6734,0.63179,1.3299
2019-08-30,1.0989,1.21655,0.67299,0.62988,1.329
2019-09-03,1.09685,1.20861,0.67581,0.63259,1.3332
2019-09-04,1.10254,1.21907,0.67958,0.6354,1.3248
2019-09-05,1.10375,1.23365,0.68199,0.63759,1.3238
2019-09-06,1.10424,1.22986,0.68559,0.64392,1.317
2019-09-09,1.10558,1.23686,0.68738,0.64342,1.314
2019-09-10,1.10424,1.23548,0.68681,0.64251,1.3141
2019-09-11,1.10011,1.23289,0.68578,0.64152,1.3199
2019-09-12,1.10742,1.23564,0.6871,0.64168,1.3209
2019-09-13,1.10742,1.24626,0.68861,0.63841,1.3268
2019-09-16,1.10059,1.24224,0.68648,0.6352,1.324
2019-09-17,1.10632,1.24938,0.68578,0.635,1.3249
2019-09-18,1.10607,1.24782,0.68442,0.63331,1.3283
2019-09-19,1.10461,1.24813,0.67949,0.63012,1.3258
2019-09-20,1.10035,1.24891,0.677,0.62578,1.3268
2019-09-23,1.09914,1.24285,0.67719,0.6285,1.3271
2019-09-24,1.09987,1.2475,0.6793,0.63151,1.3253
2019-09-25,1.09493,1.23625,0.67499,0.62751,1.3279
2019-09-26,1.09385,1.23426,0.6754,0.63032,1.3271
2019-09-27,1.09421,1.23122,0.67641,0.6296,1.325
2019-09-30,1.09051,1.23047,0.67458,0.62621,1.3243
2019-10-01,1.09325,1.22414,0.67029,0.62461,1.3235
2019-10-02,1.09505,1.23138,0.66979,0.62559,1.3313
2019-10-03,1.09914,1.239,0.67508,0.63139,1.3323
2019-10-04,1.09745,1.23092,0.67641,0.63139,1.3332
2019-10-07,1.09842,1.23213,0.67422,0.62921,1.3305
2019-10-08,1.09493,1.22055,0.67272,0.62941,1.3332
2019-10-09,1.09782,1.22145,0.67299,0.62988,1.3327
2019-10-10,1.10181,1.23824,0.677,0.63239,1.3274
2019-10-11,1.10387,1.26823,0.68041,0.63452,1.3181
2019-10-15,1.10363,1.27372,0.67572,0.62842,1.3199
2019-10-16,1.10754,1.28535,0.67549,0.62759,1.3191
2019-10-17,1.11284,1.28535,0.68259,0.6352,1.3136
2019-10-18,1.11545,1.29032,0.6846,0.63731,1.3134
2019-10-21,1.11445,1.29836,0.68672,0.63918,1.31
2019-10-22,1.11383,1.29483,0.68629,0.6409,1.3086
2019-10-23,1.11185,1.28866,0.6847,0.64181,1.3089
2019-10-24,1.10975,1.28107,0.68171,0.6378,1.3078
2019-10-25,1.10816,1.28337,0.68292,0.63629,1.3064
2019-10-28,1.10939,1.28601,0.6839,0.63452,1.3063
2019-10-29,1.11173,1.29049,0.6862,0.63581,1.3078
2019-10-30,1.11235,1.28717,0.68719,0.63678,1.3179
2019-10-31,1.11545,1.29383,0.6888,0.6414,1.3144
2019-11-01,1.11694,1.295,0.69142,0.6445,1.3145
2019-11-04,1.11445,1.29066,0.6898,0.6416,1.3145
2019-11-05,1.10705,1.287,0.68918,0.63771,1.3176
2019-11-06,1.10754,1.28717,0.68809,0.63698,1.3187
2019-11-07,1.10448,1.28287,0.68951,0.63508,1.3177
2019-11-08,1.10193,1.27894,0.6854,0.63331,1.3218
2019-11-12,1.10169,1.28551,0.6846,0.63359,1.3227
2019-11-13,1.10035,1.28403,0.68311,0.64008,1.3239
2019-11-14,1.10156,1.28783,0.67801,0.63739,1.3251
2019-11-15,1.10461,1.29016,0.68101,0.64029,1.3228
2019-11-18,1.10791,1.29651,0.68199,0.64082,1.321
2019-11-19,1.10754,1.29266,0.68259,0.64259,1.3233
2019-11-20,1.10632,1.29182,0.67972,0.64131,1.3317
2019-11-21,1.10668,1.29149,0.6793,0.64131,1.3277
2019-11-22,1.1029,1.28287,0.67838,0.64061,1.3293
2019-11-25,1.10096,1.28849,0.677,0.6402,1.3312
2019-11-26,1.1012,1.28502,0.6787,0.64201,1.3285
2019-11-27,1.10023,1.28816,0.67801,0.64288,1.3284
2019-11-29,1.10193,1.29383,0.67618,0.64189,1.3291
2019-12-02,1.10754,1.29366,0.6819,0.65062,1.3298
2019-12-03,1.10889,1.30022,0.68409,0.65159,1.3298
2019-12-04,1.10754,1.30941,0.68512,0.65291,1.3212
2019-12-05,1.11037,1.31648,0.68339,0.65449,1.3177
2019-12-06,1.10522,1.31268,0.68362,0.65651,1.3255
2019-12-09,1.10668,1.31562,0.6832,0.65548,1.3228
2019-12-10,1.10902,1.31787,0.68138,0.65411,1.3231
2019-12-11,1.10914,1.31752,0.68639,0.65699,1.3202
2019-12-12,1.11148,1.31337,0.68961,0.65841,1.3185
2019-12-13,1.11284,1.33494,0.6871,0.65911,1.3196
2019-12-16,1.11396,1.33298,0.68871,0.65972,1.3158
2019-12-17,1.11483,1.31165,0.6847,0.65681,1.3155
2019-12-18,1.11136,1.30787,0.6854,0.65781,1.3117
2019-12-19,1.11284,1.30344,0.68871,0.66072,1.3122
2019-12-20,1.10754,1.30361,0.69018,0.66072,1.317
2019-12-23,1.10914,1.29166,0.69171,0.66278,1.3167
2019-12-24,1.1084,1.2955,0.69228,0.6641,1.316
2019-12-26,1.11025,1.30073,0.69391,0.66658,1.3124
2019-12-27,1.11744,1.30907,0.69779,0.67029,1.3073
2019-12-30,1.1217,1.31406,0.70038,0.67358,1.3058
2019-12-31,1.12271,1.32696,0.70299,0.67449,1.2962
2020-01-02,1.11657,1.31285,0.69818,0.66921,1.2998
2020-01-03,1.11732,1.30907,0.69628,0.66729,1.2985
2020-01-06,1.11869,1.31631,0.69319,0.66671,1.2964
2020-01-07,1.11383,1.31268,0.68611,0.66278,1.3016
2020-01-08,1.11173,1.31096,0.687,0.66419,1.3026
2020-01-09,1.11062,1.30685,0.68559,0.66089,1.309
2020-01-10,1.11185,1.30599,0.69032,0.66388,1.3051
2020-01-13,1.11383,1.29836,0.69109,0.66348,1.3049
2020-01-14,1.11297,1.30174,0.69051,0.66129,1.3056
2020-01-15,1.11595,1.30293,0.69109,0.66181,1.304
2020-01-16,1.11309,1.30753,0.68951,0.66388,1.3042
2020-01-17,1.10926,1.30293,0.68771,0.66098,1.3074
2020-01-21,1.10963,1.30463,0.68531,0.66089,1.3068
2020-01-22,1.10852,1.31354,0.68362,0.6588,1.3135
2020-01-23,1.10412,1.31044,0.68339,0.65872,1.3144
2020-01-24,1.10266,1.30702,0.68241,0.6602,1.3146
2020-01-27,1.10193,1.30548,0.67572,0.65509,1.3176
2020-01-28,1.10084,1.29955,0.67531,0.65338,1.3174
2020-01-29,1.10035,1.30124,0.6744,0.65232,1.3201
2020-01-30,1.10314,1.31062,0.6715,0.64901,1.3216
2020-01-31,1.10816,1.31944,0.66988,0.64658,1.322
2020-02-03,1.10619,1.30056,0.66881,0.64629,1.3295
2020-02-04,1.10424,1.30293,0.67322,0.648,1.3266
2020-02-05,1.10059,1.30005,0.67481,0.64771,1.3294
2020-02-06,1.09794,1.29349,0.67381,0.6462,1.3292
2020-02-07,1.09505,1.29082,0.66791,0.64061,1.3304
2020-02-10,1.09158,1.29182,0.66738,0.63849,1.3323
2020-02-11,1.0917,1.2945,0.67119,0.6402,1.3299
2020-02-12,1.08932,1.29786,0.67458,0.64721,1.3243
2020-02-13,1.08483,1.30514,0.6729,0.64441,1.3255
2020-02-14,1.08389,1.30395,0.67191,0.64371,1.3251
2020-02-18,1.08155,1.30174,0.6693,0.63939,1.3256
2020-02-19,1.07945,1.29333,0.66729,0.638,1.3232
2020-02-20,1.07968,1.28766,0.66181,0.63391,1.3259
2020-02-21,1.08554,1.29668,0.66322,0.63508,1.3217
2020-02-24,1.08566,1.29232,0.6612,0.63472,1.3282
2020-02-25,1.08684,1.30039,0.65972,0.63259,1.3285
2020-02-26,1.08873,1.29216,0.65561,0.62988,1.3321
2020-02-27,1.09769,1.28766,0.6582,0.63191,1.3356
2020-02-28,1.10011,1.27779,0.64952,0.62321,1.3411
2020-03-02,1.11645,1.2791,0.6524,0.62531,1.3334
2020-03-03,1.11744,1.28271,0.66168,0.6306,1.3352
2020-03-04,1.11297,1.28353,0.66089,0.62779,1.3425
2020-03-05,1.1202,1.29383,0.65998,0.63032,1.3403
2020-03-06,1.13186,1.30107,0.66339,0.63561,1.342
2020-03-09,1.14194,1.30993,0.66538,0.6409,1.3527
2020-03-10,1.13417,1.29333,0.647,0.6261,1.3775
2020-03-11,1.12803,1.28866,0.65121,0.63091,1.3748
2020-03-12,1.10816,1.25408,0.62798,0.6095,1.3869
2020-03-13,1.10656,1.24054,0.6161,0.60522,1.3991
2020-03-16,1.11396,1.22775,0.6132,0.61188,1.3974
2020-03-17,1.09709,1.20163,0.59759,0.594,1.4188
2020-03-18,1.08331,1.17606,0.582,0.5778,1.4529
2020-03-19,1.06986,1.16618,0.58589,0.58241,1.4463
2020-03-20,1.06815,1.17426,0.58411,0.57389,1.4363
2020-03-23,1.07596,1.14916,0.57551,0.56689,1.4539
2020-03-24,1.07945,1.17841,0.5927,0.57941,1.448
2020-03-25,1.08354,1.17633,0.5957,0.58099,1.4333
2020-03-26,1.10254,1.21403,0.6054,0.5962,1.4045
2020-03-27,1.10595,1.23594,0.61259,0.60219,1.4075
2020-03-30,1.10181,1.23916,0.61451,0.59909,1.4169
2020-03-31,1.10156,1.24533,0.61391,0.59591,1.4123
2020-04-01,1.09337,1.23946,0.61069,0.59439,1.4222
2020-04-02,1.08625,1.23793,0.6047,0.59091,1.411
2020-04-03,1.07968,1.22279,0.6001,0.58558,1.4132
2020-04-06,1.08085,1.22986,0.60961,0.59499,1.4125
2020-04-07,1.08861,1.23426,0.6187,0.59841,1.3971
2020-04-08,1.08637,1.23946,0.62232,0.60168,1.4015
2020-04-09,1.09314,1.2458,0.63091,0.60661,1.398
2020-04-10,1.09505,1.24844,0.63488,0.6082,1.3967
2020-04-13,1.09063,1.25188,0.638,0.60849,1.3953
2020-04-14,1.09709,1.26167,0.64189,0.60801,1.3903
2020-04-15,1.09087,1.25235,0.63279,0.5997,1.4105
2020-04-16,1.08401,1.24332,0.63012,0.59471,1.4141
2020-04-17,1.08826,1.25031,0.63569,0.60339,1.4026
2020-04-20,1.08743,1.24673,0.63869,0.6075,1.4067
2020-04-21,1.08542,1.22654,0.6279,0.59542,1.4199
2020-04-22,1.08295,1.2332,0.63199,0.59488,1.4132
2020-04-23,1.08155,1.23686,0.63881,0.60259,1.4028
2020-04-24,1.0798,1.2335,0.63771,0.60031,1.4098
2020-04-27,1.08295,1.24208,0.64599,0.6054,1.4042
2020-04-28,1.08366,1.24378,0.6499,0.60632,1.3992
2020-04-29,1.0853,1.24285,0.65359,0.61039,1.3936
2020-04-30,1.09337,1.26024,0.65232,0.61501,1.3911
2020-05-01,1.09975,1.25094,0.64238,0.60529,1.4102
2020-05-04,1.09111,1.24301,0.64119,0.60281,1.4088
2020-05-05,1.08436,1.24486,0.64579,0.6065,1.4025
2020-05-06,1.08061,1.23472,0.6414,0.6019,1.4143
2020-05-07,1.08155,1.23487,0.64998,0.60861,1.3972
2020-05-08,1.08542,1.24363,0.65428,0.6147,1.391
2020-05-11,1.08178,1.23305,0.64721,0.6065,1.4024
2020-05-12,1.08637,1.22986,0.65091,0.6102,1.4009
2020-05-13,1.08366,1.22249,0.64629,0.60089,1.4089
2020-05-14,1.08003,1.21936,0.64222,0.59719,1.4086
2020-05-15,1.08155,1.21286,0.64098,0.59291,1.409
2020-05-18,1.09039,1.22115,0.6513,0.60379,1.3966
2020-05-19,1.09373,1.22549,0.65669,0.61039,1.3879
2020-05-20,1.09806,1.22564,0.66011,0.61459,1.3911
2020-05-21,1.09529,1.22264,0.65621,0.61128,1.3946
2020-05-22,1.08944,1.21773,0.65278,0.6092,1.4021
2020-05-26,1.09697,1.23365,0.66441,0.62019,1.3821
2020-05-27,1.09685,1.22309,0.65898,0.6166,1.3786
2020-05-28,1.10693,1.23244,0.6664,0.62232,1.3763
2020-05-29,1.11074,1.23198,0.66419,0.6187,1.3809
2020-06-01,1.11235,1.24719,0.67852,0.62861,1.3603
2020-06-02,1.11657,1.25313,0.68719,0.63452,1.3515
2020-06-03,1.12461,1.25992,0.69478,0.64358,1.3489
2020-06-04,1.13225,1.26088,0.6944,0.6452,1.3513
2020-06-05,1.12969,1.27033,0.69832,0.6513,1.342
2020-06-08,1.12931,1.26936,0.6995,0.65411,1.3379
2020-06-09,1.13482,1.27356,0.69638,0.65261,1.3433
2020-06-10,1.13546,1.27584,0.70038,0.65428,1.3388
2020-06-11,1.13779,1.26342,0.6889,0.64599,1.3559
2020-06-12,1.12524,1.25266,0.6854,0.64309,1.3587
2020-06-15,1.12701,1.25423,0.68512,0.64358,1.3618
2020-06-16,1.12587,1.25865,0.68861,0.64512,1.3562
2020-06-17,1.12196,1.25266,0.6897,0.6462,1.357
2020-06-18,1.12158,1.24301,0.6847,0.6428,1.3593
2020-06-19,1.11894,1.23625,0.68559,0.64222,1.3601
2020-06-22,1.126,1.24471,0.69042,0.64851,1.3544
2020-06-23,1.13225,1.25313,0.69551,0.65151,1.3509
2020-06-24,1.12714,1.24316,0.68752,0.6416,1.3601
2020-06-25,1.12208,1.24054,0.68681,0.64251,1.366
2020-06-26,1.12145,1.23365,0.68611,0.64181,1.3695
2020-06-29,1.12372,1.2279,0.68512,0.64082,1.3686
2020-06-30,1.12372,1.23686,0.68932,0.64462,1.3614
2020-07-01,1.12587,1.24735,0.69171,0.64742,1.3579
2020-07-02,1.12372,1.24688,0.69209,0.6513,1.3591
2020-07-06,1.13071,1.24813,0.6973,0.65428,1.3546
2020-07-07,1.12994,1.25723,0.6972,0.65669,1.3587
2020-07-08,1.13289,1.25929,0.69672,0.65638,1.3539
2020-07-09,1.12982,1.26135,0.6958,0.6563,1.3577
2020-07-10,1.13186,1.26534,0.69589,0.65811,1.3591
2020-07-13,1.13636,1.26135,0.69832,0.65798,1.3568
2020-07-14,1.14064,1.25455,0.69701,0.65321,1.3606
2020-07-15,1.14064,1.25865,0.70028,0.65669,1.3521
2020-07-16,1.14325,1.26215,0.70082,0.65669,1.3539
2020-07-17,1.14377,1.25502,0.6994,0.65509,1.3572
2020-07-20,1.14416,1.26582,0.70092,0.65699,1.3531
2020-07-21,1.14956,1.27356,0.71109,0.66291,1.3443
2020-07-22,1.15875,1.27291,0.71469,0.6668,1.3407
2020-07-23,1.16225,1.27584,0.71362,0.66591,1.337
2020-07-24,1.16347,1.2791,0.70942,0.66331,1.3425
2020-07-27,1.17495,1.28866,0.71342,0.66832,1.3383
2020-07-28,1.1733,1.295,0.71608,0.66631,1.3364
2020-07-29,1.17702,1.29735,0.71679,0.66551,1.337
2020-07-30,1.17911,1.30344,0.71388,0.6641,1.344
2020-07-31,1.18217,1.31337,0.71592,0.66441,1.3384
2020-08-03,1.17495,1.30531,0.71068,0.65998,1.3408
2020-08-04,1.17661,1.30582,0.715,0.66111,1.3366
2020-08-05,1.18977,1.31406,0.7216,0.66618,1.3254
2020-08-06,1.18554,1.31475,0.7228,0.66609,1.3285
2020-08-07,1.17758,1.30429,0.71628,0.66072,1.3393
2020-08-10,1.17564,1.30822,0.71618,0.6592,1.335
2020-08-11,1.17633,1.3077,0.71551,0.65759,1.3296
2020-08-12,1.17966,1.30463,0.71669,0.65872,1.325
2020-08-13,1.18175,1.30822,0.71602,0.65569,1.3214
2020-08-14,1.18329,1.31079,0.71679,0.65539,1.325
2020-08-17,1.18694,1.31044,0.72108,0.65471,1.3202
2020-08-18,1.19275,1.32275,0.72348,0.6588,1.3181
2020-08-19,1.18977,1.31909,0.72338,0.66072,1.3173
2020-08-20,1.18624,1.31891,0.71782,0.65189,1.3177
2020-08-21,1.17744,1.30976,0.71561,0.6533,1.3201
2020-08-24,1.18036,1.30787,0.71741,0.65359,1.322
2020-08-25,1.18175,1.31354,0.71798,0.653,1.3191
2020-08-26,1.18133,1.31857,0.72218,0.65998,1.3145
2020-08-27,1.18245,1.32293,0.72601,0.6641,1.3111
2020-08-28,1.19005,1.33404,0.73519,0.67408,1.3106
2020-08-31,1.19503,1.33743,0.73883,0.67531,1.3034
2020-09-01,1.19489,1.34156,0.73752,0.67659,1.3043
2020-09-02,1.18399,1.33156,0.7319,0.67572,1.3061
2020-09-03,1.18315,1.32626,0.72722,0.67069,1.3131
2020-09-04,1.18203,1.32293,0.72637,0.6702,1.3095
2020-09-08,1.17897,1.30395,0.72301,0.66322,1.3194
2020-09-09,1.18106,1.30107,0.72748,0.66778,1.3163
2020-09-10,1.18793,1.28452,0.7287,0.66671,1.3162
2020-09-11,1.18315,1.27877,0.7277,0.66671,1.3183
2020-09-14,1.18737,1.28766,0.72987,0.67119,1.3172
2020-09-15,1.18455,1.28667,0.72961,0.67141,1.3199
2020-09-16,1.18343,1.29803,0.73362,0.67549,1.3164
2020-09-17,1.18231,1.2955,0.72892,0.67281,1.3204
2020-09-18,1.18568,1.295,0.7311,0.67778,1.3179
2020-09-21,1.17371,1.27943,0.72119,0.66631,1.3299
2020-09-22,1.17028,1.27259,0.71731,0.66361,1.3313
2020-09-23,1.16768,1.27502,0.70932,0.65669,1.3373
2020-09-24,1.16659,1.27389,0.70462,0.65419,1.337
2020-09-25,1.16185,1.27065,0.70121,0.65411,1.3409
2020-09-28,1.16604,1.2865,0.70671,0.65531,1.3377
2020-09-29,1.17165,1.28469,0.71088,0.6582,1.3411
2020-09-30,1.17233,1.29216,0.71602,0.66081,1.3323
2020-10-01,1.17523,1.29016,0.71891,0.66489,1.3289
2020-10-02,1.17055,1.29282,0.71469,0.66221,1.332
2020-10-05,1.17841,1.29719,0.71808,0.6641,1.3269
2020-10-06,1.17786,1.2945,0.7149,0.66331,1.3275
2020-10-07,1.17661,1.29132,0.71398,0.65928,1.3283
2020-10-08,1.17536,1.29433,0.71582,0.65759,1.3222
2020-10-09,1.18189,1.30022,0.72369,0.66658,1.312
2020-10-13,1.17371,1.29685,0.71649,0.66481,1.3138
2020-10-14,1.1755,1.30225,0.7169,0.6668,1.3147
2020-10-15,1.17014,1.29166,0.70791,0.65872,1.3243
2020-10-16,1.17165,1.29316,0.70832,0.66081,1.3194
2020-10-19,1.17883,1.29988,0.70902,0.66309,1.3155
2020-10-20,1.18245,1.29517,0.70572,0.65859,1.312
2020-10-21,1.18694,1.31423,0.712,0.66649,1.313
2020-10-22,1.18245,1.30907,0.71088,0.66751,1.3132
2020-10-23,1.18441,1.30395,0.71179,0.66769,1.3147
2020-10-26,1.18161,1.30208,0.712,0.66818,1.3214
2020-10-27,1.18343,1.30668,0.71429,0.67182,1.3156
2020-10-28,1.17509,1.29971,0.70671,0.666,1.3321
2020-10-29,1.16577,1.28899,0.70062,0.66011,1.3365
2020-10-30,1.16469,1.29333,0.7023,0.66098,1.3332
2020-11-02,1.16347,1.29032,0.70452,0.66269,1.3255
2020-11-03,1.17233,1.30497,0.71592,0.67051,1.3132
2020-11-04,1.17302,1.30208,0.71922,0.67011,1.3113
2020-11-05,1.18092,1.31165,0.72648,0.67609,1.3045
2020-11-06,1.18864,1.31614,0.7268,0.67829,1.3029
2020-11-09,1.18106,1.31372,0.72748,0.68069,1.2978
2020-11-10,1.18106,1.32345,0.72733,0.6818,1.2998
2020-11-12,1.18133,1.31423,0.72669,0.68752,1.3107
2020-11-13,1.18245,1.31752,0.72558,0.6839,1.3164
2020-11-16,1.18441,1.31978,0.73228,0.68989,1.3072
2020-11-17,1.18624,1.32468,0.72982,0.6889,1.3107
2020-11-18,1.18694,1.32996,0.73249,0.69382,1.3049
2020-11-19,1.18427,1.32258,0.72648,0.68999,1.3083
2020-11-20,1.18568,1.32943,0.73148,0.69488,1.3075
2020-11-23,1.18259,1.32996,0.72791,0.69118,1.3097
2020-11-24,1.18737,1.33494,0.73508,0.6973,1.3027
2020-11-25,1.19076,1.33779,0.736,0.70072,1.2994
2020-11-30,1.19474,1.33387,0.73508,0.70171,1.2982
2020-12-01,1.20395,1.33923,0.73551,0.70572,1.2958
2020-12-02,1.20934,1.33476,0.73948,0.70582,1.2934
2020-12-03,1.21521,1.34953,0.74438,0.70832,1.2875
2020-12-04,1.21418,1.34844,0.74383,0.70462,1.2797
2020-12-07,1.21374,1.33529,0.74488,0.70592,1.2796
2020-12-08,1.21109,1.33583,0.7414,0.70462,1.2808
2020-12-09,1.20802,1.33923,0.7451,0.70408,1.2791
2020-12-10,1.21183,1.32926,0.75199,0.70761,1.2727
2020-12-11,1.21124,1.31978,0.75318,0.70852,1.2767
2020-12-14,1.21448,1.33245,0.75369,0.70801,1.2787
2020-12-15,1.21581,1.34336,0.75552,0.70882,1.273
2020-12-16,1.21743,1.35026,0.75649,0.70791,1.2755
2020-12-17,1.22579,1.36091,0.76202,0.7149,1.2715
2020-12-18,1.22354,1.34971,0.7615,0.7124,1.2776
2020-12-21,1.22294,1.33547,0.75752,0.70882,1.2836
2020-12-22,1.21714,1.33494,0.75313,0.70408,1.2918
2020-12-23,1.21936,1.35099,0.75873,0.70998,1.2841
2020-12-28,1.2213,1.34463,0.75677,0.70932,1.2871
2020-12-29,1.22519,1.35117,0.76231,0.71618,1.2794
2020-12-30,1.22805,1.36054,0.76823,0.72072,1.2764
2020-12-31,1.22294,1.36612,0.77089,0.71942,1.2753
2021-01-04,1.22534,1.35501,0.7657,0.71638,1.2781
2021-01-05,1.22956,1.36203,0.77519,0.72422,1.27
2021-01-06,1.22895,1.35925,0.77869,0.72812,1.2685
2021-01-07,1.22654,1.35501,0.77549,0.7249,1.272
2021-01-08,1.22519,1.35833,0.77779,0.72522,1.2698
2021-01-11,1.21684,1.35227,0.77143,0.7187,1.2768
2021-01-12,1.21684,1.3637,0.77322,0.7187,1.2745
2021-01-13,1.21595,1.36314,0.77399,0.7188,1.271
2021-01-14,1.21566,1.36893,0.779,0.7226,1.2633
2021-01-15,1.20992,1.35999,0.77232,0.71592,1.2709
2021-01-19,1.21256,1.36277,0.7703,0.71159,1.2721
2021-01-21,1.21433,1.37212,0.77537,0.71901,1.2634
2021-01-22,1.21788,1.36855,0.7728,0.7188,1.2711
2021-01-25,1.21374,1.36687,0.7703,0.71922,1.2747
2021-01-26,1.21477,1.37287,0.77369,0.72301,1.2711
2021-01-27,1.21007,1.36874,0.76799,0.71788,1.2782
2021-01-28,1.21227,1.37268,0.7674,0.71731,1.2812
2021-01-29,1.21344,1.37231,0.76611,0.71999,1.2776
2021-02-01,1.207,1.36724,0.76249,0.71638,1.2826
2021-02-02,1.20207,1.36444,0.75861,0.71531,1.2815
2021-02-03,1.2025,1.36519,0.7622,0.71989,1.2765
2021-02-04,1.19746,1.36649,0.75988,0.71602,1.283
2021-02-05,1.20351,1.37137,0.76558,0.71932,1.2781
2021-02-08,1.20453,1.37382,0.77018,0.72228,1.2755
2021-02-09,1.21065,1.37969,0.77238,0.72312,1.2713
2021-02-10,1.21315,1.38504,0.77351,0.72202,1.2678
2021-02-11,1.21271,1.38217,0.77561,0.72322,1.2689
2021-02-12,1.21256,1.38543,0.77622,0.7227,1.2694
2021-02-16,1.21065,1.39101,0.77592,0.72098,1.2694
2021-02-17,1.20424,1.38485,0.77399,0.71782,1.2712
2021-02-18,1.20773,1.39567,0.77501,0.7202,1.2706
2021-02-19,1.21359,1.40252,0.78728,0.73121,1.2596
2021-02-22,1.21551,1.40766,0.79158,0.7333,1.2606
2021-02-23,1.21418,1.40924,0.7902,0.73292,1.261
2021-02-24,1.21433,1.41064,0.79352,0.74041,1.2537
2021-02-25,1.22294,1.41044,0.79529,0.74289,1.2528
2021-02-26,1.20934,1.3947,0.77202,0.7249,1.2698
2021-03-01,1.2054,1.39373,0.7776,0.72733,1.2652
2021-03-02,1.20788,1.39626,0.78223,0.72908,1.2612
2021-03-03,1.20729,1.39782,0.78082,0.72622,1.2611
2021-03-04,1.20453,1.39997,0.7807,0.72659,1.2584
2021-03-05,1.19147,1.38179,0.76652,0.7148,1.2666
2021-03-08,1.18483,1.38102,0.76529,0.7125,1.2672
2021-03-09,1.1885,1.38831,0.76988,0.71551,1.2652
2021-03-10,1.19005,1.38985,0.77208,0.71782,1.2641
2021-03-11,1.19775,1.39801,0.7773,0.7215,1.2558
2021-03-12,1.19517,1.39256,0.77718,0.7186,1.2471
2021-03-15,1.19175,1.38658,0.77292,0.71818,1.249
2021-03-16,1.18948,1.38927,0.77477,0.71911,1.2451
2021-03-17,1.19048,1.38889,0.77089,0.71608,1.2475
2021-03-18,1.19261,1.39373,0.77948,0.71942,1.2434
2021-03-19,1.1909,1.38715,0.77459,0.71659,1.2511
2021-03-22,1.19318,1.38562,0.77501,0.71788,1.2528
2021-03-23,1.18723,1.3795,0.76823,0.70328,1.2548
2021-03-24,1.18315,1.37231,0.7622,0.69842,1.2551
2021-03-25,1.17772,1.37212,0.757,0.69502,1.2613
2021-03-26,1.1798,1.37931,0.76289,0.69969,1.2577
2021-03-29,1.17786,1.37931,0.76429,0.70151,1.2592
2021-03-30,1.17233,1.37287,0.76069,0.69881,1.2626
2021-03-31,1.17426,1.3795,0.76132,0.69891,1.2571
2021-04-01,1.17716,1.38255,0.7604,0.70131,1.2569
2021-04-02,1.17633,1.38255,0.76069,0.7023,1.2566
2021-04-05,1.18106,1.39063,0.7657,0.70681,1.2512
2021-04-06,1.18526,1.38485,0.76599,0.70462,1.254
2021-04-07,1.18906,1.37571,0.76272,0.7024,1.2614
2021-04-08,1.19033,1.37382,0.764,0.70462,1.2576
2021-04-09,1.18977,1.37344,0.76313,0.70472,1.254
2021-04-12,1.19076,1.37419,0.76202,0.70289,1.2556
2021-04-13,1.19389,1.37419,0.76289,0.70388,1.2541
2021-04-14,1.19746,1.37893,0.7731,0.7148,1.2515
2021-04-15,1.19646,1.37817,0.77459,0.71659,1.2539
2021-04-16,1.19804,1.38255,0.7734,0.71372,1.2498
2021-04-19,1.20279,1.39762,0.77592,0.71751,1.2534
2021-04-20,1.20453,1.39548,0.77417,0.7186,1.2574
2021-04-21,1.20337,1.39353,0.77549,0.7214,1.2484
2021-04-22,1.2012,1.38504,0.7725,0.71669,1.249
2021-04-23,1.20685,1.38447,0.77387,0.71788,1.2495
2021-04-26,1.20831,1.38908,0.78021,0.72322,1.2399
2021-04-27,1.20788,1.39082,0.77748,0.72129,1.2396
2021-04-28,1.20977,1.39179,0.77682,0.72422,1.2354
2021-04-29,1.21095,1.39567,0.77592,0.72312,1.2295
2021-04-30,1.20294,1.38389,0.7716,0.7169,1.2291
2021-05-03,1.20584,1.39121,0.7758,0.71968,1.2275
2021-05-04,1.20135,1.38735,0.76882,0.71281,1.232
2021-05-05,1.20034,1.39121,0.77501,0.72108,1.2262
2021-05-06,1.20496,1.38793,0.77682,0.72213,1.2192
2021-05-07,1.21655,1.39997,0.7861,0.72961,1.2137
2021-05-10,1.21699,1.41523,0.78759,0.73051,1.2085
2021-05-11,1.21684,1.41483,0.78431,0.72748,1.2092
2021-05-12,1.20744,1.40805,0.7734,0.71659,1.2104
2021-05-13,1.207,1.40331,0.77232,0.71798,1.2147
2021-05-14,1.21403,1.40964,0.7776,0.72438,1.2114
2021-05-17,1.21551,1.41263,0.77652,0.72119,1.2073
2021-05-18,1.22026,1.41844,0.77821,0.7239,1.2061
2021-05-19,1.2216,1.41683,0.77531,0.7187,1.2089
2021-05-20,1.22249,1.41824,0.77803,0.72119,1.2049
2021-05-21,1.21773,1.41583,0.7731,0.71649,1.2072
2021-05-24,1.221,1.41463,0.77411,0.72051,1.2082
2021-05-25,1.22324,1.41223,0.77411,0.7216,1.2069
2021-05-26,1.22041,1.41283,0.77429,0.72918,1.2111
2021-05-27,1.21936,1.41723,0.77357,0.72908,1.2075
2021-05-28,1.21936,1.41884,0.77059,0.72522,1.2087
2021-06-01,1.22414,1.41683,0.77652,0.72569,1.2031
2021-06-02,1.2213,1.41764,0.77519,0.72448,1.2047
2021-06-03,1.21227,1.40984,0.76523,0.71439,1.2116
2021-06-04,1.21729,1.41743,0.77417,0.72041,1.2088
2021-06-07,1.21996,1.41784,0.77652,0.72422,1.2062
2021-06-08,1.21803,1.41463,0.77411,0.71958,1.2101
2021-06-09,1.21847,1.41243,0.7731,0.71751,1.2102
2021-06-10,1.21729,1.41643,0.77519,0.71989,1.2095
2021-06-11,1.21007,1.41143,0.76959,0.7125,1.2162
2021-06-14,1.21256,1.41163,0.77178,0.71459,1.2131
2021-06-15,1.21197,1.40726,0.76758,0.71098,1.2202
2021-06-16,1.21183,1.41103,0.77119,0.71449,1.2165
2021-06-17,1.19104,1.39159,0.75552,0.70038,1.2353
2021-06-18,1.18723,1.38179,0.74991,0.69391,1.2437
2021-06-21,1.1909,1.39159,0.75279,0.69881,1.237
2021-06-22,1.19104,1.39218,0.75279,0.70018,1.2364
2021-06-23,1.19503,1.39762,0.7589,0.70592,1.2286
2021-06-24,1.19275,1.39063,0.75729,0.70502,1.2337
2021-06-25,1.19403,1.38985,0.75947,0.70751,1.2293
2021-06-28,1.19374,1.38947,0.7574,0.70542,1.2325
2021-06-29,1.19048,1.38447,0.75171,0.6995,1.2378
2021-06-30,1.18483,1.38064,0.74963,0.69779,1.2404
2021-07-01,1.18568,1.37798,0.74722,0.69798,1.2405
2021-07-02,1.18483,1.3795,0.74991,0.70072,1.2346
2021-07-06,1.18161,1.37912,0.74963,0.70092,1.2466
2021-07-07,1.18036,1.37912,0.7485,0.70131,1.2506
2021-07-08,1.18399,1.37665,0.74372,0.69522,1.2533
2021-07-09,1.1861,1.38427,0.748,0.69842,1.2476
2021-07-12,1.18582,1.3887,0.74901,0.69862,1.2455
2021-07-13,1.18133,1.38466,0.7471,0.6972,1.2511
2021-07-14,1.18259,1.38543,0.74688,0.70259,1.2521
2021-07-15,1.18064,1.38485,0.7436,0.6994,1.2575
2021-07-16,1.18106,1.37855,0.74091,0.70111,1.2586
2021-07-19,1.18036,1.36893,0.73432,0.6944,1.2752
2021-07-20,1.17758,1.36147,0.73249,0.69142,1.2724
2021-07-21,1.17994,1.36949,0.73573,0.69701,1.2538
2021-07-22,1.17716,1.37495,0.73649,0.6957,1.2578
2021-07-23,1.17606,1.37495,0.73638,0.6975,1.258
2021-07-26,1.18106,1.38293,0.73861,0.70038,1.254
2021-07-27,1.18315,1.38831,0.73681,0.69638,1.2579
2021-07-28,1.18092,1.38831,0.73492,0.69329,1.2563
2021-07-29,1.18864,1.39665,0.73997,0.70151,1.2439
2021-07-30,1.18638,1.39121,0.73508,0.69818,1.2466
2021-08-02,1.18737,1.3887,0.73638,0.6973,1.2501
2021-08-03,1.18596,1.39043,0.7385,0.70062,1.255
2021-08-04,1.18413,1.39121,0.73779,0.70472,1.2551
2021-08-05,1.18385,1.39295,0.74091,0.70631,1.2487
2021-08-06,1.17606,1.38735,0.73573,0.70131,1.2563
2021-08-09,1.17495,1.38523,0.734,0.70008,1.2571
2021-08-10,1.1722,1.38408,0.73459,0.70048,1.2531
2021-08-11,1.17371,1.38658,0.73741,0.70472,1.2513
2021-08-12,1.17357,1.38332,0.73448,0.70082,1.2518
2021-08-13,1.17966,1.38562,0.73768,0.70452,1.2512
2021-08-16,1.17758,1.38485,0.73389,0.70249,1.257
2021-08-17,1.17137,1.37382,0.72543,0.69118,1.2622
2021-08-18,1.17014,1.37495,0.72359,0.68899,1.2638
2021-08-19,1.16932,1.36724,0.717,0.68531,1.279
2021-08-20,1.16904,1.36258,0.71332,0.68301,1.2853
2021-08-23,1.17316,1.37174,0.72082,0.68942,1.2666
2021-08-24,1.17454,1.37155,0.72543,0.69459,1.2615
2021-08-25,1.17578,1.37231,0.72659,0.69638,1.2624
2021-08-26,1.17606,1.37118,0.7248,0.6957,1.2654
2021-08-27,1.17938,1.37684,0.73089,0.70121,1.2613
2021-08-30,1.17952,1.37589,0.7295,0.70018,1.2606
2021-08-31,1.17994,1.37476,0.73067,0.70418,1.2629
2021-09-01,1.18497,1.37893,0.73692,0.70681,1.2615
2021-09-02,1.18582,1.38255,0.74008,0.71098,1.2559
2021-09-03,1.18835,1.38619,0.74421,0.71469,1.2524
2021-09-07,1.18483,1.37912,0.73943,0.71068,1.2622
2021-09-08,1.18175,1.37608,0.73681,0.70952,1.2681
2021-09-09,1.18273,1.38543,0.73801,0.71261,1.2648
2021-09-10,1.18203,1.38466,0.73659,0.71261,1.2636
2021-09-13,1.18092,1.38447,0.73697,0.71169,1.2643
2021-09-14,1.18245,1.38485,0.73351,0.71109,1.2663
2021-09-15,1.18106,1.3837,0.73239,0.71048,1.2653
2021-09-16,1.17633,1.37855,0.72881,0.70721,1.2679
2021-09-17,1.17343,1.37552,0.72759,0.70432,1.2738
2021-09-20,1.17288,1.36556,0.7248,0.70249,1.2818
2021-09-21,1.17233,1.36631,0.72401,0.70131,1.2789
2021-09-22,1.17385,1.36687,0.72637,0.70309,1.2733
2021-09-23,1.17343,1.37457,0.72971,0.70741,1.2662
2021-09-24,1.17151,1.36818,0.72579,0.70131,1.2672
2021-09-27,1.17014,1.37118,0.72839,0.70102,1.2643
2021-09-28,1.16809,1.35373,0.72369,0.6956,1.2692
2021-09-29,1.16117,1.34391,0.71901,0.6871,1.275
2021-09-30,1.15768,1.34698,0.7228,0.68989,1.2673
2021-10-01,1.15982,1.35722,0.72711,0.6943,1.2657
2021-10-04,1.16225,1.36017,0.72839,0.69638,1.2571
2021-10-05,1.1609,1.36407,0.7295,0.69691,1.2562
2021-10-06,1.1546,1.35685,0.72579,0.69132,1.2612
2021-10-07,1.15607,1.36333,0.73212,0.69391,1.2546
2021-10-08,1.15714,1.36295,0.73078,0.69319,1.2477
2021-10-12,1.15407,1.36054,0.73659,0.69459,1.2439
2021-10-13,1.15674,1.36444,0.73708,0.6956,1.2448
2021-10-14,1.15915,1.36836,0.74189,0.70279,1.2362
2021-10-15,1.15942,1.37552,0.74162,0.70711,1.2387
2021-10-18,1.1609,1.37268,0.74167,0.70811,1.2362
2021-10-19,1.1632,1.38064,0.74811,0.71628,1.2354
2021-10-20,1.16428,1.38217,0.7512,0.7201,1.2328
2021-10-21,1.16428,1.38122,0.74918,0.71721,1.2339
2021-10-22,1.1632,1.37419,0.74632,0.71398,1.2385
2021-10-25,1.1609,1.37722,0.7494,0.71659,1.2373
2021-10-26,1.15902,1.37722,0.74968,0.71551,1.2388
2021-10-27,1.15996,1.37382,0.75148,0.71762,1.2337
2021-10-28,1.1685,1.38045,0.75472,0.72082,1.2348
2021-10-29,1.15513,1.36855,0.75098,0.71582,1.2397
2021-11-01,1.15915,1.36799,0.75341,0.71948,1.2355
2021-11-02,1.15808,1.36129,0.74289,0.71038,1.242
2021-11-03,1.15835,1.36593,0.743,0.71372,1.2416
2021-11-04,1.1546,1.34935,0.74019,0.71098,1.2462
2021-11-05,1.1554,1.34916,0.7408,0.7123,1.2439
2021-11-08,1.15902,1.3563,0.74289,0.71731,1.2441
2021-11-09,1.15888,1.35501,0.73692,0.7123,1.2457
2021-11-10,1.15168,1.34698,0.736,0.70872,1.2447
2021-11-12,1.1443,1.3412,0.73223,0.70398,1.2558
2021-11-15,1.14207,1.34445,0.73611,0.70592,1.2515
2021-11-16,1.13327,1.34282,0.73089,0.6993,1.2562
2021-11-17,1.13225,1.3488,0.72733,0.70008,1.2594
2021-11-18,1.13585,1.34898,0.72701,0.70309,1.2629
2021-11-19,1.13186,1.34735,0.72569,0.70171,1.2631
2021-11-22,1.126,1.3412,0.72348,0.69662,1.2684
2021-11-23,1.12651,1.33887,0.72218,0.69459,1.2712
2021-11-24,1.11957,1.33316,0.71968,0.68681,1.2657
2021-11-26,1.1302,1.33227,0.7124,0.6825,1.2756
2021-11-29,1.12613,1.32908,0.7119,0.67898,1.2792
2021-11-30,1.12867,1.32521,0.70882,0.67949,1.2812
2021-12-01,1.13225,1.33085,0.71322,0.6839,1.2778
2021-12-02,1.13058,1.33049,0.70972,0.68148,1.2814
2021-12-03,1.13084,1.32345,0.70111,0.67531,1.2833
2021-12-06,1.12816,1.32521,0.70442,0.67481,1.2785
2021-12-07,1.12473,1.32363,0.71129,0.67769,1.2651
2021-12-08,1.13302,1.32363,0.71669,0.68069,1.2653
2021-12-09,1.12854,1.31874,0.71459,0.67829,1.2698
2021-12-10,1.13122,1.32626,0.71772,0.67981,1.2706
2021-12-13,1.12982,1.32328,0.7123,0.67549,1.2795
2021-12-14,1.12676,1.32258,0.71028,0.67458,1.2858
2021-12-15,1.12613,1.32135,0.7125,0.67349,1.2916
2021-12-16,1.13084,1.33245,0.71911,0.68101,1.2772
2021-12-17,1.12765,1.32696,0.7148,0.67549,1.283
2021-12-20,1.12982,1.32223,0.71169,0.67191,1.2941
2021-12-21,1.12714,1.32538,0.71398,0.67558,1.2927
2021-12-22,1.13237,1.33458,0.7215,0.68171,1.2844
2021-12-23,1.13199,1.34102,0.72401,0.68259,1.2809
2021-12-27,1.13289,1.34372,0.7238,0.68111,1.2797
2021-12-28,1.13135,1.34318,0.72327,0.67999,1.2814
2021-12-29,1.13366,1.34753,0.72411,0.68259,1.281
2021-12-30,1.13186,1.35007,0.72601,0.6839,1.2777
2022-01-03,1.12905,1.34698,0.71948,0.6787,1.2757
2022-01-04,1.12956,1.35446,0.72411,0.68078,1.2697
2022-01-05,1.13353,1.35722,0.72601,0.68259,1.27
2022-01-06,1.13071,1.35391,0.71679,0.67481,1.2725
2022-01-07,1.13585,1.35833,0.7186,0.67792,1.2643
2022-01-10,1.13276,1.35667,0.717,0.6754,1.2679
2022-01-11,1.13636,1.36221,0.71979,0.67741,1.2598
2022-01-12,1.14312,1.36986,0.7277,0.6846,1.2501
2022-01-13,1.14639,1.37231,0.72987,0.68799,1.2482
2022-01-14,1.14142,1.36705,0.72218,0.68101,1.2549
2022-01-18,1.13366,1.35888,0.7188,0.677,1.2535
2022-01-19,1.13456,1.36258,0.7226,0.67939,1.2499
2022-01-20,1.13366,1.36426,0.72659,0.6793,1.2462
2022-01-21,1.13456,1.35612,0.71989,0.67272,1.2542
2022-01-24,1.13097,1.34463,0.71008,0.66689,1.2688
2022-01-25,1.12829,1.34953,0.71378,0.66698,1.2637
2022-01-26,1.1279,1.35153,0.71669,0.66881,1.2597
2022-01-27,1.11408,1.33851,0.70442,0.65889,1.2709
2022-01-28,1.11595,1.34174,0.69979,0.65548,1.2753
2022-01-31,1.1212,1.34391,0.70641,0.65789,1.2694
2022-02-01,1.12385,1.35044,0.71098,0.66199,1.2688
2022-02-02,1.12994,1.35648,0.7125,0.66269,1.2689
2022-02-03,1.14247,1.36017,0.71429,0.66631,1.2679
2022-02-04,1.14548,1.35428,0.70671,0.6602,1.2759
2022-02-07,1.14338,1.35336,0.71109,0.66199,1.2685
2022-02-08,1.14155,1.3552,0.71332,0.6641,1.2709
2022-02-09,1.14351,1.35391,0.71829,0.66881,1.2675
2022-02-10,1.14877,1.36351,0.72448,0.6729,1.2647
2022-02-11,1.14038,1.36017,0.71772,0.66818,1.2678
2022-02-14,1.13058,1.35153,0.71271,0.66129,1.2732
2022-02-15,1.13636,1.35391,0.71521,0.66419,1.2742
2022-02-16,1.13804,1.35851,0.71829,0.66698,1.2687
2022-02-17,1.13636,1.3624,0.71948,0.66988,1.2696
2022-02-18,1.13276,1.35851,0.71741,0.66939,1.2748
2022-02-22,1.13417,1.35962,0.7226,0.67499,1.2736
2022-02-23,1.13161,1.35556,0.72448,0.6782,1.2717
2022-02-24,1.11545,1.33601,0.71332,0.66529,1.284
2022-02-25,1.12613,1.34066,0.72181,0.6739,1.274
2022-02-28,1.12246,1.34192,0.72611,0.67741,1.2662
2022-03-01,1.11025,1.33174,0.7248,0.67572,1.2709
2022-03-02,1.11025,1.33654,0.72823,0.67792,1.2657
2022-03-03,1.10534,1.33262,0.73148,0.67852,1.2675
2022-03-04,1.09123,1.32135,0.73621,0.68488,1.276
2022-03-07,1.08601,1.31148,0.73212,0.6825,1.2772
2022-03-08,1.08814,1.3101,0.72622,0.68129,1.2893
2022-03-09,1.10693,1.31596,0.73228,0.68479,1.2812
2022-03-10,1.10072,1.31079,0.73611,0.68658,1.2772
2022-03-11,1.09373,1.30634,0.73078,0.6818,1.2723
2022-03-14,1.09794,1.30446,0.7228,0.67829,1.2774
2022-03-15,1.09745,1.30651,0.71958,0.67668,1.2806
2022-03-16,1.09963,1.30959,0.72511,0.68069,1.2742
2022-03-17,1.11099,1.31596,0.73883,0.68932,1.2637
2022-03-18,1.10436,1.31683,0.74019,0.68989,1.2633
2022-03-21,1.10485,1.32013,0.74189,0.69032,1.258
2022-03-22,1.10217,1.32573,0.74383,0.69449,1.2604
2022-03-23,1.10011,1.32118,0.74979,0.6972,1.2555
2022-03-24,1.10059,1.31822,0.75053,0.69599,1.2532
2022-03-25,1.09854,1.31926,0.75008,0.69502,1.2512
2022-03-28,1.09769,1.30907,0.74828,0.68961,1.255
2022-03-29,1.11037,1.31251,0.75019,0.69238,1.2513
2022-03-30,1.11632,1.31492,0.75081,0.69769,1.2495
2022-03-31,1.10926,1.31527,0.74991,0.69459,1.2482
2022-04-01,1.10424,1.31148,0.74929,0.69118,1.2507
2022-04-04,1.09914,1.31165,0.75489,0.69638,1.2491
2022-04-05,1.09206,1.3101,0.75982,0.69682,1.2452
2022-04-06,1.09135,1.30822,0.7542,0.69329,1.2502
2022-04-07,1.09004,1.30599,0.74722,0.6888,1.2592
2022-04-08,1.08743,1.30327,0.7461,0.68521,1.2577
2022-04-11,1.08755,1.30327,0.742,0.68259,1.2622
2022-04-12,1.08519,1.3031,0.748,0.68809,1.2609
2022-04-13,1.08743,1.30719,0.743,0.67852,1.2595
2022-04-14,1.07956,1.30514,0.74041,0.67741,1.2628
2022-04-15,1.0812,1.30668,0.74008,0.6776,1.2613
2022-04-18,1.07852,1.30191,0.73529,0.6724,1.262
2022-04-19,1.07887,1.3009,0.73697,0.67259,1.2618
2022-04-20,1.08566,1.30548,0.74521,0.68101,1.249
2022-04-21,1.08389,1.30412,0.73763,0.67381,1.2526
2022-04-22,1.07898,1.28485,0.72569,0.6637,1.2716
2022-04-25,1.07032,1.26984,0.71469,0.65972,1.2775
2022-04-26,1.0661,1.26167,0.71449,0.65828,1.2796
2022-04-27,1.05485,1.25471,0.7124,0.65381,1.283
2022-04-28,1.04998,1.24425,0.70771,0.6475,1.2831
2022-04-29,1.05374,1.25644,0.71008,0.64758,1.2802
2022-05-02,1.05208,1.25235,0.70582,0.64329,1.2884
2022-05-03,1.05319,1.25094,0.70992,0.644,1.2837
2022-05-04,1.05385,1.24875,0.71449,0.6447,1.2817
2022-05-05,1.05075,1.23335,0.70892,0.64049,1.2849
2022-05-06,1.05719,1.23442,0.70912,0.64271,1.289
2022-05-09,1.05585,1.2335,0.69891,0.63472,1.2962
2022-05-10,1.05307,1.23138,0.69252,0.62861,1.303
2022-05-11,1.05374,1.23168,0.6994,0.63391,1.2943
2022-05-12,1.03756,1.21981,0.68521,0.62371,1.3055
2022-05-13,1.04102,1.22414,0.6918,0.6261,1.2929
2022-05-16,1.04199,1.22699,0.6943,0.62842,1.2883
2022-05-17,1.05319,1.24673,0.70131,0.6352,1.2839
2022-05-18,1.04943,1.23962,0.69979,0.63331,1.2838
2022-05-19,1.05865,1.25047,0.70572,0.64,1.2821
2022-05-20,1.05585,1.24922,0.70319,0.63881,1.2837
2022-05-23,1.06678,1.25707,0.70992,0.6462,1.2784
2022-05-24,1.07434,1.25439,0.70811,0.64429,1.284
2022-05-25,1.06576,1.25392,0.70661,0.64591,1.2837
2022-05-26,1.0725,1.25818,0.70781,0.6462,1.2788
2022-05-27,1.07089,1.26135,0.71551,0.65351,1.274
2022-05-31,1.07308,1.26247,0.7188,0.65202,1.2639
2022-06-01,1.06462,1.24719,0.71638,0.64708,1.267
2022-06-02,1.07331,1.25565,0.72511,0.65501,1.2587
2022-06-03,1.07216,1.24953,0.72088,0.65049,1.2581
2022-06-06,1.06986,1.25439,0.72072,0.6499,1.257
2022-06-07,1.06975,1.25945,0.72119,0.6475,1.255
2022-06-08,1.074,1.25565,0.72181,0.647,1.2524
2022-06-09,1.06564,1.25109,0.712,0.64049,1.2651
2022-06-10,1.05208,1.23305,0.70542,0.63629,1.2782
2022-06-13,1.04362,1.21699,0.69459,0.62759,1.2851
2022-06-14,1.04156,1.20106,0.68852,0.62208,1.2933
2022-06-15,1.03885,1.20569,0.69459,0.6241,1.297
2022-06-16,1.05307,1.23411,0.69979,0.63379,1.2925
2022-06-17,1.04734,1.22011,0.69228,0.62909,1.3054
2022-06-21,1.05485,1.22775,0.6975,0.63452,1.2927
2022-06-22,1.05831,1.22805,0.69339,0.62929,1.2932
2022-06-23,1.05031,1.22399,0.68932,0.6281,1.2979
2022-06-24,1.05385,1.2273,0.69459,0.63191,1.2919
2022-06-27,1.06011,1.23047,0.6942,0.63179,1.287
2022-06-28,1.05341,1.21996,0.69161,0.62539,1.2882
2022-06-29,1.04767,1.21507,0.68871,0.62239,1.2861
2022-06-30,1.0469,1.21625,0.69051,0.62449,1.2871
2022-07-01,1.04091,1.20482,0.67889,0.6187,1.2915
2022-07-05,1.02543,1.19318,0.67741,0.61421,1.3064
2022-07-06,1.01729,1.19076,0.67741,0.61399,1.3052
2022-07-07,1.01595,1.19933,0.68269,0.61702,1.2988
2022-07-08,1.01781,1.20366,0.68578,0.61962,1.2947
2022-07-11,1.00878,1.19076,0.67499,0.61361,1.2979
2022-07-12,1.00695,1.19048,0.67719,0.61399,1.3003
2022-07-13,1.00806,1.1919,0.67861,0.61561,1.2956
2022-07-14,1.00281,1.18273,0.6744,0.61241,1.31
2022-07-15,1.00888,1.18568,0.6793,0.6158,1.3041
2022-07-18,1.01595,1.1989,0.68381,0.61721,1.2919
2022-07-19,1.02375,1.20221,0.69042,0.62278,1.2887
2022-07-20,1.02166,1.1989,0.6897,0.62379,1.2875
2022-07-21,1.01968,1.19674,0.68961,0.62158,1.2885
2022-07-22,1.02249,1.20192,0.69478,0.62731,1.2861
2022-07-25,1.02114,1.20424,0.69541,0.6259,1.2845
2022-07-26,1.01163,1.20366,0.69391,0.62352,1.2891
2022-07-27,1.01082,1.20265,0.69209,0.61989,1.2881
2022-07-28,1.01626,1.21256,0.69711,0.62771,1.2835
2022-07-29,1.0202,1.21832,0.69852,0.6279,1.2801
2022-08-01,1.02701,1.22775,0.70348,0.6346,1.283
2022-08-02,1.01937,1.22175,0.69522,0.6281,1.2855
2022-08-03,1.01461,1.21315,0.693,0.625,1.2869
2022-08-04,1.02208,1.21403,0.69662,0.62968,1.2852
2022-08-05,1.01698,1.20613,0.69008,0.62391,1.2942
2022-08-08,1.02072,1.20977,0.69911,0.62889,1.2854
2022-08-09,1.0226,1.2089,0.6973,0.62869,1.288
2022-08-10,1.0337,1.22444,0.70992,0.64271,1.2773
2022-08-11,1.03381,1.22294,0.7119,0.64441,1.2744
2022-08-12,1.02575,1.21315,0.71058,0.64371,1.2783
2022-08-15,1.01864,1.20904,0.70462,0.6382,1.2891
2022-08-16,1.0174,1.20904,0.70111,0.63371,1.2874
2022-08-17,1.01636,1.20294,0.69142,0.62621,1.2932
2022-08-18,1.01143,1.19703,0.693,0.6268,1.2945
2022-08-19,1.00392,1.18106,0.687,0.6177,1.2994
2022-08-22,0.99364,1.17523,0.6871,0.61641,1.3038
2022-08-23,0.99761,1.18441,0.6943,0.6227,1.2945
2022-08-24,0.99671,1.18022,0.69132,0.619,1.2969
2022-08-25,0.99592,1.18036,0.69609,0.6215,1.2944
2022-08-26,0.9998,1.17786,0.69209,0.6161,1.3006
2022-08-29,1.0,1.17178,0.69089,0.6161,1.3001
2022-08-30,1.0018,1.16509,0.68752,0.61391,1.309
2022-08-31,1.00654,1.16469,0.68658,0.61361,1.3091
2022-09-01,0.99502,1.15407,0.67801,0.60691,1.316
2022-09-02,1.00301,1.15821,0.68451,0.6135,1.3089
2022-09-06,0.99138,1.15487,0.67499,0.60522,1.3122
2022-09-07,0.99423,1.14732,0.67308,0.6035,1.3166
2022-09-08,0.99562,1.1489,0.67399,0.6047,1.3118
2022-09-09,1.00462,1.15996,0.6846,0.6114,1.3036
2022-09-12,1.01286,1.17014,0.68871,0.61508,1.2976
2022-09-13,0.9997,1.1526,0.67632,0.60129,1.3123
2022-09-14,0.9993,1.15634,0.67522,0.60129,1.3156
2022-09-15,0.9991,1.14718,0.67078,0.59751,1.3204
2022-09-16,1.0013,1.14194,0.67029,0.5978,1.3273
2022-09-19,1.0003,1.14025,0.66939,0.59361,1.3287
2022-09-20,0.9994,1.14051,0.67042,0.59091,1.3339
2022-09-21,0.98804,1.13302,0.66609,0.58841,1.3397
2022-09-22,0.98406,1.12689,0.66361,0.58439,1.3499
2022-09-23,0.97191,1.09206,0.65428,0.5763,1.3581
2022-09-26,0.96228,1.07032,0.64658,0.5666,1.3745
2022-09-27,0.96163,1.07527,0.6445,0.56491,1.3738
2022-09-28,0.96805,1.08319,0.65121,0.57029,1.3648
2022-09-29,0.97742,1.10485,0.64901,0.57071,1.37
2022-09-30,0.97828,1.11346,0.64371,0.56421,1.3752
2022-10-03,0.98087,1.12714,0.65011,0.57091,1.3651
2022-10-04,0.99771,1.14456,0.64931,0.57399,1.3551
2022-10-05,0.98658,1.12752,0.64658,0.57039,1.3662
2022-10-06,0.98058,1.11334,0.64111,0.5659,1.3732
2022-10-07,0.97847,1.11161,0.6393,0.56281,1.3692
2022-10-11,0.9757,1.11682,0.63291,0.56421,1.3737
2022-10-12,0.96918,1.10963,0.62731,0.5607,1.3797
2022-10-13,0.978,1.13443,0.6285,0.56211,1.3744
2022-10-14,0.9739,1.12082,0.62189,0.55679,1.3873
2022-10-17,0.98425,1.14273,0.63091,0.56459,1.3723
2022-10-18,0.98416,1.13071,0.6281,0.56632,1.379
2022-10-19,0.978,1.12322,0.62712,0.5668,1.3783
2022-10-20,0.98232,1.1288,0.63359,0.57221,1.3715
2022-10-21,0.98551,1.12918,0.63678,0.57541,1.3673
2022-10-24,0.98736,1.12956,0.63099,0.56909,1.3704
2022-10-25,0.99592,1.14692,0.63951,0.5762,1.3616
2022-10-26,1.00685,1.16144,0.6499,0.5834,1.3551
2022-10-27,0.9985,1.15741,0.64771,0.58449,1.3532
2022-10-28,0.99344,1.15727,0.63959,0.57921,1.3622
2022-10-31,0.98853,1.15154,0.63939,0.58099,1.3639
2022-11-01,0.98707,1.146,0.63918,0.58421,1.3639
2022-11-02,0.98746,1.14666,0.64119,0.5863,1.3628
2022-11-03,0.9759,1.11832,0.62941,0.5779,1.3729
2022-11-04,0.98951,1.1279,0.6435,0.589,1.3528
2022-11-07,0.9997,1.14626,0.64629,0.592,1.3497
2022-11-08,1.00888,1.15955,0.65449,0.59959,1.3389
2022-11-09,1.00371,1.1396,0.64479,0.5899,1.3453
2022-11-10,1.0176,1.16768,0.65898,0.601,1.3362
2022-11-14,1.0337,1.17275,0.66948,0.60968,1.3295
2022-11-15,1.03724,1.18906,0.67792,0.6174,1.328
2022-11-16,1.0395,1.18892,0.67331,0.61451,1.3343
2022-11-17,1.03413,1.1812,0.66658,0.61002,1.3343
2022-11-18,1.03488,1.19019,0.66809,0.61599,1.3379
2022-11-21,1.02375,1.17855,0.65898,0.60931,1.3483
2022-11-22,1.02764,1.18793,0.66348,0.61399,1.3401
2022-11-23,1.03638,1.20395,0.67069,0.62208,1.3416
2022-11-25,1.04015,1.21021,0.67499,0.62441,1.337
2022-11-28,1.03864,1.20409,0.66939,0.62039,1.3433
2022-11-29,1.03563,1.19962,0.66912,0.62,1.3636
2022-11-30,1.03231,1.19617,0.67168,0.6234,1.3538
2022-12-01,1.04976,1.22519,0.68041,0.63719,1.3427
2022-12-02,1.05208,1.22926,0.68009,0.6398,1.3448
2022-12-05,1.04943,1.21684,0.67132,0.63072,1.3571
2022-12-06,1.04965,1.22026,0.66979,0.63271,1.3652
2022-12-07,1.05053,1.21936,0.67218,0.63662,1.364
2022-12-08,1.05519,1.22354,0.67691,0.63759,1.3574
2022-12-09,1.05496,1.23107,0.68092,0.64238,1.3604
2022-12-12,1.05452,1.2285,0.67408,0.63771,1.3654
2022-12-13,1.06304,1.23747,0.68691,0.64792,1.353
2022-12-14,1.06553,1.24085,0.68611,0.64499,1.3567
2022-12-15,1.06383,1.22055,0.67002,0.6342,1.3649
2022-12-16,1.06101,1.21684,0.66912,0.63698,1.369
2022-12-19,1.06236,1.21803,0.6711,0.63719,1.3638
2022-12-20,1.06349,1.21462,0.66649,0.63319,1.3618
2022-12-21,1.05988,1.20715,0.66961,0.62861,1.3622
2022-12-22,1.05876,1.20322,0.66711,0.62531,1.3653
2022-12-23,1.06213,1.2054,0.67101,0.62929,1.3587
2022-12-27,1.06542,1.20322,0.67422,0.62842,1.3504
2022-12-28,1.06225,1.20337,0.67522,0.6308,1.3588
2022-12-29,1.06678,1.20598,0.67792,0.63508,1.3546
2022-12-30,1.06975,1.20773,0.6805,0.6342,1.3532
2023-01-03,1.05585,1.19703,0.67299,0.62469,1.3664
2023-01-04,1.06202,1.20627,0.68601,0.63139,1.3492
2023-01-05,1.05219,1.19019,0.6744,0.62239,1.3579
2023-01-06,1.06191,1.20642,0.68639,0.63339,1.3452
2023-01-09,1.07585,1.22055,0.69478,0.64008,1.3372
2023-01-10,1.07365,1.21551,0.68828,0.63621,1.3433
2023-01-11,1.074,1.21256,0.68989,0.63472,1.3422
2023-01-12,1.08225,1.21818,0.69459,0.63771,1.338
2023-01-13,1.08108,1.21936,0.69502,0.63609,1.3413
2023-01-17,1.07933,1.22639,0.69862,0.64251,1.338
2023-01-18,1.08272,1.23686,0.69881,0.64599,1.3436
2023-01-19,1.08096,1.23655,0.68871,0.63751,1.3494
2023-01-20,1.08307,1.23747,0.69531,0.6457,1.3416
2023-01-23,1.08648,1.23701,0.7024,0.64771,1.3384
2023-01-24,1.08731,1.23229,0.70418,0.65011,1.3369
2023-01-25,1.09016,1.23747,0.70832,0.64629,1.3413
2023-01-26,1.0866,1.23701,0.70942,0.64708,1.3348
2023-01-27,1.08566,1.23793,0.71018,0.6483,1.3314
2023-01-30,1.08672,1.23732,0.70761,0.64859,1.335
2023-01-31,1.08578,1.23244,0.70502,0.64658,1.3333
2023-02-01,1.0917,1.23077,0.70671,0.6435,1.3335
2023-02-02,1.09182,1.22594,0.70842,0.64931,1.3317
2023-02-03,1.08249,1.20729,0.69459,0.6344,1.3395
2023-02-06,1.07216,1.20091,0.68691,0.62842,1.3442
2023-02-07,1.07055,1.20135,0.69252,0.63052,1.344
2023-02-08,1.07342,1.20934,0.69411,0.63119,1.343
2023-02-09,1.07608,1.21566,0.69638,0.6352,1.3428
2023-02-10,1.06701,1.20613,0.6919,0.6308,1.3363
2023-02-13,1.07181,1.21359,0.69638,0.63589,1.3348
2023-02-14,1.07216,1.21566,0.69618,0.63239,1.3367
2023-02-15,1.06826,1.20308,0.68932,0.62759,1.3401
2023-02-16,1.06838,1.20178,0.6889,0.62668,1.3451
2023-02-17,1.06781,1.2012,0.68648,0.62352,1.3487
2023-02-21,1.06564,1.21109,0.68648,0.62139,1.3515
2023-02-22,1.06225,1.20642,0.6819,0.6234,1.354
2023-02-23,1.05831,1.20163,0.6787,0.62081,1.3567
2023-02-24,1.05452,1.19474,0.67349,0.6166,1.3618
2023-02-27,1.05955,1.20366,0.67299,0.61641,1.3574
2023-02-28,1.06022,1.20934,0.6744,0.61939,1.3616
2023-03-01,1.06735,1.20337,0.67682,0.62621,1.3597
2023-03-02,1.05955,1.19417,0.672,0.621,1.3616
2023-03-03,1.06157,1.19962,0.6759,0.621,1.3609
2023-03-06,1.0694,1.20482,0.67381,0.61931,1.3606
2023-03-07,1.05731,1.18568,0.65998,0.61271,1.3736
2023-03-08,1.05485,1.18371,0.6602,0.6111,1.3784
2023-03-09,1.05775,1.19218,0.66111,0.61301,1.3777
2023-03-10,1.06587,1.20424,0.66098,0.6147,1.3804
2023-03-13,1.07331,1.21595,0.66858,0.62399,1.3687
2023-03-14,1.07216,1.21462,0.66618,0.62239,1.3676
2023-03-15,1.05352,1.20322,0.66111,0.6182,1.3799
2023-03-16,1.06225,1.21109,0.6652,0.61721,1.3761
2023-03-17,1.06474,1.21403,0.66832,0.62488,1.3753
2023-03-20,1.07216,1.22564,0.6711,0.62461,1.3686
2023-03-21,1.07689,1.21951,0.6652,0.61709,1.3732
2023-03-22,1.07921,1.22324,0.66858,0.62208,1.3722
2023-03-23,1.08897,1.23213,0.67191,0.62842,1.3658
2023-03-24,1.07619,1.22249,0.66432,0.62069,1.3763
2023-03-27,1.07887,1.22775,0.66419,0.61889,1.3686
2023-03-28,1.08436,1.23411,0.67092,0.625,1.3615
2023-03-29,1.0826,1.23138,0.668,0.6222,1.3575
2023-03-30,1.08992,1.23686,0.67011,0.6252,1.3536
2023-03-31,1.08719,1.23686,0.67042,0.62712,1.3525
2023-04-03,1.08909,1.24023,0.67838,0.62889,1.3435
2023-04-04,1.09505,1.24984,0.67422,0.6304,1.3454
2023-04-05,1.09182,1.24688,0.67281,0.63299,1.3453
2023-04-06,1.09266,1.24564,0.66738,0.6252,1.3472
2023-04-07,1.09135,1.24224,0.6668,0.62461,1.3513
2023-04-10,1.08401,1.23579,0.66251,0.62019,1.3534
2023-04-11,1.09063,1.24085,0.66489,0.61939,1.348
2023-04-12,1.09866,1.24704,0.66881,0.62131,1.345
2023-04-13,1.10546,1.25313,0.67792,0.63072,1.3344
2023-04-14,1.09806,1.24177,0.6702,0.62081,1.3379
2023-04-17,1.09146,1.23594,0.66921,0.6174,1.3403
2023-04-18,1.09577,1.24193,0.67191,0.62039,1.3391
2023-04-19,1.09529,1.24425,0.67168,0.62062,1.3454
2023-04-20,1.09697,1.24486,0.6754,0.61912,1.3459
2023-04-21,1.09733,1.24193,0.66912,0.6138,1.3534
2023-04-24,1.10266,1.24564,0.66809,0.61421,1.3543
2023-04-25,1.09685,1.23977,0.66278,0.6144,1.3627
2023-04-26,1.10522,1.2486,0.66159,0.6135,1.3601
2023-04-27,1.10169,1.24704,0.66142,0.61331,1.3611
2023-04-28,1.104,1.25818,0.66168,0.6187,1.3552
2023-05-01,1.09697,1.24953,0.66361,0.61709,1.3541
2023-05-02,1.09975,1.2475,0.66698,0.62081,1.3627
2023-05-03,1.10485,1.25471,0.66751,0.62379,1.361
2023-05-04,1.10096,1.25802,0.6676,0.62822,1.357
2023-05-05,1.10266,1.26502,0.67472,0.62988,1.3419
2023-05-08,1.10205,1.26326,0.67921,0.635,1.3356
2023-05-09,1.09529,1.26183,0.67522,0.63211,1.3399
2023-05-10,1.09661,1.26135,0.67641,0.6354,1.3374
2023-05-11,1.09158,1.25016,0.66939,0.6296,1.3487
2023-05-12,1.08566,1.24642,0.66489,0.61931,1.354
2023-05-15,1.08743,1.25266,0.66979,0.62259,1.3482
2023-05-16,1.0866,1.24938,0.66631,0.62371,1.3456
2023-05-17,1.08295,1.2475,0.66511,0.625,1.3483
2023-05-18,1.07759,1.24239,0.66181,0.62189,1.3502
2023-05-19,1.0819,1.24642,0.66609,0.62881,1.3508
2023-05-22,1.08061,1.24254,0.66441,0.62751,1.3508
2023-05-23,1.07712,1.24224,0.66221,0.62602,1.3485
2023-05-24,1.07585,1.23686,0.65411,0.6108,1.3589
2023-05-25,1.0725,1.23244,0.65062,0.60511,1.3636
2023-05-26,1.07135,1.23426,0.65108,0.60459,1.3625
2023-05-30,1.07216,1.24023,0.6513,0.60449,1.3593
2023-05-31,1.06542,1.23962,0.64729,0.59948,1.3588
2023-06-01,1.07515,1.2536,0.65768,0.60761,1.3441
2023-06-02,1.07239,1.24673,0.66159,0.6072,1.3438
2023-06-05,1.07216,1.24394,0.6626,0.60838,1.3419
2023-06-06,1.06952,1.24177,0.66738,0.60801,1.3403
2023-06-07,1.07021,1.24517,0.66609,0.60489,1.3363
2023-06-08,1.07805,1.25471,0.67069,0.60938,1.338
2023-06-09,1.07492,1.25786,0.67399,0.61271,1.3342
2023-06-12,1.07469,1.24891,0.67472,0.6117,1.3377
2023-06-13,1.07921,1.26103,0.6776,0.61482,1.3298
2023-06-14,1.08589,1.26968,0.6832,0.62352,1.3283
2023-06-15,1.09325,1.27616,0.6871,0.62278,1.3237
2023-06-16,1.09254,1.28156,0.68648,0.6222,1.3194
2023-06-20,1.09004,1.27324,0.677,0.61508,1.3246
2023-06-21,1.09505,1.27372,0.6781,0.61889,1.3179
2023-06-22,1.09529,1.27502,0.67531,0.61881,1.3164
2023-06-23,1.08873,1.27016,0.66872,0.61489,1.3196
2023-06-26,1.09099,1.27243,0.66832,0.61702,1.3145
2023-06-27,1.09613,1.27518,0.66832,0.61679,1.3175
2023-06-28,1.09039,1.26374,0.66199,0.6089,1.3249
2023-06-29,1.08814,1.26167,0.66331,0.6075,1.3246
2023-06-30,1.09194,1.27097,0.66631,0.61331,1.3232
2023-07-03,1.09194,1.26952,0.66778,0.6155,1.3243
2023-07-05,1.08684,1.27097,0.66631,0.61851,1.3271
2023-07-06,1.08731,1.2721,0.6619,0.6152,1.3353
2023-07-07,1.09637,1.28386,0.66858,0.621,1.3284
2023-07-10,1.09914,1.2837,0.66689,0.62081,1.3281
2023-07-11,1.09914,1.29016,0.6664,0.61809,1.3249
2023-07-12,1.11235,1.29938,0.6782,0.62941,1.3179
2023-07-13,1.11944,1.30976,0.68729,0.63731,1.3126
2023-07-14,1.12372,1.3113,0.68432,0.63759,1.3204
2023-07-17,1.1236,1.30787,0.68208,0.63351,1.3173
2023-07-18,1.12233,1.30548,0.68171,0.62921,1.3175
2023-07-19,1.11944,1.28982,0.67632,0.62441,1.3158
2023-07-20,1.11346,1.28485,0.67778,0.62239,1.3182
2023-07-21,1.11198,1.28535,0.67372,0.61782,1.3217
2023-07-24,1.10828,1.28287,0.67499,0.62112,1.3154
2023-07-25,1.10497,1.28766,0.67912,0.62239,1.3179
2023-07-26,1.10779,1.29299,0.67558,0.621,1.3218
2023-07-27,1.09975,1.287,0.67399,0.62089,1.3194
2023-07-28,1.10387,1.287,0.66698,0.61671,1.3225
2023-07-31,1.10205,1.28568,0.67299,0.62201,1.316
2023-08-01,1.09709,1.27502,0.66111,0.61421,1.3289
2023-08-02,1.09385,1.27113,0.65419,0.60838,1.3334
2023-08-03,1.09469,1.27097,0.65539,0.60872,1.334
2023-08-04,1.10363,1.27747,0.6605,0.61271,1.3337
2023-08-07,1.09999,1.27698,0.65638,0.60968,1.3372
2023-08-08,1.09505,1.27291,0.65138,0.6047,1.3454
2023-08-09,1.09745,1.27146,0.65249,0.60481,1.3442
2023-08-10,1.10156,1.27259,0.65569,0.60621,1.3401
2023-08-11,1.09565,1.26936,0.64931,0.5983,1.3437
2023-08-14,1.09218,1.26904,0.6496,0.59852,1.3451
2023-08-15,1.09278,1.27453,0.64838,0.59769,1.3472
2023-08-16,1.09039,1.27486,0.644,0.59499,1.3516
2023-08-17,1.08743,1.27535,0.64168,0.5934,1.3522
2023-08-18,1.08755,1.27372,0.64131,0.59421,1.3557
2023-08-21,1.08885,1.27372,0.6393,0.59049,1.3563
2023-08-22,1.0846,1.27324,0.64251,0.59481,1.3547
2023-08-23,1.08625,1.27146,0.64691,0.59741,1.3542
2023-08-24,1.0826,1.26342,0.64259,0.59249,1.3562
2023-08-25,1.07875,1.25707,0.64008,0.59001,1.3626
2023-08-28,1.08096,1.25913,0.64259,0.59119,1.3596
2023-08-29,1.08507,1.26135,0.64591,0.59488,1.3589
2023-08-30,1.09266,1.27259,0.64952,0.59841,1.3515
2023-08-31,1.08389,1.26662,0.64679,0.59481,1.3539
2023-09-01,1.07875,1.25945,0.64491,0.594,1.3582
2023-09-05,1.07273,1.25834,0.6382,0.5883,1.3607
2023-09-06,1.07135,1.24984,0.6382,0.58751,1.3655
2023-09-07,1.07043,1.24844,0.638,0.58841,1.3678
2023-09-08,1.07089,1.24766,0.63861,0.5898,1.3621
2023-09-11,1.07434,1.25298,0.6435,0.5921,1.3581
2023-09-12,1.07262,1.24766,0.6423,0.59049,1.3553
2023-09-13,1.07365,1.24875,0.64251,0.59179,1.3533
2023-09-14,1.06598,1.241,0.6445,0.59172,1.3513
2023-09-15,1.06735,1.23916,0.64421,0.59091,1.3504
2023-09-18,1.06952,1.24023,0.64421,0.592,1.3482
2023-09-19,1.06838,1.23931,0.64579,0.59319,1.3431
2023-09-20,1.07147,1.23885,0.6499,0.59769,1.3424
2023-09-21,1.06644,1.22986,0.64222,0.5934,1.3484
2023-09-22,1.06598,1.22564,0.64529,0.59751,1.3467
2023-09-25,1.0591,1.22175,0.64201,0.59659,1.3473
2023-09-26,1.05731,1.21684,0.64049,0.59542,1.3509
2023-09-27,1.05097,1.2133,0.63678,0.5927,1.3512
2023-09-28,1.05775,1.22234,0.64271,0.5973,1.3474
2023-09-29,1.05843,1.22145,0.64512,0.60129,1.3535
2023-10-02,1.04998,1.213,0.63751,0.5957,1.3666
2023-10-03,1.04526,1.20685,0.62929,0.58948,1.372
2023-10-04,1.05175,1.21566,0.63371,0.59221,1.3739
2023-10-05,1.05274,1.21714,0.635,0.59481,1.3736
2023-10-06,1.05955,1.22549,0.63939,0.59959,1.3657
2023-10-10,1.0618,1.2288,0.643,0.60441,1.3579
2023-10-11,1.06202,1.23047,0.6407,0.6023,1.3617
2023-10-12,1.0553,1.22145,0.63339,0.59439,1.3656
2023-10-13,1.0502,1.21389,0.62901,0.58931,1.365
2023-10-16,1.05463,1.21981,0.63391,0.59242,1.3615
2023-10-17,1.05932,1.22055,0.63771,0.5907,1.3622
2023-10-18,1.05319,1.21507,0.63359,0.58589,1.3696
2023-10-19,1.05697,1.21448,0.63251,0.58391,1.3716
2023-10-20,1.05921,1.21536,0.63191,0.58299,1.3692
2023-10-23,1.06462,1.22354,0.63371,0.58432,1.3676
2023-10-24,1.05955,1.21699,0.63488,0.5835,1.3744
2023-10-25,1.05831,1.21403,0.63339,0.58251,1.3772
2023-10-26,1.05319,1.21124,0.63119,0.5816,1.383
2023-10-27,1.05921,1.21507,0.6352,0.58241,1.3866
2023-10-30,1.06202,1.21566,0.63739,0.5837,1.3829
2023-10-31,1.05675,1.21344,0.63319,0.5816,1.3878
2023-11-01,1.05385,1.21271,0.63629,0.58299,1.3879
2023-11-02,1.0618,1.21743,0.64222,0.58851,1.3788
2023-11-03,1.07331,1.23747,0.6507,0.59902,1.3671
2023-11-06,1.07469,1.23916,0.65028,0.59801,1.3662
2023-11-07,1.06872,1.22956,0.64238,0.59319,1.3769
2023-11-08,1.07147,1.23016,0.6421,0.59291,1.3798
2023-11-09,1.07101,1.2279,0.64201,0.59471,1.3766
2023-11-13,1.06998,1.22684,0.63869,0.58921,1.3781
2023-11-14,1.08613,1.24828,0.6491,0.59869,1.3711
2023-11-15,1.0853,1.24316,0.65181,0.6031,1.3665
2023-11-16,1.08507,1.24224,0.64641,0.5978,1.3774
2023-11-17,1.0879,1.24301,0.64939,0.59709,1.374
2023-11-20,1.09445,1.25047,0.65569,0.60292,1.372
2023-11-21,1.0923,1.25408,0.65681,0.60632,1.369
2023-11-22,1.08707,1.24673,0.65351,0.6014,1.3733
2023-11-24,1.09337,1.26008,0.65841,0.60831,1.3608
2023-11-27,1.09373,1.26135,0.65972,0.60901,1.3633
2023-11-28,1.10072,1.27129,0.66658,0.61482,1.3562
2023-11-29,1.09685,1.26904,0.66181,0.61489,1.3596
2023-11-30,1.09075,1.26406,0.66142,0.6166,1.3587
2023-12-01,1.08778,1.26823,0.666,0.61981,1.3495
2023-12-04,1.08237,1.26326,0.66199,0.61702,1.3537
2023-12-05,1.07875,1.25897,0.65509,0.61331,1.3577
2023-12-06,1.07898,1.25897,0.6569,0.61569,1.358
2023-12-07,1.07945,1.25818,0.66011,0.61728,1.3594
2023-12-08,1.07458,1.25392,0.6569,0.61181,1.3595
2023-12-11,1.07469,1.25502,0.6563,0.612,1.3568
2023-12-12,1.07898,1.25486,0.65608,0.61308,1.3611
2023-12-13,1.07933,1.25266,0.65828,0.61241,1.357
2023-12-14,1.09975,1.27665,0.67132,0.6222,1.3404
2023-12-15,1.09063,1.27097,0.6715,0.62208,1.3374
2023-12-18,1.09194,1.26326,0.6697,0.62069,1.3391
2023-12-19,1.09769,1.27502,0.6765,0.62688,1.334
2023-12-20,1.09565,1.26598,0.67641,0.6283,1.3322
2023-12-21,1.09902,1.26678,0.67898,0.62842,1.3294
2023-12-22,1.10084,1.27194,0.68032,0.62968,1.3259
2023-12-26,1.10351,1.27097,0.68162,0.63219,1.3208
2023-12-27,1.11136,1.27975,0.68442,0.63432,1.3201
2023-12-28,1.1073,1.27437,0.68442,0.6346,1.3202
2023-12-29,1.10619,1.27437,0.68278,0.63399,1.3202
2024-01-02,1.09565,1.26326,0.67709,0.62629,1.331
2024-01-03,1.09087,1.26406,0.672,0.62352,1.3358
2024-01-04,1.09565,1.2692,0.67101,0.62329,1.3355
2024-01-05,1.09565,1.27405,0.67218,0.62551,1.3331
2024-01-08,1.09757,1.27665,0.67191,0.625,1.3361
2024-01-09,1.09349,1.27194,0.66921,0.62418,1.3384
2024-01-10,1.09601,1.27307,0.66921,0.62239,1.3379
2024-01-11,1.09433,1.27113,0.66529,0.62112,1.3439
2024-01-12,1.09589,1.27453,0.66921,0.62469,1.3399
2024-01-16,1.08826,1.26566,0.65972,0.6147,1.3472
2024-01-17,1.08578,1.26662,0.65389,0.61039,1.3523
2024-01-18,1.08625,1.26871,0.65638,0.61069,1.3503
2024-01-19,1.08873,1.26775,0.65811,0.61009,1.3467
2024-01-22,1.08944,1.27275,0.65859,0.61031,1.3454
2024-01-23,1.08295,1.26614,0.6566,0.60709,1.3486
2024-01-24,1.09016,1.27535,0.66011,0.61278,1.3479
2024-01-25,1.08366,1.27,0.65811,0.61158,1.3489
2024-01-26,1.0866,1.27194,0.65889,0.61031,1.3456
2024-01-29,1.08073,1.26807,0.65941,0.61099,1.3439
2024-01-30,1.08436,1.26823,0.6595,0.6129,1.3409
2024-01-31,1.08554,1.27324,0.65998,0.6147,1.3384
2024-02-01,1.08648,1.27275,0.6566,0.6135,1.338
2024-02-02,1.07875,1.26263,0.651,0.60661,1.3458
2024-02-05,1.07365,1.25313,0.64779,0.60481,1.3533
2024-02-06,1.07515,1.25897,0.65172,0.60731,1.3499
2024-02-07,1.07689,1.26295,0.65232,0.6111,1.347
2024-02-08,1.07735,1.26199,0.64901,0.6092,1.3463
2024-02-09,1.07817,1.26279,0.65159,0.6141,1.3478
2024-02-12,1.07735,1.2631,0.65381,0.6138,1.3437
2024-02-13,1.07204,1.26056,0.64599,0.60621,1.3563
2024-02-14,1.07354,1.25612,0.64889,0.60901,1.355
2024-02-15,1.07608,1.25802,0.65079,0.61039,1.3493
2024-02-16,1.07689,1.25897,0.65308,0.61188,1.3483
2024-02-20,1.08143,1.26454,0.656,0.6177,1.3517
2024-02-21,1.08178,1.26247,0.65458,0.61751,1.3504
2024-02-22,1.08155,1.26486,0.65471,0.61881,1.3496
2024-02-23,1.08284,1.26775,0.6566,0.61981,1.3502
2024-02-26,1.08554,1.26807,0.65389,0.61759,1.3513
2024-02-27,1.08566,1.26936,0.65471,0.61728,1.3522
2024-02-28,1.08425,1.26695,0.6496,0.60931,1.357
2024-02-29,1.08073,1.26326,0.65028,0.6092,1.3568
2024-03-01,1.08319,1.26518,0.65291,0.61061,1.3553
2024-03-04,1.08625,1.27016,0.6521,0.61002,1.3563
2024-03-05,1.08613,1.27113,0.6507,0.60909,1.3579
2024-03-06,1.09135,1.27567,0.65768,0.61421,1.3509
2024-03-07,1.09409,1.27959,0.66181,0.61728,1.3466
2024-03-08,1.09409,1.28518,0.66269,0.61801,1.3468
2024-03-11,1.09278,1.28074,0.66081,0.61709,1.3485
2024-03-12,1.09182,1.27861,0.66011,0.61508,1.3495
2024-03-13,1.09445,1.27992,0.6623,0.61592,1.347
2024-03-14,1.08885,1.27486,0.6585,0.61331,1.3516
2024-03-15,1.08885,1.27421,0.6569,0.60909,1.353
2024-03-18,1.08861,1.27356,0.65621,0.60849,1.354
2024-03-19,1.08589,1.27129,0.65278,0.605,1.3578
2024-03-20,1.08566,1.27129,0.65321,0.60368,1.3562
2024-03-21,1.08613,1.26695,0.65699,0.60459,1.3536
2024-03-22,1.08167,1.26024,0.65202,0.59981,1.3594
2024-03-25,1.08366,1.26486,0.65389,0.60038,1.3579
2024-03-26,1.08295,1.26295,0.65381,0.601,1.3568
2024-03-27,1.08213,1.2631,0.65249,0.6002,1.3586
2024-03-28,1.08015,1.26342,0.65249,0.59841,1.353
2024-03-29,1.0791,1.26374,0.6524,0.59869,1.354
2024-04-01,1.07331,1.25455,0.64838,0.59439,1.3579
2024-04-02,1.07689,1.25755,0.6513,0.5968,1.357
2024-04-03,1.08272,1.26342,0.65578,0.59999,1.3521
2024-04-04,1.08648,1.26695,0.66151,0.60419,1.3493
2024-04-05,1.08413,1.26326,0.65841,0.60201,1.358
2024-04-08,1.0853,1.2655,0.6602,0.60321,1.3583
2024-04-09,1.08566,1.26759,0.66221,0.60569,1.3583
2024-04-10,1.07365,1.25439,0.65091,0.59791,1.3688
2024-04-11,1.07216,1.25345,0.65249,0.5983,1.3705
2024-04-12,1.06474,1.24564,0.64779,0.59499,1.3756
2024-04-15,1.0644,1.24657,0.64691,0.5928,1.3751
2024-04-16,1.06281,1.24363,0.64119,0.58879,1.3824
2024-04-17,1.0644,1.24425,0.64189,0.59021,1.3804
2024-04-18,1.06598,1.24657,0.64371,0.59189,1.3755
2024-04-19,1.06553,1.23977,0.6423,0.58948,1.3742
2024-04-22,1.06553,1.23411,0.64392,0.59091,1.3721
2024-04-23,1.06952,1.24347,0.64792,0.59351,1.3676
2024-04-24,1.06872,1.24347,0.64859,0.59242,1.3721
2024-04-25,1.07216,1.24938,0.65062,0.59421,1.3691
2024-04-26,1.0686,1.24735,0.65278,0.594,1.3678
2024-04-29,1.0717,1.25534,0.65651,0.59741,1.3649
2024-04-30,1.06838,1.25141,0.64901,0.59119,1.3748
2024-05-01,1.06803,1.24875,0.6496,0.59028,1.376
2024-05-02,1.07055,1.25063,0.65471,0.59428,1.3696
2024-05-03,1.07701,1.25502,0.66159,0.60208,1.3683
2024-05-06,1.07793,1.25755,0.6623,0.60129,1.3655
2024-05-07,1.07666,1.25345,0.66081,0.60121,1.3712
2024-05-08,1.0755,1.25031,0.6585,0.60038,1.3719
2024-05-09,1.07712,1.25047,0.66059,0.60201,1.369
2024-05-10,1.07735,1.25282,0.66072,0.60201,1.3663
2024-05-13,1.07956,1.25628,0.66111,0.6019,1.3675
2024-05-14,1.08178,1.25881,0.6623,0.60339,1.365
2024-05-15,1.08601,1.26582,0.66738,0.61039,1.3612
2024-05-16,1.08755,1.26823,0.66832,0.61241,1.3606
2024-05-17,1.08696,1.27033,0.66858,0.6132,1.3615
2024-05-20,1.08613,1.27081,0.66751,0.6114,1.3611
2024-05-21,1.08554,1.27097,0.66658,0.60968,1.3644
2024-05-22,1.08366,1.27389,0.66361,0.6105,1.3667
2024-05-23,1.08272,1.27178,0.66291,0.61151,1.3696
2024-05-24,1.08519,1.27453,0.66291,0.61211,1.3665
2024-05-28,1.0879,1.27861,0.66658,0.61569,1.363
2024-05-29,1.08108,1.27146,0.6619,0.61181,1.3702
2024-05-30,1.08366,1.27389,0.66419,0.61278,1.3668
2024-05-31,1.0846,1.27372,0.66401,0.61369,1.3646
2024-06-03,1.08897,1.27943,0.66832,0.61831,1.3626
2024-06-04,1.08778,1.27845,0.66432,0.61751,1.3684
2024-06-05,1.08648,1.27714,0.66432,0.61858,1.3705
2024-06-06,1.08826,1.27861,0.66618,0.61969,1.3684
2024-06-07,1.08073,1.27275,0.65889,0.61128,1.3747
2024-06-10,1.07515,1.27324,0.66111,0.61259,1.3755
2024-06-11,1.07331,1.27243,0.6598,0.6132,1.3764
2024-06-12,1.08425,1.28436,0.67011,0.62189,1.369
2024-06-13,1.07562,1.27632,0.6641,0.6174,1.3746
2024-06-14,1.06986,1.26855,0.66168,0.61421,1.3735
2024-06-17,1.07227,1.26887,0.65989,0.61181,1.3752
2024-06-18,1.07388,1.26984,0.6652,0.61391,1.3723
2024-06-20,1.07078,1.26711,0.6656,0.612,1.3703
2024-06-21,1.0694,1.26454,0.66401,0.612,1.3698
2024-06-24,1.07273,1.26839,0.66551,0.61259,1.3658
2024-06-25,1.07055,1.26775,0.66419,0.61151,1.3658
2024-06-26,1.06815,1.26247,0.66489,0.60779,1.3697
2024-06-27,1.07078,1.26534,0.66481,0.6089,1.3693
2024-06-28,1.07112,1.26406,0.66769,0.60961,1.3684
2024-07-01,1.07285,1.26502,0.6656,0.6072,1.3742
2024-07-02,1.07365,1.26791,0.66591,0.6072,1.3691
2024-07-03,1.07991,1.27665,0.67191,0.6114,1.3624
2024-07-05,1.08284,1.28074,0.67431,0.6138,1.3631
2024-07-08,1.08354,1.28287,0.67408,0.61338,1.3637
2024-07-09,1.08131,1.27877,0.67372,0.61229,1.3636
2024-07-10,1.08225,1.28419,0.67472,0.60831,1.3608
2024-07-11,1.08696,1.29199,0.6776,0.61128,1.3619
2024-07-12,1.09016,1.29853,0.67879,0.61218,1.3627
2024-07-15,1.09123,1.29853,0.67778,0.60938,1.3662
2024-07-16,1.08849,1.29584,0.67259,0.60441,1.3686
2024-07-17,1.09325,1.30073,0.67281,0.60731,1.3683
2024-07-18,1.09135,1.29735,0.67259,0.60669,1.3695
2024-07-19,1.08885,1.29216,0.66939,0.6019,1.3723
2024-07-22,1.08802,1.29116,0.66388,0.59769,1.3756
2024-07-23,1.08554,1.29166,0.6619,0.59609,1.3763
2024-07-24,1.0853,1.29249,0.65998,0.59481,1.3783
2024-07-25,1.08613,1.28833,0.65518,0.59028,1.3809
2024-07-26,1.08589,1.28634,0.65569,0.58948,1.3832
2024-07-29,1.0819,1.28535,0.65398,0.5872,1.3853
2024-07-30,1.08085,1.28287,0.65368,0.58969,1.3848
2024-07-31,1.08225,1.28403,0.65351,0.59471,1.3806
2024-08-01,1.07887,1.27714,0.65219,0.5962,1.3845
2024-08-02,1.09135,1.27975,0.65278,0.59719,1.3846
2024-08-05,1.09565,1.27649,0.6488,0.59301,1.382
2024-08-06,1.09266,1.26952,0.65189,0.5951,1.3791
2024-08-07,1.09254,1.27178,0.65518,0.6015,1.3729
2024-08-08,1.09135,1.27405,0.65811,0.6002,1.3742
2024-08-09,1.09254,1.27665,0.65768,0.60121,1.3725
2024-08-12,1.09278,1.27763,0.6595,0.60208,1.3741
2024-08-13,1.09541,1.28287,0.66129,0.60591,1.3723
2024-08-14,1.10241,1.28485,0.66168,0.60208,1.3696
2024-08-15,1.09866,1.28634,0.66291,0.6006,1.3701
2024-08-16,1.09963,1.29066,0.66489,0.6035,1.3705
2024-08-19,1.10705,1.29836,0.6715,0.60931,1.3659
2024-08-20,1.11062,1.30276,0.67431,0.6144,1.3631
2024-08-21,1.11433,1.3077,0.67531,0.6161,1.3583
2024-08-22,1.11136,1.30941,0.67078,0.61399,1.3605
2024-08-23,1.11757,1.31978,0.67769,0.6212,1.3514
2024-08-26,1.11645,1.31857,0.67719,0.62039,1.3485
2024-08-27,1.11595,1.32345,0.67792,0.62371,1.3454
2024-08-28,1.11272,1.32013,0.6781,0.62418,1.3462
2024-08-29,1.10865,1.31857,0.68069,0.6268,1.346
2024-08-30,1.10595,1.3132,0.6765,0.62418,1.3493
2024-09-03,1.10424,1.31027,0.67209,0.61889,1.3543
2024-09-04,1.10816,1.31423,0.6724,0.61989,1.3519
2024-09-05,1.10963,1.31648,0.67272,0.62131,1.3515
2024-09-06,1.10865,1.31354,0.66778,0.61782,1.3561
2024-09-09,1.10424,1.30822,0.6664,0.61501,1.356
2024-09-10,1.10254,1.30651,0.6652,0.6155,1.3607
2024-09-11,1.1012,1.30276,0.66498,0.61211,1.3595
2024-09-12,1.10412,1.30804,0.66961,0.6152,1.3595
2024-09-13,1.10852,1.31406,0.67119,0.6166,1.3581
2024-09-16,1.11235,1.32013,0.6739,0.61851,1.3599
2024-09-17,1.11185,1.31648,0.6754,0.61831,1.3598
2024-09-18,1.11161,1.31996,0.67609,0.62031,1.3607
2024-09-19,1.1147,1.32784,0.68171,0.6241,1.356
2024-09-20,1.11595,1.33049,0.6806,0.6234,1.3565
2024-09-23,1.11297,1.33511,0.68479,0.62712,1.3502
2024-09-24,1.11495,1.33761,0.68729,0.63211,1.347
2024-09-25,1.11433,1.33387,0.68371,0.6279,1.3466
2024-09-26,1.11844,1.34282,0.69018,0.63271,1.3466
2024-09-27,1.11595,1.33941,0.69109,0.6342,1.3504
2024-09-30,1.11445,1.33994,0.69339,0.63629,1.3511
2024-10-01,1.10668,1.3282,0.6888,0.62842,1.3492
2024-10-02,1.10497,1.32714,0.68951,0.62771,1.3485
2024-10-03,1.10144,1.31148,0.68432,0.62158,1.3533
2024-10-04,1.09613,1.31062,0.67972,0.61561,1.3578
2024-10-07,1.09757,1.30804,0.67609,0.61229,1.3608
2024-10-08,1.09697,1.30924,0.67381,0.61241,1.3662
2024-10-09,1.09505,1.30804,0.67249,0.6065,1.3682
2024-10-10,1.09254,1.30531,0.67331,0.60861,1.3752
2024-10-11,1.09421,1.30702,0.67558,0.6111,1.3768
2024-10-15,1.08992,1.30822,0.67092,0.60861,1.3803
2024-10-16,1.08731,1.30005,0.66618,0.6058,1.3772
2024-10-17,1.08366,1.30073,0.6702,0.60632,1.3791
2024-10-18,1.08542,1.30225,0.67002,0.6065,1.3804
2024-10-21,1.08202,1.29803,0.66609,0.60328,1.3847
2024-10-22,1.0805,1.29685,0.66791,0.60441,1.383
2024-10-23,1.07793,1.29433,0.66322,0.60071,1.3838
2024-10-24,1.08061,1.29634,0.66291,0.60082,1.3858
2024-10-25,1.08131,1.29786,0.66212,0.59941,1.3882
2024-10-28,1.0819,1.29803,0.65872,0.59801,1.3903
2024-10-29,1.0798,1.30056,0.65569,0.59609,1.3909
2024-10-30,1.08637,1.30124,0.65841,0.59859,1.3911
2024-10-31,1.08554,1.28568,0.65501,0.5951,1.3939
2024-11-01,1.08483,1.29584,0.6582,0.59801,1.3925
2024-11-04,1.08838,1.29416,0.65841,0.5978,1.3898
2024-11-05,1.09194,1.30157,0.66331,0.59992,1.385
2024-11-06,1.07319,1.28966,0.65729,0.5946,1.3929
2024-11-07,1.07921,1.29853,0.66711,0.60201,1.3866
2024-11-08,1.07101,1.29049,0.65729,0.59609,1.3921
2024-11-12,1.05977,1.27324,0.65219,0.59172,1.3956
2024-11-13,1.05675,1.27097,0.64859,0.58862,1.3985
2024-11-14,1.05619,1.27065,0.64729,0.5872,1.4025
2024-11-15,1.05519,1.26295,0.64612,0.5862,1.4076
2024-11-18,1.05865,1.26646,0.64981,0.5883,1.4028
2024-11-19,1.05775,1.26662,0.6524,0.5907,1.3981
2024-11-20,1.05208,1.2639,0.64939,0.5872,1.3995
2024-11-21,1.04745,1.25865,0.65028,0.58531,1.396
2024-11-22,1.03993,1.25156,0.64952,0.58272,1.3985
2024-11-25,1.04778,1.25534,0.6491,0.58411,1.4003
2024-11-26,1.04811,1.25471,0.64612,0.58261,1.4058
2024-11-27,1.05753,1.26775,0.64918,0.59021,1.4028
2024-11-29,1.05474,1.26984,0.6513,0.5913,1.4014
2024-12-02,1.04844,1.2639,0.64591,0.58772,1.4069
2024-12-03,1.05175,1.26775,0.6483,0.5883,1.4065
2024-12-04,1.05274,1.27113,0.64358,0.58641,1.4069
2024-12-05,1.05708,1.27535,0.64392,0.58699,1.4035
2024-12-06,1.0563,1.27437,0.6382,0.58319,1.4144
2024-12-09,1.05697,1.27828,0.6462,0.5881,1.412
2024-12-10,1.05119,1.27584,0.63771,0.58021,1.416
2024-12-11,1.05075,1.27632,0.6378,0.57971,1.4126
2024-12-12,1.05141,1.27146,0.63881,0.57901,1.4179
2024-12-13,1.04976,1.26295,0.63589,0.5761,1.424
2024-12-16,1.05119,1.26904,0.63719,0.5781,1.423
2024-12-17,1.05064,1.27178,0.63391,0.5759,1.4312
2024-12-18,1.0469,1.26968,0.6302,0.57189,1.4335
2024-12-19,1.03573,1.25298,0.6252,0.5644,1.4366
2024-12-20,1.04297,1.25865,0.62661,0.56641,1.4354
2024-12-23,1.04091,1.25298,0.6243,0.56491,1.439
2024-12-24,1.03885,1.25282,0.62301,0.56389,1.4383
2024-12-26,1.04232,1.25219,0.6227,0.56319,1.4404
2024-12-27,1.04232,1.25723,0.62081,0.56309,1.4433
2024-12-30,1.03864,1.25235,0.62189,0.56402,1.4374
2024-12-31,1.03509,1.25203,0.61851,0.5596,1.44
2025-01-02,1.02606,1.23762,0.62081,0.5601,1.4422
2025-01-03,1.02923,1.24193,0.62089,0.56041,1.4455
2025-01-06,1.03972,1.25298,0.62512,0.56459,1.4359
2025-01-07,1.03691,1.24984,0.62449,0.5643,1.4341
2025-01-08,1.03135,1.23655,0.6217,0.56129,1.4375
2025-01-09,1.02976,1.23031,0.61962,0.55979,1.4394
2025-01-10,1.02375,1.22145,0.6147,0.55559,1.4437
2025-01-13,1.02093,1.21581,0.6155,0.55559,1.4411
2025-01-14,1.02923,1.21877,0.61839,0.5596,1.4369
2025-01-15,1.02817,1.22145,0.62181,0.56129,1.434
2025-01-16,1.03029,1.22459,0.62208,0.5618,1.4377
2025-01-17,1.0287,1.21803,0.621,0.5596,1.442
2025-01-21,1.04232,1.23305,0.6272,0.5667,1.4328
2025-01-22,1.04199,1.23244,0.62759,0.56689,1.4361
2025-01-23,1.04199,1.23472,0.62869,0.5677,1.4359
2025-01-24,1.05152,1.24953,0.63219,0.57198,1.4331
2025-01-27,1.04921,1.24797,0.62798,0.56821,1.4388
2025-01-28,1.04275,1.24332,0.62469,0.56632,1.4392
2025-01-29,1.04156,1.24347,0.62278,0.56539,1.4432
2025-01-30,1.04199,1.24533,0.62329,0.56539,1.4411
2025-01-31,1.04004,1.24471,0.62418,0.5668,1.4459
2025-02-03,1.02775,1.23885,0.6177,0.55891,1.4601
2025-02-04,1.03788,1.24875,0.6257,0.565,1.4318
2025-02-05,1.04188,1.25156,0.6296,0.5697,1.428
2025-02-06,1.03681,1.24347,0.6279,0.56699,1.4314
2025-02-07,1.03295,1.23962,0.62641,0.5652,1.4311
2025-02-10,1.03125,1.23854,0.6279,0.5651,1.4317
2025-02-11,1.03455,1.24224,0.62941,0.56571,1.4308
2025-02-12,1.03918,1.2444,0.6285,0.56411,1.4288
2025-02-13,1.04275,1.25282,0.62921,0.5652,1.423
2025-02-14,1.04976,1.26088,0.63589,0.57339,1.417
2025-02-18,1.0457,1.26135,0.63528,0.57052,1.4189
2025-02-19,1.04058,1.25707,0.63412,0.57009,1.4235
2025-02-20,1.04745,1.26422,0.6393,0.57561,1.4195
2025-02-21,1.04548,1.2647,0.63759,0.57511,1.4196
2025-02-24,1.04778,1.26406,0.63609,0.57461,1.4224
2025-02-25,1.04976,1.26518,0.63319,0.57159,1.43
2025-02-26,1.05141,1.26968,0.63231,0.5711,1.4346
2025-02-27,1.04145,1.26279,0.62559,0.56468,1.4419
2025-02-28,1.04015,1.25913,0.62112,0.56019,1.4433
2025-03-03,1.04965,1.27113,0.62488,0.56351,1.4399
2025-03-04,1.05341,1.27259,0.6212,0.56211,1.4515
2025-03-05,1.07677,1.28634,0.63119,0.57071,1.4375
2025-03-06,1.08178,1.28932,0.6348,0.57491,1.4282
2025-03-07,1.08589,1.29182,0.63,0.571,1.4385
2025-03-10,1.08366,1.29082,0.6308,0.57251,1.4431
2025-03-11,1.09266,1.29483,0.6285,0.571,1.4462
2025-03-12,1.09254,1.29702,0.6306,0.57231,1.4397
2025-03-13,1.08589,1.2945,0.62889,0.57091,1.4398
2025-03-14,1.08719,1.29166,0.63179,0.57409,1.4377
2025-03-17,1.09218,1.29887,0.63751,0.58109,1.4298
2025-03-18,1.09266,1.2987,0.63561,0.58099,1.4312
2025-03-19,1.08767,1.29685,0.63311,0.5783,1.4328
2025-03-20,1.08483,1.29735,0.63012,0.57511,1.4326
2025-03-21,1.08061,1.28966,0.62661,0.5731,1.4356
2025-03-24,1.07945,1.29132,0.6281,0.57189,1.4292
2025-03-25,1.08038,1.29483,0.63091,0.57379,1.4307
2025-03-26,1.07805,1.28883,0.63072,0.57428,1.4254
2025-03-27,1.08003,1.29634,0.6308,0.57481,1.4316
2025-03-28,1.0826,1.29416,0.63,0.573,1.4282
2025-03-31,1.07956,1.28966,0.6236,0.5666,1.4379
2025-04-01,1.08003,1.29232,0.62779,0.57039,1.4316
2025-04-02,1.08684,1.29735,0.63,0.57409,1.431
2025-04-03,1.10522,1.3113,0.6352,0.5815,1.4062
2025-04-04,1.10144,1.29266,0.6043,0.55932,1.4194
2025-04-07,1.09123,1.27291,0.59801,0.55359,1.4224
2025-04-08,1.09123,1.27698,0.6015,0.55769,1.4199
2025-04-09,1.104,1.27714,0.60031,0.55611,1.4187
2025-04-10,1.11919,1.294,0.6192,0.57221,1.401
2025-04-11,1.1325,1.30514,0.62449,0.57961,1.3895
2025-04-14,1.13585,1.31752,0.63119,0.58672,1.3892
2025-04-15,1.12905,1.32223,0.63581,0.59161,1.3944
2025-04-16,1.13817,1.32468,0.6389,0.59291,1.3882
2025-04-17,1.13636,1.32591,0.6382,0.59709,1.3856
2025-04-18,1.13895,1.32784,0.63751,0.5933,1.3846
2025-04-21,1.15075,1.33851,0.64119,0.6001,1.3818
2025-04-22,1.14666,1.33761,0.6391,0.59941,1.3798
2025-04-23,1.13494,1.32556,0.63759,0.59652,1.3894
2025-04-24,1.13636,1.33085,0.63959,0.59869,1.3889
2025-04-25,1.13804,1.33316,0.63959,0.59691,1.3858
2025-04-28,1.13869,1.33958,0.64131,0.59652,1.3857
2025-04-29,1.1396,1.33976,0.63849,0.594,1.3853
2025-04-30,1.13494,1.3344,0.63992,0.5933,1.3807
2025-05-01,1.1279,1.32732,0.63731,0.59011,1.3847
2025-05-02,1.13302,1.32837,0.6447,0.59549,1.379
2025-05-05,1.13148,1.32837,0.64721,0.59741,1.381
2025-05-06,1.13456,1.3369,0.64889,0.60038,1.3774
2025-05-07,1.13482,1.3344,0.6462,0.59769,1.3773
2025-05-08,1.12486,1.32873,0.6416,0.59221,1.3914
2025-05-09,1.12701,1.33174,0.64251,0.592,1.3925
2025-05-12,1.11062,1.31944,0.6369,0.58641,1.4003
2025-05-13,1.11757,1.32802,0.64721,0.59379,1.3958
2025-05-14,1.12057,1.33032,0.64479,0.59179,1.3963
2025-05-15,1.11894,1.32926,0.64029,0.5873,1.3989
2025-05-16,1.11408,1.32573,0.63951,0.5872,1.3991
2025-05-19,1.1236,1.33565,0.64579,0.59259,1.3944
2025-05-20,1.12537,1.33708,0.64049,0.59091,1.3941
2025-05-21,1.1343,1.34463,0.64679,0.59652,1.3822
2025-05-22,1.12816,1.34264,0.64168,0.5907,1.3856
2025-05-23,1.13494,1.35117,0.64779,0.59769,1.3755
2025-05-27,1.13263,1.35044,0.64371,0.59439,1.3776
2025-05-28,1.12854,1.34626,0.64168,0.5952,1.3819
2025-05-29,1.13701,1.34898,0.64429,0.59801,1.3809
2025-05-30,1.13469,1.3468,0.64342,0.59719,1.3747
2025-06-02,1.14325,1.35483,0.64931,0.6035,1.3699
2025-06-03,1.13727,1.35208,0.6462,0.59992,1.3722
2025-06-04,1.14233,1.35704,0.6499,0.60321,1.3668
2025-06-05,1.14403,1.35833,0.65172,0.60449,1.3667
2025-06-06,1.13973,1.35318,0.6496,0.60201,1.3686
2025-06-09,1.14247,1.3563,0.65261,0.60558,1.3675
2025-06-10,1.14233,1.3508,0.65232,0.60449,1.3683
2025-06-11,1.14903,1.35556,0.6521,0.6047,1.3662
2025-06-12,1.15781,1.35888,0.65249,0.60632,1.3615
2025-06-13,1.15567,1.35943,0.6513,0.6035,1.3575
2025-06-16,1.15808,1.35999,0.65359,0.6072,1.3556
2025-06-17,1.15354,1.35153,0.65151,0.60558,1.3587
2025-06-18,1.15207,1.34716,0.65202,0.60459,1.3683
2025-06-20,1.15194,1.34644,0.64549,0.59691,1.3739
2025-06-23,1.1538,1.34916,0.6423,0.594,1.3773
2025-06-24,1.16077,1.36166,0.6499,0.60161,1.3711
2025-06-25,1.16198,1.36258,0.64931,0.60201,1.375
2025-06-26,1.17165,1.37533,0.65548,0.60691,1.3629
2025-06-27,1.17233,1.37193,0.65351,0.60621,1.3666
2025-06-30,1.17702,1.37212,0.65729,0.6092,1.362
2025-07-01,1.17758,1.37287,0.6572,0.60872,1.3659
2025-07-02,1.17897,1.36221,0.65712,0.60772,1.362
2025-07-03,1.17578,1.36556,0.65759,0.6068,1.3559
2025-07-07,1.1733,1.36388,0.6513,0.6014,1.3644
2025-07-08,1.17069,1.35759,0.6524,0.59941,1.3671
2025-07-09,1.17069,1.35851,0.65321,0.5992,1.3694
2025-07-10,1.16877,1.35685,0.6572,0.6019,1.3682
2025-07-11,1.16959,1.35026,0.65768,0.60111,1.3678
2025-07-14,1.16713,1.34372,0.65501,0.59741,1.3694
2025-07-15,1.16185,1.33958,0.65202,0.5951,1.3713
2025-07-16,1.16293,1.34264,0.65219,0.59389,1.3706
2025-07-17,1.15969,1.34138,0.64851,0.59301,1.3749
2025-07-18,1.16455,1.34391,0.6527,0.59769,1.3711
2025-07-21,1.17055,1.34971,0.65308,0.59791,1.3689
2025-07-22,1.17495,1.35227,0.65561,0.6001,1.3615
2025-07-23,1.17481,1.35667,0.65898,0.6039,1.3609
2025-07-24,1.17647,1.35245,0.66011,0.60408,1.3643
2025-07-25,1.17302,1.34282,0.65561,0.6006,1.3714
2025-07-28,1.1609,1.33923,0.65189,0.5973,1.3718
2025-07-29,1.1534,1.33387,0.65091,0.59549,1.3777
2025-07-30,1.14705,1.32732,0.6452,0.59119,1.3814
2025-07-31,1.14312,1.32205,0.643,0.58941,1.3845
2025-08-01,1.15554,1.32591,0.64679,0.59119,1.3778
2025-08-04,1.15674,1.32908,0.64671,0.5907,1.3775
2025-08-05,1.15794,1.33085,0.64721,0.59011,1.3779
2025-08-06,1.16469,1.33601,0.65041,0.59389,1.3739
2025-08-07,1.16414,1.34336,0.6502,0.59439,1.3749
2025-08-08,1.16604,1.34445,0.65278,0.59559,1.3752
2025-08-11,1.16077,1.34138,0.65121,0.59361,1.3783
2025-08-12,1.16727,1.35099,0.65321,0.5957,1.3762
2025-08-13,1.17151,1.35722,0.65458,0.5978,1.3764
2025-08-14,1.16442,1.35318,0.64901,0.59161,1.3806
2025-08-15,1.17082,1.35648,0.65151,0.59301,1.3808
2025-08-18,1.16673,1.35208,0.64939,0.59249,1.3815
2025-08-19,1.16604,1.34953,0.64591,0.59011,1.3859
2025-08-20,1.16496,1.34499,0.6428,0.58221,1.3874
2025-08-21,1.1605,1.34174,0.6421,0.5818,1.39
2025-08-22,1.17123,1.35281,0.64851,0.5862,1.3845
2025-08-25,1.167,1.34916,0.64998,0.58672,1.3829
2025-08-26,1.16564,1.34844,0.64998,0.58651,1.3823
2025-08-27,1.16104,1.3468,0.6496,0.5848,1.3825
2025-08-28,1.16713,1.35153,0.65321,0.58851,1.375
2025-08-29,1.16945,1.35117,0.65449,0.59011,1.3726
2025-09-02,1.16537,1.33923,0.65159,0.58641,1.3784
2025-09-03,1.16754,1.34481,0.65501,0.5881,1.3787
2025-09-04,1.16482,1.34409,0.65138,0.58381,1.3828
2025-09-05,1.17592,1.35428,0.65699,0.59102,1.3823
2025-09-08,1.17509,1.35501,0.6592,0.59411,1.382
2025-09-09,1.17233,1.35336,0.65928,0.59308,1.3834
2025-09-10,1.17137,1.35483,0.6626,0.59542,1.3843
2025-09-11,1.17316,1.35685,0.66578,0.5973,1.383
2025-09-12,1.17137,1.35465,0.66361,0.59481,1.3858
2025-09-15,1.17716,1.36091,0.66711,0.59719,1.3797
2025-09-16,1.18483,1.36537,0.66778,0.59801,1.3745
2025-09-17,1.18455,1.36612,0.6668,0.59719,1.3761
2025-09-18,1.178,1.3552,0.66129,0.58779,1.3796
2025-09-19,1.17536,1.34844,0.65972,0.58589,1.3772
2025-09-22,1.1773,1.35044,0.65911,0.5863,1.3814
2025-09-23,1.17994,1.35172,0.66011,0.58579,1.3834
2025-09-24,1.17426,1.34499,0.65872,0.5815,1.3894
2025-09-25,1.16727,1.33511,0.65501,0.5777,1.3923
2025-09-26,1.16918,1.34048,0.65458,0.5769,1.3946
2025-09-29,1.17302,1.34336,0.65781,0.5786,1.3904
2025-09-30,1.17343,1.34427,0.66142,0.57991,1.3927
2025-10-01,1.17233,1.34735,0.6605,0.58109,1.3953
2025-10-02,1.16959,1.34228,0.6588,0.58129,1.3974
2025-10-03,1.17467,1.34807,0.66151,0.58401,1.3946
2025-10-06,1.17069,1.34753,0.66199,0.58381,1.3945
2025-10-07,1.16741,1.34409,0.65872,0.58059,1.3949
2025-10-08,1.16063,1.33905,0.6582,0.5779,1.3953
2025-10-09,1.15594,1.3312,0.65561,0.57451,1.4009
2025-10-10,1.16131,1.33422,0.64952,0.5733,1.3997
2025-10-14,1.16077,1.33209,0.64918,0.57189,1.4041
2025-10-15,1.16374,1.33958,0.65138,0.57241,1.4033
2025-10-16,1.16645,1.34246,0.64918,0.5732,1.4045
2025-10-17,1.16741,1.34246,0.64859,0.57221,1.4046
2025-10-20,1.16564,1.34192,0.65172,0.57511,1.4029
2025-10-21,1.16158,1.33905,0.6499,0.57471,1.401
2025-10-22,1.16117,1.33726,0.6502,0.57531,1.3978
2025-10-23,1.16117,1.33227,0.65159,0.57511,1.3991
2025-10-24,1.16266,1.32979,0.65108,0.57481,1.4013
2025-10-27,1.1636,1.33316,0.65539,0.5763,1.3995
2025-10-28,1.16591,1.32802,0.6585,0.578,1.3937
2025-10-29,1.16645,1.32433,0.66129,0.57981,1.3893
2025-10-30,1.15634,1.31475,0.65548,0.57471,1.3982
2025-10-31,1.15407,1.31406,0.65458,0.5728,1.401
2025-11-03,1.15314,1.31492,0.65368,0.57091,1.4049
2025-11-04,1.14916,1.30446,0.6502,0.5666,1.4081
2025-11-05,1.1485,1.30514,0.65121,0.56641,1.4108
2025-11-06,1.15393,1.31062,0.64679,0.56309,1.4127
2025-11-07,1.15781,1.31648,0.64758,0.5617,1.4075
2025-11-10,1.15447,1.31562,0.65219,0.56329,1.4029
2025-11-12,1.15915,1.31303,0.65411,0.56632,1.4
2025-11-13,1.16496,1.32135,0.65531,0.56779,1.401
2025-11-14,1.16171,1.31562,0.65488,0.5685,1.4023
2025-11-17,1.15982,1.31787,0.65159,0.56741,1.4028
2025-11-18,1.15794,1.31527,0.65049,0.56609,1.3996
2025-11-19,1.15393,1.3077,0.64679,0.56029,1.4049
2025-11-20,1.1534,1.30787,0.64479,0.55969,1.4092
2025-11-21,1.15062,1.30993,0.6457,0.56092,1.4094
2025-11-24,1.15181,1.30959,0.64562,0.5607,1.411
2025-11-25,1.15527,1.31735,0.64529,0.56092,1.4115
2025-11-26,1.15915,1.32275,0.65159,0.56941,1.4051
2025-11-28,1.15996,1.32398,0.65518,0.57369,1.3974
2025-12-01,1.16225,1.32293,0.65539,0.57369,1.3982
2025-12-02,1.15955,1.31857,0.65561,0.5727,1.3988
2025-12-03,1.16604,1.33333,0.6592,0.5769,1.395
2025-12-04,1.16591,1.33547,0.6619,0.5775,1.3939
2025-12-05,1.16347,1.33245,0.66348,0.5771,1.3858
2025-12-08,1.16266,1.33209,0.66221,0.5771,1.3846
2025-12-09,1.16387,1.33191,0.66529,0.57931,1.3832
2025-12-10,1.16496,1.33404,0.66419,0.5788,1.3834
2025-12-11,1.17564,1.34282,0.66711,0.5819,1.3769
2025-12-12,1.17316,1.33511,0.66401,0.57931,1.3783
2025-12-15,1.17564,1.33797,0.66432,0.57951,1.3765
2025-12-16,1.17702,1.34282,0.6637,0.57941,1.3749
2025-12-17,1.17481,1.33905,0.66081,0.5776,1.3791
2025-12-18,1.17288,1.33887,0.6619,0.5781,1.3762
2025-12-19,1.17206,1.33797,0.66168,0.576,1.378
2025-12-22,1.17495,1.34571,0.66569,0.57981,1.3744
2025-12-23,1.17758,1.34844,0.66939,0.58319,1.3713
2025-12-24,1.178,1.35044,0.67069,0.5837,1.3671
2025-12-26,1.17661,1.34916,0.67101,0.58299,1.3662
2025-12-29,1.17564,1.34971,0.66899,0.58069,1.368
2025-12-30,1.17647,1.34807,0.67029,0.58042,1.3678
2025-12-31,1.17357,1.34463,0.66689,0.57551,1.3712
2026-01-02,1.17385,1.34807,0.6684,0.5767,1.3738
2026-01-05,1.17151,1.35263,0.67182,0.5789,1.3757
2026-01-06,1.16891,1.34971,0.67322,0.5779,1.3789
2026-01-07,1.16904,1.34735,0.67281,0.578,1.3828
2026-01-08,1.1655,1.343,0.66939,0.57501,1.3864
2026-01-09,1.16347,1.34138,0.6684,0.5731,1.3893
2026-01-12,1.16713,1.34662,0.67159,0.5764,1.3876
2026-01-13,1.16455,1.34354,0.6684,0.57461,1.3885
2026-01-14,1.1655,1.34445,0.66791,0.57501,1.3871
2026-01-15,1.1605,1.33869,0.67051,0.57428,1.3896
2026-01-16,1.15996,1.33833,0.66818,0.57511,1.392
2026-01-20,1.17385,1.34716,0.67431,0.5848,1.3821
2026-01-21,1.17055,1.343,0.6765,0.5849,1.3813
2026-01-22,1.17385,1.34898,0.68339,0.59021,1.3799
2026-01-23,1.17716,1.35906,0.68781,0.59291,1.3726
2026-01-26,1.18864,1.36986,0.69329,0.59891,1.3692
2026-01-27,1.19804,1.37817,0.69779,0.60179,1.3598
2026-01-28,1.19403,1.37874,0.6993,0.60321,1.3575
2026-01-29,1.19432,1.3795,0.70102,0.60529,1.3518
2026-01-30,1.1885,1.37287,0.6995,0.60481,1.3557
2026-02-02,1.18064,1.36537,0.69599,0.601,1.3677
2026-02-03,1.18189,1.37005,0.7019,0.605,1.3644
2026-02-04,1.18036,1.36593,0.69959,0.60049,1.3667
2026-02-05,1.18022,1.35501,0.6974,0.59902,1.367
2026-02-06,1.1812,1.36054,0.70141,0.60201,1.3644
2026-02-09,1.18977,1.36668,0.70872,0.60481,1.357
2026-02-10,1.18977,1.36631,0.70721,0.60459,1.3533
2026-02-11,1.18835,1.36537,0.71291,0.60569,1.3569
2026-02-12,1.18694,1.36314,0.70972,0.6047,1.3623
2026-02-13,1.18694,1.36444,0.70681,0.60361,1.3618
2026-02-17,1.18315,1.35391,0.70641,0.60292,1.3652
2026-02-18,1.18106,1.35355,0.70651,0.59859,1.3675
2026-02-19,1.17619,1.34463,0.70502,0.5968,1.3701
2026-02-20,1.17813,1.35007,0.70822,0.59741,1.3688
2026-02-23,1.18036,1.35099,0.70611,0.59659,1.3685
2026-02-24,1.17897,1.35318,0.70671,0.5973,1.3702
2026-02-25,1.18036,1.3552,0.71159,0.5992,1.3685
2026-02-26,1.17925,1.35044,0.70922,0.59741,1.3683
2026-02-27,1.18217,1.34553,0.7121,0.59999,1.3632
2026-03-02,1.16904,1.33923,0.70671,0.59301,1.3705
2026-03-03,1.16036,1.33298,0.70259,0.58851,1.3662
2026-03-04,1.16374,1.33708,0.70721,0.5934,1.3661
2026-03-05,1.15848,1.33191,0.70048,0.58921,1.3693
2026-03-06,1.16063,1.33976,0.7022,0.59021,1.3599
2026-03-09,1.15915,1.33958,0.70462,0.59179,1.3573
2026-03-10,1.16482,1.34608,0.715,0.59559,1.3562
2026-03-11,1.1566,1.33994,0.715,0.59091,1.3603
2026-03-12,1.15221,1.33494,0.70892,0.58689,1.3618
2026-03-13,1.14443,1.32398,0.70038,0.58042,1.3736
2026-03-16,1.14877,1.33014,0.70552,0.58469,1.3683
2026-03-17,1.15247,1.33458,0.70998,0.58579,1.3706
2026-03-18,1.15128,1.33227,0.70781,0.58401,1.3697
2026-03-19,1.15154,1.33618,0.70358,0.58319,1.3721
2026-03-20,1.15433,1.33032,0.70328,0.58401,1.3731
2026-03-23,1.15875,1.33851,0.6995,0.58432,1.3718
2026-03-24,1.15781,1.33833,0.69648,0.5818,1.3764
2026-03-25,1.15701,1.33726,0.69618,0.5815,1.3799
2026-03-26,1.1542,1.33529,0.69132,0.5779,1.3849
2026-03-27,1.15194,1.32926,0.68899,0.5759,1.388
2026-03-30,1.14534,1.31909,0.68578,0.57149,1.3921
2026-03-31,1.15181,1.31839,0.68549,0.571,1.3953
2026-04-01,1.16144,1.33316,0.6944,0.577,1.3875
2026-04-02,1.1546,1.32415,0.69109,0.5727,1.3917
2026-04-03,1.15234,1.32013,0.68942,0.56951,1.3942
2026-04-06,1.15447,1.32345,0.6919,0.57189,1.3913
2026-04-07,1.15714,1.32398,0.6944,0.57039,1.3905
2026-04-08,1.16863,1.34391,0.70621,0.5836,1.3851
2026-04-09,1.17055,1.34427,0.70862,0.58699,1.3807
2026-04-10,1.17233,1.34608,0.70781,0.58421,1.3828
2026-04-13,1.17096,1.3459,0.70631,0.58432,1.3811
2026-04-14,1.17911,1.3563,0.71311,0.5907,1.3757
2026-04-15,1.17994,1.35685,0.71608,0.59081,1.374
2026-04-16,1.17827,1.35391,0.717,0.58959,1.3706
2026-04-17,1.18008,1.35556,0.71922,0.59102,1.3667
2026-04-20,1.17855,1.35428,0.71751,0.58921,1.3649
2026-04-21,1.17523,1.35117,0.71638,0.59049,1.3642
2026-04-22,1.17137,1.35044,0.71618,0.59102,1.3659
2026-04-23,1.17041,1.34953,0.71561,0.58789,1.3682
2026-04-24,1.17178,1.35172,0.71541,0.5881,1.3675
2026-04-27,1.17316,1.35538,0.71932,0.59179,1.3616
2026-04-28,1.17151,1.35135,0.71808,0.589,1.3671
2026-04-29,1.16945,1.34935,0.71301,0.5837,1.3671
2026-04-30,1.17288,1.35796,0.71839,0.58921,1.3611
2026-05-01,1.1755,1.36203,0.72192,0.59179,1.3575
2026-05-04,1.16986,1.35355,0.71669,0.5873,1.3608
2026-05-05,1.17069,1.35759,0.71958,0.59028,1.3609
2026-05-06,1.17536,1.35962,0.72348,0.59559,1.3621
2026-05-07,1.17633,1.36129,0.72411,0.5962,1.3636
2026-05-08,1.1773,1.36258,0.72422,0.59598,1.3679
2026-05-11,1.178,1.36519,0.7259,0.59691,1.3664
2026-05-12,1.1733,1.35281,0.72239,0.59439,1.3712
2026-05-13,1.1711,1.35208,0.72632,0.59368,1.3701
2026-05-14,1.16782,1.34807,0.72249,0.59231,1.3724
2026-05-15,1.16266,1.33316,0.7151,0.58411,1.375
2026-05-18,1.16496,1.34192,0.71602,0.58679,1.3742
2026-05-19,1.16023,1.34012,0.71008,0.58319,1.3754
2026-05-20,1.16198,1.34409,0.71521,0.58699,1.3747
2026-05-21,1.15888,1.34066,0.71342,0.58569,1.3788
2026-05-22,1.16036,1.34391,0.71322,0.58551,1.3817
2026-05-26,1.16198,1.34372,0.71618,0.5835,1.3803
2026-05-27,1.16306,1.34318,0.71372,0.58941,1.3829
2026-05-28,1.16496,1.34372,0.71592,0.5927,1.3798
2026-05-29,1.16795,1.34753,0.71911,0.5992,1.3784
2026-06-01,1.16239,1.34517,0.71531,0.59308,1.3837
2026-06-02,1.16414,1.34807,0.7186,0.5933,1.3822
2026-06-03,1.1605,1.34354,0.71388,0.5871,1.3891
2026-06-04,1.16293,1.34409,0.71429,0.58789,1.3889
2026-06-05,1.15327,1.33601,0.70602,0.58089,1.3931
2026-06-08,1.15447,1.33476,0.70552,0.5817,1.3949
2026-06-09,1.15554,1.33887,0.70279,0.58241,1.3957
2026-06-10,1.155,1.33923,0.7022,0.58231,1.3927
2026-06-11,1.15154,1.33369,0.6995,0.5779,1.4004
2026-06-12,1.15727,1.34138,0.70472,0.58289,1.3971
2026-06-15,1.15996,1.34264,0.70811,0.5835,1.3984
2026-06-16,1.16144,1.34372,0.70771,0.58411,1.3982
2026-06-17,1.15929,1.33994,0.70731,0.5818,1.403
2026-06-18,1.14705,1.32275,0.7019,0.5758,1.4142
2026-06-22,1.14325,1.32485,0.69999,0.57212,1.4167
2026-06-23,1.1383,1.31926,0.69262,0.56721,1.4198
2026-06-24,1.13482,1.31596,0.68951,0.56459,1.4237
2026-06-25,1.13856,1.32153,0.69219,0.5659,1.4191
2026-06-26,1.14025,1.32223,0.6907,0.5651,1.4182
2026-06-29,1.14247,1.32556,0.68852,0.565,1.421
2026-06-30,1.14168,1.32591,0.69152,0.5676,1.4205
2026-07-01,1.13843,1.32802,0.69032,0.56779,1.4205
2026-07-02,1.14482,1.33636,0.6931,0.57071,1.4182
2026-07-06,1.1426,1.3369,0.6944,0.56909,1.4214
2026-07-07,1.14233,1.33726,0.69348,0.5686,1.4194
2026-07-08,1.1396,1.33618,0.69109,0.56841,1.419
2026-07-09,1.1439,1.34084,0.6944,0.5761,1.4163
2026-07-10,1.14377,1.3421,0.69589,0.5774,1.4132
2026-07-13,1.14025,1.33815,0.69348,0.5771,1.4138
2026-07-14,1.14286,1.33833,0.6974,0.58079,1.4067
2026-07-15,1.14364,1.34971,0.69989,0.58391,1.4047
2026-07-16,1.14469,1.34844,0.70038,0.58449,1.4033
2026-07-17,1.14403,1.34463,0.69852,0.5848,1.4014
2026-07-20,1.14116,1.34192,0.70038,0.58469,1.4059
2026-07-21,1.14077,1.33743,0.70082,0.58319,1.4097
2026-07-22,1.14142,1.33779,0.69999,0.58231,1.4084
2026-07-23,1.13727,1.33138,0.6975,0.5776,1.4087
2026-07-24,1.13856,1.3344,0.69959,0.58021,1.4078
2026-07-27,1.13766,1.33032,0.6993,0.578,1.411
2026-07-28,1.14012,1.33103,0.69842,0.57981,1.4091
2026-07-29,1.13843,1.32873,0.693,0.5769,1.4086
2026-07-30,1.15221,1.34626,0.7022,0.58761,1.4003
2026-07-31,1.15194,1.34698,0.70259,0.58789,1.4028
2026-08-03,1.15088,1.34336,0.70008,0.58679,1.4039
2026-08-04,1.15274,1.34553,0.70378,0.58889,1.4071
2026-08-05,1.15473,1.34626,0.70512,0.58799,1.4018
2026-08-06,1.15207,1.34553,0.70279,0.58672,1.4029
2026-08-07,1.15594,1.34971,0.70641,0.58921,1.3933
2026-08-10,1.15513,1.35263,0.70661,0.5891,1.3927
2026-08-11,1.15433,1.35153,0.70621,0.5882,1.3923
2026-08-12,1.15393,1.35117,0.70701,0.58672,1.3919
2026-08-13,1.15314,1.34971,0.70582,0.5848,1.3934
2026-08-14,1.15808,1.35556,0.70912,0.58969,1.3872
2026-08-17,1.15915,1.35648,0.71129,0.59102,1.3867
2026-08-18,1.15794,1.35428,0.70972,0.58799,1.3889
2026-08-19,1.16645,1.36073,0.7123,0.59301,1.3821
2026-08-20,1.16795,1.36388,0.712,0.59488,1.378
2026-08-21,1.16836,1.36444,0.71782,0.5983,1.3765
2026-08-24,1.16645,1.36314,0.7151,0.5957,1.384
2026-08-25,1.16727,1.36444,0.71602,0.59719,1.3833
2026-08-26,1.16509,1.35943,0.7169,0.59379,1.3876
2026-08-27,1.16537,1.35999,0.71979,0.59531,1.3854
2026-08-28,1.15982,1.35556,0.71659,0.59151,1.3895
2026-08-31,1.16171,1.35501,0.71659,0.59172,1.3862
2026-09-01,1.15929,1.35263,0.71608,0.59049,1.3902
2026-09-02,1.15915,1.35026,0.7169,0.58469,1.385
2026-09-03,1.16225,1.35355,0.71989,0.58851,1.3782
2026-09-04,1.16185,1.35208,0.72088,0.589,1.3834
2026-09-08,1.16266,1.35428,0.72181,0.58551,1.3779
2026-09-09,1.16266,1.35483,0.72192,0.58421,1.3805
2026-09-10,1.16293,1.35318,0.7171,0.58099,1.3806
2026-09-11,1.16036,1.35245,0.71741,0.5817,1.3864
2026-09-14,1.15487,1.34935,0.71408,0.5779,1.3911
2026-09-15,1.1542,1.34789,0.71281,0.57571,1.3916
2026-09-16,1.1538,1.34517,0.71322,0.5759,1.3934
2026-09-17,1.14784,1.33476,0.71139,0.57359,1.3991
2026-09-18,1.14639,1.33726,0.71109,0.571,1.4008
2026-09-21,1.14692,1.33708,0.7123,0.57189,1.4023
2026-09-22,1.14325,1.33262,0.71018,0.57149,1.407
2026-09-23,1.13934,1.32538,0.70358,0.56721,1.4098
2026-09-24,1.13727,1.3217,0.70161,0.5659,1.414
2026-09-25,1.13999,1.32503,0.70328,0.5667,1.414
