Date,EURUSD=X,GBPUSD=X
2016-10-05,1.121076226234436,1.273236632347107
2016-10-06,1.120824933052063,1.2755101919174194
2016-10-07,1.1144545078277588,1.2402331829071045
2016-10-10,1.1196954250335693,1.2434717416763306
2016-10-11,1.1140819787979126,1.2341108322143555
2016-10-12,1.1061947345733643,1.2278977632522583
2016-10-13,1.1011881828308105,1.2187690734863281
2016-10-14,1.1049723625183105,1.222195029258728
2016-10-17,1.0967799425125122,1.2183235883712769
2016-10-18,1.1015641689300537,1.2218962907791138
2016-10-19,1.0976948738098145,1.230466365814209
2016-10-20,1.0975141525268555,1.2289540767669678
2016-10-21,1.0930395126342773,1.2256402969360352
2016-10-24,1.0882576704025269,1.2219113111495972
2016-10-25,1.0875475406646729,1.2217471599578857
2016-10-26,1.0887316465377808,1.217581868171692
2016-10-27,1.091202735900879,1.2235409021377563
2016-10-28,1.0900371074676514,1.2171372175216675
2016-10-31,1.0984665155410767,1.2215979099273682
2016-11-01,1.0973334312438965,1.2236906290054321
2016-11-02,1.1057054996490479,1.2238553762435913
2016-11-03,1.1097548007965088,1.230466365814209
2016-11-04,1.1102476119995117,1.2468827962875366
2016-11-07,1.1101243495941162,1.248907208442688
2016-11-08,1.1052166223526,1.2399256229400635
2016-11-09,1.1019041538238525,1.2388503551483154
2016-11-10,1.0920606851577759,1.242081642150879
2016-11-11,1.0889687538146973,1.2553352117538452
2016-11-14,1.0824854373931885,1.2573871612548828
2016-11-15,1.0750375986099243,1.2520345449447632
2016-11-16,1.0727311372756958,1.2456402778625488
2016-11-17,1.0706638097763062,1.2442454099655151
2016-11-18,1.062304139137268,1.2410026788711548
2016-11-21,1.0584250688552856,1.2324377298355103
2016-11-22,1.0638864040374756,1.2493752241134644
2016-11-23,1.0633772611618042,1.2423903942108154
2016-11-24,1.0545185804367065,1.2433171272277832
2016-11-25,1.0561892986297607,1.2452834844589233
2016-11-28,1.0612331628799438,1.248127818107605
2016-11-29,1.062134861946106,1.2411566972732544
2016-11-30,1.0648492574691772,1.249219298362732
2016-12-01,1.0592098236083984,1.2517211437225342
2016-12-02,1.0663141012191772,1.2589701414108276
2016-12-05,1.0582010746002197,1.266784906387329
2016-12-06,1.0757315158843994,1.2728476524353027
2016-12-07,1.0720411539077759,1.2671059370040894
2016-12-08,1.0761945247650146,1.262785792350769
2016-12-09,1.062134861946106,1.2584948539733887
2016-12-12,1.0547411441802979,1.2597631216049194
2016-12-13,1.0641694068908691,1.2675877809524536
2016-12-14,1.062925100326538,1.2663036584854126
2016-12-15,1.051414132118225,1.253824234008789
2016-12-16,1.0418837070465088,1.2423903942108154
2016-12-19,1.0449975728988647,1.248907208442688
2016-12-20,1.0405826568603516,1.2390038967132568
2016-12-21,1.039047360420227,1.2365524768829346
2016-12-22,1.0428615808486938,1.2354830503463745
2016-12-23,1.0437650680541992,1.2285012006759644
2016-12-26,1.045478343963623,1.2289540767669678
2016-12-27,1.0456969738006592,1.227596402168274
2016-12-28,1.046233057975769,1.227596402168274
2016-12-29,1.0416991710662842,1.2224938869476318
2016-12-30,1.0575296878814697,1.2288031578063965
2017-01-02,1.052698016166687,1.234903335571289
2017-01-03,1.0460032224655151,1.2281994819641113
2017-01-04,1.0419923067092896,1.2245597839355469
2017-01-05,1.0500892400741577,1.2326807975769043
2017-01-06,1.0605915784835815,1.2425447702407837
2017-01-09,1.0531858205795288,1.2260912656784058
2017-01-10,1.0588620901107788,1.2173447608947754
2017-01-11,1.0552419424057007,1.2174336910247803
2017-01-12,1.0597710609436035,1.2214486598968506
2017-01-13,1.0616837739944458,1.2165449857711792
2017-01-16,1.0628687143325806,1.2039345502853394
2017-01-17,1.0602991580963135,1.2040214538574219
2017-01-18,1.0696789026260376,1.2388043403625488
2017-01-19,1.062778353691101,1.225970983505249
2017-01-20,1.0659730434417725,1.2338367700576782
2017-01-23,1.0713750123977661,1.2386969327926636
2017-01-24,1.0760787725448608,1.2517211437225342
2017-01-25,1.0728693008422852,1.2533055543899536
2017-01-26,1.0751993656158447,1.2634079456329346
2017-01-27,1.068296194076538,1.2595410346984863
2017-01-30,1.0713980197906494,1.2591921091079712
2017-01-31,1.0708587169647217,1.25
2017-02-01,1.0803803205490112,1.2589701414108276
2017-02-02,1.0767391920089722,1.2661433219909668
2017-02-03,1.0761713981628418,1.2520031929016113
2017-02-06,1.0782949924468994,1.2484238147735596
2017-02-07,1.0743216276168823,1.2468360662460327
2017-02-08,1.0678056478500366,1.2496250867843628
2017-02-09,1.0692213773727417,1.252803087234497
2017-02-10,1.0658594369888306,1.2498124837875366
2017-02-13,1.061954379081726,1.2484550476074219
2017-02-14,1.059849739074707,1.2523010969161987
2017-02-15,1.0578316450119019,1.2470382452011108
2017-02-16,1.0607378482818604,1.2469760179519653
2017-02-17,1.0672245025634766,1.2489228248596191
2017-02-20,1.062665343284607,1.2433944940567017
2017-02-21,1.0609403848648071,1.2473337650299072
2017-02-22,1.0542073249816895,1.248704433441162
2017-02-23,1.0554089546203613,1.2453765869140625
2017-02-24,1.0584474802017212,1.255618929862976
2017-02-27,1.055275321006775,1.2399563789367676
2017-02-28,1.0584250688552856,1.2439358234405518
2017-03-01,1.0569148063659668,1.2378076314926147
2017-03-02,1.0535852909088135,1.227219820022583
2017-03-03,1.0509721040725708,1.227475881576538
2017-03-06,1.062044620513916,1.23001229763031
2017-03-07,1.0579211711883545,1.224289894104004
2017-03-08,1.0570154190063477,1.2204499244689941
2017-03-09,1.0547411441802979,1.217730164527893
2017-03-10,1.0578428506851196,1.2157316207885742
2017-03-13,1.0690041780471802,1.2171372175216675
2017-03-14,1.0651443004608154,1.220598816871643
2017-03-15,1.0612443685531616,1.2157464027404785
2017-03-16,1.0737909078598022,1.2284257411956787
2017-03-17,1.077470064163208,1.2351168394088745
2017-03-20,1.0742985010147095,1.2384514808654785
2017-03-21,1.073767900466919,1.2367054224014282
2017-03-22,1.081244707107544,1.2482056617736816
2017-03-23,1.0790164470672607,1.2475050687789917
2017-03-24,1.0783880949020386,1.251877784729004
2017-03-27,1.0849517583847046,1.2514548301696777
2017-03-28,1.0860947370529175,1.2557923793792725
2017-03-29,1.0817711353302002,1.2421433925628662
2017-03-30,1.0759629011154175,1.2440440654754639
2017-03-31,1.0687072277069092,1.2478474378585815
2017-04-03,1.0668829679489136,1.2540757656097412
2017-04-04,1.067008137702942,1.249219298362732
2017-04-05,1.0680338144302368,1.2439976930618286
2017-04-06,1.0672472715377808,1.248907208442688
2017-04-07,1.0644639730453491,1.246867299079895
2017-04-10,1.0582010746002197,1.2375165224075317
2017-04-11,1.0597598552703857,1.2425447702407837
2017-04-12,1.0611318349838257,1.2492347955703735
2017-04-13,1.0670650005340576,1.2549885511398315
2017-04-14,1.0616387128829956,1.250781774520874
2017-04-17,1.0610530376434326,1.253509759902954
2017-04-18,1.0644525289535522,1.2557765245437622
2017-04-19,1.0728693008422852,1.2844555377960205
2017-04-20,1.0715012550354004,1.2782330513000488
2017-04-21,1.0714898109436035,1.2801966667175293
2017-04-24,1.087393879890442,1.2826268672943115
2017-04-25,1.0864840745925903,1.2776614427566528
2017-04-26,1.0928245782852173,1.283235788345337
2017-04-27,1.090893268585205,1.2848351001739502
2017-04-28,1.0864251852035522,1.2893576622009277
2017-05-01,1.0907504558563232,1.2931592464447021
2017-05-02,1.090893268585205,1.2897402048110962
2017-05-03,1.0935654640197754,1.2941633462905884
2017-05-04,1.0888975858688354,1.287166953086853
2017-05-05,1.098152995109558,1.2924906015396118
2017-05-08,1.0965152978897095,1.296562910079956
2017-05-09,1.0927767753601074,1.2943308353424072
2017-05-10,1.0886842012405396,1.2948503494262695
2017-05-11,1.087074637413025,1.2930588722229004
2017-05-12,1.0864958763122559,1.2891582250595093
2017-05-15,1.0927289724349976,1.2886598110198975
2017-05-16,1.0981770753860474,1.2903059720993042
2017-05-17,1.1093976497650146,1.2916892766952515
2017-05-18,1.115635633468628,1.2970168590545654
2017-05-19,1.1113580465316772,1.2958402633666992
2017-05-22,1.120485782623291,1.3012192249298096
2017-05-23,1.123885989189148,1.2995283603668213
2017-05-24,1.11793053150177,1.2956557273864746
2017-05-25,1.1230907440185547,1.2980270385742188
2017-05-26,1.121076226234436,1.293326497077942
2017-05-29,1.1176055669784546,1.281427025794983
2017-05-30,1.1129041910171509,1.281410574913025
2017-05-31,1.117168664932251,1.2809016704559326
2017-06-01,1.1243535280227661,1.2875481843948364
2017-06-02,1.1215791702270508,1.2888258695602417
2017-06-05,1.128082513809204,1.2870012521743774
2017-06-06,1.1256824731826782,1.2907389402389526
2017-06-07,1.1271415948867798,1.2906723022460938
2017-06-08,1.125517725944519,1.2962098121643066
2017-06-09,1.1184805631637573,1.2722970247268677
2017-06-12,1.1201971769332886,1.2739177942276
2017-06-13,1.1196202039718628,1.2669775485992432
2017-06-14,1.1208877563476562,1.2750548124313354
2017-06-15,1.1215791702270508,1.2754452228546143
2017-06-16,1.1146905422210693,1.275835633277893
2017-06-19,1.120824933052063,1.277955174446106
2017-06-20,1.1144545078277588,1.273236632347107
2017-06-21,1.1136974096298218,1.263248324394226
2017-06-22,1.1167196035385132,1.2675718069076538
2017-06-23,1.1149640083312988,1.267812728881836
2017-06-26,1.1198835372924805,1.2743399143218994
2017-06-27,1.118355631828308,1.2724589109420776
2017-06-28,1.1339154243469238,1.281295657157898
2017-06-29,1.1382650136947632,1.2941465377807617
2017-06-30,1.144164800643921,1.3011176586151123
2017-07-03,1.1423088312149048,1.301642656326294
2017-07-04,1.1371389627456665,1.2948671579360962
2017-07-05,1.1360150575637817,1.2934937477111816
2017-07-06,1.1346874237060547,1.2931759357452393
2017-07-07,1.1424784660339355,1.2973533868789673
2017-07-10,1.140380859375,1.2891249656677246
2017-07-12,1.1473942995071411,1.2859586477279663
2017-07-13,1.1418914794921875,1.2893743515014648
2017-07-14,1.140393853187561,1.294716238975525
2017-07-17,1.1475391387939453,1.311131477355957
2017-07-18,1.1474337577819824,1.3053126335144043
2017-07-19,1.1549744606018066,1.303865909576416
2017-07-20,1.1528440713882446,1.3032711744308472
2017-07-21,1.1628718376159668,1.2965459823608398
2017-07-24,1.1681697368621826,1.3004746437072754
2017-07-25,1.1638869047164917,1.3031013011932373
2017-07-26,1.1644561290740967,1.3027619123458862
2017-07-27,1.1728004217147827,1.311475396156311
2017-07-28,1.1688660383224487,1.3076680898666382
2017-07-31,1.1747292280197144,1.3144922256469727
2017-08-01,1.182410478591919,1.3195397853851318
2017-08-02,1.1811256408691406,1.3207945823669434
2017-08-03,1.1851149797439575,1.3228389024734497
2017-08-04,1.1884952783584595,1.314405918121338
2017-08-07,1.1778424978256226,1.3046995401382446
2017-08-08,1.1800941228866577,1.3037809133529663
2017-08-09,1.1754610538482666,1.2986170053482056
2017-08-10,1.1761523485183716,1.3014055490493774
2017-08-11,1.177024483680725,1.2976733446121216
2017-08-14,1.182550311088562,1.3005930185317993
2017-08-15,1.1775789260864258,1.2965123653411865
2017-08-16,1.1741223335266113,1.2867032289505005
2017-08-17,1.1774264574050903,1.2891582250595093
2017-08-18,1.1715501546859741,1.2865046262741089
2017-08-21,1.1756268739700317,1.2873657941818237
2017-08-22,1.1811953783035278,1.289823293685913
2017-08-23,1.176221489906311,1.2823965549468994
2017-08-24,1.1816558837890625,1.28037691116333
2017-08-25,1.1802195310592651,1.280393362045288
2017-08-28,1.1951857805252075,1.2905224561691284
2017-08-29,1.1963869333267212,1.2927078008651733
2017-08-30,1.1970456838607788,1.292657732963562
2017-08-31,1.1893434524536133,1.2920564413070679
2017-09-01,1.1910432577133179,1.2941633462905884
2017-09-04,1.1882835626602173,1.2965123653411865
2017-09-05,1.1893434524536133,1.2924071550369263
2017-09-06,1.1924067735671997,1.3041210174560547
2017-09-07,1.1927765607833862,1.3049719333648682
2017-09-08,1.2029062509536743,1.3104785680770874
2017-09-11,1.2017642259597778,1.3197661638259888
2017-09-12,1.1959433555603027,1.3169677257537842
2017-09-13,1.1974613666534424,1.3289213180541992
2017-09-14,1.1890605688095093,1.3206027746200562
2017-09-15,1.1921650171279907,1.3399077653884888
2017-09-18,1.193716287612915,1.3575152158737183
2017-09-19,1.1959290504455566,1.3516618013381958
2017-09-20,1.199256420135498,1.3515340089797974
2017-09-21,1.1872113943099976,1.3489633798599243
2017-09-22,1.194557547569275,1.3579760789871216
2017-09-25,1.1927196979522705,1.3507307767868042
2017-09-26,1.185564637184143,1.3477815389633179
2017-09-27,1.1786059141159058,1.3448090553283691
2017-09-28,1.1749638319015503,1.3398897647857666
2017-09-29,1.178175449371338,1.343021035194397
2017-10-02,1.1807351112365723,1.3394052982330322
2017-10-03,1.173378348350525,1.3275628089904785
2017-10-04,1.1747568845748901,1.3241175413131714
2017-10-05,1.175723671913147,1.323276400566101
2017-10-06,1.1712344884872437,1.3112690448760986
2017-10-09,1.1742464303970337,1.3084039688110352
2017-10-10,1.1741636991500854,1.314405918121338
2017-10-11,1.1814883947372437,1.3211086988449097
2017-10-12,1.1865493059158325,1.3239772319793701
2017-10-13,1.1831799745559692,1.326435923576355
2017-10-16,1.181404709815979,1.3288860321044922
2017-10-17,1.1794538497924805,1.3252933025360107
2017-10-18,1.1771907806396484,1.319487452507019
2017-10-19,1.1795234680175781,1.321300745010376
2017-10-20,1.184805989265442,1.3150626420974731
2017-10-23,1.175364375114441,1.3189828395843506
2017-10-24,1.1759172677993774,1.3206549882888794
2017-10-25,1.1759034395217896,1.3131976127624512
2017-10-26,1.182075023651123,1.327351450920105
2017-10-27,1.163724422454834,1.3130252361297607
2017-10-30,1.1604562997817993,1.3134045600891113
2017-10-31,1.1652703285217285,1.3212482929229736
2017-11-01,1.165175199508667,1.3292216062545776
2017-11-02,1.1628718376159668,1.3255391120910645
2017-11-03,1.1661807298660278,1.30532968044281
2017-11-06,1.1614941358566284,1.30804443359375
2017-11-07,1.1612648963928223,1.3175057172775269
2017-11-08,1.1601063013076782,1.3172106742858887
2017-11-09,1.15968918800354,1.3113033771514893
2017-11-10,1.164686679840088,1.3144404888153076
2017-11-13,1.1661127805709839,1.312026023864746
2017-11-14,1.1664936542510986,1.3123359680175781
2017-11-15,1.1792869567871094,1.3157894611358643
2017-11-17,1.1777453422546387,1.3200448751449585
2017-11-20,1.1731857061386108,1.3202714920043945
2017-11-21,1.1741223335266113,1.3245033025741577
2017-11-22,1.173722743988037,1.3245558738708496
2017-11-23,1.1814744472503662,1.3316820859909058
2017-11-24,1.1853959560394287,1.330672025680542
2017-11-27,1.1926485300064087,1.3324450254440308
2017-11-28,1.1904903650283813,1.3322319984436035
2017-11-29,1.184805989265442,1.3365410566329956
2017-11-30,1.18519926071167,1.3417235612869263
2017-12-01,1.1898245811462402,1.3529969453811646
2017-12-04,1.1859863996505737,1.349400281906128
2017-12-05,1.1867746114730835,1.347527265548706
2017-12-06,1.1832919120788574,1.341525673866272
2017-12-07,1.1804285049438477,1.3392258882522583
2017-12-08,1.1772184371948242,1.348435878753662
2017-12-11,1.1769968271255493,1.3392080068588257
2017-12-12,1.1777591705322266,1.334935188293457
2017-12-13,1.1742602586746216,1.331948161125183
2017-12-14,1.1835860013961792,1.3409678936004639
2017-12-15,1.1774957180023193,1.3432915210723877
2017-12-18,1.1743566989898682,1.3317352533340454
2017-12-19,1.1784253120422363,1.3380789756774902
2017-12-20,1.1841325759887695,1.3386881351470947
2017-12-21,1.1878176927566528,1.3372023105621338
2017-12-22,1.1857331991195679,1.338043212890625
2017-12-25,1.1856067180633545,1.3365052938461304
2017-12-26,1.187253713607788,1.3376137018203735
2017-12-27,1.1857894659042358,1.337470531463623
2017-12-28,1.1900794506072998,1.3403927087783813
2017-12-29,1.1941723823547363,1.344085931777954
2018-01-01,1.200494647026062,1.351607084274292
2018-01-02,1.2011579275131226,1.3511322736740112
2018-01-03,1.2063454389572144,1.359619379043579
2018-01-04,1.2010425329208374,1.3511322736740112
2018-01-05,1.2068840265274048,1.3552889823913574
2018-01-08,1.2037460803985596,1.3575890064239502
2018-01-09,1.1970456838607788,1.3571282625198364
2018-01-10,1.1929330825805664,1.353234887123108
2018-01-11,1.1956144571304321,1.351278305053711
2018-01-12,1.2042099237442017,1.3541878461837769
2018-01-15,1.2192296981811523,1.3733056783676147
2018-01-16,1.2268433570861816,1.379824161529541
2018-01-17,1.227129340171814,1.3798813819885254
2018-01-18,1.218397855758667,1.382800817489624
2018-01-19,1.2236607074737549,1.3894678354263306
2018-01-22,1.2255502939224243,1.3891589641571045
2018-01-23,1.2256253957748413,1.3984841108322144
2018-01-24,1.2310267686843872,1.401738166809082
2018-01-25,1.239111304283142,1.4220906496047974
2018-01-26,1.239234209060669,1.4150274991989136
2018-01-29,1.2428072690963745,1.4149274826049805
2018-01-30,1.2381141185760498,1.4076577425003052
2018-01-31,1.2409565448760986,1.4155884981155396
2018-02-01,1.241865873336792,1.420051097869873
2018-02-02,1.2510008811950684,1.4266760349273682
2018-02-05,1.244694471359253,1.411133885383606
2018-02-06,1.2367818355560303,1.3943694829940796
2018-02-07,1.2381294965744019,1.395868182182312
2018-02-08,1.2268133163452148,1.3879250288009644
2018-02-09,1.2260762453079224,1.3934950828552246
2018-02-12,1.2252799272537231,1.3827433586120605
2018-02-13,1.2303755283355713,1.3852334022521973
2018-02-14,1.235376238822937,1.3886960744857788
2018-02-15,1.2467273473739624,1.401581048965454
2018-02-16,1.2503595352172852,1.4104173183441162
2018-02-19,1.241187572479248,1.4031543731689453
2018-02-20,1.2398641109466553,1.3992668390274048
2018-02-21,1.233532428741455,1.4001091718673706
2018-02-22,1.2281843423843384,1.3910139799118042
2018-02-23,1.2326656579971313,1.3953033685684204
2018-02-26,1.228712558746338,1.3968042135238647
2018-02-27,1.2315573692321777,1.3966480493545532
2018-02-28,1.2230321168899536,1.3906078338623047
2018-03-01,1.2191256284713745,1.375421166419983
2018-03-02,1.2270842790603638,1.377543330192566
2018-03-05,1.2315422296524048,1.3795006275177002
2018-03-06,1.2336541414260864,1.3852334022521973
2018-03-07,1.2416653633117676,1.390008568763733
2018-03-08,1.2414649724960327,1.390627145767212
2018-03-09,1.2306632995605469,1.3805670738220215
2018-03-12,1.2308752536773682,1.38554048538208
2018-03-13,1.2339584827423096,1.3907625675201416
2018-03-14,1.239234209060669,1.397233486175537
2018-03-15,1.2375624179840088,1.3971552848815918
2018-03-16,1.2309207916259766,1.3938642740249634
2018-03-19,1.228078842163086,1.3943500518798828
2018-03-20,1.2336845397949219,1.4025245904922485
2018-03-21,1.2251899242401123,1.4004818201065063
2018-03-22,1.2347661256790161,1.414627194404602
2018-03-23,1.2324985265731812,1.4114724397659302
2018-03-26,1.235437273979187,1.4147672653198242
2018-03-27,1.2457488775253296,1.423892855644226
2018-03-28,1.240787148475647,1.417635440826416
2018-03-29,1.2310267686843872,1.4080342054367065
2018-03-30,1.2302846908569336,1.4029377698898315
2018-04-02,1.231420874595642,1.403823971748352
2018-04-03,1.229271411895752,1.4046719074249268
2018-04-04,1.2278525829315186,1.4068654775619507
2018-04-05,1.228682279586792,1.4088078737258911
2018-04-06,1.2251598834991455,1.400874137878418
2018-04-09,1.227144479751587,1.4091651439666748
2018-04-10,1.2322403192520142,1.4138271808624268
2018-04-11,1.2363078594207764,1.4182183742523193
2018-04-12,1.2371643781661987,1.4189025163650513
2018-04-13,1.2329696416854858,1.4238117933273315
2018-04-16,1.233258605003357,1.4246840476989746
2018-04-17,1.2385127544403076,1.4342057704925537
2018-04-18,1.237317442893982,1.4296538829803467
2018-04-19,1.237914800643921,1.4204343557357788
2018-04-20,1.2345526218414307,1.4086490869522095
2018-04-23,1.2273402214050293,1.4001679420471191
2018-04-24,1.22089684009552,1.3938252925872803
2018-04-25,1.2241400480270386,1.3993842601776123
2018-04-26,1.2171669006347656,1.3939224481582642
2018-04-27,1.2109616994857788,1.391943335533142
2018-04-30,1.2122827768325806,1.37710702419281
2018-05-01,1.2081234455108643,1.3772207498550415
2018-05-02,1.1991558074951172,1.3609329462051392
2018-05-03,1.19510018825531,1.3573862314224243
2018-05-04,1.1989257335662842,1.3572388887405396
2018-05-07,1.195500135421753,1.3531982898712158
2018-05-08,1.1933743953704834,1.3570362329483032
2018-05-09,1.1867886781692505,1.3553440570831299
2018-05-10,1.184721827507019,1.3544628620147705
2018-05-11,1.1917530298233032,1.352338194847107
2018-05-14,1.1952143907546997,1.355380892753601
2018-05-15,1.1931180953979492,1.3562448024749756
2018-05-16,1.1820889711380005,1.3500195741653442
2018-05-17,1.1816978454589844,1.354830026626587
2018-05-18,1.1795234680175781,1.3515340089797974
2018-05-21,1.1766643524169922,1.3477089405059814
2018-05-22,1.1792453527450562,1.3431833982467651
2018-05-23,1.1788560152053833,1.3441040515899658
2018-05-24,1.1710150241851807,1.3371307849884033
2018-05-25,1.1722642183303833,1.3383476734161377
2018-05-28,1.1688934564590454,1.3309022188186646
2018-05-29,1.162696123123169,1.3315579891204834
2018-05-30,1.1539349555969238,1.3253810405731201
2018-05-31,1.1667250394821167,1.328356385231018
2018-06-01,1.1693171262741089,1.3289390802383423
2018-06-04,1.1668611764907837,1.3356484174728394
2018-06-05,1.1700559854507446,1.3316465616226196
2018-06-06,1.1726216077804565,1.3406083583831787
2018-06-07,1.178550362586975,1.3421558141708374
2018-06-08,1.1795234680175781,1.3419216871261597
2018-06-11,1.1783976554870605,1.341381549835205
2018-06-12,1.177412509918213,1.3374348878860474
2018-06-13,1.17482590675354,1.3372559547424316
2018-06-14,1.1807769536972046,1.3382760286331177
2018-06-15,1.1566576957702637,1.3256621360778809
2018-06-18,1.159595012664795,1.3275099992752075
2018-06-19,1.1630746126174927,1.3258730173110962
2018-06-20,1.1588560342788696,1.317332148551941
2018-06-21,1.1579033136367798,1.3175230026245117
2018-06-22,1.1605775356292725,1.3247840404510498
2018-06-25,1.1661399602890015,1.3262423276901245
2018-06-26,1.1702749729156494,1.3278449773788452
2018-06-27,1.1650259494781494,1.3221042156219482
2018-06-28,1.1563634872436523,1.3120431900024414
2018-06-29,1.1562966108322144,1.3075141906738281
2018-07-02,1.1678558588027954,1.3207770586013794
2018-07-03,1.1642121076583862,1.314405918121338
2018-07-04,1.1659224033355713,1.3194352388381958
2018-07-05,1.166235089302063,1.3229262828826904
2018-07-06,1.1695905923843384,1.3225764036178589
2018-07-09,1.1752262115478516,1.329787254333496
2018-07-10,1.1756960153579712,1.325556755065918
2018-07-11,1.1727042198181152,1.3257324695587158
2018-07-12,1.1676785945892334,1.3210039138793945
2018-07-13,1.1665889024734497,1.3180439472198486
2018-07-16,1.1679104566574097,1.3227688074111938
2018-07-17,1.170946478843689,1.3236442804336548
2018-07-18,1.1653246879577637,1.3106160163879395
2018-07-19,1.164564609527588,1.3078221082687378
2018-07-20,1.1655147075653076,1.3023037910461426
2018-07-23,1.1741912364959717,1.3147169351577759
2018-07-24,1.1694128513336182,1.3102725744247437
2018-07-25,1.1685519218444824,1.3152183294296265
2018-07-26,1.1737502813339233,1.3199577331542969
2018-07-27,1.1642934083938599,1.3108737468719482
2018-07-30,1.16604483127594,1.3111830949783325
2018-07-31,1.1707408428192139,1.3135426044464111
2018-08-01,1.168961763381958,1.3121638298034668
2018-08-02,1.1665889024734497,1.3126115798950195
2018-08-03,1.1586008071899414,1.3018121719360352
2018-08-06,1.1562297344207764,1.3003562688827515
2018-08-07,1.1558021306991577,1.2944984436035156
2018-08-08,1.1602946519851685,1.2946659326553345
2018-08-09,1.1610760688781738,1.2881617546081543
2018-08-10,1.1523923873901367,1.2828407287597656
2018-08-13,1.1394712924957275,1.2758845090866089
2018-08-14,1.1402509212493896,1.2762752771377563
2018-08-15,1.1345715522766113,1.271779179573059
2018-08-16,1.134429931640625,1.2693899869918823
2018-08-17,1.1371389627456665,1.2714558839797974
2018-08-20,1.1437721252441406,1.2747135162353516
2018-08-21,1.149134635925293,1.2804261445999146
2018-08-22,1.1576753854751587,1.290555715560913
2018-08-23,1.1584800481796265,1.2904725074768066
2018-08-24,1.154334545135498,1.281065821647644
2018-08-27,1.164890170097351,1.2860909700393677
2018-08-28,1.1683608293533325,1.2896735668182373
2018-08-29,1.1691256761550903,1.2867693901062012
2018-08-30,1.1709738969802856,1.3035939931869507
2018-08-31,1.1664663553237915,1.301100730895996
2018-09-03,1.1601063013076782,1.292306900024414
2018-09-04,1.161548137664795,1.2869019508361816
2018-09-05,1.1586545705795288,1.2858428955078125
2018-09-06,1.1635212898254395,1.2914891242980957
2018-09-07,1.1620069742202759,1.2925406694412231
2018-09-10,1.1561094522476196,1.2930254936218262
2018-09-11,1.159595012664795,1.302643060684204
2018-09-12,1.1596084833145142,1.3015578985214233
2018-09-13,1.1629259586334229,1.3045463562011719
2018-09-14,1.1691803932189941,1.311131477355957
2018-09-17,1.1628988981246948,1.307326316833496
2018-09-18,1.1669156551361084,1.3146305084228516
2018-09-19,1.167992353439331,1.3168463706970215
2018-09-20,1.167460560798645,1.3141123056411743
2018-09-21,1.1775927543640137,1.327087163925171
2018-09-24,1.1751019954681396,1.30804443359375
2018-09-25,1.175295352935791,1.311733365058899
2018-09-26,1.1763184070587158,1.3179919719696045
2018-09-27,1.1748534440994263,1.3172800540924072
2018-09-28,1.1637378931045532,1.3078734874725342
2018-10-01,1.1605371236801147,1.3039000034332275
2018-10-02,1.157755732536316,1.3043591976165771
2018-10-03,1.1551746129989624,1.2981956005096436
2018-10-04,1.147631287574768,1.294062852859497
2018-10-05,1.1518083810806274,1.3024225234985352
2018-10-08,1.1522595882415771,1.31271493434906
2018-10-09,1.1494120359420776,1.309311866760254
2018-10-10,1.1506949663162231,1.3157029151916504
2018-10-11,1.1533360481262207,1.3206725120544434
2018-10-12,1.1590440273284912,1.3234164714813232
2018-10-15,1.1551345586776733,1.3103927373886108
2018-10-16,1.1583458185195923,1.315477967262268
2018-10-17,1.1575279235839844,1.318721890449524
2018-10-18,1.1500862836837769,1.3104442358016968
2018-10-19,1.1460003852844238,1.3024225234985352
2018-10-22,1.1509466171264648,1.3065404891967773
2018-10-23,1.1467890739440918,1.2965964078903198
2018-10-24,1.147315263748169,1.2981280088424683
2018-10-25,1.1399258375167847,1.2888258695602417
2018-10-26,1.1377859115600586,1.2824623584747314
2018-10-29,1.1398738622665405,1.2831040620803833
2018-10-30,1.137617588043213,1.2802459001541138
2018-10-31,1.1346358060836792,1.2708903551101685
2018-11-01,1.1316697597503662,1.276943564414978
2018-11-02,1.1403288841247559,1.3003731966018677
2018-11-05,1.1397570371627808,1.3005592823028564
2018-11-06,1.141291856765747,1.3058068752288818
2018-11-07,1.1438506841659546,1.3112518787384033
2018-11-08,1.1434059143066406,1.3128528594970703
2018-11-09,1.1368415355682373,1.3066771030426025
2018-11-12,1.132502794265747,1.2938451766967773
2018-11-13,1.1233429908752441,1.2857933044433594
2018-11-14,1.1311193704605103,1.3014055490493774
2018-11-15,1.131183385848999,1.2986170053482056
2018-11-16,1.1324899196624756,1.276650071144104
2018-11-19,1.141396164894104,1.2833181619644165
2018-11-20,1.1455016136169434,1.2859750986099243
2018-11-21,1.1372424364089966,1.2789195775985718
2018-11-22,1.1388354301452637,1.277726650238037
2018-11-23,1.1403158903121948,1.287597894668579
2018-11-26,1.1337354183197021,1.2812299728393555
2018-11-27,1.1333370208740234,1.2812299728393555
2018-11-28,1.1298797130584717,1.2743724584579468
2018-11-29,1.1368545293807983,1.2824130058288574
2018-11-30,1.1392766237258911,1.2784454822540283
2018-12-03,1.1342240571975708,1.2753475904464722
2018-12-04,1.135486125946045,1.2725884914398193
2018-12-05,1.1342884302139282,1.2720541954040527
2018-12-06,1.13490629196167,1.2727665901184082
2018-12-07,1.1374752521514893,1.2778573036193848
2018-12-10,1.1400948762893677,1.2721028327941895
2018-12-11,1.1356538534164429,1.2561235427856445
2018-12-12,1.1323105096817017,1.2492972612380981
2018-12-13,1.1373459100723267,1.2628655433654785
2018-12-14,1.1363636255264282,1.2655024528503418
2018-12-17,1.1305949687957764,1.2585581541061401
2018-12-18,1.1349835395812988,1.2615749835968018
2018-12-19,1.1375399827957153,1.2655024528503418
2018-12-20,1.1389521360397339,1.262785792350769
2018-12-21,1.1456853151321411,1.2669775485992432
2018-12-24,1.1372811794281006,1.2648941278457642
2018-12-25,1.140393853187561,1.2710840702056885
2018-12-26,1.1415525674819946,1.2688745260238647
2018-12-27,1.1361312866210938,1.2648781538009644
2018-12-28,1.143105387687683,1.2646220922470093
2018-12-31,1.1439945697784424,1.269357681274414
2019-01-01,1.1493064165115356,1.2738043069839478
2019-01-02,1.14617121219635,1.2754288911819458
2019-01-03,1.1318106651306152,1.2521913051605225
2019-01-04,1.1391078233718872,1.2628813982009888
2019-01-07,1.1410444974899292,1.2734960317611694
2019-01-08,1.1479737758636475,1.278608798980713
2019-01-09,1.1456066370010376,1.2737879753112793
2019-01-10,1.1554949283599854,1.279967188835144
2019-01-11,1.151012897491455,1.2753963470458984
2019-01-14,1.146013617515564,1.2849836349487305
2019-01-15,1.1472889184951782,1.2874983549118042
2019-01-16,1.1416828632354736,1.2872166633605957
2019-01-17,1.1398088932037354,1.2885768413543701
2019-01-18,1.13926362991333,1.2983977794647217
2019-01-21,1.1365574598312378,1.2853471040725708
2019-01-22,1.136932134628296,1.2891747951507568
2019-01-23,1.1364023685455322,1.2957731485366821
2019-01-24,1.1388224363327026,1.308215618133545
2019-01-25,1.1313496828079224,1.3121638298034668
2019-01-28,1.1413049697875977,1.3208470344543457
2019-01-29,1.143000841140747,1.3160146474838257
2019-01-30,1.1435366868972778,1.30804443359375
2019-01-31,1.1487650871276855,1.3117163181304932
2019-02-01,1.1449507474899292,1.3109424114227295
2019-02-04,1.1455278396606445,1.3077365159988403
2019-02-05,1.1436283588409424,1.3031013011932373
2019-02-06,1.140992522239685,1.2957228422164917
2019-02-07,1.1365960836410522,1.2934435606002808
2019-02-08,1.1338768005371094,1.2949174642562866
2019-02-11,1.1324259042739868,1.293677806854248
2019-02-12,1.1279042959213257,1.2864052057266235
2019-02-13,1.1334655284881592,1.2892080545425415
2019-02-14,1.12649405002594,1.2856775522232056
2019-02-15,1.1295350790023804,1.2798361778259277
2019-02-18,1.1298030614852905,1.290555715560913
2019-02-19,1.131196141242981,1.2924071550369263
2019-02-20,1.1343011856079102,1.3061310052871704
2019-02-21,1.1346358060836792,1.30451238155365
2019-02-22,1.1343011856079102,1.3041380643844604
2019-02-25,1.1342240571975708,1.306557536125183
2019-02-26,1.1367511749267578,1.31271493434906
2019-02-27,1.1393154859542847,1.3258028030395508
2019-02-28,1.1380189657211304,1.3318239450454712
2019-03-01,1.1373459100723267,1.3264886140823364
2019-03-04,1.1375917196273804,1.3239772319793701
2019-03-05,1.1337354183197021,1.3178529739379883
2019-03-06,1.1307101249694824,1.3156682252883911
2019-03-07,1.1314009428024292,1.3182177543640137
2019-03-08,1.1198333501815796,1.3092432022094727
2019-03-11,1.1232421398162842,1.2988362312316895
2019-03-12,1.1259232759475708,1.3248542547225952
2019-03-13,1.1287446022033691,1.3066771030426025
2019-03-14,1.133105993270874,1.3285682201385498
2019-03-15,1.1308379173278809,1.3258554935455322
2019-03-18,1.1319772005081177,1.329716444015503
2019-03-19,1.133619785308838,1.326435923576355
2019-03-20,1.135486125946045,1.3271400928497314
2019-03-21,1.1427918672561646,1.320533037185669
2019-03-22,1.1375011205673218,1.313232183456421
2019-03-25,1.129586100578308,1.3206549882888794
2019-03-26,1.131580114364624,1.3215277194976807
2019-03-27,1.127484679222107,1.321143627166748
2019-03-28,1.1251758337020874,1.3152703046798706
2019-03-29,1.1230024099349976,1.30565345287323
2019-04-01,1.1223849058151245,1.3022867441177368
2019-04-02,1.1205737590789795,1.3068991899490356
2019-04-03,1.1203854084014893,1.312766671180725
2019-04-04,1.1246949434280396,1.3176966905593872
2019-04-05,1.1225864887237549,1.3077024221420288
2019-04-08,1.121956706047058,1.3038150072097778
2019-04-09,1.1256444454193115,1.306335687637329
2019-04-10,1.126697063446045,1.305721640586853
2019-04-11,1.1276500225067139,1.3099292516708374
2019-04-12,1.1260753870010376,1.3056023120880127
2019-04-15,1.1305055618286133,1.3083868026733398
2019-04-16,1.1304928064346313,1.3102725744247437
2019-04-17,1.128502607345581,1.3046314716339111
2019-04-18,1.129713773727417,1.3039339780807495
2019-04-19,1.1235954761505127,1.2994438409805298
2019-04-22,1.1244546175003052,1.299376368522644
2019-04-23,1.1258978843688965,1.2981449365615845
2019-04-24,1.122435212135315,1.2938116788864136
2019-04-25,1.1153494119644165,1.2904890775680542
2019-04-26,1.113684892654419,1.289607048034668
2019-04-29,1.1150261163711548,1.2920230627059937
2019-04-30,1.1185182332992554,1.2932428121566772
2019-05-01,1.121604323387146,1.3039849996566772
2019-05-02,1.1200841665267944,1.3053126335144043
2019-05-03,1.1173559427261353,1.3033220767974854
2019-05-06,1.1185808181762695,1.3150626420974731
2019-05-07,1.1201846599578857,1.3099292516708374
2019-05-08,1.1191065311431885,1.3068820238113403
2019-05-09,1.1198333501815796,1.3012022972106934
2019-05-10,1.1222084760665894,1.3009653091430664
2019-05-13,1.1236460208892822,1.3010668754577637
2019-05-14,1.1232547760009766,1.2963106632232666
2019-05-15,1.1204482316970825,1.2906556129455566
2019-05-16,1.1207244396209717,1.2847524881362915
2019-05-17,1.1173559427261353,1.2797706127166748
2019-05-20,1.1165324449539185,1.2731555700302124
2019-05-21,1.1168566942214966,1.2729123830795288
2019-05-23,1.1155484914779663,1.2664159536361694
2019-05-24,1.1184556484222412,1.2664639949798584
2019-05-27,1.1209630966186523,1.2724751234054565
2019-05-28,1.1193821430206299,1.2682307958602905
2019-05-29,1.1170687675476074,1.2659670114517212
2019-05-30,1.1137346029281616,1.2629451751708984
2019-05-31,1.1131147146224976,1.2609704732894897
2019-06-03,1.1174057722091675,1.2639508247375488
2019-06-04,1.124631643295288,1.2664159536361694
2019-06-05,1.1254037618637085,1.2702767848968506
2019-06-06,1.1229015588760376,1.2688584327697754
2019-06-07,1.1276500225067139,1.269841194152832
2019-06-10,1.1320157051086426,1.2722970247268677
2019-06-11,1.1318106651306152,1.2691160440444946
2019-06-12,1.1329518556594849,1.2724426984786987
2019-06-13,1.1295605897903442,1.2693415880203247
2019-06-14,1.1280443668365479,1.268005609512329
2019-06-17,1.1217050552368164,1.2596044540405273
2019-06-18,1.1224603652954102,1.2541544437408447
2019-06-19,1.1198208332061768,1.2566603422164917
2019-06-20,1.1238480806350708,1.2656625509262085
2019-06-21,1.1295605897903442,1.2707933187484741
2019-06-24,1.1384724378585815,1.2750873565673828
2019-06-25,1.140029788017273,1.2739664316177368
2019-06-26,1.1369967460632324,1.2690677642822266
2019-06-27,1.1374752521514893,1.269841194152832
2019-06-28,1.1372941732406616,1.267748475074768
2019-07-01,1.1364928483963013,1.2694543600082397
2019-07-02,1.1287446022033691,1.2644623517990112
2019-07-03,1.1293054819107056,1.25982666015625
2019-07-04,1.1287955045700073,1.2582731246948242
2019-07-05,1.128579020500183,1.2583048343658447
2019-07-08,1.1227376461029053,1.2525520324707031
2019-07-09,1.121604323387146,1.2516427040100098
2019-07-10,1.120824933052063,1.2458575963974
2019-07-11,1.125885248184204,1.2508130073547363
2019-07-12,1.1252391338348389,1.2523481845855713
2019-07-15,1.1272051334381104,1.2571974992752075
2019-07-16,1.1261768341064453,1.251799464225769
2019-07-17,1.1212271451950073,1.2412029504776
2019-07-18,1.12296462059021,1.2434717416763306
2019-07-19,1.1261515617370605,1.2541857957839966
2019-07-22,1.1218308210372925,1.2512825727462769
2019-07-23,1.1206114292144775,1.2474894523620605
2019-07-24,1.1151255369186401,1.243904948234558
2019-07-25,1.1142433881759644,1.2485953569412231
2019-07-26,1.1146159172058105,1.2453454732894897
2019-07-29,1.1132138967514038,1.2376697063446045
2019-07-30,1.1143054962158203,1.2217471599578857
2019-07-31,1.1157974004745483,1.2161602973937988
2019-08-01,1.1071745157241821,1.215376853942871
2019-08-02,1.1078859567642212,1.2124298810958862
2019-08-05,1.1108025312423706,1.215214490890503
2019-08-06,1.1243788003921509,1.2158203125
2019-08-07,1.1206992864608765,1.2169743776321411
2019-08-08,1.1204355955123901,1.2143291234970093
2019-08-09,1.1187183856964111,1.2143733501434326
2019-08-12,1.1208499670028687,1.2021976709365845
2019-08-13,1.1218308210372925,1.207875370979309
2019-08-14,1.1177055835723877,1.2064181566238403
2019-08-15,1.1143302917480469,1.2060399055480957
2019-08-16,1.1113580465316772,1.209160566329956
2019-08-19,1.109385371208191,1.2161011695861816
2019-08-20,1.1083157062530518,1.2131506204605103
2019-08-21,1.1097793579101562,1.2162343263626099
2019-08-22,1.10907781124115,1.213224172592163
2019-08-23,1.1084016561508179,1.2251899242401123
2019-08-26,1.1143054962158203,1.2262415885925293
2019-08-27,1.1103708744049072,1.222195029258728
2019-08-28,1.109004020690918,1.2283201217651367
2019-08-29,1.1085859537124634,1.2218515872955322
2019-08-30,1.1061947345733643,1.218650221824646
2019-09-02,1.0991789102554321,1.21592378616333
2019-09-03,1.0968520641326904,1.2066656351089478
2019-09-04,1.0974539518356323,1.2090436220169067
2019-09-05,1.10349702835083,1.2248897552490234
2019-09-06,1.1036310195922852,1.2323921918869019
2019-09-09,1.1020619869232178,1.2283051013946533
2019-09-10,1.1048381328582764,1.2345373630523682
2019-09-11,1.1050333976745605,1.2354830503463745
2019-09-12,1.1013457775115967,1.233471393585205
2019-09-13,1.1058276891708374,1.2329391241073608
2019-09-16,1.1083402633666992,1.2497344017028809
2019-09-17,1.100594401359558,1.2428536415100098
2019-09-18,1.1074687242507935,1.2502655982971191
2019-09-19,1.1031439304351807,1.247053861618042
2019-09-20,1.1048502922058105,1.2525050640106201
2019-09-23,1.1019041538238525,1.2471938133239746
2019-09-24,1.0993722677230835,1.243456244468689
2019-09-25,1.1016855239868164,1.2485953569412231
2019-09-26,1.0952903032302856,1.2359564304351807
2019-09-27,1.0922753810882568,1.2331976890563965
2019-09-30,1.0942714214324951,1.2293167114257812
2019-10-01,1.0899657011032104,1.2289994955062866
2019-10-02,1.0934937000274658,1.2292261123657227
2019-10-03,1.0963709354400635,1.230436086654663
2019-10-04,1.0975382328033447,1.2342326641082764
2019-10-07,1.098659634590149,1.2334411144256592
2019-10-08,1.0972130298614502,1.2288031578063965
2019-10-09,1.0960105657577515,1.2219561338424683
2019-10-10,1.0987803936004639,1.2212995290756226
2019-10-11,1.1011033058166504,1.2433171272277832
2019-10-14,1.1030004024505615,1.261899709701538
2019-10-15,1.1029006242752075,1.2611771821975708
2019-10-16,1.1034727096557617,1.2760635614395142
2019-10-17,1.107493281364441,1.2823801040649414
2019-10-18,1.1127183437347412,1.286860466003418
2019-10-21,1.1155734062194824,1.2900229692459106
2019-10-22,1.1151753664016724,1.297168254852295
2019-10-23,1.112928867340088,1.2884771823883057
2019-10-24,1.1132385730743408,1.2923235893249512
2019-10-25,1.1103955507278442,1.2840267419815063
2019-10-28,1.1084262132644653,1.283202886581421
2019-10-29,1.1099148988723755,1.2857435941696167
2019-10-30,1.1114816665649414,1.2866700887680054
2019-10-31,1.1154489517211914,1.290172815322876
2019-11-01,1.1157102584838867,1.2939623594284058
2019-11-04,1.1166571378707886,1.2937614917755127
2019-11-05,1.1128545999526978,1.2891582250595093
2019-11-06,1.107419729232788,1.288062334060669
2019-11-07,1.1070396900177002,1.2856775522232056
2019-11-08,1.1019697189331055,1.2779992818832397
2019-11-11,1.102244257926941,1.2796396017074585
2019-11-12,1.1035456657409668,1.2858428955078125
2019-11-13,1.1012367010116577,1.285214900970459
2019-11-14,1.1013215780258179,1.2853800058364868
2019-11-15,1.1020498275756836,1.2881784439086914
2019-11-18,1.105509877204895,1.2921231985092163
2019-11-19,1.1072357892990112,1.2950851917266846
2019-11-20,1.1080001592636108,1.2929502725601196
2019-11-21,1.1078859567642212,1.2927078008651733
2019-11-22,1.1065863370895386,1.2919896841049194
2019-11-25,1.1022562980651855,1.2853471040725708
2019-11-26,1.1014429330825806,1.289723515510559
2019-11-27,1.1022562980651855,1.2860909700393677
2019-11-28,1.1004853248596191,1.2929919958114624
2019-11-29,1.101176142692566,1.29128897190094
2019-12-02,1.1019041538238525,1.29128897190094
2019-12-03,1.1079105138778687,1.294062852859497
2019-12-04,1.1085245609283447,1.2997816801071167
2019-12-05,1.108303427696228,1.311131477355957
2019-12-06,1.1105434894561768,1.3158414363861084
2019-12-09,1.105888843536377,1.3139568567276
2019-12-10,1.106499433517456,1.314578652381897
2019-12-11,1.1092746257781982,1.3131287097930908
2019-12-12,1.1135857105255127,1.3200099468231201
2019-12-13,1.1186057329177856,1.347527265548706
2019-12-16,1.1124460697174072,1.335327386856079
2019-12-17,1.1136974096298218,1.3272457122802734
2019-12-18,1.115138053894043,1.3122154474258423
2019-12-19,1.1115927696228027,1.3087291717529297
2019-12-20,1.1125946044921875,1.3017443418502808
2019-12-23,1.1079840660095215,1.3005423545837402
2019-12-24,1.109385371208191,1.2944984436035156
2019-12-25,1.1090162992477417,1.2934937477111816
2019-12-26,1.1095454692840576,1.2973533868789673
2019-12-27,1.110111951828003,1.3002209663391113
2019-12-30,1.1182304620742798,1.3091918230056763
2019-12-31,1.120229721069336,1.3113033771514893
2020-01-01,1.1220825910568237,1.326259970664978
2020-01-02,1.1220825910568237,1.3250298500061035
2020-01-03,1.1171437501907349,1.3152703046798706
2020-01-06,1.1161960363388062,1.308010220527649
2020-01-07,1.1197994947433472,1.317002534866333
2020-01-08,1.1154738664627075,1.31137216091156
2020-01-09,1.1113210916519165,1.3105130195617676
2020-01-10,1.1111111640930176,1.3070186376571655
2020-01-13,1.1116669178009033,1.3045634031295776
2020-01-14,1.1135733127593994,1.2988194227218628
2020-01-15,1.113089919090271,1.3022528886795044
2020-01-16,1.1154004335403442,1.3041210174560547
2020-01-17,1.1139578819274902,1.3078734874725342
2020-01-20,1.1094592809677124,1.3007283210754395
2020-01-21,1.109693169593811,1.3005592823028564
2020-01-22,1.108561396598816,1.3048017024993896
2020-01-23,1.1096439361572266,1.3144749402999878
2020-01-24,1.1055220365524292,1.311991572380066
2020-01-27,1.1025358438491821,1.3061821460723877
2020-01-28,1.101976990699768,1.3060115575790405
2020-01-29,1.1022562980651855,1.3024563789367676
2020-01-30,1.1016855239868164,1.3022021055221558
2020-01-31,1.1029127836227417,1.3089004755020142
2020-02-03,1.1089794635772705,1.31816565990448
2020-02-04,1.1062926054000854,1.2997479438781738
2020-02-05,1.1047282218933105,1.3032711744308472
2020-02-06,1.1002310514450073,1.2997140884399414
2020-02-07,1.0982975959777832,1.2930254936218262
2020-02-10,1.0949305295944214,1.2891582250595093
2020-02-11,1.0913456678390503,1.2918227910995483
2020-02-12,1.091941475868225,1.2956557273864746
2020-02-13,1.0875948667526245,1.295756459236145
2020-02-14,1.0845986604690552,1.3046824932098389
2020-02-17,1.0841753482818604,1.3052955865859985
2020-02-18,1.0840108394622803,1.3008975982666016
2020-02-19,1.079540491104126,1.3002209663391113
2020-02-20,1.081009864807129,1.2928247451782227
2020-02-21,1.078799843788147,1.2883278131484985
2020-02-24,1.0839051008224487,1.29537034034729
2020-02-25,1.0849199295043945,1.292657732963562
2020-02-26,1.0881996154785156,1.3003394603729248
2020-02-27,1.0885894298553467,1.2906889915466309
2020-02-28,1.0997228622436523,1.2888922691345215
2020-03-02,1.1051311492919922,1.2807048559188843
2020-03-03,1.1144047975540161,1.2767152786254883
2020-03-04,1.118067979812622,1.2820841073989868
2020-03-05,1.113908290863037,1.2874983549118042
2020-03-06,1.1223849058151245,1.295068383216858
2020-03-09,1.1386020183563232,1.3099292516708374
2020-03-10,1.1397960186004639,1.3075313568115234
2020-03-11,1.1316505670547485,1.2909722328186035
2020-03-12,1.1261515617370605,1.2818212509155273
2020-03-13,1.1184931993484497,1.257023572921753
2020-03-16,1.115536093711853,1.2399870157241821
2020-03-17,1.1163206100463867,1.2266627550125122
2020-03-18,1.101552128791809,1.2121652364730835
2020-03-19,1.0961546897888184,1.1625338792800903
2020-03-20,1.0657345056533813,1.149438500404358
2020-03-23,1.0694386959075928,1.162304162979126
2020-03-24,1.0764610767364502,1.1595547199249268
2020-03-25,1.080263614654541,1.1792036294937134
2020-03-26,1.0889569520950317,1.1851149797439575
2020-03-27,1.1048258543014526,1.2200626134872437
2020-03-30,1.113908290863037,1.245319128036499
2020-03-31,1.1030466556549072,1.2371643781661987
2020-04-01,1.102657437324524,1.2408487796783447
2020-04-02,1.0953621864318848,1.238236665725708
2020-04-03,1.0847399234771729,1.2394952774047852
2020-04-06,1.0806955099105835,1.2220158576965332
2020-04-07,1.0803803205490112,1.2240501642227173
2020-04-08,1.0895144939422607,1.2338672876358032
2020-04-09,1.0863661766052246,1.23931086063385
2020-04-10,1.0927408933639526,1.2454850673675537
2020-04-13,1.0932666063308716,1.2461059093475342
2020-04-14,1.0922993421554565,1.2523951530456543
2020-04-15,1.098538875579834,1.26262629032135
2020-04-16,1.0905101299285889,1.252097249031067
2020-04-17,1.0858471393585205,1.2487823963165283
2020-04-20,1.0866966247558594,1.248751163482666
2020-04-21,1.0864840745925903,1.2442762851715088
2020-04-22,1.0856467485427856,1.2298610210418701
2020-04-23,1.080964207649231,1.2323921918869019
2020-04-24,1.077702283859253,1.235223650932312
2020-04-27,1.08236825466156,1.2366595268249512
2020-04-28,1.0824854373931885,1.2422668933868408
2020-04-29,1.0836584568023682,1.2435646057128906
2020-04-30,1.087725043296814,1.2471472024917603
2020-05-01,1.094546914100647,1.2581465244293213
2020-05-04,1.0959625244140625,1.2454230785369873
2020-05-05,1.0904293060302734,1.244555115699768
2020-05-06,1.0838581323623657,1.2444202899932861
2020-05-07,1.0798553228378296,1.232559323310852
2020-05-08,1.0837171077728271,1.237593173980713
2020-05-11,1.0839520692825317,1.2417423725128174
2020-05-12,1.080940842628479,1.2333498001098633
2020-05-13,1.0846810340881348,1.2254902124404907
2020-05-14,1.08236825466156,1.224155068397522
2020-05-15,1.0806955099105835,1.2233912944793701
2020-05-18,1.0821340084075928,1.2085760831832886
2020-05-19,1.0915124416351318,1.2200031280517578
2020-05-20,1.0927767753601074,1.2255953550338745
2020-05-21,1.0982975959777832,1.2236906290054321
2020-05-22,1.0952903032302856,1.2223445177078247
2020-05-25,1.0907801389694214,1.218605637550354
2020-05-26,1.0902997255325317,1.220137119293213
2020-05-27,1.0981770753860474,1.23350191116333
2020-05-28,1.1016855239868164,1.2264822721481323
2020-05-29,1.1079105138778687,1.2321492433547974
2020-06-01,1.1118524074554443,1.2347996234893799
2020-06-02,1.1125946044921875,1.248704433441162
2020-06-03,1.118943691253662,1.2581465244293213
2020-06-04,1.1235954761505127,1.2575136423110962
2020-06-05,1.1337867975234985,1.2609069347381592
2020-06-08,1.1319515705108643,1.2725722789764404
2020-06-09,1.1305567026138306,1.2735283374786377
2020-06-10,1.1332215070724487,1.2711325883865356
2020-06-11,1.1365444660186768,1.2710679769515991
2020-06-12,1.1288082599639893,1.257703423500061
2020-06-15,1.1252011060714722,1.2508755922317505
2020-06-16,1.1337740421295166,1.2637752294540405
2020-06-17,1.1265701055526733,1.258510708808899
2020-06-18,1.1242902278900146,1.2552721500396729
2020-06-19,1.1211000680923462,1.2426837682724
2020-06-22,1.1177555322647095,1.234811782836914
2020-06-23,1.1279679536819458,1.250156283378601
2020-06-24,1.1312345266342163,1.2524893283843994
2020-06-25,1.1250872611999512,1.2412954568862915
2020-06-26,1.1222084760665894,1.2425447702407837
2020-06-29,1.1225864887237549,1.2342174053192139
2020-06-30,1.1247202157974243,1.2310571670532227
2020-07-01,1.1235954761505127,1.2389271259307861
2020-07-02,1.1251378059387207,1.2464786767959595
2020-07-03,1.1237848997116089,1.2466403245925903
2020-07-06,1.1247202157974243,1.247551679611206
2020-07-07,1.1312856674194336,1.249547004699707
2020-07-08,1.1275228261947632,1.2542802095413208
2020-07-09,1.1339154243469238,1.2613521814346313
2020-07-10,1.1287955045700073,1.2605094909667969
2020-07-13,1.1310042142868042,1.2627506256103516
2020-07-14,1.134549617767334,1.255177617073059
2020-07-15,1.1410704851150513,1.25692880153656
2020-07-16,1.1417193412780762,1.2591001987457275
2020-07-17,1.139211654663086,1.2559500932693481
2020-07-20,1.1442956924438477,1.2571184635162354
2020-07-21,1.1458691358566284,1.266175389289856
2020-07-22,1.15340256690979,1.2730745077133179
2020-07-23,1.1568717956542969,1.2729934453964233
2020-07-24,1.1596084833145142,1.2730745077133179
2020-07-27,1.1652567386627197,1.2795906066894531
2020-07-28,1.1769275665283203,1.2889753580093384
2020-07-29,1.171879529953003,1.292373776435852
2020-07-30,1.1782865524291992,1.298246145248413
2020-07-31,1.1872254610061646,1.311785101890564
2020-08-03,1.1782310009002686,1.3101695775985718
2020-08-04,1.1763322353363037,1.3078734874725342
2020-08-05,1.181544303894043,1.3086093664169312
2020-08-06,1.187281847000122,1.3126804828643799
2020-08-07,1.1876484155654907,1.3138015270233154
2020-08-10,1.1782727241516113,1.3052273988723755
2020-08-11,1.1737778186798096,1.3077194690704346
2020-08-12,1.1736538410186768,1.3050740957260132
2020-08-13,1.179380178451538,1.3048017024993896
2020-08-14,1.1816558837890625,1.3070528507232666
2020-08-17,1.1852554082870483,1.3107001781463623
2020-08-18,1.1876484155654907,1.3107877969741821
2020-08-19,1.1947859525680542,1.325398564338684
2020-08-20,1.1843500137329102,1.311079978942871
2020-08-21,1.1873664855957031,1.3220343589782715
2020-08-24,1.1798018217086792,1.3094146251678467
2020-08-25,1.1794538497924805,1.307138204574585
2020-08-26,1.183501958847046,1.3152183294296265
2020-08-27,1.1842728853225708,1.3219819068908691
2020-08-28,1.1819632053375244,1.3199577331542969
2020-08-31,1.1918240785598755,1.3356484174728394
2020-09-01,1.193901538848877,1.3364516496658325
2020-09-02,1.1923214197158813,1.339943766593933
2020-09-03,1.184735894203186,1.335131287574768
2020-09-04,1.1839784383773804,1.3262248039245605
2020-09-07,1.183445930480957,1.3245735168457031
2020-09-08,1.1821727752685547,1.3162224292755127
2020-09-09,1.177024483680725,1.2968486547470093
2020-09-10,1.1806375980377197,1.2999167442321777
2020-09-11,1.1824384927749634,1.2808295488357544
2020-09-14,1.1842728853225708,1.2806557416915894
2020-09-15,1.187000036239624,1.2849671840667725
2020-09-16,1.1844412088394165,1.2884771823883057
2020-09-17,1.1803449392318726,1.2959998846054077
2020-09-18,1.1848200559616089,1.2975554466247559
2020-09-21,1.1845533847808838,1.2932761907577515
2020-09-22,1.176800012588501,1.2820513248443604
2020-09-23,1.1708368062973022,1.2744048833847046
2020-09-24,1.1658544540405273,1.2717468738555908
2020-09-25,1.1673243045806885,1.2757054567337036
2020-09-28,1.1635348796844482,1.2766826152801514
2020-09-29,1.167883276939392,1.2873492240905762
2020-09-30,1.1742050647735596,1.2866535186767578
2020-10-01,1.1726078987121582,1.2917560338974
2020-10-02,1.1744946241378784,1.2886265516281128
2020-10-05,1.1720443964004517,1.2931090593338013
2020-10-06,1.1792453527450562,1.2992581129074097
2020-10-07,1.1737639904022217,1.2883278131484985
2020-10-08,1.176747441291809,1.2917560338974
2020-10-09,1.1767003536224365,1.29404616355896
2020-10-12,1.181683897972107,1.3031693696975708
2020-10-13,1.1816140413284302,1.3065747022628784
2020-10-14,1.1742188930511475,1.2935272455215454
2020-10-15,1.1743981838226318,1.3012362718582153
2020-10-16,1.1707134246826172,1.2902060747146606
2020-10-19,1.1715501546859741,1.2927746772766113
2020-10-20,1.176885962486267,1.2948671579360962
2020-10-21,1.1829839944839478,1.2954038381576538
2020-10-22,1.1853959560394287,1.3131976127624512
2020-10-23,1.1815024614334106,1.307805061340332
2020-10-26,1.1848480701446533,1.3054660558700562
2020-10-27,1.1809443235397339,1.301574945449829
2020-10-28,1.1784114837646484,1.303186297416687
2020-10-29,1.1748672723770142,1.2989881038665771
2020-10-30,1.1678695678710938,1.2931926250457764
2020-11-02,1.1642121076583862,1.2926744222640991
2020-11-03,1.1642799377441406,1.2923903465270996
2020-11-04,1.176221489906311,1.3121638298034668
2020-11-05,1.17326819896698,1.2966804504394531
2020-11-06,1.1817537546157837,1.3139395713806152
2020-11-09,1.1893010139465332,1.318061351776123
2020-11-10,1.182732105255127,1.3169677257537842
2020-11-11,1.1818794012069702,1.3261544704437256
2020-11-12,1.1780297756195068,1.3224189281463623
2020-11-13,1.1803393363952637,1.3121638298034668
2020-11-16,1.1845253705978394,1.3220518827438354
2020-11-17,1.1859441995620728,1.322209119796753
2020-11-18,1.186366319656372,1.3259083032608032
2020-11-19,1.1847639083862305,1.325644612312317
2020-11-20,1.1866477727890015,1.3249244689941406
2020-11-23,1.1866477727890015,1.3305126428604126
2020-11-24,1.1842728853225708,1.332906723022461
2020-11-25,1.1900511980056763,1.3363267183303833
2020-11-26,1.1920002698898315,1.3385447263717651
2020-11-27,1.191599726676941,1.3354523181915283
2020-11-30,1.1971460580825806,1.333191156387329
2020-12-01,1.193816065788269,1.3336889743804932
2020-12-02,1.2074378728866577,1.3422638177871704
2020-12-03,1.2114603519439697,1.3370771408081055
2020-12-04,1.2145650386810303,1.345496654510498
2020-12-07,1.212135910987854,1.3417415618896484
2020-12-08,1.2113136053085327,1.3357375860214233
2020-12-09,1.2110936641693115,1.3365589380264282
2020-12-10,1.207875370979309,1.3367018699645996
2020-12-11,1.2144293785095215,1.3305658102035522
2020-12-14,1.213340401649475,1.3318239450454712
2020-12-15,1.214889645576477,1.3330844640731812
2020-12-16,1.2154301404953003,1.3444474935531616
2020-12-17,1.2199585437774658,1.3502929210662842
2020-12-18,1.226271629333496,1.3570178747177124
2020-12-21,1.221612811088562,1.3401951789855957
2020-12-22,1.2236906290054321,1.3449536561965942
2020-12-23,1.2186651229858398,1.339943766593933
2020-12-24,1.2191405296325684,1.3505300283432007
2020-12-25,1.2184720039367676,1.3552008867263794
2020-12-28,1.2205095291137695,1.3572388887405396
2020-12-29,1.2223445177078247,1.3466018438339233
2020-12-30,1.225295066833496,1.3499903678894043
2020-12-31,1.2299896478652954,1.36306631565094
2021-01-01,1.218026876449585,1.3673007488250732
2021-01-04,1.2250697612762451,1.3684196472167969
2021-01-05,1.2251598834991455,1.3571596145629883
2021-01-06,1.230027437210083,1.3629549741744995
2021-01-07,1.2341108322143555,1.3625277280807495
2021-01-08,1.227144479751587,1.3569625616073608
2021-01-11,1.2186205387115479,1.3516253232955933
2021-01-12,1.2160701751708984,1.3524113893508911
2021-01-13,1.2208894491195679,1.3670539855957031
2021-01-14,1.2162491083145142,1.364926815032959
2021-01-15,1.2151259183883667,1.3683634996414185
2021-01-18,1.2068113088607788,1.357533574104309
2021-01-19,1.207729458808899,1.3581236600875854
2021-01-20,1.2138868570327759,1.3644241094589233
2021-01-21,1.2115631103515625,1.3668484687805176
2021-01-22,1.2166293859481812,1.3729474544525146
2021-01-25,1.216944694519043,1.3688204288482666
2021-01-26,1.214624047279358,1.3678992986679077
2021-01-27,1.216299295425415,1.374154806137085
2021-01-28,1.2105072736740112,1.3669419288635254
2021-01-29,1.2120037078857422,1.3725008964538574
2021-02-01,1.2123857736587524,1.3697690963745117
2021-02-02,1.2068694829940796,1.3678767681121826
2021-02-03,1.203905463218689,1.3659336566925049
2021-02-04,1.2042388916015625,1.364908218383789
2021-02-05,1.1966731548309326,1.3676148653030396
2021-02-08,1.2048773765563965,1.3738716840744019
2021-02-09,1.2053595781326294,1.374570369720459
2021-02-10,1.2119992971420288,1.3817994594573975
2021-02-11,1.2121212482452393,1.3832597732543945
2021-02-12,1.2131506204605103,1.381024718284607
2021-02-15,1.2122093439102173,1.3871549367904663
2021-02-16,1.2132196426391602,1.3914785385131836
2021-02-17,1.2092483043670654,1.388811707496643
2021-02-18,1.2048004865646362,1.3866355419158936
2021-02-19,1.209189772605896,1.3967455625534058
2021-02-22,1.2126356363296509,1.403114914894104
2021-02-23,1.2166796922683716,1.4071228504180908
2021-02-24,1.215214490890503,1.412030577659607
2021-02-25,1.2171372175216675,1.4148274660110474
2021-02-26,1.2160420417785645,1.4008152484893799
2021-03-01,1.208956003189087,1.3972529172897339
2021-03-02,1.2051095962524414,1.3929517269134521
2021-03-03,1.208546757698059,1.3954981565475464
2021-03-04,1.2050660848617554,1.3926994800567627
2021-03-05,1.1967735290527344,1.3894098997116089
2021-03-08,1.1925631761550903,1.385367751121521
2021-03-09,1.185171127319336,1.3823610544204712
2021-03-10,1.1897906064987183,1.3890432119369507
2021-03-11,1.1926058530807495,1.3931456804275513
2021-03-12,1.1986095905303955,1.3989927768707275
2021-03-15,1.1950000524520874,1.3929517269134521
2021-03-16,1.1925773620605469,1.3899120092391968
2021-03-17,1.190164566040039,1.3902212381362915
2021-03-18,1.1982792615890503,1.3975849151611328
2021-03-19,1.1918240785598755,1.3925055265426636
2021-03-22,1.1883116960525513,1.3832597732543945
2021-03-23,1.193303108215332,1.3862512111663818
2021-03-24,1.1840205192565918,1.3730417490005493
2021-03-25,1.1813069581985474,1.3688879013061523
2021-03-26,1.1776621341705322,1.374910593032837
2021-03-29,1.1788004636764526,1.3791011571884155
2021-03-30,1.177100658416748,1.3775053024291992
2021-03-31,1.1723604202270508,1.3746649026870728
2021-04-01,1.1728830337524414,1.3786258697509766
2021-04-02,1.177994966506958,1.383508563041687
2021-04-05,1.176816701889038,1.383125901222229
2021-04-06,1.1818934679031372,1.3914011716842651
2021-04-07,1.1874228715896606,1.383125901222229
2021-04-08,1.1873664855957031,1.3743815422058105
2021-04-09,1.1915684938430786,1.373437762260437
2021-04-12,1.1900511980056763,1.3712154626846313
2021-04-13,1.1914690732955933,1.3753834962844849
2021-04-14,1.1954143047332764,1.3759700059890747
2021-04-15,1.1986095905303955,1.3779228925704956
2021-04-16,1.1971746683120728,1.3785498142242432
2021-04-19,1.1969454288482666,1.3818453550338745
2021-04-20,1.204529047012329,1.3993842601776123
2021-04-21,1.2032392024993896,1.3938837051391602
2021-04-22,1.2037750482559204,1.3931845426559448
2021-04-23,1.2014753818511963,1.3840255737304688
2021-04-26,1.2089852094650269,1.3866355419158936
2021-04-27,1.2081671953201294,1.3895643949508667
2021-04-28,1.2090305089950562,1.390356421470642
2021-04-29,1.213592290878296,1.395673394203186
2021-04-30,1.2127091884613037,1.3952839374542236
2021-05-03,1.2027760744094849,1.3819791078567505
2021-05-04,1.2061271667480469,1.3903758525848389
2021-05-05,1.2015043497085571,1.388811707496643
2021-05-06,1.2007973194122314,1.3909753561019897
2021-05-07,1.2068549394607544,1.389854073524475
2021-05-10,1.2171076536178589,1.4041197299957275
2021-05-11,1.2140932083129883,1.4131278991699219
2021-05-12,1.2144500017166138,1.4138271808624268
2021-05-13,1.2078505754470825,1.4063708782196045
2021-05-14,1.207729458808899,1.4050863981246948
2021-05-17,1.2150373458862305,1.4101786613464355
2021-05-18,1.2156872749328613,1.4148674011230469
2021-05-19,1.2223997116088867,1.41880202293396
2021-05-20,1.217285394668579,1.4106162786483765
2021-05-21,1.222538709640503,1.4185603857040405
2021-05-24,1.2183235883712769,1.4142870903015137
2021-05-25,1.2214635610580444,1.415608525276184
2021-05-26,1.2249093055725098,1.4143872261047363
2021-05-27,1.21925950050354,1.4116119146347046
2021-05-28,1.2193188667297363,1.4203739166259766
2021-05-31,1.2190067768096924,1.4180374145507812
2021-06-01,1.223286509513855,1.4226775169372559
2021-06-02,1.2217769622802734,1.4157087802886963
2021-06-03,1.220986247062683,1.4171934127807617
2021-06-04,1.2133007049560547,1.4109944105148315
2021-06-07,1.2168411016464233,1.4164307117462158
2021-06-08,1.2193634510040283,1.41765558719635
2021-06-09,1.217285394668579,1.414987564086914
2021-06-10,1.218200445175171,1.4112334251403809
2021-06-11,1.2172558307647705,1.4170126914978027
2021-06-14,1.2110203504562378,1.411930799484253
2021-06-15,1.212224006652832,1.4109944105148315
2021-06-16,1.2127091884613037,1.4081531763076782
2021-06-17,1.1995586156845093,1.3990709781646729
2021-06-18,1.1913414001464844,1.3938642740249634
2021-06-21,1.1873664855957031,1.381711721420288
2021-06-22,1.1912561655044556,1.392540454864502
2021-06-23,1.1936734914779663,1.3949919939041138
2021-06-24,1.1933174133300781,1.3967455625534058
2021-06-25,1.1930327415466309,1.3916915655136108
2021-06-28,1.1942152976989746,1.389506459236145
2021-06-29,1.1928904056549072,1.3879058361053467
2021-06-30,1.1901928186416626,1.3842746019363403
2021-07-01,1.1856770515441895,1.3829153776168823
2021-07-02,1.1846235990524292,1.3759511709213257
2021-07-05,1.1856207847595215,1.383125901222229
2021-07-06,1.186380386352539,1.3856172561645508
2021-07-07,1.1824523210525513,1.3805670738220215
2021-07-08,1.17933988571167,1.3801099061965942
2021-07-09,1.184800386428833,1.3790820837020874
2021-07-12,1.187295913696289,1.3899506330490112
2021-07-13,1.186521053314209,1.3886960744857788
2021-07-14,1.1775373220443726,1.3806052207946777
2021-07-15,1.1833338737487793,1.385809302330017
2021-07-16,1.1811814308166504,1.3829728364944458
2021-07-19,1.1814005374908447,1.3763866424560547
2021-07-20,1.1793843507766724,1.3669979572296143
2021-07-21,1.1784114837646484,1.3633265495300293
2021-07-22,1.179273009300232,1.3714035749435425
2021-07-23,1.1772738695144653,1.377389669418335
2021-07-26,1.1773432493209839,1.3757808208465576
2021-07-27,1.1807769536972046,1.3829153776168823
2021-07-28,1.1823126077651978,1.3882719278335571
2021-07-29,1.1845955848693848,1.3906852006912231
2021-07-30,1.1892997026443481,1.3964334726333618
2021-08-02,1.186704158782959,1.3896223306655884
2021-08-03,1.1874650716781616,1.3892748355865479
2021-08-04,1.1869436502456665,1.391788363456726
2021-08-05,1.1837401390075684,1.3890432119369507
2021-08-06,1.1835720539093018,1.3927576541900635
2021-08-09,1.1749500036239624,1.3868471384048462
2021-08-10,1.17384672164917,1.3849073648452759
2021-08-11,1.172333002090454,1.3836042881011963
2021-08-12,1.1741899251937866,1.3866932392120361
2021-08-13,1.173626184463501,1.3811582326889038
2021-08-16,1.179467797279358,1.3863856792449951
2021-08-17,1.177994966506958,1.3842746019363403
2021-08-18,1.1709738969802856,1.3740416765213013
2021-08-19,1.1703298091888428,1.3743815422058105
2021-08-20,1.1676595211029053,1.3630849123001099
2021-08-23,1.1697548627853394,1.3625277280807495
2021-08-24,1.1744533777236938,1.37247633934021
2021-08-25,1.175309181213379,1.3725517988204956
2021-08-26,1.1774401664733887,1.3766520023345947
2021-08-27,1.1756407022476196,1.3702384233474731
2021-08-30,1.1799006462097168,1.3762996196746826
2021-08-31,1.1796904802322388,1.376045823097229
2021-09-01,1.1810280084609985,1.3753398656845093
2021-09-02,1.1840906143188477,1.3771638870239258
2021-09-03,1.1876484155654907,1.383680820465088
2021-09-06,1.1885942220687866,1.3859245777130127
2021-09-07,1.1875073909759521,1.3839489221572876
2021-09-08,1.184356927871704,1.3779798746109009
2021-09-09,1.1819101572036743,1.3767657279968262
2021-09-10,1.1825922727584839,1.3839681148529053
2021-09-13,1.1811953783035278,1.3840830326080322
2021-09-14,1.1811953783035278,1.3838149309158325
2021-09-15,1.1804981231689453,1.381024718284607
2021-09-16,1.1819995641708374,1.3848881721496582
2021-09-17,1.176747441291809,1.3797005414962769
2021-09-20,1.1729930639266968,1.3729662895202637
2021-09-21,1.1730204820632935,1.366269588470459
2021-09-22,1.17229163646698,1.3657469749450684
2021-09-23,1.168770432472229,1.3617113828659058
2021-09-24,1.1740258932113647,1.3722503185272217
2021-09-27,1.1723054647445679,1.3669044971466064
2021-09-28,1.1696795225143433,1.3701633214950562
2021-09-29,1.1686338186264038,1.354224443435669
2021-09-30,1.1601601839065552,1.3426424264907837
2021-10-01,1.1574475765228271,1.346982717514038
2021-10-04,1.160725712776184,1.3570915460586548
2021-10-05,1.1618449687957764,1.3607479333877563
2021-10-06,1.1596084833145142,1.3627691268920898
2021-10-07,1.1555349826812744,1.3592127561569214
2021-10-08,1.1559758186340332,1.3620266914367676
2021-10-11,1.1566041707992554,1.361655831336975
2021-10-12,1.1553747653961182,1.3590649366378784
2021-10-13,1.15340256690979,1.3578838109970093
2021-10-14,1.1599582433700562,1.366923213005066
2021-10-15,1.159151554107666,1.3668859004974365
2021-10-18,1.1597026586532593,1.376159429550171
2021-10-19,1.161386251449585,1.373645305633545
2021-10-20,1.1631964445114136,1.3793197870254517
2021-10-21,1.1655012369155884,1.3822999000549316
2021-10-22,1.1625338792800903,1.379120111465454
2021-10-25,1.1640088558197021,1.3762730360031128
2021-10-26,1.161170482635498,1.37644362449646
2021-10-27,1.1598236560821533,1.3766140937805176
2021-10-28,1.1600120067596436,1.3732868432998657
2021-10-29,1.1683608293533325,1.380071759223938
2021-11-01,1.1556684970855713,1.36832594871521
2021-11-02,1.1599582433700562,1.365541934967041
2021-11-03,1.1579434871673584,1.3617392778396606
2021-11-04,1.1615750789642334,1.3694878816604614
2021-11-05,1.1555349826812744,1.3508602380752563
2021-11-08,1.1568851470947266,1.349127173423767
2021-11-09,1.159151554107666,1.3564507961273193
2021-11-10,1.1595547199249268,1.3560001850128174
2021-11-11,1.148593544960022,1.3412736654281616
2021-11-12,1.145081877708435,1.3366482257843018
2021-11-15,1.144164800643921,1.341705560684204
2021-11-16,1.1366478204727173,1.3408420085906982
2021-11-17,1.1321182250976562,1.3424620628356934
2021-11-18,1.1321182250976562,1.34916353225708
2021-11-19,1.1368415355682373,1.3499648571014404
2021-11-22,1.1275737285614014,1.3434540033340454
2021-11-23,1.12421452999115,1.3397642374038696
2021-11-24,1.1244926452636719,1.337595820426941
2021-11-25,1.1202975511550903,1.333066701889038
2021-11-26,1.1209630966186523,1.331416130065918
2021-11-29,1.1293182373046875,1.334098219871521
2021-11-30,1.1293437480926514,1.3315047025680542
2021-12-01,1.1330289840698242,1.3295927047729492
2021-12-02,1.1319515705108643,1.3280000686645508
2021-12-03,1.1306205987930298,1.3299994468688965
2021-12-06,1.1304799318313599,1.3237318992614746
2021-12-07,1.128668189048767,1.326435923576355
2021-12-08,1.1276500225067139,1.3246086835861206
2021-12-09,1.1345586776733398,1.3210039138793945
2021-12-10,1.1293309926986694,1.3224014043807983
2021-12-13,1.131183385848999,1.3257148265838623
2021-12-14,1.1285407543182373,1.3213530778884888
2021-12-15,1.1261261701583862,1.323050618171692
2021-12-16,1.1290758848190308,1.3263126611709595
2021-12-17,1.1334141492843628,1.3323739767074585
2021-12-20,1.1243535280227661,1.3229438066482544
2021-12-21,1.1277517080307007,1.3210004568099976
2021-12-22,1.128757357597351,1.3269639015197754
2021-12-23,1.1328877210617065,1.3352025747299194
2021-12-24,1.132733702659607,1.3406623601913452
2021-12-27,1.1324259042739868,1.3404303789138794
2021-12-28,1.1330032348632812,1.344266653060913
2021-12-29,1.1314777135849,1.3433277606964111
2021-12-30,1.1360150575637817,1.349879264831543
2021-12-31,1.132502794265747,1.349837303161621
2022-01-03,1.1373459100723267,1.3522284030914307
2022-01-04,1.1302244663238525,1.3483266830444336
2022-01-05,1.1283625364303589,1.353143334388733
2022-01-06,1.1313496828079224,1.3555645942687988
2022-01-07,1.1296881437301636,1.353363037109375
2022-01-10,1.1353960037231445,1.3592311143875122
2022-01-11,1.1330417394638062,1.3580313920974731
2022-01-12,1.1366478204727173,1.3633265495300293
2022-01-13,1.144164800643921,1.3709993362426758
2022-01-14,1.1457115411758423,1.3713659048080444
2022-01-17,1.1410704851150513,1.367353081703186
2022-01-18,1.1410574913024902,1.364800214767456
2022-01-19,1.1329647302627563,1.3600261211395264
2022-01-20,1.1343399286270142,1.3608589172363281
2022-01-21,1.1313753128051758,1.359767198562622
2022-01-24,1.1341469287872314,1.3555830717086792
2022-01-25,1.1324130296707153,1.3489269018173218
2022-01-26,1.130454421043396,1.3510775566101074
2022-01-27,1.1243535280227661,1.3468012809753418
2022-01-28,1.1147029399871826,1.3388315439224243
2022-01-31,1.1152374744415283,1.3403388261795044
2022-02-01,1.12296462059021,1.3445378541946411
2022-02-02,1.1273956298828125,1.352539300918579
2022-02-03,1.1299946308135986,1.3565024137496948
2022-02-04,1.14357590675354,1.359841227531433
2022-02-07,1.145514726638794,1.3533447980880737
2022-02-08,1.1442956924438477,1.353780746459961
2022-02-09,1.142126202583313,1.3547565937042236
2022-02-10,1.142152190208435,1.3533265590667725
2022-02-11,1.1415525674819946,1.3551788330078125
2022-02-14,1.1365057229995728,1.3569625616073608
2022-02-15,1.1306334733963013,1.3532898426055908
2022-02-16,1.1356796026229858,1.3541145324707031
2022-02-17,1.1375269889831543,1.3584926128387451
2022-02-18,1.1366478204727173,1.3618782758712769
2022-02-21,1.131721019744873,1.359342098236084
2022-02-22,1.1309658288955688,1.3596007823944092
2022-02-23,1.13291335105896,1.3589357137680054
2022-02-24,1.1305694580078125,1.3545730113983154
2022-02-25,1.11906898021698,1.337327480316162
2022-02-28,1.118105411529541,1.337327480316162
2022-03-01,1.1215918064117432,1.3422818183898926
2022-03-02,1.1132758855819702,1.3335111141204834
2022-03-03,1.1112345457077026,1.33969247341156
2022-03-04,1.1066844463348389,1.3350956439971924
2022-03-07,1.087453007698059,1.3212482929229736
2022-03-08,1.0865312814712524,1.3112295866012573
2022-03-09,1.0898232460021973,1.3099292516708374
2022-03-10,1.107382893562317,1.3185653686523438
2022-03-11,1.1013944149017334,1.3103240728378296
2022-03-14,1.093206763267517,1.3050298690795898
2022-03-15,1.0943193435668945,1.3011853694915771
2022-03-16,1.0969363451004028,1.304648518562317
2022-03-17,1.1021955013275146,1.3141123056411743
2022-03-18,1.1099518537521362,1.3160406351089478
2022-03-21,1.1043134927749634,1.3160839080810547
2022-03-22,1.101722002029419,1.3168290853500366
2022-03-23,1.1029735803604126,1.3266470432281494
2022-03-24,1.1006306409835815,1.3206027746200562
2022-03-25,1.1009578704833984,1.3195745944976807
2022-03-28,1.098189115524292,1.317627191543579
2022-03-29,1.0993843078613281,1.3103584051132202
2022-03-30,1.1091516017913818,1.3093804121017456
2022-03-31,1.1161835193634033,1.3138878345489502
2022-04-01,1.1072357892990112,1.314699649810791
2022-04-04,1.1047282218933105,1.3103755712509155
2022-04-05,1.0975863933563232,1.3114582300186157
2022-04-06,1.090643286705017,1.3077365159988403
2022-04-07,1.0898232460021973,1.307206630706787
2022-04-08,1.0864840745925903,1.3069332838058472
2022-04-11,1.0884946584701538,1.303220272064209
2022-04-12,1.0877959728240967,1.3024225234985352
2022-04-13,1.0826143026351929,1.3002548217773438
2022-04-14,1.089656949043274,1.312026023864746
2022-04-15,1.0820988416671753,1.3070015907287598
2022-04-18,1.081525444984436,1.3057557344436646
2022-04-19,1.0781787633895874,1.3009822368621826
2022-04-20,1.0794472694396973,1.301371693611145
2022-04-21,1.0849870443344116,1.3068820238113403
2022-04-22,1.0835175514221191,1.302626132965088
2022-04-25,1.0811045169830322,1.2830876111984253
2022-04-26,1.0714209079742432,1.2739989757537842
2022-04-27,1.0643619298934937,1.2583998441696167
2022-04-28,1.0555092096328735,1.2541857957839966
2022-04-29,1.0504201650619507,1.2463854551315308
2022-05-02,1.0535964965820312,1.2573871612548828
2022-05-03,1.0509058237075806,1.2498282194137573
2022-05-04,1.0528532266616821,1.2500405311584473
2022-05-05,1.0622477531433105,1.261813759803772
2022-05-06,1.0539740324020386,1.2364147901535034
2022-05-09,1.053219199180603,1.2326656579971313
2022-05-10,1.056579828262329,1.2338824272155762
2022-05-11,1.0532968044281006,1.2309207916259766
2022-05-12,1.05124831199646,1.2234212160110474
2022-05-13,1.0379581451416016,1.220613718032837
2022-05-16,1.0400632619857788,1.2258507013320923
2022-05-17,1.0438958406448364,1.2324832677841187
2022-05-18,1.0547856092453003,1.2484394311904907
2022-05-19,1.0472739934921265,1.2345831394195557
2022-05-20,1.057898759841919,1.2462146282196045
2022-05-23,1.0569819211959839,1.2504063844680786
2022-05-24,1.0682048797607422,1.256754994392395
2022-05-25,1.0736525058746338,1.2542959451675415
2022-05-26,1.0686614513397217,1.258610486984253
2022-05-27,1.0732953548431396,1.261734127998352
2022-05-30,1.0731456279754639,1.262833595275879
2022-05-31,1.0773539543151855,1.2647020816802979
2022-06-01,1.0734105110168457,1.2608909606933594
2022-06-02,1.0654165744781494,1.2483147382736206
2022-06-03,1.0751069784164429,1.2579249143600464
2022-06-06,1.0726046562194824,1.249230146408081
2022-06-07,1.0691413879394531,1.2523481845855713
2022-06-08,1.0698620080947876,1.2587324380874634
2022-06-09,1.071765422821045,1.254028558731079
2022-06-10,1.0619205236434937,1.2492972612380981
2022-06-13,1.0489987134933472,1.2274909019470215
2022-06-14,1.0415147542953491,1.2144765853881836
2022-06-15,1.0440592765808105,1.201258897781372
2022-06-16,1.0456204414367676,1.2174336910247803
2022-06-17,1.0546854734420776,1.2354830503463745
2022-06-20,1.049141764640808,1.2228227853775024
2022-06-21,1.0520778894424438,1.225174903869629
2022-06-22,1.053263545036316,1.2266627550125122
2022-06-23,1.0564124584197998,1.225084900856018
2022-06-24,1.052011489868164,1.2260762453079224
2022-06-27,1.0566133260726929,1.228244662284851
2022-06-28,1.0580891370773315,1.2267379760742188
2022-06-29,1.0523545742034912,1.2189769744873047
2022-06-30,1.04465913772583,1.2131799459457397
2022-07-01,1.0477677583694458,1.2160863876342773
2022-07-04,1.0433948040008545,1.2102727890014648
2022-07-05,1.0433186292648315,1.211445689201355
2022-07-06,1.0257673263549805,1.19491446018219
2022-07-07,1.0186411142349243,1.1923214197158813
2022-07-08,1.0169836282730103,1.2028049230575562
2022-07-11,1.0166114568710327,1.2016630172729492
2022-07-12,1.004752516746521,1.1900936365127563
2022-07-13,1.0033109188079834,1.1877753734588623
2022-07-14,1.0032706260681152,1.186380386352539
2022-07-15,1.0025665760040283,1.1839643716812134
2022-07-18,1.009631872177124,1.1888344287872314
2022-07-19,1.0145177841186523,1.194828748703003
2022-07-20,1.0231330394744873,1.2003505229949951
2022-07-21,1.0182781219482422,1.1971746683120728
2022-07-22,1.0221081972122192,1.1996161937713623
2022-07-25,1.0200231075286865,1.1986957788467407
2022-07-26,1.022494912147522,1.2055164575576782
2022-07-27,1.0129557847976685,1.2036880254745483
2022-07-28,1.0209290981292725,1.2163082361221313
2022-07-29,1.0192328691482544,1.2173447608947754
2022-08-01,1.0208247900009155,1.2167373895645142
2022-08-02,1.0261356830596924,1.2254151105880737
2022-08-03,1.015568733215332,1.2142995595932007
2022-08-04,1.015764594078064,1.2138278484344482
2022-08-05,1.024779200553894,1.215849757194519
2022-08-08,1.0170871019363403,1.2059526443481445
2022-08-09,1.0197629928588867,1.208473801612854
2022-08-10,1.0208144187927246,1.207423210144043
2022-08-11,1.0300782918930054,1.2212995290756226
2022-08-12,1.0316723585128784,1.2196162939071655
2022-08-15,1.0256409645080566,1.2127974033355713
2022-08-16,1.0161981582641602,1.205690860748291
2022-08-17,1.0170663595199585,1.209818959236145
2022-08-18,1.0180189609527588,1.2045146226882935
2022-08-19,1.0089900493621826,1.193274736404419
2022-08-22,1.0035223960876465,1.1818095445632935
2022-08-23,0.9939467906951904,1.1766505241394043
2022-08-24,0.9966909885406494,1.18327796459198
2022-08-25,0.9969095587730408,1.1791757345199585
2022-08-26,0.9971283078193665,1.1824007034301758
2022-08-29,0.993867814540863,1.1694538593292236
2022-08-30,1.0014019012451172,1.172250509262085
2022-08-31,1.0025062561035156,1.1659767627716064
2022-09-01,1.003905177116394,1.1598505973815918
2022-09-02,0.995232880115509,1.154894471168518
2022-09-05,0.9909427762031555,1.1474601030349731
2022-09-06,0.9952229857444763,1.156644344329834
2022-09-07,0.9897951483726501,1.151185154914856
2022-09-08,0.9995701909065247,1.1519808769226074
2022-09-09,1.0012015104293823,1.1521600484848022
2022-09-12,1.0071406364440918,1.1619395017623901
2022-09-13,1.0129557847976685,1.1689754724502563
2022-09-14,0.9982032775878906,1.1506155729293823
2022-09-15,0.9984025359153748,1.1544944047927856
2022-09-16,0.9988313317298889,1.1452654600143433
2022-09-19,1.002234935760498,1.1433144807815552
2022-09-20,1.0029587745666504,1.1443217992782593
2022-09-21,0.997078537940979,1.138057827949524
2022-09-22,0.983071506023407,1.1255937814712524
2022-09-23,0.9841550588607788,1.126417875289917
2022-09-26,0.968992292881012,1.0797386169433594
2022-09-27,0.9623712301254272,1.077284336090088
2022-09-28,0.9596191644668579,1.072754144668579
2022-09-29,0.9708172082901001,1.0835996866226196
2022-09-30,0.9829555749893188,1.1169440746307373
2022-10-03,0.9792688488960266,1.114057183265686
2022-10-04,0.9832068681716919,1.1334141492843628
2022-10-05,0.998432457447052,1.1451343297958374
2022-10-06,0.9910998940467834,1.13553786277771
2022-10-07,0.9789045453071594,1.1162084341049194
2022-10-10,0.9735012650489807,1.1072726249694824
2022-10-11,0.9710057377815247,1.1076405048370361
2022-10-12,0.9700167775154114,1.0967799425125122
2022-10-13,0.9707984328269958,1.11055588722229
2022-10-14,0.975134015083313,1.1303905248641968
2022-10-17,0.973937451839447,1.124416708946228
2022-10-18,0.9846396446228027,1.1353960037231445
2022-10-19,0.9863878488540649,1.134429931640625
2022-10-20,0.9766482710838318,1.1211013793945312
2022-10-21,0.9778899550437927,1.1221455335617065
2022-10-24,0.9860085844993591,1.1344685554504395
2022-10-25,0.9886503219604492,1.1307740211486816
2022-10-26,0.9963731169700623,1.146223783493042
2022-10-27,1.009193778038025,1.1638191938400269
2022-10-28,0.9967803955078125,1.1566041707992554
2022-10-31,0.9955002665519714,1.159595012664795
2022-11-01,0.9886307716369629,1.146815299987793
2022-11-02,0.9877909421920776,1.1489498615264893
2022-11-03,0.9814409017562866,1.1384334564208984
2022-11-04,0.9749630093574524,1.1171187162399292
2022-11-07,0.9928810596466064,1.1331573724746704
2022-11-08,1.0018634796142578,1.1517950296401978
2022-11-09,1.008084774017334,1.1552680730819702
2022-11-10,1.0019538402557373,1.1368157863616943
2022-11-11,1.0192224979400635,1.1695632934570312
2022-11-14,1.0328551530838013,1.1799131631851196
2022-11-15,1.0319278240203857,1.175249695777893
2022-11-16,1.0357863903045654,1.1880435943603516
2022-11-17,1.0395010709762573,1.191525936126709
2022-11-18,1.036172866821289,1.1860145330429077
2022-11-21,1.0330898761749268,1.1886366605758667
2022-11-22,1.0245691537857056,1.1827600002288818
2022-11-23,1.0311086177825928,1.1894567012786865
2022-11-24,1.0416233539581299,1.2073503732681274
2022-11-25,1.040810227394104,1.2113430500030518
2022-11-28,1.0367528200149536,1.2054728269577026
2022-11-29,1.034554123878479,1.1960291862487793
2022-11-30,1.0324499607086182,1.1946860551834106
2022-12-01,1.042535424232483,1.207749843597412
2022-12-02,1.052842140197754,1.2259259223937988
2022-12-05,1.0544185638427734,1.2297248840332031
2022-12-06,1.0496923923492432,1.2192445993423462
2022-12-07,1.0469011068344116,1.2133007049560547
2022-12-08,1.051325798034668,1.2212398052215576
2022-12-09,1.0559661388397217,1.2236007452011108
2022-12-12,1.0522217750549316,1.2239153385162354
2022-12-13,1.0541739463806152,1.2270842790603638
2022-12-14,1.062665343284607,1.235666275024414
2022-12-15,1.0676347017288208,1.2419428825378418
2022-12-16,1.064056158065796,1.2189176082611084
2022-12-19,1.05850350856781,1.2160272598266602
2022-12-20,1.0614584684371948,1.2153326272964478
2022-12-21,1.062699317932129,1.2189176082611084
2022-12-22,1.0610079765319824,1.2077397108078003
2022-12-23,1.060333013534546,1.203992486000061
2022-12-26,1.0667804479599,1.206000566482544
2022-12-27,1.064022183418274,1.2084153890609741
2022-12-28,1.0637166500091553,1.2027326822280884
2022-12-29,1.062925100326538,1.2028483152389526
2022-12-30,1.066075325012207,1.2056326866149902
2023-01-02,1.0709733963012695,1.2120330333709717
2023-01-03,1.0677714347839355,1.206287145614624
2023-01-04,1.0546854734420776,1.1969740390777588
2023-01-05,1.0606365203857422,1.2057054042816162
2023-01-06,1.0522217750549316,1.1912277936935425
2023-01-09,1.0656323432922363,1.2116365432739258
2023-01-10,1.073318362236023,1.2184869050979614
2023-01-11,1.0738946199417114,1.2154507637023926
2023-01-12,1.0766000747680664,1.2159533500671387
2023-01-13,1.0860239267349243,1.2217769622802734
2023-01-16,1.082461953163147,1.2226732969284058
2023-01-17,1.0830129384994507,1.2207776308059692
2023-01-18,1.0793308019638062,1.228471040725708
2023-01-19,1.0797853469848633,1.2347661256790161
2023-01-20,1.083388328552246,1.2393262386322021
2023-01-23,1.086507797241211,1.240633249282837
2023-01-24,1.0874292850494385,1.2379761934280396
2023-01-25,1.088814616203308,1.232923984527588
2023-01-26,1.0922038555145264,1.2412492036819458
2023-01-27,1.0894432067871094,1.2415266036987305
2023-01-30,1.0871455669403076,1.2400301694869995
2023-01-31,1.0850694179534912,1.2353609800338745
2023-02-01,1.0860947370529175,1.2308903932571411
2023-02-02,1.1012852191925049,1.2390038967132568
2023-02-03,1.0905125141143799,1.222299575805664
2023-02-06,1.079086184501648,1.2045146226882935
2023-02-07,1.0730764865875244,1.2026747465133667
2023-02-08,1.0729728937149048,1.2054582834243774
2023-02-09,1.0715816020965576,1.2071462869644165
2023-02-10,1.0742292404174805,1.2116806507110596
2023-02-13,1.0677714347839355,1.2052258253097534
2023-02-14,1.0730419158935547,1.215214490890503
2023-02-15,1.0735719203948975,1.2174336910247803
2023-02-16,1.0691757202148438,1.2039779424667358
2023-02-17,1.0665756464004517,1.197533130645752
2023-02-20,1.0684444904327393,1.2029786109924316
2023-02-21,1.068261981010437,1.2039200067520142
2023-02-22,1.065200924873352,1.2109322547912598
2023-02-23,1.0605803728103638,1.204993486404419
2023-02-24,1.0598047971725464,1.2017786502838135
2023-02-27,1.0554758310317993,1.1952428817749023
2023-02-28,1.0611205101013184,1.2061562538146973
2023-03-01,1.0577309131622314,1.2033549547195435
2023-03-02,1.066894292831421,1.2029930353164673
2023-03-03,1.0599732398986816,1.1951572895050049
2023-03-06,1.0626201629638672,1.2028483152389526
2023-03-07,1.0688328742980957,1.2026457786560059
2023-03-08,1.05507493019104,1.1827740669250488
2023-03-09,1.0549525022506714,1.1850166320800781
2023-03-10,1.0584698915481567,1.192250370979309
2023-03-13,1.0683646202087402,1.2079336643218994
2023-03-14,1.0725010633468628,1.2171372175216675
2023-03-15,1.0727657079696655,1.215214490890503
2023-03-16,1.0583354234695435,1.20692777633667
2023-03-17,1.0614134073257446,1.2110495567321777
2023-03-20,1.0678855180740356,1.2187690734863281
2023-03-21,1.071914792060852,1.2276264429092407
2023-03-22,1.0774236917495728,1.2225087881088257
2023-03-23,1.0870392322540283,1.227973222732544
2023-03-24,1.0835057497024536,1.228154182434082
2023-03-27,1.077818512916565,1.2246003150939941
2023-03-28,1.0807071924209595,1.229755163192749
2023-03-29,1.0839520692825317,1.2330456972122192
2023-03-30,1.0843634605407715,1.2313603162765503
2023-03-31,1.0904649496078491,1.2387275695800781
2023-04-03,1.0803335905075073,1.228697419166565
2023-04-04,1.091226577758789,1.2423131465911865
2023-04-05,1.0960105657577515,1.249843716621399
2023-04-06,1.090334177017212,1.2463078498840332
2023-04-07,1.0920130014419556,1.243900179862976
2023-04-10,1.0913575887680054,1.2431625127792358
2023-04-11,1.086932897567749,1.239218831062317
2023-04-12,1.0917507410049438,1.2431007623672485
2023-04-13,1.0999890565872192,1.2492660284042358
2023-04-14,1.1054610013961792,1.2525300979614258
2023-04-17,1.098659634590149,1.2400178909301758
2023-04-18,1.0925379991531372,1.2375471591949463
2023-04-19,1.0975382328033447,1.2425447702407837
2023-04-20,1.095218300819397,1.2428845167160034
2023-04-21,1.0970927476882935,1.2440905570983887
2023-04-24,1.0992271900177002,1.2449734210968018
2023-04-25,1.1059499979019165,1.25
2023-04-26,1.0978394746780396,1.2414803504943848
2023-04-27,1.1047282218933105,1.2471472024917603
2023-04-28,1.1032048463821411,1.249750018119812
2023-05-01,1.1010911464691162,1.2557607889175415
2023-05-02,1.0969241857528687,1.2485953569412231
2023-05-03,1.1010911464691162,1.2476606369018555
2023-05-04,1.1068925857543945,1.256897211074829
2023-05-05,1.102292776107788,1.2583364248275757
2023-05-08,1.10186767578125,1.2630568742752075
2023-05-09,1.0996140241622925,1.2612725496292114
2023-05-10,1.096467137336731,1.2624667882919312
2023-05-11,1.098406195640564,1.2626996040344238
2023-05-12,1.0912145376205444,1.2508130073547363
2023-05-15,1.0852696895599365,1.2450973987579346
2023-05-16,1.0873701572418213,1.2525207996368408
2023-05-17,1.0865668058395386,1.2484394311904907
2023-05-18,1.0838346481323242,1.2482805252075195
2023-05-19,1.0775396823883057,1.2412338256835938
2023-05-22,1.0822745561599731,1.2461059093475342
2023-05-23,1.0811045169830322,1.243440866470337
2023-05-24,1.076971173286438,1.2417269945144653
2023-05-25,1.0757315158843994,1.2371032238006592
2023-05-26,1.0724436044692993,1.2318304777145386
2023-05-29,1.0723055601119995,1.2346898317337036
2023-05-30,1.0707669258117676,1.234933853149414
2023-05-31,1.073306918144226,1.241187572479248
2023-06-01,1.0695186853408813,1.244694471359253
2023-06-02,1.0760787725448608,1.2525991201400757
2023-06-05,1.0698620080947876,1.2430236339569092
2023-06-06,1.0711798667907715,1.2433171272277832
2023-06-07,1.0698047876358032,1.2428536415100098
2023-06-08,1.0707440376281738,1.2445859909057617
2023-06-09,1.078271746635437,1.2559500932693481
2023-06-12,1.0750954151153564,1.25809907913208
2023-06-13,1.0762988328933716,1.2515331506729126
2023-06-14,1.078934907913208,1.2606843709945679
2023-06-15,1.084304690361023,1.26708984375
2023-06-16,1.0945948362350464,1.278576135635376
2023-06-19,1.0942115783691406,1.2830382585525513
2023-06-20,1.0924304723739624,1.2794759273529053
2023-06-21,1.0920368432998657,1.276535987854004
2023-06-22,1.0992635488510132,1.2772045135498047
2023-06-23,1.0958904027938843,1.2747135162353516
2023-06-26,1.0906671285629272,1.2729610204696655
2023-06-27,1.091048002243042,1.2711971998214722
2023-06-28,1.0957223176956177,1.2744698524475098
2023-06-29,1.0915838479995728,1.2642544507980347
2023-06-30,1.0868029594421387,1.2614636421203613
2023-07-03,1.0907504558563232,1.2693254947662354
2023-07-04,1.091309905052185,1.269293189048767
2023-07-05,1.0884946584701538,1.2717629671096802
2023-07-06,1.0856584310531616,1.2704542875289917
2023-07-07,1.0890636444091797,1.2742749452590942
2023-07-10,1.0969723463058472,1.2838947772979736
2023-07-11,1.100594401359558,1.2864713668823242
2023-07-12,1.101406455039978,1.2934770584106445
2023-07-13,1.1144545078277588,1.29962956905365
2023-07-14,1.1223469972610474,1.3128528594970703
2023-07-17,1.1227755546569824,1.3090204000473022
2023-07-18,1.1237596273422241,1.307172417640686
2023-07-19,1.1228890419006348,1.303508996963501
2023-07-20,1.120523452758789,1.2939791679382324
2023-07-21,1.113709807395935,1.2872332334518433
2023-07-24,1.112532615661621,1.2853471040725708
2023-07-25,1.1063170433044434,1.281262755393982
2023-07-26,1.1050456762313843,1.2893908023834229
2023-07-27,1.1078368425369263,1.292724609375
2023-07-28,1.0978755950927734,1.2793776988983154
2023-07-31,1.1024264097213745,1.2853965759277344
2023-08-01,1.0997591018676758,1.283400535583496
2023-08-02,1.1007881164550781,1.2795741558074951
2023-08-03,1.0944151878356934,1.2720379829406738
2023-08-04,1.095158338546753,1.2716336250305176
2023-08-07,1.1002674102783203,1.2747948169708252
2023-08-08,1.100315809249878,1.2782002687454224
2023-08-09,1.0958904027938843,1.2741613388061523
2023-08-10,1.0977671146392822,1.2720056772232056
2023-08-11,1.0981649160385132,1.2670094966888428
2023-08-14,1.094439148902893,1.2695027589797974
2023-08-15,1.0909883975982666,1.2685203552246094
2023-08-16,1.0904173851013184,1.2701315879821777
2023-08-17,1.0874884128570557,1.2728151082992554
2023-08-18,1.0874648094177246,1.275022268295288
2023-08-21,1.087559461593628,1.2741937637329102
2023-08-22,1.0898351669311523,1.2760798931121826
2023-08-23,1.0846692323684692,1.2731555700302124
2023-08-24,1.086578607559204,1.2720541954040527
2023-08-25,1.07991361618042,1.2592872381210327
2023-08-28,1.0797386169433594,1.2589701414108276
2023-08-29,1.0825556516647339,1.2611136436462402
2023-08-30,1.0869210958480835,1.2636793851852417
2023-08-31,1.0932546854019165,1.271179437637329
2023-09-01,1.0844104290008545,1.2672826051712036
2023-09-04,1.07758629322052,1.2591445446014404
2023-09-05,1.0794472694396973,1.2623074054718018
2023-09-06,1.0726161003112793,1.2570552825927734
2023-09-07,1.0724204778671265,1.2498750686645508
2023-09-08,1.0697818994522095,1.2475050687789917
2023-09-11,1.071811318397522,1.2489992380142212
2023-09-12,1.0750375986099243,1.2508755922317505
2023-09-13,1.075326681137085,1.2491724491119385
2023-09-14,1.0734220743179321,1.248953938484192
2023-09-15,1.0637166500091553,1.2401869297027588
2023-09-18,1.0668259859085083,1.2397565841674805
2023-09-19,1.0692671537399292,1.2383747100830078
2023-09-20,1.0682048797607422,1.2393569946289062
2023-09-21,1.065303087234497,1.2328935861587524
2023-09-22,1.0661548376083374,1.2294225692749023
2023-09-25,1.0648492574691772,1.2241849899291992
2023-09-26,1.0591648817062378,1.2213143110275269
2023-09-27,1.0569483041763306,1.2146830558776855
2023-09-28,1.0505305528640747,1.2135332822799683
2023-09-29,1.0562450885772705,1.2204796075820923
2023-10-02,1.0565240383148193,1.2193039655685425
2023-10-03,1.0480751991271973,1.209116816520691
2023-10-04,1.0472300052642822,1.2078461647033691
2023-10-05,1.0507071018218994,1.2137395143508911
2023-10-06,1.0546631813049316,1.2187690734863281
2023-10-09,1.056747317314148,1.222090482711792
2023-10-10,1.0578875541687012,1.2250398397445679
2023-10-11,1.0604791641235352,1.229135513305664
2023-10-12,1.0624282360076904,1.2316333055496216
2023-10-13,1.0536741018295288,1.2183235883712769
2023-10-16,1.0521553754806519,1.215376853942871
2023-10-17,1.0554312467575073,1.2211503982543945
2023-10-18,1.057305932044983,1.2178784608840942
2023-10-19,1.053851842880249,1.214343786239624
2023-10-20,1.0586491823196411,1.2137248516082764
2023-10-23,1.0589966773986816,1.2163970470428467
2023-10-24,1.0669853687286377,1.2250248193740845
2023-10-25,1.059535264968872,1.216189980506897
2023-10-26,1.056725025177002,1.210345983505249
2023-10-27,1.0564459562301636,1.213710069656372
2023-10-30,1.0562450885772705,1.2113723754882812
2023-10-31,1.061503529548645,1.2165746688842773
2023-11-01,1.0579099655151367,1.215214490890503
2023-11-02,1.05870521068573,1.2182197570800781
2023-11-03,1.0619093179702759,1.2191851139068604
2023-11-06,1.0732147693634033,1.237378716468811
2023-11-07,1.0721560716629028,1.2345526218414307
2023-11-08,1.0696102380752563,1.2291808128356934
2023-11-09,1.0710422992706299,1.2285012006759644
2023-11-10,1.0667576789855957,1.2217023372650146
2023-11-13,1.069015622138977,1.2228227853775024
2023-11-14,1.0701825618743896,1.228063702583313
2023-11-15,1.0878314971923828,1.2494533061981201
2023-11-16,1.0854581594467163,1.2422360181808472
2023-11-17,1.0853756666183472,1.2414957284927368
2023-11-20,1.090702772140503,1.2454540729522705
2023-11-21,1.0945948362350464,1.2509069442749023
2023-11-22,1.0918222665786743,1.2544218301773071
2023-11-23,1.0890873670578003,1.2490007877349854
2023-11-24,1.0906314849853516,1.2533526420593262
2023-11-27,1.0940439701080322,1.2600330114364624
2023-11-28,1.0958423614501953,1.2634397745132446
2023-11-29,1.100594401359558,1.2712295055389404
2023-11-30,1.0973695516586304,1.2696397304534912
2023-12-01,1.0892059803009033,1.2631685733795166
2023-12-04,1.088814616203308,1.2713103294372559
2023-12-05,1.0837758779525757,1.2634079456329346
2023-12-06,1.0793657302856445,1.2594457864761353
2023-12-07,1.076669692993164,1.2558711767196655
2023-12-08,1.079214334487915,1.258954405784607
2023-12-11,1.0765769481658936,1.2554770708084106
2023-12-12,1.076658010482788,1.2554612159729004
2023-12-13,1.0798670053482056,1.2570710182189941
2023-12-14,1.0886130332946777,1.2622915506362915
2023-12-15,1.0993602275848389,1.2771391868591309
2023-12-18,1.0895264148712158,1.2672343254089355
2023-12-19,1.092382788658142,1.2651821374893188
2023-12-20,1.0981045961380005,1.2732689380645752
2023-12-21,1.0945708751678467,1.2641266584396362
2023-12-22,1.100618600845337,1.268499493598938
2023-12-25,1.102657437324524,1.2677003145217896
2023-12-26,1.1020255088806152,1.27048659324646
2023-12-27,1.1043012142181396,1.272718071937561
2023-12-28,1.110864281654358,1.2800819873809814
2023-12-29,1.1068191528320312,1.2733986377716064
2024-01-01,1.1055831909179688,1.272999882698059
2024-01-02,1.1038745641708374,1.2728800773620605
2024-01-03,1.0941756963729858,1.2623074054718018
2024-01-04,1.0927767753601074,1.2674272060394287
2024-01-05,1.0947387218475342,1.2684078216552734
2024-01-08,1.0942236185073853,1.271779179573059
2024-01-09,1.095170259475708,1.274518609046936
2024-01-10,1.0932426452636719,1.2712942361831665
2024-01-11,1.0975141525268555,1.274518609046936
2024-01-12,1.0981649160385132,1.2777756452560425
2024-01-15,1.0945708751678467,1.273658275604248
2024-01-16,1.0945708751678467,1.2716174125671387
2024-01-17,1.087878942489624,1.26385498046875
2024-01-18,1.0885775089263916,1.2676842212677002
2024-01-19,1.0879143476486206,1.2709871530532837
2024-01-22,1.089229702949524,1.2699863910675049
2024-01-23,1.088020920753479,1.2706964015960693
2024-01-24,1.0857881307601929,1.269196629524231
2024-01-25,1.088174819946289,1.271876335144043
2024-01-26,1.0847046375274658,1.270825743675232
2024-01-29,1.0843517780303955,1.2697607278823853
2024-01-30,1.0834470987319946,1.2713264226913452
2024-01-31,1.08433997631073,1.269551157951355
2024-02-01,1.0803920030593872,1.2678449153900146
2024-02-02,1.0874648094177246,1.27472984790802
2024-02-05,1.0780043601989746,1.2621959447860718
2024-02-06,1.0741831064224243,1.2534469366073608
2024-02-07,1.075719952583313,1.2606525421142578
2024-02-08,1.077574610710144,1.2627378702163696
2024-02-09,1.0777255296707153,1.2620525360107422
2024-02-12,1.0798202753067017,1.2637271881103516
2024-02-13,1.0772264003753662,1.2627538442611694
2024-02-14,1.0708931684494019,1.2590652704238892
2024-02-15,1.0732147693634033,1.2568340301513672
2024-02-16,1.0773887634277344,1.259921908378601
2024-02-19,1.0784927606582642,1.2611136436462402
2024-02-20,1.0775396823883057,1.2587641477584839
2024-02-21,1.0813149213790894,1.2627378702163696
2024-02-22,1.0820403099060059,1.2638070583343506
2024-02-23,1.0825674533843994,1.266367793083191
2024-02-26,1.0820051431655884,1.2672665119171143
2024-02-27,1.0850930213928223,1.268455982208252
2024-02-28,1.084481120109558,1.268166422843933
2024-02-29,1.0838816165924072,1.2663036584854126
2024-03-01,1.0804970264434814,1.2625465393066406
2024-03-04,1.084269404411316,1.26603102684021
2024-03-05,1.0855170488357544,1.269196629524231
2024-03-06,1.0855995416641235,1.27048659324646
2024-03-07,1.089953899383545,1.2735446691513062
2024-03-08,1.0950144529342651,1.2815583944320679
2024-03-11,1.0942955017089844,1.2855123281478882
2024-03-12,1.093135118484497,1.2819806337356567
2024-03-13,1.0927767753601074,1.2795906066894531
2024-03-14,1.0955302715301514,1.2802129983901978
2024-03-15,1.0883406400680542,1.2745835781097412
2024-03-18,1.0882576704025269,1.2731393575668335
2024-03-19,1.087393879890442,1.272718071937561
2024-03-20,1.0863306522369385,1.2719409465789795
2024-03-21,1.0937210321426392,1.2798361778259277
2024-03-22,1.0862362384796143,1.2661913633346558
2024-03-25,1.0807539224624634,1.25979483127594
2024-03-26,1.0838228464126587,1.2637910842895508
2024-03-27,1.0832358598709106,1.2628495693206787
2024-03-28,1.0813382863998413,1.261670470237732
2024-03-29,1.0794472694396973,1.26262629032135
2024-04-01,1.0792726278305054,1.2637271881103516
2024-04-02,1.0737217664718628,1.2545477151870728
2024-04-03,1.076855182647705,1.2576876878738403
2024-04-04,1.0838346481323242,1.2651821374893188
2024-04-05,1.0837054252624512,1.26401948928833
2024-04-08,1.0830481052398682,1.2625305652618408
2024-04-09,1.0863661766052246,1.2658709287643433
2024-04-10,1.0859296321868896,1.2677645683288574
2024-04-11,1.074171543121338,1.2537612915039062
2024-04-12,1.0726851224899292,1.2554770708084106
2024-04-15,1.0649627447128296,1.2461835145950317
2024-04-16,1.0625749826431274,1.2447409629821777
2024-04-17,1.0621461868286133,1.2431007623672485
2024-04-18,1.0669398307800293,1.2453765869140625
2024-04-19,1.0644185543060303,1.2437657117843628
2024-04-22,1.065825343132019,1.2375777959823608
2024-04-23,1.065405249595642,1.2350252866744995
2024-04-24,1.0704345703125,1.2453300952911377
2024-04-25,1.0699878931045532,1.2459505796432495
2024-04-26,1.072961449623108,1.2509069442749023
2024-04-29,1.0706866979599,1.2510477304458618
2024-04-30,1.0715701580047607,1.2559815645217896
2024-05-01,1.0666552782058716,1.2490164041519165
2024-05-02,1.0721560716629028,1.2539342641830444
2024-05-03,1.073306918144226,1.2540600299835205
2024-05-06,1.0758124589920044,1.2541072368621826
2024-05-07,1.0767507553100586,1.2559815645217896
2024-05-08,1.0750491619110107,1.25014066696167
2024-05-09,1.0746910572052002,1.2493284940719604
2024-05-10,1.078515887260437,1.2525677680969238
2024-05-13,1.077040672302246,1.2522854804992676
2024-05-14,1.079354166984558,1.2561867237091064
2024-05-15,1.0814552307128906,1.2585265636444092
2024-05-16,1.0889805555343628,1.2690032720565796
2024-05-17,1.0867793560028076,1.2672007083892822
2024-05-20,1.0875475406646729,1.2706480026245117
2024-05-21,1.086082935333252,1.2710840702056885
2024-05-22,1.0855170488357544,1.2711325883865356
2024-05-23,1.0825204849243164,1.2721028327941895
2024-05-24,1.0812681913375854,1.2694060802459717
2024-05-27,1.0847634077072144,1.2736095190048218
2024-05-28,1.0861891508102417,1.2772371768951416
2024-05-29,1.0851871967315674,1.275835633277893
2024-05-30,1.0801819562911987,1.2697993516921997
2024-05-31,1.0835410356521606,1.27304208278656
2024-06-03,1.0853049755096436,1.2743724584579468
2024-06-04,1.0907385349273682,1.2810165882110596
2024-06-05,1.0881866216659546,1.2773023843765259
2024-06-06,1.087453007698059,1.2794759273529053
2024-06-07,1.0894432067871094,1.2793285846710205
2024-06-10,1.0778882503509521,1.2729448080062866
2024-06-11,1.0764262676239014,1.2726370096206665
2024-06-12,1.0740330219268799,1.274047613143921
2024-06-13,1.0813149213790894,1.27962327003479
2024-06-14,1.0738831758499146,1.2755101919174194
2024-06-17,1.0702168941497803,1.2683112621307373
2024-06-18,1.0740677118301392,1.2715997695922852
2024-06-19,1.0742292404174805,1.2707449197769165
2024-06-20,1.0751532316207886,1.2721998691558838
2024-06-21,1.0706409215927124,1.2660471200942993
2024-06-24,1.0687757730484009,1.2639029026031494
2024-06-25,1.0732723474502563,1.268343448638916
2024-06-26,1.0709619522094727,1.268399715423584
2024-06-27,1.068010926246643,1.262179970741272
2024-06-28,1.0708472728729248,1.2645741701126099
2024-07-01,1.0735257863998413,1.2648621797561646
2024-07-02,1.0737102031707764,1.2645741701126099
2024-07-03,1.0748412609100342,1.2690355777740479
2024-07-04,1.0793308019638062,1.2747784852981567
2024-07-05,1.0810693502426147,1.2755752801895142
2024-07-08,1.082602620124817,1.2806508541107178
2024-07-09,1.0830950736999512,1.2815583944320679
2024-07-10,1.0814785957336426,1.2787723541259766
2024-07-11,1.083329677581787,1.285264492034912
2024-07-12,1.0872756242752075,1.292373776435852
2024-07-15,1.0885539054870605,1.2966804504394531
2024-07-16,1.0901559591293335,1.2970000505447388
2024-07-17,1.0902509689331055,1.29776930809021
2024-07-18,1.094020128250122,1.3007453680038452
2024-07-19,1.0901559591293335,1.2951691150665283
2024-07-22,1.0899182558059692,1.2933096885681152
2024-07-23,1.0889805555343628,1.2932428121566772
2024-07-24,1.0850694179534912,1.2901561260223389
2024-07-25,1.0839520692825317,1.289989709854126
2024-07-26,1.0851283073425293,1.2856775522232056
2024-07-29,1.0853756666183472,1.2868356704711914
2024-07-30,1.081946611404419,1.286041259765625
2024-07-31,1.0816072225570679,1.2836971282958984
2024-08-01,1.082391619682312,1.2853139638900757
2024-08-02,1.0787602663040161,1.27289617061615
2024-08-05,1.0910836458206177,1.278788685798645
2024-08-06,1.0950982570648193,1.2788705825805664
2024-08-07,1.0926215648651123,1.2684721946716309
2024-08-08,1.0928125381469727,1.2680377960205078
2024-08-09,1.0915720462799072,1.2747459411621094
2024-08-12,1.091381311416626,1.2750385999679565
2024-08-13,1.0936251878738403,1.2771228551864624
2024-08-14,1.0996986627578735,1.2866700887680054
2024-08-15,1.1013215780258179,1.2828736305236816
2024-08-16,1.0972732305526733,1.2859420776367188
2024-08-19,1.1024993658065796,1.294716238975525
2024-08-20,1.1086474657058716,1.2990386486053467
2024-08-21,1.112792730331421,1.3035430908203125
2024-08-22,1.115536093711853,1.309346079826355
2024-08-23,1.111716389656067,1.3097747564315796
2024-08-26,1.1187934875488281,1.3212658166885376
2024-08-27,1.1164700984954834,1.3191741704940796
2024-08-28,1.117793083190918,1.3257501125335693
2024-08-29,1.1124955415725708,1.3193656206130981
2024-08-30,1.1080454587936401,1.3166210651397705
2024-09-02,1.1044842004776,1.3128528594970703
2024-09-03,1.1067456007003784,1.314198613166809
2024-09-04,1.1048868894577026,1.3114066123962402
2024-09-05,1.1080454587936401,1.3144749402999878
2024-09-06,1.1111111640930176,1.317748785018921
2024-09-09,1.1087212562561035,1.3133355379104614
2024-09-10,1.1037527322769165,1.307138204574585
2024-09-11,1.1020983457565308,1.3080273866653442
2024-09-12,1.1010911464691162,1.3039510250091553
2024-09-13,1.1077877283096313,1.313232183456421
2024-09-16,1.1088441610336304,1.3137997388839722
2024-09-17,1.1129536628723145,1.3210737705230713
2024-09-18,1.1123099327087402,1.3167423009872437
2024-09-19,1.1114816665649414,1.3201146125793457
2024-09-20,1.1161960363388062,1.328179955482483
2024-09-23,1.1160838603973389,1.331398367881775
2024-09-24,1.1111727952957153,1.3349887132644653
2024-09-25,1.1191190481185913,1.3427324295043945
2024-09-26,1.1131023168563843,1.3315792083740234
2024-09-27,1.117717981338501,1.341381549835205
2024-09-30,1.1169815063476562,1.338329792022705
2024-10-01,1.113660216331482,1.3376137018203735
2024-10-02,1.1063904762268066,1.327404260635376
2024-10-03,1.1048502922058105,1.326611876487732
2024-10-04,1.103557825088501,1.3130252361297607
2024-10-07,1.0974539518356323,1.3125253915786743
2024-10-08,1.0975743532180786,1.3084723949432373
2024-10-09,1.0975743532180786,1.309483289718628
2024-10-10,1.0943313837051392,1.306830883026123
2024-10-11,1.0933860540390015,1.3062163591384888
2024-10-14,1.0925379991531372,1.3049037456512451
2024-10-15,1.0909169912338257,1.3067454099655151
2024-10-16,1.0884116888046265,1.3065917491912842
2024-10-17,1.0862481594085693,1.29902184009552
2024-10-18,1.0829542875289917,1.301574945449829
2024-10-21,1.0868619680404663,1.3052616119384766
2024-10-22,1.0817828178405762,1.298296570777893
2024-10-23,1.079727053642273,1.2982797622680664
2024-10-24,1.0780508518218994,1.291372299194336
2024-10-25,1.0824151039123535,1.2973365783691406
2024-10-28,1.0796570777893066,1.295823574066162
2024-10-29,1.0816774368286133,1.2974711656570435
2024-10-30,1.0820636749267578,1.3014055490493774
2024-10-31,1.0859178304672241,1.2959579229354858
2024-11-01,1.0886130332946777,1.2897733449935913
2024-11-04,1.087453007698059,1.2953401803970337
2024-11-05,1.0874056816101074,1.2954542636871338
2024-11-06,1.093445897102356,1.3043591976165771
2024-11-07,1.073306918144226,1.2883278131484985
2024-11-08,1.0795172452926636,1.2982292175292969
2024-11-11,1.0714898109436035,1.2917059659957886
2024-11-12,1.066439151763916,1.2874983549118042
2024-11-13,1.061672568321228,1.2739177942276
2024-11-14,1.0564124584197998,1.27068030834198
2024-11-15,1.0530084371566772,1.266784906387329
2024-11-18,1.0533745288848877,1.261765956878662
2024-11-19,1.059490442276001,1.2679253816604614
2024-11-20,1.0607603788375854,1.2694543600082397
2024-11-21,1.0546187162399292,1.2655344009399414
2024-11-22,1.0469341278076172,1.2584789991378784
2024-11-25,1.0479873418807983,1.2593823671340942
2024-11-26,1.0444300174713135,1.2533055543899536
2024-11-27,1.0491198301315308,1.2573871612548828
2024-11-28,1.0562450885772705,1.2677645683288574
2024-11-29,1.0563008785247803,1.2696800231933594
2024-12-02,1.0545074939727783,1.270163893699646
2024-12-03,1.0501223802566528,1.265854835510254
2024-12-04,1.0510826110839844,1.2674272060394287
2024-12-05,1.051414132118225,1.2701154947280884
2024-12-06,1.058559536933899,1.2759333848953247
2024-12-09,1.0565463304519653,1.2749296426773071
2024-12-10,1.0555204153060913,1.2749085426330566
2024-12-11,1.0532968044281006,1.2780042886734009
2024-12-12,1.0506850481033325,1.2766337394714355
2024-12-13,1.0474056005477905,1.2677323818206787
2024-12-16,1.051005244255066,1.2627378702163696
2024-12-17,1.0517348051071167,1.2690355777740479
2024-12-18,1.0495051145553589,1.2710840702056885
2024-12-19,1.0350252389907837,1.2567708492279053
2024-12-20,1.0364949703216553,1.2497968673706055
2024-12-23,1.0433076620101929,1.256991982460022
2024-12-24,1.0405826568603516,1.2534469366073608
2024-12-25,1.0402579307556152,1.2536041736602783
2024-12-26,1.0399551391601562,1.254374623298645
2024-12-27,1.0423181056976318,1.2529758214950562
2024-12-30,1.0429377555847168,1.257880687713623
2024-12-31,1.040615200996399,1.254909873008728
2025-01-02,1.0351860523223877,1.2519248723983765
2025-01-03,1.0268205404281616,1.2380222082138062
2025-01-06,1.0305347442626953,1.2426837682724
2025-01-07,1.0386372804641724,1.2510946989059448
2025-01-08,1.034554123878479,1.247785210609436
2025-01-09,1.0314701795578003,1.2359870672225952
2025-01-10,1.0297601222991943,1.2299367189407349
2025-01-13,1.0244431495666504,1.2204945087432861
2025-01-14,1.0265253782272339,1.2233314514160156
2025-01-15,1.0306835174560547,1.221344232559204
2025-01-16,1.0295268297195435,1.2243348360061646
2025-01-17,1.0301949977874756,1.2236906290054321
2025-01-20,1.0277386903762817,1.2171002626419067
2025-01-21,1.0420682430267334,1.233136773109436
2025-01-22,1.0405935049057007,1.2335399389266968
2025-01-23,1.0410159826278687,1.231420874595642
2025-01-24,1.041601538658142,1.2353914976119995
2025-01-27,1.0467586517333984,1.2459352016448975
2025-01-28,1.0445064306259155,1.2460592985153198
2025-01-29,1.0429050922393799,1.2441680431365967
2025-01-30,1.0425245761871338,1.245530128479004
2025-01-31,1.0397279262542725,1.2423903942108154
2025-02-03,1.024779200553894,1.2291958332061768
2025-02-04,1.0327378511428833,1.2431780099868774
2025-02-05,1.0372798442840576,1.2478163242340088
2025-02-06,1.0400848388671875,1.2504063844680786
2025-02-07,1.0385725498199463,1.2437502145767212
2025-02-10,1.0311616659164429,1.2391574382781982
2025-02-11,1.0301525592803955,1.2360633611679077
2025-02-12,1.0364949703216553,1.245159387588501
2025-02-13,1.039198637008667,1.2450664043426514
2025-02-14,1.0461673736572266,1.2563445568084717
2025-02-17,1.0489217042922974,1.2584155797958374
2025-02-18,1.048536777496338,1.262148141860962
2025-02-19,1.044833779335022,1.2625784873962402
2025-02-20,1.0421009063720703,1.2584155797958374
2025-02-21,1.0500562191009521,1.2670401334762573
2025-02-24,1.0474823713302612,1.2649900913238525
2025-02-25,1.0461344718933105,1.261781930923462
2025-02-26,1.0524100065231323,1.2674431800842285
2025-02-27,1.0488777160644531,1.2682307958602905
2025-02-28,1.039511799812317,1.259890079498291
2025-03-03,1.0413846969604492,1.260398268699646
2025-03-04,1.0485037565231323,1.270147681236267
2025-03-05,1.062699317932129,1.2794268131256104
2025-03-06,1.0794938802719116,1.2891913652420044
2025-03-07,1.0787951946258545,1.2885303497314453
2025-03-10,1.086059331893921,1.2932428121566772
2025-03-11,1.0839403867721558,1.2875481843948364
2025-03-12,1.0914170742034912,1.294481635093689
2025-03-13,1.0886249542236328,1.2964283227920532
2025-03-14,1.085564136505127,1.2958402633666992
2025-03-17,1.0881274938583374,1.2930588722229004
2025-03-18,1.091917634010315,1.2985326051712036
2025-03-19,1.093948245048523,1.3000519275665283
2025-03-20,1.0911908149719238,1.3010668754577637
2025-03-21,1.0856702327728271,1.2967981100082397
2025-03-24,1.0835762023925781,1.2924572229385376
2025-03-25,1.0803569555282593,1.2924238443374634
2025-03-26,1.0787487030029297,1.2943308353424072
2025-03-27,1.0742061138153076,1.2877637147903442
2025-03-28,1.080100178718567,1.295202612876892
2025-03-31,1.082391619682312,1.2938284873962402
2025-04-01,1.0818880796432495,1.292089819908142
2025-04-02,1.0795987844467163,1.292306900024414
2025-04-03,1.090869426727295,1.3046314716339111
2025-04-04,1.1043744087219238,1.308866262435913
2025-04-07,1.098454475402832,1.2910722494125366
2025-04-08,1.0915361642837524,1.2734960317611694
2025-04-09,1.0980443954467773,1.2790995836257935
2025-04-10,1.0952062606811523,1.2825446128845215
2025-04-11,1.1257838010787964,1.2992074489593506
2025-04-14,1.1343141794204712,1.3085237741470337
2025-04-15,1.1339668035507202,1.3174536228179932
2025-04-16,1.1292672157287598,1.323101282119751
2025-04-17,1.1396790742874146,1.3233989477157593
2025-04-22,1.1512778997421265,1.3379716873168945
2025-04-23,1.1351252794265747,1.327316164970398
2025-04-24,1.132733702659607,1.326453447341919
2025-04-25,1.1371906995773315,1.3326226472854614
2025-04-28,1.1343141794204712,1.3290096521377563
2025-04-29,1.1409143209457397,1.3436164855957031
2025-04-30,1.1389262676239014,1.3410794734954834
2025-05-01,1.1324899196624756,1.3323917388916016
2025-05-02,1.1296498775482178,1.3286387920379639
2025-05-05,1.1323232650756836,1.3271929025650024
2025-05-06,1.1313369274139404,1.3292568922042847
2025-05-07,1.1342755556106567,1.335594892501831
2025-05-08,1.1306205987930298,1.3294159173965454
2025-05-09,1.122422695159912,1.323539137840271
2025-05-12,1.12296462059021,1.3289036750793457
2025-05-13,1.1095577478408813,1.3177834749221802
2025-05-14,1.1185556650161743,1.3304418325424194
2025-05-15,1.1181930303573608,1.3263479471206665
2025-05-16,1.1192693710327148,1.3306896686553955
2025-05-19,1.1187559366226196,1.3305498361587524
2025-05-20,1.1233429908752441,1.3360053300857544
2025-05-21,1.1287955045700073,1.3397821187973022
2025-05-22,1.133118748664856,1.3419036865234375
2025-05-23,1.1281843185424805,1.3419216871261597
2025-05-26,1.1372811794281006,1.3535828590393066
2025-05-27,1.1388484239578247,1.3565207719802856
2025-05-28,1.1337097883224487,1.3513330221176147
2025-05-29,1.123368263244629,1.3431472778320312
2025-05-30,1.1378376483917236,1.3498992919921875
2025-06-02,1.1353315114974976,1.346728801727295
2025-06-03,1.1453442573547363,1.3556748628616333
2025-06-04,1.1384464502334595,1.353143334388733
2025-06-05,1.1422044038772583,1.3552155494689941
2025-06-06,1.1453834772109985,1.3579576015472412
2025-06-09,1.1407841444015503,1.3538211584091187
2025-06-10,1.1428048610687256,1.3556748628616333
2025-06-11,1.143746018409729,1.3508219718933105
2025-06-12,1.1509333848953247,1.3567416667938232
2025-06-13,1.1600254774093628,1.3627691268920898
2025-06-16,1.1556684970855713,1.3557006120681763
2025-06-17,1.1551345586776733,1.3565576076507568
2025-06-18,1.1482638120651245,1.3430029153823853
2025-06-19,1.1477497816085815,1.3416515588760376
2025-06-20,1.1512778997421265,1.3476725816726685
2025-06-23,1.1500862836837769,1.3435983657836914
2025-06-24,1.1599044799804688,1.3545364141464233
2025-06-25,1.161224365234375,1.361488938331604
2025-06-26,1.1683744192123413,1.369187831878662
2025-06-27,1.1692214012145996,1.37247633934021
2025-06-30,1.1727453470230103,1.3719680309295654
2025-07-01,1.178717017173767,1.3730605840682983
2025-07-02,1.180553913116455,1.374721646308899
2025-07-03,1.18002450466156,1.3650014400482178
2025-07-04,1.1771491765975952,1.366829752922058
2025-07-07,1.178078293800354,1.3651504516601562
2025-07-08,1.1736538410186768,1.3623607158660889
2025-07-09,1.1724566221237183,1.3585295677185059
2025-07-10,1.17311692237854,1.3593051433563232
2025-07-11,1.1702749729156494,1.3579576015472412
2025-07-14,1.1682106256484985,1.3493820428848267
2025-07-15,1.1666297912597656,1.3428045511245728
2025-07-16,1.1607391834259033,1.3393335342407227
2025-07-17,1.1635754108428955,1.3411099910736084
2025-07-18,1.161548137664795,1.3432555198669434
2025-07-21,1.1630746126174927,1.341597557067871
2025-07-22,1.1694538593292236,1.348945140838623
2025-07-23,1.1739156246185303,1.352155327796936
2025-07-24,1.1774264574050903,1.3579576015472412
2025-07-25,1.1756131649017334,1.3510043621063232
2025-07-28,1.1756821870803833,1.344085931777954
2025-07-29,1.1596757173538208,1.336023211479187
2025-07-30,1.1550945043563843,1.3353630304336548
2025-07-31,1.1429355144500732,1.3257676362991333
2025-08-01,1.142374038696289,1.3209865093231201
2025-08-04,1.158668041229248,1.3289920091629028
2025-08-05,1.1584129333496094,1.3297518491744995
2025-08-06,1.1579166650772095,1.3299463987350464
2025-08-07,1.1663167476654053,1.3357912302017212
2025-08-08,1.1676650047302246,1.345152735710144
2025-08-11,1.1647952795028687,1.3444474935531616
2025-08-12,1.1618449687957764,1.3435261249542236
2025-08-13,1.1677058935165405,1.3504207134246826
2025-08-14,1.171289324760437,1.3585295677185059
2025-08-15,1.1651345491409302,1.3530701398849487
2025-08-18,1.1706587076187134,1.3556381464004517
2025-08-19,1.1668338775634766,1.3508219718933105
2025-08-20,1.164252758026123,1.348679542541504
2025-08-21,1.165175199508667,1.3466380834579468
2025-08-22,1.16130530834198,1.3419395685195923
2025-08-25,1.1709601879119873,1.35111403465271
2025-08-26,1.1618449687957764,1.3453518152236938
2025-08-27,1.1639411449432373,1.3478723764419556
2025-08-28,1.1647952795028687,1.3503841161727905
2025-08-29,1.1681560277938843,1.35111403465271
2025-09-01,1.1691803932189941,1.3503841161727905
2025-09-02,1.1715912818908691,1.3547931909561157
2025-09-03,1.163602590560913,1.3383476734161377
2025-09-04,1.16604483127594,1.3441582918167114
2025-09-05,1.1656913757324219,1.3444474935531616
2025-09-08,1.1713168621063232,1.3492909669876099
2025-09-09,1.1769136190414429,1.3553073406219482
2025-09-10,1.1702749729156494,1.352109670639038
2025-09-11,1.1703435182571411,1.3534730672836304
2025-09-12,1.1734747886657715,1.3576626777648926
2025-09-15,1.1726491451263428,1.3553440570831299
2025-09-16,1.1763737201690674,1.3602666854858398
2025-09-17,1.1871408224105835,1.365392804145813
2025-09-18,1.1826341152191162,1.3629734516143799
2025-09-19,1.1791062355041504,1.3556013107299805
2025-09-22,1.1736950874328613,1.3464748859405518
2025-09-23,1.1801080703735352,1.3514974117279053
2025-09-24,1.1814465522766113,1.3524478673934937
2025-09-25,1.1744670867919922,1.3452396392822266
2025-09-26,1.166275978088379,1.333653450012207
2025-09-29,1.170823097229004,1.3408241271972656
2025-09-30,1.1731443405151367,1.3437248468399048
2025-10-01,1.1735849380493164,1.3443390130996704
2025-10-02,1.1734058856964111,1.3480178117752075
2025-10-03,1.1725116968154907,1.3446643352508545
2025-10-06,1.171248197555542,1.3433817625045776
2025-10-07,1.171028733253479,1.3484903573989868
2025-10-08,1.1654603481292725,1.3421016931533813
2025-10-09,1.1631964445114136,1.3401411771774292
2025-10-10,1.156644344329834,1.3304948806762695
2025-10-13,1.160240888595581,1.3336178064346313
2025-10-14,1.1566845178604126,1.3332622051239014
2025-10-15,1.1602274179458618,1.3321610689163208
2025-10-16,1.1646324396133423,1.3404465913772583
2025-10-17,1.1699601411819458,1.3445558547973633
2025-10-20,1.165745735168457,1.342588186264038
2025-10-21,1.164442539215088,1.3405184745788574
2025-10-22,1.160038948059082,1.336523175239563
2025-10-23,1.1608469486236572,1.3351848125457764
2025-10-24,1.1618045568466187,1.332746982574463
2025-10-27,1.1631693840026855,1.3322391510009766
2025-10-28,1.165175199508667,1.3341000080108643
2025-10-29,1.1657865047454834,1.3279330730438232
2025-10-30,1.1603351831436157,1.3195397853851318
2025-10-31,1.157246708869934,1.3159106969833374
2025-11-03,1.1528042554855347,1.3134735822677612
2025-11-04,1.1519144773483276,1.3135254383087158
2025-11-05,1.1485539674758911,1.3021697998046875
2025-11-06,1.1496764421463013,1.3052598237991333
2025-11-07,1.1549211740493774,1.3140950202941895
2025-11-10,1.1543878316879272,1.3142677545547485
2025-11-11,1.1557220220565796,1.3172974586486816
2025-11-12,1.1587486267089844,1.3152875900268555
2025-11-13,1.159218668937683,1.3127838373184204
2025-11-14,1.1631964445114136,1.3152183294296265
2025-11-17,1.1615345478057861,1.3160146474838257
2025-11-18,1.159057378768921,1.3156163692474365
2025-11-19,1.1581177711486816,1.3147515058517456
2025-11-20,1.154068112373352,1.3061821460723877
2025-11-21,1.1534557342529297,1.308489441871643
2025-11-24,1.1507612466812134,1.3096375465393066
2025-11-25,1.1520073413848877,1.3106160163879395
2025-11-26,1.156483769416809,1.315870761871338
2025-11-27,1.1602139472961426,1.3244997262954712
2025-11-28,1.1599851846694946,1.3241175413131714
2025-12-01,1.1601465940475464,1.3239772319793701
2025-12-02,1.1607661247253418,1.3209341764450073
2025-12-03,1.1627906560897827,1.3219469785690308
2025-12-04,1.1666841506958008,1.3348817825317383
2025-12-05,1.1642799377441406,1.3321788311004639
2025-12-08,1.164022445678711,1.3324593305587769
2025-12-09,1.1641442775726318,1.3326793909072876
2025-12-10,1.1628313064575195,1.3303532600402832
2025-12-11,1.1701242923736572,1.3388315439224243
2025-12-12,1.1739431619644165,1.339046597480774
2025-12-15,1.1737639904022217,1.3367732763290405
2025-12-16,1.1754610538482666,1.3380612134933472
2025-12-17,1.1749500036239624,1.342499852180481
2025-12-18,1.1742326021194458,1.3374598026275635
2025-12-19,1.1725666522979736,1.3385393619537354
2025-12-22,1.1708093881607056,1.3377031087875366
2025-12-23,1.1765950918197632,1.3469899892807007
2025-12-24,1.179551362991333,1.3513604402542114
2025-12-26,1.1785364151000977,1.3508949279785156
2025-12-29,1.1772738695144653,1.349727988243103
2025-12-30,1.1772878170013428,1.3510993719100952
2025-12-31,1.1747292280197144,1.346719741821289
2026-01-02,1.175046682357788,1.347363829612732
2026-01-05,1.1704667806625366,1.3437970876693726
2026-01-06,1.1714951992034912,1.3533997535705566
2026-01-07,1.1688251495361328,1.3500559329986572
2026-01-08,1.1676785945892334,1.3459312915802002
2026-01-09,1.1657865047454834,1.3438005447387695
2026-01-12,1.1623716354370117,1.3394231796264648
2026-01-13,1.1666978597640991,1.3465656042099
2026-01-14,1.164252758026123,1.3426783084869385
2026-01-15,1.1646324396133423,1.344266653060913
2026-01-16,1.1609008312225342,1.3381328582763672
2026-01-19,1.162493348121643,1.3404287099838257
2026-01-20,1.1639139652252197,1.3418315649032593
2026-01-21,1.1727865934371948,1.344085931777954
2026-01-22,1.1672970056533813,1.3419395685195923
2026-01-23,1.1754610538482666,1.3501288890838623
2026-01-26,1.1858457326889038,1.3662508726119995
2026-01-27,1.1876484155654907,1.3677457571029663
2026-01-28,1.2017642259597778,1.3824374675750732
2026-01-29,1.1977769136428833,1.382533073425293
2026-01-30,1.19657301902771,1.380643367767334
2026-02-02,1.1849182844161987,1.3679141998291016
2026-02-03,1.1798714399337769,1.367315649986267
2026-02-04,1.1816140413284302,1.3697504997253418
2026-02-05,1.180163860321045,1.3644611835479736
2026-02-06,1.177786946296692,1.3520822525024414
2026-02-09,1.182578206062317,1.3608959913253784
2026-02-10,1.1904053688049316,1.368344783782959
2026-02-11,1.1889617443084717,1.3634566068649292
2026-02-12,1.1876062154769897,1.362399697303772
2026-02-13,1.1868449449539185,1.3620266914367676
2026-02-16,1.1867464780807495,1.3647778034210205
2026-02-17,1.1849884986877441,1.3627691268920898
2026-02-18,1.185185194015503,1.3564472198486328
2026-02-19,1.1788839101791382,1.349582314491272
2026-02-20,1.1769136190414429,1.3461124897003174
2026-02-23,1.1834739446640015,1.3533265590667725
2026-02-24,1.1793843507766724,1.34969162940979
2026-02-25,1.1775233745574951,1.3497462272644043
2026-02-26,1.181516408920288,1.3558034896850586
2026-02-27,1.1803030967712402,1.3491452932357788
2026-03-02,1.1759449243545532,1.3406623601913452
2026-03-03,1.1697274446487427,1.3410578966140747
2026-03-04,1.161224365234375,1.3353630304336548
2026-03-05,1.1635618209838867,1.3369520902633667
2026-03-06,1.1608065366744995,1.3357375860214233
2026-03-09,1.152325987815857,1.3301055431365967
2026-03-10,1.1617234945297241,1.3424980640411377
2026-03-11,1.1611299514770508,1.3419036865234375
2026-03-12,1.1543211936950684,1.338186502456665
2026-03-13,1.1521666049957275,1.335250735282898
2026-03-16,1.1435105800628662,1.3247665166854858
2026-03-17,1.1499539613723755,1.3314337730407715
2026-03-18,1.153948187828064,1.335951805114746
2026-03-19,1.1464471817016602,1.32650625705719
2026-03-20,1.157755732536316,1.342570185661316
2026-03-23,1.1560158729553223,1.3331555128097534
2026-03-24,1.1607122421264648,1.342426061630249
2026-03-25,1.16146719455719,1.3416335582733154
2026-03-26,1.1561496257781982,1.336362361907959
2026-03-27,1.1535090208053589,1.3335645198822021
2026-03-30,1.149200677871704,1.3238370418548584
2026-03-31,1.1460003852844238,1.3172800540924072
2026-04-01,1.1574207544326782,1.324327826499939
2026-04-02,1.159057378768921,1.3302648067474365
2026-04-03,1.1541746854782104,1.3230313062667847
2026-04-06,1.150999665260315,1.3186348676681519
2026-04-07,1.1541212797164917,1.3234164714813232
2026-04-08,1.1686612367630005,1.3401771783828735
2026-04-09,1.16593599319458,1.3394052982330322
2026-04-10,1.1691256761550903,1.3430029153823853
2026-04-13,1.1675150394439697,1.339441180229187
2026-04-14,1.176885962486267,1.3515340089797974
2026-04-15,1.179940938949585,1.357533574104309
2026-04-16,1.1809163093566895,1.3573696613311768
2026-04-17,1.1782727241516113,1.3526124954223633
2026-04-20,1.1741223335266113,1.348435878753662
2026-04-21,1.1784392595291138,1.3531250953674316
2026-04-22,1.174425721168518,1.3509680032730103
2026-04-23,1.1706037521362305,1.3500378131866455
2026-04-24,1.16838800907135,1.3466380834579468
2026-04-27,1.1706448793411255,1.3515102863311768
2026-04-28,1.1723467111587524,1.3538211584091187
2026-04-29,1.171783447265625,1.3524478673934937
2026-04-30,1.168470025062561,1.3488596677780151
2026-05-01,1.172910451889038,1.3602666854858398
2026-05-04,1.1726628541946411,1.3581420183181763
2026-05-05,1.1691941022872925,1.353143334388733
2026-05-06,1.1715774536132812,1.3568705320358276
2026-05-07,1.1747430562973022,1.3591758012771606
2026-05-08,1.1731581687927246,1.3555645942687988
2026-05-11,1.176885962486267,1.3594714403152466
2026-05-12,1.177994966506958,1.360470175743103
2026-05-13,1.1735436916351318,1.3537001609802246
2026-05-14,1.1716049909591675,1.352630853652954
2026-05-15,1.166208028793335,1.3391362428665161
2026-05-18,1.161440134048462,1.330849051475525
2026-05-19,1.1655147075653076,1.3432012796401978
2026-05-20,1.1607122421264648,1.3396027088165283
2026-05-21,1.1625338792800903,1.3433998823165894
2026-05-22,1.1621150970458984,1.3432555198669434
2026-05-25,1.164225697517395,1.34816312789917
2026-05-26,1.1637378931045532,1.3496370315551758
2026-05-27,1.1636837720870972,1.345532774925232
2026-05-28,1.1617909669876099,1.3416515588760376
2026-05-29,1.1652837991714478,1.3444474935531616
2026-06-01,1.164890170097351,1.345152735710144
2026-06-02,1.1635483503341675,1.3460001945495605
2026-06-03,1.1622096300125122,1.3454241752624512
2026-06-04,1.160941243171692,1.3427144289016724
2026-06-05,1.1612648963928223,1.3427000045776367
2026-06-08,1.1522595882415771,1.3335645198822021
2026-06-09,1.1528440713882446,1.3333333730697632
2026-06-10,1.1535356044769287,1.3372201919555664
2026-06-11,1.1535621881484985,1.3362016677856445
2026-06-12,1.157594919204712,1.341381549835205
2026-06-15,1.1603081226348877,1.344971776008606
2026-06-16,1.1594202518463135,1.341599464416504
2026-06-17,1.1609952449798584,1.3426424264907837
2026-06-18,1.150734782218933,1.3301233053207397
2026-06-19,1.1458560228347778,1.3202017545700073
2026-06-22,1.1462763547897339,1.3207945823669434
2026-06-23,1.1427135467529297,1.3247138261795044
2026-06-24,1.1379542350769043,1.3200099468231201
2026-06-25,1.1354217529296875,1.3166556358337402
2026-06-26,1.1361699104309082,1.318791389465332
2026-06-29,1.1385631561279297,1.319713830947876
2026-06-30,1.1422044038772583,1.325398564338684
2026-07-01,1.1413310766220093,1.325065016746521
2026-07-02,1.13779878616333,1.3279330730438232
2026-07-03,1.1422696113586426,1.3338704109191895
2026-07-06,1.1437721252441406,1.335309624671936
2026-07-07,1.144177794456482,1.3397893905639648
2026-07-08,1.140380859375,1.3348907232284546
2026-07-09,1.1422044038772583,1.339620590209961
2026-07-10,1.1433405876159668,1.3415615558624268
2026-07-13,1.1404459476470947,1.3386881351470947
2026-07-14,1.1384334564208984,1.3347926139831543
2026-07-15,1.1424654722213745,1.3397103548049927
2026-07-16,1.1470258235931396,1.3541291952133179
2026-07-17,1.1444659233093262,1.3478904962539673
2026-07-20,1.142765760421753,1.3446282148361206
2026-07-21,1.1418131589889526,1.3431652784347534
2026-07-22,1.140380859375,1.3379179239273071
2026-07-23,1.1411746740341187,1.337524175643921
2026-07-24,1.137682318687439,1.3312742710113525
2026-07-27,1.1394972801208496,1.335131287574768
2026-07-28,1.1369450092315674,1.3289920091629028
2026-07-29,1.1386538743972778,1.3287270069122314
2026-07-30,1.1467232704162598,1.3367303609848022
2026-07-31,1.1523525714874268,1.3460942506790161
2026-08-03,1.154401183128357,1.34916353225708
2026-08-04,1.150734782218933,1.3427000045776367
2026-08-05,1.153242826461792,1.3450984954833984
2026-08-06,1.1557353734970093,1.3469645977020264
2026-08-07,1.1524720191955566,1.345532774925232
2026-08-10,1.155641794204712,1.34907066822052
2026-08-11,1.1546411514282227,1.3511322736740112
2026-08-12,1.1543744802474976,1.3509862422943115
2026-08-13,1.1530035734176636,1.3497827053070068
2026-08-14,1.1535356044769287,1.3490725755691528
2026-08-17,1.1573940515518188,1.3546648025512695
2026-08-18,1.1582788228988647,1.3550318479537964
2026-08-19,1.1579434871673584,1.3536745309829712
2026-08-20,1.1673787832260132,1.3599891662597656
2026-08-21,1.1687841415405273,1.364349603652954
2026-08-24,1.1681560277938843,1.3653554916381836
2026-08-25,1.1668338775634766,1.3638285398483276
2026-08-26,1.1674741506576538,1.3647032976150513
2026-08-27,1.1654876470565796,1.3596932888031006
2026-08-28,1.1656370162963867,1.3597116470336914
2026-08-31,1.1588962078094482,1.3540412187576294
2026-09-01,1.1617640256881714,1.3550136089324951
2026-09-02,1.1595547199249268,1.3515340089797974
2026-09-03,1.1585336923599243,1.3483631610870361
2026-09-04,1.1628313064575195,1.353179931640625
2026-09-07,1.1613997220993042,1.3517167568206787
2026-09-08,1.1627637147903442,1.3546831607818604
2026-09-09,1.1627366542816162,1.3544628620147705
2026-09-10,1.1633858680725098,1.3551971912384033
2026-09-11,1.1609952449798584,1.3509314060211182
2026-09-14,1.1593934297561646,1.3525760173797607
2026-09-15,1.154854416847229,1.3500925302505493
2026-09-16,1.153761863708496,1.3473457098007202
2026-09-17,1.1469862461090088,1.3382940292358398
2026-09-18,1.1476049423217773,1.335800051689148
2026-09-21,1.1479737758636475,1.3388673067092896
2026-09-22,1.1464602947235107,1.3370896577835083
2026-09-23,1.1447935104370117,1.3343117237091064
2026-09-24,1.138187289237976,1.3241524696350098
2026-09-25,1.1374752521514893,1.3210737705230713
2026-09-28,1.13779878616333,1.3229262828826904
2026-09-29,1.137268304824829,1.3254337310791016
2026-09-30,1.134082555770874,1.323276400566101
2026-10-01,1.1327208280563354,1.326435923576355
2026-10-02,1.124985933303833,1.3199577331542969
2026-10-05,1.1209505796432495,1.3230488300323486
