Date,gross_pnl,cost,net_pnl,n_pairs,in_market,position,cum_net,cum_gross
2018-09-13,0.0,0.0,0.0,1,0,0,0.0,0.0
2018-09-14,0.0,0.0,0.0,1,0,0,0.0,0.0
2018-09-17,0.0,0.0,0.0,1,0,0,0.0,0.0
2018-09-18,0.0,0.0,0.0,1,0,0,0.0,0.0
2018-09-19,0.0,0.0002,-0.0002,1,1,1,-0.0002,0.0
2018-09-20,0.0009791352647880406,0.0,0.0009791352647880406,1,1,1,0.0007791352647880406,0.0009791352647880406
2018-09-21,-0.0018235691253944207,0.0,-0.0018235691253944207,1,1,1,-0.00104443386060638,-0.0008444338606063801
2018-09-24,0.007269797690949563,0.0,0.007269797690949563,1,1,1,0.0062253638303431825,0.006425363830343183
2018-09-25,-0.0015155804116571841,0.0002001019193677875,-0.0017156823310249716,1,0,0,0.004509681499318211,0.004909783418685999
2018-09-26,0.0,0.0,0.0,1,0,0,0.004509681499318211,0.004909783418685999
2018-09-27,0.0,0.0,0.0,1,0,0,0.004509681499318211,0.004909783418685999
2018-09-28,0.0,0.0,0.0,1,0,0,0.004509681499318211,0.004909783418685999
2018-10-01,0.0,0.0,0.0,1,0,0,0.004509681499318211,0.004909783418685999
2018-10-02,0.0,0.0,0.0,1,0,0,0.004509681499318211,0.004909783418685999
2018-10-03,0.0,0.0,0.0,1,0,0,0.004509681499318211,0.004909783418685999
2018-10-04,0.0,0.0,0.0,1,0,0,0.004509681499318211,0.004909783418685999
2018-10-05,0.0,0.0,0.0,1,0,0,0.004509681499318211,0.004909783418685999
2018-10-08,0.0,0.0,0.0,1,0,0,0.004509681499318211,0.004909783418685999
2018-10-09,0.0,0.00020000000000000006,-0.00020000000000000006,1,1,1,0.004309681499318211,0.004909783418685999
2018-10-10,-0.0022972964766583633,0.0,-0.0022972964766583633,1,1,1,0.0020123850226598477,0.002612486942027636
2018-10-11,-0.0011703060623139549,0.0,-0.0011703060623139549,1,1,1,0.0008420789603458929,0.001442180879713681
2018-10-12,0.000946765484028394,0.0,0.000946765484028394,1,1,1,0.0017888444443742869,0.002388946363742075
2018-10-15,0.0041959981622274704,0.0,0.0041959981622274704,1,1,1,0.005984842606601757,0.006584944525969545
2018-10-16,-0.001006847675983219,0.0,-0.001006847675983219,1,1,1,0.004977994930618538,0.005578096849986326
2018-10-17,-0.00171670992728468,0.0,-0.00171670992728468,1,1,1,0.0032612850033338584,0.0038613869227016465
2018-10-18,0.0008088892715893987,0.0,0.0008088892715893987,1,1,1,0.004070174274923257,0.004670276194291045
2018-10-19,0.0019554884467461627,0.0,0.0019554884467461627,1,1,1,0.00602566272166942,0.006625764641037208
2018-10-22,6.395404445734684e-05,0.0,6.395404445734684e-05,1,1,1,0.006089616766126767,0.006689718685494554
2018-10-23,0.0027642864917757546,0.0,0.0027642864917757546,1,1,1,0.008853903257902522,0.00945400517727031
2018-10-24,-0.00046855085113019733,0.00019887048641084612,-0.0006674213375410435,1,0,0,0.008186481920361479,0.008985454326140112
2018-10-25,0.0,0.0,0.0,1,0,0,0.008186481920361479,0.008985454326140112
2018-10-26,0.0,0.0,0.0,1,0,0,0.008186481920361479,0.008985454326140112
2018-10-29,0.0,0.0,0.0,1,0,0,0.008186481920361479,0.008985454326140112
2018-10-30,0.0,0.0,0.0,1,0,0,0.008186481920361479,0.008985454326140112
2018-10-31,0.0,0.0,0.0,1,0,0,0.008186481920361479,0.008985454326140112
2018-11-01,0.0,0.0,0.0,1,0,0,0.008186481920361479,0.008985454326140112
2018-11-02,0.0,0.0,0.0,1,0,0,0.008186481920361479,0.008985454326140112
2018-11-05,0.0,0.0,0.0,1,0,0,0.008186481920361479,0.008985454326140112
2018-11-06,0.0,0.0,0.0,1,0,0,0.008186481920361479,0.008985454326140112
2018-11-07,0.0,0.0,0.0,1,0,0,0.008186481920361479,0.008985454326140112
2018-11-08,0.0,0.0,0.0,1,0,0,0.008186481920361479,0.008985454326140112
2018-11-09,0.0,0.0,0.0,1,0,0,0.008186481920361479,0.008985454326140112
2018-11-12,0.0,0.0,0.0,1,0,0,0.008186481920361479,0.008985454326140112
2018-11-13,0.0,0.0,0.0,1,0,0,0.008186481920361479,0.008985454326140112
2018-11-14,0.0,0.0,0.0,1,0,0,0.008186481920361479,0.008985454326140112
2018-11-15,0.0,0.0,0.0,1,0,0,0.008186481920361479,0.008985454326140112
2018-11-16,0.0,0.0,0.0,1,0,0,0.008186481920361479,0.008985454326140112
2018-11-19,0.0,0.0,0.0,1,0,0,0.008186481920361479,0.008985454326140112
2018-11-20,0.0,0.0,0.0,1,0,0,0.008186481920361479,0.008985454326140112
2018-11-21,0.0,0.0,0.0,1,0,0,0.008186481920361479,0.008985454326140112
2018-11-22,0.0,0.0,0.0,1,0,0,0.008186481920361479,0.008985454326140112
2018-11-23,0.0,0.0,0.0,1,0,0,0.008186481920361479,0.008985454326140112
2018-11-26,0.0,0.0,0.0,1,0,0,0.008186481920361479,0.008985454326140112
2018-11-27,0.0,0.0,0.0,1,0,0,0.008186481920361479,0.008985454326140112
2018-11-28,0.0,0.0,0.0,1,0,0,0.008186481920361479,0.008985454326140112
2018-11-29,0.0,0.0,0.0,1,0,0,0.008186481920361479,0.008985454326140112
2018-11-30,0.0,0.0,0.0,1,0,0,0.008186481920361479,0.008985454326140112
2018-12-03,0.0,0.0,0.0,1,0,0,0.008186481920361479,0.008985454326140112
2018-12-04,0.0,0.0,0.0,1,0,0,0.008186481920361479,0.008985454326140112
2018-12-05,0.0,0.0,0.0,1,0,0,0.008186481920361479,0.008985454326140112
2018-12-06,0.0,0.0,0.0,1,0,0,0.008186481920361479,0.008985454326140112
2018-12-07,0.0,0.0,0.0,1,0,0,0.008186481920361479,0.008985454326140112
2018-12-10,0.0,0.0,0.0,1,0,0,0.008186481920361479,0.008985454326140112
2018-12-11,0.0,0.0,0.0,0,0,0,0.008186481920361479,0.008985454326140112
2018-12-12,0.0,0.0,0.0,0,0,0,0.008186481920361479,0.008985454326140112
2018-12-13,0.0,0.0,0.0,0,0,0,0.008186481920361479,0.008985454326140112
2018-12-14,0.0,0.0,0.0,0,0,0,0.008186481920361479,0.008985454326140112
2018-12-17,0.0,0.0,0.0,0,0,0,0.008186481920361479,0.008985454326140112
2018-12-18,0.0,0.0,0.0,0,0,0,0.008186481920361479,0.008985454326140112
2018-12-19,0.0,0.0,0.0,0,0,0,0.008186481920361479,0.008985454326140112
2018-12-20,0.0,0.0,0.0,0,0,0,0.008186481920361479,0.008985454326140112
2018-12-21,0.0,0.0,0.0,0,0,0,0.008186481920361479,0.008985454326140112
2018-12-24,0.0,0.0,0.0,0,0,0,0.008186481920361479,0.008985454326140112
2018-12-25,0.0,0.0,0.0,0,0,0,0.008186481920361479,0.008985454326140112
2018-12-26,0.0,0.0,0.0,0,0,0,0.008186481920361479,0.008985454326140112
2018-12-27,0.0,0.0,0.0,0,0,0,0.008186481920361479,0.008985454326140112
2018-12-28,0.0,0.0,0.0,0,0,0,0.008186481920361479,0.008985454326140112
2018-12-31,0.0,0.0,0.0,0,0,0,0.008186481920361479,0.008985454326140112
2019-01-01,0.0,0.0,0.0,0,0,0,0.008186481920361479,0.008985454326140112
2019-01-02,0.0,0.0,0.0,0,0,0,0.008186481920361479,0.008985454326140112
2019-01-03,0.0,0.0,0.0,0,0,0,0.008186481920361479,0.008985454326140112
2019-01-04,0.0,0.0,0.0,0,0,0,0.008186481920361479,0.008985454326140112
2019-01-07,0.0,0.0,0.0,0,0,0,0.008186481920361479,0.008985454326140112
2019-01-08,0.0,0.0,0.0,0,0,0,0.008186481920361479,0.008985454326140112
2019-01-09,0.0,0.0,0.0,0,0,0,0.008186481920361479,0.008985454326140112
2019-01-10,0.0,0.0,0.0,0,0,0,0.008186481920361479,0.008985454326140112
2019-01-11,0.0,0.0,0.0,0,0,0,0.008186481920361479,0.008985454326140112
2019-01-14,0.0,0.0,0.0,0,0,0,0.008186481920361479,0.008985454326140112
2019-01-15,0.0,0.0,0.0,0,0,0,0.008186481920361479,0.008985454326140112
2019-01-16,0.0,0.0,0.0,0,0,0,0.008186481920361479,0.008985454326140112
2019-01-17,0.0,0.0,0.0,0,0,0,0.008186481920361479,0.008985454326140112
2019-01-18,0.0,0.0,0.0,0,0,0,0.008186481920361479,0.008985454326140112
2019-01-21,0.0,0.0,0.0,0,0,0,0.008186481920361479,0.008985454326140112
2019-01-22,0.0,0.0,0.0,0,0,0,0.008186481920361479,0.008985454326140112
2019-01-23,0.0,0.0,0.0,0,0,0,0.008186481920361479,0.008985454326140112
2019-01-24,0.0,0.0,0.0,0,0,0,0.008186481920361479,0.008985454326140112
2019-01-25,0.0,0.0,0.0,0,0,0,0.008186481920361479,0.008985454326140112
2019-01-28,0.0,0.0,0.0,0,0,0,0.008186481920361479,0.008985454326140112
2019-01-29,0.0,0.0,0.0,0,0,0,0.008186481920361479,0.008985454326140112
2019-01-30,0.0,0.0,0.0,0,0,0,0.008186481920361479,0.008985454326140112
2019-01-31,0.0,0.0,0.0,0,0,0,0.008186481920361479,0.008985454326140112
2019-02-01,0.0,0.0,0.0,0,0,0,0.008186481920361479,0.008985454326140112
2019-02-04,0.0,0.0,0.0,0,0,0,0.008186481920361479,0.008985454326140112
2019-02-05,0.0,0.0,0.0,0,0,0,0.008186481920361479,0.008985454326140112
2019-02-06,0.0,0.0,0.0,0,0,0,0.008186481920361479,0.008985454326140112
2019-02-07,0.0,0.0,0.0,0,0,0,0.008186481920361479,0.008985454326140112
2019-02-08,0.0,0.0,0.0,0,0,0,0.008186481920361479,0.008985454326140112
2019-02-11,0.0,0.0,0.0,0,0,0,0.008186481920361479,0.008985454326140112
2019-02-12,0.0,0.0,0.0,0,0,0,0.008186481920361479,0.008985454326140112
2019-02-13,0.0,0.0,0.0,0,0,0,0.008186481920361479,0.008985454326140112
2019-02-14,0.0,0.0,0.0,0,0,0,0.008186481920361479,0.008985454326140112
2019-02-15,0.0,0.0,0.0,0,0,0,0.008186481920361479,0.008985454326140112
2019-02-18,0.0,0.0,0.0,0,0,0,0.008186481920361479,0.008985454326140112
2019-02-19,0.0,0.0,0.0,0,0,0,0.008186481920361479,0.008985454326140112
2019-02-20,0.0,0.0,0.0,0,0,0,0.008186481920361479,0.008985454326140112
2019-02-21,0.0,0.0,0.0,0,0,0,0.008186481920361479,0.008985454326140112
2019-02-22,0.0,0.0,0.0,0,0,0,0.008186481920361479,0.008985454326140112
2019-02-25,0.0,0.0,0.0,0,0,0,0.008186481920361479,0.008985454326140112
2019-02-26,0.0,0.0,0.0,0,0,0,0.008186481920361479,0.008985454326140112
2019-02-27,0.0,0.0,0.0,0,0,0,0.008186481920361479,0.008985454326140112
2019-02-28,0.0,0.0,0.0,0,0,0,0.008186481920361479,0.008985454326140112
2019-03-01,0.0,0.0,0.0,0,0,0,0.008186481920361479,0.008985454326140112
2019-03-04,0.0,0.0,0.0,0,0,0,0.008186481920361479,0.008985454326140112
2019-03-05,0.0,0.0,0.0,0,0,0,0.008186481920361479,0.008985454326140112
2019-03-06,0.0,0.0,0.0,0,0,0,0.008186481920361479,0.008985454326140112
2019-03-07,0.0,0.0,0.0,0,0,0,0.008186481920361479,0.008985454326140112
2019-03-08,0.0,0.0,0.0,0,0,0,0.008186481920361479,0.008985454326140112
2019-03-11,0.0,0.0,0.0,0,0,0,0.008186481920361479,0.008985454326140112
2019-03-12,0.0,0.0,0.0,0,0,0,0.008186481920361479,0.008985454326140112
2019-03-13,0.0,0.0,0.0,0,0,0,0.008186481920361479,0.008985454326140112
2019-03-14,0.0,0.0,0.0,0,0,0,0.008186481920361479,0.008985454326140112
2019-03-15,0.0,0.0,0.0,0,0,0,0.008186481920361479,0.008985454326140112
2019-03-18,0.0,0.0,0.0,0,0,0,0.008186481920361479,0.008985454326140112
2019-03-19,0.0,0.0,0.0,0,0,0,0.008186481920361479,0.008985454326140112
2019-03-20,0.0,0.0,0.0,0,0,0,0.008186481920361479,0.008985454326140112
2019-03-21,0.0,0.0,0.0,0,0,0,0.008186481920361479,0.008985454326140112
2019-03-22,0.0,0.0,0.0,0,0,0,0.008186481920361479,0.008985454326140112
2019-03-25,0.0,0.0,0.0,0,0,0,0.008186481920361479,0.008985454326140112
2019-03-26,0.0,0.0,0.0,0,0,0,0.008186481920361479,0.008985454326140112
2019-03-27,0.0,0.0,0.0,0,0,0,0.008186481920361479,0.008985454326140112
2019-03-28,0.0,0.0,0.0,0,0,0,0.008186481920361479,0.008985454326140112
2019-03-29,0.0,0.0,0.0,0,0,0,0.008186481920361479,0.008985454326140112
2019-04-01,0.0,0.0,0.0,0,0,0,0.008186481920361479,0.008985454326140112
2019-04-02,0.0,0.0,0.0,0,0,0,0.008186481920361479,0.008985454326140112
2019-04-03,0.0,0.0,0.0,0,0,0,0.008186481920361479,0.008985454326140112
2019-04-04,0.0,0.0,0.0,0,0,0,0.008186481920361479,0.008985454326140112
2019-04-05,0.0,0.0,0.0,0,0,0,0.008186481920361479,0.008985454326140112
2019-04-08,0.0,0.0,0.0,0,0,0,0.008186481920361479,0.008985454326140112
2019-04-09,0.0,0.0,0.0,0,0,0,0.008186481920361479,0.008985454326140112
2019-04-10,0.0,0.0,0.0,0,0,0,0.008186481920361479,0.008985454326140112
2019-04-11,0.0,0.0,0.0,0,0,0,0.008186481920361479,0.008985454326140112
2019-04-12,0.0,0.0,0.0,0,0,0,0.008186481920361479,0.008985454326140112
2019-04-15,0.0,0.0,0.0,0,0,0,0.008186481920361479,0.008985454326140112
2019-04-16,0.0,0.0,0.0,0,0,0,0.008186481920361479,0.008985454326140112
2019-04-17,0.0,0.0,0.0,0,0,0,0.008186481920361479,0.008985454326140112
2019-04-18,0.0,0.0,0.0,0,0,0,0.008186481920361479,0.008985454326140112
2019-04-19,0.0,0.0,0.0,0,0,0,0.008186481920361479,0.008985454326140112
2019-04-22,0.0,0.0,0.0,0,0,0,0.008186481920361479,0.008985454326140112
2019-04-23,0.0,0.0,0.0,0,0,0,0.008186481920361479,0.008985454326140112
2019-04-24,0.0,0.0,0.0,0,0,0,0.008186481920361479,0.008985454326140112
2019-04-25,0.0,0.0,0.0,0,0,0,0.008186481920361479,0.008985454326140112
2019-04-26,0.0,0.0,0.0,0,0,0,0.008186481920361479,0.008985454326140112
2019-04-29,0.0,0.0,0.0,0,0,0,0.008186481920361479,0.008985454326140112
2019-04-30,0.0,0.0,0.0,0,0,0,0.008186481920361479,0.008985454326140112
2019-05-01,0.0,0.0,0.0,0,0,0,0.008186481920361479,0.008985454326140112
2019-05-02,0.0,0.0,0.0,0,0,0,0.008186481920361479,0.008985454326140112
2019-05-03,0.0,0.0,0.0,0,0,0,0.008186481920361479,0.008985454326140112
2019-05-06,0.0,0.0,0.0,0,0,0,0.008186481920361479,0.008985454326140112
2019-05-07,0.0,0.0,0.0,0,0,0,0.008186481920361479,0.008985454326140112
2019-05-08,0.0,0.0,0.0,0,0,0,0.008186481920361479,0.008985454326140112
2019-05-09,0.0,0.0,0.0,0,0,0,0.008186481920361479,0.008985454326140112
2019-05-10,0.0,0.0,0.0,0,0,0,0.008186481920361479,0.008985454326140112
2019-05-13,0.0,0.0,0.0,0,0,0,0.008186481920361479,0.008985454326140112
2019-05-14,0.0,0.0,0.0,0,0,0,0.008186481920361479,0.008985454326140112
2019-05-15,0.0,0.0,0.0,0,0,0,0.008186481920361479,0.008985454326140112
2019-05-16,0.0,0.0,0.0,0,0,0,0.008186481920361479,0.008985454326140112
2019-05-17,0.0,0.0,0.0,0,0,0,0.008186481920361479,0.008985454326140112
2019-05-20,0.0,0.0,0.0,0,0,0,0.008186481920361479,0.008985454326140112
2019-05-21,0.0,0.0,0.0,0,0,0,0.008186481920361479,0.008985454326140112
2019-05-23,0.0,0.0,0.0,0,0,0,0.008186481920361479,0.008985454326140112
2019-05-24,0.0,0.0,0.0,0,0,0,0.008186481920361479,0.008985454326140112
2019-05-27,0.0,0.0,0.0,0,0,0,0.008186481920361479,0.008985454326140112
2019-05-28,0.0,0.0,0.0,0,0,0,0.008186481920361479,0.008985454326140112
2019-05-29,0.0,0.0,0.0,0,0,0,0.008186481920361479,0.008985454326140112
2019-05-30,0.0,0.0,0.0,0,0,0,0.008186481920361479,0.008985454326140112
2019-05-31,0.0,0.0,0.0,0,0,0,0.008186481920361479,0.008985454326140112
2019-06-03,0.0,0.0,0.0,0,0,0,0.008186481920361479,0.008985454326140112
2019-06-04,0.0,0.0,0.0,0,0,0,0.008186481920361479,0.008985454326140112
2019-06-05,0.0,0.0,0.0,0,0,0,0.008186481920361479,0.008985454326140112
2019-06-06,0.0,0.0,0.0,0,0,0,0.008186481920361479,0.008985454326140112
2019-06-07,0.0,0.0,0.0,0,0,0,0.008186481920361479,0.008985454326140112
2019-06-10,0.0,0.0,0.0,0,0,0,0.008186481920361479,0.008985454326140112
2019-06-11,0.0,0.0,0.0,0,0,0,0.008186481920361479,0.008985454326140112
2019-06-12,0.0,0.0,0.0,0,0,0,0.008186481920361479,0.008985454326140112
2019-06-13,0.0,0.0,0.0,0,0,0,0.008186481920361479,0.008985454326140112
2019-06-14,0.0,0.0,0.0,0,0,0,0.008186481920361479,0.008985454326140112
2019-06-17,0.0,0.0,0.0,0,0,0,0.008186481920361479,0.008985454326140112
2019-06-18,0.0,0.0,0.0,0,0,0,0.008186481920361479,0.008985454326140112
2019-06-19,0.0,0.0,0.0,0,0,0,0.008186481920361479,0.008985454326140112
2019-06-20,0.0,0.0,0.0,0,0,0,0.008186481920361479,0.008985454326140112
2019-06-21,0.0,0.0,0.0,0,0,0,0.008186481920361479,0.008985454326140112
2019-06-24,0.0,0.0,0.0,0,0,0,0.008186481920361479,0.008985454326140112
2019-06-25,0.0,0.0,0.0,0,0,0,0.008186481920361479,0.008985454326140112
2019-06-26,0.0,0.0,0.0,0,0,0,0.008186481920361479,0.008985454326140112
2019-06-27,0.0,0.0,0.0,0,0,0,0.008186481920361479,0.008985454326140112
2019-06-28,0.0,0.0,0.0,0,0,0,0.008186481920361479,0.008985454326140112
2019-07-01,0.0,0.0,0.0,0,0,0,0.008186481920361479,0.008985454326140112
2019-07-02,0.0,0.0,0.0,0,0,0,0.008186481920361479,0.008985454326140112
2019-07-03,0.0,0.0,0.0,0,0,0,0.008186481920361479,0.008985454326140112
2019-07-04,0.0,0.0,0.0,0,0,0,0.008186481920361479,0.008985454326140112
2019-07-05,0.0,0.0,0.0,0,0,0,0.008186481920361479,0.008985454326140112
2019-07-08,0.0,0.0,0.0,0,0,0,0.008186481920361479,0.008985454326140112
2019-07-09,0.0,0.0,0.0,0,0,0,0.008186481920361479,0.008985454326140112
2019-07-10,0.0,0.0,0.0,0,0,0,0.008186481920361479,0.008985454326140112
2019-07-11,0.0,0.0,0.0,0,0,0,0.008186481920361479,0.008985454326140112
2019-07-12,0.0,0.0,0.0,0,0,0,0.008186481920361479,0.008985454326140112
2019-07-15,0.0,0.0,0.0,0,0,0,0.008186481920361479,0.008985454326140112
2019-07-16,0.0,0.0,0.0,0,0,0,0.008186481920361479,0.008985454326140112
2019-07-17,0.0,0.0,0.0,0,0,0,0.008186481920361479,0.008985454326140112
2019-07-18,0.0,0.0,0.0,0,0,0,0.008186481920361479,0.008985454326140112
2019-07-19,0.0,0.0,0.0,0,0,0,0.008186481920361479,0.008985454326140112
2019-07-22,0.0,0.0,0.0,0,0,0,0.008186481920361479,0.008985454326140112
2019-07-23,0.0,0.0,0.0,0,0,0,0.008186481920361479,0.008985454326140112
2019-07-24,0.0,0.0,0.0,0,0,0,0.008186481920361479,0.008985454326140112
2019-07-25,0.0,0.0,0.0,0,0,0,0.008186481920361479,0.008985454326140112
2019-07-26,0.0,0.0,0.0,0,0,0,0.008186481920361479,0.008985454326140112
2019-07-29,0.0,0.0,0.0,0,0,0,0.008186481920361479,0.008985454326140112
2019-07-30,0.0,0.0,0.0,0,0,0,0.008186481920361479,0.008985454326140112
2019-07-31,0.0,0.0,0.0,0,0,0,0.008186481920361479,0.008985454326140112
2019-08-01,0.0,0.0,0.0,0,0,0,0.008186481920361479,0.008985454326140112
2019-08-02,0.0,0.0,0.0,0,0,0,0.008186481920361479,0.008985454326140112
2019-08-05,0.0,0.0,0.0,0,0,0,0.008186481920361479,0.008985454326140112
2019-08-06,0.0,0.0,0.0,0,0,0,0.008186481920361479,0.008985454326140112
2019-08-07,0.0,0.0,0.0,0,0,0,0.008186481920361479,0.008985454326140112
2019-08-08,0.0,0.0,0.0,0,0,0,0.008186481920361479,0.008985454326140112
2019-08-09,0.0,0.0,0.0,0,0,0,0.008186481920361479,0.008985454326140112
2019-08-12,0.0,0.0,0.0,0,0,0,0.008186481920361479,0.008985454326140112
2019-08-13,0.0,0.0,0.0,0,0,0,0.008186481920361479,0.008985454326140112
2019-08-14,0.0,0.0,0.0,0,0,0,0.008186481920361479,0.008985454326140112
2019-08-15,0.0,0.0,0.0,0,0,0,0.008186481920361479,0.008985454326140112
2019-08-16,0.0,0.0,0.0,0,0,0,0.008186481920361479,0.008985454326140112
2019-08-19,0.0,0.0,0.0,0,0,0,0.008186481920361479,0.008985454326140112
2019-08-20,0.0,0.0,0.0,0,0,0,0.008186481920361479,0.008985454326140112
2019-08-21,0.0,0.0,0.0,0,0,0,0.008186481920361479,0.008985454326140112
2019-08-22,0.0,0.0,0.0,0,0,0,0.008186481920361479,0.008985454326140112
2019-08-23,0.0,0.0,0.0,0,0,0,0.008186481920361479,0.008985454326140112
2019-08-26,0.0,0.0,0.0,0,0,0,0.008186481920361479,0.008985454326140112
2019-08-27,0.0,0.0,0.0,0,0,0,0.008186481920361479,0.008985454326140112
2019-08-28,0.0,0.0,0.0,0,0,0,0.008186481920361479,0.008985454326140112
2019-08-29,0.0,0.0,0.0,0,0,0,0.008186481920361479,0.008985454326140112
2019-08-30,0.0,0.0,0.0,0,0,0,0.008186481920361479,0.008985454326140112
2019-09-02,0.0,0.0,0.0,0,0,0,0.008186481920361479,0.008985454326140112
2019-09-03,0.0,0.0,0.0,0,0,0,0.008186481920361479,0.008985454326140112
2019-09-04,0.0,0.0,0.0,0,0,0,0.008186481920361479,0.008985454326140112
2019-09-05,0.0,0.0,0.0,0,0,0,0.008186481920361479,0.008985454326140112
2019-09-06,0.0,0.0,0.0,0,0,0,0.008186481920361479,0.008985454326140112
2019-09-09,0.0,0.0,0.0,0,0,0,0.008186481920361479,0.008985454326140112
2019-09-10,0.0,0.0,0.0,0,0,0,0.008186481920361479,0.008985454326140112
2019-09-11,0.0,0.0,0.0,0,0,0,0.008186481920361479,0.008985454326140112
2019-09-12,0.0,0.0,0.0,0,0,0,0.008186481920361479,0.008985454326140112
2019-09-13,0.0,0.0,0.0,0,0,0,0.008186481920361479,0.008985454326140112
2019-09-16,0.0,0.0,0.0,0,0,0,0.008186481920361479,0.008985454326140112
2019-09-17,0.0,0.0,0.0,0,0,0,0.008186481920361479,0.008985454326140112
2019-09-18,0.0,0.0,0.0,0,0,0,0.008186481920361479,0.008985454326140112
2019-09-19,0.0,0.0,0.0,0,0,0,0.008186481920361479,0.008985454326140112
2019-09-20,0.0,0.0,0.0,0,0,0,0.008186481920361479,0.008985454326140112
2019-09-23,0.0,0.0,0.0,0,0,0,0.008186481920361479,0.008985454326140112
2019-09-24,0.0,0.0,0.0,0,0,0,0.008186481920361479,0.008985454326140112
2019-09-25,0.0,0.0,0.0,0,0,0,0.008186481920361479,0.008985454326140112
2019-09-26,0.0,0.0,0.0,0,0,0,0.008186481920361479,0.008985454326140112
2019-09-27,0.0,0.0,0.0,0,0,0,0.008186481920361479,0.008985454326140112
2019-09-30,0.0,0.0,0.0,0,0,0,0.008186481920361479,0.008985454326140112
2019-10-01,0.0,0.0,0.0,0,0,0,0.008186481920361479,0.008985454326140112
2019-10-02,0.0,0.0,0.0,0,0,0,0.008186481920361479,0.008985454326140112
2019-10-03,0.0,0.0,0.0,0,0,0,0.008186481920361479,0.008985454326140112
2019-10-04,0.0,0.0,0.0,0,0,0,0.008186481920361479,0.008985454326140112
2019-10-07,0.0,0.0,0.0,0,0,0,0.008186481920361479,0.008985454326140112
2019-10-08,0.0,0.0,0.0,0,0,0,0.008186481920361479,0.008985454326140112
2019-10-09,0.0,0.0,0.0,0,0,0,0.008186481920361479,0.008985454326140112
2019-10-10,0.0,0.0,0.0,0,0,0,0.008186481920361479,0.008985454326140112
2019-10-11,0.0,0.0,0.0,0,0,0,0.008186481920361479,0.008985454326140112
2019-10-14,0.0,0.0,0.0,0,0,0,0.008186481920361479,0.008985454326140112
2019-10-15,0.0,0.0,0.0,0,0,0,0.008186481920361479,0.008985454326140112
2019-10-16,0.0,0.0,0.0,0,0,0,0.008186481920361479,0.008985454326140112
2019-10-17,0.0,0.0,0.0,0,0,0,0.008186481920361479,0.008985454326140112
2019-10-18,0.0,0.0,0.0,0,0,0,0.008186481920361479,0.008985454326140112
2019-10-21,0.0,0.0,0.0,0,0,0,0.008186481920361479,0.008985454326140112
2019-10-22,0.0,0.0,0.0,0,0,0,0.008186481920361479,0.008985454326140112
2019-10-23,0.0,0.0,0.0,0,0,0,0.008186481920361479,0.008985454326140112
2019-10-24,0.0,0.0,0.0,0,0,0,0.008186481920361479,0.008985454326140112
2019-10-25,0.0,0.0,0.0,0,0,0,0.008186481920361479,0.008985454326140112
2019-10-28,0.0,0.0,0.0,0,0,0,0.008186481920361479,0.008985454326140112
2019-10-29,0.0,0.0,0.0,0,0,0,0.008186481920361479,0.008985454326140112
2019-10-30,0.0,0.0,0.0,0,0,0,0.008186481920361479,0.008985454326140112
2019-10-31,0.0,0.0,0.0,0,0,0,0.008186481920361479,0.008985454326140112
2019-11-01,0.0,0.0,0.0,0,0,0,0.008186481920361479,0.008985454326140112
2019-11-04,0.0,0.0,0.0,0,0,0,0.008186481920361479,0.008985454326140112
2019-11-05,0.0,0.0,0.0,0,0,0,0.008186481920361479,0.008985454326140112
2019-11-06,0.0,0.0,0.0,0,0,0,0.008186481920361479,0.008985454326140112
2019-11-07,0.0,0.0,0.0,0,0,0,0.008186481920361479,0.008985454326140112
2019-11-08,0.0,0.0,0.0,0,0,0,0.008186481920361479,0.008985454326140112
2019-11-11,0.0,0.0,0.0,0,0,0,0.008186481920361479,0.008985454326140112
2019-11-12,0.0,0.0,0.0,0,0,0,0.008186481920361479,0.008985454326140112
2019-11-13,0.0,0.0,0.0,0,0,0,0.008186481920361479,0.008985454326140112
2019-11-14,0.0,0.0,0.0,0,0,0,0.008186481920361479,0.008985454326140112
2019-11-15,0.0,0.0,0.0,0,0,0,0.008186481920361479,0.008985454326140112
2019-11-18,0.0,0.0,0.0,0,0,0,0.008186481920361479,0.008985454326140112
2019-11-19,0.0,0.0,0.0,0,0,0,0.008186481920361479,0.008985454326140112
2019-11-20,0.0,0.0,0.0,0,0,0,0.008186481920361479,0.008985454326140112
2019-11-21,0.0,0.0,0.0,0,0,0,0.008186481920361479,0.008985454326140112
2019-11-22,0.0,0.0,0.0,0,0,0,0.008186481920361479,0.008985454326140112
2019-11-25,0.0,0.0,0.0,0,0,0,0.008186481920361479,0.008985454326140112
2019-11-26,0.0,0.0,0.0,0,0,0,0.008186481920361479,0.008985454326140112
2019-11-27,0.0,0.0,0.0,0,0,0,0.008186481920361479,0.008985454326140112
2019-11-28,0.0,0.0,0.0,0,0,0,0.008186481920361479,0.008985454326140112
2019-11-29,0.0,0.0,0.0,0,0,0,0.008186481920361479,0.008985454326140112
2019-12-02,0.0,0.0,0.0,0,0,0,0.008186481920361479,0.008985454326140112
2019-12-03,0.0,0.0,0.0,0,0,0,0.008186481920361479,0.008985454326140112
2019-12-04,0.0,0.0,0.0,0,0,0,0.008186481920361479,0.008985454326140112
2019-12-05,0.0,0.0,0.0,0,0,0,0.008186481920361479,0.008985454326140112
2019-12-06,0.0,0.0,0.0,0,0,0,0.008186481920361479,0.008985454326140112
2019-12-09,0.0,0.0,0.0,0,0,0,0.008186481920361479,0.008985454326140112
2019-12-10,0.0,0.0,0.0,0,0,0,0.008186481920361479,0.008985454326140112
2019-12-11,0.0,0.0,0.0,0,0,0,0.008186481920361479,0.008985454326140112
2019-12-12,0.0,0.0,0.0,0,0,0,0.008186481920361479,0.008985454326140112
2019-12-13,0.0,0.0,0.0,0,0,0,0.008186481920361479,0.008985454326140112
2019-12-16,0.0,0.0,0.0,0,0,0,0.008186481920361479,0.008985454326140112
2019-12-17,0.0,0.0,0.0,0,0,0,0.008186481920361479,0.008985454326140112
2019-12-18,0.0,0.0,0.0,0,0,0,0.008186481920361479,0.008985454326140112
2019-12-19,0.0,0.0,0.0,0,0,0,0.008186481920361479,0.008985454326140112
2019-12-20,0.0,0.0,0.0,0,0,0,0.008186481920361479,0.008985454326140112
2019-12-23,0.0,0.0,0.0,0,0,0,0.008186481920361479,0.008985454326140112
2019-12-24,0.0,0.0,0.0,0,0,0,0.008186481920361479,0.008985454326140112
2019-12-25,0.0,0.0,0.0,0,0,0,0.008186481920361479,0.008985454326140112
2019-12-26,0.0,0.0,0.0,0,0,0,0.008186481920361479,0.008985454326140112
2019-12-27,0.0,0.0,0.0,0,0,0,0.008186481920361479,0.008985454326140112
2019-12-30,0.0,0.0,0.0,0,0,0,0.008186481920361479,0.008985454326140112
2019-12-31,0.0,0.0,0.0,0,0,0,0.008186481920361479,0.008985454326140112
2020-01-01,0.0,0.0,0.0,0,0,0,0.008186481920361479,0.008985454326140112
2020-01-02,0.0,0.0,0.0,0,0,0,0.008186481920361479,0.008985454326140112
2020-01-03,0.0,0.0,0.0,0,0,0,0.008186481920361479,0.008985454326140112
2020-01-06,0.0,0.0,0.0,0,0,0,0.008186481920361479,0.008985454326140112
2020-01-07,0.0,0.0,0.0,0,0,0,0.008186481920361479,0.008985454326140112
2020-01-08,0.0,0.0,0.0,0,0,0,0.008186481920361479,0.008985454326140112
2020-01-09,0.0,0.0,0.0,0,0,0,0.008186481920361479,0.008985454326140112
2020-01-10,0.0,0.0,0.0,0,0,0,0.008186481920361479,0.008985454326140112
2020-01-13,0.0,0.0,0.0,0,0,0,0.008186481920361479,0.008985454326140112
2020-01-14,0.0,0.0,0.0,0,0,0,0.008186481920361479,0.008985454326140112
2020-01-15,0.0,0.0,0.0,0,0,0,0.008186481920361479,0.008985454326140112
2020-01-16,0.0,0.0,0.0,0,0,0,0.008186481920361479,0.008985454326140112
2020-01-17,0.0,0.0,0.0,0,0,0,0.008186481920361479,0.008985454326140112
2020-01-20,0.0,0.0,0.0,0,0,0,0.008186481920361479,0.008985454326140112
2020-01-21,0.0,0.0,0.0,0,0,0,0.008186481920361479,0.008985454326140112
2020-01-22,0.0,0.0,0.0,0,0,0,0.008186481920361479,0.008985454326140112
2020-01-23,0.0,0.0,0.0,0,0,0,0.008186481920361479,0.008985454326140112
2020-01-24,0.0,0.0,0.0,0,0,0,0.008186481920361479,0.008985454326140112
2020-01-27,0.0,0.0,0.0,0,0,0,0.008186481920361479,0.008985454326140112
2020-01-28,0.0,0.0,0.0,0,0,0,0.008186481920361479,0.008985454326140112
2020-01-29,0.0,0.0,0.0,0,0,0,0.008186481920361479,0.008985454326140112
2020-01-30,0.0,0.0,0.0,0,0,0,0.008186481920361479,0.008985454326140112
2020-01-31,0.0,0.0,0.0,0,0,0,0.008186481920361479,0.008985454326140112
2020-02-03,0.0,0.0,0.0,0,0,0,0.008186481920361479,0.008985454326140112
2020-02-04,0.0,0.0,0.0,0,0,0,0.008186481920361479,0.008985454326140112
2020-02-05,0.0,0.0,0.0,0,0,0,0.008186481920361479,0.008985454326140112
2020-02-06,0.0,0.0,0.0,0,0,0,0.008186481920361479,0.008985454326140112
2020-02-07,0.0,0.0,0.0,0,0,0,0.008186481920361479,0.008985454326140112
2020-02-10,0.0,0.0,0.0,0,0,0,0.008186481920361479,0.008985454326140112
2020-02-11,0.0,0.0,0.0,0,0,0,0.008186481920361479,0.008985454326140112
2020-02-12,0.0,0.0,0.0,0,0,0,0.008186481920361479,0.008985454326140112
2020-02-13,0.0,0.0,0.0,0,0,0,0.008186481920361479,0.008985454326140112
2020-02-14,0.0,0.0,0.0,0,0,0,0.008186481920361479,0.008985454326140112
2020-02-17,0.0,0.0,0.0,0,0,0,0.008186481920361479,0.008985454326140112
2020-02-18,0.0,0.0,0.0,0,0,0,0.008186481920361479,0.008985454326140112
2020-02-19,0.0,0.0,0.0,0,0,0,0.008186481920361479,0.008985454326140112
2020-02-20,0.0,0.0,0.0,0,0,0,0.008186481920361479,0.008985454326140112
2020-02-21,0.0,0.0,0.0,0,0,0,0.008186481920361479,0.008985454326140112
2020-02-24,0.0,0.0,0.0,0,0,0,0.008186481920361479,0.008985454326140112
2020-02-25,0.0,0.0,0.0,0,0,0,0.008186481920361479,0.008985454326140112
2020-02-26,0.0,0.0,0.0,0,0,0,0.008186481920361479,0.008985454326140112
2020-02-27,0.0,0.0,0.0,0,0,0,0.008186481920361479,0.008985454326140112
2020-02-28,0.0,0.0,0.0,0,0,0,0.008186481920361479,0.008985454326140112
2020-03-02,0.0,0.0,0.0,0,0,0,0.008186481920361479,0.008985454326140112
2020-03-03,0.0,0.0,0.0,0,0,0,0.008186481920361479,0.008985454326140112
2020-03-04,0.0,0.0,0.0,0,0,0,0.008186481920361479,0.008985454326140112
2020-03-05,0.0,0.0,0.0,0,0,0,0.008186481920361479,0.008985454326140112
2020-03-06,0.0,0.0,0.0,0,0,0,0.008186481920361479,0.008985454326140112
2020-03-09,0.0,0.0,0.0,0,0,0,0.008186481920361479,0.008985454326140112
2020-03-10,0.0,0.0,0.0,0,0,0,0.008186481920361479,0.008985454326140112
2020-03-11,0.0,0.0,0.0,0,0,0,0.008186481920361479,0.008985454326140112
2020-03-12,0.0,0.0,0.0,0,0,0,0.008186481920361479,0.008985454326140112
2020-03-13,0.0,0.0,0.0,0,0,0,0.008186481920361479,0.008985454326140112
2020-03-16,0.0,0.0,0.0,0,0,0,0.008186481920361479,0.008985454326140112
2020-03-17,0.0,0.0,0.0,0,0,0,0.008186481920361479,0.008985454326140112
2020-03-18,0.0,0.0,0.0,0,0,0,0.008186481920361479,0.008985454326140112
2020-03-19,0.0,0.0,0.0,0,0,0,0.008186481920361479,0.008985454326140112
2020-03-20,0.0,0.0,0.0,0,0,0,0.008186481920361479,0.008985454326140112
2020-03-23,0.0,0.0,0.0,0,0,0,0.008186481920361479,0.008985454326140112
2020-03-24,0.0,0.0,0.0,0,0,0,0.008186481920361479,0.008985454326140112
2020-03-25,0.0,0.0,0.0,0,0,0,0.008186481920361479,0.008985454326140112
2020-03-26,0.0,0.0,0.0,0,0,0,0.008186481920361479,0.008985454326140112
2020-03-27,0.0,0.0,0.0,0,0,0,0.008186481920361479,0.008985454326140112
2020-03-30,0.0,0.0,0.0,0,0,0,0.008186481920361479,0.008985454326140112
2020-03-31,0.0,0.0,0.0,0,0,0,0.008186481920361479,0.008985454326140112
2020-04-01,0.0,0.0,0.0,0,0,0,0.008186481920361479,0.008985454326140112
2020-04-02,0.0,0.0,0.0,0,0,0,0.008186481920361479,0.008985454326140112
2020-04-03,0.0,0.0,0.0,0,0,0,0.008186481920361479,0.008985454326140112
2020-04-06,0.0,0.0,0.0,0,0,0,0.008186481920361479,0.008985454326140112
2020-04-07,0.0,0.0,0.0,0,0,0,0.008186481920361479,0.008985454326140112
2020-04-08,0.0,0.0,0.0,0,0,0,0.008186481920361479,0.008985454326140112
2020-04-09,0.0,0.0,0.0,0,0,0,0.008186481920361479,0.008985454326140112
2020-04-10,0.0,0.0,0.0,0,0,0,0.008186481920361479,0.008985454326140112
2020-04-13,0.0,0.0,0.0,0,0,0,0.008186481920361479,0.008985454326140112
2020-04-14,0.0,0.0,0.0,0,0,0,0.008186481920361479,0.008985454326140112
2020-04-15,0.0,0.0,0.0,0,0,0,0.008186481920361479,0.008985454326140112
2020-04-16,0.0,0.0,0.0,0,0,0,0.008186481920361479,0.008985454326140112
2020-04-17,0.0,0.0,0.0,0,0,0,0.008186481920361479,0.008985454326140112
2020-04-20,0.0,0.0,0.0,0,0,0,0.008186481920361479,0.008985454326140112
2020-04-21,0.0,0.0,0.0,0,0,0,0.008186481920361479,0.008985454326140112
2020-04-22,0.0,0.0,0.0,0,0,0,0.008186481920361479,0.008985454326140112
2020-04-23,0.0,0.0,0.0,0,0,0,0.008186481920361479,0.008985454326140112
2020-04-24,0.0,0.0,0.0,0,0,0,0.008186481920361479,0.008985454326140112
2020-04-27,0.0,0.0,0.0,0,0,0,0.008186481920361479,0.008985454326140112
2020-04-28,0.0,0.0,0.0,0,0,0,0.008186481920361479,0.008985454326140112
2020-04-29,0.0,0.0,0.0,0,0,0,0.008186481920361479,0.008985454326140112
2020-04-30,0.0,0.0,0.0,0,0,0,0.008186481920361479,0.008985454326140112
2020-05-01,0.0,0.0,0.0,0,0,0,0.008186481920361479,0.008985454326140112
2020-05-04,0.0,0.0,0.0,0,0,0,0.008186481920361479,0.008985454326140112
2020-05-05,0.0,0.0,0.0,0,0,0,0.008186481920361479,0.008985454326140112
2020-05-06,0.0,0.0,0.0,0,0,0,0.008186481920361479,0.008985454326140112
2020-05-07,0.0,0.0,0.0,0,0,0,0.008186481920361479,0.008985454326140112
2020-05-08,0.0,0.0,0.0,0,0,0,0.008186481920361479,0.008985454326140112
2020-05-11,0.0,0.0,0.0,0,0,0,0.008186481920361479,0.008985454326140112
2020-05-12,0.0,0.0,0.0,0,0,0,0.008186481920361479,0.008985454326140112
2020-05-13,0.0,0.0,0.0,0,0,0,0.008186481920361479,0.008985454326140112
2020-05-14,0.0,0.0,0.0,0,0,0,0.008186481920361479,0.008985454326140112
2020-05-15,0.0,0.0,0.0,0,0,0,0.008186481920361479,0.008985454326140112
2020-05-18,0.0,0.0,0.0,0,0,0,0.008186481920361479,0.008985454326140112
2020-05-19,0.0,0.0,0.0,0,0,0,0.008186481920361479,0.008985454326140112
2020-05-20,0.0,0.0,0.0,0,0,0,0.008186481920361479,0.008985454326140112
2020-05-21,0.0,0.0,0.0,0,0,0,0.008186481920361479,0.008985454326140112
2020-05-22,0.0,0.0,0.0,0,0,0,0.008186481920361479,0.008985454326140112
2020-05-25,0.0,0.0,0.0,0,0,0,0.008186481920361479,0.008985454326140112
2020-05-26,0.0,0.0,0.0,0,0,0,0.008186481920361479,0.008985454326140112
2020-05-27,0.0,0.0,0.0,0,0,0,0.008186481920361479,0.008985454326140112
2020-05-28,0.0,0.0,0.0,0,0,0,0.008186481920361479,0.008985454326140112
2020-05-29,0.0,0.0,0.0,0,0,0,0.008186481920361479,0.008985454326140112
2020-06-01,0.0,0.0,0.0,0,0,0,0.008186481920361479,0.008985454326140112
2020-06-02,0.0,0.0,0.0,0,0,0,0.008186481920361479,0.008985454326140112
2020-06-03,0.0,0.0,0.0,0,0,0,0.008186481920361479,0.008985454326140112
2020-06-04,0.0,0.0,0.0,0,0,0,0.008186481920361479,0.008985454326140112
2020-06-05,0.0,0.0,0.0,0,0,0,0.008186481920361479,0.008985454326140112
2020-06-08,0.0,0.0,0.0,0,0,0,0.008186481920361479,0.008985454326140112
2020-06-09,0.0,0.0,0.0,0,0,0,0.008186481920361479,0.008985454326140112
2020-06-10,0.0,0.0,0.0,0,0,0,0.008186481920361479,0.008985454326140112
2020-06-11,0.0,0.0,0.0,0,0,0,0.008186481920361479,0.008985454326140112
2020-06-12,0.0,0.0,0.0,0,0,0,0.008186481920361479,0.008985454326140112
2020-06-15,0.0,0.0,0.0,0,0,0,0.008186481920361479,0.008985454326140112
2020-06-16,0.0,0.0,0.0,0,0,0,0.008186481920361479,0.008985454326140112
2020-06-17,0.0,0.0,0.0,0,0,0,0.008186481920361479,0.008985454326140112
2020-06-18,0.0,0.0,0.0,0,0,0,0.008186481920361479,0.008985454326140112
2020-06-19,0.0,0.0,0.0,0,0,0,0.008186481920361479,0.008985454326140112
2020-06-22,0.0,0.0,0.0,0,0,0,0.008186481920361479,0.008985454326140112
2020-06-23,0.0,0.0,0.0,0,0,0,0.008186481920361479,0.008985454326140112
2020-06-24,0.0,0.0,0.0,0,0,0,0.008186481920361479,0.008985454326140112
2020-06-25,0.0,0.0,0.0,0,0,0,0.008186481920361479,0.008985454326140112
2020-06-26,0.0,0.0,0.0,0,0,0,0.008186481920361479,0.008985454326140112
2020-06-29,0.0,0.0,0.0,0,0,0,0.008186481920361479,0.008985454326140112
2020-06-30,0.0,0.0,0.0,0,0,0,0.008186481920361479,0.008985454326140112
2020-07-01,0.0,0.0,0.0,0,0,0,0.008186481920361479,0.008985454326140112
2020-07-02,0.0,0.0,0.0,0,0,0,0.008186481920361479,0.008985454326140112
2020-07-03,0.0,0.0,0.0,0,0,0,0.008186481920361479,0.008985454326140112
2020-07-06,0.0,0.0,0.0,0,0,0,0.008186481920361479,0.008985454326140112
2020-07-07,0.0,0.0,0.0,0,0,0,0.008186481920361479,0.008985454326140112
2020-07-08,0.0,0.0,0.0,0,0,0,0.008186481920361479,0.008985454326140112
2020-07-09,0.0,0.0,0.0,0,0,0,0.008186481920361479,0.008985454326140112
2020-07-10,0.0,0.0,0.0,0,0,0,0.008186481920361479,0.008985454326140112
2020-07-13,0.0,0.0,0.0,0,0,0,0.008186481920361479,0.008985454326140112
2020-07-14,0.0,0.0,0.0,0,0,0,0.008186481920361479,0.008985454326140112
2020-07-15,0.0,0.0,0.0,0,0,0,0.008186481920361479,0.008985454326140112
2020-07-16,0.0,0.0,0.0,0,0,0,0.008186481920361479,0.008985454326140112
2020-07-17,0.0,0.0,0.0,0,0,0,0.008186481920361479,0.008985454326140112
2020-07-20,0.0,0.0,0.0,0,0,0,0.008186481920361479,0.008985454326140112
2020-07-21,0.0,0.0,0.0,0,0,0,0.008186481920361479,0.008985454326140112
2020-07-22,0.0,0.0,0.0,0,0,0,0.008186481920361479,0.008985454326140112
2020-07-23,0.0,0.0,0.0,0,0,0,0.008186481920361479,0.008985454326140112
2020-07-24,0.0,0.0,0.0,0,0,0,0.008186481920361479,0.008985454326140112
2020-07-27,0.0,0.0,0.0,0,0,0,0.008186481920361479,0.008985454326140112
2020-07-28,0.0,0.0,0.0,0,0,0,0.008186481920361479,0.008985454326140112
2020-07-29,0.0,0.0,0.0,0,0,0,0.008186481920361479,0.008985454326140112
2020-07-30,0.0,0.0,0.0,0,0,0,0.008186481920361479,0.008985454326140112
2020-07-31,0.0,0.0,0.0,0,0,0,0.008186481920361479,0.008985454326140112
2020-08-03,0.0,0.0,0.0,0,0,0,0.008186481920361479,0.008985454326140112
2020-08-04,0.0,0.0,0.0,0,0,0,0.008186481920361479,0.008985454326140112
2020-08-05,0.0,0.0,0.0,0,0,0,0.008186481920361479,0.008985454326140112
2020-08-06,0.0,0.0,0.0,0,0,0,0.008186481920361479,0.008985454326140112
2020-08-07,0.0,0.0,0.0,0,0,0,0.008186481920361479,0.008985454326140112
2020-08-10,0.0,0.0,0.0,0,0,0,0.008186481920361479,0.008985454326140112
2020-08-11,0.0,0.0,0.0,0,0,0,0.008186481920361479,0.008985454326140112
2020-08-12,0.0,0.0,0.0,0,0,0,0.008186481920361479,0.008985454326140112
2020-08-13,0.0,0.0,0.0,0,0,0,0.008186481920361479,0.008985454326140112
2020-08-14,0.0,0.0,0.0,0,0,0,0.008186481920361479,0.008985454326140112
2020-08-17,0.0,0.0,0.0,0,0,0,0.008186481920361479,0.008985454326140112
2020-08-18,0.0,0.0,0.0,0,0,0,0.008186481920361479,0.008985454326140112
2020-08-19,0.0,0.0,0.0,0,0,0,0.008186481920361479,0.008985454326140112
2020-08-20,0.0,0.0,0.0,0,0,0,0.008186481920361479,0.008985454326140112
2020-08-21,0.0,0.0,0.0,0,0,0,0.008186481920361479,0.008985454326140112
2020-08-24,0.0,0.0,0.0,0,0,0,0.008186481920361479,0.008985454326140112
2020-08-25,0.0,0.0,0.0,0,0,0,0.008186481920361479,0.008985454326140112
2020-08-26,0.0,0.0,0.0,0,0,0,0.008186481920361479,0.008985454326140112
2020-08-27,0.0,0.0,0.0,0,0,0,0.008186481920361479,0.008985454326140112
2020-08-28,0.0,0.0,0.0,0,0,0,0.008186481920361479,0.008985454326140112
2020-08-31,0.0,0.0,0.0,0,0,0,0.008186481920361479,0.008985454326140112
2020-09-01,0.0,0.0,0.0,0,0,0,0.008186481920361479,0.008985454326140112
2020-09-02,0.0,0.0,0.0,0,0,0,0.008186481920361479,0.008985454326140112
2020-09-03,0.0,0.0,0.0,0,0,0,0.008186481920361479,0.008985454326140112
2020-09-04,0.0,0.0,0.0,0,0,0,0.008186481920361479,0.008985454326140112
2020-09-07,0.0,0.0,0.0,0,0,0,0.008186481920361479,0.008985454326140112
2020-09-08,0.0,0.0,0.0,0,0,0,0.008186481920361479,0.008985454326140112
2020-09-09,0.0,0.0,0.0,0,0,0,0.008186481920361479,0.008985454326140112
2020-09-10,0.0,0.0,0.0,0,0,0,0.008186481920361479,0.008985454326140112
2020-09-11,0.0,0.0,0.0,0,0,0,0.008186481920361479,0.008985454326140112
2020-09-14,0.0,0.0,0.0,0,0,0,0.008186481920361479,0.008985454326140112
2020-09-15,0.0,0.0,0.0,0,0,0,0.008186481920361479,0.008985454326140112
2020-09-16,0.0,0.0,0.0,0,0,0,0.008186481920361479,0.008985454326140112
2020-09-17,0.0,0.0,0.0,0,0,0,0.008186481920361479,0.008985454326140112
2020-09-18,0.0,0.0,0.0,0,0,0,0.008186481920361479,0.008985454326140112
2020-09-21,0.0,0.0,0.0,0,0,0,0.008186481920361479,0.008985454326140112
2020-09-22,0.0,0.0,0.0,0,0,0,0.008186481920361479,0.008985454326140112
2020-09-23,0.0,0.0,0.0,0,0,0,0.008186481920361479,0.008985454326140112
2020-09-24,0.0,0.0,0.0,0,0,0,0.008186481920361479,0.008985454326140112
2020-09-25,0.0,0.0,0.0,0,0,0,0.008186481920361479,0.008985454326140112
2020-09-28,0.0,0.0,0.0,0,0,0,0.008186481920361479,0.008985454326140112
2020-09-29,0.0,0.0,0.0,0,0,0,0.008186481920361479,0.008985454326140112
2020-09-30,0.0,0.0,0.0,0,0,0,0.008186481920361479,0.008985454326140112
2020-10-01,0.0,0.0,0.0,0,0,0,0.008186481920361479,0.008985454326140112
2020-10-02,0.0,0.0,0.0,0,0,0,0.008186481920361479,0.008985454326140112
2020-10-05,0.0,0.0,0.0,0,0,0,0.008186481920361479,0.008985454326140112
2020-10-06,0.0,0.0,0.0,0,0,0,0.008186481920361479,0.008985454326140112
2020-10-07,0.0,0.0,0.0,0,0,0,0.008186481920361479,0.008985454326140112
2020-10-08,0.0,0.0,0.0,0,0,0,0.008186481920361479,0.008985454326140112
2020-10-09,0.0,0.0,0.0,0,0,0,0.008186481920361479,0.008985454326140112
2020-10-12,0.0,0.0,0.0,0,0,0,0.008186481920361479,0.008985454326140112
2020-10-13,0.0,0.0,0.0,0,0,0,0.008186481920361479,0.008985454326140112
2020-10-14,0.0,0.0,0.0,0,0,0,0.008186481920361479,0.008985454326140112
2020-10-15,0.0,0.0,0.0,0,0,0,0.008186481920361479,0.008985454326140112
2020-10-16,0.0,0.0,0.0,0,0,0,0.008186481920361479,0.008985454326140112
2020-10-19,0.0,0.0,0.0,0,0,0,0.008186481920361479,0.008985454326140112
2020-10-20,0.0,0.0,0.0,0,0,0,0.008186481920361479,0.008985454326140112
2020-10-21,0.0,0.0,0.0,0,0,0,0.008186481920361479,0.008985454326140112
2020-10-22,0.0,0.0,0.0,0,0,0,0.008186481920361479,0.008985454326140112
2020-10-23,0.0,0.0,0.0,0,0,0,0.008186481920361479,0.008985454326140112
2020-10-26,0.0,0.0,0.0,0,0,0,0.008186481920361479,0.008985454326140112
2020-10-27,0.0,0.0,0.0,0,0,0,0.008186481920361479,0.008985454326140112
2020-10-28,0.0,0.0,0.0,0,0,0,0.008186481920361479,0.008985454326140112
2020-10-29,0.0,0.0,0.0,0,0,0,0.008186481920361479,0.008985454326140112
2020-10-30,0.0,0.0,0.0,0,0,0,0.008186481920361479,0.008985454326140112
2020-11-02,0.0,0.0,0.0,0,0,0,0.008186481920361479,0.008985454326140112
2020-11-03,0.0,0.0,0.0,0,0,0,0.008186481920361479,0.008985454326140112
2020-11-04,0.0,0.0,0.0,0,0,0,0.008186481920361479,0.008985454326140112
2020-11-05,0.0,0.0,0.0,0,0,0,0.008186481920361479,0.008985454326140112
2020-11-06,0.0,0.0,0.0,0,0,0,0.008186481920361479,0.008985454326140112
2020-11-09,0.0,0.0,0.0,0,0,0,0.008186481920361479,0.008985454326140112
2020-11-10,0.0,0.0,0.0,0,0,0,0.008186481920361479,0.008985454326140112
2020-11-11,0.0,0.0,0.0,0,0,0,0.008186481920361479,0.008985454326140112
2020-11-12,0.0,0.0,0.0,0,0,0,0.008186481920361479,0.008985454326140112
2020-11-13,0.0,0.0,0.0,0,0,0,0.008186481920361479,0.008985454326140112
2020-11-16,0.0,0.0,0.0,0,0,0,0.008186481920361479,0.008985454326140112
2020-11-17,0.0,0.0,0.0,0,0,0,0.008186481920361479,0.008985454326140112
2020-11-18,0.0,0.0,0.0,0,0,0,0.008186481920361479,0.008985454326140112
2020-11-19,0.0,0.0,0.0,0,0,0,0.008186481920361479,0.008985454326140112
2020-11-20,0.0,0.0,0.0,0,0,0,0.008186481920361479,0.008985454326140112
2020-11-23,0.0,0.0,0.0,0,0,0,0.008186481920361479,0.008985454326140112
2020-11-24,0.0,0.0,0.0,0,0,0,0.008186481920361479,0.008985454326140112
2020-11-25,0.0,0.0,0.0,0,0,0,0.008186481920361479,0.008985454326140112
2020-11-26,0.0,0.0,0.0,0,0,0,0.008186481920361479,0.008985454326140112
2020-11-27,0.0,0.0,0.0,0,0,0,0.008186481920361479,0.008985454326140112
2020-11-30,0.0,0.0,0.0,0,0,0,0.008186481920361479,0.008985454326140112
2020-12-01,0.0,0.0,0.0,0,0,0,0.008186481920361479,0.008985454326140112
2020-12-02,0.0,0.0,0.0,0,0,0,0.008186481920361479,0.008985454326140112
2020-12-03,0.0,0.0,0.0,0,0,0,0.008186481920361479,0.008985454326140112
2020-12-04,0.0,0.0,0.0,0,0,0,0.008186481920361479,0.008985454326140112
2020-12-07,0.0,0.0,0.0,0,0,0,0.008186481920361479,0.008985454326140112
2020-12-08,0.0,0.0,0.0,0,0,0,0.008186481920361479,0.008985454326140112
2020-12-09,0.0,0.0,0.0,0,0,0,0.008186481920361479,0.008985454326140112
2020-12-10,0.0,0.0,0.0,0,0,0,0.008186481920361479,0.008985454326140112
2020-12-11,0.0,0.0,0.0,0,0,0,0.008186481920361479,0.008985454326140112
2020-12-14,0.0,0.0,0.0,0,0,0,0.008186481920361479,0.008985454326140112
2020-12-15,0.0,0.0,0.0,0,0,0,0.008186481920361479,0.008985454326140112
2020-12-16,0.0,0.0,0.0,0,0,0,0.008186481920361479,0.008985454326140112
2020-12-17,0.0,0.0,0.0,0,0,0,0.008186481920361479,0.008985454326140112
2020-12-18,0.0,0.0,0.0,0,0,0,0.008186481920361479,0.008985454326140112
2020-12-21,0.0,0.0,0.0,0,0,0,0.008186481920361479,0.008985454326140112
2020-12-22,0.0,0.0,0.0,0,0,0,0.008186481920361479,0.008985454326140112
2020-12-23,0.0,0.0,0.0,0,0,0,0.008186481920361479,0.008985454326140112
2020-12-24,0.0,0.0,0.0,0,0,0,0.008186481920361479,0.008985454326140112
2020-12-25,0.0,0.0,0.0,0,0,0,0.008186481920361479,0.008985454326140112
2020-12-28,0.0,0.0,0.0,0,0,0,0.008186481920361479,0.008985454326140112
2020-12-29,0.0,0.0,0.0,0,0,0,0.008186481920361479,0.008985454326140112
2020-12-30,0.0,0.0,0.0,0,0,0,0.008186481920361479,0.008985454326140112
2020-12-31,0.0,0.0,0.0,0,0,0,0.008186481920361479,0.008985454326140112
2021-01-01,0.0,0.0,0.0,0,0,0,0.008186481920361479,0.008985454326140112
2021-01-04,0.0,0.0,0.0,0,0,0,0.008186481920361479,0.008985454326140112
2021-01-05,0.0,0.0,0.0,0,0,0,0.008186481920361479,0.008985454326140112
2021-01-06,0.0,0.0,0.0,0,0,0,0.008186481920361479,0.008985454326140112
2021-01-07,0.0,0.0,0.0,0,0,0,0.008186481920361479,0.008985454326140112
2021-01-08,0.0,0.0,0.0,0,0,0,0.008186481920361479,0.008985454326140112
2021-01-11,0.0,0.0,0.0,0,0,0,0.008186481920361479,0.008985454326140112
2021-01-12,0.0,0.0,0.0,0,0,0,0.008186481920361479,0.008985454326140112
2021-01-13,0.0,0.0,0.0,0,0,0,0.008186481920361479,0.008985454326140112
2021-01-14,0.0,0.0,0.0,0,0,0,0.008186481920361479,0.008985454326140112
2021-01-15,0.0,0.0,0.0,0,0,0,0.008186481920361479,0.008985454326140112
2021-01-18,0.0,0.0,0.0,0,0,0,0.008186481920361479,0.008985454326140112
2021-01-19,0.0,0.0,0.0,0,0,0,0.008186481920361479,0.008985454326140112
2021-01-20,0.0,0.0,0.0,0,0,0,0.008186481920361479,0.008985454326140112
2021-01-21,0.0,0.0,0.0,0,0,0,0.008186481920361479,0.008985454326140112
2021-01-22,0.0,0.0,0.0,0,0,0,0.008186481920361479,0.008985454326140112
2021-01-25,0.0,0.0,0.0,0,0,0,0.008186481920361479,0.008985454326140112
2021-01-26,0.0,0.0,0.0,0,0,0,0.008186481920361479,0.008985454326140112
2021-01-27,0.0,0.0,0.0,0,0,0,0.008186481920361479,0.008985454326140112
2021-01-28,0.0,0.0,0.0,0,0,0,0.008186481920361479,0.008985454326140112
2021-01-29,0.0,0.0,0.0,0,0,0,0.008186481920361479,0.008985454326140112
2021-02-01,0.0,0.0,0.0,0,0,0,0.008186481920361479,0.008985454326140112
2021-02-02,0.0,0.0,0.0,0,0,0,0.008186481920361479,0.008985454326140112
2021-02-03,0.0,0.0,0.0,0,0,0,0.008186481920361479,0.008985454326140112
2021-02-04,0.0,0.0,0.0,0,0,0,0.008186481920361479,0.008985454326140112
2021-02-05,0.0,0.0,0.0,0,0,0,0.008186481920361479,0.008985454326140112
2021-02-08,0.0,0.0,0.0,0,0,0,0.008186481920361479,0.008985454326140112
2021-02-09,0.0,0.0,0.0,0,0,0,0.008186481920361479,0.008985454326140112
2021-02-10,0.0,0.0,0.0,0,0,0,0.008186481920361479,0.008985454326140112
2021-02-11,0.0,0.0,0.0,0,0,0,0.008186481920361479,0.008985454326140112
2021-02-12,0.0,0.0,0.0,0,0,0,0.008186481920361479,0.008985454326140112
2021-02-15,0.0,0.0,0.0,0,0,0,0.008186481920361479,0.008985454326140112
2021-02-16,0.0,0.0,0.0,0,0,0,0.008186481920361479,0.008985454326140112
2021-02-17,0.0,0.0,0.0,0,0,0,0.008186481920361479,0.008985454326140112
2021-02-18,0.0,0.0,0.0,0,0,0,0.008186481920361479,0.008985454326140112
2021-02-19,0.0,0.0,0.0,0,0,0,0.008186481920361479,0.008985454326140112
2021-02-22,0.0,0.0,0.0,0,0,0,0.008186481920361479,0.008985454326140112
2021-02-23,0.0,0.0,0.0,0,0,0,0.008186481920361479,0.008985454326140112
2021-02-24,0.0,0.0,0.0,0,0,0,0.008186481920361479,0.008985454326140112
2021-02-25,0.0,0.0,0.0,0,0,0,0.008186481920361479,0.008985454326140112
2021-02-26,0.0,0.0,0.0,0,0,0,0.008186481920361479,0.008985454326140112
2021-03-01,0.0,0.0,0.0,0,0,0,0.008186481920361479,0.008985454326140112
2021-03-02,0.0,0.0,0.0,0,0,0,0.008186481920361479,0.008985454326140112
2021-03-03,0.0,0.0,0.0,0,0,0,0.008186481920361479,0.008985454326140112
2021-03-04,0.0,0.0,0.0,0,0,0,0.008186481920361479,0.008985454326140112
2021-03-05,0.0,0.0,0.0,0,0,0,0.008186481920361479,0.008985454326140112
2021-03-08,0.0,0.0,0.0,0,0,0,0.008186481920361479,0.008985454326140112
2021-03-09,0.0,0.0,0.0,0,0,0,0.008186481920361479,0.008985454326140112
2021-03-10,0.0,0.0,0.0,0,0,0,0.008186481920361479,0.008985454326140112
2021-03-11,0.0,0.0,0.0,0,0,0,0.008186481920361479,0.008985454326140112
2021-03-12,0.0,0.0,0.0,0,0,0,0.008186481920361479,0.008985454326140112
2021-03-15,0.0,0.0,0.0,0,0,0,0.008186481920361479,0.008985454326140112
2021-03-16,0.0,0.0,0.0,0,0,0,0.008186481920361479,0.008985454326140112
2021-03-17,0.0,0.0,0.0,0,0,0,0.008186481920361479,0.008985454326140112
2021-03-18,0.0,0.0,0.0,0,0,0,0.008186481920361479,0.008985454326140112
2021-03-19,0.0,0.0,0.0,0,0,0,0.008186481920361479,0.008985454326140112
2021-03-22,0.0,0.0,0.0,0,0,0,0.008186481920361479,0.008985454326140112
2021-03-23,0.0,0.0,0.0,0,0,0,0.008186481920361479,0.008985454326140112
2021-03-24,0.0,0.0,0.0,0,0,0,0.008186481920361479,0.008985454326140112
2021-03-25,0.0,0.0,0.0,0,0,0,0.008186481920361479,0.008985454326140112
2021-03-26,0.0,0.0,0.0,0,0,0,0.008186481920361479,0.008985454326140112
2021-03-29,0.0,0.0,0.0,0,0,0,0.008186481920361479,0.008985454326140112
2021-03-30,0.0,0.0,0.0,0,0,0,0.008186481920361479,0.008985454326140112
2021-03-31,0.0,0.0,0.0,0,0,0,0.008186481920361479,0.008985454326140112
2021-04-01,0.0,0.0,0.0,0,0,0,0.008186481920361479,0.008985454326140112
2021-04-02,0.0,0.0,0.0,0,0,0,0.008186481920361479,0.008985454326140112
2021-04-05,0.0,0.0,0.0,0,0,0,0.008186481920361479,0.008985454326140112
2021-04-06,0.0,0.0,0.0,0,0,0,0.008186481920361479,0.008985454326140112
2021-04-07,0.0,0.0,0.0,0,0,0,0.008186481920361479,0.008985454326140112
2021-04-08,0.0,0.0,0.0,0,0,0,0.008186481920361479,0.008985454326140112
2021-04-09,0.0,0.0,0.0,0,0,0,0.008186481920361479,0.008985454326140112
2021-04-12,0.0,0.0,0.0,0,0,0,0.008186481920361479,0.008985454326140112
2021-04-13,0.0,0.0,0.0,0,0,0,0.008186481920361479,0.008985454326140112
2021-04-14,0.0,0.0,0.0,0,0,0,0.008186481920361479,0.008985454326140112
2021-04-15,0.0,0.0,0.0,0,0,0,0.008186481920361479,0.008985454326140112
2021-04-16,0.0,0.0,0.0,0,0,0,0.008186481920361479,0.008985454326140112
2021-04-19,0.0,0.0,0.0,0,0,0,0.008186481920361479,0.008985454326140112
2021-04-20,0.0,0.0,0.0,0,0,0,0.008186481920361479,0.008985454326140112
2021-04-21,0.0,0.0,0.0,0,0,0,0.008186481920361479,0.008985454326140112
2021-04-22,0.0,0.0,0.0,0,0,0,0.008186481920361479,0.008985454326140112
2021-04-23,0.0,0.0,0.0,0,0,0,0.008186481920361479,0.008985454326140112
2021-04-26,0.0,0.0,0.0,0,0,0,0.008186481920361479,0.008985454326140112
2021-04-27,0.0,0.0,0.0,0,0,0,0.008186481920361479,0.008985454326140112
2021-04-28,0.0,0.0,0.0,0,0,0,0.008186481920361479,0.008985454326140112
2021-04-29,0.0,0.0,0.0,0,0,0,0.008186481920361479,0.008985454326140112
2021-04-30,0.0,0.0,0.0,0,0,0,0.008186481920361479,0.008985454326140112
2021-05-03,0.0,0.0,0.0,0,0,0,0.008186481920361479,0.008985454326140112
2021-05-04,0.0,0.0,0.0,0,0,0,0.008186481920361479,0.008985454326140112
2021-05-05,0.0,0.0,0.0,0,0,0,0.008186481920361479,0.008985454326140112
2021-05-06,0.0,0.0,0.0,0,0,0,0.008186481920361479,0.008985454326140112
2021-05-07,0.0,0.0,0.0,0,0,0,0.008186481920361479,0.008985454326140112
2021-05-10,0.0,0.0,0.0,0,0,0,0.008186481920361479,0.008985454326140112
2021-05-11,0.0,0.0,0.0,0,0,0,0.008186481920361479,0.008985454326140112
2021-05-12,0.0,0.0,0.0,0,0,0,0.008186481920361479,0.008985454326140112
2021-05-13,0.0,0.0,0.0,0,0,0,0.008186481920361479,0.008985454326140112
2021-05-14,0.0,0.0,0.0,0,0,0,0.008186481920361479,0.008985454326140112
2021-05-17,0.0,0.0,0.0,0,0,0,0.008186481920361479,0.008985454326140112
2021-05-18,0.0,0.0,0.0,0,0,0,0.008186481920361479,0.008985454326140112
2021-05-19,0.0,0.0,0.0,0,0,0,0.008186481920361479,0.008985454326140112
2021-05-20,0.0,0.0,0.0,0,0,0,0.008186481920361479,0.008985454326140112
2021-05-21,0.0,0.0,0.0,0,0,0,0.008186481920361479,0.008985454326140112
2021-05-24,0.0,0.0,0.0,0,0,0,0.008186481920361479,0.008985454326140112
2021-05-25,0.0,0.0,0.0,0,0,0,0.008186481920361479,0.008985454326140112
2021-05-26,0.0,0.0,0.0,0,0,0,0.008186481920361479,0.008985454326140112
2021-05-27,0.0,0.0,0.0,0,0,0,0.008186481920361479,0.008985454326140112
2021-05-28,0.0,0.0,0.0,0,0,0,0.008186481920361479,0.008985454326140112
2021-05-31,0.0,0.0,0.0,0,0,0,0.008186481920361479,0.008985454326140112
2021-06-01,0.0,0.0,0.0,0,0,0,0.008186481920361479,0.008985454326140112
2021-06-02,0.0,0.0,0.0,0,0,0,0.008186481920361479,0.008985454326140112
2021-06-03,0.0,0.0,0.0,0,0,0,0.008186481920361479,0.008985454326140112
2021-06-04,0.0,0.0,0.0,0,0,0,0.008186481920361479,0.008985454326140112
2021-06-07,0.0,0.0,0.0,0,0,0,0.008186481920361479,0.008985454326140112
2021-06-08,0.0,0.0,0.0,0,0,0,0.008186481920361479,0.008985454326140112
2021-06-09,0.0,0.0,0.0,0,0,0,0.008186481920361479,0.008985454326140112
2021-06-10,0.0,0.0,0.0,0,0,0,0.008186481920361479,0.008985454326140112
2021-06-11,0.0,0.0,0.0,0,0,0,0.008186481920361479,0.008985454326140112
2021-06-14,0.0,0.0,0.0,0,0,0,0.008186481920361479,0.008985454326140112
2021-06-15,0.0,0.0,0.0,0,0,0,0.008186481920361479,0.008985454326140112
2021-06-16,0.0,0.0,0.0,0,0,0,0.008186481920361479,0.008985454326140112
2021-06-17,0.0,0.0,0.0,0,0,0,0.008186481920361479,0.008985454326140112
2021-06-18,0.0,0.0,0.0,0,0,0,0.008186481920361479,0.008985454326140112
2021-06-21,0.0,0.0,0.0,0,0,0,0.008186481920361479,0.008985454326140112
2021-06-22,0.0,0.0,0.0,0,0,0,0.008186481920361479,0.008985454326140112
2021-06-23,0.0,0.0,0.0,0,0,0,0.008186481920361479,0.008985454326140112
2021-06-24,0.0,0.0,0.0,0,0,0,0.008186481920361479,0.008985454326140112
2021-06-25,0.0,0.0,0.0,0,0,0,0.008186481920361479,0.008985454326140112
2021-06-28,0.0,0.0,0.0,0,0,0,0.008186481920361479,0.008985454326140112
2021-06-29,0.0,0.0,0.0,0,0,0,0.008186481920361479,0.008985454326140112
2021-06-30,0.0,0.0,0.0,0,0,0,0.008186481920361479,0.008985454326140112
2021-07-01,0.0,0.0,0.0,0,0,0,0.008186481920361479,0.008985454326140112
2021-07-02,0.0,0.0,0.0,0,0,0,0.008186481920361479,0.008985454326140112
2021-07-05,0.0,0.0,0.0,0,0,0,0.008186481920361479,0.008985454326140112
2021-07-06,0.0,0.0,0.0,0,0,0,0.008186481920361479,0.008985454326140112
2021-07-07,0.0,0.0,0.0,0,0,0,0.008186481920361479,0.008985454326140112
2021-07-08,0.0,0.0,0.0,0,0,0,0.008186481920361479,0.008985454326140112
2021-07-09,0.0,0.0,0.0,0,0,0,0.008186481920361479,0.008985454326140112
2021-07-12,0.0,0.0,0.0,0,0,0,0.008186481920361479,0.008985454326140112
2021-07-13,0.0,0.0,0.0,0,0,0,0.008186481920361479,0.008985454326140112
2021-07-14,0.0,0.0,0.0,0,0,0,0.008186481920361479,0.008985454326140112
2021-07-15,0.0,0.0,0.0,0,0,0,0.008186481920361479,0.008985454326140112
2021-07-16,0.0,0.0,0.0,0,0,0,0.008186481920361479,0.008985454326140112
2021-07-19,0.0,0.0,0.0,0,0,0,0.008186481920361479,0.008985454326140112
2021-07-20,0.0,0.0,0.0,0,0,0,0.008186481920361479,0.008985454326140112
2021-07-21,0.0,0.0,0.0,0,0,0,0.008186481920361479,0.008985454326140112
2021-07-22,0.0,0.0,0.0,0,0,0,0.008186481920361479,0.008985454326140112
2021-07-23,0.0,0.0,0.0,0,0,0,0.008186481920361479,0.008985454326140112
2021-07-26,0.0,0.0,0.0,0,0,0,0.008186481920361479,0.008985454326140112
2021-07-27,0.0,0.0,0.0,0,0,0,0.008186481920361479,0.008985454326140112
2021-07-28,0.0,0.0,0.0,0,0,0,0.008186481920361479,0.008985454326140112
2021-07-29,0.0,0.0,0.0,0,0,0,0.008186481920361479,0.008985454326140112
2021-07-30,0.0,0.0,0.0,0,0,0,0.008186481920361479,0.008985454326140112
2021-08-02,0.0,0.0,0.0,0,0,0,0.008186481920361479,0.008985454326140112
2021-08-03,0.0,0.0,0.0,0,0,0,0.008186481920361479,0.008985454326140112
2021-08-04,0.0,0.0,0.0,0,0,0,0.008186481920361479,0.008985454326140112
2021-08-05,0.0,0.0,0.0,0,0,0,0.008186481920361479,0.008985454326140112
2021-08-06,0.0,0.0,0.0,0,0,0,0.008186481920361479,0.008985454326140112
2021-08-09,0.0,0.0,0.0,0,0,0,0.008186481920361479,0.008985454326140112
2021-08-10,0.0,0.0,0.0,0,0,0,0.008186481920361479,0.008985454326140112
2021-08-11,0.0,0.0,0.0,0,0,0,0.008186481920361479,0.008985454326140112
2021-08-12,0.0,0.0,0.0,0,0,0,0.008186481920361479,0.008985454326140112
2021-08-13,0.0,0.0,0.0,0,0,0,0.008186481920361479,0.008985454326140112
2021-08-16,0.0,0.0,0.0,0,0,0,0.008186481920361479,0.008985454326140112
2021-08-17,0.0,0.0,0.0,0,0,0,0.008186481920361479,0.008985454326140112
2021-08-18,0.0,0.0,0.0,0,0,0,0.008186481920361479,0.008985454326140112
2021-08-19,0.0,0.0,0.0,0,0,0,0.008186481920361479,0.008985454326140112
2021-08-20,0.0,0.0,0.0,0,0,0,0.008186481920361479,0.008985454326140112
2021-08-23,0.0,0.0,0.0,0,0,0,0.008186481920361479,0.008985454326140112
2021-08-24,0.0,0.0,0.0,0,0,0,0.008186481920361479,0.008985454326140112
2021-08-25,0.0,0.0,0.0,0,0,0,0.008186481920361479,0.008985454326140112
2021-08-26,0.0,0.0,0.0,0,0,0,0.008186481920361479,0.008985454326140112
2021-08-27,0.0,0.0,0.0,0,0,0,0.008186481920361479,0.008985454326140112
2021-08-30,0.0,0.0,0.0,0,0,0,0.008186481920361479,0.008985454326140112
2021-08-31,0.0,0.0,0.0,0,0,0,0.008186481920361479,0.008985454326140112
2021-09-01,0.0,0.0,0.0,0,0,0,0.008186481920361479,0.008985454326140112
2021-09-02,0.0,0.0,0.0,0,0,0,0.008186481920361479,0.008985454326140112
2021-09-03,0.0,0.0,0.0,0,0,0,0.008186481920361479,0.008985454326140112
2021-09-06,0.0,0.0,0.0,0,0,0,0.008186481920361479,0.008985454326140112
2021-09-07,0.0,0.0,0.0,0,0,0,0.008186481920361479,0.008985454326140112
2021-09-08,0.0,0.0,0.0,0,0,0,0.008186481920361479,0.008985454326140112
2021-09-09,0.0,0.0,0.0,0,0,0,0.008186481920361479,0.008985454326140112
2021-09-10,0.0,0.0,0.0,0,0,0,0.008186481920361479,0.008985454326140112
2021-09-13,0.0,0.0,0.0,0,0,0,0.008186481920361479,0.008985454326140112
2021-09-14,0.0,0.0,0.0,0,0,0,0.008186481920361479,0.008985454326140112
2021-09-15,0.0,0.0,0.0,0,0,0,0.008186481920361479,0.008985454326140112
2021-09-16,0.0,0.0,0.0,0,0,0,0.008186481920361479,0.008985454326140112
2021-09-17,0.0,0.0,0.0,0,0,0,0.008186481920361479,0.008985454326140112
2021-09-20,0.0,0.0,0.0,0,0,0,0.008186481920361479,0.008985454326140112
2021-09-21,0.0,0.0,0.0,0,0,0,0.008186481920361479,0.008985454326140112
2021-09-22,0.0,0.0,0.0,0,0,0,0.008186481920361479,0.008985454326140112
2021-09-23,0.0,0.0,0.0,0,0,0,0.008186481920361479,0.008985454326140112
2021-09-24,0.0,0.0,0.0,0,0,0,0.008186481920361479,0.008985454326140112
2021-09-27,0.0,0.0,0.0,0,0,0,0.008186481920361479,0.008985454326140112
2021-09-28,0.0,0.0,0.0,0,0,0,0.008186481920361479,0.008985454326140112
2021-09-29,0.0,0.0,0.0,0,0,0,0.008186481920361479,0.008985454326140112
2021-09-30,0.0,0.0,0.0,0,0,0,0.008186481920361479,0.008985454326140112
2021-10-01,0.0,0.0,0.0,0,0,0,0.008186481920361479,0.008985454326140112
2021-10-04,0.0,0.0,0.0,0,0,0,0.008186481920361479,0.008985454326140112
2021-10-05,0.0,0.0,0.0,0,0,0,0.008186481920361479,0.008985454326140112
2021-10-06,0.0,0.0,0.0,0,0,0,0.008186481920361479,0.008985454326140112
2021-10-07,0.0,0.0,0.0,0,0,0,0.008186481920361479,0.008985454326140112
2021-10-08,0.0,0.0,0.0,0,0,0,0.008186481920361479,0.008985454326140112
2021-10-11,0.0,0.0,0.0,0,0,0,0.008186481920361479,0.008985454326140112
2021-10-12,0.0,0.0,0.0,0,0,0,0.008186481920361479,0.008985454326140112
2021-10-13,0.0,0.0,0.0,0,0,0,0.008186481920361479,0.008985454326140112
2021-10-14,0.0,0.0,0.0,0,0,0,0.008186481920361479,0.008985454326140112
2021-10-15,0.0,0.0,0.0,0,0,0,0.008186481920361479,0.008985454326140112
2021-10-18,0.0,0.0,0.0,0,0,0,0.008186481920361479,0.008985454326140112
2021-10-19,0.0,0.0,0.0,0,0,0,0.008186481920361479,0.008985454326140112
2021-10-20,0.0,0.0,0.0,0,0,0,0.008186481920361479,0.008985454326140112
2021-10-21,0.0,0.0,0.0,0,0,0,0.008186481920361479,0.008985454326140112
2021-10-22,0.0,0.0,0.0,0,0,0,0.008186481920361479,0.008985454326140112
2021-10-25,0.0,0.0,0.0,0,0,0,0.008186481920361479,0.008985454326140112
2021-10-26,0.0,0.0,0.0,0,0,0,0.008186481920361479,0.008985454326140112
2021-10-27,0.0,0.0,0.0,0,0,0,0.008186481920361479,0.008985454326140112
2021-10-28,0.0,0.0,0.0,0,0,0,0.008186481920361479,0.008985454326140112
2021-10-29,0.0,0.0,0.0,0,0,0,0.008186481920361479,0.008985454326140112
2021-11-01,0.0,0.0,0.0,0,0,0,0.008186481920361479,0.008985454326140112
2021-11-02,0.0,0.0,0.0,0,0,0,0.008186481920361479,0.008985454326140112
2021-11-03,0.0,0.0,0.0,0,0,0,0.008186481920361479,0.008985454326140112
2021-11-04,0.0,0.0,0.0,0,0,0,0.008186481920361479,0.008985454326140112
2021-11-05,0.0,0.0,0.0,0,0,0,0.008186481920361479,0.008985454326140112
2021-11-08,0.0,0.0,0.0,0,0,0,0.008186481920361479,0.008985454326140112
2021-11-09,0.0,0.0,0.0,0,0,0,0.008186481920361479,0.008985454326140112
2021-11-10,0.0,0.0,0.0,0,0,0,0.008186481920361479,0.008985454326140112
2021-11-11,0.0,0.0,0.0,0,0,0,0.008186481920361479,0.008985454326140112
2021-11-12,0.0,0.0,0.0,0,0,0,0.008186481920361479,0.008985454326140112
2021-11-15,0.0,0.0,0.0,0,0,0,0.008186481920361479,0.008985454326140112
2021-11-16,0.0,0.0,0.0,0,0,0,0.008186481920361479,0.008985454326140112
2021-11-17,0.0,0.0,0.0,0,0,0,0.008186481920361479,0.008985454326140112
2021-11-18,0.0,0.0,0.0,0,0,0,0.008186481920361479,0.008985454326140112
2021-11-19,0.0,0.0,0.0,0,0,0,0.008186481920361479,0.008985454326140112
2021-11-22,0.0,0.0,0.0,0,0,0,0.008186481920361479,0.008985454326140112
2021-11-23,0.0,0.0,0.0,0,0,0,0.008186481920361479,0.008985454326140112
2021-11-24,0.0,0.0,0.0,0,0,0,0.008186481920361479,0.008985454326140112
2021-11-25,0.0,0.0,0.0,0,0,0,0.008186481920361479,0.008985454326140112
2021-11-26,0.0,0.0,0.0,0,0,0,0.008186481920361479,0.008985454326140112
2021-11-29,0.0,0.0,0.0,0,0,0,0.008186481920361479,0.008985454326140112
2021-11-30,0.0,0.0,0.0,0,0,0,0.008186481920361479,0.008985454326140112
2021-12-01,0.0,0.0,0.0,0,0,0,0.008186481920361479,0.008985454326140112
2021-12-02,0.0,0.0,0.0,0,0,0,0.008186481920361479,0.008985454326140112
2021-12-03,0.0,0.0,0.0,0,0,0,0.008186481920361479,0.008985454326140112
2021-12-06,0.0,0.0,0.0,0,0,0,0.008186481920361479,0.008985454326140112
2021-12-07,0.0,0.0,0.0,0,0,0,0.008186481920361479,0.008985454326140112
2021-12-08,0.0,0.0,0.0,0,0,0,0.008186481920361479,0.008985454326140112
2021-12-09,0.0,0.0,0.0,0,0,0,0.008186481920361479,0.008985454326140112
2021-12-10,0.0,0.0,0.0,0,0,0,0.008186481920361479,0.008985454326140112
2021-12-13,0.0,0.0,0.0,0,0,0,0.008186481920361479,0.008985454326140112
2021-12-14,0.0,0.0,0.0,0,0,0,0.008186481920361479,0.008985454326140112
2021-12-15,0.0,0.0,0.0,0,0,0,0.008186481920361479,0.008985454326140112
2021-12-16,0.0,0.0,0.0,0,0,0,0.008186481920361479,0.008985454326140112
2021-12-17,0.0,0.0,0.0,0,0,0,0.008186481920361479,0.008985454326140112
2021-12-20,0.0,0.0,0.0,0,0,0,0.008186481920361479,0.008985454326140112
2021-12-21,0.0,0.0,0.0,0,0,0,0.008186481920361479,0.008985454326140112
2021-12-22,0.0,0.0,0.0,0,0,0,0.008186481920361479,0.008985454326140112
2021-12-23,0.0,0.0,0.0,0,0,0,0.008186481920361479,0.008985454326140112
2021-12-24,0.0,0.0,0.0,0,0,0,0.008186481920361479,0.008985454326140112
2021-12-27,0.0,0.0,0.0,0,0,0,0.008186481920361479,0.008985454326140112
2021-12-28,0.0,0.0,0.0,0,0,0,0.008186481920361479,0.008985454326140112
2021-12-29,0.0,0.0,0.0,0,0,0,0.008186481920361479,0.008985454326140112
2021-12-30,0.0,0.0,0.0,0,0,0,0.008186481920361479,0.008985454326140112
2021-12-31,0.0,0.0,0.0,0,0,0,0.008186481920361479,0.008985454326140112
2022-01-03,0.0,0.0,0.0,0,0,0,0.008186481920361479,0.008985454326140112
2022-01-04,0.0,0.0,0.0,0,0,0,0.008186481920361479,0.008985454326140112
2022-01-05,0.0,0.0,0.0,0,0,0,0.008186481920361479,0.008985454326140112
2022-01-06,0.0,0.0,0.0,0,0,0,0.008186481920361479,0.008985454326140112
2022-01-07,0.0,0.0,0.0,0,0,0,0.008186481920361479,0.008985454326140112
2022-01-10,0.0,0.0,0.0,0,0,0,0.008186481920361479,0.008985454326140112
2022-01-11,0.0,0.0,0.0,0,0,0,0.008186481920361479,0.008985454326140112
2022-01-12,0.0,0.0,0.0,0,0,0,0.008186481920361479,0.008985454326140112
2022-01-13,0.0,0.0,0.0,0,0,0,0.008186481920361479,0.008985454326140112
2022-01-14,0.0,0.0,0.0,0,0,0,0.008186481920361479,0.008985454326140112
2022-01-17,0.0,0.0,0.0,0,0,0,0.008186481920361479,0.008985454326140112
2022-01-18,0.0,0.0,0.0,0,0,0,0.008186481920361479,0.008985454326140112
2022-01-19,0.0,0.0,0.0,0,0,0,0.008186481920361479,0.008985454326140112
2022-01-20,0.0,0.0,0.0,0,0,0,0.008186481920361479,0.008985454326140112
2022-01-21,0.0,0.0,0.0,0,0,0,0.008186481920361479,0.008985454326140112
2022-01-24,0.0,0.0,0.0,0,0,0,0.008186481920361479,0.008985454326140112
2022-01-25,0.0,0.0,0.0,0,0,0,0.008186481920361479,0.008985454326140112
2022-01-26,0.0,0.0,0.0,0,0,0,0.008186481920361479,0.008985454326140112
2022-01-27,0.0,0.0,0.0,0,0,0,0.008186481920361479,0.008985454326140112
2022-01-28,0.0,0.0,0.0,0,0,0,0.008186481920361479,0.008985454326140112
2022-01-31,0.0,0.0,0.0,0,0,0,0.008186481920361479,0.008985454326140112
2022-02-01,0.0,0.0,0.0,0,0,0,0.008186481920361479,0.008985454326140112
2022-02-02,0.0,0.0,0.0,0,0,0,0.008186481920361479,0.008985454326140112
2022-02-03,0.0,0.0,0.0,0,0,0,0.008186481920361479,0.008985454326140112
2022-02-04,0.0,0.0,0.0,0,0,0,0.008186481920361479,0.008985454326140112
2022-02-07,0.0,0.0,0.0,0,0,0,0.008186481920361479,0.008985454326140112
2022-02-08,0.0,0.0,0.0,0,0,0,0.008186481920361479,0.008985454326140112
2022-02-09,0.0,0.0,0.0,0,0,0,0.008186481920361479,0.008985454326140112
2022-02-10,0.0,0.0,0.0,0,0,0,0.008186481920361479,0.008985454326140112
2022-02-11,0.0,0.0,0.0,0,0,0,0.008186481920361479,0.008985454326140112
2022-02-14,0.0,0.0,0.0,0,0,0,0.008186481920361479,0.008985454326140112
2022-02-15,0.0,0.0,0.0,0,0,0,0.008186481920361479,0.008985454326140112
2022-02-16,0.0,0.0,0.0,0,0,0,0.008186481920361479,0.008985454326140112
2022-02-17,0.0,0.0,0.0,0,0,0,0.008186481920361479,0.008985454326140112
2022-02-18,0.0,0.0,0.0,0,0,0,0.008186481920361479,0.008985454326140112
2022-02-21,0.0,0.0,0.0,0,0,0,0.008186481920361479,0.008985454326140112
2022-02-22,0.0,0.0,0.0,0,0,0,0.008186481920361479,0.008985454326140112
2022-02-23,0.0,0.0,0.0,0,0,0,0.008186481920361479,0.008985454326140112
2022-02-24,0.0,0.0,0.0,0,0,0,0.008186481920361479,0.008985454326140112
2022-02-25,0.0,0.0,0.0,0,0,0,0.008186481920361479,0.008985454326140112
2022-02-28,0.0,0.0,0.0,0,0,0,0.008186481920361479,0.008985454326140112
2022-03-01,0.0,0.0,0.0,0,0,0,0.008186481920361479,0.008985454326140112
2022-03-02,0.0,0.0,0.0,0,0,0,0.008186481920361479,0.008985454326140112
2022-03-03,0.0,0.0,0.0,0,0,0,0.008186481920361479,0.008985454326140112
2022-03-04,0.0,0.0,0.0,0,0,0,0.008186481920361479,0.008985454326140112
2022-03-07,0.0,0.0,0.0,0,0,0,0.008186481920361479,0.008985454326140112
2022-03-08,0.0,0.0,0.0,0,0,0,0.008186481920361479,0.008985454326140112
2022-03-09,0.0,0.0,0.0,0,0,0,0.008186481920361479,0.008985454326140112
2022-03-10,0.0,0.0,0.0,0,0,0,0.008186481920361479,0.008985454326140112
2022-03-11,0.0,0.0,0.0,0,0,0,0.008186481920361479,0.008985454326140112
2022-03-14,0.0,0.0,0.0,0,0,0,0.008186481920361479,0.008985454326140112
2022-03-15,0.0,0.0,0.0,0,0,0,0.008186481920361479,0.008985454326140112
2022-03-16,0.0,0.0,0.0,0,0,0,0.008186481920361479,0.008985454326140112
2022-03-17,0.0,0.0,0.0,0,0,0,0.008186481920361479,0.008985454326140112
2022-03-18,0.0,0.0,0.0,0,0,0,0.008186481920361479,0.008985454326140112
2022-03-21,0.0,0.0,0.0,0,0,0,0.008186481920361479,0.008985454326140112
2022-03-22,0.0,0.0,0.0,0,0,0,0.008186481920361479,0.008985454326140112
2022-03-23,0.0,0.0,0.0,0,0,0,0.008186481920361479,0.008985454326140112
2022-03-24,0.0,0.0,0.0,0,0,0,0.008186481920361479,0.008985454326140112
2022-03-25,0.0,0.0,0.0,0,0,0,0.008186481920361479,0.008985454326140112
2022-03-28,0.0,0.0,0.0,0,0,0,0.008186481920361479,0.008985454326140112
2022-03-29,0.0,0.0,0.0,0,0,0,0.008186481920361479,0.008985454326140112
2022-03-30,0.0,0.0,0.0,0,0,0,0.008186481920361479,0.008985454326140112
2022-03-31,0.0,0.0,0.0,0,0,0,0.008186481920361479,0.008985454326140112
2022-04-01,0.0,0.0,0.0,0,0,0,0.008186481920361479,0.008985454326140112
2022-04-04,0.0,0.0,0.0,0,0,0,0.008186481920361479,0.008985454326140112
2022-04-05,0.0,0.0,0.0,0,0,0,0.008186481920361479,0.008985454326140112
2022-04-06,0.0,0.0,0.0,0,0,0,0.008186481920361479,0.008985454326140112
2022-04-07,0.0,0.0,0.0,0,0,0,0.008186481920361479,0.008985454326140112
2022-04-08,0.0,0.0,0.0,0,0,0,0.008186481920361479,0.008985454326140112
2022-04-11,0.0,0.0,0.0,0,0,0,0.008186481920361479,0.008985454326140112
2022-04-12,0.0,0.0,0.0,0,0,0,0.008186481920361479,0.008985454326140112
2022-04-13,0.0,0.0,0.0,0,0,0,0.008186481920361479,0.008985454326140112
2022-04-14,0.0,0.0,0.0,0,0,0,0.008186481920361479,0.008985454326140112
2022-04-15,0.0,0.0,0.0,0,0,0,0.008186481920361479,0.008985454326140112
2022-04-18,0.0,0.0,0.0,0,0,0,0.008186481920361479,0.008985454326140112
2022-04-19,0.0,0.0,0.0,0,0,0,0.008186481920361479,0.008985454326140112
2022-04-20,0.0,0.0,0.0,0,0,0,0.008186481920361479,0.008985454326140112
2022-04-21,0.0,0.0,0.0,0,0,0,0.008186481920361479,0.008985454326140112
2022-04-22,0.0,0.0,0.0,0,0,0,0.008186481920361479,0.008985454326140112
2022-04-25,0.0,0.0,0.0,0,0,0,0.008186481920361479,0.008985454326140112
2022-04-26,0.0,0.0,0.0,0,0,0,0.008186481920361479,0.008985454326140112
2022-04-27,0.0,0.0,0.0,0,0,0,0.008186481920361479,0.008985454326140112
2022-04-28,0.0,0.0,0.0,0,0,0,0.008186481920361479,0.008985454326140112
2022-04-29,0.0,0.0,0.0,0,0,0,0.008186481920361479,0.008985454326140112
2022-05-02,0.0,0.0,0.0,0,0,0,0.008186481920361479,0.008985454326140112
2022-05-03,0.0,0.0,0.0,0,0,0,0.008186481920361479,0.008985454326140112
2022-05-04,0.0,0.0,0.0,0,0,0,0.008186481920361479,0.008985454326140112
2022-05-05,0.0,0.0,0.0,0,0,0,0.008186481920361479,0.008985454326140112
2022-05-06,0.0,0.0,0.0,0,0,0,0.008186481920361479,0.008985454326140112
2022-05-09,0.0,0.0,0.0,0,0,0,0.008186481920361479,0.008985454326140112
2022-05-10,0.0,0.0,0.0,0,0,0,0.008186481920361479,0.008985454326140112
2022-05-11,0.0,0.0,0.0,0,0,0,0.008186481920361479,0.008985454326140112
2022-05-12,0.0,0.0,0.0,0,0,0,0.008186481920361479,0.008985454326140112
2022-05-13,0.0,0.0,0.0,0,0,0,0.008186481920361479,0.008985454326140112
2022-05-16,0.0,0.0,0.0,0,0,0,0.008186481920361479,0.008985454326140112
2022-05-17,0.0,0.0,0.0,0,0,0,0.008186481920361479,0.008985454326140112
2022-05-18,0.0,0.0,0.0,0,0,0,0.008186481920361479,0.008985454326140112
2022-05-19,0.0,0.0,0.0,0,0,0,0.008186481920361479,0.008985454326140112
2022-05-20,0.0,0.0,0.0,0,0,0,0.008186481920361479,0.008985454326140112
2022-05-23,0.0,0.0,0.0,0,0,0,0.008186481920361479,0.008985454326140112
2022-05-24,0.0,0.0,0.0,0,0,0,0.008186481920361479,0.008985454326140112
2022-05-25,0.0,0.0,0.0,0,0,0,0.008186481920361479,0.008985454326140112
2022-05-26,0.0,0.0,0.0,0,0,0,0.008186481920361479,0.008985454326140112
2022-05-27,0.0,0.0,0.0,0,0,0,0.008186481920361479,0.008985454326140112
2022-05-30,0.0,0.0,0.0,0,0,0,0.008186481920361479,0.008985454326140112
2022-05-31,0.0,0.0,0.0,0,0,0,0.008186481920361479,0.008985454326140112
2022-06-01,0.0,0.0,0.0,0,0,0,0.008186481920361479,0.008985454326140112
2022-06-02,0.0,0.0,0.0,0,0,0,0.008186481920361479,0.008985454326140112
2022-06-03,0.0,0.0,0.0,0,0,0,0.008186481920361479,0.008985454326140112
2022-06-06,0.0,0.0,0.0,0,0,0,0.008186481920361479,0.008985454326140112
2022-06-07,0.0,0.0,0.0,0,0,0,0.008186481920361479,0.008985454326140112
2022-06-08,0.0,0.0,0.0,0,0,0,0.008186481920361479,0.008985454326140112
2022-06-09,0.0,0.0,0.0,0,0,0,0.008186481920361479,0.008985454326140112
2022-06-10,0.0,0.0,0.0,0,0,0,0.008186481920361479,0.008985454326140112
2022-06-13,0.0,0.0,0.0,0,0,0,0.008186481920361479,0.008985454326140112
2022-06-14,0.0,0.0,0.0,0,0,0,0.008186481920361479,0.008985454326140112
2022-06-15,0.0,0.0,0.0,0,0,0,0.008186481920361479,0.008985454326140112
2022-06-16,0.0,0.0,0.0,0,0,0,0.008186481920361479,0.008985454326140112
2022-06-17,0.0,0.0,0.0,0,0,0,0.008186481920361479,0.008985454326140112
2022-06-20,0.0,0.0,0.0,0,0,0,0.008186481920361479,0.008985454326140112
2022-06-21,0.0,0.0,0.0,0,0,0,0.008186481920361479,0.008985454326140112
2022-06-22,0.0,0.0,0.0,0,0,0,0.008186481920361479,0.008985454326140112
2022-06-23,0.0,0.0,0.0,0,0,0,0.008186481920361479,0.008985454326140112
2022-06-24,0.0,0.0,0.0,0,0,0,0.008186481920361479,0.008985454326140112
2022-06-27,0.0,0.0,0.0,0,0,0,0.008186481920361479,0.008985454326140112
2022-06-28,0.0,0.0,0.0,0,0,0,0.008186481920361479,0.008985454326140112
2022-06-29,0.0,0.0,0.0,0,0,0,0.008186481920361479,0.008985454326140112
2022-06-30,0.0,0.0,0.0,0,0,0,0.008186481920361479,0.008985454326140112
2022-07-01,0.0,0.0,0.0,0,0,0,0.008186481920361479,0.008985454326140112
2022-07-04,0.0,0.0,0.0,0,0,0,0.008186481920361479,0.008985454326140112
2022-07-05,0.0,0.0,0.0,0,0,0,0.008186481920361479,0.008985454326140112
2022-07-06,0.0,0.0,0.0,0,0,0,0.008186481920361479,0.008985454326140112
2022-07-07,0.0,0.0,0.0,0,0,0,0.008186481920361479,0.008985454326140112
2022-07-08,0.0,0.0,0.0,0,0,0,0.008186481920361479,0.008985454326140112
2022-07-11,0.0,0.0,0.0,0,0,0,0.008186481920361479,0.008985454326140112
2022-07-12,0.0,0.0,0.0,0,0,0,0.008186481920361479,0.008985454326140112
2022-07-13,0.0,0.0,0.0,0,0,0,0.008186481920361479,0.008985454326140112
2022-07-14,0.0,0.0,0.0,0,0,0,0.008186481920361479,0.008985454326140112
2022-07-15,0.0,0.0,0.0,0,0,0,0.008186481920361479,0.008985454326140112
2022-07-18,0.0,0.0,0.0,0,0,0,0.008186481920361479,0.008985454326140112
2022-07-19,0.0,0.0,0.0,0,0,0,0.008186481920361479,0.008985454326140112
2022-07-20,0.0,0.0,0.0,0,0,0,0.008186481920361479,0.008985454326140112
2022-07-21,0.0,0.0,0.0,0,0,0,0.008186481920361479,0.008985454326140112
2022-07-22,0.0,0.0,0.0,0,0,0,0.008186481920361479,0.008985454326140112
2022-07-25,0.0,0.0,0.0,0,0,0,0.008186481920361479,0.008985454326140112
2022-07-26,0.0,0.0,0.0,0,0,0,0.008186481920361479,0.008985454326140112
2022-07-27,0.0,0.0,0.0,0,0,0,0.008186481920361479,0.008985454326140112
2022-07-28,0.0,0.0,0.0,0,0,0,0.008186481920361479,0.008985454326140112
2022-07-29,0.0,0.0,0.0,0,0,0,0.008186481920361479,0.008985454326140112
2022-08-01,0.0,0.0,0.0,0,0,0,0.008186481920361479,0.008985454326140112
2022-08-02,0.0,0.0,0.0,0,0,0,0.008186481920361479,0.008985454326140112
2022-08-03,0.0,0.0,0.0,0,0,0,0.008186481920361479,0.008985454326140112
2022-08-04,0.0,0.0,0.0,0,0,0,0.008186481920361479,0.008985454326140112
2022-08-05,0.0,0.0,0.0,0,0,0,0.008186481920361479,0.008985454326140112
2022-08-08,0.0,0.0,0.0,0,0,0,0.008186481920361479,0.008985454326140112
2022-08-09,0.0,0.0,0.0,0,0,0,0.008186481920361479,0.008985454326140112
2022-08-10,0.0,0.0,0.0,0,0,0,0.008186481920361479,0.008985454326140112
2022-08-11,0.0,0.0,0.0,0,0,0,0.008186481920361479,0.008985454326140112
2022-08-12,0.0,0.0,0.0,0,0,0,0.008186481920361479,0.008985454326140112
2022-08-15,0.0,0.0,0.0,0,0,0,0.008186481920361479,0.008985454326140112
2022-08-16,0.0,0.0,0.0,0,0,0,0.008186481920361479,0.008985454326140112
2022-08-17,0.0,0.0,0.0,0,0,0,0.008186481920361479,0.008985454326140112
2022-08-18,0.0,0.0,0.0,0,0,0,0.008186481920361479,0.008985454326140112
2022-08-19,0.0,0.0,0.0,0,0,0,0.008186481920361479,0.008985454326140112
2022-08-22,0.0,0.0,0.0,0,0,0,0.008186481920361479,0.008985454326140112
2022-08-23,0.0,0.0,0.0,0,0,0,0.008186481920361479,0.008985454326140112
2022-08-24,0.0,0.0,0.0,0,0,0,0.008186481920361479,0.008985454326140112
2022-08-25,0.0,0.0,0.0,0,0,0,0.008186481920361479,0.008985454326140112
2022-08-26,0.0,0.0,0.0,0,0,0,0.008186481920361479,0.008985454326140112
2022-08-29,0.0,0.0,0.0,0,0,0,0.008186481920361479,0.008985454326140112
2022-08-30,0.0,0.0,0.0,0,0,0,0.008186481920361479,0.008985454326140112
2022-08-31,0.0,0.0,0.0,0,0,0,0.008186481920361479,0.008985454326140112
2022-09-01,0.0,0.0,0.0,0,0,0,0.008186481920361479,0.008985454326140112
2022-09-02,0.0,0.0,0.0,0,0,0,0.008186481920361479,0.008985454326140112
2022-09-05,0.0,0.0,0.0,0,0,0,0.008186481920361479,0.008985454326140112
2022-09-06,0.0,0.0,0.0,0,0,0,0.008186481920361479,0.008985454326140112
2022-09-07,0.0,0.0,0.0,0,0,0,0.008186481920361479,0.008985454326140112
2022-09-08,0.0,0.0,0.0,0,0,0,0.008186481920361479,0.008985454326140112
2022-09-09,0.0,0.0,0.0,0,0,0,0.008186481920361479,0.008985454326140112
2022-09-12,0.0,0.0,0.0,0,0,0,0.008186481920361479,0.008985454326140112
2022-09-13,0.0,0.0,0.0,0,0,0,0.008186481920361479,0.008985454326140112
2022-09-14,0.0,0.0,0.0,0,0,0,0.008186481920361479,0.008985454326140112
2022-09-15,0.0,0.0,0.0,0,0,0,0.008186481920361479,0.008985454326140112
2022-09-16,0.0,0.0,0.0,0,0,0,0.008186481920361479,0.008985454326140112
2022-09-19,0.0,0.0,0.0,0,0,0,0.008186481920361479,0.008985454326140112
2022-09-20,0.0,0.0,0.0,0,0,0,0.008186481920361479,0.008985454326140112
2022-09-21,0.0,0.0,0.0,0,0,0,0.008186481920361479,0.008985454326140112
2022-09-22,0.0,0.0,0.0,0,0,0,0.008186481920361479,0.008985454326140112
2022-09-23,0.0,0.0,0.0,0,0,0,0.008186481920361479,0.008985454326140112
2022-09-26,0.0,0.0,0.0,0,0,0,0.008186481920361479,0.008985454326140112
2022-09-27,0.0,0.0,0.0,0,0,0,0.008186481920361479,0.008985454326140112
2022-09-28,0.0,0.0,0.0,0,0,0,0.008186481920361479,0.008985454326140112
2022-09-29,0.0,0.0,0.0,0,0,0,0.008186481920361479,0.008985454326140112
2022-09-30,0.0,0.0,0.0,0,0,0,0.008186481920361479,0.008985454326140112
2022-10-03,0.0,0.0,0.0,0,0,0,0.008186481920361479,0.008985454326140112
2022-10-04,0.0,0.0,0.0,0,0,0,0.008186481920361479,0.008985454326140112
2022-10-05,0.0,0.0,0.0,0,0,0,0.008186481920361479,0.008985454326140112
2022-10-06,0.0,0.0,0.0,0,0,0,0.008186481920361479,0.008985454326140112
2022-10-07,0.0,0.0,0.0,0,0,0,0.008186481920361479,0.008985454326140112
2022-10-10,0.0,0.0,0.0,0,0,0,0.008186481920361479,0.008985454326140112
2022-10-11,0.0,0.0,0.0,0,0,0,0.008186481920361479,0.008985454326140112
2022-10-12,0.0,0.0,0.0,0,0,0,0.008186481920361479,0.008985454326140112
2022-10-13,0.0,0.0,0.0,0,0,0,0.008186481920361479,0.008985454326140112
2022-10-14,0.0,0.0,0.0,0,0,0,0.008186481920361479,0.008985454326140112
2022-10-17,0.0,0.0,0.0,0,0,0,0.008186481920361479,0.008985454326140112
2022-10-18,0.0,0.0,0.0,0,0,0,0.008186481920361479,0.008985454326140112
2022-10-19,0.0,0.0,0.0,0,0,0,0.008186481920361479,0.008985454326140112
2022-10-20,0.0,0.0,0.0,0,0,0,0.008186481920361479,0.008985454326140112
2022-10-21,0.0,0.0,0.0,0,0,0,0.008186481920361479,0.008985454326140112
2022-10-24,0.0,0.0,0.0,0,0,0,0.008186481920361479,0.008985454326140112
2022-10-25,0.0,0.0,0.0,0,0,0,0.008186481920361479,0.008985454326140112
2022-10-26,0.0,0.0,0.0,0,0,0,0.008186481920361479,0.008985454326140112
2022-10-27,0.0,0.0,0.0,0,0,0,0.008186481920361479,0.008985454326140112
2022-10-28,0.0,0.0,0.0,0,0,0,0.008186481920361479,0.008985454326140112
2022-10-31,0.0,0.0,0.0,0,0,0,0.008186481920361479,0.008985454326140112
2022-11-01,0.0,0.0,0.0,0,0,0,0.008186481920361479,0.008985454326140112
2022-11-02,0.0,0.0,0.0,0,0,0,0.008186481920361479,0.008985454326140112
2022-11-03,0.0,0.0,0.0,0,0,0,0.008186481920361479,0.008985454326140112
2022-11-04,0.0,0.0,0.0,0,0,0,0.008186481920361479,0.008985454326140112
2022-11-07,0.0,0.0,0.0,0,0,0,0.008186481920361479,0.008985454326140112
2022-11-08,0.0,0.0,0.0,0,0,0,0.008186481920361479,0.008985454326140112
2022-11-09,0.0,0.0,0.0,0,0,0,0.008186481920361479,0.008985454326140112
2022-11-10,0.0,0.0,0.0,0,0,0,0.008186481920361479,0.008985454326140112
2022-11-11,0.0,0.0,0.0,0,0,0,0.008186481920361479,0.008985454326140112
2022-11-14,0.0,0.0,0.0,0,0,0,0.008186481920361479,0.008985454326140112
2022-11-15,0.0,0.0,0.0,0,0,0,0.008186481920361479,0.008985454326140112
2022-11-16,0.0,0.0,0.0,0,0,0,0.008186481920361479,0.008985454326140112
2022-11-17,0.0,0.0,0.0,0,0,0,0.008186481920361479,0.008985454326140112
2022-11-18,0.0,0.0,0.0,0,0,0,0.008186481920361479,0.008985454326140112
2022-11-21,0.0,0.0,0.0,0,0,0,0.008186481920361479,0.008985454326140112
2022-11-22,0.0,0.0,0.0,0,0,0,0.008186481920361479,0.008985454326140112
2022-11-23,0.0,0.0,0.0,0,0,0,0.008186481920361479,0.008985454326140112
2022-11-24,0.0,0.0,0.0,0,0,0,0.008186481920361479,0.008985454326140112
2022-11-25,0.0,0.0,0.0,0,0,0,0.008186481920361479,0.008985454326140112
2022-11-28,0.0,0.0,0.0,0,0,0,0.008186481920361479,0.008985454326140112
2022-11-29,0.0,0.0,0.0,0,0,0,0.008186481920361479,0.008985454326140112
2022-11-30,0.0,0.0,0.0,0,0,0,0.008186481920361479,0.008985454326140112
2022-12-01,0.0,0.0,0.0,0,0,0,0.008186481920361479,0.008985454326140112
2022-12-02,0.0,0.0,0.0,0,0,0,0.008186481920361479,0.008985454326140112
2022-12-05,0.0,0.0,0.0,0,0,0,0.008186481920361479,0.008985454326140112
2022-12-06,0.0,0.0,0.0,0,0,0,0.008186481920361479,0.008985454326140112
2022-12-07,0.0,0.0,0.0,0,0,0,0.008186481920361479,0.008985454326140112
2022-12-08,0.0,0.0,0.0,0,0,0,0.008186481920361479,0.008985454326140112
2022-12-09,0.0,0.0,0.0,0,0,0,0.008186481920361479,0.008985454326140112
2022-12-12,0.0,0.0,0.0,0,0,0,0.008186481920361479,0.008985454326140112
2022-12-13,0.0,0.0,0.0,0,0,0,0.008186481920361479,0.008985454326140112
2022-12-14,0.0,0.0,0.0,0,0,0,0.008186481920361479,0.008985454326140112
2022-12-15,0.0,0.0,0.0,0,0,0,0.008186481920361479,0.008985454326140112
2022-12-16,0.0,0.0,0.0,0,0,0,0.008186481920361479,0.008985454326140112
2022-12-19,0.0,0.0,0.0,0,0,0,0.008186481920361479,0.008985454326140112
2022-12-20,0.0,0.0,0.0,0,0,0,0.008186481920361479,0.008985454326140112
2022-12-21,0.0,0.0,0.0,0,0,0,0.008186481920361479,0.008985454326140112
2022-12-22,0.0,0.0,0.0,0,0,0,0.008186481920361479,0.008985454326140112
2022-12-23,0.0,0.0,0.0,0,0,0,0.008186481920361479,0.008985454326140112
2022-12-26,0.0,0.0,0.0,0,0,0,0.008186481920361479,0.008985454326140112
2022-12-27,0.0,0.0,0.0,0,0,0,0.008186481920361479,0.008985454326140112
2022-12-28,0.0,0.0,0.0,0,0,0,0.008186481920361479,0.008985454326140112
2022-12-29,0.0,0.0,0.0,0,0,0,0.008186481920361479,0.008985454326140112
2022-12-30,0.0,0.0,0.0,0,0,0,0.008186481920361479,0.008985454326140112
2023-01-02,0.0,0.0,0.0,0,0,0,0.008186481920361479,0.008985454326140112
2023-01-03,0.0,0.0,0.0,0,0,0,0.008186481920361479,0.008985454326140112
2023-01-04,0.0,0.0,0.0,0,0,0,0.008186481920361479,0.008985454326140112
2023-01-05,0.0,0.0,0.0,0,0,0,0.008186481920361479,0.008985454326140112
2023-01-06,0.0,0.0,0.0,0,0,0,0.008186481920361479,0.008985454326140112
2023-01-09,0.0,0.0,0.0,0,0,0,0.008186481920361479,0.008985454326140112
2023-01-10,0.0,0.0,0.0,0,0,0,0.008186481920361479,0.008985454326140112
2023-01-11,0.0,0.0,0.0,0,0,0,0.008186481920361479,0.008985454326140112
2023-01-12,0.0,0.0,0.0,0,0,0,0.008186481920361479,0.008985454326140112
2023-01-13,0.0,0.0,0.0,0,0,0,0.008186481920361479,0.008985454326140112
2023-01-16,0.0,0.0,0.0,0,0,0,0.008186481920361479,0.008985454326140112
2023-01-17,0.0,0.0,0.0,0,0,0,0.008186481920361479,0.008985454326140112
2023-01-18,0.0,0.0,0.0,0,0,0,0.008186481920361479,0.008985454326140112
2023-01-19,0.0,0.0,0.0,0,0,0,0.008186481920361479,0.008985454326140112
2023-01-20,0.0,0.0,0.0,0,0,0,0.008186481920361479,0.008985454326140112
2023-01-23,0.0,0.0,0.0,0,0,0,0.008186481920361479,0.008985454326140112
2023-01-24,0.0,0.0,0.0,0,0,0,0.008186481920361479,0.008985454326140112
2023-01-25,0.0,0.0,0.0,0,0,0,0.008186481920361479,0.008985454326140112
2023-01-26,0.0,0.0,0.0,0,0,0,0.008186481920361479,0.008985454326140112
2023-01-27,0.0,0.0,0.0,0,0,0,0.008186481920361479,0.008985454326140112
2023-01-30,0.0,0.0,0.0,0,0,0,0.008186481920361479,0.008985454326140112
2023-01-31,0.0,0.0,0.0,0,0,0,0.008186481920361479,0.008985454326140112
2023-02-01,0.0,0.0,0.0,0,0,0,0.008186481920361479,0.008985454326140112
2023-02-02,0.0,0.0,0.0,0,0,0,0.008186481920361479,0.008985454326140112
2023-02-03,0.0,0.0,0.0,0,0,0,0.008186481920361479,0.008985454326140112
2023-02-06,0.0,0.0,0.0,0,0,0,0.008186481920361479,0.008985454326140112
2023-02-07,0.0,0.0,0.0,0,0,0,0.008186481920361479,0.008985454326140112
2023-02-08,0.0,0.0,0.0,0,0,0,0.008186481920361479,0.008985454326140112
2023-02-09,0.0,0.0,0.0,0,0,0,0.008186481920361479,0.008985454326140112
2023-02-10,0.0,0.0,0.0,0,0,0,0.008186481920361479,0.008985454326140112
2023-02-13,0.0,0.0,0.0,0,0,0,0.008186481920361479,0.008985454326140112
2023-02-14,0.0,0.0,0.0,0,0,0,0.008186481920361479,0.008985454326140112
2023-02-15,0.0,0.0,0.0,0,0,0,0.008186481920361479,0.008985454326140112
2023-02-16,0.0,0.0,0.0,0,0,0,0.008186481920361479,0.008985454326140112
2023-02-17,0.0,0.0,0.0,0,0,0,0.008186481920361479,0.008985454326140112
2023-02-20,0.0,0.0,0.0,0,0,0,0.008186481920361479,0.008985454326140112
2023-02-21,0.0,0.0,0.0,0,0,0,0.008186481920361479,0.008985454326140112
2023-02-22,0.0,0.0,0.0,0,0,0,0.008186481920361479,0.008985454326140112
2023-02-23,0.0,0.0,0.0,0,0,0,0.008186481920361479,0.008985454326140112
2023-02-24,0.0,0.0,0.0,0,0,0,0.008186481920361479,0.008985454326140112
2023-02-27,0.0,0.0,0.0,0,0,0,0.008186481920361479,0.008985454326140112
2023-02-28,0.0,0.0,0.0,0,0,0,0.008186481920361479,0.008985454326140112
2023-03-01,0.0,0.0,0.0,0,0,0,0.008186481920361479,0.008985454326140112
2023-03-02,0.0,0.0,0.0,0,0,0,0.008186481920361479,0.008985454326140112
2023-03-03,0.0,0.0,0.0,0,0,0,0.008186481920361479,0.008985454326140112
2023-03-06,0.0,0.0,0.0,0,0,0,0.008186481920361479,0.008985454326140112
2023-03-07,0.0,0.0,0.0,0,0,0,0.008186481920361479,0.008985454326140112
2023-03-08,0.0,0.0,0.0,0,0,0,0.008186481920361479,0.008985454326140112
2023-03-09,0.0,0.0,0.0,0,0,0,0.008186481920361479,0.008985454326140112
2023-03-10,0.0,0.0,0.0,0,0,0,0.008186481920361479,0.008985454326140112
2023-03-13,0.0,0.0,0.0,0,0,0,0.008186481920361479,0.008985454326140112
2023-03-14,0.0,0.0,0.0,0,0,0,0.008186481920361479,0.008985454326140112
2023-03-15,0.0,0.0,0.0,0,0,0,0.008186481920361479,0.008985454326140112
2023-03-16,0.0,0.0,0.0,0,0,0,0.008186481920361479,0.008985454326140112
2023-03-17,0.0,0.0,0.0,0,0,0,0.008186481920361479,0.008985454326140112
2023-03-20,0.0,0.0,0.0,0,0,0,0.008186481920361479,0.008985454326140112
2023-03-21,0.0,0.0,0.0,0,0,0,0.008186481920361479,0.008985454326140112
2023-03-22,0.0,0.0,0.0,0,0,0,0.008186481920361479,0.008985454326140112
2023-03-23,0.0,0.0,0.0,0,0,0,0.008186481920361479,0.008985454326140112
2023-03-24,0.0,0.0,0.0,0,0,0,0.008186481920361479,0.008985454326140112
2023-03-27,0.0,0.0,0.0,0,0,0,0.008186481920361479,0.008985454326140112
2023-03-28,0.0,0.0,0.0,0,0,0,0.008186481920361479,0.008985454326140112
2023-03-29,0.0,0.0,0.0,0,0,0,0.008186481920361479,0.008985454326140112
2023-03-30,0.0,0.0,0.0,0,0,0,0.008186481920361479,0.008985454326140112
2023-03-31,0.0,0.0,0.0,0,0,0,0.008186481920361479,0.008985454326140112
2023-04-03,0.0,0.0,0.0,0,0,0,0.008186481920361479,0.008985454326140112
2023-04-04,0.0,0.0,0.0,0,0,0,0.008186481920361479,0.008985454326140112
2023-04-05,0.0,0.0,0.0,0,0,0,0.008186481920361479,0.008985454326140112
2023-04-06,0.0,0.0,0.0,0,0,0,0.008186481920361479,0.008985454326140112
2023-04-07,0.0,0.0,0.0,0,0,0,0.008186481920361479,0.008985454326140112
2023-04-10,0.0,0.0,0.0,0,0,0,0.008186481920361479,0.008985454326140112
2023-04-11,0.0,0.0,0.0,0,0,0,0.008186481920361479,0.008985454326140112
2023-04-12,0.0,0.0,0.0,0,0,0,0.008186481920361479,0.008985454326140112
2023-04-13,0.0,0.0,0.0,0,0,0,0.008186481920361479,0.008985454326140112
2023-04-14,0.0,0.0,0.0,0,0,0,0.008186481920361479,0.008985454326140112
2023-04-17,0.0,0.0,0.0,0,0,0,0.008186481920361479,0.008985454326140112
2023-04-18,0.0,0.0,0.0,0,0,0,0.008186481920361479,0.008985454326140112
2023-04-19,0.0,0.0,0.0,0,0,0,0.008186481920361479,0.008985454326140112
2023-04-20,0.0,0.0,0.0,0,0,0,0.008186481920361479,0.008985454326140112
2023-04-21,0.0,0.0,0.0,0,0,0,0.008186481920361479,0.008985454326140112
2023-04-24,0.0,0.0,0.0,0,0,0,0.008186481920361479,0.008985454326140112
2023-04-25,0.0,0.0,0.0,0,0,0,0.008186481920361479,0.008985454326140112
2023-04-26,0.0,0.0,0.0,0,0,0,0.008186481920361479,0.008985454326140112
2023-04-27,0.0,0.0,0.0,0,0,0,0.008186481920361479,0.008985454326140112
2023-04-28,0.0,0.0,0.0,0,0,0,0.008186481920361479,0.008985454326140112
2023-05-01,0.0,0.0,0.0,0,0,0,0.008186481920361479,0.008985454326140112
2023-05-02,0.0,0.0,0.0,0,0,0,0.008186481920361479,0.008985454326140112
2023-05-03,0.0,0.0,0.0,0,0,0,0.008186481920361479,0.008985454326140112
2023-05-04,0.0,0.0,0.0,0,0,0,0.008186481920361479,0.008985454326140112
2023-05-05,0.0,0.0,0.0,0,0,0,0.008186481920361479,0.008985454326140112
2023-05-08,0.0,0.0,0.0,0,0,0,0.008186481920361479,0.008985454326140112
2023-05-09,0.0,0.0,0.0,0,0,0,0.008186481920361479,0.008985454326140112
2023-05-10,0.0,0.0,0.0,0,0,0,0.008186481920361479,0.008985454326140112
2023-05-11,0.0,0.0,0.0,0,0,0,0.008186481920361479,0.008985454326140112
2023-05-12,0.0,0.0,0.0,0,0,0,0.008186481920361479,0.008985454326140112
2023-05-15,0.0,0.0,0.0,0,0,0,0.008186481920361479,0.008985454326140112
2023-05-16,0.0,0.0,0.0,0,0,0,0.008186481920361479,0.008985454326140112
2023-05-17,0.0,0.0,0.0,0,0,0,0.008186481920361479,0.008985454326140112
2023-05-18,0.0,0.0,0.0,0,0,0,0.008186481920361479,0.008985454326140112
2023-05-19,0.0,0.0,0.0,0,0,0,0.008186481920361479,0.008985454326140112
2023-05-22,0.0,0.0,0.0,0,0,0,0.008186481920361479,0.008985454326140112
2023-05-23,0.0,0.0,0.0,0,0,0,0.008186481920361479,0.008985454326140112
2023-05-24,0.0,0.0,0.0,0,0,0,0.008186481920361479,0.008985454326140112
2023-05-25,0.0,0.0,0.0,0,0,0,0.008186481920361479,0.008985454326140112
2023-05-26,0.0,0.0,0.0,0,0,0,0.008186481920361479,0.008985454326140112
2023-05-29,0.0,0.0,0.0,0,0,0,0.008186481920361479,0.008985454326140112
2023-05-30,0.0,0.0,0.0,0,0,0,0.008186481920361479,0.008985454326140112
2023-05-31,0.0,0.0,0.0,0,0,0,0.008186481920361479,0.008985454326140112
2023-06-01,0.0,0.0,0.0,0,0,0,0.008186481920361479,0.008985454326140112
2023-06-02,0.0,0.0,0.0,0,0,0,0.008186481920361479,0.008985454326140112
2023-06-05,0.0,0.0,0.0,0,0,0,0.008186481920361479,0.008985454326140112
2023-06-06,0.0,0.0,0.0,0,0,0,0.008186481920361479,0.008985454326140112
2023-06-07,0.0,0.0,0.0,0,0,0,0.008186481920361479,0.008985454326140112
2023-06-08,0.0,0.0,0.0,0,0,0,0.008186481920361479,0.008985454326140112
2023-06-09,0.0,0.0,0.0,0,0,0,0.008186481920361479,0.008985454326140112
2023-06-12,0.0,0.0,0.0,0,0,0,0.008186481920361479,0.008985454326140112
2023-06-13,0.0,0.0,0.0,0,0,0,0.008186481920361479,0.008985454326140112
2023-06-14,0.0,0.0,0.0,0,0,0,0.008186481920361479,0.008985454326140112
2023-06-15,0.0,0.0,0.0,0,0,0,0.008186481920361479,0.008985454326140112
2023-06-16,0.0,0.0,0.0,0,0,0,0.008186481920361479,0.008985454326140112
2023-06-19,0.0,0.0,0.0,0,0,0,0.008186481920361479,0.008985454326140112
2023-06-20,0.0,0.0,0.0,0,0,0,0.008186481920361479,0.008985454326140112
2023-06-21,0.0,0.0,0.0,0,0,0,0.008186481920361479,0.008985454326140112
2023-06-22,0.0,0.0,0.0,0,0,0,0.008186481920361479,0.008985454326140112
2023-06-23,0.0,0.0,0.0,0,0,0,0.008186481920361479,0.008985454326140112
2023-06-26,0.0,0.0,0.0,0,0,0,0.008186481920361479,0.008985454326140112
2023-06-27,0.0,0.0,0.0,0,0,0,0.008186481920361479,0.008985454326140112
2023-06-28,0.0,0.0,0.0,0,0,0,0.008186481920361479,0.008985454326140112
2023-06-29,0.0,0.0,0.0,0,0,0,0.008186481920361479,0.008985454326140112
2023-06-30,0.0,0.0,0.0,0,0,0,0.008186481920361479,0.008985454326140112
2023-07-03,0.0,0.0,0.0,0,0,0,0.008186481920361479,0.008985454326140112
2023-07-04,0.0,0.0,0.0,0,0,0,0.008186481920361479,0.008985454326140112
2023-07-05,0.0,0.0,0.0,0,0,0,0.008186481920361479,0.008985454326140112
2023-07-06,0.0,0.0,0.0,0,0,0,0.008186481920361479,0.008985454326140112
2023-07-07,0.0,0.0,0.0,0,0,0,0.008186481920361479,0.008985454326140112
2023-07-10,0.0,0.0,0.0,0,0,0,0.008186481920361479,0.008985454326140112
2023-07-11,0.0,0.0,0.0,0,0,0,0.008186481920361479,0.008985454326140112
2023-07-12,0.0,0.0,0.0,0,0,0,0.008186481920361479,0.008985454326140112
2023-07-13,0.0,0.0,0.0,0,0,0,0.008186481920361479,0.008985454326140112
2023-07-14,0.0,0.0,0.0,0,0,0,0.008186481920361479,0.008985454326140112
2023-07-17,0.0,0.0,0.0,0,0,0,0.008186481920361479,0.008985454326140112
2023-07-18,0.0,0.0,0.0,0,0,0,0.008186481920361479,0.008985454326140112
2023-07-19,0.0,0.0,0.0,0,0,0,0.008186481920361479,0.008985454326140112
2023-07-20,0.0,0.0,0.0,0,0,0,0.008186481920361479,0.008985454326140112
2023-07-21,0.0,0.0,0.0,0,0,0,0.008186481920361479,0.008985454326140112
2023-07-24,0.0,0.0,0.0,0,0,0,0.008186481920361479,0.008985454326140112
2023-07-25,0.0,0.0,0.0,0,0,0,0.008186481920361479,0.008985454326140112
2023-07-26,0.0,0.0,0.0,0,0,0,0.008186481920361479,0.008985454326140112
2023-07-27,0.0,0.0,0.0,0,0,0,0.008186481920361479,0.008985454326140112
2023-07-28,0.0,0.0,0.0,0,0,0,0.008186481920361479,0.008985454326140112
2023-07-31,0.0,0.0,0.0,0,0,0,0.008186481920361479,0.008985454326140112
2023-08-01,0.0,0.0,0.0,0,0,0,0.008186481920361479,0.008985454326140112
2023-08-02,0.0,0.0,0.0,0,0,0,0.008186481920361479,0.008985454326140112
2023-08-03,0.0,0.0,0.0,0,0,0,0.008186481920361479,0.008985454326140112
2023-08-04,0.0,0.0,0.0,0,0,0,0.008186481920361479,0.008985454326140112
2023-08-07,0.0,0.0,0.0,0,0,0,0.008186481920361479,0.008985454326140112
2023-08-08,0.0,0.0,0.0,0,0,0,0.008186481920361479,0.008985454326140112
2023-08-09,0.0,0.0,0.0,0,0,0,0.008186481920361479,0.008985454326140112
2023-08-10,0.0,0.0,0.0,0,0,0,0.008186481920361479,0.008985454326140112
2023-08-11,0.0,0.0,0.0,0,0,0,0.008186481920361479,0.008985454326140112
2023-08-14,0.0,0.0,0.0,0,0,0,0.008186481920361479,0.008985454326140112
2023-08-15,0.0,0.0,0.0,0,0,0,0.008186481920361479,0.008985454326140112
2023-08-16,0.0,0.0,0.0,0,0,0,0.008186481920361479,0.008985454326140112
2023-08-17,0.0,0.0,0.0,0,0,0,0.008186481920361479,0.008985454326140112
2023-08-18,0.0,0.0,0.0,0,0,0,0.008186481920361479,0.008985454326140112
2023-08-21,0.0,0.0,0.0,0,0,0,0.008186481920361479,0.008985454326140112
2023-08-22,0.0,0.0,0.0,0,0,0,0.008186481920361479,0.008985454326140112
2023-08-23,0.0,0.0,0.0,0,0,0,0.008186481920361479,0.008985454326140112
2023-08-24,0.0,0.0,0.0,0,0,0,0.008186481920361479,0.008985454326140112
2023-08-25,0.0,0.0,0.0,0,0,0,0.008186481920361479,0.008985454326140112
2023-08-28,0.0,0.0,0.0,0,0,0,0.008186481920361479,0.008985454326140112
2023-08-29,0.0,0.0,0.0,0,0,0,0.008186481920361479,0.008985454326140112
2023-08-30,0.0,0.0,0.0,0,0,0,0.008186481920361479,0.008985454326140112
2023-08-31,0.0,0.0,0.0,0,0,0,0.008186481920361479,0.008985454326140112
2023-09-01,0.0,0.0,0.0,0,0,0,0.008186481920361479,0.008985454326140112
2023-09-04,0.0,0.0,0.0,0,0,0,0.008186481920361479,0.008985454326140112
2023-09-05,0.0,0.0,0.0,0,0,0,0.008186481920361479,0.008985454326140112
2023-09-06,0.0,0.0,0.0,0,0,0,0.008186481920361479,0.008985454326140112
2023-09-07,0.0,0.0,0.0,0,0,0,0.008186481920361479,0.008985454326140112
2023-09-08,0.0,0.0,0.0,0,0,0,0.008186481920361479,0.008985454326140112
2023-09-11,0.0,0.0,0.0,0,0,0,0.008186481920361479,0.008985454326140112
2023-09-12,0.0,0.0,0.0,0,0,0,0.008186481920361479,0.008985454326140112
2023-09-13,0.0,0.0,0.0,0,0,0,0.008186481920361479,0.008985454326140112
2023-09-14,0.0,0.0,0.0,0,0,0,0.008186481920361479,0.008985454326140112
2023-09-15,0.0,0.0,0.0,0,0,0,0.008186481920361479,0.008985454326140112
2023-09-18,0.0,0.0,0.0,0,0,0,0.008186481920361479,0.008985454326140112
2023-09-19,0.0,0.0,0.0,0,0,0,0.008186481920361479,0.008985454326140112
2023-09-20,0.0,0.0,0.0,0,0,0,0.008186481920361479,0.008985454326140112
2023-09-21,0.0,0.0,0.0,0,0,0,0.008186481920361479,0.008985454326140112
2023-09-22,0.0,0.0,0.0,0,0,0,0.008186481920361479,0.008985454326140112
2023-09-25,0.0,0.0,0.0,0,0,0,0.008186481920361479,0.008985454326140112
2023-09-26,0.0,0.0,0.0,0,0,0,0.008186481920361479,0.008985454326140112
2023-09-27,0.0,0.0,0.0,0,0,0,0.008186481920361479,0.008985454326140112
2023-09-28,0.0,0.0,0.0,0,0,0,0.008186481920361479,0.008985454326140112
2023-09-29,0.0,0.0,0.0,0,0,0,0.008186481920361479,0.008985454326140112
2023-10-02,0.0,0.0,0.0,0,0,0,0.008186481920361479,0.008985454326140112
2023-10-03,0.0,0.0,0.0,0,0,0,0.008186481920361479,0.008985454326140112
2023-10-04,0.0,0.0,0.0,0,0,0,0.008186481920361479,0.008985454326140112
2023-10-05,0.0,0.0,0.0,0,0,0,0.008186481920361479,0.008985454326140112
2023-10-06,0.0,0.0,0.0,0,0,0,0.008186481920361479,0.008985454326140112
2023-10-09,0.0,0.0,0.0,0,0,0,0.008186481920361479,0.008985454326140112
2023-10-10,0.0,0.0,0.0,0,0,0,0.008186481920361479,0.008985454326140112
2023-10-11,0.0,0.0,0.0,0,0,0,0.008186481920361479,0.008985454326140112
2023-10-12,0.0,0.0,0.0,0,0,0,0.008186481920361479,0.008985454326140112
2023-10-13,0.0,0.0,0.0,0,0,0,0.008186481920361479,0.008985454326140112
2023-10-16,0.0,0.0,0.0,0,0,0,0.008186481920361479,0.008985454326140112
2023-10-17,0.0,0.0,0.0,0,0,0,0.008186481920361479,0.008985454326140112
2023-10-18,0.0,0.0,0.0,0,0,0,0.008186481920361479,0.008985454326140112
2023-10-19,0.0,0.0,0.0,0,0,0,0.008186481920361479,0.008985454326140112
2023-10-20,0.0,0.0,0.0,0,0,0,0.008186481920361479,0.008985454326140112
2023-10-23,0.0,0.0,0.0,0,0,0,0.008186481920361479,0.008985454326140112
2023-10-24,0.0,0.0,0.0,0,0,0,0.008186481920361479,0.008985454326140112
2023-10-25,0.0,0.0,0.0,0,0,0,0.008186481920361479,0.008985454326140112
2023-10-26,0.0,0.0,0.0,0,0,0,0.008186481920361479,0.008985454326140112
2023-10-27,0.0,0.0,0.0,0,0,0,0.008186481920361479,0.008985454326140112
2023-10-30,0.0,0.0,0.0,0,0,0,0.008186481920361479,0.008985454326140112
2023-10-31,0.0,0.0,0.0,0,0,0,0.008186481920361479,0.008985454326140112
2023-11-01,0.0,0.0,0.0,0,0,0,0.008186481920361479,0.008985454326140112
2023-11-02,0.0,0.0,0.0,0,0,0,0.008186481920361479,0.008985454326140112
2023-11-03,0.0,0.0,0.0,0,0,0,0.008186481920361479,0.008985454326140112
2023-11-06,0.0,0.0,0.0,0,0,0,0.008186481920361479,0.008985454326140112
2023-11-07,0.0,0.0,0.0,0,0,0,0.008186481920361479,0.008985454326140112
2023-11-08,0.0,0.0,0.0,0,0,0,0.008186481920361479,0.008985454326140112
2023-11-09,0.0,0.0,0.0,0,0,0,0.008186481920361479,0.008985454326140112
2023-11-10,0.0,0.0,0.0,0,0,0,0.008186481920361479,0.008985454326140112
2023-11-13,0.0,0.0,0.0,0,0,0,0.008186481920361479,0.008985454326140112
2023-11-14,0.0,0.0,0.0,0,0,0,0.008186481920361479,0.008985454326140112
2023-11-15,0.0,0.0,0.0,0,0,0,0.008186481920361479,0.008985454326140112
2023-11-16,0.0,0.0,0.0,0,0,0,0.008186481920361479,0.008985454326140112
2023-11-17,0.0,0.0,0.0,0,0,0,0.008186481920361479,0.008985454326140112
2023-11-20,0.0,0.0,0.0,0,0,0,0.008186481920361479,0.008985454326140112
2023-11-21,0.0,0.0,0.0,0,0,0,0.008186481920361479,0.008985454326140112
2023-11-22,0.0,0.0,0.0,0,0,0,0.008186481920361479,0.008985454326140112
2023-11-23,0.0,0.0,0.0,0,0,0,0.008186481920361479,0.008985454326140112
2023-11-24,0.0,0.0,0.0,0,0,0,0.008186481920361479,0.008985454326140112
2023-11-27,0.0,0.0,0.0,0,0,0,0.008186481920361479,0.008985454326140112
2023-11-28,0.0,0.0,0.0,0,0,0,0.008186481920361479,0.008985454326140112
2023-11-29,0.0,0.0,0.0,0,0,0,0.008186481920361479,0.008985454326140112
2023-11-30,0.0,0.0,0.0,0,0,0,0.008186481920361479,0.008985454326140112
2023-12-01,0.0,0.0,0.0,0,0,0,0.008186481920361479,0.008985454326140112
2023-12-04,0.0,0.0,0.0,0,0,0,0.008186481920361479,0.008985454326140112
2023-12-05,0.0,0.0,0.0,0,0,0,0.008186481920361479,0.008985454326140112
2023-12-06,0.0,0.0,0.0,0,0,0,0.008186481920361479,0.008985454326140112
2023-12-07,0.0,0.0,0.0,0,0,0,0.008186481920361479,0.008985454326140112
2023-12-08,0.0,0.0,0.0,0,0,0,0.008186481920361479,0.008985454326140112
2023-12-11,0.0,0.0,0.0,0,0,0,0.008186481920361479,0.008985454326140112
2023-12-12,0.0,0.0,0.0,0,0,0,0.008186481920361479,0.008985454326140112
2023-12-13,0.0,0.0,0.0,0,0,0,0.008186481920361479,0.008985454326140112
2023-12-14,0.0,0.0,0.0,0,0,0,0.008186481920361479,0.008985454326140112
2023-12-15,0.0,0.0,0.0,0,0,0,0.008186481920361479,0.008985454326140112
2023-12-18,0.0,0.0,0.0,0,0,0,0.008186481920361479,0.008985454326140112
2023-12-19,0.0,0.0,0.0,0,0,0,0.008186481920361479,0.008985454326140112
2023-12-20,0.0,0.0,0.0,0,0,0,0.008186481920361479,0.008985454326140112
2023-12-21,0.0,0.0,0.0,0,0,0,0.008186481920361479,0.008985454326140112
2023-12-22,0.0,0.0,0.0,0,0,0,0.008186481920361479,0.008985454326140112
2023-12-25,0.0,0.0,0.0,0,0,0,0.008186481920361479,0.008985454326140112
2023-12-26,0.0,0.0,0.0,0,0,0,0.008186481920361479,0.008985454326140112
2023-12-27,0.0,0.0,0.0,0,0,0,0.008186481920361479,0.008985454326140112
2023-12-28,0.0,0.0,0.0,0,0,0,0.008186481920361479,0.008985454326140112
2023-12-29,0.0,0.0,0.0,0,0,0,0.008186481920361479,0.008985454326140112
2024-01-01,0.0,0.0,0.0,0,0,0,0.008186481920361479,0.008985454326140112
2024-01-02,0.0,0.0,0.0,0,0,0,0.008186481920361479,0.008985454326140112
2024-01-03,0.0,0.0,0.0,0,0,0,0.008186481920361479,0.008985454326140112
2024-01-04,0.0,0.0,0.0,0,0,0,0.008186481920361479,0.008985454326140112
2024-01-05,0.0,0.0,0.0,0,0,0,0.008186481920361479,0.008985454326140112
2024-01-08,0.0,0.0,0.0,0,0,0,0.008186481920361479,0.008985454326140112
2024-01-09,0.0,0.0,0.0,0,0,0,0.008186481920361479,0.008985454326140112
2024-01-10,0.0,0.0,0.0,0,0,0,0.008186481920361479,0.008985454326140112
2024-01-11,0.0,0.0,0.0,0,0,0,0.008186481920361479,0.008985454326140112
2024-01-12,0.0,0.0,0.0,0,0,0,0.008186481920361479,0.008985454326140112
2024-01-15,0.0,0.0,0.0,0,0,0,0.008186481920361479,0.008985454326140112
2024-01-16,0.0,0.0,0.0,0,0,0,0.008186481920361479,0.008985454326140112
2024-01-17,0.0,0.0,0.0,0,0,0,0.008186481920361479,0.008985454326140112
2024-01-18,0.0,0.0,0.0,0,0,0,0.008186481920361479,0.008985454326140112
2024-01-19,0.0,0.0,0.0,0,0,0,0.008186481920361479,0.008985454326140112
2024-01-22,0.0,0.0,0.0,0,0,0,0.008186481920361479,0.008985454326140112
2024-01-23,0.0,0.0,0.0,0,0,0,0.008186481920361479,0.008985454326140112
2024-01-24,0.0,0.0,0.0,0,0,0,0.008186481920361479,0.008985454326140112
2024-01-25,0.0,0.0,0.0,0,0,0,0.008186481920361479,0.008985454326140112
2024-01-26,0.0,0.0,0.0,0,0,0,0.008186481920361479,0.008985454326140112
2024-01-29,0.0,0.0,0.0,0,0,0,0.008186481920361479,0.008985454326140112
2024-01-30,0.0,0.0,0.0,0,0,0,0.008186481920361479,0.008985454326140112
2024-01-31,0.0,0.0,0.0,0,0,0,0.008186481920361479,0.008985454326140112
2024-02-01,0.0,0.0,0.0,0,0,0,0.008186481920361479,0.008985454326140112
2024-02-02,0.0,0.0,0.0,0,0,0,0.008186481920361479,0.008985454326140112
2024-02-05,0.0,0.0,0.0,0,0,0,0.008186481920361479,0.008985454326140112
2024-02-06,0.0,0.0,0.0,0,0,0,0.008186481920361479,0.008985454326140112
2024-02-07,0.0,0.0,0.0,0,0,0,0.008186481920361479,0.008985454326140112
2024-02-08,0.0,0.0,0.0,0,0,0,0.008186481920361479,0.008985454326140112
2024-02-09,0.0,0.0,0.0,0,0,0,0.008186481920361479,0.008985454326140112
2024-02-12,0.0,0.0,0.0,0,0,0,0.008186481920361479,0.008985454326140112
2024-02-13,0.0,0.0,0.0,0,0,0,0.008186481920361479,0.008985454326140112
2024-02-14,0.0,0.0,0.0,0,0,0,0.008186481920361479,0.008985454326140112
2024-02-15,0.0,0.0,0.0,0,0,0,0.008186481920361479,0.008985454326140112
2024-02-16,0.0,0.0,0.0,0,0,0,0.008186481920361479,0.008985454326140112
2024-02-19,0.0,0.0,0.0,0,0,0,0.008186481920361479,0.008985454326140112
2024-02-20,0.0,0.0,0.0,0,0,0,0.008186481920361479,0.008985454326140112
2024-02-21,0.0,0.0,0.0,0,0,0,0.008186481920361479,0.008985454326140112
2024-02-22,0.0,0.0,0.0,0,0,0,0.008186481920361479,0.008985454326140112
2024-02-23,0.0,0.0,0.0,0,0,0,0.008186481920361479,0.008985454326140112
2024-02-26,0.0,0.0,0.0,0,0,0,0.008186481920361479,0.008985454326140112
2024-02-27,0.0,0.0,0.0,0,0,0,0.008186481920361479,0.008985454326140112
2024-02-28,0.0,0.0,0.0,0,0,0,0.008186481920361479,0.008985454326140112
2024-02-29,0.0,0.0,0.0,0,0,0,0.008186481920361479,0.008985454326140112
2024-03-01,0.0,0.0,0.0,0,0,0,0.008186481920361479,0.008985454326140112
2024-03-04,0.0,0.0,0.0,0,0,0,0.008186481920361479,0.008985454326140112
2024-03-05,0.0,0.0,0.0,0,0,0,0.008186481920361479,0.008985454326140112
2024-03-06,0.0,0.0,0.0,0,0,0,0.008186481920361479,0.008985454326140112
2024-03-07,0.0,0.0,0.0,0,0,0,0.008186481920361479,0.008985454326140112
2024-03-08,0.0,0.0,0.0,0,0,0,0.008186481920361479,0.008985454326140112
2024-03-11,0.0,0.0,0.0,0,0,0,0.008186481920361479,0.008985454326140112
2024-03-12,0.0,0.0,0.0,0,0,0,0.008186481920361479,0.008985454326140112
2024-03-13,0.0,0.0,0.0,0,0,0,0.008186481920361479,0.008985454326140112
2024-03-14,0.0,0.0,0.0,0,0,0,0.008186481920361479,0.008985454326140112
2024-03-15,0.0,0.0,0.0,0,0,0,0.008186481920361479,0.008985454326140112
2024-03-18,0.0,0.0,0.0,0,0,0,0.008186481920361479,0.008985454326140112
2024-03-19,0.0,0.0,0.0,0,0,0,0.008186481920361479,0.008985454326140112
2024-03-20,0.0,0.0,0.0,0,0,0,0.008186481920361479,0.008985454326140112
2024-03-21,0.0,0.0,0.0,0,0,0,0.008186481920361479,0.008985454326140112
2024-03-22,0.0,0.0,0.0,0,0,0,0.008186481920361479,0.008985454326140112
2024-03-25,0.0,0.0,0.0,0,0,0,0.008186481920361479,0.008985454326140112
2024-03-26,0.0,0.0,0.0,0,0,0,0.008186481920361479,0.008985454326140112
2024-03-27,0.0,0.0,0.0,0,0,0,0.008186481920361479,0.008985454326140112
2024-03-28,0.0,0.0,0.0,0,0,0,0.008186481920361479,0.008985454326140112
2024-03-29,0.0,0.0,0.0,0,0,0,0.008186481920361479,0.008985454326140112
2024-04-01,0.0,0.0,0.0,0,0,0,0.008186481920361479,0.008985454326140112
2024-04-02,0.0,0.0,0.0,0,0,0,0.008186481920361479,0.008985454326140112
2024-04-03,0.0,0.0,0.0,0,0,0,0.008186481920361479,0.008985454326140112
2024-04-04,0.0,0.0,0.0,0,0,0,0.008186481920361479,0.008985454326140112
2024-04-05,0.0,0.0,0.0,0,0,0,0.008186481920361479,0.008985454326140112
2024-04-08,0.0,0.0,0.0,0,0,0,0.008186481920361479,0.008985454326140112
2024-04-09,0.0,0.0,0.0,0,0,0,0.008186481920361479,0.008985454326140112
2024-04-10,0.0,0.0,0.0,0,0,0,0.008186481920361479,0.008985454326140112
2024-04-11,0.0,0.0,0.0,0,0,0,0.008186481920361479,0.008985454326140112
2024-04-12,0.0,0.0,0.0,0,0,0,0.008186481920361479,0.008985454326140112
2024-04-15,0.0,0.0,0.0,0,0,0,0.008186481920361479,0.008985454326140112
2024-04-16,0.0,0.0,0.0,0,0,0,0.008186481920361479,0.008985454326140112
2024-04-17,0.0,0.0,0.0,0,0,0,0.008186481920361479,0.008985454326140112
2024-04-18,0.0,0.0,0.0,0,0,0,0.008186481920361479,0.008985454326140112
2024-04-19,0.0,0.0,0.0,0,0,0,0.008186481920361479,0.008985454326140112
2024-04-22,0.0,0.0,0.0,0,0,0,0.008186481920361479,0.008985454326140112
2024-04-23,0.0,0.0,0.0,0,0,0,0.008186481920361479,0.008985454326140112
2024-04-24,0.0,0.0,0.0,0,0,0,0.008186481920361479,0.008985454326140112
2024-04-25,0.0,0.0,0.0,0,0,0,0.008186481920361479,0.008985454326140112
2024-04-26,0.0,0.0,0.0,0,0,0,0.008186481920361479,0.008985454326140112
2024-04-29,0.0,0.0,0.0,0,0,0,0.008186481920361479,0.008985454326140112
2024-04-30,0.0,0.0,0.0,0,0,0,0.008186481920361479,0.008985454326140112
2024-05-01,0.0,0.0,0.0,0,0,0,0.008186481920361479,0.008985454326140112
2024-05-02,0.0,0.0,0.0,0,0,0,0.008186481920361479,0.008985454326140112
2024-05-03,0.0,0.0,0.0,0,0,0,0.008186481920361479,0.008985454326140112
2024-05-06,0.0,0.0,0.0,0,0,0,0.008186481920361479,0.008985454326140112
2024-05-07,0.0,0.0,0.0,0,0,0,0.008186481920361479,0.008985454326140112
2024-05-08,0.0,0.0,0.0,0,0,0,0.008186481920361479,0.008985454326140112
2024-05-09,0.0,0.0,0.0,0,0,0,0.008186481920361479,0.008985454326140112
2024-05-10,0.0,0.0,0.0,0,0,0,0.008186481920361479,0.008985454326140112
2024-05-13,0.0,0.0,0.0,0,0,0,0.008186481920361479,0.008985454326140112
2024-05-14,0.0,0.0,0.0,0,0,0,0.008186481920361479,0.008985454326140112
2024-05-15,0.0,0.0,0.0,0,0,0,0.008186481920361479,0.008985454326140112
2024-05-16,0.0,0.0,0.0,0,0,0,0.008186481920361479,0.008985454326140112
2024-05-17,0.0,0.0,0.0,0,0,0,0.008186481920361479,0.008985454326140112
2024-05-20,0.0,0.0,0.0,0,0,0,0.008186481920361479,0.008985454326140112
2024-05-21,0.0,0.0,0.0,0,0,0,0.008186481920361479,0.008985454326140112
2024-05-22,0.0,0.0,0.0,0,0,0,0.008186481920361479,0.008985454326140112
2024-05-23,0.0,0.0,0.0,0,0,0,0.008186481920361479,0.008985454326140112
2024-05-24,0.0,0.0,0.0,0,0,0,0.008186481920361479,0.008985454326140112
2024-05-27,0.0,0.0,0.0,0,0,0,0.008186481920361479,0.008985454326140112
2024-05-28,0.0,0.0,0.0,0,0,0,0.008186481920361479,0.008985454326140112
2024-05-29,0.0,0.0,0.0,0,0,0,0.008186481920361479,0.008985454326140112
2024-05-30,0.0,0.0,0.0,0,0,0,0.008186481920361479,0.008985454326140112
2024-05-31,0.0,0.0,0.0,0,0,0,0.008186481920361479,0.008985454326140112
2024-06-03,0.0,0.0,0.0,0,0,0,0.008186481920361479,0.008985454326140112
2024-06-04,0.0,0.0,0.0,0,0,0,0.008186481920361479,0.008985454326140112
2024-06-05,0.0,0.0,0.0,0,0,0,0.008186481920361479,0.008985454326140112
2024-06-06,0.0,0.0,0.0,0,0,0,0.008186481920361479,0.008985454326140112
2024-06-07,0.0,0.0,0.0,0,0,0,0.008186481920361479,0.008985454326140112
2024-06-10,0.0,0.0,0.0,0,0,0,0.008186481920361479,0.008985454326140112
2024-06-11,0.0,0.0,0.0,0,0,0,0.008186481920361479,0.008985454326140112
2024-06-12,0.0,0.0,0.0,0,0,0,0.008186481920361479,0.008985454326140112
2024-06-13,0.0,0.0,0.0,0,0,0,0.008186481920361479,0.008985454326140112
2024-06-14,0.0,0.0,0.0,0,0,0,0.008186481920361479,0.008985454326140112
2024-06-17,0.0,0.0,0.0,0,0,0,0.008186481920361479,0.008985454326140112
2024-06-18,0.0,0.0,0.0,0,0,0,0.008186481920361479,0.008985454326140112
2024-06-19,0.0,0.0,0.0,0,0,0,0.008186481920361479,0.008985454326140112
2024-06-20,0.0,0.0,0.0,0,0,0,0.008186481920361479,0.008985454326140112
2024-06-21,0.0,0.0,0.0,0,0,0,0.008186481920361479,0.008985454326140112
2024-06-24,0.0,0.0,0.0,0,0,0,0.008186481920361479,0.008985454326140112
2024-06-25,0.0,0.0,0.0,0,0,0,0.008186481920361479,0.008985454326140112
2024-06-26,0.0,0.0,0.0,0,0,0,0.008186481920361479,0.008985454326140112
2024-06-27,0.0,0.0,0.0,0,0,0,0.008186481920361479,0.008985454326140112
2024-06-28,0.0,0.0,0.0,0,0,0,0.008186481920361479,0.008985454326140112
2024-07-01,0.0,0.0,0.0,0,0,0,0.008186481920361479,0.008985454326140112
2024-07-02,0.0,0.0,0.0,0,0,0,0.008186481920361479,0.008985454326140112
2024-07-03,0.0,0.0,0.0,0,0,0,0.008186481920361479,0.008985454326140112
2024-07-04,0.0,0.0,0.0,0,0,0,0.008186481920361479,0.008985454326140112
2024-07-05,0.0,0.0,0.0,0,0,0,0.008186481920361479,0.008985454326140112
2024-07-08,0.0,0.0,0.0,0,0,0,0.008186481920361479,0.008985454326140112
2024-07-09,0.0,0.0,0.0,0,0,0,0.008186481920361479,0.008985454326140112
2024-07-10,0.0,0.0,0.0,0,0,0,0.008186481920361479,0.008985454326140112
2024-07-11,0.0,0.0,0.0,0,0,0,0.008186481920361479,0.008985454326140112
2024-07-12,0.0,0.0,0.0,0,0,0,0.008186481920361479,0.008985454326140112
2024-07-15,0.0,0.0,0.0,0,0,0,0.008186481920361479,0.008985454326140112
2024-07-16,0.0,0.0,0.0,0,0,0,0.008186481920361479,0.008985454326140112
2024-07-17,0.0,0.0,0.0,0,0,0,0.008186481920361479,0.008985454326140112
2024-07-18,0.0,0.0,0.0,0,0,0,0.008186481920361479,0.008985454326140112
2024-07-19,0.0,0.0,0.0,0,0,0,0.008186481920361479,0.008985454326140112
2024-07-22,0.0,0.0,0.0,0,0,0,0.008186481920361479,0.008985454326140112
2024-07-23,0.0,0.0,0.0,0,0,0,0.008186481920361479,0.008985454326140112
2024-07-24,0.0,0.0,0.0,0,0,0,0.008186481920361479,0.008985454326140112
2024-07-25,0.0,0.0,0.0,0,0,0,0.008186481920361479,0.008985454326140112
2024-07-26,0.0,0.0,0.0,0,0,0,0.008186481920361479,0.008985454326140112
2024-07-29,0.0,0.0,0.0,0,0,0,0.008186481920361479,0.008985454326140112
2024-07-30,0.0,0.0,0.0,0,0,0,0.008186481920361479,0.008985454326140112
2024-07-31,0.0,0.0,0.0,0,0,0,0.008186481920361479,0.008985454326140112
2024-08-01,0.0,0.0,0.0,0,0,0,0.008186481920361479,0.008985454326140112
2024-08-02,0.0,0.0,0.0,0,0,0,0.008186481920361479,0.008985454326140112
2024-08-05,0.0,0.0,0.0,0,0,0,0.008186481920361479,0.008985454326140112
2024-08-06,0.0,0.0,0.0,0,0,0,0.008186481920361479,0.008985454326140112
2024-08-07,0.0,0.0,0.0,0,0,0,0.008186481920361479,0.008985454326140112
2024-08-08,0.0,0.0,0.0,0,0,0,0.008186481920361479,0.008985454326140112
2024-08-09,0.0,0.0,0.0,0,0,0,0.008186481920361479,0.008985454326140112
2024-08-12,0.0,0.0,0.0,0,0,0,0.008186481920361479,0.008985454326140112
2024-08-13,0.0,0.0,0.0,0,0,0,0.008186481920361479,0.008985454326140112
2024-08-14,0.0,0.0,0.0,0,0,0,0.008186481920361479,0.008985454326140112
2024-08-15,0.0,0.0,0.0,0,0,0,0.008186481920361479,0.008985454326140112
2024-08-16,0.0,0.0,0.0,0,0,0,0.008186481920361479,0.008985454326140112
2024-08-19,0.0,0.0,0.0,0,0,0,0.008186481920361479,0.008985454326140112
2024-08-20,0.0,0.0,0.0,0,0,0,0.008186481920361479,0.008985454326140112
2024-08-21,0.0,0.0,0.0,0,0,0,0.008186481920361479,0.008985454326140112
2024-08-22,0.0,0.0,0.0,0,0,0,0.008186481920361479,0.008985454326140112
2024-08-23,0.0,0.0,0.0,0,0,0,0.008186481920361479,0.008985454326140112
2024-08-26,0.0,0.0,0.0,0,0,0,0.008186481920361479,0.008985454326140112
2024-08-27,0.0,0.0,0.0,0,0,0,0.008186481920361479,0.008985454326140112
2024-08-28,0.0,0.0,0.0,0,0,0,0.008186481920361479,0.008985454326140112
2024-08-29,0.0,0.0,0.0,0,0,0,0.008186481920361479,0.008985454326140112
2024-08-30,0.0,0.0,0.0,0,0,0,0.008186481920361479,0.008985454326140112
2024-09-02,0.0,0.0,0.0,0,0,0,0.008186481920361479,0.008985454326140112
2024-09-03,0.0,0.0,0.0,0,0,0,0.008186481920361479,0.008985454326140112
2024-09-04,0.0,0.0,0.0,0,0,0,0.008186481920361479,0.008985454326140112
2024-09-05,0.0,0.0,0.0,0,0,0,0.008186481920361479,0.008985454326140112
2024-09-06,0.0,0.0,0.0,0,0,0,0.008186481920361479,0.008985454326140112
2024-09-09,0.0,0.0,0.0,0,0,0,0.008186481920361479,0.008985454326140112
2024-09-10,0.0,0.0,0.0,0,0,0,0.008186481920361479,0.008985454326140112
2024-09-11,0.0,0.0,0.0,0,0,0,0.008186481920361479,0.008985454326140112
2024-09-12,0.0,0.0,0.0,0,0,0,0.008186481920361479,0.008985454326140112
2024-09-13,0.0,0.0,0.0,0,0,0,0.008186481920361479,0.008985454326140112
2024-09-16,0.0,0.0,0.0,0,0,0,0.008186481920361479,0.008985454326140112
2024-09-17,0.0,0.0,0.0,0,0,0,0.008186481920361479,0.008985454326140112
2024-09-18,0.0,0.0,0.0,0,0,0,0.008186481920361479,0.008985454326140112
2024-09-19,0.0,0.0,0.0,0,0,0,0.008186481920361479,0.008985454326140112
2024-09-20,0.0,0.0,0.0,0,0,0,0.008186481920361479,0.008985454326140112
2024-09-23,0.0,0.0,0.0,0,0,0,0.008186481920361479,0.008985454326140112
2024-09-24,0.0,0.0,0.0,0,0,0,0.008186481920361479,0.008985454326140112
2024-09-25,0.0,0.0,0.0,0,0,0,0.008186481920361479,0.008985454326140112
2024-09-26,0.0,0.0,0.0,0,0,0,0.008186481920361479,0.008985454326140112
2024-09-27,0.0,0.0,0.0,0,0,0,0.008186481920361479,0.008985454326140112
2024-09-30,0.0,0.0,0.0,0,0,0,0.008186481920361479,0.008985454326140112
2024-10-01,0.0,0.0,0.0,0,0,0,0.008186481920361479,0.008985454326140112
2024-10-02,0.0,0.0,0.0,0,0,0,0.008186481920361479,0.008985454326140112
2024-10-03,0.0,0.0,0.0,0,0,0,0.008186481920361479,0.008985454326140112
2024-10-04,0.0,0.0,0.0,0,0,0,0.008186481920361479,0.008985454326140112
2024-10-07,0.0,0.0,0.0,0,0,0,0.008186481920361479,0.008985454326140112
2024-10-08,0.0,0.0,0.0,0,0,0,0.008186481920361479,0.008985454326140112
2024-10-09,0.0,0.0,0.0,0,0,0,0.008186481920361479,0.008985454326140112
2024-10-10,0.0,0.0,0.0,0,0,0,0.008186481920361479,0.008985454326140112
2024-10-11,0.0,0.0,0.0,0,0,0,0.008186481920361479,0.008985454326140112
2024-10-14,0.0,0.0,0.0,0,0,0,0.008186481920361479,0.008985454326140112
2024-10-15,0.0,0.0,0.0,0,0,0,0.008186481920361479,0.008985454326140112
2024-10-16,0.0,0.0,0.0,0,0,0,0.008186481920361479,0.008985454326140112
2024-10-17,0.0,0.0,0.0,0,0,0,0.008186481920361479,0.008985454326140112
2024-10-18,0.0,0.0,0.0,0,0,0,0.008186481920361479,0.008985454326140112
2024-10-21,0.0,0.0,0.0,0,0,0,0.008186481920361479,0.008985454326140112
2024-10-22,0.0,0.0,0.0,0,0,0,0.008186481920361479,0.008985454326140112
2024-10-23,0.0,0.0,0.0,0,0,0,0.008186481920361479,0.008985454326140112
2024-10-24,0.0,0.0,0.0,0,0,0,0.008186481920361479,0.008985454326140112
2024-10-25,0.0,0.0,0.0,0,0,0,0.008186481920361479,0.008985454326140112
2024-10-28,0.0,0.0,0.0,0,0,0,0.008186481920361479,0.008985454326140112
2024-10-29,0.0,0.0,0.0,0,0,0,0.008186481920361479,0.008985454326140112
2024-10-30,0.0,0.0,0.0,0,0,0,0.008186481920361479,0.008985454326140112
2024-10-31,0.0,0.0,0.0,0,0,0,0.008186481920361479,0.008985454326140112
2024-11-01,0.0,0.0,0.0,0,0,0,0.008186481920361479,0.008985454326140112
2024-11-04,0.0,0.0,0.0,0,0,0,0.008186481920361479,0.008985454326140112
2024-11-05,0.0,0.0,0.0,0,0,0,0.008186481920361479,0.008985454326140112
2024-11-06,0.0,0.0,0.0,0,0,0,0.008186481920361479,0.008985454326140112
2024-11-07,0.0,0.0,0.0,0,0,0,0.008186481920361479,0.008985454326140112
2024-11-08,0.0,0.0,0.0,0,0,0,0.008186481920361479,0.008985454326140112
2024-11-11,0.0,0.0,0.0,0,0,0,0.008186481920361479,0.008985454326140112
2024-11-12,0.0,0.0,0.0,0,0,0,0.008186481920361479,0.008985454326140112
2024-11-13,0.0,0.0,0.0,0,0,0,0.008186481920361479,0.008985454326140112
2024-11-14,0.0,0.0,0.0,0,0,0,0.008186481920361479,0.008985454326140112
2024-11-15,0.0,0.0,0.0,0,0,0,0.008186481920361479,0.008985454326140112
2024-11-18,0.0,0.0,0.0,0,0,0,0.008186481920361479,0.008985454326140112
2024-11-19,0.0,0.0,0.0,0,0,0,0.008186481920361479,0.008985454326140112
2024-11-20,0.0,0.0,0.0,0,0,0,0.008186481920361479,0.008985454326140112
2024-11-21,0.0,0.0,0.0,0,0,0,0.008186481920361479,0.008985454326140112
2024-11-22,0.0,0.0,0.0,0,0,0,0.008186481920361479,0.008985454326140112
2024-11-25,0.0,0.0,0.0,0,0,0,0.008186481920361479,0.008985454326140112
2024-11-26,0.0,0.0,0.0,0,0,0,0.008186481920361479,0.008985454326140112
2024-11-27,0.0,0.0,0.0,0,0,0,0.008186481920361479,0.008985454326140112
2024-11-28,0.0,0.0,0.0,0,0,0,0.008186481920361479,0.008985454326140112
2024-11-29,0.0,0.0,0.0,0,0,0,0.008186481920361479,0.008985454326140112
2024-12-02,0.0,0.0,0.0,0,0,0,0.008186481920361479,0.008985454326140112
2024-12-03,0.0,0.0,0.0,0,0,0,0.008186481920361479,0.008985454326140112
2024-12-04,0.0,0.0,0.0,0,0,0,0.008186481920361479,0.008985454326140112
2024-12-05,0.0,0.0,0.0,0,0,0,0.008186481920361479,0.008985454326140112
2024-12-06,0.0,0.0,0.0,0,0,0,0.008186481920361479,0.008985454326140112
2024-12-09,0.0,0.0,0.0,0,0,0,0.008186481920361479,0.008985454326140112
2024-12-10,0.0,0.0,0.0,0,0,0,0.008186481920361479,0.008985454326140112
2024-12-11,0.0,0.0,0.0,0,0,0,0.008186481920361479,0.008985454326140112
2024-12-12,0.0,0.0,0.0,0,0,0,0.008186481920361479,0.008985454326140112
2024-12-13,0.0,0.0,0.0,0,0,0,0.008186481920361479,0.008985454326140112
2024-12-16,0.0,0.0,0.0,0,0,0,0.008186481920361479,0.008985454326140112
2024-12-17,0.0,0.0,0.0,0,0,0,0.008186481920361479,0.008985454326140112
2024-12-18,0.0,0.0,0.0,0,0,0,0.008186481920361479,0.008985454326140112
2024-12-19,0.0,0.0,0.0,0,0,0,0.008186481920361479,0.008985454326140112
2024-12-20,0.0,0.0,0.0,0,0,0,0.008186481920361479,0.008985454326140112
2024-12-23,0.0,0.0,0.0,0,0,0,0.008186481920361479,0.008985454326140112
2024-12-24,0.0,0.0,0.0,0,0,0,0.008186481920361479,0.008985454326140112
2024-12-25,0.0,0.0,0.0,0,0,0,0.008186481920361479,0.008985454326140112
2024-12-26,0.0,0.0,0.0,0,0,0,0.008186481920361479,0.008985454326140112
2024-12-27,0.0,0.0,0.0,0,0,0,0.008186481920361479,0.008985454326140112
2024-12-30,0.0,0.0,0.0,0,0,0,0.008186481920361479,0.008985454326140112
2024-12-31,0.0,0.0,0.0,0,0,0,0.008186481920361479,0.008985454326140112
2025-01-02,0.0,0.0,0.0,0,0,0,0.008186481920361479,0.008985454326140112
2025-01-03,0.0,0.0,0.0,0,0,0,0.008186481920361479,0.008985454326140112
2025-01-06,0.0,0.0,0.0,0,0,0,0.008186481920361479,0.008985454326140112
2025-01-07,0.0,0.0,0.0,0,0,0,0.008186481920361479,0.008985454326140112
2025-01-08,0.0,0.0,0.0,0,0,0,0.008186481920361479,0.008985454326140112
2025-01-09,0.0,0.0,0.0,0,0,0,0.008186481920361479,0.008985454326140112
2025-01-10,0.0,0.0,0.0,0,0,0,0.008186481920361479,0.008985454326140112
2025-01-13,0.0,0.0,0.0,0,0,0,0.008186481920361479,0.008985454326140112
2025-01-14,0.0,0.0,0.0,0,0,0,0.008186481920361479,0.008985454326140112
2025-01-15,0.0,0.0,0.0,0,0,0,0.008186481920361479,0.008985454326140112
2025-01-16,0.0,0.0,0.0,0,0,0,0.008186481920361479,0.008985454326140112
2025-01-17,0.0,0.0,0.0,0,0,0,0.008186481920361479,0.008985454326140112
2025-01-20,0.0,0.0,0.0,0,0,0,0.008186481920361479,0.008985454326140112
2025-01-21,0.0,0.0,0.0,0,0,0,0.008186481920361479,0.008985454326140112
2025-01-22,0.0,0.0,0.0,0,0,0,0.008186481920361479,0.008985454326140112
2025-01-23,0.0,0.0,0.0,0,0,0,0.008186481920361479,0.008985454326140112
2025-01-24,0.0,0.0,0.0,0,0,0,0.008186481920361479,0.008985454326140112
2025-01-27,0.0,0.0,0.0,0,0,0,0.008186481920361479,0.008985454326140112
2025-01-28,0.0,0.0,0.0,0,0,0,0.008186481920361479,0.008985454326140112
2025-01-29,0.0,0.0,0.0,0,0,0,0.008186481920361479,0.008985454326140112
2025-01-30,0.0,0.0,0.0,0,0,0,0.008186481920361479,0.008985454326140112
2025-01-31,0.0,0.0,0.0,0,0,0,0.008186481920361479,0.008985454326140112
2025-02-03,0.0,0.0,0.0,0,0,0,0.008186481920361479,0.008985454326140112
2025-02-04,0.0,0.0,0.0,0,0,0,0.008186481920361479,0.008985454326140112
2025-02-05,0.0,0.0,0.0,0,0,0,0.008186481920361479,0.008985454326140112
2025-02-06,0.0,0.0,0.0,0,0,0,0.008186481920361479,0.008985454326140112
2025-02-07,0.0,0.0,0.0,0,0,0,0.008186481920361479,0.008985454326140112
2025-02-10,0.0,0.0,0.0,0,0,0,0.008186481920361479,0.008985454326140112
2025-02-11,0.0,0.0,0.0,0,0,0,0.008186481920361479,0.008985454326140112
2025-02-12,0.0,0.0,0.0,0,0,0,0.008186481920361479,0.008985454326140112
2025-02-13,0.0,0.0,0.0,0,0,0,0.008186481920361479,0.008985454326140112
2025-02-14,0.0,0.0,0.0,0,0,0,0.008186481920361479,0.008985454326140112
2025-02-17,0.0,0.0,0.0,0,0,0,0.008186481920361479,0.008985454326140112
2025-02-18,0.0,0.0,0.0,0,0,0,0.008186481920361479,0.008985454326140112
2025-02-19,0.0,0.0,0.0,0,0,0,0.008186481920361479,0.008985454326140112
2025-02-20,0.0,0.0,0.0,0,0,0,0.008186481920361479,0.008985454326140112
2025-02-21,0.0,0.0,0.0,0,0,0,0.008186481920361479,0.008985454326140112
2025-02-24,0.0,0.0,0.0,0,0,0,0.008186481920361479,0.008985454326140112
2025-02-25,0.0,0.0,0.0,0,0,0,0.008186481920361479,0.008985454326140112
2025-02-26,0.0,0.0,0.0,0,0,0,0.008186481920361479,0.008985454326140112
2025-02-27,0.0,0.0,0.0,0,0,0,0.008186481920361479,0.008985454326140112
2025-02-28,0.0,0.0,0.0,0,0,0,0.008186481920361479,0.008985454326140112
2025-03-03,0.0,0.0,0.0,0,0,0,0.008186481920361479,0.008985454326140112
2025-03-04,0.0,0.0,0.0,0,0,0,0.008186481920361479,0.008985454326140112
2025-03-05,0.0,0.0,0.0,0,0,0,0.008186481920361479,0.008985454326140112
2025-03-06,0.0,0.0,0.0,0,0,0,0.008186481920361479,0.008985454326140112
2025-03-07,0.0,0.0,0.0,0,0,0,0.008186481920361479,0.008985454326140112
2025-03-10,0.0,0.0,0.0,0,0,0,0.008186481920361479,0.008985454326140112
2025-03-11,0.0,0.0,0.0,0,0,0,0.008186481920361479,0.008985454326140112
2025-03-12,0.0,0.0,0.0,0,0,0,0.008186481920361479,0.008985454326140112
2025-03-13,0.0,0.0,0.0,0,0,0,0.008186481920361479,0.008985454326140112
2025-03-14,0.0,0.0,0.0,0,0,0,0.008186481920361479,0.008985454326140112
2025-03-17,0.0,0.0,0.0,0,0,0,0.008186481920361479,0.008985454326140112
2025-03-18,0.0,0.0,0.0,0,0,0,0.008186481920361479,0.008985454326140112
2025-03-19,0.0,0.0,0.0,0,0,0,0.008186481920361479,0.008985454326140112
2025-03-20,0.0,0.0,0.0,0,0,0,0.008186481920361479,0.008985454326140112
2025-03-21,0.0,0.0,0.0,0,0,0,0.008186481920361479,0.008985454326140112
2025-03-24,0.0,0.0,0.0,0,0,0,0.008186481920361479,0.008985454326140112
2025-03-25,0.0,0.0,0.0,0,0,0,0.008186481920361479,0.008985454326140112
2025-03-26,0.0,0.0,0.0,0,0,0,0.008186481920361479,0.008985454326140112
2025-03-27,0.0,0.0,0.0,0,0,0,0.008186481920361479,0.008985454326140112
2025-03-28,0.0,0.0,0.0,0,0,0,0.008186481920361479,0.008985454326140112
2025-03-31,0.0,0.0,0.0,0,0,0,0.008186481920361479,0.008985454326140112
2025-04-01,0.0,0.0,0.0,0,0,0,0.008186481920361479,0.008985454326140112
2025-04-02,0.0,0.0,0.0,0,0,0,0.008186481920361479,0.008985454326140112
2025-04-03,0.0,0.0,0.0,0,0,0,0.008186481920361479,0.008985454326140112
2025-04-04,0.0,0.0,0.0,0,0,0,0.008186481920361479,0.008985454326140112
2025-04-07,0.0,0.0,0.0,0,0,0,0.008186481920361479,0.008985454326140112
2025-04-08,0.0,0.0,0.0,0,0,0,0.008186481920361479,0.008985454326140112
2025-04-09,0.0,0.0,0.0,0,0,0,0.008186481920361479,0.008985454326140112
2025-04-10,0.0,0.0,0.0,0,0,0,0.008186481920361479,0.008985454326140112
2025-04-11,0.0,0.0,0.0,0,0,0,0.008186481920361479,0.008985454326140112
2025-04-14,0.0,0.0,0.0,0,0,0,0.008186481920361479,0.008985454326140112
2025-04-15,0.0,0.0,0.0,0,0,0,0.008186481920361479,0.008985454326140112
2025-04-16,0.0,0.0,0.0,0,0,0,0.008186481920361479,0.008985454326140112
2025-04-17,0.0,0.0,0.0,0,0,0,0.008186481920361479,0.008985454326140112
2025-04-22,0.0,0.0,0.0,0,0,0,0.008186481920361479,0.008985454326140112
2025-04-23,0.0,0.0,0.0,0,0,0,0.008186481920361479,0.008985454326140112
2025-04-24,0.0,0.0,0.0,0,0,0,0.008186481920361479,0.008985454326140112
2025-04-25,0.0,0.0,0.0,0,0,0,0.008186481920361479,0.008985454326140112
2025-04-28,0.0,0.0,0.0,0,0,0,0.008186481920361479,0.008985454326140112
2025-04-29,0.0,0.0,0.0,0,0,0,0.008186481920361479,0.008985454326140112
2025-04-30,0.0,0.0,0.0,0,0,0,0.008186481920361479,0.008985454326140112
2025-05-01,0.0,0.0,0.0,0,0,0,0.008186481920361479,0.008985454326140112
2025-05-02,0.0,0.0,0.0,0,0,0,0.008186481920361479,0.008985454326140112
2025-05-05,0.0,0.0,0.0,0,0,0,0.008186481920361479,0.008985454326140112
2025-05-06,0.0,0.0,0.0,0,0,0,0.008186481920361479,0.008985454326140112
2025-05-07,0.0,0.0,0.0,0,0,0,0.008186481920361479,0.008985454326140112
2025-05-08,0.0,0.0,0.0,0,0,0,0.008186481920361479,0.008985454326140112
2025-05-09,0.0,0.0,0.0,0,0,0,0.008186481920361479,0.008985454326140112
2025-05-12,0.0,0.0,0.0,0,0,0,0.008186481920361479,0.008985454326140112
2025-05-13,0.0,0.0,0.0,0,0,0,0.008186481920361479,0.008985454326140112
2025-05-14,0.0,0.0,0.0,0,0,0,0.008186481920361479,0.008985454326140112
2025-05-15,0.0,0.0,0.0,0,0,0,0.008186481920361479,0.008985454326140112
2025-05-16,0.0,0.0,0.0,0,0,0,0.008186481920361479,0.008985454326140112
2025-05-19,0.0,0.0,0.0,0,0,0,0.008186481920361479,0.008985454326140112
2025-05-20,0.0,0.0,0.0,0,0,0,0.008186481920361479,0.008985454326140112
2025-05-21,0.0,0.0,0.0,0,0,0,0.008186481920361479,0.008985454326140112
2025-05-22,0.0,0.0,0.0,0,0,0,0.008186481920361479,0.008985454326140112
2025-05-23,0.0,0.0,0.0,0,0,0,0.008186481920361479,0.008985454326140112
2025-05-26,0.0,0.0,0.0,0,0,0,0.008186481920361479,0.008985454326140112
2025-05-27,0.0,0.0,0.0,0,0,0,0.008186481920361479,0.008985454326140112
2025-05-28,0.0,0.0,0.0,0,0,0,0.008186481920361479,0.008985454326140112
2025-05-29,0.0,0.0,0.0,0,0,0,0.008186481920361479,0.008985454326140112
2025-05-30,0.0,0.0,0.0,0,0,0,0.008186481920361479,0.008985454326140112
2025-06-02,0.0,0.0,0.0,0,0,0,0.008186481920361479,0.008985454326140112
2025-06-03,0.0,0.0,0.0,0,0,0,0.008186481920361479,0.008985454326140112
2025-06-04,0.0,0.0,0.0,0,0,0,0.008186481920361479,0.008985454326140112
2025-06-05,0.0,0.0,0.0,0,0,0,0.008186481920361479,0.008985454326140112
2025-06-06,0.0,0.0,0.0,0,0,0,0.008186481920361479,0.008985454326140112
2025-06-09,0.0,0.0,0.0,0,0,0,0.008186481920361479,0.008985454326140112
2025-06-10,0.0,0.0,0.0,0,0,0,0.008186481920361479,0.008985454326140112
2025-06-11,0.0,0.0,0.0,0,0,0,0.008186481920361479,0.008985454326140112
2025-06-12,0.0,0.0,0.0,0,0,0,0.008186481920361479,0.008985454326140112
2025-06-13,0.0,0.0,0.0,0,0,0,0.008186481920361479,0.008985454326140112
2025-06-16,0.0,0.0,0.0,0,0,0,0.008186481920361479,0.008985454326140112
2025-06-17,0.0,0.0,0.0,0,0,0,0.008186481920361479,0.008985454326140112
2025-06-18,0.0,0.0,0.0,0,0,0,0.008186481920361479,0.008985454326140112
2025-06-19,0.0,0.0,0.0,0,0,0,0.008186481920361479,0.008985454326140112
2025-06-20,0.0,0.0,0.0,0,0,0,0.008186481920361479,0.008985454326140112
2025-06-23,0.0,0.0,0.0,0,0,0,0.008186481920361479,0.008985454326140112
2025-06-24,0.0,0.0,0.0,0,0,0,0.008186481920361479,0.008985454326140112
2025-06-25,0.0,0.0,0.0,0,0,0,0.008186481920361479,0.008985454326140112
2025-06-26,0.0,0.0,0.0,0,0,0,0.008186481920361479,0.008985454326140112
2025-06-27,0.0,0.0,0.0,0,0,0,0.008186481920361479,0.008985454326140112
2025-06-30,0.0,0.0,0.0,0,0,0,0.008186481920361479,0.008985454326140112
2025-07-01,0.0,0.0,0.0,0,0,0,0.008186481920361479,0.008985454326140112
2025-07-02,0.0,0.0,0.0,0,0,0,0.008186481920361479,0.008985454326140112
2025-07-03,0.0,0.0,0.0,0,0,0,0.008186481920361479,0.008985454326140112
2025-07-04,0.0,0.0,0.0,0,0,0,0.008186481920361479,0.008985454326140112
2025-07-07,0.0,0.0,0.0,0,0,0,0.008186481920361479,0.008985454326140112
2025-07-08,0.0,0.0,0.0,0,0,0,0.008186481920361479,0.008985454326140112
2025-07-09,0.0,0.0,0.0,0,0,0,0.008186481920361479,0.008985454326140112
2025-07-10,0.0,0.0,0.0,0,0,0,0.008186481920361479,0.008985454326140112
2025-07-11,0.0,0.0,0.0,0,0,0,0.008186481920361479,0.008985454326140112
2025-07-14,0.0,0.0,0.0,0,0,0,0.008186481920361479,0.008985454326140112
2025-07-15,0.0,0.0,0.0,0,0,0,0.008186481920361479,0.008985454326140112
2025-07-16,0.0,0.0,0.0,0,0,0,0.008186481920361479,0.008985454326140112
2025-07-17,0.0,0.0,0.0,0,0,0,0.008186481920361479,0.008985454326140112
2025-07-18,0.0,0.0,0.0,0,0,0,0.008186481920361479,0.008985454326140112
2025-07-21,0.0,0.0,0.0,0,0,0,0.008186481920361479,0.008985454326140112
2025-07-22,0.0,0.0,0.0,0,0,0,0.008186481920361479,0.008985454326140112
2025-07-23,0.0,0.0,0.0,0,0,0,0.008186481920361479,0.008985454326140112
2025-07-24,0.0,0.0,0.0,0,0,0,0.008186481920361479,0.008985454326140112
2025-07-25,0.0,0.0,0.0,0,0,0,0.008186481920361479,0.008985454326140112
2025-07-28,0.0,0.0,0.0,0,0,0,0.008186481920361479,0.008985454326140112
2025-07-29,0.0,0.0,0.0,0,0,0,0.008186481920361479,0.008985454326140112
2025-07-30,0.0,0.0,0.0,0,0,0,0.008186481920361479,0.008985454326140112
2025-07-31,0.0,0.0,0.0,0,0,0,0.008186481920361479,0.008985454326140112
2025-08-01,0.0,0.0,0.0,0,0,0,0.008186481920361479,0.008985454326140112
2025-08-04,0.0,0.0,0.0,0,0,0,0.008186481920361479,0.008985454326140112
2025-08-05,0.0,0.0,0.0,0,0,0,0.008186481920361479,0.008985454326140112
2025-08-06,0.0,0.0,0.0,0,0,0,0.008186481920361479,0.008985454326140112
2025-08-07,0.0,0.0,0.0,0,0,0,0.008186481920361479,0.008985454326140112
2025-08-08,0.0,0.0,0.0,0,0,0,0.008186481920361479,0.008985454326140112
2025-08-11,0.0,0.0,0.0,0,0,0,0.008186481920361479,0.008985454326140112
2025-08-12,0.0,0.0,0.0,0,0,0,0.008186481920361479,0.008985454326140112
2025-08-13,0.0,0.0,0.0,0,0,0,0.008186481920361479,0.008985454326140112
2025-08-14,0.0,0.0,0.0,0,0,0,0.008186481920361479,0.008985454326140112
2025-08-15,0.0,0.0,0.0,0,0,0,0.008186481920361479,0.008985454326140112
2025-08-18,0.0,0.0,0.0,0,0,0,0.008186481920361479,0.008985454326140112
2025-08-19,0.0,0.0,0.0,0,0,0,0.008186481920361479,0.008985454326140112
2025-08-20,0.0,0.0,0.0,0,0,0,0.008186481920361479,0.008985454326140112
2025-08-21,0.0,0.0,0.0,0,0,0,0.008186481920361479,0.008985454326140112
2025-08-22,0.0,0.0,0.0,0,0,0,0.008186481920361479,0.008985454326140112
2025-08-25,0.0,0.0,0.0,0,0,0,0.008186481920361479,0.008985454326140112
2025-08-26,0.0,0.0,0.0,0,0,0,0.008186481920361479,0.008985454326140112
2025-08-27,0.0,0.0,0.0,0,0,0,0.008186481920361479,0.008985454326140112
2025-08-28,0.0,0.0,0.0,0,0,0,0.008186481920361479,0.008985454326140112
2025-08-29,0.0,0.0,0.0,0,0,0,0.008186481920361479,0.008985454326140112
2025-09-01,0.0,0.0,0.0,0,0,0,0.008186481920361479,0.008985454326140112
2025-09-02,0.0,0.0,0.0,0,0,0,0.008186481920361479,0.008985454326140112
2025-09-03,0.0,0.0,0.0,0,0,0,0.008186481920361479,0.008985454326140112
2025-09-04,0.0,0.0,0.0,0,0,0,0.008186481920361479,0.008985454326140112
2025-09-05,0.0,0.0,0.0,0,0,0,0.008186481920361479,0.008985454326140112
2025-09-08,0.0,0.0,0.0,0,0,0,0.008186481920361479,0.008985454326140112
2025-09-09,0.0,0.0,0.0,0,0,0,0.008186481920361479,0.008985454326140112
2025-09-10,0.0,0.0,0.0,0,0,0,0.008186481920361479,0.008985454326140112
2025-09-11,0.0,0.0,0.0,0,0,0,0.008186481920361479,0.008985454326140112
2025-09-12,0.0,0.0,0.0,0,0,0,0.008186481920361479,0.008985454326140112
2025-09-15,0.0,0.0,0.0,0,0,0,0.008186481920361479,0.008985454326140112
2025-09-16,0.0,0.0,0.0,0,0,0,0.008186481920361479,0.008985454326140112
2025-09-17,0.0,0.0,0.0,0,0,0,0.008186481920361479,0.008985454326140112
2025-09-18,0.0,0.0,0.0,0,0,0,0.008186481920361479,0.008985454326140112
2025-09-19,0.0,0.0,0.0,0,0,0,0.008186481920361479,0.008985454326140112
2025-09-22,0.0,0.0,0.0,0,0,0,0.008186481920361479,0.008985454326140112
2025-09-23,0.0,0.0,0.0,0,0,0,0.008186481920361479,0.008985454326140112
2025-09-24,0.0,0.0,0.0,0,0,0,0.008186481920361479,0.008985454326140112
2025-09-25,0.0,0.0,0.0,0,0,0,0.008186481920361479,0.008985454326140112
2025-09-26,0.0,0.0,0.0,0,0,0,0.008186481920361479,0.008985454326140112
2025-09-29,0.0,0.0,0.0,0,0,0,0.008186481920361479,0.008985454326140112
2025-09-30,0.0,0.0,0.0,0,0,0,0.008186481920361479,0.008985454326140112
2025-10-01,0.0,0.0,0.0,0,0,0,0.008186481920361479,0.008985454326140112
2025-10-02,0.0,0.0,0.0,0,0,0,0.008186481920361479,0.008985454326140112
2025-10-03,0.0,0.0,0.0,0,0,0,0.008186481920361479,0.008985454326140112
2025-10-06,0.0,0.0,0.0,0,0,0,0.008186481920361479,0.008985454326140112
2025-10-07,0.0,0.0,0.0,0,0,0,0.008186481920361479,0.008985454326140112
2025-10-08,0.0,0.0,0.0,0,0,0,0.008186481920361479,0.008985454326140112
2025-10-09,0.0,0.0,0.0,0,0,0,0.008186481920361479,0.008985454326140112
2025-10-10,0.0,0.0,0.0,0,0,0,0.008186481920361479,0.008985454326140112
2025-10-13,0.0,0.0,0.0,0,0,0,0.008186481920361479,0.008985454326140112
2025-10-14,0.0,0.0,0.0,0,0,0,0.008186481920361479,0.008985454326140112
2025-10-15,0.0,0.0,0.0,0,0,0,0.008186481920361479,0.008985454326140112
2025-10-16,0.0,0.0,0.0,0,0,0,0.008186481920361479,0.008985454326140112
2025-10-17,0.0,0.0,0.0,0,0,0,0.008186481920361479,0.008985454326140112
2025-10-20,0.0,0.0,0.0,0,0,0,0.008186481920361479,0.008985454326140112
2025-10-21,0.0,0.0,0.0,0,0,0,0.008186481920361479,0.008985454326140112
2025-10-22,0.0,0.0,0.0,0,0,0,0.008186481920361479,0.008985454326140112
2025-10-23,0.0,0.0,0.0,0,0,0,0.008186481920361479,0.008985454326140112
2025-10-24,0.0,0.0,0.0,0,0,0,0.008186481920361479,0.008985454326140112
2025-10-27,0.0,0.0,0.0,0,0,0,0.008186481920361479,0.008985454326140112
2025-10-28,0.0,0.0,0.0,0,0,0,0.008186481920361479,0.008985454326140112
2025-10-29,0.0,0.0,0.0,0,0,0,0.008186481920361479,0.008985454326140112
2025-10-30,0.0,0.0,0.0,0,0,0,0.008186481920361479,0.008985454326140112
2025-10-31,0.0,0.0,0.0,0,0,0,0.008186481920361479,0.008985454326140112
2025-11-03,0.0,0.0,0.0,0,0,0,0.008186481920361479,0.008985454326140112
2025-11-04,0.0,0.0,0.0,0,0,0,0.008186481920361479,0.008985454326140112
2025-11-05,0.0,0.0,0.0,0,0,0,0.008186481920361479,0.008985454326140112
2025-11-06,0.0,0.0,0.0,0,0,0,0.008186481920361479,0.008985454326140112
2025-11-07,0.0,0.0,0.0,0,0,0,0.008186481920361479,0.008985454326140112
2025-11-10,0.0,0.0,0.0,0,0,0,0.008186481920361479,0.008985454326140112
2025-11-11,0.0,0.0,0.0,0,0,0,0.008186481920361479,0.008985454326140112
2025-11-12,0.0,0.0,0.0,0,0,0,0.008186481920361479,0.008985454326140112
2025-11-13,0.0,0.0,0.0,0,0,0,0.008186481920361479,0.008985454326140112
2025-11-14,0.0,0.0,0.0,0,0,0,0.008186481920361479,0.008985454326140112
2025-11-17,0.0,0.0,0.0,0,0,0,0.008186481920361479,0.008985454326140112
2025-11-18,0.0,0.0,0.0,0,0,0,0.008186481920361479,0.008985454326140112
2025-11-19,0.0,0.0,0.0,0,0,0,0.008186481920361479,0.008985454326140112
2025-11-20,0.0,0.0,0.0,0,0,0,0.008186481920361479,0.008985454326140112
2025-11-21,0.0,0.0,0.0,0,0,0,0.008186481920361479,0.008985454326140112
2025-11-24,0.0,0.0,0.0,0,0,0,0.008186481920361479,0.008985454326140112
2025-11-25,0.0,0.0,0.0,0,0,0,0.008186481920361479,0.008985454326140112
2025-11-26,0.0,0.0,0.0,0,0,0,0.008186481920361479,0.008985454326140112
2025-11-27,0.0,0.0,0.0,0,0,0,0.008186481920361479,0.008985454326140112
2025-11-28,0.0,0.0,0.0,0,0,0,0.008186481920361479,0.008985454326140112
2025-12-01,0.0,0.0,0.0,0,0,0,0.008186481920361479,0.008985454326140112
2025-12-02,0.0,0.0,0.0,0,0,0,0.008186481920361479,0.008985454326140112
2025-12-03,0.0,0.0,0.0,0,0,0,0.008186481920361479,0.008985454326140112
2025-12-04,0.0,0.0,0.0,0,0,0,0.008186481920361479,0.008985454326140112
2025-12-05,0.0,0.0,0.0,0,0,0,0.008186481920361479,0.008985454326140112
2025-12-08,0.0,0.0,0.0,0,0,0,0.008186481920361479,0.008985454326140112
2025-12-09,0.0,0.0,0.0,0,0,0,0.008186481920361479,0.008985454326140112
2025-12-10,0.0,0.0,0.0,0,0,0,0.008186481920361479,0.008985454326140112
2025-12-11,0.0,0.0,0.0,0,0,0,0.008186481920361479,0.008985454326140112
2025-12-12,0.0,0.0,0.0,0,0,0,0.008186481920361479,0.008985454326140112
2025-12-15,0.0,0.0,0.0,0,0,0,0.008186481920361479,0.008985454326140112
2025-12-16,0.0,0.0,0.0,0,0,0,0.008186481920361479,0.008985454326140112
2025-12-17,0.0,0.0,0.0,0,0,0,0.008186481920361479,0.008985454326140112
2025-12-18,0.0,0.0,0.0,0,0,0,0.008186481920361479,0.008985454326140112
2025-12-19,0.0,0.0,0.0,0,0,0,0.008186481920361479,0.008985454326140112
2025-12-22,0.0,0.0,0.0,0,0,0,0.008186481920361479,0.008985454326140112
2025-12-23,0.0,0.0,0.0,0,0,0,0.008186481920361479,0.008985454326140112
2025-12-24,0.0,0.0,0.0,0,0,0,0.008186481920361479,0.008985454326140112
2025-12-26,0.0,0.0,0.0,0,0,0,0.008186481920361479,0.008985454326140112
2025-12-29,0.0,0.0,0.0,0,0,0,0.008186481920361479,0.008985454326140112
2025-12-30,0.0,0.0,0.0,0,0,0,0.008186481920361479,0.008985454326140112
2025-12-31,0.0,0.0,0.0,0,0,0,0.008186481920361479,0.008985454326140112
2026-01-02,0.0,0.0,0.0,0,0,0,0.008186481920361479,0.008985454326140112
2026-01-05,0.0,0.0,0.0,0,0,0,0.008186481920361479,0.008985454326140112
2026-01-06,0.0,0.0,0.0,0,0,0,0.008186481920361479,0.008985454326140112
2026-01-07,0.0,0.0,0.0,0,0,0,0.008186481920361479,0.008985454326140112
2026-01-08,0.0,0.0,0.0,0,0,0,0.008186481920361479,0.008985454326140112
2026-01-09,0.0,0.0,0.0,0,0,0,0.008186481920361479,0.008985454326140112
2026-01-12,0.0,0.0,0.0,0,0,0,0.008186481920361479,0.008985454326140112
2026-01-13,0.0,0.0,0.0,0,0,0,0.008186481920361479,0.008985454326140112
2026-01-14,0.0,0.0,0.0,0,0,0,0.008186481920361479,0.008985454326140112
2026-01-15,0.0,0.0,0.0,0,0,0,0.008186481920361479,0.008985454326140112
2026-01-16,0.0,0.0,0.0,0,0,0,0.008186481920361479,0.008985454326140112
2026-01-19,0.0,0.0,0.0,0,0,0,0.008186481920361479,0.008985454326140112
2026-01-20,0.0,0.0,0.0,0,0,0,0.008186481920361479,0.008985454326140112
2026-01-21,0.0,0.0,0.0,0,0,0,0.008186481920361479,0.008985454326140112
2026-01-22,0.0,0.0,0.0,0,0,0,0.008186481920361479,0.008985454326140112
2026-01-23,0.0,0.0,0.0,0,0,0,0.008186481920361479,0.008985454326140112
2026-01-26,0.0,0.0,0.0,0,0,0,0.008186481920361479,0.008985454326140112
2026-01-27,0.0,0.0,0.0,0,0,0,0.008186481920361479,0.008985454326140112
2026-01-28,0.0,0.0,0.0,0,0,0,0.008186481920361479,0.008985454326140112
2026-01-29,0.0,0.0,0.0,0,0,0,0.008186481920361479,0.008985454326140112
2026-01-30,0.0,0.0,0.0,0,0,0,0.008186481920361479,0.008985454326140112
2026-02-02,0.0,0.0,0.0,0,0,0,0.008186481920361479,0.008985454326140112
2026-02-03,0.0,0.0,0.0,0,0,0,0.008186481920361479,0.008985454326140112
2026-02-04,0.0,0.0,0.0,0,0,0,0.008186481920361479,0.008985454326140112
2026-02-05,0.0,0.0,0.0,0,0,0,0.008186481920361479,0.008985454326140112
2026-02-06,0.0,0.0,0.0,0,0,0,0.008186481920361479,0.008985454326140112
2026-02-09,0.0,0.0,0.0,0,0,0,0.008186481920361479,0.008985454326140112
2026-02-10,0.0,0.0,0.0,0,0,0,0.008186481920361479,0.008985454326140112
2026-02-11,0.0,0.0,0.0,0,0,0,0.008186481920361479,0.008985454326140112
2026-02-12,0.0,0.0,0.0,0,0,0,0.008186481920361479,0.008985454326140112
2026-02-13,0.0,0.0,0.0,0,0,0,0.008186481920361479,0.008985454326140112
2026-02-16,0.0,0.0,0.0,0,0,0,0.008186481920361479,0.008985454326140112
2026-02-17,0.0,0.0,0.0,0,0,0,0.008186481920361479,0.008985454326140112
2026-02-18,0.0,0.0,0.0,0,0,0,0.008186481920361479,0.008985454326140112
2026-02-19,0.0,0.0,0.0,0,0,0,0.008186481920361479,0.008985454326140112
2026-02-20,0.0,0.0,0.0,0,0,0,0.008186481920361479,0.008985454326140112
2026-02-23,0.0,0.0,0.0,0,0,0,0.008186481920361479,0.008985454326140112
2026-02-24,0.0,0.0,0.0,0,0,0,0.008186481920361479,0.008985454326140112
2026-02-25,0.0,0.0,0.0,0,0,0,0.008186481920361479,0.008985454326140112
2026-02-26,0.0,0.0,0.0,0,0,0,0.008186481920361479,0.008985454326140112
2026-02-27,0.0,0.0,0.0,0,0,0,0.008186481920361479,0.008985454326140112
2026-03-02,0.0,0.0,0.0,0,0,0,0.008186481920361479,0.008985454326140112
2026-03-03,0.0,0.0,0.0,0,0,0,0.008186481920361479,0.008985454326140112
2026-03-04,0.0,0.0,0.0,0,0,0,0.008186481920361479,0.008985454326140112
2026-03-05,0.0,0.0,0.0,0,0,0,0.008186481920361479,0.008985454326140112
2026-03-06,0.0,0.0,0.0,0,0,0,0.008186481920361479,0.008985454326140112
2026-03-09,0.0,0.0,0.0,0,0,0,0.008186481920361479,0.008985454326140112
2026-03-10,0.0,0.0,0.0,0,0,0,0.008186481920361479,0.008985454326140112
2026-03-11,0.0,0.0,0.0,0,0,0,0.008186481920361479,0.008985454326140112
2026-03-12,0.0,0.0,0.0,0,0,0,0.008186481920361479,0.008985454326140112
2026-03-13,0.0,0.0,0.0,0,0,0,0.008186481920361479,0.008985454326140112
2026-03-16,0.0,0.0,0.0,0,0,0,0.008186481920361479,0.008985454326140112
2026-03-17,0.0,0.0,0.0,0,0,0,0.008186481920361479,0.008985454326140112
2026-03-18,0.0,0.0,0.0,0,0,0,0.008186481920361479,0.008985454326140112
2026-03-19,0.0,0.0,0.0,0,0,0,0.008186481920361479,0.008985454326140112
2026-03-20,0.0,0.0,0.0,0,0,0,0.008186481920361479,0.008985454326140112
2026-03-23,0.0,0.0,0.0,0,0,0,0.008186481920361479,0.008985454326140112
2026-03-24,0.0,0.0,0.0,0,0,0,0.008186481920361479,0.008985454326140112
2026-03-25,0.0,0.0,0.0,0,0,0,0.008186481920361479,0.008985454326140112
2026-03-26,0.0,0.0,0.0,0,0,0,0.008186481920361479,0.008985454326140112
2026-03-27,0.0,0.0,0.0,0,0,0,0.008186481920361479,0.008985454326140112
2026-03-30,0.0,0.0,0.0,0,0,0,0.008186481920361479,0.008985454326140112
2026-03-31,0.0,0.0,0.0,0,0,0,0.008186481920361479,0.008985454326140112
2026-04-01,0.0,0.0,0.0,0,0,0,0.008186481920361479,0.008985454326140112
2026-04-02,0.0,0.0,0.0,0,0,0,0.008186481920361479,0.008985454326140112
2026-04-03,0.0,0.0,0.0,0,0,0,0.008186481920361479,0.008985454326140112
2026-04-06,0.0,0.0,0.0,0,0,0,0.008186481920361479,0.008985454326140112
2026-04-07,0.0,0.0,0.0,0,0,0,0.008186481920361479,0.008985454326140112
2026-04-08,0.0,0.0,0.0,0,0,0,0.008186481920361479,0.008985454326140112
2026-04-09,0.0,0.0,0.0,0,0,0,0.008186481920361479,0.008985454326140112
2026-04-10,0.0,0.0,0.0,0,0,0,0.008186481920361479,0.008985454326140112
2026-04-13,0.0,0.0,0.0,0,0,0,0.008186481920361479,0.008985454326140112
2026-04-14,0.0,0.0,0.0,0,0,0,0.008186481920361479,0.008985454326140112
2026-04-15,0.0,0.0,0.0,0,0,0,0.008186481920361479,0.008985454326140112
2026-04-16,0.0,0.0,0.0,0,0,0,0.008186481920361479,0.008985454326140112
2026-04-17,0.0,0.0,0.0,0,0,0,0.008186481920361479,0.008985454326140112
2026-04-20,0.0,0.0,0.0,0,0,0,0.008186481920361479,0.008985454326140112
2026-04-21,0.0,0.0,0.0,0,0,0,0.008186481920361479,0.008985454326140112
2026-04-22,0.0,0.0,0.0,0,0,0,0.008186481920361479,0.008985454326140112
2026-04-23,0.0,0.0,0.0,0,0,0,0.008186481920361479,0.008985454326140112
2026-04-24,0.0,0.0,0.0,0,0,0,0.008186481920361479,0.008985454326140112
2026-04-27,0.0,0.0,0.0,0,0,0,0.008186481920361479,0.008985454326140112
2026-04-28,0.0,0.0,0.0,0,0,0,0.008186481920361479,0.008985454326140112
2026-04-29,0.0,0.0,0.0,0,0,0,0.008186481920361479,0.008985454326140112
2026-04-30,0.0,0.0,0.0,0,0,0,0.008186481920361479,0.008985454326140112
2026-05-01,0.0,0.0,0.0,0,0,0,0.008186481920361479,0.008985454326140112
2026-05-04,0.0,0.0,0.0,0,0,0,0.008186481920361479,0.008985454326140112
2026-05-05,0.0,0.0,0.0,0,0,0,0.008186481920361479,0.008985454326140112
2026-05-06,0.0,0.0,0.0,0,0,0,0.008186481920361479,0.008985454326140112
2026-05-07,0.0,0.0,0.0,0,0,0,0.008186481920361479,0.008985454326140112
2026-05-08,0.0,0.0,0.0,0,0,0,0.008186481920361479,0.008985454326140112
2026-05-11,0.0,0.0,0.0,0,0,0,0.008186481920361479,0.008985454326140112
2026-05-12,0.0,0.0,0.0,0,0,0,0.008186481920361479,0.008985454326140112
2026-05-13,0.0,0.0,0.0,0,0,0,0.008186481920361479,0.008985454326140112
2026-05-14,0.0,0.0,0.0,0,0,0,0.008186481920361479,0.008985454326140112
2026-05-15,0.0,0.0,0.0,0,0,0,0.008186481920361479,0.008985454326140112
2026-05-18,0.0,0.0,0.0,0,0,0,0.008186481920361479,0.008985454326140112
2026-05-19,0.0,0.0,0.0,0,0,0,0.008186481920361479,0.008985454326140112
2026-05-20,0.0,0.0,0.0,0,0,0,0.008186481920361479,0.008985454326140112
2026-05-21,0.0,0.0,0.0,0,0,0,0.008186481920361479,0.008985454326140112
2026-05-22,0.0,0.0,0.0,0,0,0,0.008186481920361479,0.008985454326140112
2026-05-25,0.0,0.0,0.0,0,0,0,0.008186481920361479,0.008985454326140112
2026-05-26,0.0,0.0,0.0,0,0,0,0.008186481920361479,0.008985454326140112
2026-05-27,0.0,0.0,0.0,0,0,0,0.008186481920361479,0.008985454326140112
2026-05-28,0.0,0.0,0.0,0,0,0,0.008186481920361479,0.008985454326140112
2026-05-29,0.0,0.0,0.0,0,0,0,0.008186481920361479,0.008985454326140112
2026-06-01,0.0,0.0,0.0,0,0,0,0.008186481920361479,0.008985454326140112
2026-06-02,0.0,0.0,0.0,0,0,0,0.008186481920361479,0.008985454326140112
2026-06-03,0.0,0.0,0.0,0,0,0,0.008186481920361479,0.008985454326140112
2026-06-04,0.0,0.0,0.0,0,0,0,0.008186481920361479,0.008985454326140112
2026-06-05,0.0,0.0,0.0,0,0,0,0.008186481920361479,0.008985454326140112
2026-06-08,0.0,0.0,0.0,0,0,0,0.008186481920361479,0.008985454326140112
2026-06-09,0.0,0.0,0.0,0,0,0,0.008186481920361479,0.008985454326140112
2026-06-10,0.0,0.0,0.0,0,0,0,0.008186481920361479,0.008985454326140112
2026-06-11,0.0,0.0,0.0,0,0,0,0.008186481920361479,0.008985454326140112
2026-06-12,0.0,0.0,0.0,0,0,0,0.008186481920361479,0.008985454326140112
2026-06-15,0.0,0.0,0.0,1,0,0,0.008186481920361479,0.008985454326140112
2026-06-16,0.0,0.0,0.0,1,0,0,0.008186481920361479,0.008985454326140112
2026-06-17,0.0,0.0,0.0,1,0,0,0.008186481920361479,0.008985454326140112
2026-06-18,0.0,0.0,0.0,1,0,0,0.008186481920361479,0.008985454326140112
2026-06-19,0.0,0.0,0.0,1,0,0,0.008186481920361479,0.008985454326140112
2026-06-22,0.0,0.0002,-0.0002,1,1,1,0.007986481920361478,0.008985454326140112
2026-06-23,0.0030213681284390207,0.0,0.0030213681284390207,1,1,1,0.011007850048800498,0.012006822454579132
2026-06-24,-0.0006019123026631409,0.0,-0.0006019123026631409,1,1,1,0.010405937746137357,0.011404910151915991
2026-06-25,-0.0007175347087370986,0.0,-0.0007175347087370986,1,1,1,0.009688403037400258,0.010687375443178892
2026-06-26,0.0007461746554020365,0.0,0.0007461746554020365,1,1,1,0.010434577692802295,0.011433550098580929
2026-06-29,-0.00037063396920263095,0.0,-0.00037063396920263095,1,1,1,0.010063943723599663,0.011062916129378297
2026-06-30,0.0014338438475035994,0.0,0.0014338438475035994,1,1,1,0.011497787571103263,0.012496759976881896
2026-07-01,0.00013667883186594862,0.0002000674817300819,-6.338864986413329e-05,1,0,0,0.011434398921239129,0.012633438808747845
2026-07-02,0.0,0.0,0.0,1,0,0,0.011434398921239129,0.012633438808747845
2026-07-03,0.0,0.0,0.0,1,0,0,0.011434398921239129,0.012633438808747845
2026-07-06,0.0,0.0,0.0,1,0,0,0.011434398921239129,0.012633438808747845
2026-07-07,0.0,0.0,0.0,1,0,0,0.011434398921239129,0.012633438808747845
2026-07-08,0.0,0.0002,-0.0002,1,1,1,0.011234398921239128,0.012633438808747845
2026-07-09,-0.0015893834430862684,0.0,-0.0015893834430862684,1,1,1,0.00964501547815286,0.011044055365661576
2026-07-10,-0.0005229929850531472,0.0,-0.0005229929850531472,1,1,1,0.009122022493099713,0.01052106238060843
2026-07-13,0.0003702123562046947,0.0,0.0003702123562046947,1,1,1,0.009492234849304407,0.010891274736813124
2026-07-14,0.00113888562848,0.0,0.00113888562848,1,1,1,0.010631120477784407,0.012030160365293124
2026-07-15,-0.0009408150105951057,0.0,-0.0009408150105951057,1,1,1,0.009690305467189301,0.011089345354698018
2026-07-16,-0.005177923206343441,0.0,-0.005177923206343441,1,1,1,0.00451238226084586,0.005911422148354577
2026-07-17,0.002044873108287393,0.0,0.002044873108287393,1,1,1,0.006557255369133253,0.00795629525664197
2026-07-20,0.000948817320325987,0.0,0.000948817320325987,1,1,1,0.0075060726894592405,0.008905112576967958
2026-07-21,0.0003621215429028054,0.0,0.0003621215429028054,1,1,1,0.007868194232362047,0.009267234119870764
2026-07-22,0.001960107599560524,0.0,0.001960107599560524,1,1,1,0.00982830183192257,0.011227341719431287
2026-07-23,0.00044737975237485,0.0,0.00044737975237485,1,1,1,0.01027568158429742,0.011674721471806137
2026-07-24,0.0017393962810575991,0.0,0.0017393962810575991,1,1,1,0.01201507786535502,0.013414117752863736
2026-07-27,-0.0011868150407743192,0.00019996346843989868,-0.0013867785092142179,1,0,0,0.010628299356140802,0.012227302712089418
2026-07-28,0.0,0.0,0.0,1,0,0,0.010628299356140802,0.012227302712089418
2026-07-29,0.0,0.0,0.0,1,0,0,0.010628299356140802,0.012227302712089418
2026-07-30,0.0,0.0,0.0,1,0,0,0.010628299356140802,0.012227302712089418
2026-07-31,0.0,0.0,0.0,1,0,0,0.010628299356140802,0.012227302712089418
2026-08-03,0.0,0.0,0.0,1,0,0,0.010628299356140802,0.012227302712089418
2026-08-04,0.0,0.0,0.0,1,0,0,0.010628299356140802,0.012227302712089418
2026-08-05,0.0,0.0,0.0,1,0,0,0.010628299356140802,0.012227302712089418
2026-08-06,0.0,0.0,0.0,1,0,0,0.010628299356140802,0.012227302712089418
2026-08-07,0.0,0.0,0.0,1,0,0,0.010628299356140802,0.012227302712089418
2026-08-10,0.0,0.0,0.0,1,0,0,0.010628299356140802,0.012227302712089418
2026-08-11,0.0,0.0,0.0,1,0,0,0.010628299356140802,0.012227302712089418
2026-08-12,0.0,0.0,0.0,1,0,0,0.010628299356140802,0.012227302712089418
2026-08-13,0.0,0.0,0.0,1,0,0,0.010628299356140802,0.012227302712089418
2026-08-14,0.0,0.0,0.0,1,0,0,0.010628299356140802,0.012227302712089418
2026-08-17,0.0,0.0,0.0,1,0,0,0.010628299356140802,0.012227302712089418
2026-08-18,0.0,0.0,0.0,1,0,0,0.010628299356140802,0.012227302712089418
2026-08-19,0.0,0.0,0.0,1,0,0,0.010628299356140802,0.012227302712089418
2026-08-20,0.0,0.0,0.0,1,0,0,0.010628299356140802,0.012227302712089418
2026-08-21,0.0,0.0,0.0,1,0,0,0.010628299356140802,0.012227302712089418
2026-08-24,0.0,0.0,0.0,1,0,0,0.010628299356140802,0.012227302712089418
2026-08-25,0.0,0.0,0.0,1,0,0,0.010628299356140802,0.012227302712089418
2026-08-26,0.0,0.0,0.0,1,0,0,0.010628299356140802,0.012227302712089418
2026-08-27,0.0,0.0,0.0,1,0,0,0.010628299356140802,0.012227302712089418
2026-08-28,0.0,0.0,0.0,1,0,0,0.010628299356140802,0.012227302712089418
2026-08-31,0.0,0.0,0.0,1,0,0,0.010628299356140802,0.012227302712089418
2026-09-01,0.0,0.0,0.0,1,0,0,0.010628299356140802,0.012227302712089418
2026-09-02,0.0,0.0,0.0,1,0,0,0.010628299356140802,0.012227302712089418
2026-09-03,0.0,0.0,0.0,1,0,0,0.010628299356140802,0.012227302712089418
2026-09-04,0.0,0.0,0.0,1,0,0,0.010628299356140802,0.012227302712089418
2026-09-07,0.0,0.0,0.0,1,0,0,0.010628299356140802,0.012227302712089418
2026-09-08,0.0,0.0,0.0,1,0,0,0.010628299356140802,0.012227302712089418
2026-09-09,0.0,0.0,0.0,1,0,0,0.010628299356140802,0.012227302712089418
2026-09-10,0.0,0.0,0.0,1,0,0,0.010628299356140802,0.012227302712089418
2026-09-11,0.0,0.0,0.0,1,0,0,0.010628299356140802,0.012227302712089418
2026-09-14,0.0,0.0,0.0,1,0,0,0.010628299356140802,0.012227302712089418
2026-09-15,0.0,0.0,0.0,1,0,0,0.010628299356140802,0.012227302712089418
2026-09-16,0.0,0.0,0.0,1,0,0,0.010628299356140802,0.012227302712089418
2026-09-17,0.0,0.0,0.0,1,0,0,0.010628299356140802,0.012227302712089418
2026-09-18,0.0,0.00019999999999999996,-0.00019999999999999996,1,1,1,0.010428299356140801,0.012227302712089418
2026-09-21,0.001292716180928428,0.0,0.001292716180928428,1,1,1,0.011721015537069229,0.013520018893017845
2026-09-22,-0.0003150284343433773,0.0,-0.0003150284343433773,1,1,1,0.011405987102725852,0.013204990458674468
2026-09-23,-0.0007255752075960141,0.0,-0.0007255752075960141,1,1,1,0.010680411895129837,0.012479415251078454
2026-09-24,-0.002482959034416444,0.0,-0.002482959034416444,1,1,1,0.008197452860713394,0.00999645621666201
2026-09-25,-0.0011833513072374681,0.0,-0.0011833513072374681,1,1,1,0.007014101553475926,0.008813104909424541
2026-09-28,0.0007470913679359789,0.0,0.0007470913679359789,1,1,1,0.007761192921411904,0.00956019627736052
2026-09-29,0.0013347123784259469,0.0,0.0013347123784259469,1,1,1,0.00909590529983785,0.010894908655786467
2026-09-30,6.832468174213673e-05,0.0,6.832468174213673e-05,1,1,1,0.009164229981579987,0.010963233337528603
2026-10-01,0.0019134066481261206,0.0,0.0019134066481261206,1,1,1,0.011077636629706107,0.012876639985654723
2026-10-02,-0.000406647656929931,0.0,-0.000406647656929931,1,1,1,0.010670988972776175,0.012469992328724793
2026-10-05,0.0027749489500524215,0.00019704195239444295,0.0025779069976579784,1,0,0,0.013248895970434153,0.015244941278777215
