date,expiry,close,settle,contracts
2021-04-01,2021-04-29,14953.35,14953.35,152359
2021-04-01,2021-05-27,15001.75,15001.75,6975
2021-04-01,2021-06-24,15015.6,15015.6,956
2022-04-01,2022-04-28,17713.0,17713.0,192261
2022-04-01,2022-05-26,17738.15,17738.15,31528
2022-04-01,2022-06-30,17771.35,17771.35,4216
2024-04-01,2024-04-25,22602.6,22602.6,127526
2024-04-01,2024-05-30,22739.0,22739.0,51097
2024-04-01,2024-06-27,22875.0,22875.0,3209
2025-04-01,2025-05-29,23437.5,23437.5,14346
2025-04-01,2025-06-26,23547.9,23547.9,4041
2025-04-01,2025-04-24,23321.4,23321.4,122621
2022-08-01,2022-08-25,17378.3,17378.3,162266
2022-08-01,2022-09-29,17441.6,17441.6,12756
2022-08-01,2022-10-27,17487.6,17487.6,5950
2023-08-01,2023-08-31,19812.55,19812.55,75668
2023-08-01,2023-09-28,19932.9,19932.9,3177
2023-08-01,2023-10-26,20026.1,20026.1,887
2024-08-01,2024-09-26,25147.6,25147.6,14845
2024-08-01,2024-08-29,25032.25,25032.25,229057
2024-08-01,2024-10-31,25264.05,25264.05,3894
2020-12-01,2020-12-31,13143.4,13143.4,117032
2020-12-01,2021-01-28,13162.85,13162.85,3168
2020-12-01,2021-02-25,13175.5,13175.5,581
2021-12-01,2021-12-30,17221.9,17221.9,191163
2021-12-01,2022-01-27,17280.35,17280.35,6951
2021-12-01,2022-02-24,17317.15,17317.15,1171
2022-12-01,2022-12-29,18948.3,18948.3,144744
2022-12-01,2023-01-25,19040.65,19040.65,9515
2022-12-01,2023-02-23,19115.8,19115.8,2956
2023-12-01,2023-12-28,20375.15,20375.15,106287
2023-12-01,2024-01-25,20492.8,20492.8,6798
2023-12-01,2024-02-29,20598.6,20598.6,2008
2021-02-01,2021-02-25,14351.25,14351.25,336503
2021-02-01,2021-03-25,14383.6,14383.6,12261
2021-02-01,2021-04-29,14413.45,14413.45,1665
2022-02-01,2022-02-24,17589.0,17589.0,372949
2022-02-01,2022-03-31,17649.45,17649.45,18043
2022-02-01,2022-04-28,17698.2,17698.2,2975
2023-02-01,2023-02-23,17677.25,17677.25,422514
2023-02-01,2023-03-29,17780.15,17780.15,25700
2023-02-01,2023-04-27,17837.7,17837.7,8298
2024-02-01,2024-02-29,21751.45,21751.45,180971
2024-02-01,2024-03-28,21894.55,21894.55,9162
2024-02-01,2024-04-25,22022.1,22022.1,2618
2025-02-01,2025-02-27,23555.55,23555.55,150937
2025-02-01,2025-03-27,23694.15,23694.15,7741
2025-02-01,2025-04-24,23838.95,23838.95,1789
2021-01-01,2021-01-28,14053.85,14053.85,60830
2021-01-01,2021-02-25,14086.5,14086.5,2537
2021-01-01,2021-03-25,14111.65,14111.65,763
2024-01-01,2024-01-25,21888.9,21888.9,109309
2024-01-01,2024-02-29,22018.65,22018.65,8829
2024-01-01,2024-03-28,22168.75,22168.75,2284
2025-01-01,2025-03-27,24195.4,24195.4,1181
2025-01-01,2025-01-30,23897.85,23897.85,175729
2025-01-01,2025-02-27,24039.75,24039.75,2888
2020-07-01,2020-07-30,10408.3,10408.3,223251
2020-07-01,2020-08-27,10397.8,10397.8,5186
2020-07-01,2020-09-24,10411.75,10411.75,1116
2021-07-01,2021-07-29,15710.6,15710.6,108225
2021-07-01,2021-08-26,15758.45,15758.45,2954
2021-07-01,2021-09-30,15806.15,15806.15,558
2022-07-01,2022-07-28,15754.25,15754.25,303590
2022-07-01,2022-08-25,15788.35,15788.35,16422
2022-07-01,2022-09-29,15825.25,15825.25,6561
2024-07-01,2024-07-25,24206.25,24206.25,163209
2024-07-01,2024-08-29,24311.1,24311.1,10566
2024-07-01,2024-09-26,24433.8,24433.8,2911
2020-06-01,2020-06-25,9791.0,9791.0,246296
2020-06-01,2020-07-30,9787.0,9787.0,12116
2020-06-01,2020-08-27,9809.75,9809.75,3564
2021-06-01,2021-06-24,15618.15,15618.15,101282
2021-06-01,2021-07-29,15673.1,15673.1,6782
2021-06-01,2021-08-26,15714.35,15714.35,1054
2022-06-01,2022-06-30,16508.1,16508.1,226586
2022-06-01,2022-07-28,16525.25,16525.25,13264
2022-06-01,2022-08-25,16561.05,16561.05,3399
2023-06-01,2023-06-29,18570.0,18570.0,101446
2023-06-01,2023-07-27,18650.35,18650.35,4583
2023-06-01,2023-08-31,18736.1,18736.1,1584
2021-03-01,2021-03-25,14797.75,14797.75,160227
2021-03-01,2021-04-29,14868.45,14868.45,7128
2021-03-01,2021-05-27,14912.75,14912.75,2332
2023-03-01,2023-03-29,17532.7,17532.7,130151
2023-03-01,2023-04-27,17634.05,17634.05,6499
2023-03-01,2023-05-25,17697.1,17697.1,2234
2024-03-01,2024-03-28,22443.2,22443.2,180557
2024-03-01,2024-04-25,22579.2,22579.2,12150
2024-03-01,2024-05-30,22705.25,22705.25,4816
2021-11-01,2021-11-25,18008.45,18008.45,183949
2021-11-01,2021-12-30,18068.5,18068.5,6555
2021-11-01,2022-01-27,18118.75,18118.75,1044
2022-11-01,2022-11-24,18211.2,18211.2,161405
2022-11-01,2022-12-29,18274.45,18274.45,11552
2022-11-01,2023-01-25,18323.6,18323.6,3637
2023-11-01,2023-11-30,19060.25,19060.25,100474
2023-11-01,2023-12-28,19165.4,19165.4,5048
2023-11-01,2024-01-25,19269.45,19269.45,1184
2024-11-01,2024-12-26,24525.05,24525.05,4350
2024-11-01,2025-01-30,24651.6,24651.6,1705
2024-11-01,2024-11-28,24383.65,24383.65,47411
2020-10-01,2020-10-29,11435.55,11435.55,138632
2020-10-01,2020-11-26,11457.1,11457.1,4774
2020-10-01,2020-12-31,11467.7,11467.7,782
2021-10-01,2021-10-28,17530.2,17530.2,159059
2021-10-01,2021-11-25,17565.35,17565.35,6744
2021-10-01,2021-12-30,17605.15,17605.15,2781
2024-10-01,2024-12-26,26231.0,26231.0,5594
2024-10-01,2024-10-31,25969.25,25969.25,179617
2024-10-01,2024-11-28,26098.5,26098.5,13299
2020-09-01,2020-09-24,11510.95,11510.95,214783
2020-09-01,2020-10-29,11525.55,11525.55,8138
2020-09-01,2020-11-26,11536.3,11536.3,772
2021-09-01,2021-09-30,17096.95,17096.95,140192
2021-09-01,2021-10-28,17126.95,17126.95,9711
2021-09-01,2021-11-25,17155.7,17155.7,1673
2022-09-01,2022-09-29,17592.4,17592.4,318416
2022-09-01,2022-10-27,17638.65,17638.65,15913
2022-09-01,2022-11-24,17704.55,17704.55,5657
2023-09-01,2023-09-28,19512.1,19512.1,116553
2023-09-01,2023-10-26,19606.1,19606.1,5595
2023-09-01,2023-11-30,19705.05,19705.05,1904
2024-04-02,2024-04-25,22577.5,22577.5,83787
2024-04-02,2024-05-30,22719.3,22719.3,4421
2024-04-02,2024-06-27,22851.4,22851.4,1350
2025-04-02,2025-04-24,23438.95,23438.95,64204
2025-04-02,2025-06-26,23651.5,23651.5,1777
2025-04-02,2025-05-29,23550.75,23550.75,4802
2021-08-02,2021-08-26,15909.0,15909.0,105957
2021-08-02,2021-09-30,15944.5,15944.5,4277
2021-08-02,2021-10-28,15978.5,15978.5,1327
2022-08-02,2022-08-25,17346.3,17346.3,232634
2022-08-02,2022-09-29,17415.65,17415.65,13355
2022-08-02,2022-10-27,17463.05,17463.05,5844
2023-08-02,2023-08-31,19596.55,19596.55,164328
2023-08-02,2023-09-28,19716.05,19716.05,11156
2023-08-02,2023-10-26,19821.9,19821.9,4259
2020-12-02,2020-12-31,13162.45,13162.45,145607
2020-12-02,2021-01-28,13184.65,13184.65,3938
2020-12-02,2021-02-25,13195.7,13195.7,600
2021-12-02,2021-12-30,17432.65,17432.65,186158
2021-12-02,2022-01-27,17485.05,17485.05,7549
2021-12-02,2022-02-24,17512.7,17512.7,1387
2022-12-02,2022-12-29,18812.55,18812.55,162318
2022-12-02,2023-01-25,18919.85,18919.85,9101
2022-12-02,2023-02-23,18998.95,18998.95,2470
2024-12-02,2025-02-27,24718.7,24718.7,1210
2024-12-02,2025-01-30,24585.1,24585.1,17548
2024-12-02,2024-12-26,24428.5,24428.5,229734
2021-02-02,2021-02-25,14696.0,14696.0,219941
2021-02-02,2021-03-25,14735.9,14735.9,10058
2021-02-02,2021-04-29,14764.75,14764.75,1401
2022-02-02,2022-02-24,17795.9,17795.9,170190
2022-02-02,2022-03-31,17861.85,17861.85,10883
2022-02-02,2022-04-28,17907.15,17907.15,1779
2023-02-02,2023-02-23,17685.25,17685.25,215473
2023-02-02,2023-03-29,17784.05,17784.05,11850
2023-02-02,2023-04-27,17855.0,17855.0,4111
2024-02-02,2024-02-29,21951.4,21951.4,236827
2024-02-02,2024-03-28,22087.75,22087.75,16984
2024-02-02,2024-04-25,22231.6,22231.6,5775
2023-01-02,2023-01-25,18275.85,18275.85,109529
2023-01-02,2023-02-23,18352.85,18352.85,5809
2023-01-02,2023-03-29,18433.2,18433.2,1804
2024-01-02,2024-01-25,21756.75,21756.75,167847
2024-01-02,2024-02-29,21896.35,21896.35,10382
2024-01-02,2024-03-28,22029.85,22029.85,2987
2025-01-02,2025-02-27,24410.85,24410.85,7037
2025-01-02,2025-03-27,24554.3,24554.3,2627
2025-01-02,2025-01-30,24282.65,24282.65,339021
2020-07-02,2020-07-30,10539.7,10539.7,198814
2020-07-02,2020-08-27,10532.35,10532.35,5427
2020-07-02,2020-09-24,10542.25,10542.25,1686
2021-07-02,2021-07-29,15741.55,15741.55,106985
2021-07-02,2021-08-26,15786.05,15786.05,3361
2021-07-02,2021-09-30,15836.35,15836.35,862
2024-07-02,2024-07-25,24203.15,24203.15,211888
2024-07-02,2024-08-29,24319.05,24319.05,18754
2024-07-02,2024-09-26,24433.25,24433.25,4569
2020-06-02,2020-06-25,9962.95,9962.95,218792
2020-06-02,2020-07-30,9957.5,9957.5,6860
2020-06-02,2020-08-27,9977.6,9977.6,1928
2021-06-02,2021-06-24,15616.75,15616.75,89584
2021-06-02,2021-07-29,15669.2,15669.2,5091
2021-06-02,2021-08-26,15719.4,15719.4,854
2022-06-02,2022-06-30,16621.2,16621.2,243104
2022-06-02,2022-07-28,16636.15,16636.15,13635
2022-06-02,2022-08-25,16670.25,16670.25,2611
2023-06-02,2023-06-29,18635.95,18635.95,120158
2023-06-02,2023-07-27,18718.75,18718.75,6026
2023-06-02,2023-08-31,18800.05,18800.05,1976
2021-03-02,2021-03-25,14958.15,14958.15,183572
2021-03-02,2021-04-29,15027.95,15027.95,5409
2021-03-02,2021-05-27,15073.8,15073.8,782
2022-03-02,2022-03-31,16613.45,16613.45,275779
2022-03-02,2022-04-28,16665.55,16665.55,18599
2022-03-02,2022-05-26,16703.8,16703.8,7779
2023-03-02,2023-03-29,17399.4,17399.4,185930
2023-03-02,2023-04-27,17500.35,17500.35,7465
2023-03-02,2023-05-25,17563.45,17563.45,3505
2022-05-02,2022-05-26,17084.25,17084.25,200148
2022-05-02,2022-06-30,17098.35,17098.35,11424
2022-05-02,2022-07-28,17124.45,17124.45,2481
2023-05-02,2023-05-25,18213.15,18213.15,114511
2023-05-02,2023-06-29,18271.35,18271.35,7829
2023-05-02,2023-07-27,18339.45,18339.45,3061
2024-05-02,2024-05-30,22773.95,22773.95,192043
2024-05-02,2024-06-27,22873.4,22873.4,12238
2024-05-02,2024-07-25,23002.6,23002.6,4001
2020-11-02,2020-11-26,11681.55,11681.55,165616
2020-11-02,2020-12-31,11696.95,11696.95,5157
2020-11-02,2021-01-28,11696.15,11696.15,507
2021-11-02,2021-11-25,17916.25,17916.25,154828
2021-11-02,2021-12-30,17979.85,17979.85,4730
2021-11-02,2022-01-27,18032.65,18032.65,763
2022-11-02,2022-11-24,18146.75,18146.75,115697
2022-11-02,2022-12-29,18210.85,18210.85,8377
2022-11-02,2023-01-25,18268.3,18268.3,1916
2023-11-02,2023-11-30,19238.85,19238.85,151510
2023-11-02,2023-12-28,19342.2,19342.2,7222
2023-11-02,2024-01-25,19443.55,19443.55,1593
2020-09-02,2020-09-24,11561.5,11561.5,136240
2020-09-02,2020-10-29,11578.0,11578.0,2680
2020-09-02,2020-11-26,11587.1,11587.1,416
2021-09-02,2021-09-30,17247.25,17247.25,113523
2021-09-02,2021-10-28,17271.4,17271.4,5378
2021-09-02,2021-11-25,17298.3,17298.3,1310
2022-09-02,2022-09-29,17562.75,17562.75,219241
2022-09-02,2022-10-27,17618.1,17618.1,11259
2022-09-02,2022-11-24,17683.15,17683.15,6533
2024-09-02,2024-09-26,25340.45,25340.45,204112
2024-09-02,2024-11-28,25586.4,25586.4,3986
2024-09-02,2024-10-31,25467.8,25467.8,11469
2023-04-03,2023-04-27,17474.0,17474.0,124446
2023-04-03,2023-05-25,17539.35,17539.35,19226
2023-04-03,2023-06-29,17582.1,17582.1,3432
2024-04-03,2024-04-25,22542.6,22542.6,125588
2024-04-03,2024-05-30,22685.7,22685.7,6928
2024-04-03,2024-06-27,22821.5,22821.5,2345
2025-04-03,2025-04-24,23325.95,23325.95,68519
2025-04-03,2025-06-26,23560.5,23560.5,1188
2025-04-03,2025-05-29,23450.2,23450.2,3463
2020-08-03,2020-08-27,10913.4,10913.4,183761
2020-08-03,2020-09-24,10918.1,10918.1,5108
2020-08-03,2020-10-29,10925.65,10925.65,491
2021-08-03,2021-08-26,16146.5,16146.5,175825
2021-08-03,2021-09-30,16180.55,16180.55,8154
2021-08-03,2021-10-28,16206.1,16206.1,2180
2022-08-03,2022-08-25,17407.15,17407.15,195658
2022-08-03,2022-09-29,17470.7,17470.7,11924
2022-08-03,2022-10-27,17507.35,17507.35,4163
2023-08-03,2023-08-31,19468.15,19468.15,182824
2023-08-03,2023-09-28,19580.05,19580.05,14104
2023-08-03,2023-10-26,19682.8,19682.8,3241
2020-12-03,2020-12-31,13191.85,13191.85,101240
2020-12-03,2021-01-28,13218.5,13218.5,3240
2020-12-03,2021-02-25,13225.65,13225.65,443
2021-12-03,2021-12-30,17239.0,17239.0,224095
2021-12-03,2022-01-27,17297.15,17297.15,10428
2021-12-03,2022-02-24,17332.5,17332.5,1533
2024-12-03,2024-12-26,24547.0,24547.0,204483
2024-12-03,2025-01-30,24707.1,24707.1,16363
2024-12-03,2025-02-27,24852.25,24852.25,1551
2021-02-03,2021-02-25,14820.55,14820.55,158893
2021-02-03,2021-03-25,14862.5,14862.5,6935
2021-02-03,2021-04-29,14888.9,14888.9,1432
2022-02-03,2022-02-24,17547.1,17547.1,215721
2022-02-03,2022-03-31,17608.35,17608.35,9568
2022-02-03,2022-04-28,17667.6,17667.6,1853
2023-02-03,2023-02-23,17902.15,17902.15,208910
2023-02-03,2023-03-29,17996.9,17996.9,12312
2023-02-03,2023-04-27,18064.2,18064.2,3949
2025-02-03,2025-04-24,23721.1,23721.1,1247
2025-02-03,2025-02-27,23442.75,23442.75,83636
2025-02-03,2025-03-27,23581.25,23581.25,4563
2022-01-03,2022-01-27,17677.95,17677.95,159580
2022-01-03,2022-02-24,17723.15,17723.15,5876
2022-01-03,2022-03-31,17766.05,17766.05,2245
2023-01-03,2023-01-25,18317.3,18317.3,135924
2023-01-03,2023-02-23,18391.8,18391.8,7009
2023-01-03,2023-03-29,18463.65,18463.65,1545
2024-01-03,2024-01-25,21600.0,21600.0,135616
2024-01-03,2024-02-29,21738.1,21738.1,10317
2024-01-03,2024-03-28,21872.6,21872.6,2738
2025-01-03,2025-03-27,24384.6,24384.6,1750
2025-01-03,2025-01-30,24092.4,24092.4,262004
2025-01-03,2025-02-27,24234.15,24234.15,6029
2020-07-03,2020-07-30,10572.45,10572.45,154072
2020-07-03,2020-08-27,10566.7,10566.7,4443
2020-07-03,2020-09-24,10575.9,10575.9,648
2023-07-03,2023-07-27,19404.95,19404.95,120112
2023-07-03,2023-08-31,19495.65,19495.65,7994
2023-07-03,2023-09-28,19591.2,19591.2,3540
2024-07-03,2024-07-25,24350.4,24350.4,210056
2024-07-03,2024-08-29,24462.5,24462.5,17961
2024-07-03,2024-09-26,24579.3,24579.3,5281
2020-06-03,2020-06-25,10071.8,10071.8,225795
2020-06-03,2020-07-30,10062.95,10062.95,9659
2020-06-03,2020-08-27,10082.5,10082.5,3309
2021-06-03,2021-06-24,15712.4,15712.4,79978
2021-06-03,2021-07-29,15760.55,15760.55,6208
2021-06-03,2021-08-26,15805.6,15805.6,1235
2022-06-03,2022-06-30,16604.65,16604.65,201094
2022-06-03,2022-07-28,16621.75,16621.75,12425
2022-06-03,2022-08-25,16656.95,16656.95,3494
2024-06-03,2024-06-27,23407.9,23407.9,561462
2024-06-03,2024-07-25,23542.05,23542.05,35796
2024-06-03,2024-08-29,23684.3,23684.3,7391
2021-03-03,2021-03-25,15298.85,15298.85,148386
2021-03-03,2021-04-29,15365.3,15365.3,5787
2021-03-03,2021-05-27,15409.35,15409.35,1198
2022-03-03,2022-03-31,16505.6,16505.6,236528
2022-03-03,2022-04-28,16556.15,16556.15,12314
2022-03-03,2022-05-26,16599.1,16599.1,2598
2023-03-03,2023-03-29,17671.55,17671.55,220362
2023-03-03,2023-04-27,17770.3,17770.3,13712
2023-03-03,2023-05-25,17827.25,17827.25,5297
2025-03-03,2025-04-24,22406.8,22406.8,8768
2025-03-03,2025-05-29,22534.6,22534.6,3172
2025-03-03,2025-03-27,22259.8,22259.8,89291
2021-05-03,2021-05-27,14685.8,14685.8,147560
2021-05-03,2021-06-24,14722.9,14722.9,4800
2021-05-03,2021-07-29,14771.15,14771.15,709
2023-05-03,2023-05-25,18149.95,18149.95,135798
2023-05-03,2023-06-29,18213.65,18213.65,5813
2023-05-03,2023-07-27,18285.7,18285.7,1356
2024-05-03,2024-05-30,22575.2,22575.2,438242
2024-05-03,2024-06-27,22688.3,22688.3,36423
2024-05-03,2024-07-25,22811.75,22811.75,8422
2020-11-03,2020-11-26,11824.95,11824.95,148092
2020-11-03,2020-12-31,11844.6,11844.6,4708
2020-11-03,2021-01-28,11856.1,11856.1,715
2021-11-03,2021-11-25,17847.15,17847.15,173443
2021-11-03,2021-12-30,17909.65,17909.65,6305
2021-11-03,2022-01-27,17967.3,17967.3,1050
2022-11-03,2022-11-24,18118.8,18118.8,156172
2022-11-03,2022-12-29,18186.2,18186.2,9519
2022-11-03,2023-01-25,18242.05,18242.05,2520
2023-11-03,2023-11-30,19303.6,19303.6,99737
2023-11-03,2023-12-28,19406.9,19406.9,4945
2023-11-03,2024-01-25,19507.9,19507.9,1120
2022-10-03,2022-10-27,16895.65,16895.65,249841
2022-10-03,2022-11-24,16938.0,16938.0,14207
2022-10-03,2022-12-29,17002.4,17002.4,3713
2023-10-03,2023-10-26,19571.5,19571.5,108306
2023-10-03,2023-11-30,19695.05,19695.05,5699
2023-10-03,2023-12-28,19806.3,19806.3,2727
2024-10-03,2024-11-28,25623.5,25623.5,38782
2024-10-03,2024-12-26,25773.95,25773.95,14982
2024-10-03,2024-10-31,25475.7,25475.7,469926
2020-09-03,2020-09-24,11542.8,11542.8,123897
2020-09-03,2020-10-29,11558.25,11558.25,2257
2020-09-03,2020-11-26,11572.4,11572.4,257
2021-09-03,2021-09-30,17329.35,17329.35,135429
2021-09-03,2021-10-28,17353.8,17353.8,8859
2021-09-03,2021-11-25,17381.9,17381.9,1696
2024-09-03,2024-09-26,25354.55,25354.55,129562
2024-09-03,2024-11-28,25596.3,25596.3,2861
2024-09-03,2024-10-31,25481.95,25481.95,6954
2022-04-04,2022-04-28,18098.2,18098.2,246584
2022-04-04,2022-05-26,18131.65,18131.65,25705
2022-04-04,2022-06-30,18167.2,18167.2,5227
2024-04-04,2024-04-25,22612.25,22612.25,218360
2024-04-04,2024-05-30,22755.3,22755.3,14256
2024-04-04,2024-06-27,22890.6,22890.6,4328
2025-04-04,2025-05-29,23079.8,23079.8,8174
2025-04-04,2025-04-24,22958.15,22958.15,108118
2025-04-04,2025-06-26,23180.95,23180.95,3616
2020-08-04,2020-08-27,11102.05,11102.05,191627
2020-08-04,2020-09-24,11107.1,11107.1,5792
2020-08-04,2020-10-29,11119.0,11119.0,1054
2021-08-04,2021-08-26,16260.8,16260.8,146194
2021-08-04,2021-09-30,16297.1,16297.1,9493
2021-08-04,2021-10-28,16318.2,16318.2,1795
2022-08-04,2022-08-25,17387.85,17387.85,303013
2022-08-04,2022-09-29,17455.1,17455.1,20502
2022-08-04,2022-10-27,17493.75,17493.75,5990
2023-08-04,2023-08-31,19576.25,19576.25,137213
2023-08-04,2023-09-28,19688.5,19688.5,7190
2023-08-04,2023-10-26,19785.1,19785.1,1926
2020-12-04,2020-12-31,13311.6,13311.6,120149
2020-12-04,2021-01-28,13345.65,13345.65,5487
2020-12-04,2021-02-25,13351.95,13351.95,962
2023-12-04,2023-12-28,20798.9,20798.9,146319
2023-12-04,2024-01-25,20915.45,20915.45,14722
2023-12-04,2024-02-29,21018.45,21018.45,4180
2024-12-04,2025-02-27,24862.75,24862.75,1605
2024-12-04,2025-01-30,24721.8,24721.8,20560
2024-12-04,2024-12-26,24561.7,24561.7,237415
2021-02-04,2021-02-25,14895.35,14895.35,154221
2021-02-04,2021-03-25,14936.05,14936.05,4580
2021-02-04,2021-04-29,14965.45,14965.45,778
2022-02-04,2022-02-24,17529.65,17529.65,192888
2022-02-04,2022-03-31,17594.7,17594.7,9454
2022-02-04,2022-04-28,17647.1,17647.1,2026
2025-02-04,2025-04-24,24064.4,24064.4,2218
2025-02-04,2025-02-27,23785.4,23785.4,137005
2025-02-04,2025-03-27,23923.45,23923.45,7802
2021-01-04,2021-01-28,14165.3,14165.3,134661
2021-01-04,2021-02-25,14197.95,14197.95,4061
2021-01-04,2021-03-25,14217.15,14217.15,826
2022-01-04,2022-01-27,17846.75,17846.75,150851
2022-01-04,2022-02-24,17889.95,17889.95,7565
2022-01-04,2022-03-31,17934.7,17934.7,2551
2023-01-04,2023-01-25,18103.05,18103.05,211764
2023-01-04,2023-02-23,18169.4,18169.4,14570
2023-01-04,2023-03-29,18252.2,18252.2,2744
2024-01-04,2024-01-25,21785.95,21785.95,121774
2024-01-04,2024-02-29,21914.2,21914.2,7799
2024-01-04,2024-03-28,22042.75,22042.75,2909
2022-07-04,2022-07-28,15836.95,15836.95,207597
2022-07-04,2022-08-25,15862.3,15862.3,11290
2022-07-04,2022-09-29,15908.25,15908.25,3177
2023-07-04,2023-07-27,19458.4,19458.4,110434
2023-07-04,2023-08-31,19548.75,19548.75,7403
2023-07-04,2023-09-28,19644.6,19644.6,2604
2024-07-04,2024-07-25,24359.45,24359.45,196993
2024-07-04,2024-08-29,24471.0,24471.0,14740
2024-07-04,2024-09-26,24589.25,24589.25,5561
2020-06-04,2020-06-25,10017.65,10017.65,233510
2020-06-04,2020-07-30,10013.4,10013.4,6667
2020-06-04,2020-08-27,10034.75,10034.75,896
2021-06-04,2021-06-24,15700.85,15700.85,78886
2021-06-04,2021-07-29,15754.65,15754.65,7472
2021-06-04,2021-08-26,15803.8,15803.8,1156
2024-06-04,2024-06-27,21908.15,21908.15,1615661
2024-06-04,2024-07-25,22063.0,22063.0,111357
2024-06-04,2024-08-29,22196.5,22196.5,19775
2021-03-04,2021-03-25,15106.25,15106.25,206276
2021-03-04,2021-04-29,15179.5,15179.5,7722
2021-03-04,2021-05-27,15228.35,15228.35,2178
2022-03-04,2022-03-31,16258.95,16258.95,340126
2022-03-04,2022-04-28,16307.55,16307.55,27251
2022-03-04,2022-05-26,16347.05,16347.05,17772
2024-03-04,2024-03-28,22497.95,22497.95,75588
2024-03-04,2024-04-25,22639.85,22639.85,7453
2024-03-04,2024-05-30,22759.75,22759.75,2985
2025-03-04,2025-03-27,22191.05,22191.05,63149
2025-03-04,2025-04-24,22334.85,22334.85,6137
2025-03-04,2025-05-29,22450.1,22450.1,2465
2020-05-04,2020-05-28,9285.9,9285.9,242475
2020-05-04,2020-06-25,9310.45,9310.45,9789
2020-05-04,2020-07-30,9305.55,9305.55,624
2021-05-04,2021-05-27,14549.3,14549.3,152390
2021-05-04,2021-06-24,14589.15,14589.15,5240
2021-05-04,2021-07-29,14636.6,14636.6,776
2022-05-04,2022-05-26,16702.5,16702.5,336027
2022-05-04,2022-06-30,16712.95,16712.95,20522
2022-05-04,2022-07-28,16742.45,16742.45,5146
2023-05-04,2023-05-25,18294.65,18294.65,118446
2023-05-04,2023-06-29,18358.95,18358.95,7764
2023-05-04,2023-07-27,18426.5,18426.5,2997
2020-11-04,2020-11-26,11922.85,11922.85,213369
2020-11-04,2020-12-31,11938.0,11938.0,7093
2020-11-04,2021-01-28,11956.45,11956.45,897
2021-11-04,2021-11-25,17916.7,17916.7,29313
2021-11-04,2021-12-30,17979.0,17979.0,1374
2021-11-04,2022-01-27,18026.5,18026.5,260
2022-11-04,2022-11-24,18194.0,18194.0,120212
2022-11-04,2022-12-29,18270.05,18270.05,9380
2022-11-04,2023-01-25,18318.35,18318.35,1939
2024-11-04,2024-11-28,24114.65,24114.65,317919
2024-11-04,2025-01-30,24399.85,24399.85,9213
2024-11-04,2024-12-26,24263.4,24263.4,25433
2021-10-04,2021-10-28,17706.25,17706.25,137931
2021-10-04,2021-11-25,17742.9,17742.9,5176
2021-10-04,2021-12-30,17776.85,17776.85,1703
2022-10-04,2022-10-27,17293.0,17293.0,232589
2022-10-04,2022-11-24,17335.8,17335.8,10034
2022-10-04,2022-12-29,17393.45,17393.45,3936
2023-10-04,2023-10-26,19469.25,19469.25,125122
2023-10-04,2023-11-30,19590.05,19590.05,6347
2023-10-04,2023-12-28,19703.55,19703.55,3336
2024-10-04,2024-11-28,25327.2,25327.2,35986
2024-10-04,2024-10-31,25173.85,25173.85,467477
2024-10-04,2024-12-26,25478.6,25478.6,14902
2020-09-04,2020-09-24,11351.75,11351.75,193442
2020-09-04,2020-10-29,11370.0,11370.0,5515
2020-09-04,2020-11-26,11379.85,11379.85,911
2023-09-04,2023-09-28,19608.8,19608.8,80046
2023-09-04,2023-10-26,19703.45,19703.45,4148
2023-09-04,2023-11-30,19807.65,19807.65,1747
2024-09-04,2024-11-28,25494.6,25494.6,4874
2024-09-04,2024-10-31,25378.15,25378.15,15818
2024-09-04,2024-09-26,25247.8,25247.8,221796
2021-04-05,2021-04-29,14698.45,14698.45,209072
2021-04-05,2021-05-27,14747.45,14747.45,10347
2021-04-05,2021-06-24,14767.15,14767.15,1879
2022-04-05,2022-04-28,18017.5,18017.5,193063
2022-04-05,2022-05-26,18052.55,18052.55,14116
2022-04-05,2022-06-30,18091.0,18091.0,3237
2023-04-05,2023-04-27,17622.0,17622.0,157214
2023-04-05,2023-05-25,17683.3,17683.3,11001
2023-04-05,2023-06-29,17724.35,17724.35,4130
2024-04-05,2024-04-25,22595.5,22595.5,86817
2024-04-05,2024-05-30,22728.2,22728.2,6213
2024-04-05,2024-06-27,22860.65,22860.65,1812
2020-08-05,2020-08-27,11118.0,11118.0,189461
2020-08-05,2020-09-24,11124.0,11124.0,3845
2020-08-05,2020-10-29,11134.2,11134.2,783
2021-08-05,2021-08-26,16300.65,16300.65,129519
2021-08-05,2021-09-30,16338.8,16338.8,8015
2021-08-05,2021-10-28,16367.0,16367.0,1408
2022-08-05,2022-08-25,17416.15,17416.15,185221
2022-08-05,2022-09-29,17485.45,17485.45,16393
2022-08-05,2022-10-27,17525.85,17525.85,5436
2024-08-05,2024-08-29,24102.95,24102.95,713540
2024-08-05,2024-09-26,24231.15,24231.15,57206
2024-08-05,2024-10-31,24352.2,24352.2,15622
2022-12-05,2022-12-29,18817.75,18817.75,139884
2022-12-05,2023-01-25,18918.85,18918.85,7182
2022-12-05,2023-02-23,19007.8,19007.8,2117
2023-12-05,2023-12-28,20942.6,20942.6,131822
2023-12-05,2024-01-25,21060.65,21060.65,9442
2023-12-05,2024-02-29,21163.45,21163.45,4065
2024-12-05,2025-02-27,25061.45,25061.45,3604
2024-12-05,2025-01-30,24929.75,24929.75,39951
2024-12-05,2024-12-26,24764.35,24764.35,498720
2021-02-05,2021-02-25,14930.65,14930.65,155740
2021-02-05,2021-03-25,14968.4,14968.4,5588
2021-02-05,2021-04-29,15003.75,15003.75,915
2024-02-05,2024-02-29,21803.45,21803.45,158291
2024-02-05,2024-03-28,21947.65,21947.65,11764
2024-02-05,2024-04-25,22089.4,22089.4,3356
2025-02-05,2025-02-27,23772.6,23772.6,51116
2025-02-05,2025-04-24,24062.05,24062.05,1057
2025-02-05,2025-03-27,23915.8,23915.8,3179
2021-01-05,2021-01-28,14217.95,14217.95,130458
2021-01-05,2021-02-25,14251.9,14251.9,4179
2021-01-05,2021-03-25,14268.4,14268.4,816
2022-01-05,2022-01-27,17960.95,17960.95,158412
2022-01-05,2022-02-24,18009.25,18009.25,8551
2022-01-05,2022-03-31,18064.7,18064.7,4008
2023-01-05,2023-01-25,18066.0,18066.0,215143
2023-01-05,2023-02-23,18130.7,18130.7,13240
2023-01-05,2023-03-29,18207.4,18207.4,3718
2024-01-05,2024-01-25,21793.85,21793.85,135030
2024-01-05,2024-02-29,21928.2,21928.2,8509
2024-01-05,2024-03-28,22060.4,22060.4,2190
2021-07-05,2021-07-29,15858.1,15858.1,104173
2021-07-05,2021-08-26,15901.45,15901.45,4409
2021-07-05,2021-09-30,15948.45,15948.45,780
2022-07-05,2022-07-28,15776.05,15776.05,266321
2022-07-05,2022-08-25,15803.85,15803.85,14766
2022-07-05,2022-09-29,15845.95,15845.95,5548
2023-07-05,2023-07-27,19466.85,19466.85,78180
2023-07-05,2023-08-31,19562.05,19562.05,5723
2023-07-05,2023-09-28,19659.45,19659.45,1537
2024-07-05,2024-07-25,24379.4,24379.4,230381
2024-07-05,2024-08-29,24497.25,24497.25,19025
2024-07-05,2024-09-26,24624.45,24624.45,3964
2020-06-05,2020-06-25,10145.5,10145.5,206467
2020-06-05,2020-07-30,10142.25,10142.25,7161
2020-06-05,2020-08-27,10165.35,10165.35,1105
2023-06-05,2023-06-29,18696.65,18696.65,72121
2023-06-05,2023-07-27,18774.7,18774.7,4593
2023-06-05,2023-08-31,18861.45,18861.45,1466
2024-06-05,2024-06-27,22642.9,22642.9,785272
2024-06-05,2024-07-25,22783.3,22783.3,48652
2024-06-05,2024-08-29,22915.75,22915.75,12537
2021-03-05,2021-03-25,14953.05,14953.05,200859
2021-03-05,2021-04-29,15033.05,15033.05,6412
2021-03-05,2021-05-27,15074.2,15074.2,1097
2024-03-05,2024-03-28,22433.25,22433.25,124564
2024-03-05,2024-04-25,22580.95,22580.95,19464
2024-03-05,2024-05-30,22697.25,22697.25,13887
2025-03-05,2025-05-29,22705.45,22705.45,7243
2025-03-05,2025-04-24,22590.2,22590.2,9349
2025-03-05,2025-03-27,22441.35,22441.35,82566
2020-05-05,2020-05-28,9208.6,9208.6,245493
2020-05-05,2020-06-25,9219.9,9219.9,7795
2020-05-05,2020-07-30,9228.3,9228.3,584
2021-05-05,2021-05-27,14679.1,14679.1,138177
2021-05-05,2021-06-24,14718.1,14718.1,4946
2021-05-05,2021-07-29,14747.15,14747.15,552
2022-05-05,2022-05-26,16694.3,16694.3,278261
2022-05-05,2022-06-30,16699.2,16699.2,15477
2022-05-05,2022-07-28,16727.25,16727.25,4379
2023-05-05,2023-05-25,18129.7,18129.7,168172
2023-05-05,2023-06-29,18200.85,18200.85,11071
2023-05-05,2023-07-27,18269.35,18269.35,3159
2020-11-05,2020-11-26,12143.3,12143.3,164807
2020-11-05,2020-12-31,12159.15,12159.15,8932
2020-11-05,2021-01-28,12169.8,12169.8,1073
2024-11-05,2024-11-28,24295.45,24295.45,250616
2024-11-05,2025-01-30,24582.05,24582.05,7247
2024-11-05,2024-12-26,24439.85,24439.85,18369
2020-10-05,2020-10-29,11517.65,11517.65,138529
2020-10-05,2020-11-26,11540.5,11540.5,4823
2020-10-05,2020-12-31,11547.55,11547.55,1041
2021-10-05,2021-10-28,17829.75,17829.75,125832
2021-10-05,2021-11-25,17861.35,17861.35,5390
2021-10-05,2021-12-30,17896.5,17896.5,1617
2023-10-05,2023-10-26,19568.0,19568.0,134410
2023-10-05,2023-11-30,19689.15,19689.15,5470
2023-10-05,2023-12-28,19798.4,19798.4,2603
2022-09-05,2022-09-29,17710.0,17710.0,151311
2022-09-05,2022-10-27,17759.65,17759.65,8105
2022-09-05,2022-11-24,17825.95,17825.95,3143
2023-09-05,2023-09-28,19653.55,19653.55,73254
2023-09-05,2023-10-26,19748.9,19748.9,4186
2023-09-05,2023-11-30,19859.15,19859.15,1273
2024-09-05,2024-09-26,25236.75,25236.75,156886
2024-09-05,2024-10-31,25372.8,25372.8,11398
2024-09-05,2024-11-28,25494.85,25494.85,2868
2021-04-06,2021-04-29,14751.45,14751.45,150223
2021-04-06,2021-05-27,14801.75,14801.75,5700
2021-04-06,2021-06-24,14816.75,14816.75,895
2022-04-06,2022-04-28,17867.45,17867.45,204300
2022-04-06,2022-05-26,17906.05,17906.05,13277
2022-04-06,2022-06-30,17944.8,17944.8,2392
2023-04-06,2023-04-27,17644.2,17644.2,157311
2023-04-06,2023-05-25,17709.65,17709.65,10464
2023-04-06,2023-06-29,17748.3,17748.3,4012
2020-08-06,2020-08-27,11199.5,11199.5,187792
2020-08-06,2020-09-24,11211.6,11211.6,5209
2020-08-06,2020-10-29,11216.8,11216.8,829
2021-08-06,2021-08-26,16251.7,16251.7,91582
2021-08-06,2021-09-30,16294.2,16294.2,5798
2021-08-06,2021-10-28,16322.5,16322.5,797
2024-08-06,2024-09-26,24179.85,24179.85,30359
2024-08-06,2024-08-29,24056.9,24056.9,422172
2024-08-06,2024-10-31,24321.25,24321.25,8994
2021-12-06,2021-12-30,16957.15,16957.15,173528
2021-12-06,2022-01-27,17015.6,17015.6,9179
2021-12-06,2022-02-24,17053.9,17053.9,2034
2022-12-06,2022-12-29,18771.35,18771.35,134502
2022-12-06,2023-01-25,18877.85,18877.85,6823
2022-12-06,2023-02-23,18962.7,18962.7,1996
2023-12-06,2023-12-28,21039.3,21039.3,123372
2023-12-06,2024-01-25,21161.1,21161.1,8608
2023-12-06,2024-02-29,21257.9,21257.9,3577
2024-12-06,2025-02-27,25089.6,25089.6,1320
2024-12-06,2025-01-30,24951.1,24951.1,17931
2024-12-06,2024-12-26,24783.25,24783.25,175511
2023-02-06,2023-02-23,17805.95,17805.95,143908
2023-02-06,2023-03-29,17905.45,17905.45,7791
2023-02-06,2023-04-27,17975.55,17975.55,2160
2024-02-06,2024-02-29,21979.55,21979.55,129365
2024-02-06,2024-03-28,22120.05,22120.05,9112
2024-02-06,2024-04-25,22256.05,22256.05,2328
2025-02-06,2025-04-24,23976.55,23976.55,1022
2025-02-06,2025-02-27,23688.9,23688.9,55302
2025-02-06,2025-03-27,23835.3,23835.3,2823
2021-01-06,2021-01-28,14189.45,14189.45,157161
2021-01-06,2021-02-25,14223.35,14223.35,4187
2021-01-06,2021-03-25,14241.2,14241.2,794
2022-01-06,2022-01-27,17788.65,17788.65,240012
2022-01-06,2022-02-24,17839.95,17839.95,9739
2022-01-06,2022-03-31,17892.1,17892.1,2850
2023-01-06,2023-01-25,17943.2,17943.2,208849
2023-01-06,2023-02-23,18008.35,18008.35,14615
2023-01-06,2023-03-29,18079.7,18079.7,4158
2025-01-06,2025-02-27,23857.35,23857.35,9547
2025-01-06,2025-03-27,24014.6,24014.6,3759
2025-01-06,2025-01-30,23721.05,23721.05,381394
2020-07-06,2020-07-30,10754.85,10754.85,172579
2020-07-06,2020-08-27,10752.75,10752.75,6442
2020-07-06,2020-09-24,10757.1,10757.1,1206
2021-07-06,2021-07-29,15837.45,15837.45,105115
2021-07-06,2021-08-26,15875.95,15875.95,4468
2021-07-06,2021-09-30,15926.8,15926.8,909
2022-07-06,2022-07-28,15990.45,15990.45,313585
2022-07-06,2022-08-25,16012.75,16012.75,16192
2022-07-06,2022-09-29,16051.9,16051.9,5078
2023-07-06,2023-07-27,19536.1,19536.1,103977
2023-07-06,2023-08-31,19626.8,19626.8,6426
2023-07-06,2023-09-28,19722.8,19722.8,2811
2022-06-06,2022-06-30,16581.25,16581.25,180565
2022-06-06,2022-07-28,16598.7,16598.7,10055
2022-06-06,2022-08-25,16634.5,16634.5,2774
2023-06-06,2023-06-29,18672.95,18672.95,101782
2023-06-06,2023-07-27,18751.1,18751.1,5983
2023-06-06,2023-08-31,18837.3,18837.3,1302
2024-06-06,2024-06-27,22899.5,22899.5,613773
2024-06-06,2024-07-25,23033.1,23033.1,42290
2024-06-06,2024-08-29,23164.25,23164.25,11122
2023-03-06,2023-03-29,17774.95,17774.95,137918
2023-03-06,2023-04-27,17873.8,17873.8,9796
2023-03-06,2023-05-25,17930.25,17930.25,4644
2024-03-06,2024-03-28,22593.05,22593.05,187651
2024-03-06,2024-04-25,22735.55,22735.55,10396
2024-03-06,2024-05-30,22847.5,22847.5,4604
2025-03-06,2025-04-24,22763.85,22763.85,7578
2025-03-06,2025-03-27,22620.95,22620.95,117025
2025-03-06,2025-05-29,22873.7,22873.7,4118
2020-05-06,2020-05-28,9280.7,9280.7,313421
2020-05-06,2020-06-25,9295.05,9295.05,8858
2020-05-06,2020-07-30,9301.85,9301.85,874
2021-05-06,2021-05-27,14769.95,14769.95,126875
2021-05-06,2021-06-24,14807.7,14807.7,4466
2021-05-06,2021-07-29,14836.65,14836.65,827
2022-05-06,2022-05-26,16419.4,16419.4,271713
2022-05-06,2022-06-30,16432.05,16432.05,17571
2022-05-06,2022-07-28,16461.7,16461.7,5132
2024-05-06,2024-05-30,22550.15,22550.15,239700
2024-05-06,2024-06-27,22656.6,22656.6,19339
2024-05-06,2024-07-25,22795.55,22795.55,3401
2020-11-06,2020-11-26,12261.45,12261.45,155989
2020-11-06,2020-12-31,12277.2,12277.2,7478
2020-11-06,2021-01-28,12289.7,12289.7,1061
2023-11-06,2023-11-30,19486.5,19486.5,103633
2023-11-06,2023-12-28,19589.55,19589.55,6407
2023-11-06,2024-01-25,19689.55,19689.55,1716
2024-11-06,2024-12-26,24734.9,24734.9,27188
2024-11-06,2025-01-30,24882.8,24882.8,9313
2024-11-06,2024-11-28,24587.1,24587.1,306773
2020-10-06,2020-10-29,11669.65,11669.65,139166
2020-10-06,2020-11-26,11700.05,11700.05,7907
2020-10-06,2020-12-31,11705.35,11705.35,1072
2021-10-06,2021-10-28,17627.2,17627.2,205572
2021-10-06,2021-11-25,17662.95,17662.95,8170
2021-10-06,2021-12-30,17699.05,17699.05,2822
2022-10-06,2022-10-27,17325.45,17325.45,183639
2022-10-06,2022-11-24,17371.25,17371.25,9163
2022-10-06,2022-12-29,17430.2,17430.2,3265
2023-10-06,2023-10-26,19678.5,19678.5,100542
2023-10-06,2023-11-30,19792.15,19792.15,7324
2023-10-06,2023-12-28,19900.8,19900.8,1830
2021-09-06,2021-09-30,17404.65,17404.65,90848
2021-09-06,2021-10-28,17430.7,17430.7,5303
2021-09-06,2021-11-25,17462.1,17462.1,1471
2022-09-06,2022-09-29,17682.95,17682.95,183310
2022-09-06,2022-10-27,17734.35,17734.35,8643
2022-09-06,2022-11-24,17802.0,17802.0,3222
2023-09-06,2023-09-28,19658.85,19658.85,108385
2023-09-06,2023-10-26,19755.0,19755.0,5179
2023-09-06,2023-11-30,19866.85,19866.85,1219
2024-09-06,2024-09-26,24906.0,24906.0,416285
2024-09-06,2024-11-28,25163.85,25163.85,10416
2024-09-06,2024-10-31,25043.5,25043.5,34173
2021-04-07,2021-04-29,14888.0,14888.0,140421
2021-04-07,2021-05-27,14936.1,14936.1,5307
2021-04-07,2021-06-24,14950.6,14950.6,943
2022-04-07,2022-04-28,17730.35,17730.35,225563
2022-04-07,2022-05-26,17775.4,17775.4,13376
2022-04-07,2022-06-30,17813.05,17813.05,3916
2025-04-07,2025-05-29,22368.45,22368.45,22719
2025-04-07,2025-06-26,22460.45,22460.45,12199
2025-04-07,2025-04-24,22263.8,22263.8,262265
2020-08-07,2020-08-27,11226.2,11226.2,136949
2020-08-07,2020-09-24,11235.5,11235.5,4713
2020-08-07,2020-10-29,11243.55,11243.55,492
2023-08-07,2023-08-31,19661.05,19661.05,87313
2023-08-07,2023-09-28,19767.55,19767.55,6092
2023-08-07,2023-10-26,19864.3,19864.3,1341
2024-08-07,2024-09-26,24499.25,24499.25,22772
2024-08-07,2024-10-31,24620.5,24620.5,6820
2024-08-07,2024-08-29,24366.45,24366.45,331278
2020-12-07,2020-12-31,13387.6,13387.6,97268
2020-12-07,2021-01-28,13417.8,13417.8,5096
2020-12-07,2021-02-25,13429.15,13429.15,707
2021-12-07,2021-12-30,17225.4,17225.4,198994
2021-12-07,2022-01-27,17280.0,17280.0,20744
2021-12-07,2022-02-24,17314.3,17314.3,1682
2022-12-07,2022-12-29,18670.25,18670.25,132092
2022-12-07,2023-01-25,18780.9,18780.9,6390
2022-12-07,2023-02-23,18868.85,18868.85,2049
2023-12-07,2023-12-28,21030.8,21030.8,101648
2023-12-07,2024-01-25,21152.25,21152.25,4970
2023-12-07,2024-02-29,21256.1,21256.1,2390
2022-02-07,2022-02-24,17218.3,17218.3,216693
2022-02-07,2022-03-31,17279.65,17279.65,13862
2022-02-07,2022-04-28,17341.35,17341.35,3355
2023-02-07,2023-02-23,17782.65,17782.65,159230
2023-02-07,2023-03-29,17883.35,17883.35,8903
2023-02-07,2023-04-27,17950.15,17950.15,2143
2024-02-07,2024-02-29,22003.7,22003.7,132898
2024-02-07,2024-03-28,22146.0,22146.0,8086
2024-02-07,2024-04-25,22295.0,22295.0,1905
2025-02-07,2025-03-27,23765.7,23765.7,5279
2025-02-07,2025-02-27,23614.95,23614.95,94840
2025-02-07,2025-04-24,23903.65,23903.65,1476
2021-01-07,2021-01-28,14191.1,14191.1,100360
2021-01-07,2021-02-25,14227.0,14227.0,3034
2021-01-07,2021-03-25,14246.75,14246.75,506
2022-01-07,2022-01-27,17854.3,17854.3,177892
2022-01-07,2022-02-24,17901.4,17901.4,8195
2022-01-07,2022-03-31,17953.3,17953.3,2714
2025-01-07,2025-03-27,24089.4,24089.4,2054
2025-01-07,2025-01-30,23795.05,23795.05,170033
2025-01-07,2025-02-27,23934.4,23934.4,4951
2020-07-07,2020-07-30,10766.65,10766.65,191939
2020-07-07,2020-08-27,10763.65,10763.65,6699
2020-07-07,2020-09-24,10762.8,10762.8,830
2021-07-07,2021-07-29,15886.4,15886.4,95450
2021-07-07,2021-08-26,15923.15,15923.15,3261
2021-07-07,2021-09-30,15971.65,15971.65,728
2022-07-07,2022-07-28,16148.15,16148.15,217721
2022-07-07,2022-08-25,16168.4,16168.4,11921
2022-07-07,2022-09-29,16200.6,16200.6,6129
2023-07-07,2023-07-27,19398.5,19398.5,154646
2023-07-07,2023-08-31,19492.3,19492.3,10304
2023-07-07,2023-09-28,19602.9,19602.9,3956
2021-06-07,2021-06-24,15784.85,15784.85,61301
2021-06-07,2021-07-29,15835.7,15835.7,6259
2021-06-07,2021-08-26,15889.55,15889.55,1205
2022-06-07,2022-06-30,16429.25,16429.25,213923
2022-06-07,2022-07-28,16448.8,16448.8,12657
2022-06-07,2022-08-25,16486.05,16486.05,3315
2023-06-07,2023-06-29,18798.4,18798.4,98563
2023-06-07,2023-07-27,18874.0,18874.0,7341
2023-06-07,2023-08-31,18958.95,18958.95,2728
2024-06-07,2024-06-27,23325.15,23325.15,517101
2024-06-07,2024-07-25,23444.6,23444.6,45510
2024-06-07,2024-08-29,23548.3,23548.3,13737
2022-03-07,2022-03-31,15872.2,15872.2,385020
2022-03-07,2022-04-28,15911.7,15911.7,34515
2022-03-07,2022-05-26,15963.4,15963.4,32971
2024-03-07,2024-03-28,22552.35,22552.35,106179
2024-03-07,2024-04-25,22692.6,22692.6,6038
2024-03-07,2024-05-30,22809.95,22809.95,3424
2025-03-07,2025-03-27,22649.95,22649.95,75660
2025-03-07,2025-05-29,22907.9,22907.9,6237
2025-03-07,2025-04-24,22797.3,22797.3,6120
2020-05-07,2020-05-28,9204.25,9204.25,220797
2020-05-07,2020-06-25,9220.5,9220.5,5569
2020-05-07,2020-07-30,9226.45,9226.45,502
2021-05-07,2021-05-27,14869.55,14869.55,98903
2021-05-07,2021-06-24,14898.4,14898.4,4795
2021-05-07,2021-07-29,14939.6,14939.6,1137
2024-05-07,2024-05-30,22381.8,22381.8,280721
2024-05-07,2024-06-27,22494.05,22494.05,32647
2024-05-07,2024-07-25,22632.55,22632.55,6059
2022-11-07,2022-11-24,18264.15,18264.15,171140
2022-11-07,2022-12-29,18347.45,18347.45,14870
2022-11-07,2023-01-25,18401.95,18401.95,3964
2023-11-07,2023-11-30,19476.9,19476.9,85411
2023-11-07,2023-12-28,19581.5,19581.5,3611
2023-11-07,2024-01-25,19682.95,19682.95,960
2024-11-07,2025-01-30,24608.5,24608.5,7042
2024-11-07,2024-11-28,24300.5,24300.5,240452
2024-11-07,2024-12-26,24451.2,24451.2,18806
2020-10-07,2020-10-29,11750.9,11750.9,150000
2020-10-07,2020-11-26,11775.55,11775.55,4265
2020-10-07,2020-12-31,11778.85,11778.85,1257
2021-10-07,2021-10-28,17808.15,17808.15,160469
2021-10-07,2021-11-25,17841.0,17841.0,7098
2021-10-07,2021-12-30,17879.7,17879.7,2550
2022-10-07,2022-10-27,17328.85,17328.85,177797
2022-10-07,2022-11-24,17373.8,17373.8,7819
2022-10-07,2022-12-29,17432.25,17432.25,2597
2024-10-07,2024-12-26,25281.05,25281.05,10487
2024-10-07,2024-10-31,24985.55,24985.55,392262
2024-10-07,2024-11-28,25126.85,25126.85,31157
2020-09-07,2020-09-24,11365.9,11365.9,146701
2020-09-07,2020-10-29,11381.0,11381.0,4491
2020-09-07,2020-11-26,11400.4,11400.4,604
2021-09-07,2021-09-30,17375.8,17375.8,148259
2021-09-07,2021-10-28,17406.35,17406.35,5860
2021-09-07,2021-11-25,17438.65,17438.65,1738
2022-09-07,2022-09-29,17651.05,17651.05,168617
2022-09-07,2022-10-27,17700.45,17700.45,7600
2022-09-07,2022-11-24,17765.6,17765.6,3081
2023-09-07,2023-09-28,19768.7,19768.7,125719
2023-09-07,2023-10-26,19871.95,19871.95,9036
2023-09-07,2023-11-30,19979.5,19979.5,2965
2021-04-08,2021-04-29,14924.4,14924.4,129956
2021-04-08,2021-05-27,14975.8,14975.8,6907
2021-04-08,2021-06-24,15004.8,15004.8,2341
2022-04-08,2022-04-28,17878.75,17878.75,232502
2022-04-08,2022-05-26,17924.05,17924.05,17136
2022-04-08,2022-06-30,17964.75,17964.75,3720
2024-04-08,2024-04-25,22748.5,22748.5,109833
2024-04-08,2024-05-30,22879.85,22879.85,13254
2024-04-08,2024-06-27,23003.15,23003.15,2869
2025-04-08,2025-04-24,22630.35,22630.35,156069
2025-04-08,2025-06-26,22850.1,22850.1,6159
2025-04-08,2025-05-29,22744.35,22744.35,13377
2022-08-08,2022-08-25,17557.75,17557.75,155023
2022-08-08,2022-09-29,17620.4,17620.4,15142
2022-08-08,2022-10-27,17662.35,17662.35,4299
2023-08-08,2023-08-31,19611.25,19611.25,73801
2023-08-08,2023-09-28,19722.75,19722.75,3976
2023-08-08,2023-10-26,19817.45,19817.45,986
2024-08-08,2024-08-29,24136.55,24136.55,376292
2024-08-08,2024-09-26,24272.0,24272.0,27048
2024-08-08,2024-10-31,24405.8,24405.8,8068
2020-12-08,2020-12-31,13428.15,13428.15,123766
2020-12-08,2021-01-28,13463.05,13463.05,5666
2020-12-08,2021-02-25,13472.15,13472.15,1077
2021-12-08,2021-12-30,17513.65,17513.65,158549
2021-12-08,2022-01-27,17568.65,17568.65,13910
2021-12-08,2022-02-24,17600.65,17600.65,1731
2022-12-08,2022-12-29,18720.15,18720.15,118166
2022-12-08,2023-01-25,18826.55,18826.55,5253
2022-12-08,2023-02-23,18912.35,18912.35,1592
2023-12-08,2023-12-28,21075.0,21075.0,131702
2023-12-08,2024-01-25,21197.95,21197.95,8202
2023-12-08,2024-02-29,21299.95,21299.95,3384
2021-02-08,2021-02-25,15126.5,15126.5,123366
2021-02-08,2021-03-25,15162.3,15162.3,6260
2021-02-08,2021-04-29,15200.2,15200.2,1582
2022-02-08,2022-02-24,17273.0,17273.0,245738
2022-02-08,2022-03-31,17334.5,17334.5,14195
2022-02-08,2022-04-28,17388.7,17388.7,3012
2023-02-08,2023-02-23,17909.25,17909.25,162435
2023-02-08,2023-03-29,18009.9,18009.9,11641
2023-02-08,2023-04-27,18082.0,18082.0,2807
2024-02-08,2024-02-29,21814.6,21814.6,218972
2024-02-08,2024-03-28,21951.85,21951.85,14571
2024-02-08,2024-04-25,22105.05,22105.05,3825
2021-01-08,2021-01-28,14370.9,14370.9,140661
2021-01-08,2021-02-25,14401.6,14401.6,5515
2021-01-08,2021-03-25,14417.8,14417.8,1066
2024-01-08,2024-01-25,21579.55,21579.55,145034
2024-01-08,2024-02-29,21718.3,21718.3,11360
2024-01-08,2024-03-28,21852.35,21852.35,3270
2025-01-08,2025-02-27,23922.9,23922.9,8429
2025-01-08,2025-03-27,24081.7,24081.7,2516
2025-01-08,2025-01-30,23781.35,23781.35,237903
2020-07-08,2020-07-30,10696.3,10696.3,204646
2020-07-08,2020-08-27,10698.1,10698.1,9566
2020-07-08,2020-09-24,10701.8,10701.8,888
2021-07-08,2021-07-29,15735.4,15735.4,186652
2021-07-08,2021-08-26,15780.45,15780.45,6232
2021-07-08,2021-09-30,15828.85,15828.85,1582
2022-07-08,2022-07-28,16225.2,16225.2,184755
2022-07-08,2022-08-25,16244.5,16244.5,11626
2022-07-08,2022-09-29,16281.9,16281.9,7556
2024-07-08,2024-09-26,24620.85,24620.85,2551
2024-07-08,2024-07-25,24375.6,24375.6,130096
2024-07-08,2024-08-29,24493.35,24493.35,9396
2020-06-08,2020-06-25,10165.35,10165.35,195455
2020-06-08,2020-07-30,10160.45,10160.45,6524
2020-06-08,2020-08-27,10179.85,10179.85,1171
2021-06-08,2021-06-24,15768.6,15768.6,68389
2021-06-08,2021-07-29,15820.2,15820.2,5319
2021-06-08,2021-08-26,15875.35,15875.35,1007
2022-06-08,2022-06-30,16364.8,16364.8,263918
2022-06-08,2022-07-28,16385.55,16385.55,15049
2022-06-08,2022-08-25,16425.55,16425.55,5118
2023-06-08,2023-06-29,18709.95,18709.95,127088
2023-06-08,2023-07-27,18791.8,18791.8,7897
2023-06-08,2023-08-31,18881.8,18881.8,2535
2021-03-08,2021-03-25,14969.0,14969.0,181511
2021-03-08,2021-04-29,15048.05,15048.05,6332
2021-03-08,2021-05-27,15093.3,15093.3,1192
2022-03-08,2022-03-31,16010.9,16010.9,363476
2022-03-08,2022-04-28,16050.2,16050.2,26982
2022-03-08,2022-05-26,16096.25,16096.25,21203
2023-03-08,2023-03-29,17794.55,17794.55,145243
2023-03-08,2023-04-27,17894.25,17894.25,8015
2023-03-08,2023-05-25,17946.75,17946.75,3441
2020-05-08,2020-05-28,9236.65,9236.65,175761
2020-05-08,2020-06-25,9245.45,9245.45,5813
2020-05-08,2020-07-30,9255.0,9255.0,625
2023-05-08,2023-05-25,18310.4,18310.4,121084
2023-05-08,2023-06-29,18381.55,18381.55,10305
2023-05-08,2023-07-27,18441.15,18441.15,3026
2024-05-08,2024-05-30,22393.85,22393.85,299555
2024-05-08,2024-06-27,22504.7,22504.7,31478
2024-05-08,2024-07-25,22640.1,22640.1,4872
2021-11-08,2021-11-25,18122.75,18122.75,200602
2021-11-08,2021-12-30,18185.55,18185.55,8093
2021-11-08,2022-01-27,18240.95,18240.95,1526
2023-11-08,2023-11-30,19490.85,19490.85,70863
2023-11-08,2023-12-28,19596.55,19596.55,4003
2023-11-08,2024-01-25,19700.05,19700.05,837
2024-11-08,2024-12-26,24374.7,24374.7,13585
2024-11-08,2025-01-30,24532.3,24532.3,5238
2024-11-08,2024-11-28,24219.85,24219.85,197225
2020-10-08,2020-10-29,11831.8,11831.8,156852
2020-10-08,2020-11-26,11854.75,11854.75,6375
2020-10-08,2020-12-31,11859.6,11859.6,2089
2021-10-08,2021-10-28,17900.1,17900.1,127188
2021-10-08,2021-11-25,17933.7,17933.7,8313
2021-10-08,2021-12-30,17969.1,17969.1,2188
2024-10-08,2024-11-28,25273.95,25273.95,21622
2024-10-08,2024-12-26,25424.45,25424.45,8511
2024-10-08,2024-10-31,25131.65,25131.65,297545
2020-09-08,2020-09-24,11319.85,11319.85,164021
2020-09-08,2020-10-29,11333.65,11333.65,3517
2020-09-08,2020-11-26,11343.25,11343.25,477
2021-09-08,2021-09-30,17370.9,17370.9,115192
2021-09-08,2021-10-28,17396.95,17396.95,5671
2021-09-08,2021-11-25,17430.45,17430.45,1170
2022-09-08,2022-09-29,17824.35,17824.35,188175
2022-09-08,2022-10-27,17873.45,17873.45,9702
2022-09-08,2022-11-24,17936.9,17936.9,3388
2023-09-08,2023-09-28,19872.45,19872.45,101422
2023-09-08,2023-10-26,19974.85,19974.85,7322
2023-09-08,2023-11-30,20084.95,20084.95,2703
2021-04-09,2021-04-29,14889.4,14889.4,119466
2021-04-09,2021-05-27,14942.25,14942.25,4333
2021-04-09,2021-06-24,14969.1,14969.1,1250
2024-04-09,2024-04-25,22735.35,22735.35,114493
2024-04-09,2024-05-30,22870.1,22870.1,8429
2024-04-09,2024-06-27,23001.05,23001.05,2808
2025-04-09,2025-04-24,22479.65,22479.65,90619
2025-04-09,2025-06-26,22694.8,22694.8,2226
2025-04-09,2025-05-29,22587.8,22587.8,7016
2021-08-09,2021-08-26,16262.95,16262.95,113107
2021-08-09,2021-09-30,16305.95,16305.95,6565
2021-08-09,2021-10-28,16338.15,16338.15,1271
2023-08-09,2023-08-31,19689.6,19689.6,111410
2023-08-09,2023-09-28,19795.85,19795.85,6908
2023-08-09,2023-10-26,19887.9,19887.9,1827
2024-08-09,2024-09-26,24529.4,24529.4,19828
2024-08-09,2024-08-29,24401.5,24401.5,260013
2024-08-09,2024-10-31,24653.35,24653.35,5508
2020-12-09,2020-12-31,13567.7,13567.7,117185
2020-12-09,2021-01-28,13604.25,13604.25,5429
2020-12-09,2021-02-25,13614.55,13614.55,1409
2021-12-09,2021-12-30,17561.4,17561.4,171223
2021-12-09,2022-01-27,17624.15,17624.15,24042
2021-12-09,2022-02-24,17653.0,17653.0,1558
2022-12-09,2022-12-29,18583.65,18583.65,167045
2022-12-09,2023-01-25,18698.9,18698.9,10301
2022-12-09,2023-02-23,18785.15,18785.15,3244
2024-12-09,2024-12-26,24694.6,24694.6,143604
2024-12-09,2025-02-27,25011.3,25011.3,960
2024-12-09,2025-01-30,24865.15,24865.15,12538
2021-02-09,2021-02-25,15105.75,15105.75,132022
2021-02-09,2021-03-25,15145.3,15145.3,7214
2021-02-09,2021-04-29,15181.35,15181.35,1588
2022-02-09,2022-02-24,17480.15,17480.15,156620
2022-02-09,2022-03-31,17541.3,17541.3,8229
2022-02-09,2022-04-28,17595.5,17595.5,1971
2023-02-09,2023-02-23,17945.85,17945.85,129171
2023-02-09,2023-03-29,18049.15,18049.15,8480
2023-02-09,2023-04-27,18122.2,18122.2,3723
2024-02-09,2024-02-29,21842.6,21842.6,151304
2024-02-09,2024-03-28,21989.45,21989.45,9932
2024-02-09,2024-04-25,22138.35,22138.35,2229
2023-01-09,2023-01-25,18173.2,18173.2,212748
2023-01-09,2023-02-23,18240.05,18240.05,16361
2023-01-09,2023-03-29,18302.9,18302.9,4666
2024-01-09,2024-01-25,21616.85,21616.85,158139
2024-01-09,2024-02-29,21751.6,21751.6,13430
2024-01-09,2024-03-28,21884.55,21884.55,3821
2025-01-09,2025-02-27,23789.3,23789.3,6827
2025-01-09,2025-03-27,23949.05,23949.05,1690
2025-01-09,2025-01-30,23648.1,23648.1,182951
2020-07-09,2020-07-30,10823.55,10823.55,172748
2020-07-09,2020-08-27,10833.4,10833.4,9568
2020-07-09,2020-09-24,10832.2,10832.2,895
2021-07-09,2021-07-29,15722.45,15722.45,136842
2021-07-09,2021-08-26,15767.6,15767.6,4662
2021-07-09,2021-09-30,15817.1,15817.1,901
2024-07-09,2024-09-26,24724.9,24724.9,5350
2024-07-09,2024-07-25,24485.65,24485.65,146868
2024-07-09,2024-08-29,24607.2,24607.2,24131
2020-06-09,2020-06-25,10034.0,10034.0,224913
2020-06-09,2020-07-30,10023.4,10023.4,8953
2020-06-09,2020-08-27,10041.35,10041.35,1142
2021-06-09,2021-06-24,15660.25,15660.25,132318
2021-06-09,2021-07-29,15712.4,15712.4,11533
2021-06-09,2021-08-26,15775.55,15775.55,1792
2022-06-09,2022-06-30,16475.45,16475.45,243111
2022-06-09,2022-07-28,16509.95,16509.95,21857
2022-06-09,2022-08-25,16532.3,16532.3,3612
2023-06-09,2023-06-29,18631.55,18631.55,112038
2023-06-09,2023-07-27,18719.55,18719.55,5870
2023-06-09,2023-08-31,18815.95,18815.95,2125
2021-03-09,2021-03-25,15134.75,15134.75,169539
2021-03-09,2021-04-29,15202.85,15202.85,6445
2021-03-09,2021-05-27,15253.65,15253.65,1038
2022-03-09,2022-03-31,16365.7,16365.7,303934
2022-03-09,2022-04-28,16407.3,16407.3,21227
2022-03-09,2022-05-26,16447.1,16447.1,11263
2023-03-09,2023-03-29,17645.1,17645.1,149952
2023-03-09,2023-04-27,17749.75,17749.75,10811
2023-03-09,2023-05-25,17811.0,17811.0,4659
2022-05-09,2022-05-26,16298.85,16298.85,263031
2022-05-09,2022-06-30,16305.1,16305.1,19318
2022-05-09,2022-07-28,16337.4,16337.4,5006
2023-05-09,2023-05-25,18306.4,18306.4,96751
2023-05-09,2023-06-29,18369.8,18369.8,6943
2023-05-09,2023-07-27,18435.75,18435.75,2402
2024-05-09,2024-05-30,22075.8,22075.8,465931
2024-05-09,2024-06-27,22189.4,22189.4,59757
2024-05-09,2024-07-25,22331.05,22331.05,8595
2020-11-09,2020-11-26,12467.25,12467.25,138770
2020-11-09,2020-12-31,12479.6,12479.6,8814
2020-11-09,2021-01-28,12492.7,12492.7,1189
2021-11-09,2021-11-25,18070.4,18070.4,133521
2021-11-09,2021-12-30,18129.15,18129.15,8616
2021-11-09,2022-01-27,18189.5,18189.5,963
2022-11-09,2022-11-24,18216.8,18216.8,154320
2022-11-09,2022-12-29,18299.95,18299.95,11121
2022-11-09,2023-01-25,18356.45,18356.45,3317
2023-11-09,2023-11-30,19484.6,19484.6,84124
2023-11-09,2023-12-28,19588.65,19588.65,3990
2023-11-09,2024-01-25,19694.3,19694.3,628
2020-10-09,2020-10-29,11929.8,11929.8,143666
2020-10-09,2020-11-26,11954.15,11954.15,5595
2020-10-09,2020-12-31,11961.4,11961.4,978
2023-10-09,2023-10-26,19539.15,19539.15,105864
2023-10-09,2023-11-30,19655.65,19655.65,6943
2023-10-09,2023-12-28,19768.2,19768.2,3037
2024-10-09,2024-12-26,25387.5,25387.5,6912
2024-10-09,2024-11-28,25230.4,25230.4,21871
2024-10-09,2024-10-31,25083.9,25083.9,306750
2020-09-09,2020-09-24,11306.9,11306.9,174235
2020-09-09,2020-10-29,11321.2,11321.2,5135
2020-09-09,2020-11-26,11332.25,11332.25,744
2021-09-09,2021-09-30,17364.3,17364.3,94369
2021-09-09,2021-10-28,17391.9,17391.9,4188
2021-09-09,2021-11-25,17421.25,17421.25,764
2022-09-09,2022-09-29,17866.45,17866.45,148189
2022-09-09,2022-10-27,17917.45,17917.45,10173
2022-09-09,2022-11-24,17977.1,17977.1,4547
2024-09-09,2024-09-26,24985.0,24985.0,213948
2024-09-09,2024-11-28,25237.3,25237.3,4892
2024-09-09,2024-10-31,25113.5,25113.5,16188
2023-04-10,2023-04-27,17681.5,17681.5,106607
2023-04-10,2023-05-25,17742.95,17742.95,8542
2023-04-10,2023-06-29,17781.0,17781.0,3182
2024-04-10,2024-04-25,22812.4,22812.4,79696
2024-04-10,2024-05-30,22944.0,22944.0,6984
2024-04-10,2024-06-27,23067.55,23067.55,2939
2020-08-10,2020-08-27,11293.35,11293.35,125516
2020-08-10,2020-09-24,11301.45,11301.45,6244
2020-08-10,2020-10-29,11310.85,11310.85,636
2021-08-10,2021-08-26,16276.95,16276.95,127270
2021-08-10,2021-09-30,16319.95,16319.95,7498
2021-08-10,2021-10-28,16347.05,16347.05,1595
2022-08-10,2022-08-25,17558.25,17558.25,151166
2022-08-10,2022-09-29,17626.65,17626.65,13133
2022-08-10,2022-10-27,17662.15,17662.15,3578
2023-08-10,2023-08-31,19596.8,19596.8,133423
2023-08-10,2023-09-28,19712.75,19712.75,7603
2023-08-10,2023-10-26,19809.85,19809.85,1802
2020-12-10,2020-12-31,13524.35,13524.35,120495
2020-12-10,2021-01-28,13563.85,13563.85,5757
2020-12-10,2021-02-25,13573.85,13573.85,1207
2021-12-10,2021-12-30,17559.35,17559.35,150286
2021-12-10,2022-01-27,17613.15,17613.15,12124
2021-12-10,2022-02-24,17648.45,17648.45,1045
2024-12-10,2025-02-27,25005.15,25005.15,985
2024-12-10,2025-01-30,24856.65,24856.65,11815
2024-12-10,2024-12-26,24682.6,24682.6,161120
2021-02-10,2021-02-25,15119.55,15119.55,167931
2021-02-10,2021-03-25,15162.7,15162.7,6919
2021-02-10,2021-04-29,15204.3,15204.3,1345
2022-02-10,2022-02-24,17617.65,17617.65,184092
2022-02-10,2022-03-31,17673.95,17673.95,10156
2022-02-10,2022-04-28,17727.95,17727.95,2854
2023-02-10,2023-02-23,17877.1,17877.1,133266
2023-02-10,2023-03-29,17977.55,17977.55,7990
2023-02-10,2023-04-27,18060.6,18060.6,3061
2025-02-10,2025-03-27,23610.6,23610.6,4887
2025-02-10,2025-02-27,23459.15,23459.15,68065
2025-02-10,2025-04-24,23752.3,23752.3,1428
2022-01-10,2022-01-27,18048.2,18048.2,133834
2022-01-10,2022-02-24,18096.45,18096.45,7499
2022-01-10,2022-03-31,18148.75,18148.75,2690
2023-01-10,2023-01-25,17986.25,17986.25,181733
2023-01-10,2023-02-23,18052.75,18052.75,11353
2023-01-10,2023-03-29,18127.2,18127.2,4313
2024-01-10,2024-01-25,21709.1,21709.1,139789
2024-01-10,2024-02-29,21843.45,21843.45,9041
2024-01-10,2024-03-28,21966.45,21966.45,3024
2025-01-10,2025-02-27,23640.15,23640.15,12065
2025-01-10,2025-03-27,23797.55,23797.55,3461
2025-01-10,2025-01-30,23500.65,23500.65,261703
2020-07-10,2020-07-30,10766.65,10766.65,196207
2020-07-10,2020-08-27,10776.9,10776.9,6964
2020-07-10,2020-09-24,10780.7,10780.7,1191
2023-07-10,2023-07-27,19409.55,19409.55,90126
2023-07-10,2023-08-31,19505.15,19505.15,5395
2023-07-10,2023-09-28,19614.8,19614.8,2146
2024-07-10,2024-08-29,24480.5,24480.5,28727
2024-07-10,2024-07-25,24355.05,24355.05,310075
2024-07-10,2024-09-26,24608.0,24608.0,6923
2020-06-10,2020-06-25,10118.7,10118.7,212745
2020-06-10,2020-07-30,10110.15,10110.15,7620
2020-06-10,2020-08-27,10133.0,10133.0,978
2021-06-10,2021-06-24,15751.25,15751.25,91489
2021-06-10,2021-07-29,15798.1,15798.1,7297
2021-06-10,2021-08-26,15857.4,15857.4,1232
2022-06-10,2022-06-30,16219.35,16219.35,258944
2022-06-10,2022-07-28,16236.8,16236.8,26129
2022-06-10,2022-08-25,16276.05,16276.05,5243
2024-06-10,2024-06-27,23247.15,23247.15,310009
2024-06-10,2024-07-25,23382.85,23382.85,28863
2024-06-10,2024-08-29,23490.3,23490.3,7773
2021-03-10,2021-03-25,15209.3,15209.3,107690
2021-03-10,2021-04-29,15279.6,15279.6,5191
2021-03-10,2021-05-27,15327.3,15327.3,1460
2022-03-10,2022-03-31,16611.9,16611.9,319790
2022-03-10,2022-04-28,16654.5,16654.5,22381
2022-03-10,2022-05-26,16694.2,16694.2,6233
2023-03-10,2023-03-29,17452.55,17452.55,180468
2023-03-10,2023-04-27,17560.05,17560.05,13754
2023-03-10,2023-05-25,17621.2,17621.2,4946
2025-03-10,2025-05-29,22771.8,22771.8,3289
2025-03-10,2025-03-27,22515.65,22515.65,69156
2025-03-10,2025-04-24,22662.3,22662.3,6360
2021-05-10,2021-05-27,14984.65,14984.65,86568
2021-05-10,2021-06-24,15013.25,15013.25,4768
2021-05-10,2021-07-29,15044.45,15044.45,1046
2022-05-10,2022-05-26,16247.1,16247.1,267899
2022-05-10,2022-06-30,16251.6,16251.6,13119
2022-05-10,2022-07-28,16278.3,16278.3,4244
2023-05-10,2023-05-25,18345.5,18345.5,95120
2023-05-10,2023-06-29,18401.0,18401.0,13422
2023-05-10,2023-07-27,18463.0,18463.0,2464
2024-05-10,2024-05-30,22140.6,22140.6,286527
2024-05-10,2024-06-27,22252.85,22252.85,35506
2024-05-10,2024-07-25,22390.9,22390.9,4437
2020-11-10,2020-11-26,12659.1,12659.1,204233
2020-11-10,2020-12-31,12674.35,12674.35,13729
2020-11-10,2021-01-28,12689.3,12689.3,1641
2021-11-10,2021-11-25,18022.95,18022.95,130251
2021-11-10,2021-12-30,18087.3,18087.3,6757
2021-11-10,2022-01-27,18154.6,18154.6,1253
2022-11-10,2022-11-24,18092.65,18092.65,154020
2022-11-10,2022-12-29,18182.35,18182.35,12142
2022-11-10,2023-01-25,18245.1,18245.1,2590
2023-11-10,2023-11-30,19482.65,19482.65,98682
2023-11-10,2023-12-28,19582.05,19582.05,5192
2023-11-10,2024-01-25,19688.0,19688.0,1132
2022-10-10,2022-10-27,17227.45,17227.45,253682
2022-10-10,2022-11-24,17271.35,17271.35,16264
2022-10-10,2022-12-29,17328.25,17328.25,5601
2023-10-10,2023-10-26,19738.1,19738.1,99715
2023-10-10,2023-11-30,19850.1,19850.1,9508
2023-10-10,2023-12-28,19958.15,19958.15,2332
2024-10-10,2024-10-31,25117.9,25117.9,185127
2024-10-10,2024-11-28,25266.3,25266.3,15767
2024-10-10,2024-12-26,25422.05,25422.05,4862
2020-09-10,2020-09-24,11455.35,11455.35,188736
2020-09-10,2020-10-29,11464.3,11464.3,5121
2020-09-10,2020-11-26,11471.05,11471.05,620
2024-09-10,2024-09-26,25083.0,25083.0,241055
2024-09-10,2024-11-28,25336.8,25336.8,4796
2024-09-10,2024-10-31,25212.45,25212.45,17990
2022-04-11,2022-04-28,17723.95,17723.95,215862
2022-04-11,2022-05-26,17768.05,17768.05,11034
2022-04-11,2022-06-30,17809.75,17809.75,3142
2023-04-11,2023-04-27,17788.2,17788.2,126850
2023-04-11,2023-05-25,17846.25,17846.25,7215
2023-04-11,2023-06-29,17886.85,17886.85,3494
2025-04-11,2025-04-24,22917.65,22917.65,120725
2025-04-11,2025-06-26,23126.8,23126.8,3545
2025-04-11,2025-05-29,23027.1,23027.1,12172
2020-08-11,2020-08-27,11344.35,11344.35,132166
2020-08-11,2020-09-24,11352.2,11352.2,7640
2020-08-11,2020-10-29,11362.9,11362.9,670
2021-08-11,2021-08-26,16283.35,16283.35,145030
2021-08-11,2021-09-30,16326.75,16326.75,8706
2021-08-11,2021-10-28,16352.9,16352.9,1549
2022-08-11,2022-08-25,17684.95,17684.95,154587
2022-08-11,2022-09-29,17753.15,17753.15,13099
2022-08-11,2022-10-27,17789.35,17789.35,4630
2023-08-11,2023-08-31,19504.35,19504.35,99593
2023-08-11,2023-09-28,19627.65,19627.65,7091
2023-08-11,2023-10-26,19724.55,19724.55,1490
2020-12-11,2020-12-31,13518.35,13518.35,144926
2020-12-11,2021-01-28,13556.95,13556.95,5930
2020-12-11,2021-02-25,13574.15,13574.15,899
2023-12-11,2023-12-28,21084.45,21084.45,78735
2023-12-11,2024-01-25,21207.15,21207.15,5380
2023-12-11,2024-02-29,21312.65,21312.65,2849
2024-12-11,2024-12-26,24734.9,24734.9,156896
2024-12-11,2025-02-27,25050.7,25050.7,626
2024-12-11,2025-01-30,24909.75,24909.75,10644
2021-02-11,2021-02-25,15184.95,15184.95,98123
2021-02-11,2021-03-25,15225.55,15225.55,4626
2021-02-11,2021-04-29,15271.55,15271.55,688
2022-02-11,2022-02-24,17355.8,17355.8,247990
2022-02-11,2022-03-31,17414.1,17414.1,14761
2022-02-11,2022-04-28,17466.5,17466.5,2848
2025-02-11,2025-03-27,23293.8,23293.8,9000
2025-02-11,2025-04-24,23441.0,23441.0,2562
2025-02-11,2025-02-27,23153.15,23153.15,87766
2021-01-11,2021-01-28,14489.25,14489.25,142339
2021-01-11,2021-02-25,14524.85,14524.85,5167
2021-01-11,2021-03-25,14547.05,14547.05,1938
2022-01-11,2022-01-27,18083.55,18083.55,132628
2022-01-11,2022-02-24,18132.95,18132.95,6074
2022-01-11,2022-03-31,18190.45,18190.45,2292
2023-01-11,2023-01-25,17962.95,17962.95,164093
2023-01-11,2023-02-23,18031.2,18031.2,9237
2023-01-11,2023-03-29,18103.65,18103.65,3144
2024-01-11,2024-01-25,21678.45,21678.45,113071
2024-01-11,2024-02-29,21819.6,21819.6,7543
2024-01-11,2024-03-28,21944.5,21944.5,1985
2022-07-11,2022-07-28,16203.5,16203.5,207273
2022-07-11,2022-08-25,16218.7,16218.7,17866
2022-07-11,2022-09-29,16262.95,16262.95,8706
2023-07-11,2023-07-27,19500.85,19500.85,94313
2023-07-11,2023-08-31,19599.6,19599.6,6435
2023-07-11,2023-09-28,19703.0,19703.0,2203
2024-07-11,2024-07-25,24382.65,24382.65,231355
2024-07-11,2024-09-26,24633.05,24633.05,5005
2024-07-11,2024-08-29,24513.85,24513.85,18582
2020-06-11,2020-06-25,9894.55,9894.55,235678
2020-06-11,2020-07-30,9888.0,9888.0,7993
2020-06-11,2020-08-27,9910.85,9910.85,1285
2021-06-11,2021-06-24,15817.3,15817.3,83541
2021-06-11,2021-07-29,15865.2,15865.2,8875
2021-06-11,2021-08-26,15918.4,15918.4,1670
2024-06-11,2024-06-27,23309.8,23309.8,231449
2024-06-11,2024-07-25,23439.65,23439.65,28248
2024-06-11,2024-08-29,23558.05,23558.05,5911
2022-03-11,2022-03-31,16647.75,16647.75,216279
2022-03-11,2022-04-28,16694.85,16694.85,14977
2022-03-11,2022-05-26,16730.05,16730.05,6587
2024-03-11,2024-03-28,22421.35,22421.35,124034
2024-03-11,2024-04-25,22574.85,22574.85,11927
2024-03-11,2024-05-30,22701.5,22701.5,4222
2025-03-11,2025-05-29,22816.65,22816.65,3007
2025-03-11,2025-03-27,22564.3,22564.3,75200
2025-03-11,2025-04-24,22707.25,22707.25,6622
2020-05-11,2020-05-28,9225.15,9225.15,216224
2020-05-11,2020-06-25,9231.2,9231.2,7429
2020-05-11,2020-07-30,9241.35,9241.35,996
2021-05-11,2021-05-27,14878.25,14878.25,111856
2021-05-11,2021-06-24,14906.25,14906.25,5284
2021-05-11,2021-07-29,14941.9,14941.9,1049
2022-05-11,2022-05-26,16177.95,16177.95,295672
2022-05-11,2022-06-30,16188.5,16188.5,20217
2022-05-11,2022-07-28,16212.85,16212.85,5270
2023-05-11,2023-05-25,18353.4,18353.4,100768
2023-05-11,2023-06-29,18406.15,18406.15,9939
2023-05-11,2023-07-27,18469.95,18469.95,1543
2020-11-11,2020-11-26,12755.05,12755.05,213735
2020-11-11,2020-12-31,12768.45,12768.45,10302
2020-11-11,2021-01-28,12778.95,12778.95,1828
2021-11-11,2021-11-25,17896.85,17896.85,166879
2021-11-11,2021-12-30,17961.95,17961.95,12559
2021-11-11,2022-01-27,18029.8,18029.8,1894
2022-11-11,2022-11-24,18424.0,18424.0,190271
2022-11-11,2022-12-29,18514.45,18514.45,20300
2022-11-11,2023-01-25,18576.65,18576.65,5818
2024-11-11,2024-12-26,24378.6,24378.6,22831
2024-11-11,2025-01-30,24533.4,24533.4,7491
2024-11-11,2024-11-28,24226.3,24226.3,237651
2021-10-11,2021-10-28,17973.05,17973.05,116926
2021-10-11,2021-11-25,18007.0,18007.0,6864
2021-10-11,2021-12-30,18047.3,18047.3,2847
2022-10-11,2022-10-27,16978.2,16978.2,211932
2022-10-11,2022-11-24,17024.2,17024.2,12295
2022-10-11,2022-12-29,17087.75,17087.75,4830
2023-10-11,2023-10-26,19850.1,19850.1,94632
2023-10-11,2023-11-30,19965.75,19965.75,6833
2023-10-11,2023-12-28,20075.3,20075.3,2218
2024-10-11,2024-11-28,25189.3,25189.3,9794
2024-10-11,2024-10-31,25049.55,25049.55,129597
2024-10-11,2024-12-26,25338.6,25338.6,4454
2020-09-11,2020-09-24,11467.1,11467.1,133070
2020-09-11,2020-10-29,11477.95,11477.95,4380
2020-09-11,2020-11-26,11483.9,11483.9,328
2023-09-11,2023-09-28,20036.7,20036.7,90088
2023-09-11,2023-10-26,20137.5,20137.5,7944
2023-09-11,2023-11-30,20243.3,20243.3,3759
2024-09-11,2024-09-26,24938.45,24938.45,196003
2024-09-11,2024-11-28,25191.45,25191.45,5039
2024-09-11,2024-10-31,25069.55,25069.55,16479
2021-04-12,2021-04-29,14343.25,14343.25,209409
2021-04-12,2021-05-27,14398.35,14398.35,13684
2021-04-12,2021-06-24,14398.5,14398.5,4029
2022-04-12,2022-04-28,17576.8,17576.8,232847
2022-04-12,2022-05-26,17622.1,17622.1,12721
2022-04-12,2022-06-30,17663.55,17663.55,5211
2023-04-12,2023-04-27,17858.25,17858.25,115014
2023-04-12,2023-05-25,17914.35,17914.35,7218
2023-04-12,2023-06-29,17956.35,17956.35,3616
2024-04-12,2024-04-25,22601.45,22601.45,170291
2024-04-12,2024-05-30,22746.3,22746.3,17971
2024-04-12,2024-06-27,22884.0,22884.0,4329
2020-08-12,2020-08-27,11317.8,11317.8,131018
2020-08-12,2020-09-24,11328.7,11328.7,4573
2020-08-12,2020-10-29,11339.2,11339.2,448
2021-08-12,2021-08-26,16358.6,16358.6,88837
2021-08-12,2021-09-30,16398.0,16398.0,7119
2021-08-12,2021-10-28,16423.1,16423.1,1313
2022-08-12,2022-08-25,17713.05,17713.05,142609
2022-08-12,2022-09-29,17782.15,17782.15,12843
2022-08-12,2022-10-27,17819.25,17819.25,4537
2024-08-12,2024-09-26,24492.3,24492.3,24161
2024-08-12,2024-10-31,24620.25,24620.25,5966
2024-08-12,2024-08-29,24356.8,24356.8,263966
2022-12-12,2022-12-29,18605.2,18605.2,141560
2022-12-12,2023-01-25,18717.25,18717.25,8354
2022-12-12,2023-02-23,18802.25,18802.25,2959
2023-12-12,2023-12-28,21022.95,21022.95,89183
2023-12-12,2024-01-25,21149.85,21149.85,5979
2023-12-12,2024-02-29,21261.8,21261.8,2633
2024-12-12,2025-02-27,24980.7,24980.7,739
2024-12-12,2025-01-30,24829.3,24829.3,10979
2024-12-12,2024-12-26,24648.55,24648.55,141665
2021-02-12,2021-02-25,15161.45,15161.45,118930
2021-02-12,2021-03-25,15200.5,15200.5,6061
2021-02-12,2021-04-29,15244.55,15244.55,1081
2024-02-12,2024-02-29,21697.85,21697.85,134426
2024-02-12,2024-03-28,21842.0,21842.0,10891
2024-02-12,2024-04-25,21992.2,21992.2,2530
2025-02-12,2025-04-24,23411.1,23411.1,3205
2025-02-12,2025-03-27,23265.8,23265.8,11291
2025-02-12,2025-02-27,23123.85,23123.85,132065
2021-01-12,2021-01-28,14597.95,14597.95,117473
2021-01-12,2021-02-25,14629.3,14629.3,5337
2021-01-12,2021-03-25,14651.2,14651.2,1323
2022-01-12,2022-01-27,18241.2,18241.2,122159
2022-01-12,2022-02-24,18288.55,18288.55,6715
2022-01-12,2022-03-31,18339.5,18339.5,3105
2023-01-12,2023-01-25,17918.65,17918.65,175443
2023-01-12,2023-02-23,17991.25,17991.25,12571
2023-01-12,2023-03-29,18066.55,18066.55,4701
2024-01-12,2024-01-25,21947.0,21947.0,150912
2024-01-12,2024-02-29,22089.3,22089.3,19308
2024-01-12,2024-03-28,22210.5,22210.5,6512
2021-07-12,2021-07-29,15711.95,15711.95,131567
2021-07-12,2021-08-26,15752.6,15752.6,4376
2021-07-12,2021-09-30,15803.15,15803.15,1266
2022-07-12,2022-07-28,16044.25,16044.25,233130
2022-07-12,2022-08-25,16064.85,16064.85,15236
2022-07-12,2022-09-29,16111.15,16111.15,3534
2023-07-12,2023-07-27,19461.3,19461.3,86395
2023-07-12,2023-08-31,19560.2,19560.2,4404
2023-07-12,2023-09-28,19668.2,19668.2,1804
2024-07-12,2024-09-26,24767.3,24767.3,11288
2024-07-12,2024-07-25,24521.6,24521.6,260938
2024-07-12,2024-08-29,24643.0,24643.0,38566
2020-06-12,2020-06-25,9955.35,9955.35,325664
2020-06-12,2020-07-30,9946.4,9946.4,15436
2020-06-12,2020-08-27,9959.1,9959.1,2034
2023-06-12,2023-06-29,18683.0,18683.0,77232
2023-06-12,2023-07-27,18770.05,18770.05,3664
2023-06-12,2023-08-31,18863.55,18863.55,1608
2024-06-12,2024-06-27,23355.1,23355.1,236735
2024-06-12,2024-07-25,23476.95,23476.95,51808
2024-06-12,2024-08-29,23600.85,23600.85,7396
2021-03-12,2021-03-25,15051.4,15051.4,184334
2021-03-12,2021-04-29,15124.3,15124.3,11690
2021-03-12,2021-05-27,15173.75,15173.75,2914
2024-03-12,2024-03-28,22447.05,22447.05,122450
2024-03-12,2024-04-25,22601.45,22601.45,9040
2024-03-12,2024-05-30,22721.15,22721.15,3100
2025-03-12,2025-03-27,22530.35,22530.35,78142
2025-03-12,2025-04-24,22673.2,22673.2,6972
2025-03-12,2025-05-29,22780.65,22780.65,3053
2020-05-12,2020-05-28,9212.35,9212.35,257550
2020-05-12,2020-06-25,9226.05,9226.05,7950
2020-05-12,2020-07-30,9230.8,9230.8,1185
2022-05-12,2022-05-26,15810.75,15810.75,306009
2022-05-12,2022-06-30,15816.45,15816.45,26254
2022-05-12,2022-07-28,15853.05,15853.05,7899
2023-05-12,2023-05-25,18333.4,18333.4,122938
2023-05-12,2023-06-29,18394.85,18394.85,9702
2023-05-12,2023-07-27,18452.9,18452.9,2877
2020-11-12,2020-11-26,12706.0,12706.0,138754
2020-11-12,2020-12-31,12721.75,12721.75,7690
2020-11-12,2021-01-28,12732.95,12732.95,1205
2021-11-12,2021-11-25,18133.45,18133.45,159764
2021-11-12,2021-12-30,18189.7,18189.7,9193
2021-11-12,2022-01-27,18249.1,18249.1,1972
2024-11-12,2024-11-28,23959.6,23959.6,210048
2024-11-12,2024-12-26,24114.35,24114.35,23614
2024-11-12,2025-01-30,24272.75,24272.75,7991
2020-10-12,2020-10-29,11938.35,11938.35,139020
2020-10-12,2020-11-26,11962.0,11962.0,3764
2020-10-12,2020-12-31,11969.55,11969.55,1031
2021-10-12,2021-10-28,18002.55,18002.55,126413
2021-10-12,2021-11-25,18030.1,18030.1,8825
2021-10-12,2021-12-30,18071.75,18071.75,3161
2022-10-12,2022-10-27,17114.8,17114.8,227311
2022-10-12,2022-11-24,17155.5,17155.5,13064
2022-10-12,2022-12-29,17217.4,17217.4,4529
2023-10-12,2023-10-26,19843.5,19843.5,83809
2023-10-12,2023-11-30,19965.2,19965.2,5880
2023-10-12,2023-12-28,20066.5,20066.5,1519
2022-09-12,2022-09-29,17964.35,17964.35,128613
2022-09-12,2022-10-27,18016.2,18016.2,8734
2022-09-12,2022-11-24,18076.1,18076.1,3199
2023-09-12,2023-09-28,20046.3,20046.3,137726
2023-09-12,2023-10-26,20150.35,20150.35,8371
2023-09-12,2023-11-30,20257.35,20257.35,2939
2024-09-12,2024-11-28,25594.15,25594.15,14362
2024-09-12,2024-09-26,25356.3,25356.3,434264
2024-09-12,2024-10-31,25481.45,25481.45,48709
2020-04-13,2020-04-30,9011.1,9011.1,239053
2020-04-13,2020-05-28,9027.9,9027.9,7213
2020-04-13,2020-06-25,9022.25,9022.25,986
2021-04-13,2021-04-29,14541.15,14541.15,169651
2021-04-13,2021-05-27,14595.15,14595.15,8046
2021-04-13,2021-06-24,14617.6,14617.6,1496
2022-04-13,2022-04-28,17519.25,17519.25,207334
2022-04-13,2022-05-26,17569.8,17569.8,11314
2022-04-13,2022-06-30,17608.0,17608.0,3875
2023-04-13,2023-04-27,17879.65,17879.65,136172
2023-04-13,2023-05-25,17934.1,17934.1,7874
2023-04-13,2023-06-29,17980.95,17980.95,3733
2020-08-13,2020-08-27,11317.35,11317.35,116308
2020-08-13,2020-09-24,11327.95,11327.95,3571
2020-08-13,2020-10-29,11338.45,11338.45,414
2021-08-13,2021-08-26,16517.35,16517.35,127121
2021-08-13,2021-09-30,16549.2,16549.2,15937
2021-08-13,2021-10-28,16570.7,16570.7,2609
2024-08-13,2024-09-26,24292.2,24292.2,23888
2024-08-13,2024-10-31,24430.5,24430.5,6562
2024-08-13,2024-08-29,24161.0,24161.0,227964
2021-12-13,2021-12-30,17446.85,17446.85,199714
2021-12-13,2022-01-27,17502.1,17502.1,14792
2021-12-13,2022-02-24,17542.65,17542.65,2041
2022-12-13,2022-12-29,18703.85,18703.85,124896
2022-12-13,2023-01-25,18813.75,18813.75,6052
2022-12-13,2023-02-23,18894.6,18894.6,2225
2023-12-13,2023-12-28,21033.95,21033.95,129598
2023-12-13,2024-01-25,21160.25,21160.25,10404
2023-12-13,2024-02-29,21271.15,21271.15,3253
2024-12-13,2024-12-26,24830.75,24830.75,476778
2024-12-13,2025-02-27,25135.3,25135.3,4481
2024-12-13,2025-01-30,25006.7,25006.7,54965
2023-02-13,2023-04-27,17991.45,17991.45,2966
2023-02-13,2023-03-29,17902.0,17902.0,10209
2023-02-13,2023-02-23,17801.85,17801.85,128903
2024-02-13,2024-02-29,21823.75,21823.75,138222
2024-02-13,2024-03-28,21965.25,21965.25,10134
2024-02-13,2024-04-25,22114.65,22114.65,2534
2025-02-13,2025-04-24,23391.4,23391.4,1808
2025-02-13,2025-02-27,23107.75,23107.75,82593
2025-02-13,2025-03-27,23242.2,23242.2,8033
2021-01-13,2021-01-28,14606.15,14606.15,170305
2021-01-13,2021-02-25,14638.65,14638.65,5540
2021-01-13,2021-03-25,14664.85,14664.85,1866
2022-01-13,2022-01-27,18287.25,18287.25,135510
2022-01-13,2022-02-24,18329.6,18329.6,6699
2022-01-13,2022-03-31,18382.95,18382.95,2514
2023-01-13,2023-01-25,18025.25,18025.25,204096
2023-01-13,2023-02-23,18097.6,18097.6,12332
2023-01-13,2023-03-29,18166.0,18166.0,4062
2025-01-13,2025-02-27,23298.05,23298.05,14690
2025-01-13,2025-03-27,23452.8,23452.8,3581
2025-01-13,2025-01-30,23162.1,23162.1,278782
2020-07-13,2020-07-30,10807.55,10807.55,168331
2020-07-13,2020-08-27,10810.75,10810.75,8213
2020-07-13,2020-09-24,10819.0,10819.0,874
2021-07-13,2021-07-29,15833.8,15833.8,120364
2021-07-13,2021-08-26,15869.75,15869.75,5691
2021-07-13,2021-09-30,15922.7,15922.7,2537
2022-07-13,2022-07-28,15979.9,15979.9,238191
2022-07-13,2022-08-25,15991.0,15991.0,18863
2022-07-13,2022-09-29,16042.95,16042.95,3337
2023-07-13,2023-07-27,19474.8,19474.8,132220
2023-07-13,2023-08-31,19575.25,19575.25,12592
2023-07-13,2023-09-28,19686.2,19686.2,4182
2022-06-13,2022-06-30,15766.25,15766.25,273699
2022-06-13,2022-07-28,15790.95,15790.95,21003
2022-06-13,2022-08-25,15827.35,15827.35,7928
2023-06-13,2023-06-29,18776.85,18776.85,77130
2023-06-13,2023-07-27,18856.9,18856.9,5107
2023-06-13,2023-08-31,18942.0,18942.0,2035
2024-06-13,2024-06-27,23399.25,23399.25,205751
2024-06-13,2024-07-25,23521.4,23521.4,24878
2024-06-13,2024-08-29,23641.05,23641.05,5511
2023-03-13,2023-03-29,17205.8,17205.8,272887
2023-03-13,2023-04-27,17305.85,17305.85,23344
2023-03-13,2023-05-25,17376.3,17376.3,9211
2024-03-13,2024-03-28,22103.25,22103.25,229024
2024-03-13,2024-04-25,22259.75,22259.75,30224
2024-03-13,2024-05-30,22397.0,22397.0,6584
2025-03-13,2025-04-24,22591.1,22591.1,5379
2025-03-13,2025-05-29,22694.15,22694.15,1412
2025-03-13,2025-03-27,22444.25,22444.25,65790
2020-05-13,2020-05-28,9393.55,9393.55,255310
2020-05-13,2020-06-25,9402.6,9402.6,9174
2020-05-13,2020-07-30,9412.45,9412.45,1308
2022-05-13,2022-05-26,15786.6,15786.6,321315
2022-05-13,2022-06-30,15786.0,15786.0,27486
2022-05-13,2022-07-28,15824.85,15824.85,6388
2024-05-13,2024-05-30,22201.1,22201.1,341795
2024-05-13,2024-06-27,22311.9,22311.9,59523
2024-05-13,2024-07-25,22445.7,22445.7,7606
2020-11-13,2020-11-26,12753.4,12753.4,131204
2020-11-13,2020-12-31,12770.9,12770.9,5694
2020-11-13,2021-01-28,12783.9,12783.9,1191
2023-11-13,2023-11-30,19497.15,19497.15,56581
2023-11-13,2023-12-28,19603.3,19603.3,4056
2023-11-13,2024-01-25,19702.4,19702.4,879
2024-11-13,2025-01-30,23964.95,23964.95,11895
2024-11-13,2024-12-26,23805.55,23805.55,34753
2024-11-13,2024-11-28,23658.55,23658.55,266439
2020-10-13,2020-10-29,11946.1,11946.1,113103
2020-10-13,2020-11-26,11970.3,11970.3,3017
2020-10-13,2020-12-31,11979.0,11979.0,1012
2021-10-13,2021-10-28,18172.75,18172.75,134280
2021-10-13,2021-11-25,18205.2,18205.2,8422
2021-10-13,2021-12-30,18252.95,18252.95,3842
2022-10-13,2022-10-27,17010.85,17010.85,209707
2022-10-13,2022-11-24,17048.45,17048.45,15869
2022-10-13,2022-12-29,17110.6,17110.6,4624
2023-10-13,2023-10-26,19742.05,19742.05,114639
2023-10-13,2023-11-30,19866.4,19866.4,9510
2023-10-13,2023-12-28,19969.1,19969.1,2705
2021-09-13,2021-09-30,17359.3,17359.3,107161
2021-09-13,2021-10-28,17387.4,17387.4,5491
2021-09-13,2021-11-25,17418.75,17418.75,1285
2022-09-13,2022-09-29,18105.5,18105.5,133286
2022-09-13,2022-10-27,18155.3,18155.3,11020
2022-09-13,2022-11-24,18217.4,18217.4,3087
2023-09-13,2023-09-28,20125.15,20125.15,88689
2023-09-13,2023-10-26,20227.25,20227.25,6231
2023-09-13,2023-11-30,20332.15,20332.15,1910
2024-09-13,2024-09-26,25372.6,25372.6,174129
2024-09-13,2024-10-31,25495.15,25495.15,18881
2024-09-13,2024-11-28,25615.45,25615.45,7793
2020-08-14,2020-08-27,11186.7,11186.7,197302
2020-08-14,2020-09-24,11204.5,11204.5,8735
2020-08-14,2020-10-29,11212.3,11212.3,1426
2023-08-14,2023-08-31,19478.35,19478.35,115640
2023-08-14,2023-09-28,19595.95,19595.95,9191
2023-08-14,2023-10-26,19688.3,19688.3,3056
2024-08-14,2024-08-29,24174.65,24174.65,180341
2024-08-14,2024-10-31,24434.45,24434.45,3578
2024-08-14,2024-09-26,24307.65,24307.65,12316
2020-12-14,2020-12-31,13571.6,13571.6,99213
2020-12-14,2021-01-28,13609.6,13609.6,3756
2020-12-14,2021-02-25,13626.45,13626.45,630
2021-12-14,2021-12-30,17355.05,17355.05,182493
2021-12-14,2022-01-27,17413.4,17413.4,8438
2021-12-14,2022-02-24,17453.3,17453.3,2062
2022-12-14,2022-12-29,18748.9,18748.9,120161
2022-12-14,2023-01-25,18855.2,18855.2,6602
2022-12-14,2023-02-23,18943.9,18943.9,2327
2023-12-14,2023-12-28,21327.65,21327.65,163196
2023-12-14,2024-01-25,21456.55,21456.55,18544
2023-12-14,2024-02-29,21574.5,21574.5,5303
2022-02-14,2022-02-24,16837.85,16837.85,249558
2022-02-14,2022-03-31,16902.8,16902.8,24408
2022-02-14,2022-04-28,16959.1,16959.1,5263
2023-02-14,2023-02-23,17945.15,17945.15,144191
2023-02-14,2023-03-29,18042.7,18042.7,13352
2023-02-14,2023-04-27,18132.85,18132.85,3514
2024-02-14,2024-02-29,21916.85,21916.85,185897
2024-02-14,2024-03-28,22057.1,22057.1,17075
2024-02-14,2024-04-25,22201.8,22201.8,3967
2025-02-14,2025-04-24,23277.85,23277.85,3254
2025-02-14,2025-02-27,22995.65,22995.65,109312
2025-02-14,2025-03-27,23129.05,23129.05,12285
2021-01-14,2021-01-28,14628.1,14628.1,108912
2021-01-14,2021-02-25,14660.45,14660.45,4046
2021-01-14,2021-03-25,14683.1,14683.1,700
2022-01-14,2022-01-27,18295.0,18295.0,128148
2022-01-14,2022-02-24,18341.85,18341.85,7715
2022-01-14,2022-03-31,18393.75,18393.75,2208
2025-01-14,2025-02-27,23399.6,23399.6,10908
2025-01-14,2025-03-27,23562.4,23562.4,1945
2025-01-14,2025-01-30,23271.75,23271.75,194699
2020-07-14,2020-07-30,10613.85,10613.85,225225
2020-07-14,2020-08-27,10626.65,10626.65,8300
2020-07-14,2020-09-24,10632.8,10632.8,1229
2021-07-14,2021-07-29,15869.05,15869.05,94131
2021-07-14,2021-08-26,15902.35,15902.35,5477
2021-07-14,2021-09-30,15959.1,15959.1,1547
2022-07-14,2022-07-28,15932.55,15932.55,239930
2022-07-14,2022-08-25,15947.4,15947.4,17497
2022-07-14,2022-09-29,15991.0,15991.0,4484
2023-07-14,2023-07-27,19598.85,19598.85,123979
2023-07-14,2023-08-31,19695.5,19695.5,8853
2023-07-14,2023-09-28,19802.5,19802.5,3076
2021-06-14,2021-06-24,15832.65,15832.65,113403
2021-06-14,2021-07-29,15879.9,15879.9,14257
2021-06-14,2021-08-26,15934.0,15934.0,1882
2022-06-14,2022-06-30,15737.45,15737.45,241788
2022-06-14,2022-07-28,15758.25,15758.25,17798
2022-06-14,2022-08-25,15799.1,15799.1,5524
2023-06-14,2023-06-29,18818.25,18818.25,72677
2023-06-14,2023-07-27,18896.2,18896.2,6721
2023-06-14,2023-08-31,18983.5,18983.5,1914
2024-06-14,2024-06-27,23466.65,23466.65,181496
2024-06-14,2024-07-25,23588.55,23588.55,34343
2024-06-14,2024-08-29,23710.55,23710.55,7487
2022-03-14,2022-03-31,16885.4,16885.4,206757
2022-03-14,2022-04-28,16929.7,16929.7,15180
2022-03-14,2022-05-26,16961.6,16961.6,5447
2023-03-14,2023-03-29,17125.75,17125.75,266253
2023-03-14,2023-04-27,17226.15,17226.15,29859
2023-03-14,2023-05-25,17298.1,17298.1,7497
2024-03-14,2024-03-28,22264.55,22264.55,178685
2024-03-14,2024-04-25,22421.8,22421.8,16184
2024-03-14,2024-05-30,22545.25,22545.25,4148
2020-05-14,2020-05-28,9143.9,9143.9,234501
2020-05-14,2020-06-25,9151.3,9151.3,9023
2020-05-14,2020-07-30,9164.95,9164.95,889
2021-05-14,2021-05-27,14714.95,14714.95,135076
2021-05-14,2021-06-24,14740.65,14740.65,6556
2021-05-14,2021-07-29,14787.0,14787.0,1245
2024-05-14,2024-05-30,22308.7,22308.7,266745
2024-05-14,2024-06-27,22418.55,22418.55,65475
2024-05-14,2024-07-25,22549.2,22549.2,5322
2022-11-14,2022-11-24,18379.2,18379.2,107942
2022-11-14,2022-12-29,18468.55,18468.55,12477
2022-11-14,2023-01-25,18535.9,18535.9,3942
2024-11-14,2024-12-26,23745.2,23745.2,21786
2024-11-14,2025-01-30,23907.7,23907.7,8705
2024-11-14,2024-11-28,23601.7,23601.7,226912
2020-10-14,2020-10-29,11982.25,11982.25,160556
2020-10-14,2020-11-26,12005.3,12005.3,5623
2020-10-14,2020-12-31,12013.55,12013.55,1419
2021-10-14,2021-10-28,18355.0,18355.0,127112
2021-10-14,2021-11-25,18385.55,18385.55,11587
2021-10-14,2021-12-30,18441.8,18441.8,3217
2022-10-14,2022-10-27,17195.5,17195.5,257506
2022-10-14,2022-11-24,17234.85,17234.85,19965
2022-10-14,2022-12-29,17293.75,17293.75,6855
2024-10-14,2024-12-26,25507.7,25507.7,4964
2024-10-14,2024-10-31,25221.5,25221.5,150489
2024-10-14,2024-11-28,25363.45,25363.45,13310
2020-09-14,2020-09-24,11451.95,11451.95,151951
2020-09-14,2020-10-29,11465.5,11465.5,6314
2020-09-14,2020-11-26,11475.25,11475.25,785
2021-09-14,2021-09-30,17384.95,17384.95,77297
2021-09-14,2021-10-28,17415.4,17415.4,4972
2021-09-14,2021-11-25,17445.3,17445.3,989
2022-09-14,2022-09-29,18020.4,18020.4,249002
2022-09-14,2022-10-27,18073.45,18073.45,18382
2022-09-14,2022-11-24,18141.1,18141.1,5929
2023-09-14,2023-09-28,20172.0,20172.0,133266
2023-09-14,2023-10-26,20272.75,20272.75,7843
2023-09-14,2023-11-30,20383.85,20383.85,3283
2020-04-15,2020-04-30,8930.3,8930.3,311338
2020-04-15,2020-05-28,8942.25,8942.25,11557
2020-04-15,2020-06-25,8950.45,8950.45,2280
2021-04-15,2021-04-29,14592.0,14592.0,184844
2021-04-15,2021-05-27,14643.5,14643.5,8626
2021-04-15,2021-06-24,14660.75,14660.75,1703
2024-04-15,2024-04-25,22357.3,22357.3,179625
2024-04-15,2024-05-30,22510.9,22510.9,24353
2024-04-15,2024-06-27,22648.65,22648.65,5571
2025-04-15,2025-05-29,23452.9,23452.9,11701
2025-04-15,2025-06-26,23551.4,23551.4,3253
2025-04-15,2025-04-24,23340.9,23340.9,89235
2020-12-15,2020-12-31,13584.95,13584.95,112754
2020-12-15,2021-01-28,13624.15,13624.15,5210
2020-12-15,2021-02-25,13646.95,13646.95,1013
2021-12-15,2021-12-30,17260.8,17260.8,160456
2021-12-15,2022-01-27,17319.15,17319.15,9126
2021-12-15,2022-02-24,17359.75,17359.75,1651
2022-12-15,2022-12-29,18467.0,18467.0,186216
2022-12-15,2023-01-25,18581.9,18581.9,14400
2022-12-15,2023-02-23,18674.35,18674.35,3971
2023-12-15,2023-12-28,21557.1,21557.1,149664
2023-12-15,2024-01-25,21691.25,21691.25,22057
2023-12-15,2024-02-29,21798.8,21798.8,7949
2021-02-15,2021-02-25,15332.2,15332.2,92625
2021-02-15,2021-03-25,15374.75,15374.75,8316
2021-02-15,2021-04-29,15426.65,15426.65,2240
2022-02-15,2022-02-24,17360.65,17360.65,314310
2022-02-15,2022-03-31,17413.35,17413.35,30925
2022-02-15,2022-04-28,17468.8,17468.8,7110
2023-02-15,2023-02-23,18035.15,18035.15,130434
2023-02-15,2023-03-29,18135.2,18135.2,13627
2023-02-15,2023-04-27,18218.8,18218.8,3058
2024-02-15,2024-02-29,22005.05,22005.05,164763
2024-02-15,2024-03-28,22149.6,22149.6,13118
2024-02-15,2024-04-25,22287.05,22287.05,4079
2021-01-15,2021-01-28,14458.5,14458.5,192307
2021-01-15,2021-02-25,14493.3,14493.3,9342
2021-01-15,2021-03-25,14522.5,14522.5,2162
2024-01-15,2024-01-25,22133.3,22133.3,103458
2024-01-15,2024-02-29,22274.0,22274.0,16086
2024-01-15,2024-03-28,22398.5,22398.5,5569
2025-01-15,2025-02-27,23400.65,23400.65,4942
2025-01-15,2025-03-27,23546.55,23546.55,1639
2025-01-15,2025-01-30,23265.9,23265.9,143790
2020-07-15,2020-07-30,10628.25,10628.25,239766
2020-07-15,2020-08-27,10636.05,10636.05,9163
2020-07-15,2020-09-24,10645.25,10645.25,1370
2021-07-15,2021-07-29,15937.3,15937.3,96892
2021-07-15,2021-08-26,15972.15,15972.15,7716
2021-07-15,2021-09-30,16026.9,16026.9,2039
2022-07-15,2022-07-28,16068.3,16068.3,183368
2022-07-15,2022-08-25,16081.05,16081.05,19377
2022-07-15,2022-09-29,16115.25,16115.25,6320
2024-07-15,2024-07-25,24621.7,24621.7,133595
2024-07-15,2024-08-29,24736.3,24736.3,20326
2024-07-15,2024-09-26,24859.4,24859.4,5944
2020-06-15,2020-06-25,9813.75,9813.75,278736
2020-06-15,2020-07-30,9797.0,9797.0,16302
2020-06-15,2020-08-27,9808.2,9808.2,1677
2021-06-15,2021-06-24,15879.0,15879.0,57943
2021-06-15,2021-07-29,15922.65,15922.65,9321
2021-06-15,2021-08-26,15971.3,15971.3,1386
2022-06-15,2022-06-30,15708.65,15708.65,168682
2022-06-15,2022-07-28,15728.9,15728.9,14370
2022-06-15,2022-08-25,15768.8,15768.8,4575
2023-06-15,2023-06-29,18745.45,18745.45,128096
2023-06-15,2023-07-27,18828.15,18828.15,8253
2023-06-15,2023-08-31,18927.95,18927.95,3105
2021-03-15,2021-03-25,14968.75,14968.75,171301
2021-03-15,2021-04-29,15041.7,15041.7,12026
2021-03-15,2021-05-27,15094.15,15094.15,3706
2022-03-15,2022-03-31,16669.0,16669.0,275545
2022-03-15,2022-04-28,16713.9,16713.9,18275
2022-03-15,2022-05-26,16747.3,16747.3,5185
2023-03-15,2023-03-29,17037.35,17037.35,184755
2023-03-15,2023-04-27,17134.85,17134.85,15962
2023-03-15,2023-05-25,17201.15,17201.15,5779
2024-03-15,2024-03-28,22133.2,22133.2,179780
2024-03-15,2024-04-25,22295.55,22295.55,35066
2024-03-15,2024-05-30,22435.6,22435.6,13662
2020-05-15,2020-05-28,9137.1,9137.1,210664
2020-05-15,2020-06-25,9138.55,9138.55,7707
2020-05-15,2020-07-30,9139.4,9139.4,2142
2023-05-15,2023-05-25,18417.55,18417.55,104282
2023-05-15,2023-06-29,18473.95,18473.95,10906
2023-05-15,2023-07-27,18535.4,18535.4,3256
2024-05-15,2024-05-30,22287.05,22287.05,217207
2024-05-15,2024-06-27,22390.35,22390.35,36653
2024-05-15,2024-07-25,22529.05,22529.05,3633
2021-11-15,2021-11-25,18141.0,18141.0,108621
2021-11-15,2021-12-30,18196.75,18196.75,8618
2021-11-15,2022-01-27,18263.1,18263.1,1479
2022-11-15,2022-11-24,18462.05,18462.05,109201
2022-11-15,2022-12-29,18554.3,18554.3,13644
2022-11-15,2023-01-25,18623.9,18623.9,2965
2023-11-15,2023-11-30,19723.3,19723.3,122153
2023-11-15,2023-12-28,19830.95,19830.95,11560
2023-11-15,2024-01-25,19934.4,19934.4,3017
2020-10-15,2020-10-29,11685.55,11685.55,225183
2020-10-15,2020-11-26,11713.75,11713.75,10067
2020-10-15,2020-12-31,11731.65,11731.65,1860
2024-10-15,2024-12-26,25420.75,25420.75,5991
2024-10-15,2024-11-28,25265.55,25265.55,14337
2024-10-15,2024-10-31,25118.35,25118.35,158801
2020-09-15,2020-09-24,11527.4,11527.4,128504
2020-09-15,2020-10-29,11540.2,11540.2,5070
2020-09-15,2020-11-26,11547.5,11547.5,542
2021-09-15,2021-09-30,17535.45,17535.45,114658
2021-09-15,2021-10-28,17562.3,17562.3,8018
2021-09-15,2021-11-25,17590.0,17590.0,2083
2022-09-15,2022-09-29,17891.8,17891.8,215633
2022-09-15,2022-10-27,17948.7,17948.7,17267
2022-09-15,2022-11-24,18015.85,18015.85,4180
2023-09-15,2023-09-28,20249.6,20249.6,77744
2023-09-15,2023-10-26,20352.35,20352.35,8396
2023-09-15,2023-11-30,20462.1,20462.1,2643
2020-04-16,2020-04-30,9035.45,9035.45,281021
2020-04-16,2020-05-28,9051.35,9051.35,11838
2020-04-16,2020-06-25,9058.8,9058.8,2501
2021-04-16,2021-04-29,14645.7,14645.7,130940
2021-04-16,2021-05-27,14693.8,14693.8,6626
2021-04-16,2021-06-24,14717.7,14717.7,1519
2024-04-16,2024-04-25,22200.75,22200.75,157026
2024-04-16,2024-05-30,22356.4,22356.4,17326
2024-04-16,2024-06-27,22481.85,22481.85,6516
2025-04-16,2025-04-24,23433.5,23433.5,71349
2025-04-16,2025-06-26,23656.0,23656.0,3321
2025-04-16,2025-05-29,23545.8,23545.8,13219
2021-08-16,2021-08-26,16559.45,16559.45,86519
2021-08-16,2021-09-30,16595.3,16595.3,10691
2021-08-16,2021-10-28,16617.0,16617.0,1553
2022-08-16,2022-08-25,17850.65,17850.65,130633
2022-08-16,2022-09-29,17919.1,17919.1,15085
2022-08-16,2022-10-27,17961.6,17961.6,5096
2023-08-16,2023-08-31,19484.55,19484.55,92633
2023-08-16,2023-09-28,19596.15,19596.15,9324
2023-08-16,2023-10-26,19683.6,19683.6,2335
2024-08-16,2024-08-29,24585.5,24585.5,381625
2024-08-16,2024-09-26,24707.75,24707.75,46068
2024-08-16,2024-10-31,24828.5,24828.5,12063
2020-12-16,2020-12-31,13699.45,13699.45,106629
2020-12-16,2021-01-28,13739.3,13739.3,6528
2020-12-16,2021-02-25,13761.05,13761.05,884
2021-12-16,2021-12-30,17317.5,17317.5,187313
2021-12-16,2022-01-27,17372.05,17372.05,9141
2021-12-16,2022-02-24,17419.85,17419.85,1565
2022-12-16,2022-12-29,18328.65,18328.65,215375
2022-12-16,2023-01-25,18443.4,18443.4,19582
2022-12-16,2023-02-23,18532.2,18532.2,6034
2024-12-16,2024-12-26,24738.5,24738.5,184270
2024-12-16,2025-01-30,24921.55,24921.55,24176
2024-12-16,2025-02-27,25068.45,25068.45,1604
2021-02-16,2021-02-25,15330.25,15330.25,126110
2021-02-16,2021-03-25,15376.65,15376.65,8728
2021-02-16,2021-04-29,15437.9,15437.9,1586
2022-02-16,2022-02-24,17317.35,17317.35,277321
2022-02-16,2022-03-31,17375.65,17375.65,23864
2022-02-16,2022-04-28,17435.55,17435.55,5910
2023-02-16,2023-02-23,18062.85,18062.85,122423
2023-02-16,2023-03-29,18165.45,18165.45,19614
2023-02-16,2023-04-27,18250.95,18250.95,3716
2024-02-16,2024-02-29,22097.8,22097.8,108026
2024-02-16,2024-03-28,22242.25,22242.25,14371
2024-02-16,2024-04-25,22379.35,22379.35,4053
2023-01-16,2023-01-25,17941.75,17941.75,155906
2023-01-16,2023-02-23,18015.5,18015.5,11669
2023-01-16,2023-03-29,18090.45,18090.45,3218
2024-01-16,2024-01-25,22029.5,22029.5,103215
2024-01-16,2024-02-29,22175.9,22175.9,16076
2024-01-16,2024-03-28,22301.5,22301.5,3062
2025-01-16,2025-01-30,23377.55,23377.55,171198
2025-01-16,2025-02-27,23508.65,23508.65,8901
2025-01-16,2025-03-27,23653.5,23653.5,1391
2020-07-16,2020-07-30,10713.85,10713.85,190922
2020-07-16,2020-08-27,10722.25,10722.25,6578
2020-07-16,2020-09-24,10726.75,10726.75,944
2021-07-16,2021-07-29,15936.0,15936.0,80224
2021-07-16,2021-08-26,15978.05,15978.05,6374
2021-07-16,2021-09-30,16026.1,16026.1,1097
2024-07-16,2024-09-26,24887.85,24887.85,4986
2024-07-16,2024-08-29,24757.25,24757.25,18201
2024-07-16,2024-07-25,24644.45,24644.45,130886
2020-06-16,2020-06-25,9897.85,9897.85,330480
2020-06-16,2020-07-30,9877.6,9877.6,20055
2020-06-16,2020-08-27,9889.75,9889.75,2493
2021-06-16,2021-06-24,15790.2,15790.2,93099
2021-06-16,2021-07-29,15839.4,15839.4,10678
2021-06-16,2021-08-26,15896.45,15896.45,1633
2022-06-16,2022-06-30,15348.55,15348.55,385441
2022-06-16,2022-07-28,15368.3,15368.3,32467
2022-06-16,2022-08-25,15409.25,15409.25,12111
2023-06-16,2023-06-29,18899.15,18899.15,138269
2023-06-16,2023-07-27,18977.6,18977.6,10477
2023-06-16,2023-08-31,19065.7,19065.7,4871
2021-03-16,2021-03-25,14959.7,14959.7,146432
2021-03-16,2021-04-29,15029.05,15029.05,10195
2021-03-16,2021-05-27,15081.35,15081.35,1640
2022-03-16,2022-03-31,17008.75,17008.75,238538
2022-03-16,2022-04-28,17051.6,17051.6,16359
2022-03-16,2022-05-26,17084.15,17084.15,7184
2023-03-16,2023-03-29,17047.3,17047.3,230742
2023-03-16,2023-04-27,17143.55,17143.55,29329
2023-03-16,2023-05-25,17211.85,17211.85,14056
2022-05-16,2022-05-26,15842.6,15842.6,216230
2022-05-16,2022-06-30,15843.95,15843.95,21128
2022-05-16,2022-07-28,15873.95,15873.95,4568
2023-05-16,2023-05-25,18328.4,18328.4,98538
2023-05-16,2023-06-29,18390.5,18390.5,10057
2023-05-16,2023-07-27,18457.4,18457.4,2444
2024-05-16,2024-05-30,22452.35,22452.35,554977
2024-05-16,2024-06-27,22552.65,22552.65,81138
2024-05-16,2024-07-25,22683.45,22683.45,9109
2021-11-16,2021-11-25,18004.0,18004.0,132964
2021-11-16,2021-12-30,18063.25,18063.25,12138
2021-11-16,2022-01-27,18135.0,18135.0,1724
2022-11-16,2022-11-24,18451.85,18451.85,146336
2022-11-16,2022-12-29,18539.55,18539.55,16190
2022-11-16,2023-01-25,18615.0,18615.0,4308
2023-11-16,2023-11-30,19829.7,19829.7,133013
2023-11-16,2023-12-28,19936.4,19936.4,16170
2023-11-16,2024-01-25,20046.35,20046.35,3728
2020-10-16,2020-10-29,11765.15,11765.15,158977
2020-10-16,2020-11-26,11789.65,11789.65,5413
2020-10-16,2020-12-31,11804.7,11804.7,1152
2023-10-16,2023-10-26,19740.4,19740.4,75101
2023-10-16,2023-11-30,19868.2,19868.2,7515
2023-10-16,2023-12-28,19974.15,19974.15,1937
2024-10-16,2024-12-26,25339.9,25339.9,6230
2024-10-16,2024-11-28,25196.0,25196.0,19426
2024-10-16,2024-10-31,25048.8,25048.8,184760
2020-09-16,2020-09-24,11616.4,11616.4,114533
2020-09-16,2020-10-29,11629.6,11629.6,6674
2020-09-16,2020-11-26,11636.95,11636.95,754
2021-09-16,2021-09-30,17611.25,17611.25,127742
2021-09-16,2021-10-28,17642.0,17642.0,11132
2021-09-16,2021-11-25,17666.7,17666.7,2165
2022-09-16,2022-09-29,17566.15,17566.15,278784
2022-09-16,2022-10-27,17623.3,17623.3,26931
2022-09-16,2022-11-24,17697.4,17697.4,7535
2024-09-16,2024-11-28,25682.65,25682.65,5806
2024-09-16,2024-09-26,25442.75,25442.75,144290
2024-09-16,2024-10-31,25565.2,25565.2,16847
2020-04-17,2020-04-30,9311.3,9311.3,300005
2020-04-17,2020-05-28,9335.95,9335.95,14762
2020-04-17,2020-06-25,9337.2,9337.2,1673
2023-04-17,2023-04-27,17760.1,17760.1,170474
2023-04-17,2023-05-25,17818.7,17818.7,16785
2023-04-17,2023-06-29,17865.85,17865.85,5817
2025-04-17,2025-06-26,24060.2,24060.2,9294
2025-04-17,2025-04-24,23851.3,23851.3,135421
2025-04-17,2025-05-29,23956.4,23956.4,34621
2020-08-17,2020-08-27,11268.2,11268.2,147875
2020-08-17,2020-09-24,11280.65,11280.65,5969
2020-08-17,2020-10-29,11291.05,11291.05,964
2021-08-17,2021-08-26,16595.85,16595.85,119911
2021-08-17,2021-09-30,16628.65,16628.65,13101
2021-08-17,2021-10-28,16649.5,16649.5,1915
2022-08-17,2022-08-25,17974.1,17974.1,111096
2022-08-17,2022-09-29,18050.35,18050.35,18375
2022-08-17,2022-10-27,18090.4,18090.4,4742
2023-08-17,2023-08-31,19393.9,19393.9,102232
2023-08-17,2023-09-28,19510.0,19510.0,11714
2023-08-17,2023-10-26,19600.3,19600.3,2073
2020-12-17,2020-12-31,13754.4,13754.4,92815
2020-12-17,2021-01-28,13796.25,13796.25,6352
2020-12-17,2021-02-25,13819.15,13819.15,987
2021-12-17,2021-12-30,17023.5,17023.5,213850
2021-12-17,2022-01-27,17083.35,17083.35,16560
2021-12-17,2022-02-24,17129.9,17129.9,3472
2024-12-17,2025-02-27,24759.1,24759.1,2937
2024-12-17,2025-01-30,24608.2,24608.2,45466
2024-12-17,2024-12-26,24417.65,24417.65,317746
2021-02-17,2021-02-25,15207.05,15207.05,135603
2021-02-17,2021-03-25,15253.95,15253.95,9245
2021-02-17,2021-04-29,15320.2,15320.2,1931
2022-02-17,2022-02-24,17290.2,17290.2,249504
2022-02-17,2022-03-31,17345.05,17345.05,25622
2022-02-17,2022-04-28,17403.25,17403.25,3290
2023-02-17,2023-02-23,17951.0,17951.0,146049
2023-02-17,2023-03-29,18058.2,18058.2,24076
2023-02-17,2023-04-27,18153.6,18153.6,4013
2025-02-17,2025-03-27,23162.05,23162.05,10208
2025-02-17,2025-04-24,23304.45,23304.45,2629
2025-02-17,2025-02-27,23026.4,23026.4,92954
2022-01-17,2022-01-27,18336.6,18336.6,86772
2022-01-17,2022-02-24,18384.3,18384.3,7203
2022-01-17,2022-03-31,18436.7,18436.7,1895
2023-01-17,2023-01-25,18088.8,18088.8,169272
2023-01-17,2023-02-23,18158.1,18158.1,16248
2023-01-17,2023-03-29,18228.55,18228.55,4726
2024-01-17,2024-01-25,21589.55,21589.55,229664
2024-01-17,2024-02-29,21741.85,21741.85,43959
2024-01-17,2024-03-28,21887.15,21887.15,8656
2025-01-17,2025-02-27,23402.6,23402.6,10569
2025-01-17,2025-03-27,23551.45,23551.45,2057
2025-01-17,2025-01-30,23267.2,23267.2,218388
2020-07-17,2020-07-30,10905.05,10905.05,185379
2020-07-17,2020-08-27,10915.2,10915.2,12181
2020-07-17,2020-09-24,10918.05,10918.05,1369
2023-07-17,2023-07-27,19721.2,19721.2,93921
2023-07-17,2023-08-31,19816.4,19816.4,13761
2023-07-17,2023-09-28,19919.7,19919.7,4155
2020-06-17,2020-06-25,9854.55,9854.55,244971
2020-06-17,2020-07-30,9839.9,9839.9,14259
2020-06-17,2020-08-27,9839.25,9839.25,2139
2021-06-17,2021-06-24,15692.15,15692.15,116537
2021-06-17,2021-07-29,15743.4,15743.4,21701
2021-06-17,2021-08-26,15800.4,15800.4,2347
2022-06-17,2022-06-30,15319.25,15319.25,353050
2022-06-17,2022-07-28,15336.4,15336.4,27740
2022-06-17,2022-08-25,15373.45,15373.45,7674
2021-03-17,2021-03-25,14771.3,14771.3,146439
2021-03-17,2021-04-29,14846.55,14846.55,13760
2021-03-17,2021-05-27,14892.3,14892.3,2618
2022-03-17,2022-03-31,17322.05,17322.05,262676
2022-03-17,2022-04-28,17370.35,17370.35,48315
2022-03-17,2022-05-26,17403.55,17403.55,11647
2023-03-17,2023-03-29,17178.15,17178.15,240653
2023-03-17,2023-04-27,17275.45,17275.45,21525
2023-03-17,2023-05-25,17343.75,17343.75,10520
2025-03-17,2025-04-24,22728.9,22728.9,7281
2025-03-17,2025-03-27,22584.3,22584.3,67599
2025-03-17,2025-05-29,22826.2,22826.2,1941
2021-05-17,2021-05-27,14952.1,14952.1,117321
2021-05-17,2021-06-24,14969.3,14969.3,9056
2021-05-17,2021-07-29,15010.55,15010.55,2372
2022-05-17,2022-05-26,16254.95,16254.95,247190
2022-05-17,2022-06-30,16254.25,16254.25,30222
2022-05-17,2022-07-28,16280.85,16280.85,5566
2023-05-17,2023-05-25,18224.5,18224.5,160110
2023-05-17,2023-06-29,18291.25,18291.25,19277
2023-05-17,2023-07-27,18359.85,18359.85,4376
2024-05-17,2024-05-30,22497.7,22497.7,198597
2024-05-17,2024-06-27,22602.45,22602.45,48767
2024-05-17,2024-07-25,22722.9,22722.9,4498
2020-11-17,2020-11-26,12881.85,12881.85,115495
2020-11-17,2020-12-31,12896.15,12896.15,9364
2020-11-17,2021-01-28,12908.9,12908.9,1600
2021-11-17,2021-11-25,17909.15,17909.15,118322
2021-11-17,2021-12-30,17970.25,17970.25,12954
2021-11-17,2022-01-27,18041.85,18041.85,1897
2022-11-17,2022-11-24,18378.4,18378.4,127710
2022-11-17,2022-12-29,18470.65,18470.65,16051
2022-11-17,2023-01-25,18547.25,18547.25,3237
2023-11-17,2023-11-30,19806.5,19806.5,78671
2023-11-17,2023-12-28,19917.7,19917.7,9388
2023-11-17,2024-01-25,20033.6,20033.6,1651
2022-10-17,2022-10-27,17300.3,17300.3,179812
2022-10-17,2022-11-24,17339.65,17339.65,19465
2022-10-17,2022-12-29,17394.25,17394.25,4506
2023-10-17,2023-10-26,19811.1,19811.1,69732
2023-10-17,2023-11-30,19933.9,19933.9,8179
2023-10-17,2023-12-28,20034.55,20034.55,2191
2024-10-17,2024-12-26,25137.3,25137.3,10113
2024-10-17,2024-10-31,24843.8,24843.8,193005
2024-10-17,2024-11-28,24985.05,24985.05,25504
2020-09-17,2020-09-24,11522.4,11522.4,142223
2020-09-17,2020-10-29,11539.75,11539.75,8448
2020-09-17,2020-11-26,11543.55,11543.55,544
2021-09-17,2021-09-30,17603.15,17603.15,227990
2021-09-17,2021-10-28,17633.45,17633.45,18179
2021-09-17,2021-11-25,17668.0,17668.0,4008
2024-09-17,2024-10-31,25571.65,25571.65,15392
2024-09-17,2024-09-26,25449.8,25449.8,109306
2024-09-17,2024-11-28,25685.55,25685.55,4282
2022-04-18,2022-04-28,17229.6,17229.6,205301
2022-04-18,2022-05-26,17276.25,17276.25,18586
2022-04-18,2022-06-30,17317.7,17317.7,5554
2023-04-18,2023-04-27,17712.35,17712.35,124181
2023-04-18,2023-05-25,17772.25,17772.25,10525
2023-04-18,2023-06-29,17828.4,17828.4,3800
2024-04-18,2024-04-25,22055.2,22055.2,270313
2024-04-18,2024-05-30,22206.1,22206.1,53849
2024-04-18,2024-06-27,22344.4,22344.4,8938
2020-08-18,2020-08-27,11398.55,11398.55,145568
2020-08-18,2020-09-24,11410.0,11410.0,8631
2020-08-18,2020-10-29,11419.6,11419.6,979
2021-08-18,2021-08-26,16572.3,16572.3,128733
2021-08-18,2021-09-30,16607.6,16607.6,20674
2021-08-18,2021-10-28,16632.4,16632.4,3073
2022-08-18,2022-08-25,17980.35,17980.35,185866
2022-08-18,2022-09-29,18059.75,18059.75,25675
2022-08-18,2022-10-27,18104.85,18104.85,5756
2023-08-18,2023-08-31,19331.5,19331.5,127437
2023-08-18,2023-09-28,19438.7,19438.7,13766
2023-08-18,2023-10-26,19529.9,19529.9,3937
2020-12-18,2020-12-31,13774.05,13774.05,120843
2020-12-18,2021-01-28,13813.95,13813.95,8324
2020-12-18,2021-02-25,13845.3,13845.3,1424
2023-12-18,2023-12-28,21477.25,21477.25,98023
2023-12-18,2024-01-25,21611.7,21611.7,13549
2023-12-18,2024-02-29,21731.3,21731.3,3508
2024-12-18,2025-02-27,24592.25,24592.25,2488
2024-12-18,2025-01-30,24441.2,24441.2,39409
2024-12-18,2024-12-26,24257.35,24257.35,222484
2021-02-18,2021-02-25,15116.1,15116.1,126681
2021-02-18,2021-03-25,15163.55,15163.55,9922
2021-02-18,2021-04-29,15226.85,15226.85,1926
2022-02-18,2022-02-24,17278.05,17278.05,195945
2022-02-18,2022-03-31,17327.6,17327.6,26452
2022-02-18,2022-04-28,17388.05,17388.05,2814
2025-02-18,2025-02-27,22972.6,22972.6,73098
2025-02-18,2025-03-27,23101.35,23101.35,10369
2025-02-18,2025-04-24,23251.15,23251.15,2166
2021-01-18,2021-01-28,14287.25,14287.25,176050
2021-01-18,2021-02-25,14316.1,14316.1,11120
2021-01-18,2021-03-25,14342.95,14342.95,2293
2022-01-18,2022-01-27,18124.35,18124.35,208566
2022-01-18,2022-02-24,18169.55,18169.55,21020
2022-01-18,2022-03-31,18228.2,18228.2,3670
2023-01-18,2023-01-25,18199.15,18199.15,138930
2023-01-18,2023-02-23,18278.6,18278.6,22195
2023-01-18,2023-03-29,18340.7,18340.7,4278
2024-01-18,2024-01-25,21527.45,21527.45,227826
2024-01-18,2024-02-29,21675.8,21675.8,60648
2024-01-18,2024-03-28,21831.75,21831.75,6556
2022-07-18,2022-07-28,16300.25,16300.25,162040
2022-07-18,2022-08-25,16312.85,16312.85,20664
2022-07-18,2022-09-29,16353.5,16353.5,5360
2023-07-18,2023-07-27,19770.55,19770.55,111590
2023-07-18,2023-08-31,19864.5,19864.5,14841
2023-07-18,2023-09-28,19971.55,19971.55,4095
2024-07-18,2024-07-25,24809.05,24809.05,377529
2024-07-18,2024-09-26,25044.05,25044.05,15733
2024-07-18,2024-08-29,24924.15,24924.15,65759
2020-06-18,2020-06-25,10071.9,10071.9,242211
2020-06-18,2020-07-30,10051.65,10051.65,16083
2020-06-18,2020-08-27,10050.7,10050.7,1512
2021-06-18,2021-06-24,15696.7,15696.7,158662
2021-06-18,2021-07-29,15750.05,15750.05,37016
2021-06-18,2021-08-26,15800.2,15800.2,4187
2024-06-18,2024-06-27,23568.1,23568.1,160903
2024-06-18,2024-07-25,23688.55,23688.55,31618
2024-06-18,2024-08-29,23807.9,23807.9,6085
2021-03-18,2021-03-25,14577.05,14577.05,185434
2021-03-18,2021-04-29,14650.7,14650.7,22655
2021-03-18,2021-05-27,14707.35,14707.35,3139
2024-03-18,2024-03-28,22135.45,22135.45,118534
2024-03-18,2024-04-25,22298.25,22298.25,22648
2024-03-18,2024-05-30,22440.9,22440.9,12843
2025-03-18,2025-05-29,23147.1,23147.1,3683
2025-03-18,2025-04-24,23031.6,23031.6,15163
2025-03-18,2025-03-27,22895.4,22895.4,89671
2020-05-18,2020-05-28,8825.85,8825.85,286896
2020-05-18,2020-06-25,8826.85,8826.85,20943
2020-05-18,2020-07-30,8828.95,8828.95,7518
2021-05-18,2021-05-27,15144.85,15144.85,118840
2021-05-18,2021-06-24,15162.0,15162.0,11704
2021-05-18,2021-07-29,15201.8,15201.8,2277
2022-05-18,2022-05-26,16226.05,16226.05,251612
2022-05-18,2022-06-30,16230.4,16230.4,30211
2022-05-18,2022-07-28,16259.95,16259.95,5374
2023-05-18,2023-05-25,18175.45,18175.45,106568
2023-05-18,2023-06-29,18245.05,18245.05,14699
2023-05-18,2023-07-27,18319.8,18319.8,3861
2020-11-18,2020-11-26,12957.25,12957.25,120263
2020-11-18,2020-12-31,12973.7,12973.7,8238
2020-11-18,2021-01-28,12987.45,12987.45,1341
2021-11-18,2021-11-25,17792.9,17792.9,164300
2021-11-18,2021-12-30,17851.1,17851.1,27659
2021-11-18,2022-01-27,17919.0,17919.0,2631
2022-11-18,2022-11-24,18355.9,18355.9,167068
2022-11-18,2022-12-29,18442.9,18442.9,29245
2022-11-18,2023-01-25,18525.85,18525.85,3841
2024-11-18,2025-01-30,23823.75,23823.75,10905
2024-11-18,2024-12-26,23661.5,23661.5,36415
2024-11-18,2024-11-28,23513.95,23513.95,233489
2021-10-18,2021-10-28,18495.4,18495.4,127741
2021-10-18,2021-11-25,18532.05,18532.05,16174
2021-10-18,2021-12-30,18598.95,18598.95,4266
2022-10-18,2022-10-27,17502.0,17502.0,190681
2022-10-18,2022-11-24,17538.95,17538.95,19447
2022-10-18,2022-12-29,17588.3,17588.3,6729
2023-10-18,2023-10-26,19683.35,19683.35,100198
2023-10-18,2023-11-30,19812.3,19812.3,14256
2023-10-18,2023-12-28,19921.1,19921.1,2742
2024-10-18,2024-10-31,24949.15,24949.15,245356
2024-10-18,2024-11-28,25089.55,25089.55,30251
2024-10-18,2024-12-26,25240.05,25240.05,12813
2020-09-18,2020-09-24,11515.25,11515.25,170053
2020-09-18,2020-10-29,11535.85,11535.85,14304
2020-09-18,2020-11-26,11539.75,11539.75,789
2023-09-18,2023-09-28,20178.85,20178.85,67382
2023-09-18,2023-10-26,20286.45,20286.45,5952
2023-09-18,2023-11-30,20394.7,20394.7,1420
2024-09-18,2024-10-31,25519.8,25519.8,32587
2024-09-18,2024-09-26,25396.1,25396.1,196272
2024-09-18,2024-11-28,25634.4,25634.4,8181
2021-04-19,2021-04-29,14374.15,14374.15,193921
2021-04-19,2021-05-27,14427.2,14427.2,13593
2021-04-19,2021-06-24,14444.85,14444.85,3396
2022-04-19,2022-04-28,16969.35,16969.35,272801
2022-04-19,2022-05-26,17030.15,17030.15,25138
2022-04-19,2022-06-30,17073.0,17073.0,4997
2023-04-19,2023-04-27,17649.65,17649.65,101526
2023-04-19,2023-05-25,17711.7,17711.7,9404
2023-04-19,2023-06-29,17771.95,17771.95,3267
2024-04-19,2024-04-25,22128.7,22128.7,248988
2024-04-19,2024-05-30,22275.45,22275.45,46717
2024-04-19,2024-06-27,22393.65,22393.65,8709
2020-08-19,2020-08-27,11420.8,11420.8,102303
2020-08-19,2020-09-24,11430.4,11430.4,8868
2020-08-19,2020-10-29,11438.45,11438.45,787
2022-08-19,2022-08-25,17759.5,17759.5,231394
2022-08-19,2022-09-29,17843.45,17843.45,45704
2022-08-19,2022-10-27,17897.95,17897.95,7919
2024-08-19,2024-09-26,24723.5,24723.5,21034
2024-08-19,2024-10-31,24849.55,24849.55,4704
2024-08-19,2024-08-29,24595.75,24595.75,151933
2022-12-19,2022-12-29,18499.3,18499.3,145495
2022-12-19,2023-01-25,18601.0,18601.0,17685
2022-12-19,2023-02-23,18688.75,18688.75,3478
2023-12-19,2023-12-28,21527.75,21527.75,125220
2023-12-19,2024-01-25,21663.4,21663.4,22942
2023-12-19,2024-02-29,21788.5,21788.5,4317
2024-12-19,2025-02-27,24356.0,24356.0,2948
2024-12-19,2025-01-30,24204.45,24204.45,52457
2024-12-19,2024-12-26,24018.8,24018.8,193063
2021-02-19,2021-02-25,14987.0,14987.0,158540
2021-02-19,2021-03-25,15025.4,15025.4,18667
2021-02-19,2021-04-29,15086.9,15086.9,2599
2024-02-19,2024-02-29,22171.4,22171.4,108926
2024-02-19,2024-03-28,22312.05,22312.05,13467
2024-02-19,2024-04-25,22448.6,22448.6,4178
2025-02-19,2025-03-27,23099.8,23099.8,11489
2025-02-19,2025-02-27,22964.5,22964.5,86464
2025-02-19,2025-04-24,23247.0,23247.0,2576
2021-01-19,2021-01-28,14570.0,14570.0,146535
2021-01-19,2021-02-25,14605.3,14605.3,9574
2021-01-19,2021-03-25,14626.25,14626.25,1616
2022-01-19,2022-01-27,17974.1,17974.1,185499
2022-01-19,2022-02-24,18022.2,18022.2,26462
2022-01-19,2022-03-31,18081.9,18081.9,4065
2023-01-19,2023-01-25,18113.15,18113.15,138135
2023-01-19,2023-02-23,18198.45,18198.45,15768
2023-01-19,2023-03-29,18265.85,18265.85,3592
2024-01-19,2024-01-25,21672.15,21672.15,125832
2024-01-19,2024-02-29,21814.9,21814.9,29708
2024-01-19,2024-03-28,21963.35,21963.35,3652
2021-07-19,2021-07-29,15752.4,15752.4,167042
2021-07-19,2021-08-26,15804.05,15804.05,14779
2021-07-19,2021-09-30,15850.1,15850.1,2154
2022-07-19,2022-07-28,16346.95,16346.95,179114
2022-07-19,2022-08-25,16361.7,16361.7,23814
2022-07-19,2022-09-29,16418.2,16418.2,14586
2023-07-19,2023-07-27,19847.1,19847.1,99387
2023-07-19,2023-08-31,19944.85,19944.85,17819
2023-07-19,2023-09-28,20048.85,20048.85,4748
2024-07-19,2024-07-25,24529.1,24529.1,320221
2024-07-19,2024-09-26,24794.75,24794.75,10467
2024-07-19,2024-08-29,24657.2,24657.2,72298
2020-06-19,2020-06-25,10235.55,10235.55,234803
2020-06-19,2020-07-30,10218.05,10218.05,23325
2020-06-19,2020-08-27,10218.3,10218.3,1836
2023-06-19,2023-06-29,18840.2,18840.2,101156
2023-06-19,2023-07-27,18929.6,18929.6,10087
2023-06-19,2023-08-31,19017.65,19017.65,3046
2024-06-19,2024-06-27,23503.6,23503.6,312950
2024-06-19,2024-07-25,23624.6,23624.6,51418
2024-06-19,2024-08-29,23750.85,23750.85,11686
2021-03-19,2021-03-25,14756.45,14756.45,235783
2021-03-19,2021-04-29,14832.2,14832.2,30234
2021-03-19,2021-05-27,14878.7,14878.7,4549
2024-03-19,2024-03-28,21886.5,21886.5,152613
2024-03-19,2024-04-25,22055.95,22055.95,26902
2024-03-19,2024-05-30,22210.6,22210.6,12695
2025-03-19,2025-05-29,23235.4,23235.4,4316
2025-03-19,2025-04-24,23123.45,23123.45,15478
2025-03-19,2025-03-27,22972.95,22972.95,59079
2020-05-19,2020-05-28,8884.1,8884.1,299479
2020-05-19,2020-06-25,8879.95,8879.95,17710
2020-05-19,2020-07-30,8882.35,8882.35,1960
2021-05-19,2021-05-27,15059.45,15059.45,88580
2021-05-19,2021-06-24,15083.0,15083.0,7795
2021-05-19,2021-07-29,15119.9,15119.9,1257
2022-05-19,2022-05-26,15769.45,15769.45,254290
2022-05-19,2022-06-30,15776.85,15776.85,46003
2022-05-19,2022-07-28,15807.25,15807.25,7906
2023-05-19,2023-05-25,18225.4,18225.4,130544
2023-05-19,2023-06-29,18301.75,18301.75,25889
2023-05-19,2023-07-27,18366.6,18366.6,3931
2020-11-19,2020-11-26,12793.5,12793.5,174437
2020-11-19,2020-12-31,12811.6,12811.6,15947
2020-11-19,2021-01-28,12829.9,12829.9,1768
2024-11-19,2025-01-30,23844.85,23844.85,14425
2024-11-19,2024-11-28,23534.8,23534.8,292457
2024-11-19,2024-12-26,23686.05,23686.05,36934
2020-10-19,2020-10-29,11889.4,11889.4,118075
2020-10-19,2020-11-26,11913.95,11913.95,5798
2020-10-19,2020-12-31,11928.35,11928.35,971
2021-10-19,2021-10-28,18432.45,18432.45,200347
2021-10-19,2021-11-25,18478.6,18478.6,18600
2021-10-19,2021-12-30,18550.7,18550.7,4402
2022-10-19,2022-10-27,17494.65,17494.65,170212
2022-10-19,2022-11-24,17532.65,17532.65,27109
2022-10-19,2022-12-29,17587.65,17587.65,5643
2023-10-19,2023-10-26,19618.75,19618.75,116100
2023-10-19,2023-11-30,19750.9,19750.9,23264
2023-10-19,2023-12-28,19858.6,19858.6,4263
2022-09-19,2022-09-29,17628.0,17628.0,174858
2022-09-19,2022-10-27,17683.1,17683.1,19739
2022-09-19,2022-11-24,17747.45,17747.45,5119
2024-09-19,2024-11-28,25722.4,25722.4,12169
2024-09-19,2024-09-26,25489.1,25489.1,303629
2024-09-19,2024-10-31,25611.75,25611.75,56400
2020-04-20,2020-04-30,9260.5,9260.5,250146
2020-04-20,2020-05-28,9285.4,9285.4,14418
2020-04-20,2020-06-25,9285.0,9285.0,2282
2021-04-20,2021-04-29,14296.2,14296.2,161702
2021-04-20,2021-05-27,14347.7,14347.7,11848
2021-04-20,2021-06-24,14375.5,14375.5,2340
2022-04-20,2022-04-28,17162.7,17162.7,233321
2022-04-20,2022-05-26,17205.95,17205.95,24695
2022-04-20,2022-06-30,17243.25,17243.25,4643
2023-04-20,2023-04-27,17655.8,17655.8,103613
2023-04-20,2023-05-25,17711.75,17711.75,16401
2023-04-20,2023-06-29,17774.2,17774.2,4122
2020-08-20,2020-08-27,11305.4,11305.4,152193
2020-08-20,2020-09-24,11316.05,11316.05,13169
2020-08-20,2020-10-29,11328.75,11328.75,1117
2021-08-20,2021-08-26,16433.7,16433.7,190712
2021-08-20,2021-09-30,16467.45,16467.45,33584
2021-08-20,2021-10-28,16492.95,16492.95,3128
2024-08-20,2024-10-31,24964.2,24964.2,5773
2024-08-20,2024-08-29,24711.25,24711.25,150366
2024-08-20,2024-09-26,24841.15,24841.15,30080
2021-12-20,2021-12-30,16635.05,16635.05,295989
2021-12-20,2022-01-27,16689.05,16689.05,36614
2021-12-20,2022-02-24,16737.35,16737.35,4962
2022-12-20,2022-12-29,18423.95,18423.95,214251
2022-12-20,2023-01-25,18528.8,18528.8,32462
2022-12-20,2023-02-23,18616.2,18616.2,6407
2023-12-20,2023-12-28,21217.05,21217.05,217416
2023-12-20,2024-01-25,21371.45,21371.45,53727
2023-12-20,2024-02-29,21514.4,21514.4,10150
2024-12-20,2024-12-26,23625.65,23625.65,309504
2024-12-20,2025-02-27,23940.5,23940.5,4767
2024-12-20,2025-01-30,23793.4,23793.4,110549
2023-02-20,2023-02-23,17862.65,17862.65,139568
2023-02-20,2023-03-29,17972.35,17972.35,46060
2023-02-20,2023-04-27,18075.35,18075.35,4489
2024-02-20,2024-02-29,22217.2,22217.2,117158
2024-02-20,2024-03-28,22359.15,22359.15,14034
2024-02-20,2024-04-25,22494.25,22494.25,2699
2025-02-20,2025-02-27,22942.5,22942.5,54621
2025-02-20,2025-03-27,23083.35,23083.35,14937
2025-02-20,2025-04-24,23226.45,23226.45,1474
2021-01-20,2021-01-28,14645.15,14645.15,117937
2021-01-20,2021-02-25,14683.2,14683.2,9681
2021-01-20,2021-03-25,14705.0,14705.0,1436
2022-01-20,2022-01-27,17804.1,17804.1,214142
2022-01-20,2022-02-24,17854.05,17854.05,36352
2022-01-20,2022-03-31,17918.8,17918.8,6195
2023-01-20,2023-01-25,18055.8,18055.8,137987
2023-01-20,2023-02-23,18131.6,18131.6,40557
2023-01-20,2023-03-29,18209.1,18209.1,4145
2025-01-20,2025-03-27,23687.2,23687.2,1860
2025-01-20,2025-01-30,23400.2,23400.2,163712
2025-01-20,2025-02-27,23534.3,23534.3,7122
2020-07-20,2020-07-30,11008.6,11008.6,156649
2020-07-20,2020-08-27,11017.1,11017.1,10794
2020-07-20,2020-09-24,11013.65,11013.65,1514
2021-07-20,2021-07-29,15637.2,15637.2,178075
2021-07-20,2021-08-26,15686.25,15686.25,20230
2021-07-20,2021-09-30,15739.7,15739.7,2578
2022-07-20,2022-07-28,16519.6,16519.6,217722
2022-07-20,2022-08-25,16530.3,16530.3,42193
2022-07-20,2022-09-29,16567.8,16567.8,15650
2023-07-20,2023-07-27,19970.2,19970.2,129058
2023-07-20,2023-08-31,20068.55,20068.55,29044
2023-07-20,2023-09-28,20173.15,20173.15,6586
2022-06-20,2022-06-30,15347.65,15347.65,225496
2022-06-20,2022-07-28,15361.65,15361.65,26577
2022-06-20,2022-08-25,15393.85,15393.85,6132
2023-06-20,2023-06-29,18864.7,18864.7,119062
2023-06-20,2023-07-27,18954.9,18954.9,12352
2023-06-20,2023-08-31,19042.65,19042.65,3012
2024-06-20,2024-06-27,23582.5,23582.5,222217
2024-06-20,2024-07-25,23700.3,23700.3,44137
2024-06-20,2024-08-29,23820.1,23820.1,5901
2023-03-20,2023-03-29,17028.9,17028.9,233228
2023-03-20,2023-04-27,17121.6,17121.6,40725
2023-03-20,2023-05-25,17192.05,17192.05,11606
2024-03-20,2024-03-28,21910.05,21910.05,137718
2024-03-20,2024-04-25,22076.15,22076.15,27385
2024-03-20,2024-05-30,22228.95,22228.95,15204
2025-03-20,2025-04-24,23346.5,23346.5,22446
2025-03-20,2025-05-29,23458.2,23458.2,6103
2025-03-20,2025-03-27,23200.25,23200.25,103958
2020-05-20,2020-05-28,9066.65,9066.65,251003
2020-05-20,2020-06-25,9069.6,9069.6,18909
2020-05-20,2020-07-30,9064.85,9064.85,1705
2021-05-20,2021-05-27,14933.25,14933.25,101086
2021-05-20,2021-06-24,14963.3,14963.3,9658
2021-05-20,2021-07-29,15000.9,15000.9,1855
2022-05-20,2022-05-26,16253.25,16253.25,276296
2022-05-20,2022-06-30,16249.85,16249.85,51629
2022-05-20,2022-07-28,16276.05,16276.05,6873
2020-11-20,2020-11-26,12871.3,12871.3,161964
2020-11-20,2020-12-31,12895.1,12895.1,18774
2020-11-20,2021-01-28,12898.8,12898.8,1284
2023-11-20,2023-11-30,19751.2,19751.2,72335
2023-11-20,2023-12-28,19863.4,19863.4,8498
2023-11-20,2024-01-25,19982.3,19982.3,1287
2020-10-20,2020-10-29,11895.9,11895.9,123869
2020-10-20,2020-11-26,11920.6,11920.6,7211
2020-10-20,2020-12-31,11930.45,11930.45,1169
2021-10-20,2021-10-28,18316.7,18316.7,216578
2021-10-20,2021-11-25,18362.4,18362.4,29567
2021-10-20,2021-12-30,18441.6,18441.6,4609
2022-10-20,2022-10-27,17540.7,17540.7,189528
2022-10-20,2022-11-24,17581.45,17581.45,37721
2022-10-20,2022-12-29,17637.05,17637.05,6916
2023-10-20,2023-10-26,19527.85,19527.85,75889
2023-10-20,2023-11-30,19654.15,19654.15,26412
2023-10-20,2023-12-28,19759.15,19759.15,4108
2021-09-20,2021-09-30,17386.65,17386.65,198297
2021-09-20,2021-10-28,17419.65,17419.65,19163
2021-09-20,2021-11-25,17454.35,17454.35,2768
2022-09-20,2022-09-29,17825.65,17825.65,189582
2022-09-20,2022-10-27,17874.05,17874.05,24643
2022-09-20,2022-11-24,17940.55,17940.55,5553
2023-09-20,2023-09-28,19972.05,19972.05,135076
2023-09-20,2023-10-26,20087.75,20087.75,18383
2023-09-20,2023-11-30,20205.6,20205.6,4008
2024-09-20,2024-09-26,25767.75,25767.75,488293
2024-09-20,2024-11-28,25984.5,25984.5,24314
2024-09-20,2024-10-31,25887.4,25887.4,155203
2020-04-21,2020-04-30,8971.6,8971.6,238467
2020-04-21,2020-05-28,8996.8,8996.8,13024
2020-04-21,2020-06-25,9000.8,9000.8,1383
2022-04-21,2022-04-28,17410.15,17410.15,186810
2022-04-21,2022-05-26,17457.85,17457.85,28684
2022-04-21,2022-06-30,17496.05,17496.05,25608
2023-04-21,2023-04-27,17657.3,17657.3,122139
2023-04-21,2023-05-25,17714.65,17714.65,16300
2023-04-21,2023-06-29,17771.95,17771.95,3360
2025-04-21,2025-05-29,24268.3,24268.3,43655
2025-04-21,2025-04-24,24135.5,24135.5,77342
2025-04-21,2025-06-26,24369.4,24369.4,6570
2020-08-21,2020-08-27,11377.2,11377.2,105255
2020-08-21,2020-09-24,11389.2,11389.2,14626
2020-08-21,2020-10-29,11403.35,11403.35,792
2023-08-21,2023-08-31,19399.55,19399.55,117457
2023-08-21,2023-09-28,19507.75,19507.75,14482
2023-08-21,2023-10-26,19600.95,19600.95,1906
2024-08-21,2024-10-31,25042.6,25042.6,4575
2024-08-21,2024-08-29,24798.15,24798.15,119193
2024-08-21,2024-09-26,24922.85,24922.85,28351
2020-12-21,2020-12-31,13329.75,13329.75,268798
2020-12-21,2021-01-28,13377.05,13377.05,20237
2020-12-21,2021-02-25,13418.75,13418.75,4008
2021-12-21,2021-12-30,16800.95,16800.95,234126
2021-12-21,2022-01-27,16854.3,16854.3,28721
2021-12-21,2022-02-24,16901.5,16901.5,3641
2022-12-21,2022-12-29,18275.9,18275.9,235813
2022-12-21,2023-01-25,18378.75,18378.75,32901
2022-12-21,2023-02-23,18472.1,18472.1,5927
2023-12-21,2023-12-28,21350.4,21350.4,196078
2023-12-21,2024-01-25,21498.95,21498.95,43419
2023-12-21,2024-02-29,21631.45,21631.45,7286
2022-02-21,2022-02-24,17205.2,17205.2,239649
2022-02-21,2022-03-31,17253.5,17253.5,58645
2022-02-21,2022-04-28,17313.85,17313.85,5414
2023-02-21,2023-02-23,17840.1,17840.1,149445
2023-02-21,2023-03-29,17946.1,17946.1,71383
2023-02-21,2023-04-27,18054.2,18054.2,5082
2024-02-21,2024-02-29,22070.15,22070.15,133217
2024-02-21,2024-03-28,22211.8,22211.8,26912
2024-02-21,2024-04-25,22346.1,22346.1,4501
2025-02-21,2025-02-27,22822.6,22822.6,96195
2025-02-21,2025-03-27,22963.05,22963.05,29166
2025-02-21,2025-04-24,23105.15,23105.15,3062
2021-01-21,2021-01-28,14598.65,14598.65,132214
2021-01-21,2021-02-25,14632.7,14632.7,15055
2021-01-21,2021-03-25,14648.5,14648.5,2141
2022-01-21,2022-01-27,17617.8,17617.8,253865
2022-01-21,2022-02-24,17662.7,17662.7,46590
2022-01-21,2022-03-31,17734.55,17734.55,6691
2025-01-21,2025-02-27,23235.9,23235.9,24194
2025-01-21,2025-03-27,23391.2,23391.2,4593
2025-01-21,2025-01-30,23103.2,23103.2,388434
2020-07-21,2020-07-30,11170.55,11170.55,147524
2020-07-21,2020-08-27,11173.85,11173.85,15845
2020-07-21,2020-09-24,11174.45,11174.45,1479
2022-07-21,2022-07-28,16597.5,16597.5,189775
2022-07-21,2022-08-25,16607.1,16607.1,25393
2022-07-21,2022-09-29,16648.15,16648.15,5004
2023-07-21,2023-07-27,19776.4,19776.4,148418
2023-07-21,2023-08-31,19892.75,19892.75,36921
2023-07-21,2023-09-28,20018.25,20018.25,6757
2021-06-21,2021-06-24,15743.8,15743.8,108957
2021-06-21,2021-07-29,15791.8,15791.8,44215
2021-06-21,2021-08-26,15839.25,15839.25,3468
2022-06-21,2022-06-30,15638.4,15638.4,258170
2022-06-21,2022-07-28,15648.75,15648.75,35422
2022-06-21,2022-08-25,15684.55,15684.55,7098
2023-06-21,2023-06-29,18896.75,18896.75,87799
2023-06-21,2023-07-27,18981.95,18981.95,11356
2023-06-21,2023-08-31,19070.6,19070.6,4114
2024-06-21,2024-06-27,23487.3,23487.3,301184
2024-06-21,2024-07-25,23612.3,23612.3,75765
2024-06-21,2024-08-29,23746.0,23746.0,9794
2022-03-21,2022-03-31,17158.65,17158.65,186176
2022-03-21,2022-04-28,17215.15,17215.15,27504
2022-03-21,2022-05-26,17256.05,17256.05,9997
2023-03-21,2023-03-29,17160.15,17160.15,138054
2023-03-21,2023-04-27,17252.15,17252.15,21060
2023-03-21,2023-05-25,17316.45,17316.45,5508
2024-03-21,2024-03-28,22102.5,22102.5,133047
2024-03-21,2024-04-25,22266.55,22266.55,31577
2024-03-21,2024-05-30,22416.3,22416.3,4221
2025-03-21,2025-05-29,23651.2,23651.2,5690
2025-03-21,2025-03-27,23379.85,23379.85,89048
2025-03-21,2025-04-24,23527.5,23527.5,26091
2020-05-21,2020-05-28,9075.1,9075.1,203480
2020-05-21,2020-06-25,9075.6,9075.6,15471
2020-05-21,2020-07-30,9073.05,9073.05,1284
2021-05-21,2021-05-27,15206.2,15206.2,128427
2021-05-21,2021-06-24,15231.75,15231.75,18597
2021-05-21,2021-07-29,15269.7,15269.7,3618
2024-05-21,2024-05-30,22605.9,22605.9,185970
2024-05-21,2024-06-27,22705.4,22705.4,41842
2024-05-21,2024-07-25,22828.05,22828.05,5467
2022-11-21,2022-11-24,18192.2,18192.2,126219
2022-11-21,2022-12-29,18284.05,18284.05,44828
2022-11-21,2023-01-25,18367.55,18367.55,5168
2023-11-21,2023-11-30,19841.3,19841.3,74641
2023-11-21,2023-12-28,19952.55,19952.55,8643
2023-11-21,2024-01-25,20066.7,20066.7,1357
2024-11-21,2024-11-28,23348.7,23348.7,221101
2024-11-21,2025-01-30,23662.05,23662.05,12029
2024-11-21,2024-12-26,23501.95,23501.95,44732
2020-10-21,2020-10-29,11927.45,11927.45,215714
2020-10-21,2020-11-26,11952.85,11952.85,17829
2020-10-21,2020-12-31,11964.2,11964.2,2548
2021-10-21,2021-10-28,18202.9,18202.9,196302
2021-10-21,2021-11-25,18256.55,18256.55,33637
2021-10-21,2021-12-30,18336.7,18336.7,6093
2022-10-21,2022-10-27,17564.45,17564.45,182444
2022-10-21,2022-11-24,17599.8,17599.8,55001
2022-10-21,2022-12-29,17656.05,17656.05,6006
2024-10-21,2024-12-26,25084.6,25084.6,8572
2024-10-21,2024-10-31,24788.8,24788.8,199294
2024-10-21,2024-11-28,24924.7,24924.7,33136
2020-09-21,2020-09-24,11256.1,11256.1,200907
2020-09-21,2020-10-29,11272.55,11272.55,35084
2020-09-21,2020-11-26,11284.7,11284.7,1672
2021-09-21,2021-09-30,17559.3,17559.3,189312
2021-09-21,2021-10-28,17590.1,17590.1,17834
2021-09-21,2021-11-25,17622.75,17622.75,3907
2022-09-21,2022-09-29,17731.45,17731.45,175944
2022-09-21,2022-10-27,17786.1,17786.1,25021
2022-09-21,2022-11-24,17848.25,17848.25,4118
2023-09-21,2023-09-28,19778.7,19778.7,166836
2023-09-21,2023-10-26,19897.1,19897.1,29167
2023-09-21,2023-11-30,20020.8,20020.8,4172
2020-04-22,2020-04-30,9188.3,9188.3,259840
2020-04-22,2020-05-28,9216.5,9216.5,17859
2020-04-22,2020-06-25,9211.35,9211.35,3716
2021-04-22,2021-04-29,14403.6,14403.6,161273
2021-04-22,2021-05-27,14453.2,14453.2,16410
2021-04-22,2021-06-24,14477.8,14477.8,2964
2022-04-22,2022-04-28,17177.75,17177.75,203594
2022-04-22,2022-05-26,17227.1,17227.1,29060
2022-04-22,2022-06-30,17269.3,17269.3,5791
2024-04-22,2024-04-25,22358.2,22358.2,117528
2024-04-22,2024-05-30,22496.55,22496.55,50827
2024-04-22,2024-06-27,22601.65,22601.65,5226
2025-04-22,2025-05-29,24303.4,24303.4,60541
2025-04-22,2025-06-26,24414.3,24414.3,3750
2025-04-22,2025-04-24,24169.0,24169.0,87218
2022-08-22,2022-08-25,17492.25,17492.25,181285
2022-08-22,2022-09-29,17575.25,17575.25,60940
2022-08-22,2022-10-27,17641.05,17641.05,9750
2023-08-22,2023-08-31,19386.3,19386.3,61454
2023-08-22,2023-09-28,19489.15,19489.15,9657
2023-08-22,2023-10-26,19581.35,19581.35,1287
2024-08-22,2024-08-29,24840.45,24840.45,132026
2024-08-22,2024-09-26,24966.25,24966.25,36245
2024-08-22,2024-10-31,25087.6,25087.6,5261
2020-12-22,2020-12-31,13487.5,13487.5,228304
2020-12-22,2021-01-28,13527.4,13527.4,20093
2020-12-22,2021-02-25,13565.15,13565.15,3278
2021-12-22,2021-12-30,16973.35,16973.35,150826
2021-12-22,2022-01-27,17026.5,17026.5,19244
2021-12-22,2022-02-24,17065.75,17065.75,2033
2022-12-22,2022-12-29,18170.35,18170.35,223231
2022-12-22,2023-01-25,18273.85,18273.85,39703
2022-12-22,2023-02-23,18370.3,18370.3,7311
2023-12-22,2023-12-28,21402.35,21402.35,166585
2023-12-22,2024-01-25,21561.55,21561.55,65915
2023-12-22,2024-02-29,21701.55,21701.55,6498
2021-02-22,2021-02-25,14672.65,14672.65,170102
2021-02-22,2021-03-25,14722.3,14722.3,39423
2021-02-22,2021-04-29,14812.45,14812.45,4405
2022-02-22,2022-02-24,17073.6,17073.6,296493
2022-02-22,2022-03-31,17118.15,17118.15,118651
2022-02-22,2022-04-28,17169.45,17169.45,7979
2023-02-22,2023-02-23,17566.9,17566.9,151411
2023-02-22,2023-03-29,17662.05,17662.05,129392
2023-02-22,2023-04-27,17760.7,17760.7,10902
2024-02-22,2024-02-29,22243.25,22243.25,206565
2024-02-22,2024-03-28,22383.2,22383.2,45705
2024-02-22,2024-04-25,22516.55,22516.55,6357
2021-01-22,2021-01-28,14380.15,14380.15,218502
2021-01-22,2021-02-25,14419.95,14419.95,24861
2021-01-22,2021-03-25,14445.65,14445.65,3330
2025-01-22,2025-03-27,23479.8,23479.8,2904
2025-01-22,2025-01-30,23198.95,23198.95,211777
2025-01-22,2025-02-27,23331.3,23331.3,16359
2020-07-22,2020-07-30,11110.55,11110.55,172639
2020-07-22,2020-08-27,11115.95,11115.95,12863
2020-07-22,2020-09-24,11124.0,11124.0,1259
2021-07-22,2021-07-29,15816.9,15816.9,148876
2021-07-22,2021-08-26,15859.7,15859.7,16525
2021-07-22,2021-09-30,15900.35,15900.35,2475
2022-07-22,2022-07-28,16722.6,16722.6,158108
2022-07-22,2022-08-25,16733.3,16733.3,31445
2022-07-22,2022-09-29,16771.55,16771.55,6142
2024-07-22,2024-07-25,24509.1,24509.1,235289
2024-07-22,2024-08-29,24627.7,24627.7,81019
2024-07-22,2024-09-26,24758.95,24758.95,8348
2020-06-22,2020-06-25,10288.2,10288.2,199280
2020-06-22,2020-07-30,10273.45,10273.45,38907
2020-06-22,2020-08-27,10274.8,10274.8,2091
2021-06-22,2021-06-24,15773.25,15773.25,101742
2021-06-22,2021-07-29,15817.1,15817.1,72244
2021-06-22,2021-08-26,15863.75,15863.75,3535
2022-06-22,2022-06-30,15403.4,15403.4,260889
2022-06-22,2022-07-28,15418.0,15418.0,34140
2022-06-22,2022-08-25,15454.4,15454.4,6029
2023-06-22,2023-06-29,18830.05,18830.05,138764
2023-06-22,2023-07-27,18916.95,18916.95,24583
2023-06-22,2023-08-31,19008.8,19008.8,3270
2021-03-22,2021-03-25,14741.6,14741.6,151465
2021-03-22,2021-04-29,14830.2,14830.2,37382
2021-03-22,2021-05-27,14876.9,14876.9,2913
2022-03-22,2022-03-31,17362.8,17362.8,243233
2022-03-22,2022-04-28,17410.8,17410.8,27271
2022-03-22,2022-05-26,17454.35,17454.35,7788
2023-03-22,2023-03-29,17185.0,17185.0,108813
2023-03-22,2023-04-27,17277.5,17277.5,15711
2023-03-22,2023-05-25,17338.8,17338.8,4668
2024-03-22,2024-03-28,22165.45,22165.45,169540
2024-03-22,2024-04-25,22335.35,22335.35,49898
2024-03-22,2024-05-30,22478.0,22478.0,6173
2020-05-22,2020-05-28,9027.8,9027.8,239626
2020-05-22,2020-06-25,9026.55,9026.55,27820
2020-05-22,2020-07-30,9033.85,9033.85,1500
2023-05-22,2023-05-25,18331.35,18331.35,119807
2023-05-22,2023-06-29,18403.8,18403.8,48098
2023-05-22,2023-07-27,18467.75,18467.75,4823
2024-05-22,2024-05-30,22657.95,22657.95,145086
2024-05-22,2024-06-27,22754.1,22754.1,38855
2024-05-22,2024-07-25,22877.25,22877.25,4472
2021-11-22,2021-11-25,17435.05,17435.05,208742
2021-11-22,2021-12-30,17484.5,17484.5,62595
2021-11-22,2022-01-27,17555.15,17555.15,5443
2022-11-22,2022-11-24,18281.0,18281.0,114974
2022-11-22,2022-12-29,18373.85,18373.85,55849
2022-11-22,2023-01-25,18461.1,18461.1,3484
2023-11-22,2023-11-30,19884.1,19884.1,81891
2023-11-22,2023-12-28,19993.15,19993.15,18259
2023-11-22,2024-01-25,20105.85,20105.85,2109
2024-11-22,2025-01-30,24189.95,24189.95,20530
2024-11-22,2024-12-26,24022.9,24022.9,102575
2024-11-22,2024-11-28,23886.55,23886.55,422090
2020-10-22,2020-10-29,11898.65,11898.65,149750
2020-10-22,2020-11-26,11923.35,11923.35,11352
2020-10-22,2020-12-31,11934.65,11934.65,1344
2021-10-22,2021-10-28,18144.55,18144.55,187289
2021-10-22,2021-11-25,18189.1,18189.1,36093
2021-10-22,2021-12-30,18274.1,18274.1,4147
2024-10-22,2024-11-28,24673.15,24673.15,48618
2024-10-22,2024-12-26,24831.85,24831.85,14029
2024-10-22,2024-10-31,24538.3,24538.3,250170
2020-09-22,2020-09-24,11162.05,11162.05,228301
2020-09-22,2020-10-29,11181.15,11181.15,54527
2020-09-22,2020-11-26,11188.3,11188.3,2252
2021-09-22,2021-09-30,17568.5,17568.5,111622
2021-09-22,2021-10-28,17602.25,17602.25,14691
2021-09-22,2021-11-25,17631.75,17631.75,1563
2022-09-22,2022-09-29,17647.6,17647.6,227785
2022-09-22,2022-10-27,17707.75,17707.75,42881
2022-09-22,2022-11-24,17772.5,17772.5,6759
2023-09-22,2023-09-28,19708.25,19708.25,113657
2023-09-22,2023-10-26,19822.65,19822.65,26350
2023-09-22,2023-11-30,19948.65,19948.65,4435
2020-04-23,2020-04-30,9296.75,9296.75,207322
2020-04-23,2020-05-28,9319.4,9319.4,18175
2020-04-23,2020-06-25,9317.95,9317.95,1880
2021-04-23,2021-04-29,14338.6,14338.6,151799
2021-04-23,2021-05-27,14393.95,14393.95,19910
2021-04-23,2021-06-24,14418.95,14418.95,2407
2024-04-23,2024-04-25,22371.05,22371.05,97461
2024-04-23,2024-05-30,22485.7,22485.7,68637
2024-04-23,2024-06-27,22593.9,22593.9,4379
2025-04-23,2025-06-26,24557.2,24557.2,5463
2025-04-23,2025-04-24,24312.7,24312.7,99138
2025-04-23,2025-05-29,24448.7,24448.7,85443
2021-08-23,2021-08-26,16494.25,16494.25,147630
2021-08-23,2021-09-30,16528.4,16528.4,42313
2021-08-23,2021-10-28,16549.65,16549.65,2531
2022-08-23,2022-08-25,17585.55,17585.55,264578
2022-08-23,2022-09-29,17665.55,17665.55,115523
2022-08-23,2022-10-27,17737.9,17737.9,9729
2023-08-23,2023-08-31,19430.9,19430.9,80992
2023-08-23,2023-09-28,19539.75,19539.75,10462
2023-08-23,2023-10-26,19626.7,19626.7,2471
2024-08-23,2024-10-31,25092.35,25092.35,5224
2024-08-23,2024-09-26,24965.65,24965.65,40166
2024-08-23,2024-08-29,24854.0,24854.0,142487
2020-12-23,2020-12-31,13612.45,13612.45,118696
2020-12-23,2021-01-28,13656.8,13656.8,14119
2020-12-23,2021-02-25,13687.05,13687.05,1419
2021-12-23,2021-12-30,17078.45,17078.45,157470
2021-12-23,2022-01-27,17129.5,17129.5,19482
2021-12-23,2022-02-24,17171.85,17171.85,2169
2022-12-23,2022-12-29,17863.9,17863.9,241009
2022-12-23,2023-01-25,17973.3,17973.3,61241
2022-12-23,2023-02-23,18061.0,18061.0,8613
2024-12-23,2024-12-26,23769.75,23769.75,231423
2024-12-23,2025-01-30,23941.5,23941.5,107865
2024-12-23,2025-02-27,24080.8,24080.8,3976
2021-02-23,2021-02-25,14711.55,14711.55,185394
2021-02-23,2021-03-25,14762.85,14762.85,52909
2021-02-23,2021-04-29,14821.1,14821.1,2800
2022-02-23,2022-02-24,17080.65,17080.65,197062
2022-02-23,2022-03-31,17122.85,17122.85,104704
2022-02-23,2022-04-28,17180.75,17180.75,5062
2023-02-23,2023-02-23,17512.05,17511.25,169247
2023-02-23,2023-03-29,17623.0,17623.0,191293
2023-02-23,2023-04-27,17724.4,17724.4,8782
2024-02-23,2024-02-29,22228.85,22228.85,120520
2024-02-23,2024-03-28,22374.3,22374.3,33267
2024-02-23,2024-04-25,22514.0,22514.0,4063
2023-01-23,2023-01-25,18148.15,18148.15,132851
2023-01-23,2023-02-23,18228.1,18228.1,72961
2023-01-23,2023-03-29,18302.35,18302.35,5398
2024-01-23,2024-01-25,21194.25,21194.25,252641
2024-01-23,2024-02-29,21352.3,21352.3,133648
2024-01-23,2024-03-28,21498.65,21498.65,9395
2025-01-23,2025-02-27,23394.3,23394.3,11767
2025-01-23,2025-03-27,23545.3,23545.3,1758
2025-01-23,2025-01-30,23263.7,23263.7,161222
2020-07-23,2020-07-30,11207.55,11207.55,132415
2020-07-23,2020-08-27,11214.45,11214.45,15763
2020-07-23,2020-09-24,11220.2,11220.2,1275
2021-07-23,2021-07-29,15853.1,15853.1,115142
2021-07-23,2021-08-26,15892.15,15892.15,19371
2021-07-23,2021-09-30,15938.15,15938.15,2237
2024-07-23,2024-08-29,24582.45,24582.45,222917
2024-07-23,2024-09-26,24719.65,24719.65,24154
2024-07-23,2024-07-25,24463.1,24463.1,535506
2020-06-23,2020-06-25,10467.7,10467.7,193208
2020-06-23,2020-07-30,10451.45,10451.45,52455
2020-06-23,2020-08-27,10447.3,10447.3,2274
2021-06-23,2021-06-24,15695.9,15695.9,102244
2021-06-23,2021-07-29,15742.35,15742.35,86303
2021-06-23,2021-08-26,15791.4,15791.4,2917
2022-06-23,2022-06-30,15572.95,15572.95,335913
2022-06-23,2022-07-28,15582.25,15582.25,52026
2022-06-23,2022-08-25,15617.75,15617.75,8406
2023-06-23,2023-06-29,18705.9,18705.9,129582
2023-06-23,2023-07-27,18797.1,18797.1,28048
2023-06-23,2023-08-31,18893.55,18893.55,4197
2021-03-23,2021-03-25,14832.9,14832.9,189195
2021-03-23,2021-04-29,14924.15,14924.15,58795
2021-03-23,2021-05-27,14974.35,14974.35,2631
2022-03-23,2022-03-31,17272.25,17272.25,219341
2022-03-23,2022-04-28,17318.95,17318.95,29267
2022-03-23,2022-05-26,17362.25,17362.25,6993
2023-03-23,2023-03-29,17087.5,17087.5,175746
2023-03-23,2023-04-27,17185.65,17185.65,28237
2023-03-23,2023-05-25,17246.95,17246.95,6001
2022-05-23,2022-05-26,16183.35,16183.35,248659
2022-05-23,2022-06-30,16179.75,16179.75,69470
2022-05-23,2022-07-28,16211.25,16211.25,8646
2023-05-23,2023-05-25,18365.8,18365.8,98625
2023-05-23,2023-06-29,18444.05,18444.05,59831
2023-05-23,2023-07-27,18508.45,18508.45,4395
2024-05-23,2024-05-30,23002.7,23002.7,412684
2024-05-23,2024-06-27,23091.75,23091.75,113408
2024-05-23,2024-07-25,23184.8,23184.8,15787
2020-11-23,2020-11-26,12934.35,12934.35,134013
2020-11-23,2020-12-31,12954.9,12954.9,28692
2020-11-23,2021-01-28,12966.1,12966.1,1459
2021-11-23,2021-11-25,17495.25,17495.25,192765
2021-11-23,2021-12-30,17540.55,17540.55,90838
2021-11-23,2022-01-27,17608.6,17608.6,5505
2022-11-23,2022-11-24,18286.75,18286.75,132279
2022-11-23,2022-12-29,18396.85,18396.85,98779
2022-11-23,2023-01-25,18490.8,18490.8,4644
2023-11-23,2023-11-30,19868.75,19868.75,77037
2023-11-23,2023-12-28,19980.25,19980.25,16097
2023-11-23,2024-01-25,20091.8,20091.8,1696
2020-10-23,2020-10-29,11934.35,11934.35,102492
2020-10-23,2020-11-26,11958.65,11958.65,12626
2020-10-23,2020-12-31,11969.45,11969.45,1567
2023-10-23,2023-10-26,19269.2,19269.2,116098
2023-10-23,2023-11-30,19381.35,19381.35,80444
2023-10-23,2023-12-28,19499.1,19499.1,7189
2024-10-23,2024-11-28,24619.55,24619.55,45012
2024-10-23,2024-10-31,24482.65,24482.65,209726
2024-10-23,2024-12-26,24773.55,24773.55,11914
2020-09-23,2020-09-24,11147.65,11147.65,188206
2020-09-23,2020-10-29,11163.45,11163.45,79379
2020-09-23,2020-11-26,11172.5,11172.5,2172
2021-09-23,2021-09-30,17833.1,17833.1,127580
2021-09-23,2021-10-28,17859.8,17859.8,26679
2021-09-23,2021-11-25,17887.65,17887.65,3779
2022-09-23,2022-09-29,17335.85,17335.85,245085
2022-09-23,2022-10-27,17394.2,17394.2,48740
2022-09-23,2022-11-24,17459.75,17459.75,8390
2024-09-23,2024-09-26,25917.85,25917.85,250164
2024-09-23,2024-11-28,26143.95,26143.95,12582
2024-09-23,2024-10-31,26043.85,26043.85,159220
2020-04-24,2020-04-30,9138.25,9138.25,224572
2020-04-24,2020-05-28,9163.8,9163.8,25318
2020-04-24,2020-06-25,9160.25,9160.25,2404
2023-04-24,2023-04-27,17763.9,17763.9,190742
2023-04-24,2023-05-25,17821.65,17821.65,36027
2023-04-24,2023-06-29,17877.5,17877.5,4708
2024-04-24,2024-04-25,22414.7,22414.7,111041
2024-04-24,2024-05-30,22509.75,22509.75,94107
2024-04-24,2024-06-27,22619.85,22619.85,5554
2025-04-24,2025-05-29,24373.0,24373.0,76312
2025-04-24,2025-06-26,24474.5,24474.5,3761
2025-04-24,2025-04-24,24245.7,24246.7,55201
2020-08-24,2020-08-27,11474.15,11474.15,110322
2020-08-24,2020-09-24,11482.8,11482.8,23820
2020-08-24,2020-10-29,11488.6,11488.6,6370
2021-08-24,2021-08-26,16620.25,16620.25,123179
2021-08-24,2021-09-30,16656.8,16656.8,69720
2021-08-24,2021-10-28,16679.5,16679.5,3615
2022-08-24,2022-08-25,17617.25,17617.25,192084
2022-08-24,2022-09-29,17699.25,17699.25,116862
2022-08-24,2022-10-27,17757.35,17757.35,6920
2023-08-24,2023-08-31,19395.6,19395.6,124939
2023-08-24,2023-09-28,19510.5,19510.5,22425
2023-08-24,2023-10-26,19605.95,19605.95,4105
2020-12-24,2020-12-31,13763.75,13763.75,130948
2020-12-24,2021-01-28,13805.55,13805.55,22704
2020-12-24,2021-02-25,13836.2,13836.2,2007
2021-12-24,2021-12-30,17003.8,17003.8,165621
2021-12-24,2022-01-27,17047.15,17047.15,39670
2021-12-24,2022-02-24,17097.15,17097.15,2615
2024-12-24,2025-01-30,23929.25,23929.25,220661
2024-12-24,2024-12-26,23770.6,23770.6,247554
2024-12-24,2025-02-27,24073.85,24073.85,3480
2021-02-24,2021-02-25,14993.75,14993.75,137821
2021-02-24,2021-03-25,15037.55,15037.55,56258
2021-02-24,2021-04-29,15105.15,15105.15,2056
2022-02-24,2022-02-24,16262.5,16247.95,303043
2022-02-24,2022-03-31,16272.7,16272.7,407289
2022-02-24,2022-04-28,16330.05,16330.05,22104
2023-02-24,2023-03-29,17559.25,17559.25,145816
2023-02-24,2023-04-27,17659.0,17659.0,13793
2023-02-24,2023-05-25,17724.8,17724.8,10154
2025-02-24,2025-04-24,22895.1,22895.1,4112
2025-02-24,2025-03-27,22744.55,22744.55,70700
2025-02-24,2025-02-27,22612.65,22612.65,106292
2022-01-24,2022-01-27,17151.65,17151.65,295077
2022-01-24,2022-02-24,17188.25,17188.25,109742
2022-01-24,2022-03-31,17258.45,17258.45,12044
2023-01-24,2023-01-25,18128.25,18128.25,126828
2023-01-24,2023-02-23,18212.85,18212.85,89776
2023-01-24,2023-03-29,18292.85,18292.85,6075
2024-01-24,2024-01-25,21477.6,21477.6,213430
2024-01-24,2024-02-29,21612.35,21612.35,182563
2024-01-24,2024-03-28,21754.65,21754.65,10172
2025-01-24,2025-02-27,23246.65,23246.65,24731
2025-01-24,2025-03-27,23403.15,23403.15,3024
2025-01-24,2025-01-30,23113.9,23113.9,275484
2020-07-24,2020-07-30,11170.25,11170.25,181513
2020-07-24,2020-08-27,11178.2,11178.2,30414
2020-07-24,2020-09-24,11186.4,11186.4,1811
2023-07-24,2023-07-27,19692.7,19692.7,121075
2023-07-24,2023-08-31,19811.5,19811.5,54849
2023-07-24,2023-09-28,19935.4,19935.4,4099
2024-07-24,2024-07-25,24388.75,24388.75,315393
2024-07-24,2024-08-29,24492.2,24492.2,307210
2024-07-24,2024-09-26,24631.55,24631.55,15060
2020-06-24,2020-06-25,10295.65,10295.65,254896
2020-06-24,2020-07-30,10280.75,10280.75,113023
2020-06-24,2020-08-27,10284.35,10284.35,3385
2021-06-24,2021-06-24,15791.45,15790.45,100504
2021-06-24,2021-07-29,15832.45,15832.45,147070
2021-06-24,2021-08-26,15879.1,15879.1,5459
2022-06-24,2022-06-30,15712.3,15712.3,197522
2022-06-24,2022-07-28,15720.3,15720.3,43875
2022-06-24,2022-08-25,15752.95,15752.95,5915
2024-06-24,2024-06-27,23543.2,23543.2,259606
2024-06-24,2024-07-25,23669.8,23669.8,156398
2024-06-24,2024-08-29,23790.8,23790.8,9866
2021-03-24,2021-03-25,14555.3,14555.3,164585
2021-03-24,2021-04-29,14648.5,14648.5,93816
2021-03-24,2021-05-27,14696.5,14696.5,4462
2022-03-24,2022-03-31,17242.8,17242.8,193657
2022-03-24,2022-04-28,17291.6,17291.6,28105
2022-03-24,2022-05-26,17338.65,17338.65,3767
2023-03-24,2023-03-29,16955.05,16955.05,164312
2023-03-24,2023-04-27,17047.9,17047.9,46172
2023-03-24,2023-05-25,17111.7,17111.7,7103
2025-03-24,2025-05-29,23979.7,23979.7,7264
2025-03-24,2025-04-24,23844.15,23844.15,49390
2025-03-24,2025-03-27,23699.35,23699.35,94775
2021-05-24,2021-05-27,15202.65,15202.65,95232
2021-05-24,2021-06-24,15230.95,15230.95,26342
2021-05-24,2021-07-29,15280.65,15280.65,3975
2022-05-24,2022-05-26,16104.7,16104.7,225951
2022-05-24,2022-06-30,16100.8,16100.8,93004
2022-05-24,2022-07-28,16127.15,16127.15,7277
2023-05-24,2023-05-25,18295.9,18295.9,134373
2023-05-24,2023-06-29,18384.8,18384.8,104698
2023-05-24,2023-07-27,18449.45,18449.45,5316
2024-05-24,2024-05-30,23019.6,23019.6,219961
2024-05-24,2024-06-27,23109.15,23109.15,66760
2024-05-24,2024-07-25,23225.35,23225.35,7400
2020-11-24,2020-11-26,13062.45,13062.45,134212
2020-11-24,2020-12-31,13083.55,13083.55,56965
2020-11-24,2021-01-28,13099.15,13099.15,2216
2021-11-24,2021-11-25,17408.1,17408.1,168812
2021-11-24,2021-12-30,17447.45,17447.45,120361
2021-11-24,2022-01-27,17517.9,17517.9,3502
2022-11-24,2022-11-24,18460.2,18484.1,152936
2022-11-24,2022-12-29,18626.15,18626.15,190026
2022-11-24,2023-01-25,18716.3,18716.3,12097
2023-11-24,2023-11-30,19826.95,19826.95,63650
2023-11-24,2023-12-28,19937.95,19937.95,20543
2023-11-24,2024-01-25,20054.0,20054.0,1544
2022-10-24,2022-10-27,17732.55,17732.55,80759
2022-10-24,2022-11-24,17770.3,17770.3,25685
2022-10-24,2022-12-29,17819.95,17819.95,3260
2024-10-24,2024-10-31,24452.0,24452.0,153868
2024-10-24,2024-11-28,24593.9,24593.9,32765
2024-10-24,2024-12-26,24751.5,24751.5,7611
2020-09-24,2020-09-24,10811.2,10805.55,173405
2020-09-24,2020-10-29,10836.2,10836.2,173109
2020-09-24,2020-11-26,10856.2,10856.2,5147
2021-09-24,2021-09-30,17853.6,17853.6,125636
2021-09-24,2021-10-28,17882.1,17882.1,28831
2021-09-24,2021-11-25,17907.8,17907.8,3087
2024-09-24,2024-09-26,25944.7,25944.7,225409
2024-09-24,2024-11-28,26179.8,26179.8,9970
2024-09-24,2024-10-31,26081.35,26081.35,185210
2022-04-25,2022-04-28,16958.35,16958.35,222213
2022-04-25,2022-05-26,16988.8,16988.8,74316
2022-04-25,2022-06-30,17030.05,17030.05,8243
2023-04-25,2023-04-27,17782.3,17782.3,120785
2023-04-25,2023-05-25,17852.5,17852.5,59265
2023-04-25,2023-06-29,17908.25,17908.25,5630
2024-04-25,2024-04-25,22583.6,22570.35,189252
2024-04-25,2024-05-30,22653.95,22653.95,232905
2024-04-25,2024-06-27,22757.0,22757.0,12823
2025-04-25,2025-05-29,24139.1,24139.1,168230
2025-04-25,2025-07-31,24366.4,24366.4,2484
2025-04-25,2025-06-26,24243.4,24243.4,9543
2020-08-25,2020-08-27,11471.65,11471.65,134094
2020-08-25,2020-09-24,11482.15,11482.15,48140
2020-08-25,2020-10-29,11492.9,11492.9,1444
2021-08-25,2021-08-26,16632.35,16632.35,149217
2021-08-25,2021-09-30,16664.9,16664.9,112977
2021-08-25,2021-10-28,16691.55,16691.55,4893
2022-08-25,2022-08-25,17531.5,17522.45,171481
2022-08-25,2022-09-29,17588.4,17588.4,215178
2022-08-25,2022-10-27,17656.1,17656.1,12920
2023-08-25,2023-08-31,19250.3,19250.3,130106
2023-08-25,2023-09-28,19364.95,19364.95,31873
2023-08-25,2023-10-26,19456.7,19456.7,4559
2021-02-25,2021-02-25,15100.55,15097.35,161791
2021-02-25,2021-03-25,15169.5,15169.5,132977
2021-02-25,2021-04-29,15242.2,15242.2,5949
2022-02-25,2022-03-31,16656.05,16656.05,351873
2022-02-25,2022-04-28,16700.4,16700.4,61330
2022-02-25,2022-05-26,16751.3,16751.3,10461
2025-02-25,2025-02-27,22582.15,22582.15,94896
2025-02-25,2025-04-24,22866.8,22866.8,3397
2025-02-25,2025-03-27,22716.2,22716.2,70205
2021-01-25,2021-01-28,14253.15,14253.15,185139
2021-01-25,2021-02-25,14301.5,14301.5,59274
2021-01-25,2021-03-25,14318.45,14318.45,3696
2022-01-25,2022-01-27,17283.45,17283.45,264142
2022-01-25,2022-02-24,17320.75,17320.75,154488
2022-01-25,2022-03-31,17380.6,17380.6,9819
2023-01-25,2023-01-25,17888.5,17891.95,186326
2023-01-25,2023-02-23,17985.9,17985.9,202564
2023-01-25,2023-03-29,18074.45,18074.45,11994
2024-01-25,2024-01-25,21325.45,21352.6,145154
2024-01-25,2024-02-29,21488.55,21488.55,184170
2024-01-25,2024-03-28,21617.9,21617.9,8386
2022-07-25,2022-07-28,16632.1,16632.1,158228
2022-07-25,2022-08-25,16645.25,16645.25,47856
2022-07-25,2022-09-29,16688.85,16688.85,5844
2023-07-25,2023-07-27,19691.15,19691.15,105261
2023-07-25,2023-08-31,19815.95,19815.95,68147
2023-07-25,2023-09-28,19940.9,19940.9,4558
2024-07-25,2024-07-25,24405.25,24406.1,322209
2024-07-25,2024-08-29,24455.4,24455.4,411593
2024-07-25,2024-09-26,24580.85,24580.85,21925
2020-06-25,2020-06-25,10296.5,10288.9,248867
2020-06-25,2020-07-30,10245.65,10245.65,190710
2020-06-25,2020-08-27,10241.45,10241.45,5157
2021-06-25,2021-07-29,15888.0,15888.0,108637
2021-06-25,2021-08-26,15936.0,15936.0,2892
2021-06-25,2021-09-30,15978.05,15978.05,766
2024-06-25,2024-06-27,23731.25,23731.25,254050
2024-06-25,2024-07-25,23831.65,23831.65,165386
2024-06-25,2024-08-29,23944.05,23944.05,14751
2021-03-25,2021-03-25,14334.1,14324.9,177141
2021-03-25,2021-04-29,14435.55,14435.55,160069
2021-03-25,2021-05-27,14483.1,14483.1,11452
2022-03-25,2022-03-31,17194.05,17194.05,159458
2022-03-25,2022-04-28,17241.05,17241.05,33724
2022-03-25,2022-05-26,17282.75,17282.75,4394
2025-03-25,2025-04-24,23861.55,23861.55,64807
2025-03-25,2025-05-29,23981.15,23981.15,6851
2025-03-25,2025-03-27,23705.35,23705.35,112607
2021-05-25,2021-05-27,15218.0,15218.0,104026
2021-05-25,2021-06-24,15248.1,15248.1,49657
2021-05-25,2021-07-29,15296.5,15296.5,3832
2022-05-25,2022-05-26,16013.8,16013.8,215455
2022-05-25,2022-06-30,16012.1,16012.1,139775
2022-05-25,2022-07-28,16039.3,16039.3,7584
2023-05-25,2023-05-25,18322.25,18321.15,120043
2023-05-25,2023-06-29,18420.25,18420.25,154722
2023-05-25,2023-07-27,18481.25,18481.25,6903
2020-11-25,2020-11-26,12859.15,12859.15,242498
2020-11-25,2020-12-31,12889.35,12889.35,116963
2020-11-25,2021-01-28,12906.45,12906.45,4263
2021-11-25,2021-11-25,17526.6,17536.25,172696
2021-11-25,2021-12-30,17588.95,17588.95,165634
2021-11-25,2022-01-27,17657.55,17657.55,7867
2022-11-25,2022-12-29,18646.1,18646.1,125828
2022-11-25,2023-01-25,18751.9,18751.9,9193
2022-11-25,2023-02-23,18842.3,18842.3,2598
2024-11-25,2025-01-30,24568.3,24568.3,20171
2024-11-25,2024-12-26,24421.55,24421.55,150441
2024-11-25,2024-11-28,24273.5,24273.5,304051
2021-10-25,2021-10-28,18145.45,18145.45,187270
2021-10-25,2021-11-25,18185.3,18185.3,55344
2021-10-25,2021-12-30,18269.55,18269.55,3834
2022-10-25,2022-10-27,17654.95,17654.95,157461
2022-10-25,2022-11-24,17688.65,17688.65,101771
2022-10-25,2022-12-29,17748.45,17748.45,5088
2023-10-25,2023-10-26,19128.0,19128.0,176093
2023-10-25,2023-11-30,19224.95,19224.95,127268
2023-10-25,2023-12-28,19327.3,19327.3,9671
2024-10-25,2024-11-28,24333.3,24333.3,87141
2024-10-25,2024-12-26,24489.8,24489.8,21195
2024-10-25,2024-10-31,24192.75,24192.75,282219
2020-09-25,2020-10-29,11042.2,11042.2,217124
2020-09-25,2020-11-26,11062.9,11062.9,5712
2020-09-25,2020-12-31,11073.6,11073.6,1011
2023-09-25,2023-09-28,19700.5,19700.5,124504
2023-09-25,2023-10-26,19820.35,19820.35,50356
2023-09-25,2023-11-30,19942.75,19942.75,4283
2024-09-25,2024-11-28,26232.0,26232.0,12156
2024-09-25,2024-09-26,25998.2,25998.2,189802
2024-09-25,2024-10-31,26126.7,26126.7,198757
2021-04-26,2021-04-29,14486.2,14486.2,126133
2021-04-26,2021-05-27,14537.4,14537.4,34399
2021-04-26,2021-06-24,14568.0,14568.0,2443
2022-04-26,2022-04-28,17204.0,17204.0,190949
2022-04-26,2022-05-26,17234.3,17234.3,75125
2022-04-26,2022-06-30,17266.3,17266.3,6620
2023-04-26,2023-04-27,17814.9,17814.9,130470
2023-04-26,2023-05-25,17892.05,17892.05,85997
2023-04-26,2023-06-29,17950.8,17950.8,6010
2024-04-26,2024-05-30,22556.0,22556.0,249718
2024-04-26,2024-06-27,22667.05,22667.05,17595
2024-04-26,2024-07-25,22795.65,22795.65,2327
2020-08-26,2020-08-27,11548.2,11548.2,125200
2020-08-26,2020-09-24,11564.9,11564.9,79661
2020-08-26,2020-10-29,11582.45,11582.45,4468
2021-08-26,2021-08-26,16634.4,16636.9,126139
2021-08-26,2021-09-30,16647.65,16647.65,125046
2021-08-26,2021-10-28,16665.75,16665.75,5829
2022-08-26,2022-09-29,17653.75,17653.75,194876
2022-08-26,2022-10-27,17710.3,17710.3,11756
2022-08-26,2022-11-24,17777.5,17777.5,2964
2024-08-26,2024-09-26,25165.5,25165.5,128381
2024-08-26,2024-10-31,25280.5,25280.5,10348
2024-08-26,2024-08-29,25043.3,25043.3,206149
2022-12-26,2022-12-29,18027.3,18027.3,170067
2022-12-26,2023-01-25,18134.45,18134.45,69908
2022-12-26,2023-02-23,18223.75,18223.75,9406
2023-12-26,2023-12-28,21472.3,21472.3,131234
2023-12-26,2024-01-25,21633.1,21633.1,89689
2023-12-26,2024-02-29,21771.05,21771.05,6647
2024-12-26,2025-01-30,23919.75,23919.75,245279
2024-12-26,2025-02-27,24066.65,24066.65,4670
2024-12-26,2024-12-26,23748.7,23750.2,215926
2021-02-26,2021-03-25,14578.45,14578.45,350548
2021-02-26,2021-04-29,14642.7,14642.7,12027
2021-02-26,2021-05-27,14685.65,14685.65,2224
2024-02-26,2024-02-29,22141.65,22141.65,119614
2024-02-26,2024-03-28,22291.8,22291.8,58903
2024-02-26,2024-04-25,22435.7,22435.7,3039
2021-07-26,2021-07-29,15820.45,15820.45,100892
2021-07-26,2021-08-26,15860.55,15860.55,33843
2021-07-26,2021-09-30,15907.95,15907.95,2803
2022-07-26,2022-07-28,16491.3,16491.3,160254
2022-07-26,2022-08-25,16503.95,16503.95,73926
2022-07-26,2022-09-29,16542.1,16542.1,7365
2023-07-26,2023-07-27,19774.0,19774.0,101031
2023-07-26,2023-08-31,19889.95,19889.95,88715
2023-07-26,2023-09-28,19999.0,19999.0,10959
2024-07-26,2024-09-26,25022.65,25022.65,34132
2024-07-26,2024-08-29,24915.45,24915.45,409727
2024-07-26,2024-10-31,25146.0,25146.0,6310
2020-06-26,2020-07-30,10318.0,10318.0,229894
2020-06-26,2020-08-27,10315.4,10315.4,5376
2020-06-26,2020-09-24,10331.5,10331.5,602
2023-06-26,2023-06-29,18717.2,18717.2,91687
2023-06-26,2023-07-27,18806.3,18806.3,44541
2023-06-26,2023-08-31,18898.45,18898.45,2566
2024-06-26,2024-06-27,23867.95,23867.95,228932
2024-06-26,2024-07-25,23972.5,23972.5,209368
2024-06-26,2024-08-29,24074.8,24074.8,15943
2021-03-26,2021-04-29,14608.5,14608.5,154879
2021-03-26,2021-05-27,14659.9,14659.9,6831
2021-03-26,2021-06-24,14688.6,14688.6,1432
2024-03-26,2024-03-28,22088.55,22088.55,131913
2024-03-26,2024-04-25,22260.55,22260.55,73024
2024-03-26,2024-05-30,22413.2,22413.2,3501
2025-03-26,2025-05-29,23812.2,23812.2,4832
2025-03-26,2025-04-24,23681.45,23681.45,94432
2025-03-26,2025-03-27,23521.9,23521.9,110793
2020-05-26,2020-05-28,9034.0,9034.0,210317
2020-05-26,2020-06-25,9028.2,9028.2,57048
2020-05-26,2020-07-30,9030.0,9030.0,1936
2021-05-26,2021-05-27,15303.0,15303.0,103187
2021-05-26,2021-06-24,15335.5,15335.5,60358
2021-05-26,2021-07-29,15378.65,15378.65,3691
2022-05-26,2022-05-26,16159.05,16170.15,245653
2022-05-26,2022-06-30,16168.1,16168.1,250999
2022-05-26,2022-07-28,16183.75,16183.75,30699
2023-05-26,2023-06-29,18573.3,18573.3,144445
2023-05-26,2023-07-27,18640.15,18640.15,8965
2023-05-26,2023-08-31,18720.15,18720.15,3726
2020-11-26,2020-11-26,12977.2,12987.0,162905
2020-11-26,2020-12-31,13022.55,13022.55,136899
2020-11-26,2021-01-28,13041.6,13041.6,6739
2021-11-26,2021-12-30,17052.15,17052.15,287958
2021-11-26,2022-01-27,17119.05,17119.05,12242
2021-11-26,2022-02-24,17157.85,17157.85,2266
2024-11-26,2024-11-28,24217.1,24217.1,186502
2024-11-26,2024-12-26,24356.9,24356.9,124056
2024-11-26,2025-01-30,24520.35,24520.35,10224
2020-10-26,2020-10-29,11778.4,11778.4,160116
2020-10-26,2020-11-26,11793.45,11793.45,31790
2020-10-26,2020-12-31,11809.25,11809.25,2231
2021-10-26,2021-10-28,18314.15,18314.15,167070
2021-10-26,2021-11-25,18342.75,18342.75,85205
2021-10-26,2021-12-30,18415.5,18415.5,3450
2023-10-26,2023-10-26,18856.7,18857.25,134122
2023-10-26,2023-11-30,18972.6,18972.6,208803
2023-10-26,2023-12-28,19079.3,19079.3,13842
2022-09-26,2022-09-29,17028.75,17028.75,247495
2022-09-26,2022-10-27,17082.15,17082.15,79991
2022-09-26,2022-11-24,17151.45,17151.45,9407
2023-09-26,2023-09-28,19677.05,19677.05,78080
2023-09-26,2023-10-26,19793.55,19793.55,51900
2023-09-26,2023-11-30,19916.5,19916.5,2437
2024-09-26,2024-09-26,26226.5,26216.05,254868
2024-09-26,2024-11-28,26402.35,26402.35,35226
2024-09-26,2024-10-31,26308.85,26308.85,395284
2020-04-27,2020-04-30,9295.15,9295.15,220401
2020-04-27,2020-05-28,9311.25,9311.25,40580
2020-04-27,2020-06-25,9309.65,9309.65,2243
2021-04-27,2021-04-29,14644.7,14644.7,111238
2021-04-27,2021-05-27,14698.1,14698.1,41449
2021-04-27,2021-06-24,14725.2,14725.2,2209
2022-04-27,2022-04-28,17053.8,17053.8,214333
2022-04-27,2022-05-26,17080.95,17080.95,129110
2022-04-27,2022-06-30,17111.4,17111.4,8014
2023-04-27,2023-04-27,17908.1,17915.05,141244
2023-04-27,2023-05-25,17991.75,17991.75,129518
2023-04-27,2023-06-29,18044.8,18044.8,10612
2020-08-27,2020-08-27,11560.55,11559.25,109982
2020-08-27,2020-09-24,11580.05,11580.05,109009
2020-08-27,2020-10-29,11589.2,11589.2,2571
2021-08-27,2021-09-30,16718.15,16718.15,122792
2021-08-27,2021-10-28,16741.25,16741.25,5209
2021-08-27,2021-11-25,16779.9,16779.9,1421
2024-08-27,2024-08-29,25017.7,25017.7,168667
2024-08-27,2024-09-26,25133.7,25133.7,136440
2024-08-27,2024-10-31,25249.0,25249.0,7631
2021-12-27,2021-12-30,17103.4,17103.4,174248
2021-12-27,2022-01-27,17151.0,17151.0,49938
2021-12-27,2022-02-24,17212.9,17212.9,13811
2022-12-27,2022-12-29,18138.0,18138.0,163650
2022-12-27,2023-01-25,18251.6,18251.6,86321
2022-12-27,2023-02-23,18338.9,18338.9,5981
2023-12-27,2023-12-28,21681.8,21681.8,141482
2023-12-27,2024-01-25,21854.1,21854.1,132684
2023-12-27,2024-02-29,21986.95,21986.95,11937
2024-12-27,2025-02-27,24132.6,24132.6,3489
2024-12-27,2025-03-27,24275.45,24275.45,1110
2024-12-27,2025-01-30,23992.65,23992.65,197296
2023-02-27,2023-03-29,17497.95,17497.95,173295
2023-02-27,2023-04-27,17594.6,17594.6,11355
2023-02-27,2023-05-25,17656.2,17656.2,4573
2024-02-27,2024-02-29,22203.05,22203.05,123409
2024-02-27,2024-03-28,22348.85,22348.85,85059
2024-02-27,2024-04-25,22488.55,22488.55,4084
2025-02-27,2025-03-27,22683.65,22683.65,97681
2025-02-27,2025-04-24,22835.45,22835.45,6349
2025-02-27,2025-02-27,22547.75,22545.05,96679
2021-01-27,2021-01-28,13982.55,13982.55,206257
2021-01-27,2021-02-25,14020.35,14020.35,88793
2021-01-27,2021-03-25,14044.9,14044.9,5017
2022-01-27,2022-01-27,17097.35,17110.15,240698
2022-01-27,2022-02-24,17149.55,17149.55,275661
2022-01-27,2022-03-31,17190.1,17190.1,16379
2023-01-27,2023-02-23,17687.15,17687.15,273547
2023-01-27,2023-03-29,17778.5,17778.5,16931
2023-01-27,2023-04-27,17842.6,17842.6,3600
2025-01-27,2025-02-27,22968.4,22968.4,45381
2025-01-27,2025-03-27,23120.5,23120.5,4695
2025-01-27,2025-01-30,22846.45,22846.45,241956
2020-07-27,2020-07-30,11122.45,11122.45,162868
2020-07-27,2020-08-27,11119.85,11119.85,40339
2020-07-27,2020-09-24,11130.8,11130.8,1989
2021-07-27,2021-07-29,15734.65,15734.65,143435
2021-07-27,2021-08-26,15772.1,15772.1,61205
2021-07-27,2021-09-30,15819.55,15819.55,3385
2022-07-27,2022-07-28,16653.3,16653.3,173755
2022-07-27,2022-08-25,16678.7,16678.7,109794
2022-07-27,2022-09-29,16715.55,16715.55,7469
2023-07-27,2023-07-27,19646.9,19659.9,137340
2023-07-27,2023-08-31,19811.4,19811.4,185376
2023-07-27,2023-09-28,19929.7,19929.7,18721
2022-06-27,2022-06-30,15835.55,15835.55,178510
2022-06-27,2022-07-28,15841.05,15841.05,62975
2022-06-27,2022-08-25,15871.75,15871.75,7404
2023-06-27,2023-06-29,18811.2,18811.2,112904
2023-06-27,2023-07-27,18919.3,18919.3,91134
2023-06-27,2023-08-31,19006.1,19006.1,5344
2024-06-27,2024-06-27,24038.05,24044.5,306976
2024-06-27,2024-07-25,24095.85,24095.85,484849
2024-06-27,2024-08-29,24194.3,24194.3,36213
2023-03-27,2023-03-29,17037.4,17037.4,216833
2023-03-27,2023-04-27,17114.1,17114.1,84949
2023-03-27,2023-05-25,17179.05,17179.05,11083
2024-03-27,2024-03-28,22167.05,22167.05,118439
2024-03-27,2024-04-25,22331.8,22331.8,96102
2024-03-27,2024-05-30,22483.7,22483.7,4060
2025-03-27,2025-04-24,23777.65,23777.65,83340
2025-03-27,2025-03-27,23593.6,23591.95,72007
2025-03-27,2025-05-29,23898.15,23898.15,6270
2020-05-27,2020-05-28,9309.4,9309.4,272349
2020-05-27,2020-06-25,9300.45,9300.45,108478
2020-05-27,2020-07-30,9297.75,9297.75,4638
2021-05-27,2021-05-27,15333.55,15337.85,105964
2021-05-27,2021-06-24,15387.15,15387.15,113205
2021-05-27,2021-07-29,15438.45,15438.45,6212
2022-05-27,2022-06-30,16326.9,16326.9,224174
2022-05-27,2022-07-28,16339.6,16339.6,13351
2022-05-27,2022-08-25,16372.15,16372.15,2297
2024-05-27,2024-05-30,22981.5,22981.5,231983
2024-05-27,2024-06-27,23100.45,23100.45,133408
2024-05-27,2024-07-25,23206.6,23206.6,12390
2020-11-27,2020-12-31,13017.4,13017.4,159655
2020-11-27,2021-01-28,13038.5,13038.5,4096
2020-11-27,2021-02-25,13043.6,13043.6,391
2024-11-27,2024-12-26,24437.55,24437.55,186305
2024-11-27,2024-11-28,24299.55,24299.55,212260
2024-11-27,2025-01-30,24603.5,24603.5,10466
2020-10-27,2020-10-29,11879.05,11879.05,149113
2020-10-27,2020-11-26,11887.35,11887.35,47100
2020-10-27,2020-12-31,11898.4,11898.4,2260
2021-10-27,2021-10-28,18215.25,18215.25,154791
2021-10-27,2021-11-25,18244.85,18244.85,107974
2021-10-27,2021-12-30,18313.05,18313.05,4133
2022-10-27,2022-10-27,17721.7,17736.95,186816
2022-10-27,2022-11-24,17789.2,17789.2,227536
2022-10-27,2022-12-29,17848.0,17848.0,9740
2023-10-27,2023-11-30,19131.35,19131.35,121503
2023-10-27,2023-12-28,19239.9,19239.9,8870
2023-10-27,2024-01-25,19343.4,19343.4,1806
2021-09-27,2021-09-30,17856.75,17856.75,126395
2021-09-27,2021-10-28,17892.55,17892.55,44948
2021-09-27,2021-11-25,17921.65,17921.65,2763
2022-09-27,2022-09-29,17018.65,17018.65,236488
2022-09-27,2022-10-27,17071.9,17071.9,92122
2022-09-27,2022-11-24,17123.95,17123.95,9660
2023-09-27,2023-09-28,19719.05,19719.05,116186
2023-09-27,2023-10-26,19828.9,19828.9,88887
2023-09-27,2023-11-30,19949.95,19949.95,5702
2024-09-27,2024-11-28,26459.15,26459.15,18083
2024-09-27,2024-10-31,26345.15,26345.15,191859
2024-09-27,2024-12-26,26564.1,26564.1,8685
2020-04-28,2020-04-30,9397.75,9397.75,195505
2020-04-28,2020-05-28,9412.5,9412.5,47864
2020-04-28,2020-06-25,9417.65,9417.65,2956
2021-04-28,2021-04-29,14855.3,14855.3,126120
2021-04-28,2021-05-27,14907.85,14907.85,64165
2021-04-28,2021-06-24,14934.65,14934.65,3596
2022-04-28,2022-04-28,17256.2,17245.05,179360
2022-04-28,2022-05-26,17260.35,17260.35,206125
2022-04-28,2022-06-30,17287.35,17287.35,11008
2023-04-28,2023-05-25,18111.15,18111.15,126397
2023-04-28,2023-06-29,18167.25,18167.25,10300
2023-04-28,2023-07-27,18229.65,18229.65,2446
2025-04-28,2025-06-26,24557.8,24557.8,6655
2025-04-28,2025-05-29,24452.8,24452.8,104248
2025-04-28,2025-07-31,24683.7,24683.7,2048
2020-08-28,2020-09-24,11675.25,11675.25,151946
2020-08-28,2020-10-29,11689.05,11689.05,3475
2020-08-28,2020-11-26,11697.1,11697.1,471
2023-08-28,2023-08-31,19321.3,19321.3,106263
2023-08-28,2023-09-28,19421.25,19421.25,47410
2023-08-28,2023-10-26,19511.9,19511.9,2690
2024-08-28,2024-08-29,25048.35,25048.35,214598
2024-08-28,2024-10-31,25281.3,25281.3,12923
2024-08-28,2024-09-26,25161.6,25161.6,213942
2020-12-28,2020-12-31,13890.55,13890.55,85622
2020-12-28,2021-01-28,13939.6,13939.6,35881
2020-12-28,2021-02-25,13972.75,13972.75,2391
2021-12-28,2021-12-30,17246.75,17246.75,128470
2021-12-28,2022-01-27,17290.0,17290.0,55795
2021-12-28,2022-02-24,17346.55,17346.55,3325
2022-12-28,2022-12-29,18122.35,18122.35,130940
2022-12-28,2023-01-25,18238.65,18238.65,92596
2022-12-28,2023-02-23,18314.8,18314.8,5932
2023-12-28,2023-12-28,21774.7,21778.7,135417
2023-12-28,2024-01-25,21942.3,21942.3,160214
2023-12-28,2024-02-29,22067.2,22067.2,11930
2022-02-28,2022-03-31,16794.25,16794.25,310462
2022-02-28,2022-04-28,16848.3,16848.3,22929
2022-02-28,2022-05-26,16901.15,16901.15,11716
2023-02-28,2023-03-29,17403.4,17403.4,182203
2023-02-28,2023-04-27,17504.3,17504.3,7872
2023-02-28,2023-05-25,17565.4,17565.4,2626
2024-02-28,2024-02-29,21921.35,21921.35,147189
2024-02-28,2024-03-28,22075.7,22075.7,119725
2024-02-28,2024-04-25,22211.2,22211.2,7890
2025-02-28,2025-04-24,22431.45,22431.45,9472
2025-02-28,2025-03-27,22280.05,22280.05,122445
2025-02-28,2025-05-29,22556.15,22556.15,2724
2021-01-28,2021-01-28,13813.5,13817.55,192368
2021-01-28,2021-02-25,13844.4,13844.4,170472
2021-01-28,2021-03-25,13872.1,13872.1,7140
2022-01-28,2022-02-24,17125.65,17125.65,260223
2022-01-28,2022-03-31,17184.9,17184.9,12934
2022-01-28,2022-04-28,17239.35,17239.35,1443
2025-01-28,2025-03-27,23248.1,23248.1,5617
2025-01-28,2025-01-30,22977.7,22977.7,323967
2025-01-28,2025-02-27,23101.25,23101.25,79525
2020-07-28,2020-07-30,11306.15,11306.15,187009
2020-07-28,2020-08-27,11305.4,11305.4,48954
2020-07-28,2020-09-24,11315.6,11315.6,3245
2021-07-28,2021-07-29,15709.1,15709.1,177810
2021-07-28,2021-08-26,15743.4,15743.4,121538
2021-07-28,2021-09-30,15782.95,15782.95,7455
2022-07-28,2022-07-28,16923.65,16929.6,171761
2022-07-28,2022-08-25,16955.2,16955.2,215747
2022-07-28,2022-09-29,17000.05,17000.05,18376
2023-07-28,2023-08-31,19751.8,19751.8,134756
2023-07-28,2023-09-28,19881.4,19881.4,14190
2023-07-28,2023-10-26,19964.0,19964.0,3389
2021-06-28,2021-07-29,15854.95,15854.95,86923
2021-06-28,2021-08-26,15901.15,15901.15,2688
2021-06-28,2021-09-30,15952.4,15952.4,495
2022-06-28,2022-06-30,15847.7,15847.7,184027
2022-06-28,2022-07-28,15847.35,15847.35,93485
2022-06-28,2022-08-25,15880.95,15880.95,5849
2023-06-28,2023-06-28,18966.3,18972.1,127163
2023-06-28,2023-07-27,19072.45,19072.45,152181
2023-06-28,2023-08-31,19159.6,19159.6,12803
2024-06-28,2024-07-25,24132.25,24132.25,284644
2024-06-28,2024-08-29,24236.0,24236.0,23245
2024-06-28,2024-09-26,24360.55,24360.55,5403
2022-03-28,2022-03-31,17268.95,17268.95,206770
2022-03-28,2022-04-28,17309.25,17309.25,65659
2022-03-28,2022-05-26,17351.4,17351.4,9546
2023-03-28,2023-03-29,16970.6,16970.6,169371
2023-03-28,2023-04-27,17072.8,17072.8,104014
2023-03-28,2023-05-25,17139.95,17139.95,8066
2024-03-28,2024-03-28,22342.3,22326.9,163349
2024-03-28,2024-04-25,22488.2,22488.2,252094
2024-03-28,2024-05-30,22635.1,22635.1,16271
2025-03-28,2025-05-29,23765.45,23765.45,10235
2025-03-28,2025-04-24,23637.65,23637.65,97506
2025-03-28,2025-06-26,23874.9,23874.9,3576
2020-05-28,2020-05-28,9483.95,9490.1,193090
2020-05-28,2020-06-25,9427.95,9427.95,169665
2020-05-28,2020-07-30,9421.65,9421.65,4733
2021-05-28,2021-06-24,15463.85,15463.85,85794
2021-05-28,2021-07-29,15513.8,15513.8,6036
2021-05-28,2021-08-26,15558.2,15558.2,710
2024-05-28,2024-05-30,22937.25,22937.25,198257
2024-05-28,2024-06-27,23044.0,23044.0,142228
2024-05-28,2024-07-25,23165.55,23165.55,10241
2022-11-28,2022-12-29,18694.1,18694.1,122999
2022-11-28,2023-01-25,18797.65,18797.65,8356
2022-11-28,2023-02-23,18886.75,18886.75,3200
2023-11-28,2023-11-30,19936.7,19936.7,105973
2023-11-28,2023-12-28,20053.15,20053.15,67891
2023-11-28,2024-01-25,20161.95,20161.95,3055
2024-11-28,2025-01-30,24283.45,24283.45,30677
2024-11-28,2024-12-26,24115.25,24115.25,479877
2024-11-28,2024-11-28,23903.55,23914.15,348073
2020-10-28,2020-10-29,11721.5,11721.5,197954
2020-10-28,2020-11-26,11734.55,11734.55,79119
2020-10-28,2020-12-31,11748.55,11748.55,3184
2021-10-28,2021-10-28,17882.75,17857.25,152790
2021-10-28,2021-11-25,17913.1,17913.1,202364
2021-10-28,2021-12-30,17987.4,17987.4,10350
2022-10-28,2022-11-24,17830.2,17830.2,161945
2022-10-28,2022-12-29,17893.1,17893.1,11220
2022-10-28,2023-01-25,17944.15,17944.15,2254
2024-10-28,2024-12-26,24640.0,24640.0,12610
2024-10-28,2024-10-31,24348.45,24348.45,261156
2024-10-28,2024-11-28,24482.05,24482.05,120606
2020-09-28,2020-10-29,11238.0,11238.0,158498
2020-09-28,2020-11-26,11256.25,11256.25,3521
2020-09-28,2020-12-31,11263.0,11263.0,908
2021-09-28,2021-09-30,17748.2,17748.2,240192
2021-09-28,2021-10-28,17776.7,17776.7,103327
2021-09-28,2021-11-25,17814.5,17814.5,5916
2022-09-28,2022-09-29,16858.7,16858.7,241255
2022-09-28,2022-10-27,16886.95,16886.95,164730
2022-09-28,2022-11-24,16938.3,16938.3,11902
2023-09-28,2023-09-28,19522.95,19523.55,131488
2023-09-28,2023-10-26,19637.1,19637.1,184346
2023-09-28,2023-11-30,19761.45,19761.45,7595
2020-04-29,2020-04-30,9549.15,9549.15,157182
2020-04-29,2020-05-28,9567.75,9567.75,66765
2020-04-29,2020-06-25,9577.45,9577.45,3239
2021-04-29,2021-04-29,14901.15,14894.9,130717
2021-04-29,2021-05-27,14932.25,14932.25,120294
2021-04-29,2021-06-24,14958.75,14958.75,5779
2022-04-29,2022-05-26,17135.25,17135.25,287698
2022-04-29,2022-06-30,17163.7,17163.7,13286
2022-04-29,2022-07-28,17183.5,17183.5,4141
2024-04-29,2024-05-30,22750.55,22750.55,230568
2024-04-29,2024-06-27,22840.65,22840.65,18377
2024-04-29,2024-07-25,22961.55,22961.55,3815
2025-04-29,2025-07-31,24663.5,24663.5,1553
2025-04-29,2025-06-26,24527.1,24527.1,5702
2025-04-29,2025-05-29,24425.3,24425.3,79024
2022-08-29,2022-09-29,17370.25,17370.25,225318
2022-08-29,2022-10-27,17425.8,17425.8,17434
2022-08-29,2022-11-24,17490.9,17490.9,3632
2023-08-29,2023-08-31,19337.1,19337.1,99552
2023-08-29,2023-09-28,19436.4,19436.4,52820
2023-08-29,2023-10-26,19527.85,19527.85,2374
2024-08-29,2024-09-26,25265.2,25265.2,431339
2024-08-29,2024-10-31,25381.95,25381.95,26638
2024-08-29,2024-08-29,25169.9,25151.95,273109
2020-12-29,2020-12-31,13935.05,13935.05,110926
2020-12-29,2021-01-28,13988.85,13988.85,41628
2020-12-29,2021-02-25,14028.2,14028.2,2773
2021-12-29,2021-12-30,17215.9,17215.9,131710
2021-12-29,2022-01-27,17263.35,17263.35,79248
2021-12-29,2022-02-24,17320.15,17320.15,2935
2022-12-29,2022-12-29,18182.05,18191.0,138782
2022-12-29,2023-01-25,18292.25,18292.25,175328
2022-12-29,2023-02-23,18362.4,18362.4,13972
2023-12-29,2024-01-25,21885.95,21885.95,127070
2023-12-29,2024-02-29,22016.15,22016.15,8187
2023-12-29,2024-03-28,22155.7,22155.7,2352
2024-02-29,2024-02-29,21957.4,21982.8,143145
2024-02-29,2024-03-28,22160.5,22160.5,181719
2024-02-29,2024-04-25,22283.5,22283.5,9955
2021-01-29,2021-02-25,13709.1,13709.1,236005
2021-01-29,2021-03-25,13744.0,13744.0,8349
2021-01-29,2021-04-29,13763.6,13763.6,718
2024-01-29,2024-02-29,21855.25,21855.25,181214
2024-01-29,2024-03-28,21992.2,21992.2,12395
2024-01-29,2024-04-25,22125.75,22125.75,2902
2025-01-29,2025-03-27,23428.8,23428.8,4992
2025-01-29,2025-01-30,23148.25,23148.25,298123
2025-01-29,2025-02-27,23279.35,23279.35,74538
2020-07-29,2020-07-30,11222.45,11222.45,207178
2020-07-29,2020-08-27,11221.3,11221.3,94598
2020-07-29,2020-09-24,11224.05,11224.05,2749
2021-07-29,2021-07-29,15781.05,15778.45,129139
2021-07-29,2021-08-26,15806.35,15806.35,130080
2021-07-29,2021-09-30,15843.05,15843.05,7777
2022-07-29,2022-08-25,17201.85,17201.85,190698
2022-07-29,2022-09-29,17254.7,17254.7,15456
2022-07-29,2022-10-27,17304.55,17304.55,5322
2024-07-29,2024-09-26,25024.7,25024.7,22002
2024-07-29,2024-10-31,25158.2,25158.2,6115
2024-07-29,2024-08-29,24910.45,24910.45,281192
2020-06-29,2020-07-30,10255.8,10255.8,219119
2020-06-29,2020-08-27,10252.9,10252.9,5239
2020-06-29,2020-09-24,10269.6,10269.6,754
2021-06-29,2021-07-29,15785.6,15785.6,118797
2021-06-29,2021-08-26,15832.25,15832.25,3999
2021-06-29,2021-09-30,15883.35,15883.35,596
2022-06-29,2022-06-30,15779.9,15779.9,200483
2022-06-29,2022-07-28,15780.85,15780.85,134580
2022-06-29,2022-08-25,15809.8,15809.8,8216
2022-03-29,2022-03-31,17368.05,17368.05,156754
2022-03-29,2022-04-28,17414.2,17414.2,96001
2022-03-29,2022-05-26,17451.65,17451.65,8367
2023-03-29,2023-03-29,17064.1,17080.7,245279
2023-03-29,2023-04-27,17213.1,17213.1,233541
2023-03-29,2023-05-25,17264.85,17264.85,13777
2020-05-29,2020-06-25,9494.1,9494.1,230942
2020-05-29,2020-07-30,9486.2,9486.2,5012
2020-05-29,2020-08-27,9499.4,9499.4,476
2023-05-29,2023-06-29,18673.7,18673.7,110383
2023-05-29,2023-07-27,18745.95,18745.95,6053
2023-05-29,2023-08-31,18823.2,18823.2,2322
2024-05-29,2024-05-30,22743.8,22743.8,280759
2024-05-29,2024-06-27,22863.0,22863.0,234448
2024-05-29,2024-07-25,22987.15,22987.15,13775
2021-11-29,2021-12-30,17094.9,17094.9,243103
2021-11-29,2022-01-27,17152.5,17152.5,11673
2021-11-29,2022-02-24,17193.8,17193.8,1550
2022-11-29,2022-12-29,18733.6,18733.6,113058
2022-11-29,2023-01-25,18833.7,18833.7,8600
2022-11-29,2023-02-23,18923.35,18923.35,3026
2023-11-29,2023-11-30,20131.45,20131.45,118269
2023-11-29,2023-12-28,20252.6,20252.6,104627
2023-11-29,2024-01-25,20368.75,20368.75,8127
2020-10-29,2020-10-29,11668.75,11670.8,164285
2020-10-29,2020-11-26,11667.9,11667.9,137046
2020-10-29,2020-12-31,11683.85,11683.85,8164
2021-10-29,2021-11-25,17715.3,17715.3,267627
2021-10-29,2021-12-30,17788.15,17788.15,10882
2021-10-29,2022-01-27,17839.9,17839.9,1172
2024-10-29,2024-12-26,24761.25,24761.25,12505
2024-10-29,2024-10-31,24477.7,24477.7,259902
2024-10-29,2024-11-28,24612.3,24612.3,167412
2020-09-29,2020-10-29,11234.7,11234.7,180166
2020-09-29,2020-11-26,11255.75,11255.75,3475
2020-09-29,2020-12-31,11268.45,11268.45,1115
2021-09-29,2021-09-30,17708.0,17708.0,178263
2021-09-29,2021-10-28,17732.6,17732.6,120864
2021-09-29,2021-11-25,17773.2,17773.2,4207
2022-09-29,2022-09-29,16814.0,16818.1,177012
2022-09-29,2022-10-27,16833.3,16833.3,217758
2022-09-29,2022-11-24,16887.5,16887.5,12552
2023-09-29,2023-10-26,19709.0,19709.0,145026
2023-09-29,2023-11-30,19826.6,19826.6,5882
2023-09-29,2023-12-28,19935.8,19935.8,2776
2020-04-30,2020-04-30,9842.4,9859.9,192468
2020-04-30,2020-05-28,9830.85,9830.85,172708
2020-04-30,2020-06-25,9837.45,9837.45,6735
2021-04-30,2021-05-27,14690.8,14690.8,166404
2021-04-30,2021-06-24,14729.75,14729.75,5744
2021-04-30,2021-07-29,14774.15,14774.15,648
2024-04-30,2024-05-30,22718.3,22718.3,220124
2024-04-30,2024-06-27,22818.5,22818.5,15877
2024-04-30,2024-07-25,22938.05,22938.05,4581
2025-04-30,2025-06-26,24520.5,24520.5,3615
2025-04-30,2025-05-29,24418.4,24418.4,69406
2025-04-30,2025-07-31,24647.0,24647.0,820
2021-08-30,2021-09-30,16942.4,16942.4,112736
2021-08-30,2021-10-28,16968.2,16968.2,6581
2021-08-30,2021-11-25,16999.35,16999.35,1581
2022-08-30,2022-09-29,17827.5,17827.5,236986
2022-08-30,2022-10-27,17876.25,17876.25,14918
2022-08-30,2022-11-24,17932.6,17932.6,5087
2023-08-30,2023-08-31,19342.5,19342.5,110017
2023-08-30,2023-09-28,19445.3,19445.3,80071
2023-08-30,2023-10-26,19541.6,19541.6,3119
2024-08-30,2024-09-26,25376.9,25376.9,222989
2024-08-30,2024-11-28,25623.85,25623.85,6056
2024-08-30,2024-10-31,25498.45,25498.45,16085
2020-12-30,2020-12-31,13977.45,13977.45,131893
2020-12-30,2021-01-28,14031.65,14031.65,78384
2020-12-30,2021-02-25,14065.05,14065.05,3248
2021-12-30,2021-12-30,17201.7,17203.95,130003
2021-12-30,2022-01-27,17267.95,17267.95,127215
2021-12-30,2022-02-24,17317.45,17317.45,5244
2022-12-30,2023-01-25,18206.85,18206.85,160196
2022-12-30,2023-02-23,18290.75,18290.75,12330
2022-12-30,2023-03-29,18368.85,18368.85,2344
2024-12-30,2025-01-30,23816.7,23816.7,229984
2024-12-30,2025-02-27,23962.3,23962.3,4876
2024-12-30,2025-03-27,24116.0,24116.0,1707
2023-01-30,2023-02-23,17741.75,17741.75,247894
2023-01-30,2023-03-29,17831.15,17831.15,13152
2023-01-30,2023-04-27,17900.45,17900.45,3510
2024-01-30,2024-02-29,21630.5,21630.5,163520
2024-01-30,2024-03-28,21774.95,21774.95,9029
2024-01-30,2024-04-25,21911.9,21911.9,2684
2025-01-30,2025-03-27,23568.3,23568.3,6235
2025-01-30,2025-01-30,23235.1,23249.5,269241
2025-01-30,2025-02-27,23418.3,23418.3,104818
2020-07-30,2020-07-30,11108.05,11102.15,162627
2020-07-30,2020-08-27,11093.4,11093.4,139910
2020-07-30,2020-09-24,11091.8,11091.8,6195
2021-07-30,2021-08-26,15777.25,15777.25,144998
2021-07-30,2021-09-30,15819.6,15819.6,7542
2021-07-30,2021-10-28,15858.35,15858.35,753
2024-07-30,2024-09-26,25051.5,25051.5,13352
2024-07-30,2024-10-31,25170.35,25170.35,3299
2024-07-30,2024-08-29,24929.1,24929.1,211184
2020-06-30,2020-07-30,10240.25,10240.25,204976
2020-06-30,2020-08-27,10236.0,10236.0,4732
2020-06-30,2020-09-24,10246.65,10246.65,565
2021-06-30,2021-07-29,15752.15,15752.15,134926
2021-06-30,2021-08-26,15800.8,15800.8,3782
2021-06-30,2021-09-30,15853.3,15853.3,888
2022-06-30,2022-06-30,15786.35,15780.25,208254
2022-06-30,2022-07-28,15744.35,15744.35,262722
2022-06-30,2022-08-25,15792.1,15792.1,33582
2023-06-30,2023-07-27,19261.25,19261.25,110566
2023-06-30,2023-08-31,19348.9,19348.9,10301
2023-06-30,2023-09-28,19438.45,19438.45,2727
2022-03-30,2022-03-31,17515.4,17515.4,188946
2022-03-30,2022-04-28,17565.05,17565.05,155582
2022-03-30,2022-05-26,17607.5,17607.5,14348
2022-05-30,2022-06-30,16643.45,16643.45,205744
2022-05-30,2022-07-28,16659.3,16659.3,13800
2022-05-30,2022-08-25,16691.15,16691.15,3487
2023-05-30,2023-06-29,18713.0,18713.0,76571
2023-05-30,2023-07-27,18783.8,18783.8,4889
2023-05-30,2023-08-31,18861.8,18861.8,1678
2024-05-30,2024-05-30,22482.5,22488.65,241362
2024-05-30,2024-06-27,22627.35,22627.35,481032
2024-05-30,2024-07-25,22775.95,22775.95,19195
2021-11-30,2021-12-30,17033.6,17033.6,308954
2021-11-30,2022-01-27,17090.5,17090.5,10644
2021-11-30,2022-02-24,17132.35,17132.35,1671
2022-11-30,2022-12-29,18874.5,18874.5,137806
2022-11-30,2023-01-25,18967.15,18967.15,9410
2022-11-30,2023-02-23,19048.7,19048.7,3444
2023-11-30,2023-11-30,20129.4,20133.15,135818
2023-11-30,2023-12-28,20270.6,20270.6,165806
2023-11-30,2024-01-25,20389.1,20389.1,6846
2020-10-30,2020-11-26,11638.4,11638.4,212806
2020-10-30,2020-12-31,11655.05,11655.05,5941
2020-10-30,2021-01-28,11664.4,11664.4,607
2023-10-30,2023-11-30,19220.9,19220.9,121659
2023-10-30,2023-12-28,19326.05,19326.05,10058
2023-10-30,2024-01-25,19429.2,19429.2,1857
2024-10-30,2024-11-28,24506.5,24506.5,183414
2024-10-30,2024-12-26,24653.9,24653.9,11961
2024-10-30,2024-10-31,24371.05,24371.05,206009
2020-09-30,2020-10-29,11256.85,11256.85,147829
2020-09-30,2020-11-26,11280.05,11280.05,3565
2020-09-30,2020-12-31,11285.8,11285.8,447
2021-09-30,2021-09-30,17621.75,17618.15,178284
2021-09-30,2021-10-28,17623.15,17623.15,181648
2021-09-30,2021-11-25,17656.85,17656.85,7038
2022-09-30,2022-10-27,17103.2,17103.2,295474
2022-09-30,2022-11-24,17151.7,17151.7,17852
2022-09-30,2022-12-29,17212.3,17212.3,5558
2024-09-30,2024-11-28,26123.8,26123.8,26876
2024-09-30,2024-12-26,26242.85,26242.85,8240
2024-09-30,2024-10-31,25990.15,25990.15,327144
2020-08-31,2020-09-24,11401.95,11401.95,314090
2020-08-31,2020-10-29,11430.5,11430.5,8666
2020-08-31,2020-11-26,11426.95,11426.95,1051
2021-08-31,2021-09-30,17122.25,17122.25,147268
2021-08-31,2021-10-28,17145.8,17145.8,8565
2021-08-31,2021-11-25,17172.45,17172.45,2146
2023-08-31,2023-08-31,19252.0,19253.8,117738
2023-08-31,2023-09-28,19414.25,19414.25,142409
2023-08-31,2023-10-26,19516.7,19516.7,5510
2020-12-31,2020-12-31,13986.8,13981.75,121298
2020-12-31,2021-01-28,14009.65,14009.65,121652
2020-12-31,2021-02-25,14040.2,14040.2,6499
2021-12-31,2022-01-27,17409.95,17409.95,139153
2021-12-31,2022-02-24,17453.85,17453.85,5120
2021-12-31,2022-03-31,17496.9,17496.9,2092
2024-12-31,2025-03-27,24094.0,24094.0,1574
2024-12-31,2025-01-30,23805.85,23805.85,206098
2024-12-31,2025-02-27,23952.85,23952.85,4478
2022-01-31,2022-02-24,17361.95,17361.95,215398
2022-01-31,2022-03-31,17416.65,17416.65,9420
2022-01-31,2022-04-28,17473.6,17473.6,1508
2023-01-31,2023-02-23,17798.65,17798.65,211876
2023-01-31,2023-03-29,17897.25,17897.25,12070
2023-01-31,2023-04-27,17969.5,17969.5,2560
2024-01-31,2024-02-29,21808.6,21808.6,146625
2024-01-31,2024-03-28,21945.55,21945.55,8067
2024-01-31,2024-04-25,22083.25,22083.25,2333
2025-01-31,2025-04-24,23899.4,23899.4,1273
2025-01-31,2025-02-27,23620.2,23620.2,88911
2025-01-31,2025-03-27,23765.15,23765.15,6686
2020-07-31,2020-08-27,11095.85,11095.85,184351
2020-07-31,2020-09-24,11099.85,11099.85,3930
2020-07-31,2020-10-29,11103.75,11103.75,353
2023-07-31,2023-08-31,19843.95,19843.95,96633
2023-07-31,2023-09-28,19969.65,19969.65,4737
2023-07-31,2023-10-26,20061.55,20061.55,1326
2024-07-31,2024-09-26,25132.95,25132.95,11067
2024-07-31,2024-08-29,25013.15,25013.15,164889
2024-07-31,2024-10-31,25247.95,25247.95,3373
2021-03-31,2021-04-29,14752.3,14752.3,150225
2021-03-31,2021-05-27,14802.45,14802.45,3594
2021-03-31,2021-06-24,14819.65,14819.65,634
2022-03-31,2022-03-31,17467.0,17464.75,155401
2022-03-31,2022-04-28,17544.45,17544.45,178625
2022-03-31,2022-05-26,17571.05,17571.05,29406
2023-03-31,2023-04-27,17442.65,17442.65,172665
2023-03-31,2023-05-25,17497.65,17497.65,29217
2023-03-31,2023-06-29,17535.5,17535.5,7038
2021-05-31,2021-06-24,15583.2,15583.2,93540
2021-05-31,2021-07-29,15636.8,15636.8,6497
2021-05-31,2021-08-26,15677.55,15677.55,1115
2022-05-31,2022-06-30,16577.6,16577.6,235915
2022-05-31,2022-07-28,16593.55,16593.55,13243
2022-05-31,2022-08-25,16624.7,16624.7,3675
2023-05-31,2023-06-29,18629.55,18629.55,131409
2023-05-31,2023-07-27,18708.25,18708.25,6466
2023-05-31,2023-08-31,18798.15,18798.15,2176
2024-05-31,2024-06-27,22700.7,22700.7,525192
2024-05-31,2024-07-25,22841.7,22841.7,20864
2024-05-31,2024-08-29,22955.75,22955.75,2732
2022-10-31,2022-11-24,18051.05,18051.05,130385
2022-10-31,2022-12-29,18109.95,18109.95,9611
2022-10-31,2023-01-25,18158.6,18158.6,2325
2023-10-31,2023-11-30,19158.2,19158.2,125003
2023-10-31,2023-12-28,19261.8,19261.8,7922
2023-10-31,2024-01-25,19362.3,19362.3,1195
2024-10-31,2024-10-31,24203.3,24205.35,210299
2024-10-31,2024-11-28,24388.3,24388.3,254180
2024-10-31,2024-12-26,24543.05,24543.05,14039
