date,expiry,forward,atm_strike,call,put,atm_iv,T
2020-04-13,2020-04-30,9009.177742657766,9000.0,382.35,373.2,0.4889644010666437,0.04657534246575343
2020-04-13,2020-05-28,9024.898733588161,9000.0,578.85,554.15,0.45275074256303344,0.1232876712328767
2020-04-15,2020-04-30,8936.915093810434,8950.0,339.65,352.7,0.4800244673320606,0.0410958904109589
2020-04-15,2020-05-28,8936.818029605478,9000.0,503.6,566.3,0.43889676293304625,0.1178082191780822
2020-04-16,2020-04-30,9034.310933512697,9050.0,296.0,311.65,0.4311655474600825,0.038356164383561646
2020-04-16,2020-05-28,9053.800900127433,9000.0,538.8,485.4,0.42234999065533585,0.11506849315068493
2020-04-16,2020-06-25,9032.04701047211,9000.0,658.9,627.25,0.41386487049337883,0.1917808219178082
2020-04-17,2020-04-30,9315.986968117817,9300.0,280.85,264.9,0.39026349419795264,0.03561643835616438
2020-04-17,2020-05-28,9333.896590223629,9300.0,502.8,469.15,0.3931011689215014,0.11232876712328767
2020-04-17,2020-06-25,9333.263735695486,9500.0,519.95,684.65,0.37148714073071476,0.18904109589041096
2020-04-20,2020-04-30,9260.769160891621,9250.0,253.0,242.25,0.40590683735243976,0.0273972602739726
2020-04-20,2020-05-28,9294.714352121984,9300.0,467.3,472.55,0.3955878643745534,0.10410958904109589
2020-04-20,2020-06-25,9284.329977094796,9500.0,484.9,698.05,0.3721004345133061,0.18082191780821918
2020-04-21,2020-04-30,8970.282481502196,8950.0,250.5,230.25,0.4287680013976257,0.024657534246575342
2020-04-21,2020-05-28,8993.104716043403,9000.0,465.15,472.0,0.413052826920836,0.10136986301369863
2020-04-21,2020-06-25,8992.463262659903,9000.0,591.8,599.25,0.39824619013614493,0.1780821917808219
2020-04-22,2020-04-30,9188.73396118054,9200.0,211.3,222.55,0.4000077435380257,0.021917808219178082
2020-04-22,2020-05-28,9211.825570748773,9200.0,455.65,443.9,0.39268963577977906,0.09863013698630137
2020-04-22,2020-06-25,9199.460396420918,9000.0,693.7,496.5,0.39293862032589527,0.17534246575342466
2020-04-23,2020-04-30,9294.142702987054,9300.0,171.15,177.0,0.3393281608511456,0.019178082191780823
2020-04-23,2020-05-28,9313.030967822528,9300.0,420.2,407.25,0.362266178141862,0.0958904109589041
2020-04-23,2020-06-25,9319.587228923805,9500.0,440.65,619.05,0.3407385535407029,0.1726027397260274
2020-04-24,2020-04-30,9138.237438495735,9150.0,150.2,161.95,0.33392851165352333,0.01643835616438356
2020-04-24,2020-05-28,9162.875900328094,9200.0,380.55,417.45,0.3590133675708225,0.09315068493150686
2020-04-24,2020-06-25,9163.293017208875,9000.0,624.15,462.65,0.3657056005185601,0.16986301369863013
2020-04-27,2020-04-30,9297.54869074619,9300.0,123.3,125.75,0.3704636803477863,0.00821917808219178
2020-04-27,2020-05-28,9311.664215445298,9300.0,377.1,365.5,0.3452011479394411,0.08493150684931507
2020-04-27,2020-06-25,9309.55954585683,9500.0,414.4,602.85,0.33725241265687267,0.16164383561643836
2020-04-28,2020-04-30,9397.399073807674,9400.0,84.85,87.45,0.31048572987471024,0.005479452054794521
2020-04-28,2020-05-28,9417.945618204763,9400.0,347.8,329.95,0.31662598848436097,0.0821917808219178
2020-04-28,2020-06-25,9418.310591613777,9500.0,438.55,519.4,0.3212034282326052,0.1589041095890411
2020-04-29,2020-04-30,9547.899625994096,9550.0,56.65,58.75,0.2893958358066862,0.0027397260273972603
2020-04-29,2020-05-28,9566.937244952305,9550.0,333.25,316.4,0.3037953500559999,0.07945205479452055
2020-04-29,2020-06-25,9571.97691942481,9500.0,481.85,410.6,0.29941070604317854,0.15616438356164383
2020-04-30,2020-05-28,9826.28202941365,9850.0,310.85,334.45,0.2982498079622611,0.07671232876712329
2020-04-30,2020-06-25,9842.774452657148,9800.0,480.55,438.2,0.3022931158442505,0.15342465753424658
2020-05-04,2020-05-28,9280.818192426153,9300.0,364.55,383.65,0.39539922105689884,0.06575342465753424
2020-05-04,2020-06-25,9290.66394463257,9300.0,505.0,514.25,0.3677726516788341,0.14246575342465753
2020-05-05,2020-05-28,9207.93242389127,9200.0,371.9,364.0,0.40098901286700395,0.06301369863013699
2020-05-05,2020-06-25,9220.787945336575,9200.0,505.5,484.9,0.3640603932386127,0.13972602739726028
2020-05-06,2020-05-28,9277.56226523453,9300.0,329.8,352.15,0.37626720696961946,0.06027397260273973
2020-05-06,2020-06-25,9296.922721199267,9300.0,477.6,480.65,0.3523403337029518,0.136986301369863
2020-05-07,2020-05-28,9203.964799573736,9200.0,324.6,320.65,0.3678774664609564,0.057534246575342465
2020-05-07,2020-06-25,9224.210341043716,9200.0,481.9,457.9,0.3521971769755626,0.13424657534246576
2020-05-08,2020-05-28,9233.240414499769,9250.0,288.55,305.25,0.34525435938118887,0.0547945205479452
2020-05-08,2020-06-25,9243.671712452902,9200.0,475.7,432.4,0.34322652299258083,0.13150684931506848
2020-05-11,2020-05-28,9226.779809559861,9250.0,259.0,282.15,0.3410854183359548,0.04657534246575343
2020-05-11,2020-06-25,9228.124480449786,9200.0,440.0,412.1,0.33282733267301673,0.1232876712328767
2020-05-12,2020-05-28,9215.494084693573,9200.0,283.0,267.55,0.3589389575913119,0.043835616438356165
2020-05-12,2020-06-25,9225.851773037357,9200.0,436.75,411.1,0.33490587828349533,0.12054794520547946
2020-05-13,2020-05-28,9395.588230863288,9400.0,273.2,277.6,0.3633944009179014,0.0410958904109589
2020-05-13,2020-06-25,9399.848846960778,9400.0,435.05,435.2,0.3408513764225084,0.1178082191780822
2020-05-14,2020-05-28,9146.39101345979,9150.0,251.0,254.6,0.3546312670154005,0.038356164383561646
2020-05-14,2020-06-25,9148.667493230474,9100.0,442.0,390.75,0.3395617369261891,0.11506849315068493
2020-05-15,2020-05-28,9138.8742729713,9150.0,239.25,250.35,0.35639810658424886,0.03561643835616438
2020-05-15,2020-06-25,9140.84715404363,9100.0,431.15,390.6,0.3393187317728294,0.11232876712328767
2020-05-18,2020-05-28,8827.40980668781,8850.0,216.7,239.25,0.3910622691380885,0.0273972602739726
2020-05-18,2020-06-25,8831.260831735688,8800.0,426.8,395.75,0.36493592614045434,0.10410958904109589
2020-05-19,2020-05-28,8885.126180231722,8900.0,189.95,204.8,0.35476181155451914,0.024657534246575342
2020-05-19,2020-06-25,8879.767122988671,8900.0,376.8,396.9,0.3449599821562308,0.10136986301369863
2020-05-20,2020-05-28,9068.37616109663,9050.0,168.3,149.95,0.29753239195867737,0.021917808219178082
2020-05-20,2020-06-25,9053.92508305704,9050.0,355.0,351.1,0.31342520363257903,0.09863013698630137
2020-05-21,2020-05-28,9073.47925041942,9050.0,144.55,121.1,0.2649969012328576,0.019178082191780823
2020-05-21,2020-06-25,9076.906508762393,9100.0,317.35,340.3,0.2946907913036287,0.0958904109589041
2020-05-21,2020-07-30,9078.027800087053,9100.0,436.2,457.9,0.28519469438748746,0.1917808219178082
2020-05-22,2020-05-28,9025.223540661227,9050.0,104.25,129.0,0.2516621524550031,0.01643835616438356
2020-05-22,2020-06-25,9041.398074466266,9050.0,312.25,320.8,0.2892065578856138,0.09315068493150686
2020-05-22,2020-07-30,9021.158396623949,9000.0,454.1,433.2,0.2875029023189299,0.18904109589041096
2020-05-26,2020-05-28,9035.694905942208,9050.0,74.55,88.85,0.3053092793769492,0.005479452054794521
2020-05-26,2020-06-25,9031.953846119019,9050.0,273.7,291.65,0.2748153743657469,0.0821917808219178
2020-05-26,2020-07-30,9023.21719757788,9000.0,427.4,404.45,0.2774357767992558,0.1780821917808219
2020-05-27,2020-05-28,9310.251825505005,9300.0,58.2,47.95,0.2723899497865576,0.0027397260273972603
2020-05-27,2020-06-25,9303.467863209818,9300.0,286.65,283.2,0.2738732664543526,0.07945205479452055
2020-05-27,2020-07-30,9295.802430805543,9300.0,406.2,410.35,0.26600200096112103,0.17534246575342466
2020-05-28,2020-06-25,9425.325968592204,9450.0,262.25,288.15,0.26511197955699317,0.07671232876712329
2020-05-28,2020-07-30,9415.118671118773,9400.0,405.5,390.55,0.2582447434724233,0.1726027397260274
2020-05-29,2020-06-25,9491.55951370341,9500.0,277.35,285.75,0.2746235474072053,0.07397260273972603
2020-05-29,2020-07-30,9481.092387481078,9500.0,394.45,413.15,0.2617262236924607,0.16986301369863013
2020-06-01,2020-06-25,9786.743462828546,9800.0,273.1,286.3,0.2803907917723378,0.06575342465753424
2020-06-01,2020-07-30,9783.17413870266,9800.0,397.05,413.7,0.26092650710166215,0.16164383561643836
2020-06-02,2020-06-25,9960.944736761372,9950.0,277.3,266.4,0.27380961322602926,0.06301369863013699
2020-06-02,2020-07-30,9951.905802854864,10000.0,372.85,420.45,0.25243335436451225,0.1589041095890411
2020-06-03,2020-06-25,10066.916144554727,10050.0,279.85,263.0,0.27656373002025425,0.06027397260273973
2020-06-03,2020-07-30,10057.622010247427,10100.0,374.75,416.7,0.25146756727808794,0.15616438356164383
2020-06-04,2020-06-25,10014.303390867273,10000.0,271.7,257.45,0.27731223148079637,0.057534246575342465
2020-06-04,2020-07-30,10005.858130470164,10000.0,400.4,394.6,0.2569563039703092,0.15342465753424658
2020-06-05,2020-06-25,10146.638047220013,10150.0,249.4,252.75,0.26591417751750746,0.0547945205479452
2020-06-05,2020-07-30,10130.143802918948,10100.0,410.15,380.3,0.25477933181950513,0.1506849315068493
2020-06-08,2020-06-25,10164.293205778487,10150.0,258.45,244.2,0.2882369175311837,0.04657534246575343
2020-06-08,2020-07-30,10160.939962949236,10200.0,379.05,417.75,0.2622160135923022,0.14246575342465753
2020-06-09,2020-06-25,10034.505915306427,10050.0,239.65,255.1,0.2957147930017219,0.043835616438356165
2020-06-09,2020-07-30,10026.338124916727,10000.0,411.75,385.65,0.26946722861172995,0.13972602739726028
2020-06-10,2020-06-25,10117.095605404758,10100.0,239.65,222.6,0.28338746258339553,0.0410958904109589
2020-06-10,2020-07-30,10101.715204577458,10100.0,393.6,391.9,0.2657974231934437,0.136986301369863
2020-06-11,2020-06-25,9891.77953065841,9900.0,220.6,228.8,0.29135081812543095,0.038356164383561646
2020-06-11,2020-07-30,9890.063672529976,9900.0,383.15,393.0,0.2707586212513673,0.13424657534246576
2020-06-12,2020-06-25,9953.708575676234,9950.0,226.85,223.15,0.30102161334297295,0.03561643835616438
2020-06-12,2020-07-30,9949.420644577187,9900.0,424.45,375.45,0.28072737437991124,0.13150684931506848
2020-06-15,2020-06-25,9813.37379515378,9800.0,225.4,212.05,0.3383092645956981,0.0273972602739726
2020-06-15,2020-07-30,9793.447701687326,9800.0,402.65,409.15,0.29828967471467793,0.1232876712328767
2020-06-16,2020-06-25,9895.843343297081,9900.0,205.8,209.95,0.33581954681584014,0.024657534246575342
2020-06-16,2020-07-30,9851.562192912588,9850.0,425.0,423.45,0.3135107881769945,0.12054794520547946
2020-06-17,2020-06-25,9853.154490869449,9850.0,204.95,201.8,0.3500597719647594,0.021917808219178082
2020-06-17,2020-07-30,9845.263871437732,9850.0,410.55,415.25,0.3087020302157729,0.1178082191780822
2020-06-18,2020-06-25,10072.177628860985,10050.0,180.0,157.85,0.303888738763602,0.019178082191780823
2020-06-18,2020-07-30,10052.317267233953,10050.0,388.05,385.75,0.28668997259754314,0.11506849315068493
2020-06-18,2020-08-27,10044.298790147071,10000.0,512.2,468.45,0.283549310934047,0.1917808219178082
2020-06-19,2020-06-25,10233.882788066496,10250.0,130.55,146.65,0.2645815963672799,0.01643835616438356
2020-06-19,2020-07-30,10215.966150224205,10200.0,384.55,368.7,0.2780228872524724,0.11232876712328767
2020-06-19,2020-08-27,10211.996507176736,10200.0,486.1,474.25,0.2747448133018784,0.18904109589041096
2020-06-22,2020-06-25,10286.59283918324,10300.0,102.85,116.25,0.2940767437688129,0.00821917808219178
2020-06-22,2020-07-30,10272.854134634465,10250.0,383.2,360.5,0.28344329319152983,0.10410958904109589
2020-06-22,2020-08-27,10284.114382549324,10300.0,453.75,469.45,0.26762511268205763,0.18082191780821918
2020-06-23,2020-06-25,10466.005699645082,10450.0,89.1,73.1,0.2618811791708259,0.005479452054794521
2020-06-23,2020-07-30,10454.982723443089,10450.0,351.15,346.2,0.26443526807469264,0.10136986301369863
2020-06-23,2020-08-27,10440.718614488438,10400.0,495.0,454.75,0.27384012493684523,0.1780821917808219
2020-06-24,2020-06-25,10296.799430086243,10300.0,57.55,60.75,0.2750434347066792,0.0027397260273972603
2020-06-24,2020-07-30,10274.58760328455,10250.0,364.4,334.7,0.2735893031609447,0.09863013698630137
2020-06-24,2020-08-27,10282.147687642853,10300.0,459.7,477.35,0.27577858395000904,0.17534246575342466
2020-06-25,2020-07-30,10247.534681763305,10250.0,343.2,345.65,0.27381713149078946,0.0958904109589041
2020-06-25,2020-08-27,10237.771395738206,10200.0,488.15,450.8,0.2803331469800625,0.1726027397260274
2020-06-26,2020-07-30,10314.638364504777,10300.0,338.8,324.25,0.26579670566295405,0.09315068493150686
2020-06-26,2020-08-27,10306.723830120365,10300.0,454.0,447.35,0.2691133079434904,0.16986301369863013
2020-06-29,2020-07-30,10258.396224048987,10250.0,322.8,314.45,0.26879335237159857,0.08493150684931507
2020-06-29,2020-08-27,10248.360269531886,10200.0,467.8,415.95,0.27217985459643473,0.16164383561643836
2020-06-30,2020-07-30,10239.39348615909,10250.0,309.05,319.6,0.26973982132998237,0.0821917808219178
2020-06-30,2020-08-27,10231.17029373797,10200.0,454.65,423.8,0.27319718844440394,0.1589041095890411
2020-07-01,2020-07-30,10404.473040951796,10400.0,301.9,297.45,0.2575679247742615,0.07945205479452055
2020-07-01,2020-08-27,10395.201538705012,10400.0,423.1,427.85,0.2623242017778762,0.15616438356164383
2020-07-02,2020-07-30,10538.291764519874,10550.0,275.2,286.85,0.24242569045238077,0.07671232876712329
2020-07-02,2020-08-27,10531.209695091047,10500.0,421.8,390.9,0.24975426221439645,0.15342465753424658
2020-07-03,2020-07-30,10571.352420690777,10550.0,279.95,258.7,0.23609515503360048,0.07397260273972603
2020-07-03,2020-08-27,10562.0804087234,10600.0,382.0,419.55,0.24691302287862543,0.1506849315068493
2020-07-06,2020-07-30,10753.615419228578,10750.0,246.7,243.1,0.22363833527031463,0.06575342465753424
2020-07-06,2020-08-27,10747.38678913523,10700.0,400.35,353.4,0.23535073903952036,0.14246575342465753
2020-07-07,2020-07-30,10766.316694713056,10750.0,249.8,233.55,0.225188727016,0.06301369863013699
2020-07-07,2020-08-27,10763.318358592987,10800.0,360.35,396.7,0.23748083550283344,0.13972602739726028
2020-07-08,2020-07-30,10693.926250768183,10700.0,242.75,248.8,0.2355283991061509,0.06027397260273973
2020-07-08,2020-08-27,10697.27585155345,10700.0,384.0,386.7,0.24620325267824067,0.136986301369863
2020-07-09,2020-07-30,10822.082428005615,10800.0,234.7,212.7,0.21690214401585756,0.057534246575342465
2020-07-09,2020-08-27,10823.252015044067,10800.0,380.9,357.85,0.23577895472424032,0.13424657534246576
2020-07-10,2020-07-30,10765.856374305607,10750.0,225.45,209.65,0.2172516568611399,0.0547945205479452
2020-07-10,2020-08-27,10760.690996582003,10750.0,364.75,354.15,0.23304586441283964,0.13150684931506848
2020-07-13,2020-07-30,10805.0653115215,10800.0,204.7,199.65,0.21804546872388586,0.04657534246575343
2020-07-13,2020-08-27,10814.01183793018,10800.0,366.05,352.15,0.2391642690194153,0.1232876712328767
2020-07-14,2020-07-30,10615.544227362485,10600.0,220.1,204.6,0.24027220422907575,0.043835616438356165
2020-07-14,2020-08-27,10663.55580301569,10650.0,345.0,331.55,0.23100362055029328,0.12054794520547946
2020-07-15,2020-07-30,10627.590218135112,10650.0,185.55,207.9,0.2290395204296818,0.0410958904109589
2020-07-15,2020-08-27,10629.17253656972,10650.0,346.0,378.15,0.25045103002526714,0.1178082191780822
2020-07-16,2020-07-30,10714.836944665309,10700.0,195.3,180.5,0.22507009329567865,0.038356164383561646
2020-07-16,2020-08-27,10717.832882626508,10700.0,351.5,333.8,0.2382271340478566,0.11506849315068493
2020-07-16,2020-09-24,10719.491467664711,10700.0,475.25,456.0,0.2520692004618662,0.1917808219178082
2020-07-17,2020-07-30,10903.508112126166,10900.0,170.8,167.3,0.20644366632808991,0.03561643835616438
2020-07-17,2020-08-27,10910.57694494348,10900.0,334.2,323.7,0.2272887448970327,0.11232876712328767
2020-07-17,2020-09-24,10863.728280740554,10800.0,499.95,437.0,0.2521883747766648,0.18904109589041096
2020-07-20,2020-07-30,11007.112655100513,11000.0,159.05,151.95,0.2143669463339109,0.0273972602739726
2020-07-20,2020-08-27,11014.850153562042,11000.0,326.75,312.0,0.22694573612501456,0.10410958904109589
2020-07-20,2020-09-24,11014.722021267984,11000.0,438.85,424.3,0.23392773695087432,0.18082191780821918
2020-07-21,2020-07-30,11170.633042910877,11150.0,153.2,132.6,0.204392928561714,0.024657534246575342
2020-07-21,2020-08-27,11174.963947755272,11150.0,334.4,309.6,0.22855095774622675,0.10136986301369863
2020-07-21,2020-09-24,11168.185581582677,11000.0,524.75,358.5,0.23679708293986948,0.1780821917808219
2020-07-22,2020-07-30,11109.613686459272,11100.0,147.6,138.0,0.2179665721669356,0.021917808219178082
2020-07-22,2020-08-27,11111.473319705194,11100.0,326.05,314.65,0.23173883700397307,0.09863013698630137
2020-07-22,2020-09-24,11116.115890005687,11000.0,496.55,381.75,0.23924159779308626,0.17534246575342466
2020-07-23,2020-07-30,11206.157671218738,11200.0,125.6,119.45,0.19817213642309073,0.019178082191780823
2020-07-23,2020-08-27,11210.112836032155,11200.0,317.3,307.25,0.2270314786375069,0.0958904109589041
2020-07-23,2020-09-24,11221.995391092529,11200.0,441.75,420.0,0.23454673954862132,0.1726027397260274
2020-07-24,2020-07-30,11171.222664160889,11150.0,120.45,99.25,0.1920682801309804,0.01643835616438356
2020-07-24,2020-08-27,11176.558495329122,11200.0,295.8,319.1,0.22700011200067693,0.09315068493150686
2020-07-24,2020-09-24,11197.320578974592,11200.0,417.35,420.0,0.22998936166787642,0.16986301369863013
2020-07-27,2020-07-30,11123.212397832003,11100.0,106.1,82.9,0.23413945665947977,0.00821917808219178
2020-07-27,2020-08-27,11129.43679259859,11150.0,289.9,310.35,0.2329721573753567,0.08493150684931507
2020-07-27,2020-09-24,11146.238088827717,11200.0,389.5,442.7,0.23441875028119596,0.16164383561643836
2020-07-28,2020-07-30,11308.653081370623,11300.0,72.45,63.8,0.20388434474844974,0.005479452054794521
2020-07-28,2020-08-27,11307.992586259264,11300.0,286.75,278.8,0.21991232491958435,0.0821917808219178
2020-07-28,2020-09-24,11294.089263586155,11300.0,408.35,414.2,0.23137823235330623,0.1589041095890411
2020-07-29,2020-07-30,11224.404345592404,11200.0,64.8,40.4,0.22079988585585572,0.0027397260273972603
2020-07-29,2020-08-27,11224.074006920338,11200.0,299.4,275.45,0.2290634049941879,0.07945205479452055
2020-07-29,2020-09-24,11225.962201111826,11200.0,434.85,409.15,0.2411765046966856,0.15616438356164383
2020-07-30,2020-08-27,11093.66850785195,11100.0,281.3,287.6,0.23317835946332077,0.07671232876712329
2020-07-30,2020-09-24,11085.55667832356,11100.0,407.0,421.3,0.24138558213641312,0.15342465753424658
2020-07-31,2020-08-27,11095.126623983517,11100.0,265.25,270.1,0.22339749806146553,0.07397260273972603
2020-07-31,2020-09-24,11094.04192840128,11100.0,396.75,402.65,0.23495216508999256,0.1506849315068493
2020-08-03,2020-08-27,10913.608036263122,10900.0,259.0,245.45,0.22700693741705957,0.06575342465753424
2020-08-03,2020-09-24,10916.754434497227,10900.0,401.35,384.75,0.24156436959241162,0.14246575342465753
2020-08-04,2020-08-27,11102.66087636859,11100.0,239.45,236.8,0.21509470109143267,0.06301369863013699
2020-08-04,2020-09-24,11104.440143664122,11100.0,377.4,373.0,0.2287579372797136,0.13972602739726028
2020-08-05,2020-08-27,11118.271443970092,11100.0,237.9,219.7,0.21102411866939474,0.06027397260273973
2020-08-05,2020-09-24,11124.063311277865,11100.0,379.35,355.5,0.22593036647648373,0.136986301369863
2020-08-06,2020-08-27,11200.301124018259,11200.0,216.9,216.6,0.20301538391917084,0.057534246575342465
2020-08-06,2020-09-24,11206.809158418544,11200.0,358.45,351.7,0.2187770955546921,0.13424657534246576
2020-08-07,2020-08-27,11224.810443349952,11200.0,220.55,194.2,0.19855147868859666,0.0547945205479452
2020-08-07,2020-09-24,11237.922780328618,11200.0,364.55,326.95,0.2147031791732874,0.13150684931506848
2020-08-10,2020-08-27,11294.332869287828,11300.0,186.4,192.05,0.19513580382206708,0.04657534246575343
2020-08-10,2020-09-24,11304.132988166455,11300.0,329.7,325.6,0.20866732762208395,0.1232876712328767
2020-08-11,2020-08-27,11346.891154527502,11350.0,173.9,177.0,0.18562965471891912,0.043835616438356165
2020-08-11,2020-09-24,11350.967299872616,11400.0,284.85,333.5,0.19741274818996485,0.12054794520547946
2020-08-12,2020-08-27,11317.647076546848,11300.0,178.65,161.05,0.1860601165366211,0.0410958904109589
2020-08-12,2020-09-24,11328.769461798463,11300.0,315.2,286.65,0.19562552777793574,0.1178082191780822
2020-08-13,2020-08-27,11317.042436439882,11300.0,165.65,148.65,0.17814795916009793,0.038356164383561646
2020-08-13,2020-09-24,11326.295945567903,11300.0,299.6,273.5,0.18847950986907352,0.11506849315068493
2020-08-14,2020-08-27,11186.218130932917,11200.0,154.65,168.4,0.19201374210863995,0.03561643835616438
2020-08-14,2020-09-24,11202.619053033624,11200.0,297.6,295.0,0.19932250024261589,0.11232876712328767
2020-08-17,2020-08-27,11266.329053258922,11250.0,150.65,134.35,0.19183265734055716,0.0273972602739726
2020-08-17,2020-09-24,11280.921328135546,11300.0,268.9,287.85,0.19280218835200869,0.10410958904109589
2020-08-18,2020-08-27,11398.34735335908,11400.0,126.15,127.8,0.17810017303514325,0.024657534246575342
2020-08-18,2020-09-24,11409.613133107372,11400.0,268.9,259.35,0.18354193418671522,0.10136986301369863
2020-08-19,2020-08-27,11421.28029554787,11400.0,129.2,107.95,0.17574858470049398,0.021917808219178082
2020-08-19,2020-09-24,11559.510778176673,11550.0,330.0,320.55,0.22616293125452117,0.09863013698630137
2020-08-20,2020-08-27,11307.309105674276,11300.0,114.8,107.5,0.17814810370707984,0.019178082191780823
2020-08-20,2020-09-24,11315.29503559092,11300.0,270.4,255.2,0.18928182808954677,0.0958904109589041
2020-08-20,2020-10-29,11330.477567621185,11300.0,380.95,350.85,0.1873647452509094,0.1917808219178082
2020-08-21,2020-08-27,11378.126640947386,11400.0,75.35,97.2,0.14750149124815023,0.01643835616438356
2020-08-21,2020-09-24,11386.418012315156,11400.0,240.1,253.6,0.1790046023039224,0.09315068493150686
2020-08-21,2020-10-29,11405.77047180653,11400.0,352.25,346.55,0.1788779022625654,0.18904109589041096
2020-08-24,2020-08-27,11475.787067778687,11500.0,58.15,82.35,0.1675576373334991,0.00821917808219178
2020-08-24,2020-09-24,11486.07332897264,11500.0,220.25,234.1,0.17092093213579607,0.08493150684931507
2020-08-24,2020-10-29,11500.607093660536,11500.0,337.8,337.2,0.17507877429156446,0.18082191780821918
2020-08-25,2020-08-27,11471.00748078417,11450.0,68.3,47.3,0.1690347174850812,0.005479452054794521
2020-08-25,2020-09-24,11480.093936109002,11500.0,217.55,237.35,0.1739174136329032,0.0821917808219178
2020-08-25,2020-10-29,11499.038939533813,11500.0,335.7,336.65,0.17570807595379834,0.1780821917808219
2020-08-26,2020-08-27,11547.899625994096,11550.0,39.85,41.95,0.16959178487760068,0.0027397260273972603
2020-08-26,2020-09-24,11563.31860508119,11550.0,235.35,222.1,0.17688482206890488,0.07945205479452055
2020-08-26,2020-10-29,11584.97978252104,11600.0,330.85,345.7,0.17669400748962472,0.17534246575342466
2020-08-27,2020-09-24,11578.040777232553,11600.0,205.25,227.1,0.1695384424315215,0.07671232876712329
2020-08-27,2020-10-29,11579.875481253272,11600.0,323.8,343.7,0.17569212161027542,0.1726027397260274
2020-08-28,2020-09-24,11672.909891376457,11650.0,217.05,194.25,0.16316577440347155,0.07397260273972603
2020-08-28,2020-10-29,11689.585646580486,11700.0,314.05,324.35,0.16786362788035658,0.16986301369863013
2020-08-31,2020-09-24,11402.108994550004,11400.0,251.8,249.7,0.21594138795171955,0.06575342465753424
2020-08-31,2020-10-29,11424.202965649927,11400.0,378.5,354.55,0.20234090156154266,0.16164383561643836
2020-09-01,2020-09-24,11514.057460060478,11500.0,234.45,220.45,0.19814715831505836,0.06301369863013699
2020-09-01,2020-10-29,11525.310076438775,11500.0,363.65,338.6,0.19374319627082567,0.1589041095890411
2020-09-02,2020-09-24,11561.595339442558,11550.0,221.45,209.9,0.19127895158584132,0.06027397260273973
2020-09-02,2020-10-29,11578.735239945372,11600.0,325.7,346.75,0.18588306465055132,0.15616438356164383
2020-09-03,2020-09-24,11543.17452225281,11550.0,199.2,206.0,0.18404880564406811,0.057534246575342465
2020-09-03,2020-10-29,11555.963019224282,11600.0,305.75,349.35,0.18264079319763893,0.15342465753424658
2020-09-04,2020-09-24,11351.756243989545,11350.0,219.7,217.95,0.20719344114315075,0.0547945205479452
2020-09-04,2020-10-29,11372.83523288041,11400.0,331.75,358.65,0.19764649661145933,0.1506849315068493
2020-09-07,2020-09-24,11367.904120922527,11350.0,208.5,190.65,0.20457531144948587,0.04657534246575343
2020-09-07,2020-10-29,11374.767417925863,11350.0,312.9,242.25,0.1636687344943481,0.14246575342465753
2020-09-08,2020-09-24,11321.310634287278,11300.0,216.1,194.85,0.21794794998049236,0.043835616438356165
2020-09-08,2020-10-29,11333.957007794937,11350.0,405.55,336.4,0.22136857574338403,0.13972602739726028
2020-09-09,2020-09-24,11307.520061028486,11300.0,193.0,185.5,0.2075589968500428,0.0410958904109589
2020-09-09,2020-10-29,11327.039695691688,11350.0,376.75,338.3,0.21544927720728352,0.136986301369863
2020-09-10,2020-09-24,11454.461108362204,11450.0,170.3,165.85,0.18830789847643226,0.038356164383561646
2020-09-10,2020-10-29,11442.030762739778,11450.0,313.85,321.75,0.19164409113063155,0.13424657534246576
2020-09-11,2020-09-24,11466.638474655534,11450.0,165.3,148.7,0.18225670271170058,0.03561643835616438
2020-09-11,2020-10-29,11478.819723752635,11500.0,300.5,321.5,0.18867654614313972,0.13150684931506848
2020-09-14,2020-09-24,11452.654723382586,11450.0,149.75,147.1,0.1966387702493158,0.0273972602739726
2020-09-14,2020-10-29,11473.28586015735,11450.0,318.75,295.65,0.1928289857719505,0.1232876712328767
2020-09-15,2020-09-24,11527.864551051924,11550.0,117.2,139.3,0.17729137292301939,0.024657534246575342
2020-09-15,2020-10-29,11537.955996577139,11550.0,290.8,302.75,0.18707043009278193,0.12054794520547946
2020-09-16,2020-09-24,11617.575020558357,11600.0,120.0,102.45,0.16213374981302403,0.021917808219178082
2020-09-16,2020-10-29,11630.331376537084,11600.0,300.4,270.3,0.18066126577170333,0.1178082191780822
2020-09-17,2020-09-24,11523.178876213628,11500.0,126.3,103.15,0.18003194121372368,0.019178082191780823
2020-09-17,2020-10-29,11530.907733007212,11550.0,278.7,297.65,0.1858728414730596,0.11506849315068493
2020-09-17,2020-11-26,11544.956943600684,11500.0,432.65,388.25,0.20632833231824182,0.1917808219178082
2020-09-18,2020-09-24,11516.317425746343,11500.0,106.8,90.5,0.16740875399579602,0.01643835616438356
2020-09-18,2020-10-29,11534.587880225215,11550.0,266.45,281.75,0.17889149010848387,0.11232876712328767
2020-09-18,2020-11-26,11537.457448568714,11500.0,420.25,383.25,0.2034924230072923,0.18904109589041096
2020-09-21,2020-09-24,11259.555103417915,11250.0,105.15,95.6,0.24654279879750862,0.00821917808219178
2020-09-21,2020-10-29,11270.488177965259,11250.0,308.2,287.85,0.20697027725275816,0.10410958904109589
2020-09-21,2020-11-26,11292.64560436199,11400.0,346.4,452.5,0.2088648648680596,0.18082191780821918
2020-09-22,2020-09-24,11159.65343759844,11150.0,76.3,66.65,0.21674090204947563,0.005479452054794521
2020-09-22,2020-10-29,11180.572411625939,11200.0,271.6,290.9,0.19913997526946153,0.10136986301369863
2020-09-22,2020-11-26,11203.237256307155,11200.0,395.15,391.95,0.21118708337095884,0.1780821917808219
2020-09-23,2020-09-24,11147.099483515656,11150.0,43.55,46.45,0.19327073627859326,0.0027397260273972603
2020-09-23,2020-10-29,11165.901618538775,11150.0,283.0,267.2,0.1980302464709606,0.09863013698630137
2020-09-23,2020-11-26,11177.950118448398,11200.0,377.3,399.1,0.21008377288097213,0.17534246575342466
2020-09-24,2020-10-29,10835.811841984738,10850.0,286.6,300.7,0.22059636834396196,0.0958904109589041
2020-09-24,2020-11-26,10857.662009366735,11000.0,332.7,473.45,0.22291659331956132,0.1726027397260274
2020-09-25,2020-10-29,11044.919330532706,11050.0,258.35,263.4,0.1951406512250269,0.09315068493150686
2020-09-25,2020-11-26,11051.820976656329,11100.0,359.4,407.05,0.2125760745862072,0.16986301369863013
2020-09-28,2020-10-29,11238.034123810427,11250.0,226.95,238.85,0.17912662816497388,0.08493150684931507
2020-09-28,2020-11-26,11249.825584780003,11200.0,391.4,340.75,0.20523730318054023,0.16164383561643836
2020-09-29,2020-10-29,11236.126076682032,11250.0,223.5,237.3,0.18010179388412015,0.0821917808219178
2020-09-29,2020-11-26,11263.272603650721,11300.0,335.0,371.35,0.19878034121184388,0.1589041095890411
2020-09-30,2020-10-29,11255.377700919575,11250.0,227.4,222.05,0.17852602871721246,0.07945205479452055
2020-09-30,2020-11-26,11277.472486973007,11300.0,338.95,361.25,0.1987126661243122,0.15616438356164383
2020-10-01,2020-10-29,11437.236515828532,11450.0,196.55,209.25,0.16122865464460687,0.07671232876712329
2020-10-01,2020-11-26,11479.694661348763,11500.0,308.25,350.5,0.18527488642571255,0.15342465753424658
2020-10-05,2020-10-29,11517.574954583368,11500.0,212.85,195.35,0.17401319310023095,0.06575342465753424
2020-10-05,2020-11-26,11540.775852631805,11500.0,353.6,313.2,0.19379558619137766,0.14246575342465753
2020-10-06,2020-10-29,11667.521619861096,11650.0,207.25,189.8,0.17063971978757575,0.06301369863013699
2020-10-06,2020-11-26,11690.312413823733,11700.0,325.05,334.65,0.19088374776238015,0.13972602739726028
2020-10-07,2020-10-29,11750.903532943576,11750.0,198.1,197.2,0.17242509463067052,0.06027397260273973
2020-10-07,2020-11-26,11773.666565016676,11800.0,321.05,347.15,0.1936331763667634,0.136986301369863
2020-10-08,2020-10-29,11831.832184231744,11850.0,189.8,207.9,0.17605035804789476,0.057534246575342465
2020-10-08,2020-11-26,11853.849037385418,11900.0,311.2,356.95,0.1938698988541404,0.13424657534246576
2020-10-09,2020-10-29,11928.774536926354,11950.0,184.25,205.4,0.17520785216131202,0.0547945205479452
2020-10-09,2020-11-26,11949.57193226467,11900.0,366.6,317.45,0.19967126614721625,0.13150684931506848
2020-10-12,2020-10-29,11939.267557766329,11950.0,185.2,195.9,0.1858159197844787,0.04657534246575343
2020-10-12,2020-11-26,11982.307870910954,12000.0,310.05,348.0,0.19745456436638498,0.1232876712328767
2020-10-13,2020-10-29,11947.091725203149,11950.0,179.1,182.0,0.18143181780416306,0.043835616438356165
2020-10-13,2020-11-26,11964.513276091147,11950.0,334.9,320.5,0.19942423584427368,0.12054794520547946
2020-10-14,2020-10-29,11981.249981168974,12000.0,154.25,172.95,0.1689901832057052,0.0410958904109589
2020-10-14,2020-11-26,12003.023060784428,12000.0,311.9,308.9,0.19036519688166398,0.1178082191780822
2020-10-15,2020-10-29,11688.621667435726,11700.0,170.95,182.3,0.19373851308775222,0.038356164383561646
2020-10-15,2020-11-26,11715.162987769998,11700.0,332.35,317.3,0.20656510433782937,0.11506849315068493
2020-10-16,2020-10-29,11764.032448504668,11750.0,170.85,156.85,0.18543390539602453,0.03561643835616438
2020-10-16,2020-11-26,11787.358032472317,11800.0,312.95,325.5,0.20393610642966825,0.11232876712328767
2020-10-19,2020-10-29,11889.080571747101,11900.0,132.95,143.85,0.17644085469377296,0.0273972602739726
2020-10-19,2020-11-26,11910.47061674883,11900.0,315.6,305.2,0.2039420586885255,0.10410958904109589
2020-10-20,2020-10-29,11897.495989938001,11900.0,139.75,142.25,0.1894672591041923,0.024657534246575342
2020-10-20,2020-11-26,11919.52824945372,11900.0,334.55,315.15,0.21614205789465385,0.10136986301369863
2020-10-21,2020-10-29,11934.32768822004,11950.0,118.2,133.85,0.1787156875854376,0.021917808219178082
2020-10-21,2020-11-26,11948.741960558642,11950.0,315.75,317.0,0.21271920008640327,0.09863013698630137
2020-10-22,2020-10-29,11900.300374205792,11900.0,117.15,116.85,0.17818573700114174,0.019178082191780823
2020-10-22,2020-11-26,11921.433174874119,11900.0,324.6,303.3,0.21466080608366062,0.0958904109589041
2020-10-22,2020-12-31,11930.376313243705,11900.0,405.45,375.45,0.18988334363006223,0.1917808219178082
2020-10-23,2020-10-29,11937.036155618702,11950.0,93.75,106.7,0.1640206824671852,0.01643835616438356
2020-10-23,2020-11-26,11956.338260919594,11950.0,300.3,294.0,0.20543514878725233,0.09315068493150686
2020-10-23,2020-12-31,11970.38836836122,12000.0,365.3,394.55,0.18497513967629436,0.18904109589041096
2020-10-26,2020-10-29,11777.98824343517,11800.0,86.1,108.1,0.22692072929892104,0.00821917808219178
2020-10-26,2020-11-26,11795.625919208012,11800.0,292.7,297.05,0.21619907181999537,0.08493150684931507
2020-10-26,2020-12-31,11812.546602317732,11800.0,388.75,376.35,0.1932992601756982,0.18082191780821918
2020-10-27,2020-10-29,11881.743498842328,11900.0,66.15,84.4,0.21343887446810436,0.005479452054794521
2020-10-27,2020-11-26,11885.975273167705,11900.0,275.75,289.7,0.20895367422191152,0.0821917808219178
2020-10-27,2020-12-31,11897.268564990838,11900.0,371.6,374.3,0.1883965069800512,0.1780821917808219
2020-10-28,2020-10-29,11722.504007206111,11700.0,72.15,49.65,0.24634492745975775,0.0027397260273972603
2020-10-28,2020-11-26,11734.771557209056,11750.0,285.35,300.5,0.22297665249640422,0.07945205479452055
2020-10-28,2020-12-31,11749.308794754157,11700.0,403.3,354.55,0.1954781365966577,0.17534246575342466
2020-10-29,2020-11-26,11668.94422650647,11650.0,310.75,291.9,0.23502854713041682,0.07671232876712329
2020-10-29,2020-12-31,11686.145431817578,11700.0,382.15,395.85,0.2030230615939596,0.1726027397260274
2020-10-30,2020-11-26,11638.243608372608,11650.0,293.1,304.8,0.23777010452270686,0.07397260273972603
2020-10-30,2020-12-31,11653.893736317494,11700.0,372.3,417.9,0.2079149659788926,0.16986301369863013
2020-11-02,2020-11-26,11684.885539058305,11700.0,284.05,299.1,0.24479987644978862,0.06575342465753424
2020-11-02,2020-12-31,11703.89066462431,11700.0,390.95,387.1,0.20951633019163296,0.16164383561643836
2020-11-03,2020-11-26,11828.964015123785,11850.0,262.5,283.45,0.23109937089658816,0.06301369863013699
2020-11-03,2020-12-31,11841.32463578227,11800.0,390.9,350.0,0.19897033673310743,0.1589041095890411
2020-11-04,2020-11-26,11924.997744772269,11900.0,264.9,240.0,0.217077092315499,0.06027397260273973
2020-11-04,2020-12-31,11935.963204652957,11900.0,371.85,336.25,0.1902488419880845,0.15616438356164383
2020-11-05,2020-11-26,12141.016466788626,12150.0,205.45,214.4,0.18128870063288022,0.057534246575342465
2020-11-05,2020-12-31,12160.356617076905,12200.0,302.75,342.0,0.17090291098254493,0.15342465753424658
2020-11-06,2020-11-26,12259.834966341454,12250.0,208.45,198.65,0.17847622195295249,0.0547945205479452
2020-11-06,2020-12-31,12273.491630598914,12300.0,310.3,336.55,0.1715924086289473,0.1506849315068493
2020-11-09,2020-11-26,12466.951240537293,12450.0,194.55,177.65,0.17391957170016453,0.04657534246575343
2020-11-09,2020-12-31,12480.924167951953,12500.0,298.3,317.2,0.16512617107185756,0.14246575342465753
2020-11-10,2020-11-26,12661.582956518498,12650.0,212.0,200.45,0.19560851513636063,0.043835616438356165
2020-11-10,2020-12-31,12671.0381538272,12700.0,313.3,342.0,0.17470668656080474,0.13972602739726028
2020-11-11,2020-11-26,12756.517386224688,12750.0,195.8,189.3,0.18718018335924413,0.0410958904109589
2020-11-11,2020-12-31,12671.641845992042,12650.0,304.9,283.45,0.15872340235883797,0.136986301369863
2020-11-12,2020-11-26,12707.819470837123,12700.0,175.95,168.15,0.1737489972461959,0.038356164383561646
2020-11-12,2020-12-31,12719.570025677003,12700.0,320.0,300.6,0.16846335427446502,0.13424657534246576
2020-11-13,2020-11-26,12756.815760702268,12750.0,156.15,149.35,0.15943107276996538,0.03561643835616438
2020-11-13,2020-12-31,12777.181354517454,12800.0,276.75,305.85,0.1587440070962995,0.13150684931506848
2020-11-17,2020-11-26,12881.219924535004,12900.0,117.65,136.4,0.1572835381487282,0.024657534246575342
2020-11-17,2020-12-31,12892.793755274188,12900.0,280.2,287.35,0.16012263626766465,0.12054794520547946
2020-11-18,2020-11-26,12959.413401324704,12950.0,123.2,113.8,0.15502180723018397,0.021917808219178082
2020-11-18,2020-12-31,12975.746401014036,13000.0,267.85,294.0,0.15910371381673205,0.1178082191780822
2020-11-19,2020-11-26,12794.993763236798,12800.0,108.2,113.2,0.15674342316497417,0.019178082191780823
2020-11-19,2020-12-31,12813.601351155812,12800.0,291.45,277.95,0.16549549023435806,0.11506849315068493
2020-11-19,2021-01-28,12823.187252442694,12800.0,394.2,371.3,0.17313847153741493,0.1917808219178082
2020-11-20,2020-11-26,12874.526192072724,12850.0,116.15,91.65,0.15739732693063702,0.01643835616438356
2020-11-20,2020-12-31,12892.445039326087,12900.0,277.8,285.3,0.16448976407259597,0.11232876712328767
2020-11-20,2021-01-28,12912.857016130341,12900.0,382.8,370.1,0.17025871882361596,0.18904109589041096
2020-11-23,2020-11-26,12935.092037599274,12950.0,80.25,95.15,0.18702180158994572,0.00821917808219178
2020-11-23,2020-12-31,12955.386326885215,12950.0,285.45,280.1,0.1707681982465575,0.10410958904109589
2020-11-23,2021-01-28,12964.68738541219,13000.0,356.5,391.4,0.171721521568682,0.18082191780821918
2020-11-24,2020-11-26,13062.754541904675,13050.0,80.7,67.95,0.19238525408948118,0.005479452054794521
2020-11-24,2020-12-31,13089.933892034165,13100.0,277.05,287.05,0.17069814625910984,0.10136986301369863
2020-11-24,2021-01-28,13097.723804159032,13100.0,378.65,380.9,0.17425940997445521,0.1780821917808219
2020-11-25,2020-11-26,12859.50169193147,12850.0,64.7,55.2,0.22293155525109998,0.0027397260273972603
2020-11-25,2020-12-31,12891.747261264685,12900.0,276.95,285.15,0.1750763473451627,0.09863013698630137
2020-11-25,2021-01-28,12910.923794530152,12900.0,376.15,365.35,0.17396844055618604,0.17534246575342466
2020-11-26,2020-12-31,13028.415887274656,13050.0,258.25,279.7,0.16795737075373363,0.0958904109589041
2020-11-26,2021-01-28,13040.65355043309,13000.0,389.2,349.0,0.17283984036383,0.1726027397260274
2020-11-27,2020-12-31,13016.902029118917,13000.0,276.7,259.9,0.17038642705320906,0.09315068493150686
2020-11-27,2021-01-28,13034.529142648193,13000.0,396.7,362.55,0.17926264197975106,0.16986301369863013
2020-12-01,2020-12-31,13148.843839723502,13150.0,262.85,264.0,0.17611313240713128,0.0821917808219178
2020-12-01,2021-01-28,13164.586100631575,13200.0,371.4,406.45,0.18737138690410526,0.1589041095890411
2020-12-02,2020-12-31,13161.308249597236,13150.0,255.95,244.7,0.1700763037217361,0.07945205479452055
2020-12-02,2021-01-28,13182.321458386888,13200.0,365.5,383.0,0.18180423633846304,0.15616438356164383
2020-12-03,2020-12-31,13191.005261154753,13200.0,229.55,238.5,0.16130386488596216,0.07671232876712329
2020-12-03,2021-01-28,13207.979177709361,13200.0,367.75,359.85,0.1781159076925938,0.15342465753424658
2020-12-04,2020-12-31,13315.926393785827,13300.0,222.8,206.95,0.14947162796735092,0.07397260273972603
2020-12-04,2021-01-28,13334.587110551893,13300.0,362.0,327.75,0.16876840953430383,0.1506849315068493
2020-12-07,2020-12-31,13387.295818544024,13400.0,202.15,214.8,0.15277156101009287,0.06575342465753424
2020-12-07,2021-01-28,13412.26303488803,13400.0,346.6,334.45,0.17026785595042176,0.14246575342465753
2020-12-08,2020-12-31,13427.809295190245,13450.0,195.9,218.0,0.15427141586637622,0.06301369863013699
2020-12-08,2021-01-28,13462.66450067835,13450.0,343.8,331.25,0.1697461612048945,0.13972602739726028
2020-12-09,2020-12-31,13568.673014167236,13550.0,217.9,199.3,0.15759938753683334,0.06027397260273973
2020-12-09,2021-01-28,13603.58175073528,13600.0,347.15,343.6,0.17353383659079857,0.136986301369863
2020-12-10,2020-12-31,13524.08992146067,13500.0,214.95,190.95,0.15738405006543355,0.057534246575342465
2020-12-10,2021-01-28,13562.120903908688,13600.0,323.3,360.85,0.17368896814816914,0.13424657534246576
2020-12-11,2020-12-31,13516.759585500231,13500.0,211.5,194.8,0.16153771963107577,0.0547945205479452
2020-12-11,2021-01-28,13551.36158918733,13550.0,340.15,338.8,0.1746814631726429,0.13150684931506848
2020-12-14,2020-12-31,13570.261246085996,13550.0,206.85,186.65,0.16890285133080402,0.04657534246575343
2020-12-14,2021-01-28,13607.509941912218,13600.0,348.4,340.95,0.18235574276786656,0.1232876712328767
2020-12-15,2020-12-31,13585.258055340095,13600.0,178.9,193.6,0.16444197988615386,0.043835616438356165
2020-12-15,2021-01-28,13621.769914136721,13600.0,356.7,335.1,0.1848915349507904,0.12054794520547946
2020-12-16,2020-12-31,13698.947191456013,13700.0,170.05,171.1,0.1543756332571451,0.0410958904109589
2020-12-16,2021-01-28,13737.183647648451,13700.0,362.05,325.15,0.18418102617736598,0.1178082191780822
2020-12-17,2020-12-31,13755.313230184198,13750.0,162.85,157.55,0.14945439808323963,0.038356164383561646
2020-12-17,2021-01-28,13792.54444455163,13800.0,330.75,338.15,0.18050131835022726,0.11506849315068493
2020-12-17,2021-02-25,13813.404902776501,13700.0,511.0,399.0,0.19081801489777211,0.1917808219178082
2020-12-18,2020-12-31,13775.743910441932,13800.0,132.8,157.0,0.1396005347394256,0.03561643835616438
2020-12-18,2021-01-28,13814.001860448987,13800.0,331.9,318.0,0.1773100117053093,0.11232876712328767
2020-12-18,2021-02-25,13853.351555123545,13800.0,471.7,419.0,0.18783153965816274,0.18904109589041096
2020-12-21,2020-12-31,13322.551162006474,13300.0,213.65,184.2,0.22649661020767414,0.0273972602739726
2020-12-21,2021-01-28,13377.598920897937,13400.0,357.05,379.3,0.2150587461030687,0.10410958904109589
2020-12-21,2021-02-25,13616.998622494992,13600.0,393.8,377.0,0.16892660672385082,0.18082191780821918
2020-12-22,2020-12-31,13488.531633916042,13500.0,151.7,163.15,0.1864525048999116,0.024657534246575342
2020-12-22,2021-01-28,13528.6095205726,13550.0,333.05,354.3,0.20113644932072391,0.10136986301369863
2020-12-22,2021-02-25,13559.686913163176,13500.0,487.45,428.45,0.2031847722327379,0.1780821917808219
2020-12-23,2020-12-31,13611.916965506807,13600.0,131.35,119.45,0.15616247139504347,0.021917808219178082
2020-12-23,2021-01-28,13655.183122498398,13650.0,333.0,327.85,0.19444028243360972,0.09863013698630137
2020-12-23,2021-02-25,13682.501699502627,13700.0,442.7,460.0,0.19963752909016777,0.17534246575342466
2020-12-24,2020-12-31,13762.465529540374,13750.0,111.15,98.7,0.13807896596513292,0.019178082191780823
2020-12-24,2021-01-28,13809.358146776023,13800.0,320.3,311.0,0.18625971567682015,0.0958904109589041
2020-12-24,2021-02-25,13835.243189865501,13800.0,465.1,430.25,0.1976426743576855,0.1726027397260274
2020-12-28,2020-12-31,13891.895671446586,13900.0,83.65,91.75,0.17447316449847006,0.00821917808219178
2020-12-28,2021-01-28,13943.1623564631,13950.0,307.8,314.6,0.19300370395882335,0.08493150684931507
2020-12-28,2021-02-25,13968.672570557505,14000.0,437.95,468.95,0.20427800040313523,0.16164383561643836
2020-12-29,2020-12-31,13936.845315604198,13950.0,68.05,81.2,0.18084961208352945,0.005479452054794521
2020-12-29,2021-01-28,13989.544289673415,14000.0,307.75,318.15,0.1965732337061018,0.0821917808219178
2020-12-29,2021-02-25,14027.280321910055,14000.0,463.4,436.4,0.2039709712851987,0.1589041095890411
2020-12-30,2020-12-31,13979.14628665567,14000.0,39.0,59.85,0.16679682141850705,0.0027397260273972603
2020-12-30,2021-01-28,14034.520262773562,14050.0,305.8,321.2,0.19955133356872848,0.07945205479452055
2020-12-30,2021-02-25,14067.835089675453,14000.0,495.95,428.8,0.21082331001717675,0.15616438356164383
2020-12-31,2021-01-28,14008.69323921915,14000.0,310.15,301.5,0.19863699513877425,0.07671232876712329
2020-12-31,2021-02-25,14038.48185705401,14000.0,490.45,452.35,0.21729208396164285,0.15342465753424658
2021-01-01,2021-01-28,14052.713013452476,14050.0,280.3,277.6,0.18386234546441543,0.07397260273972603
2021-01-01,2021-02-25,14085.104821003199,14100.0,448.4,463.15,0.21093795031703239,0.1506849315068493
2021-01-04,2021-01-28,14161.850540804784,14150.0,269.25,257.45,0.18262165635381586,0.06575342465753424
2021-01-04,2021-02-25,14195.962786868138,14200.0,442.95,446.95,0.21011255250626437,0.14246575342465753
2021-01-05,2021-01-28,14214.810538278003,14200.0,270.05,255.3,0.18534694993503428,0.06301369863013699
2021-01-05,2021-02-25,14247.681088211317,14200.0,477.3,430.05,0.2157080370362867,0.13972602739726028
2021-01-06,2021-01-28,14187.90269781101,14200.0,256.45,268.5,0.18952979366941397,0.06027397260273973
2021-01-06,2021-02-25,14226.037583109044,14250.0,441.4,465.15,0.2175469865611357,0.136986301369863
2021-01-07,2021-01-28,14190.865904779495,14200.0,240.8,249.9,0.18129046563203655,0.057534246575342465
2021-01-07,2021-02-25,14222.99982399153,14200.0,454.65,431.85,0.2152573536813127,0.13424657534246576
2021-01-08,2021-01-28,14368.666364688881,14350.0,242.15,223.55,0.17418855436076652,0.0547945205479452
2021-01-08,2021-02-25,14396.217807812971,14400.0,438.3,442.05,0.2131835185261946,0.13150684931506848
2021-01-11,2021-01-28,14485.957552217626,14500.0,229.15,243.15,0.18978673742374266,0.04657534246575343
2021-01-11,2021-02-25,14525.906779482419,14500.0,469.05,443.35,0.22621137667717994,0.1232876712328767
2021-01-12,2021-01-28,14595.086018446698,14600.0,228.9,233.8,0.19029035685178894,0.043835616438356165
2021-01-12,2021-02-25,14628.22025906612,14600.0,478.4,450.4,0.2312191981333419,0.12054794520547946
2021-01-13,2021-01-28,14605.765380121838,14600.0,226.6,220.85,0.18994626797433306,0.0410958904109589
2021-01-13,2021-02-25,14643.582459642153,14600.0,487.2,443.95,0.23422626137795075,0.1178082191780822
2021-01-14,2021-01-28,14630.651822159429,14650.0,193.7,213.0,0.17809798521068482,0.038356164383561646
2021-01-14,2021-02-25,14658.94406965931,14700.0,437.9,478.65,0.23233514798171778,0.11506849315068493
2021-01-14,2021-03-25,14653.979885435787,14700.0,518.55,564.0,0.21369633971893714,0.1917808219178082
2021-01-15,2021-01-28,14459.522018628168,14450.0,219.5,210.0,0.19776523261302847,0.03561643835616438
2021-01-15,2021-02-25,14492.646504944058,14500.0,460.65,467.95,0.24136042765585336,0.11232876712328767
2021-01-15,2021-03-25,14509.668071184627,14500.0,559.95,550.4,0.22347349717845916,0.18904109589041096
2021-01-18,2021-01-28,14294.239751150993,14300.0,203.8,209.55,0.21930384774829204,0.0273972602739726
2021-01-18,2021-02-25,14329.310464020342,14350.0,426.55,447.1,0.23827736613240508,0.10410958904109589
2021-01-18,2021-03-25,14346.42398445775,14300.0,572.5,508.9,0.22511373515247185,0.18082191780821918
2021-01-19,2021-01-28,14573.137052972876,14550.0,177.9,154.8,0.1823782134454094,0.024657534246575342
2021-01-19,2021-02-25,14606.089995319331,14600.0,421.05,415.0,0.22690450692228975,0.10136986301369863
2021-01-19,2021-03-25,14618.158984597949,14600.0,521.3,503.35,0.21078042220546483,0.1780821917808219
2021-01-20,2021-01-28,14649.29900202901,14650.0,130.65,131.35,0.15162202285836673,0.021917808219178082
2021-01-20,2021-02-25,14685.90995825678,14700.0,382.1,396.1,0.21274408876749581,0.09863013698630137
2021-01-20,2021-03-25,14699.696561263052,14700.0,491.6,491.9,0.20260860238896505,0.17534246575342466
2021-01-21,2021-01-28,14602.302868911072,14600.0,147.8,145.5,0.1820231757409819,0.019178082191780823
2021-01-21,2021-02-25,14649.698124297547,14650.0,394.4,394.7,0.21941264586788822,0.0958904109589041
2021-01-21,2021-03-25,14648.980805488824,14600.0,531.7,460.0,0.20678164788557707,0.1726027397260274
2021-01-22,2021-01-28,14380.779473967497,14400.0,130.7,149.9,0.19053389073387794,0.01643835616438356
2021-01-22,2021-02-25,14421.077232740554,14400.0,395.0,374.05,0.22047036638553846,0.09315068493150686
2021-01-22,2021-03-25,14435.793020490366,14400.0,511.4,476.0,0.21055013241674386,0.16986301369863013
2021-01-25,2021-01-28,14254.002137557241,14250.0,101.4,97.4,0.1929158275346473,0.00821917808219178
2021-01-25,2021-02-25,14301.6088573028,14300.0,376.3,374.7,0.22713350024542245,0.08493150684931507
2021-01-25,2021-03-25,14308.438194704671,14300.0,487.35,479.0,0.21288053899846465,0.16164383561643836
2021-01-27,2021-01-28,13982.496883284137,14000.0,56.3,73.8,0.22140445826204247,0.0027397260273972603
2021-01-27,2021-02-25,14025.833067968797,14050.0,360.75,390.0,0.23899196930186828,0.07945205479452055
2021-01-27,2021-03-25,14039.39789273779,14000.0,502.9,463.9,0.22089624501265007,0.15616438356164383
2021-01-28,2021-02-25,13845.477505608535,13850.0,362.5,367.0,0.23961486083198796,0.07671232876712329
2021-01-28,2021-03-25,13868.887420653806,13850.0,493.5,474.8,0.22583831193512763,0.15342465753424658
2021-01-29,2021-02-25,13706.581569671745,13700.0,369.95,363.4,0.24783936604251555,0.07397260273972603
2021-01-29,2021-03-25,13734.347439020312,13750.0,462.75,478.25,0.22331166851942053,0.1506849315068493
2021-02-01,2021-02-25,14354.017132476198,14350.0,322.15,318.15,0.2190178005697484,0.06575342465753424
2021-02-01,2021-03-25,14355.954889369496,14350.0,429.4,423.5,0.19919487924200274,0.14246575342465753
2021-02-02,2021-02-25,14695.330915051341,14700.0,312.2,316.85,0.21458681862611625,0.06301369863013699
2021-02-02,2021-03-25,14721.441803251211,14700.0,473.55,440.65,0.21028587926941836,0.13972602739726028
2021-02-03,2021-02-25,14821.48400554725,14800.0,320.05,298.65,0.2140347945500365,0.06027397260273973
2021-02-03,2021-03-25,14858.784642947556,14850.0,519.3,452.0,0.22346054575731722,0.136986301369863
2021-02-04,2021-02-25,14897.440445844804,14900.0,284.95,287.5,0.20153431542938816,0.057534246575342465
2021-02-04,2021-03-25,14933.591848198153,14950.0,417.7,479.8,0.20729525580238584,0.13424657534246576
2021-02-05,2021-02-25,14930.580959315601,14950.0,271.8,291.15,0.20240732710166018,0.0547945205479452
2021-02-05,2021-03-25,14969.21353631011,14950.0,464.05,445.0,0.21184186634641292,0.13150684931506848
2021-02-08,2021-02-25,15129.086783124107,15150.0,257.4,278.25,0.20601140988537622,0.04657534246575343
2021-02-08,2021-03-25,15159.677240584873,15150.0,456.3,446.7,0.21443902409611562,0.1232876712328767
2021-02-09,2021-02-25,15108.624539052733,15100.0,269.75,261.15,0.2110059204596767,0.043835616438356165
2021-02-09,2021-03-25,15145.313421262234,15150.0,462.95,467.6,0.22355419064950868,0.12054794520547946
2021-02-10,2021-02-25,15114.989988316782,15100.0,248.25,233.3,0.1975447679519347,0.0410958904109589
2021-02-10,2021-03-25,15072.723340229608,15050.0,434.4,411.85,0.2067403347633603,0.1178082191780822
2021-02-11,2021-02-25,15187.81967042679,15200.0,208.9,221.05,0.18150390706909933,0.038356164383561646
2021-02-11,2021-03-25,15223.777176835345,15200.0,435.35,411.75,0.20728304038466816,0.11506849315068493
2021-02-12,2021-02-25,15158.56981676535,15150.0,205.2,196.65,0.17649245145034465,0.03561643835616438
2021-02-12,2021-03-25,15200.503664044927,15200.0,406.75,406.25,0.20151511801054053,0.11232876712328767
2021-02-15,2021-02-25,15334.722818270027,15350.0,166.7,181.95,0.17227699359827664,0.0273972602739726
2021-02-15,2021-03-25,15383.387963811952,15400.0,376.7,393.2,0.19561854239847293,0.10410958904109589
2021-02-16,2021-02-25,15334.124576206923,15350.0,158.85,174.7,0.1736838423668987,0.024657534246575342
2021-02-16,2021-03-25,15380.522081086108,15400.0,377.3,396.65,0.1992601542991993,0.10136986301369863
2021-02-17,2021-02-25,15206.709552008035,15200.0,162.35,155.65,0.17730414371470768,0.021917808219178082
2021-02-17,2021-03-25,15255.43473038667,15250.0,378.4,373.0,0.19789101944485693,0.09863013698630137
2021-02-18,2021-02-25,15116.871017891992,15100.0,151.4,134.55,0.17131636251442908,0.019178082191780823
2021-02-18,2021-03-25,15167.911291678842,15150.0,379.45,361.65,0.19910210333734152,0.0958904109589041
2021-02-18,2021-04-29,15228.85749758152,15200.0,527.95,499.45,0.19569587763942398,0.1917808219178082
2021-02-19,2021-02-25,14982.180970657368,15000.0,123.25,141.05,0.17228178997553004,0.01643835616438356
2021-02-19,2021-03-25,15034.657384281936,15050.0,352.45,367.7,0.19779182688661429,0.09315068493150686
2021-02-19,2021-04-29,15091.546764985169,15100.0,515.8,524.15,0.20109663493599483,0.18904109589041096
2021-02-22,2021-02-25,14680.939819883635,14700.0,112.7,131.75,0.2297197364559003,0.00821917808219178
2021-02-22,2021-03-25,14722.071511122786,14700.0,400.85,378.9,0.22919567968193416,0.08493150684931507
2021-02-22,2021-04-29,14797.723398772992,14800.0,530.95,533.2,0.21451779511649993,0.18082191780821918
2021-02-23,2021-02-25,14710.653793826257,14700.0,100.6,89.95,0.21925661357601967,0.005479452054794521
2021-02-23,2021-03-25,14757.0374973352,14750.0,385.65,378.65,0.2277192401289836,0.0821917808219178
2021-02-23,2021-04-29,14831.209174086169,14800.0,544.15,513.3,0.21446079699037643,0.1780821917808219
2021-02-24,2021-02-25,14998.249688328413,15000.0,65.65,67.4,0.2124276232936258,0.0027397260273972603
2021-02-24,2021-03-25,15047.587573419256,15050.0,365.2,367.6,0.2176710350013351,0.07945205479452055
2021-02-24,2021-04-29,15131.102470537238,15100.0,520.95,490.2,0.20251636237985368,0.17534246575342466
2021-02-25,2021-03-25,15171.356223515251,15150.0,362.95,341.7,0.21134112450123305,0.07671232876712329
2021-02-25,2021-04-29,15239.035498674557,15200.0,516.3,477.7,0.199209290218273,0.1726027397260274
2021-02-26,2021-03-25,14571.905071579244,14550.0,435.7,413.9,0.2701743586842514,0.07397260273972603
2021-02-26,2021-04-29,14639.938539812696,14600.0,598.1,558.6,0.2432768352020619,0.16986301369863013
2021-03-01,2021-03-25,14798.393147009521,14800.0,371.2,372.8,0.24681045173633887,0.06575342465753424
2021-03-01,2021-04-29,14868.066233213456,14900.0,516.15,547.75,0.22519051160166967,0.16164383561643836
2021-03-02,2021-03-25,14966.065668640547,14950.0,341.35,325.35,0.22343673670086195,0.06301369863013699
2021-03-02,2021-04-29,15057.729424541183,15050.0,478.9,471.25,0.2005529042860164,0.1589041095890411
2021-03-03,2021-03-25,15299.04627078178,15300.0,309.15,310.1,0.20745850741886013,0.06027397260273973
2021-03-03,2021-04-29,15359.894965597685,15400.0,455.0,494.7,0.1977779806761916,0.15616438356164383
2021-03-04,2021-03-25,15107.277163774577,15100.0,344.35,337.1,0.23665514258406367,0.057534246575342465
2021-03-04,2021-04-29,15183.789138957562,15200.0,485.7,501.75,0.21010318545272205,0.15342465753424658
2021-03-05,2021-03-25,14954.014271976102,14950.0,354.45,350.45,0.2533526110138218,0.0547945205479452
2021-03-05,2021-04-29,15034.13268136216,15050.0,493.75,543.0,0.22477691693809265,0.1506849315068493
2021-03-08,2021-03-25,14966.951240537293,14950.0,338.95,322.05,0.2573808904132576,0.04657534246575343
2021-03-08,2021-04-29,15036.879057321448,15050.0,494.45,507.45,0.2232589371237348,0.14246575342465753
2021-03-09,2021-03-25,15130.845500475905,15150.0,273.55,292.65,0.22443899240368817,0.043835616438356165
2021-03-09,2021-04-29,15200.454105602012,15200.0,466.45,466.0,0.2076108482476098,0.13972602739726028
2021-03-10,2021-03-25,15207.720595989245,15200.0,255.5,247.8,0.20520732903313554,0.0410958904109589
2021-03-10,2021-04-29,15279.46799226396,15300.0,423.55,443.9,0.19384294424149345,0.136986301369863
2021-03-12,2021-03-25,15054.66077753905,15050.0,259.3,254.65,0.2272894229134243,0.03561643835616438
2021-03-12,2021-04-29,15124.407746913632,15100.0,452.05,427.85,0.20295375716424213,0.13150684931506848
2021-03-15,2021-03-25,14967.180568306167,14950.0,241.3,224.15,0.2359402292977176,0.0273972602739726
2021-03-15,2021-04-29,15033.921667986591,15050.0,410.0,425.95,0.1999839728399877,0.1232876712328767
2021-03-16,2021-03-25,14957.912671795919,14950.0,212.7,204.8,0.22317948888728345,0.024657534246575342
2021-03-16,2021-04-29,15018.403388509898,15000.0,413.3,380.95,0.1925264947680549,0.12054794520547946
2021-03-17,2021-03-25,14769.828228322249,14750.0,210.1,190.3,0.22981213171183568,0.021917808219178082
2021-03-17,2021-04-29,14839.469671600913,14850.0,379.9,390.35,0.1909454535384369,0.1178082191780822
2021-03-18,2021-03-25,14577.47193456559,14600.0,175.45,197.95,0.23167084289154913,0.019178082191780823
2021-03-18,2021-04-29,14656.750300203255,14650.0,377.2,370.5,0.18996945157816722,0.11506849315068493
2021-03-18,2021-05-27,14736.00723343326,14700.0,560.05,494.0,0.20752763775932898,0.1917808219178082
2021-03-19,2021-03-25,14759.510156109833,14750.0,171.1,161.6,0.22060600042677583,0.01643835616438356
2021-03-19,2021-04-29,14828.896476517533,14850.0,358.1,379.05,0.18710398385435484,0.11232876712328767
2021-03-19,2021-05-27,14839.156955162713,14800.0,506.05,426.65,0.1836125165773585,0.18904109589041096
2021-03-22,2021-03-25,14742.145805043912,14750.0,127.9,135.75,0.2472382527699455,0.00821917808219178
2021-03-22,2021-04-29,14833.085926790352,14850.0,363.3,380.1,0.19588388705079401,0.10410958904109589
2021-03-22,2021-05-27,14857.908172869546,14900.0,463.4,505.0,0.19403916647838965,0.18082191780821918
2021-03-23,2021-03-25,14838.295832134534,14850.0,91.55,103.25,0.22201646830854166,0.005479452054794521
2021-03-23,2021-04-29,14927.804231935334,14950.0,341.85,363.9,0.18716672219908875,0.10136986301369863
2021-03-23,2021-05-27,14972.43273925938,15000.0,453.4,480.65,0.18726229374230552,0.1780821917808219
2021-03-24,2021-03-25,14552.85050757944,14550.0,79.55,76.7,0.2571316191051216,0.0027397260273972603
2021-03-24,2021-04-29,14650.301929465926,14650.0,382.55,382.25,0.2097121579867961,0.09863013698630137
2021-03-24,2021-05-27,14693.374920909955,14700.0,482.5,489.05,0.20018554295342267,0.17534246575342466
2021-03-25,2021-04-29,14442.100919119162,14450.0,374.35,382.2,0.21332013145137851,0.0958904109589041
2021-03-25,2021-05-27,14472.847068927153,14500.0,472.5,499.35,0.2046783893357213,0.1726027397260274
2021-03-26,2021-04-29,14609.75890966985,14600.0,353.9,344.2,0.197494590123483,0.09315068493150686
2021-03-26,2021-05-27,14648.886794935288,14600.0,490.25,441.9,0.195865538986025,0.16986301369863013
2021-03-31,2021-04-29,14754.322264290498,14750.0,343.2,338.9,0.20668004773032028,0.07945205479452055
2021-03-31,2021-05-27,14800.808161902314,14800.0,458.8,458.0,0.1985132980226655,0.15616438356164383
2021-04-01,2021-04-29,14956.281242210369,14950.0,303.85,297.6,0.1829327762389369,0.07671232876712329
2021-04-01,2021-05-27,14996.313417893776,15000.0,437.45,441.1,0.18935167386109586,0.15342465753424658
2021-04-05,2021-04-29,14699.347215972617,14700.0,311.85,312.5,0.20851097338782626,0.06575342465753424
2021-04-05,2021-05-27,14744.257948958035,14700.0,472.45,428.6,0.20501498369589755,0.14246575342465753
2021-04-06,2021-04-29,14747.138302773403,14750.0,296.25,299.1,0.20238917726995073,0.06301369863013699
2021-04-06,2021-05-27,14798.88996408397,14800.0,440.2,441.3,0.20157888242221803,0.13972602739726028
2021-04-07,2021-04-29,14890.31211899388,14900.0,276.5,286.15,0.19359315739535932,0.06027397260273973
2021-04-07,2021-05-27,14932.084415037154,14900.0,448.2,416.4,0.1979977360987626,0.136986301369863
2021-04-08,2021-04-29,14923.437486087778,14900.0,288.15,264.8,0.19438903046834732,0.057534246575342465
2021-04-08,2021-05-27,14971.704163905159,14950.0,446.6,412.45,0.19813849080210344,0.13424657534246576
2021-04-09,2021-04-29,14885.950048083638,14900.0,253.3,267.3,0.18780012456893921,0.0547945205479452
2021-04-09,2021-05-27,14936.837971189138,14950.0,404.0,417.05,0.19154468822562581,0.13150684931506848
2021-04-12,2021-04-29,14348.34499722565,14350.0,300.2,301.85,0.24442842564757705,0.04657534246575343
2021-04-12,2021-05-27,14408.467585511764,14400.0,439.05,430.65,0.21729622122638725,0.1232876712328767
2021-04-13,2021-04-29,14541.124747602711,14550.0,235.65,244.5,0.1981592854737002,0.043835616438356165
2021-04-13,2021-05-27,14588.812683013073,14600.0,392.85,403.95,0.1986575896615072,0.12054794520547946
2021-04-15,2021-04-29,14589.724413323012,14600.0,228.05,238.3,0.20497433195535558,0.038356164383561646
2021-04-15,2021-05-27,14632.771621869306,14650.0,383.05,400.15,0.19913023302651428,0.11506849315068493
2021-04-15,2021-06-24,14654.576109461192,14600.0,539.7,485.8,0.20305058090385258,0.1917808219178082
2021-04-16,2021-04-29,14647.694669174234,14650.0,215.5,217.8,0.19690033038089538,0.03561643835616438
2021-04-16,2021-05-27,14691.538444045216,14700.0,382.95,391.35,0.19850257829564005,0.11232876712328767
2021-04-16,2021-06-24,14714.021234126396,14700.0,506.85,493.0,0.19844352718892186,0.18904109589041096
2021-04-19,2021-04-29,14372.239569469208,14350.0,236.45,214.25,0.23788738657831102,0.0273972602739726
2021-04-19,2021-05-27,14425.23296422873,14450.0,395.45,420.05,0.2208757959066483,0.10410958904109589
2021-04-19,2021-06-24,14436.425619632124,14400.0,540.0,504.0,0.21593161546829387,0.18082191780821918
2021-04-20,2021-04-29,14294.69149866856,14300.0,207.55,212.85,0.2350667220169686,0.024657534246575342
2021-04-20,2021-05-27,14342.09810524682,14350.0,400.55,408.4,0.223478145029402,0.10136986301369863
2021-04-20,2021-06-24,14376.580473902923,14400.0,508.85,532.0,0.2173900800440695,0.1780821917808219
2021-04-22,2021-04-29,14403.153929160817,14400.0,194.9,191.75,0.24328652931271777,0.019178082191780823
2021-04-22,2021-05-27,14452.867819173298,14450.0,405.0,402.15,0.22751532173133038,0.0958904109589041
2021-04-22,2021-06-24,14471.07732481626,14500.0,502.45,531.05,0.21768403804221825,0.1726027397260274
2021-04-23,2021-04-29,14338.88813338746,14350.0,160.4,171.5,0.22634915867343292,0.01643835616438356
2021-04-23,2021-05-27,14393.25930981567,14400.0,386.95,393.65,0.22404673525359484,0.09315068493150686
2021-04-23,2021-06-24,14423.91256877393,14400.0,527.05,503.4,0.2198798606217207,0.16986301369863013
2021-04-26,2021-04-29,14483.441155856912,14500.0,123.4,139.95,0.25104621306590436,0.00821917808219178
2021-04-26,2021-05-27,14538.285507763989,14550.0,382.2,393.85,0.23076787339324628,0.08493150684931507
2021-04-26,2021-06-24,14552.907799612249,14600.0,493.4,540.0,0.22326714723799884,0.16164383561643836
2021-04-27,2021-04-29,14644.047880444485,14650.0,92.75,98.7,0.2213213521984277,0.005479452054794521
2021-04-27,2021-05-27,14696.179644303747,14700.0,370.3,374.1,0.22262889038735567,0.0821917808219178
2021-04-27,2021-06-24,14718.641553305204,14700.0,514.45,496.0,0.21826859133124618,0.1589041095890411
2021-04-28,2021-04-29,14856.50115763732,14850.0,74.75,68.25,0.23041726032391865,0.0027397260273972603
2021-04-28,2021-05-27,14903.81967541951,14900.0,358.1,354.3,0.21369478766746536,0.07945205479452055
2021-04-28,2021-06-24,14935.00351239396,14900.0,507.7,473.05,0.21061652482524806,0.15616438356164383
2021-04-29,2021-05-27,14933.26677075158,14950.0,358.0,374.65,0.22299186132147292,0.07671232876712329
2021-04-29,2021-06-24,14960.201227198046,14950.0,510.1,500.0,0.21834184203085322,0.15342465753424658
2021-04-30,2021-05-27,14689.851320048148,14700.0,352.2,362.3,0.2251581955413447,0.07397260273972603
2021-04-30,2021-06-24,14722.771951618837,14700.0,501.55,479.0,0.21734549245161586,0.1506849315068493
2021-05-03,2021-05-27,14684.031898407113,14700.0,330.75,346.65,0.2263109193160822,0.06575342465753424
2021-05-03,2021-06-24,14717.107690646264,14700.0,487.9,470.95,0.21851789735304256,0.14246575342465753
2021-05-04,2021-05-27,14545.88317241086,14550.0,329.65,333.75,0.22863858564109746,0.06301369863013699
2021-05-04,2021-06-24,14586.578656651629,14600.0,453.4,466.7,0.21337017266452266,0.13972602739726028
2021-05-05,2021-05-27,14675.805395622021,14700.0,290.0,314.1,0.21070455107329084,0.06027397260273973
2021-05-05,2021-06-24,14714.831474875666,14700.0,451.7,437.0,0.2064786092082292,0.136986301369863
2021-05-06,2021-05-27,14773.337111415025,14750.0,308.05,284.8,0.21055411371764166,0.057534246575342465
2021-05-06,2021-06-24,14802.622786946402,14800.0,437.7,435.1,0.2035222646865884,0.13424657534246576
2021-05-07,2021-05-27,14870.322251879023,14850.0,289.25,269.0,0.20179101722285292,0.0547945205479452
2021-05-07,2021-06-24,14897.629826229462,14900.0,414.35,416.7,0.19447437850745097,0.13150684931506848
2021-05-10,2021-05-27,14985.30558142773,15000.0,239.25,253.9,0.19156058887758382,0.04657534246575343
2021-05-10,2021-06-24,15013.3062058042,15000.0,401.1,387.9,0.18919722525644145,0.1232876712328767
2021-05-11,2021-05-27,14876.683658956274,14900.0,219.85,243.1,0.1865306586340973,0.043835616438356165
2021-05-11,2021-06-24,14904.031465580874,14900.0,383.75,379.75,0.1864313919008725,0.12054794520547946
2021-05-14,2021-05-27,14714.483491492318,14700.0,215.2,200.75,0.18819407825331735,0.03561643835616438
2021-05-14,2021-06-24,14738.063162135215,14750.0,355.95,367.8,0.1849226791636008,0.11232876712328767
2021-05-17,2021-05-27,14951.152049769802,14950.0,178.5,177.35,0.18055251167092923,0.0273972602739726
2021-05-17,2021-06-24,14968.877313850053,14950.0,353.95,335.2,0.18014025984518178,0.10410958904109589
2021-05-18,2021-05-27,15145.292461083442,15150.0,157.45,162.15,0.16866524116025688,0.024657534246575342
2021-05-18,2021-06-24,15164.797178709778,15150.0,344.25,329.55,0.17614266477451224,0.10136986301369863
2021-05-19,2021-05-27,15061.916965506807,15050.0,159.25,147.35,0.1725628436571482,0.021917808219178082
2021-05-19,2021-06-24,15082.488090976285,15100.0,322.05,339.45,0.17603695522814805,0.09863013698630137
2021-05-20,2021-05-27,14937.534470459626,14950.0,137.25,149.7,0.1738981416921493,0.019178082191780823
2021-05-20,2021-06-24,14955.584700495368,14950.0,339.15,333.6,0.18325655624953274,0.0958904109589041
2021-05-20,2021-07-29,14998.582438715293,15000.0,446.7,448.1,0.172913863576297,0.1917808219178082
2021-05-21,2021-05-27,15205.55593330627,15200.0,119.1,113.55,0.1497279483777666,0.01643835616438356
2021-05-21,2021-06-24,15236.468315973249,15250.0,311.3,324.75,0.17238477237667416,0.09315068493150686
2021-05-21,2021-07-29,15248.470699131149,15200.0,477.5,415.25,0.17100741131152597,0.18904109589041096
2021-05-24,2021-05-27,15207.303901041967,15200.0,98.05,90.75,0.17168384068675424,0.00821917808219178
2021-05-24,2021-06-24,15237.531355903302,15250.0,292.05,304.45,0.16920980373604833,0.08493150684931507
2021-05-24,2021-07-29,15296.205664621653,15300.0,424.0,427.75,0.16607374434626282,0.18082191780821918
2021-05-25,2021-05-27,15218.1064477235,15200.0,83.85,65.75,0.1658219211424575,0.005479452054794521
2021-05-25,2021-06-24,15249.798928647566,15250.0,292.4,292.6,0.16861534688056845,0.0821917808219178
2021-05-25,2021-07-29,15298.937775274215,15300.0,413.8,414.85,0.16276338859588202,0.1780821917808219
2021-05-26,2021-05-27,15302.800498674538,15300.0,53.75,50.95,0.16383310018464342,0.0027397260273972603
2021-05-26,2021-06-24,15333.062755047695,15350.0,277.5,294.35,0.16656490851042632,0.07945205479452055
2021-05-26,2021-07-29,15377.292667851676,15400.0,397.15,419.6,0.16066910594249809,0.17534246575342466
2021-05-27,2021-06-24,15390.703761528655,15400.0,272.5,281.75,0.16372223997160662,0.07671232876712329
2021-05-27,2021-07-29,15443.434576893063,15400.0,431.65,388.7,0.16217280134795273,0.1726027397260274
2021-05-28,2021-06-24,15466.93121358304,15450.0,261.15,244.3,0.15135664411358574,0.07397260273972603
2021-05-28,2021-07-29,15509.099920463652,15500.0,406.0,397.0,0.15926582735649109,0.16986301369863013
2021-05-31,2021-06-24,15583.78082762735,15600.0,227.9,244.05,0.14853146218980492,0.06575342465753424
2021-05-31,2021-07-29,15635.369678402818,15600.0,398.3,363.3,0.15354321695358297,0.16164383561643836
2021-06-01,2021-06-24,15620.03188058618,15600.0,237.65,217.7,0.14615783816127723,0.06301369863013699
2021-06-01,2021-07-29,15670.698913504015,15700.0,357.35,386.35,0.15056937671051385,0.1589041095890411
2021-06-02,2021-06-24,15614.958489843646,15600.0,225.75,210.85,0.1433206692606609,0.06027397260273973
2021-06-02,2021-07-29,15666.764341767352,15700.0,338.4,371.3,0.1449020564468158,0.15616438356164383
2021-06-03,2021-06-24,15713.349831476122,15700.0,208.95,195.65,0.13506165220845806,0.057534246575342465
2021-06-03,2021-07-29,15757.726672085648,15750.0,362.0,354.35,0.14696902137505105,0.15342465753424658
2021-06-04,2021-06-24,15699.698929601793,15700.0,192.45,192.75,0.1318396726165446,0.0547945205479452
2021-06-04,2021-07-29,15757.977756886423,15750.0,336.3,328.4,0.1375770412273576,0.1506849315068493
2021-06-07,2021-06-24,15787.211342198196,15800.0,175.85,188.6,0.13436907147646465,0.04657534246575343
2021-06-07,2021-07-29,15837.14236081313,15800.0,345.45,308.65,0.1384569454256021,0.14246575342465753
2021-06-08,2021-06-24,15766.246224727241,15750.0,184.7,168.5,0.13446935734560211,0.043835616438356165
2021-06-08,2021-07-29,15818.82015439452,15800.0,327.05,308.4,0.13597498571774624,0.13972602739726028
2021-06-09,2021-06-24,15660.227282998741,15650.0,175.95,165.75,0.13526953321550755,0.0410958904109589
2021-06-09,2021-07-29,15715.386394003666,15700.0,319.6,304.35,0.13570280785289868,0.136986301369863
2021-06-10,2021-06-24,15748.99750373883,15750.0,164.55,165.55,0.13446683528829165,0.038356164383561646
2021-06-10,2021-07-29,15795.813628527858,15800.0,306.4,310.55,0.13476784382718965,0.13424657534246576
2021-06-11,2021-06-24,15812.6292036542,15800.0,155.05,142.45,0.12521559801455964,0.03561643835616438
2021-06-11,2021-07-29,15862.153444227655,15850.0,307.05,295.0,0.1323491677277428,0.13150684931506848
2021-06-14,2021-06-24,15829.062747661872,15850.0,126.55,147.45,0.13097556075901773,0.0273972602739726
2021-06-14,2021-07-29,15879.68787523071,15900.0,279.6,299.75,0.13115139854907315,0.1232876712328767
2021-06-15,2021-06-24,15876.061663807284,15900.0,120.2,144.1,0.1326422396406295,0.024657534246575342
2021-06-15,2021-07-29,15922.021880735525,15900.0,306.45,284.6,0.135101539129932,0.12054794520547946
2021-06-16,2021-06-24,15792.339093602766,15800.0,128.95,136.6,0.14248459444959824,0.021917808219178082
2021-06-16,2021-07-29,15841.333892417977,15850.0,295.6,304.2,0.13928573825458854,0.1178082191780822
2021-06-17,2021-06-24,15692.991268531518,15700.0,118.45,125.45,0.14076698303970508,0.019178082191780823
2021-06-17,2021-07-29,15741.587312433257,15750.0,299.6,307.95,0.14363634082221863,0.11506849315068493
2021-06-17,2021-08-26,15797.671149317983,15800.0,401.05,403.35,0.14756813147115927,0.1917808219178082
2021-06-18,2021-06-24,15691.941394033247,15700.0,98.4,106.45,0.1276538184205125,0.01643835616438356
2021-06-18,2021-07-29,15747.129114943913,15750.0,291.3,294.15,0.14004603508324343,0.11232876712328767
2021-06-18,2021-08-26,15778.892221549793,15800.0,373.85,394.7,0.14203351029795963,0.18904109589041096
2021-06-21,2021-06-24,15744.547087578258,15750.0,81.65,87.1,0.14817508527607653,0.00821917808219178
2021-06-21,2021-07-29,15790.083117790771,15800.0,275.25,285.1,0.138734874625514,0.10410958904109589
2021-06-21,2021-08-26,15843.20483217477,15800.0,401.05,358.35,0.14301727981804663,0.18082191780821918
2021-06-22,2021-06-24,15771.307587652516,15750.0,79.65,58.35,0.14717227500159857,0.005479452054794521
2021-06-22,2021-07-29,15815.552136807215,15800.0,282.05,266.6,0.13750445187519056,0.10136986301369863
2021-06-22,2021-08-26,15859.837788939354,15900.0,354.75,394.45,0.14164542085018816,0.1780821917808219
2021-06-23,2021-06-24,15694.799073890143,15700.0,52.65,57.85,0.16846638703029485,0.0027397260273972603
2021-06-23,2021-07-29,15741.89822599765,15750.0,277.45,285.5,0.1435981612885567,0.09863013698630137
2021-06-23,2021-08-26,15790.441679786118,15800.0,375.35,384.8,0.145708791409648,0.17534246575342466
2021-06-24,2021-07-29,15833.145273279742,15850.0,260.25,277.0,0.1380880444564452,0.0958904109589041
2021-06-24,2021-08-26,15881.44296889435,15900.0,362.95,381.3,0.14287738656922058,0.1726027397260274
2021-06-25,2021-07-29,15888.480462296928,15900.0,234.6,246.05,0.12492044007122988,0.09315068493150686
2021-06-25,2021-08-26,15935.995240945114,15900.0,368.5,332.9,0.13538886536532596,0.16986301369863013
2021-06-28,2021-07-29,15858.64760800255,15850.0,230.1,221.5,0.12316929737224339,0.08493150684931507
2021-06-28,2021-08-26,15908.994003936716,15900.0,338.75,329.85,0.1324392409534464,0.16164383561643836
2021-06-29,2021-07-29,15788.086522368267,15800.0,209.65,221.5,0.11995489407422083,0.0821917808219178
2021-06-29,2021-08-26,15838.242969788726,15800.0,346.0,308.15,0.13123792078135996,0.1589041095890411
2021-06-30,2021-07-29,15755.12640648408,15750.0,217.55,212.45,0.12200269337924827,0.07945205479452055
2021-06-30,2021-08-26,15801.818364280205,15800.0,323.9,322.1,0.13100117692828867,0.15616438356164383
2021-07-01,2021-07-29,15713.064983797565,15700.0,214.0,201.0,0.12012820890947953,0.07671232876712329
2021-07-01,2021-08-26,15763.083677813016,15800.0,299.7,336.25,0.13010885899884078,0.15342465753424658
2021-07-02,2021-07-29,15742.916020429648,15750.0,182.9,189.95,0.10963030007299525,0.07397260273972603
2021-07-02,2021-08-26,15790.406494883417,15800.0,294.3,303.8,0.12346219980949821,0.1506849315068493
2021-07-05,2021-07-29,15860.1432595024,15850.0,179.75,169.65,0.10814587984364961,0.06575342465753424
2021-07-05,2021-08-26,15902.9269795206,15900.0,291.35,288.45,0.12220882034034308,0.14246575342465753
2021-07-06,2021-07-29,15839.306289311136,15850.0,168.45,179.1,0.10993595847644821,0.06301369863013699
2021-07-06,2021-08-26,15876.184683983342,15900.0,276.2,299.8,0.12260896144244537,0.13972602739726028
2021-07-07,2021-07-29,15886.045435649216,15900.0,163.2,177.1,0.1096817311828511,0.06027397260273973
2021-07-07,2021-08-26,15923.659733730228,15900.0,296.95,273.5,0.12243040683154854,0.136986301369863
2021-07-08,2021-07-29,15735.596234459974,15750.0,182.0,196.35,0.12599411184953171,0.057534246575342465
2021-07-08,2021-08-26,15780.58128895452,15800.0,290.9,310.15,0.13131627550815964,0.13424657534246576
2021-07-09,2021-07-29,15726.165260141886,15750.0,161.75,185.5,0.11838444246986352,0.0547945205479452
2021-07-09,2021-08-26,15770.827271643244,15750.0,295.4,274.75,0.1260596311090199,0.13150684931506848
2021-07-12,2021-07-29,15713.390476992477,15700.0,170.2,156.85,0.12122939497583024,0.04657534246575343
2021-07-12,2021-08-26,15756.098677660259,15750.0,278.5,272.45,0.1258480919221276,0.1232876712328767
2021-07-13,2021-07-29,15833.101920576912,15850.0,141.95,158.8,0.11385905325806475,0.043835616438356165
2021-07-13,2021-08-26,15866.226648963018,15850.0,274.45,258.35,0.12220867382807779,0.12054794520547946
2021-07-14,2021-07-29,15870.855635919,15850.0,158.55,137.75,0.11562851187462994,0.0410958904109589
2021-07-14,2021-08-26,15901.964989509877,15900.0,260.65,258.7,0.1201884662403452,0.1178082191780822
2021-07-15,2021-07-29,15936.265801221978,15950.0,127.15,140.85,0.10775382022369535,0.038356164383561646
2021-07-15,2021-08-26,15973.726801460694,15950.0,262.85,239.3,0.11703187113233543,0.11506849315068493
2021-07-16,2021-07-29,15935.516508507682,15950.0,115.25,129.7,0.10215957431883094,0.03561643835616438
2021-07-16,2021-08-26,15973.974408538554,15950.0,249.65,225.85,0.11213156718825437,0.11232876712328767
2021-07-19,2021-07-29,15753.806773152386,15750.0,125.65,121.85,0.1191780811267117,0.0273972602739726
2021-07-19,2021-08-26,15802.416296172807,15800.0,245.75,243.35,0.12105567348223875,0.10410958904109589
2021-07-20,2021-07-29,15643.389413436322,15650.0,118.5,125.1,0.12443462942437786,0.024657534246575342
2021-07-20,2021-08-26,15688.37364529946,15700.0,244.4,255.95,0.12631583273341362,0.10136986301369863
2021-07-22,2021-07-29,15818.523076023848,15800.0,97.1,78.6,0.10035120077002818,0.019178082191780823
2021-07-22,2021-08-26,15857.496579944234,15850.0,220.85,213.4,0.11154960328438271,0.0958904109589041
2021-07-22,2021-09-30,15901.9238331721,15900.0,320.45,318.55,0.11646474423506546,0.1917808219178082
2021-07-23,2021-07-29,15857.307804168608,15850.0,81.0,73.7,0.09542240121042106,0.01643835616438356
2021-07-23,2021-08-26,15894.26538297751,15900.0,206.6,212.3,0.10886353282131878,0.09315068493150686
2021-07-23,2021-09-30,15938.115484827353,15900.0,336.65,299.0,0.1164071985127405,0.18904109589041096
2021-07-26,2021-07-29,15823.712665026658,15800.0,82.55,58.85,0.12257896127916224,0.00821917808219178
2021-07-26,2021-08-26,15863.876394236648,15850.0,220.15,206.35,0.11627832749186905,0.08493150684931507
2021-07-26,2021-09-30,15910.11822767559,15900.0,324.15,314.15,0.11968545016153742,0.18082191780821918
2021-07-27,2021-07-29,15738.045743077579,15750.0,55.15,67.1,0.13111568210684127,0.005479452054794521
2021-07-27,2021-08-26,15776.22331257464,15800.0,210.85,234.5,0.1238710459286069,0.0821917808219178
2021-07-27,2021-09-30,15820.485762568716,15800.0,341.3,321.05,0.12584837995433557,0.1780821917808219
2021-07-28,2021-07-29,15709.351665216762,15700.0,51.05,41.7,0.14098038903673227,0.0027397260273972603
2021-07-28,2021-08-26,15744.87359351592,15750.0,222.25,227.35,0.12760635168633788,0.07945205479452055
2021-07-28,2021-09-30,15785.131501889517,15800.0,329.75,344.45,0.12923778263669877,0.17534246575342466
2021-07-29,2021-08-26,15809.74848791049,15800.0,210.95,201.25,0.11859128790510234,0.07671232876712329
2021-07-29,2021-09-30,15839.836612391728,15850.0,315.0,325.05,0.12323832397158385,0.1726027397260274
2021-07-30,2021-08-26,15778.999266238246,15800.0,184.3,205.2,0.1141223590352506,0.07397260273972603
2021-07-30,2021-09-30,15815.166534106087,15800.0,325.3,310.3,0.12362150260759558,0.16986301369863013
2021-08-02,2021-08-26,15907.130410145252,15900.0,185.65,178.55,0.11239962260956227,0.06575342465753424
2021-08-02,2021-09-30,15940.096490047212,15950.0,293.25,303.05,0.11781095347721146,0.16164383561643836
2021-08-03,2021-08-26,16145.88317241086,16150.0,192.45,196.55,0.12076886463680016,0.06301369863013699
2021-08-03,2021-09-30,16180.752217319017,16200.0,292.6,311.65,0.1185334200204697,0.1589041095890411
2021-08-04,2021-08-26,16259.135721985045,16250.0,186.05,176.95,0.1144340062515707,0.06027397260273973
2021-08-04,2021-09-30,16293.787255375964,16300.0,285.05,291.2,0.11329323182782419,0.15616438356164383
2021-08-05,2021-08-26,16298.444192572331,16300.0,168.0,169.55,0.1086179167927345,0.057534246575342465
2021-08-05,2021-09-30,16336.819206442131,16350.0,274.9,287.95,0.11128931817446326,0.15342465753424658
2021-08-06,2021-08-26,16246.688225619715,16250.0,160.75,164.05,0.10740939188627058,0.0547945205479452
2021-08-06,2021-09-30,16293.688483475931,16300.0,276.5,282.75,0.1118917546335764,0.1506849315068493
2021-08-09,2021-08-26,16258.375317070202,16250.0,155.9,147.55,0.10872360131993328,0.04657534246575343
2021-08-09,2021-09-30,16307.065122980759,16300.0,272.1,265.1,0.11043039850829836,0.14246575342465753
2021-08-10,2021-08-26,16272.313487665502,16250.0,159.5,137.25,0.10935877635339214,0.043835616438356165
2021-08-10,2021-09-30,16319.072435284526,16300.0,275.4,256.5,0.11030880683834277,0.13972602739726028
2021-08-11,2021-08-26,16278.34222423796,16300.0,134.0,155.6,0.11001670287329465,0.0410958904109589
2021-08-11,2021-09-30,16324.567783212411,16300.0,277.45,253.1,0.11105525731434285,0.136986301369863
2021-08-12,2021-08-26,16353.358362474917,16350.0,133.4,130.05,0.1033584580925932,0.038356164383561646
2021-08-12,2021-09-30,16393.846538318056,16400.0,247.9,254.0,0.10562324416008721,0.13424657534246576
2021-08-13,2021-08-26,16514.182796167217,16500.0,143.25,129.1,0.1097314548560459,0.03561643835616438
2021-08-13,2021-09-30,16540.166300313722,16550.0,258.1,267.85,0.11080396185620892,0.13150684931506848
2021-08-16,2021-08-26,16556.21105093284,16550.0,128.6,122.4,0.11499956622703267,0.0273972602739726
2021-08-16,2021-09-30,16586.84500107994,16600.0,254.95,268.0,0.11338280860994773,0.1232876712328767
2021-08-17,2021-08-26,16592.237568807803,16600.0,108.85,116.6,0.1085592187660577,0.024657534246575342
2021-08-17,2021-09-30,16621.114800979827,16600.0,269.15,248.2,0.11326205504335798,0.12054794520547946
2021-08-18,2021-08-26,16572.9827191917,16550.0,112.2,89.25,0.10269470264852489,0.021917808219178082
2021-08-18,2021-09-30,16604.635359869455,16600.0,252.7,248.1,0.11099616603494755,0.1178082191780822
2021-08-20,2021-08-26,16441.741180220408,16450.0,93.9,102.15,0.11659067827776269,0.01643835616438356
2021-08-20,2021-09-30,16468.03117280841,16450.0,272.45,254.55,0.12057636405508257,0.11232876712328767
2021-08-20,2021-10-28,16486.53556578476,16500.0,347.65,360.95,0.12537698372400846,0.18904109589041096
2021-08-23,2021-08-26,16495.897809003825,16500.0,75.3,79.4,0.12967118992765958,0.00821917808219178
2021-08-23,2021-09-30,16528.202994941137,16550.0,237.55,259.2,0.11739313085138958,0.10410958904109589
2021-08-23,2021-10-28,16531.129505385023,16550.0,340.6,359.25,0.12616747558150032,0.18082191780821918
2021-08-24,2021-08-26,16621.707730143644,16600.0,68.85,47.15,0.11695058679138381,0.005479452054794521
2021-08-24,2021-09-30,16655.98933423967,16650.0,235.0,229.05,0.11041782085087115,0.10136986301369863
2021-08-24,2021-10-28,16658.244887157285,16650.0,335.65,327.5,0.11964431720683402,0.1780821917808219
2021-08-25,2021-08-26,16630.34650037333,16650.0,32.2,51.85,0.11883029365724859,0.0027397260273972603
2021-08-25,2021-09-30,16664.744222252728,16650.0,240.75,226.1,0.1125373477804579,0.09863013698630137
2021-08-25,2021-10-28,16675.573181675634,16700.0,317.95,342.1,0.11970288784764915,0.17534246575342466
2021-08-26,2021-09-30,16651.911879448864,16650.0,222.25,220.35,0.10826031383808166,0.0958904109589041
2021-08-26,2021-10-28,16654.44964233596,16650.0,320.0,315.6,0.11645439399742125,0.1726027397260274
2021-08-27,2021-09-30,16715.292312059973,16700.0,232.15,216.95,0.11101627275270315,0.09315068493150686
2021-08-27,2021-10-28,16732.507930664313,16750.0,312.55,329.85,0.11796839931767064,0.16986301369863013
2021-08-30,2021-09-30,16942.860695718828,16950.0,210.6,217.7,0.10928820217996549,0.08493150684931507
2021-08-30,2021-10-28,16959.852981840784,16950.0,324.9,315.15,0.11892433182767961,0.16164383561643836
2021-08-31,2021-09-30,17118.196957395307,17100.0,241.55,223.45,0.11939975557293,0.0821917808219178
2021-08-31,2021-10-28,17138.39452713267,17100.0,357.0,319.0,0.1253283531964286,0.1589041095890411
2021-09-01,2021-09-30,17093.868415773944,17100.0,213.9,220.0,0.11342605400363331,0.07945205479452055
2021-09-01,2021-10-28,17119.09282494216,17100.0,328.95,310.05,0.11963526285192712,0.15616438356164383
2021-09-02,2021-09-30,17243.819257664996,17250.0,216.95,223.1,0.11603133999041748,0.07671232876712329
2021-09-02,2021-10-28,17264.49382280118,17250.0,336.85,322.5,0.12347094081442739,0.15342465753424658
2021-09-03,2021-09-30,17325.884324866885,17350.0,210.4,234.4,0.11868500542039166,0.07397260273972603
2021-09-03,2021-10-28,17340.557971279995,17350.0,331.35,340.7,0.12633270505184357,0.1506849315068493
2021-09-06,2021-09-30,17401.506424678573,17400.0,223.5,222.0,0.1256764196587809,0.06575342465753424
2021-09-06,2021-10-28,17435.819288874336,17450.0,324.45,338.5,0.12737024141679743,0.14246575342465753
2021-09-07,2021-09-30,17375.00219682185,17400.0,200.35,225.75,0.122727049465826,0.06301369863013699
2021-09-07,2021-10-28,17405.49972340215,17400.0,331.5,326.05,0.12785224722184696,0.13972602739726028
2021-09-08,2021-09-30,17364.70750847043,17350.0,209.15,194.5,0.11913826219696583,0.06027397260273973
2021-09-08,2021-10-28,17397.881217874907,17400.0,316.7,318.8,0.12480104640040825,0.136986301369863
2021-09-09,2021-09-30,17360.689902648173,17350.0,195.25,184.6,0.1147637588692624,0.057534246575342465
2021-09-09,2021-10-28,17395.51099926481,17400.0,303.3,307.75,0.12120202316975447,0.13424657534246576
2021-09-13,2021-09-30,17359.127591058543,17350.0,180.95,171.85,0.11839446253097913,0.04657534246575343
2021-09-13,2021-10-28,17389.062702047304,17400.0,286.5,297.35,0.12076852676406166,0.1232876712328767
2021-09-14,2021-09-30,17385.759482029207,17400.0,150.0,164.2,0.10837902683999018,0.043835616438356165
2021-09-14,2021-10-28,17415.62192912589,17400.0,287.1,271.6,0.11674568316045436,0.12054794520547946
2021-09-15,2021-09-30,17536.463890148727,17550.0,149.1,162.6,0.11007724461476873,0.0410958904109589
2021-09-15,2021-10-28,17560.6310970919,17550.0,289.95,279.4,0.11933047182516446,0.1178082191780822
2021-09-16,2021-09-30,17613.082576208264,17600.0,166.95,153.9,0.11685135496880289,0.038356164383561646
2021-09-16,2021-10-28,17642.64519530093,17650.0,288.1,295.4,0.12309107479629398,0.11506849315068493
2021-09-16,2021-11-25,17648.208385919483,17600.0,427.95,365.0,0.13024761687741152,0.1917808219178082
2021-09-17,2021-09-30,17607.868194340117,17600.0,165.0,157.15,0.12179121977037718,0.03561643835616438
2021-09-17,2021-10-28,17634.990811461157,17650.0,304.4,319.3,0.13315524396799253,0.11232876712328767
2021-09-17,2021-11-25,17661.479569782714,17700.0,397.0,435.05,0.13725954265965828,0.18904109589041096
2021-09-20,2021-09-30,17388.729947904118,17400.0,175.4,186.65,0.1578405484721201,0.0273972602739726
2021-09-20,2021-10-28,17428.30367394834,17450.0,325.7,347.25,0.15087318128392885,0.10410958904109589
2021-09-20,2021-11-25,17435.110250034297,17400.0,475.05,440.35,0.15669108179136193,0.18082191780821918
2021-09-21,2021-09-30,17559.965960046757,17550.0,157.15,147.2,0.13855264726270558,0.024657534246575342
2021-09-21,2021-10-28,17598.540414344952,17600.0,317.15,318.6,0.14315142450208332,0.10136986301369863
2021-09-21,2021-11-25,17619.62586636213,17600.0,433.9,414.5,0.14474980197877846,0.1780821917808219
2021-09-22,2021-09-30,17569.57787190404,17550.0,155.5,135.95,0.14051074521621776,0.021917808219178082
2021-09-22,2021-10-28,17603.925083057038,17600.0,316.55,312.65,0.14358149617751786,0.09863013698630137
2021-09-22,2021-11-25,17631.96221362526,17600.0,438.0,406.4,0.1450710361006055,0.17534246575342466
2021-09-23,2021-09-30,17834.63085313697,17850.0,127.25,142.6,0.13690791280921866,0.019178082191780823
2021-09-23,2021-10-28,17858.20095658329,17850.0,329.9,321.75,0.14865256124152276,0.0958904109589041
2021-09-23,2021-11-25,17882.80820006561,17900.0,438.9,455.9,0.15258537721252832,0.1726027397260274
2021-09-24,2021-09-30,17856.506948917253,17850.0,123.25,116.75,0.13152017412397632,0.01643835616438356
2021-09-24,2021-10-28,17877.3130502005,17900.0,316.25,338.8,0.1512404299684063,0.09315068493150686
2021-09-24,2021-11-25,17899.84833465894,17900.0,457.15,457.3,0.15710508538798185,0.16986301369863013
2021-09-27,2021-09-30,17858.25440871181,17850.0,104.25,96.0,0.15505309717825705,0.00821917808219178
2021-09-27,2021-10-28,17893.614847579513,17900.0,333.2,339.55,0.1625659242223097,0.08493150684931507
2021-09-27,2021-11-25,17920.514413473633,17900.0,491.55,471.25,0.169355833102158,0.16164383561643836
2021-09-28,2021-09-30,17751.900676832855,17750.0,85.8,83.9,0.16191666731993704,0.005479452054794521
2021-09-28,2021-10-28,17779.03831150872,17800.0,329.35,350.2,0.16785524597774132,0.0821917808219178
2021-09-28,2021-11-25,17808.133577458368,17800.0,497.95,489.9,0.17629097309907737,0.1589041095890411
2021-09-29,2021-09-30,17712.052146081496,17700.0,70.85,58.8,0.17487917739829484,0.0027397260273972603
2021-09-29,2021-10-28,17738.03838487048,17750.0,332.6,344.5,0.17054939593674423,0.07945205479452055
2021-09-29,2021-11-25,17770.05251720116,17750.0,499.45,479.6,0.17663223551710955,0.15616438356164383
2021-09-30,2021-10-28,17625.176530784625,17650.0,317.3,342.0,0.16993497198065546,0.07671232876712329
2021-09-30,2021-11-25,17663.02929018364,17650.0,494.1,481.2,0.1785422388702841,0.15342465753424658
2021-10-01,2021-10-28,17535.781799869434,17550.0,285.05,299.2,0.15419169134191238,0.07397260273972603
2021-10-01,2021-11-25,17557.16988277134,17550.0,463.9,456.8,0.17104193494945522,0.1506849315068493
2021-10-04,2021-10-28,17708.084479108347,17700.0,272.9,264.85,0.14909407017673382,0.06575342465753424
2021-10-04,2021-11-25,17749.899069671705,17750.0,438.1,438.2,0.16548272520512297,0.14246575342465753
2021-10-05,2021-10-28,17828.86360469478,17850.0,249.2,270.25,0.14590869017964941,0.06301369863013699
2021-10-05,2021-11-25,17851.81642240805,17850.0,424.25,422.45,0.16050899945794647,0.13972602739726028
2021-10-06,2021-10-28,17631.12620073419,17650.0,259.3,278.1,0.1560770574332888,0.06027397260273973
2021-10-06,2021-11-25,17670.229324575314,17650.0,433.6,413.55,0.16388693708887636,0.136986301369863
2021-10-07,2021-10-28,17806.875665083568,17800.0,245.2,238.35,0.14244649522987257,0.057534246575342465
2021-10-07,2021-11-25,17840.114110740484,17850.0,400.7,410.5,0.1568727862935292,0.13424657534246576
2021-10-08,2021-10-28,17897.390723215532,17900.0,223.5,226.1,0.1349759969099344,0.0547945205479452
2021-10-08,2021-11-25,17927.710280711104,17950.0,380.2,402.3,0.15203110475329362,0.13150684931506848
2021-10-11,2021-10-28,17971.765794062678,17950.0,226.2,204.5,0.13957545712080427,0.04657534246575343
2021-10-11,2021-11-25,18001.713678020238,18000.0,382.7,381.0,0.15267268691399766,0.1232876712328767
2021-10-12,2021-10-28,17997.89400790573,18000.0,205.1,207.2,0.13751860973923447,0.043835616438356165
2021-10-12,2021-11-25,18036.29301702503,18050.0,363.4,377.0,0.14929288869285984,0.12054794520547946
2021-10-13,2021-10-28,18168.649751350644,18150.0,220.65,202.05,0.144211869981242,0.0410958904109589
2021-10-13,2021-11-25,18199.596925228743,18200.0,372.45,372.85,0.15069910810490472,0.1178082191780822
2021-10-14,2021-10-28,18353.709236166327,18350.0,188.45,184.75,0.13046229556431793,0.038356164383561646
2021-10-14,2021-11-25,18385.99564584698,18400.0,358.0,371.9,0.147718934862107,0.11506849315068493
2021-10-18,2021-10-28,18495.141355318665,18500.0,175.0,179.85,0.14551057578619372,0.0273972602739726
2021-10-18,2021-11-25,18534.898148919958,18550.0,372.65,387.65,0.16034891894761746,0.10410958904109589
2021-10-19,2021-10-28,18440.9855637768,18450.0,167.85,176.85,0.14936467344235627,0.024657534246575342
2021-10-19,2021-11-25,18462.179990638662,18450.0,380.5,368.4,0.16079130897918772,0.10136986301369863
2021-10-20,2021-10-28,18321.230224264225,18300.0,188.5,167.3,0.16455169733227612,0.021917808219178082
2021-10-20,2021-11-25,18365.197116451614,18350.0,393.7,378.6,0.16896924144360648,0.09863013698630137
2021-10-21,2021-10-28,18199.69962579421,18200.0,153.75,154.05,0.15325249798784973,0.019178082191780823
2021-10-21,2021-11-25,18262.829717354227,18250.0,384.05,371.3,0.16850852747055436,0.0958904109589041
2021-10-21,2021-12-30,18274.908576859838,18250.0,543.3,518.7,0.16852369012599702,0.1917808219178082
2021-10-22,2021-10-28,18147.34716697989,18150.0,133.95,136.6,0.14587823581978443,0.01643835616438356
2021-10-22,2021-11-25,18194.617508584153,18200.0,356.65,362.0,0.163171372970553,0.09315068493150686
2021-10-22,2021-12-30,18277.82923990122,18300.0,486.9,508.8,0.15888334695407608,0.18904109589041096
2021-10-25,2021-10-28,18146.798289954208,18150.0,118.1,121.3,0.18244998764249143,0.00821917808219178
2021-10-25,2021-11-25,18194.31872264949,18200.0,345.3,350.95,0.1654693881108977,0.08493150684931507
2021-10-25,2021-12-30,18275.412706748317,18300.0,471.85,496.15,0.15785175672311924,0.18082191780821918
2021-10-26,2021-10-28,18313.05464877302,18300.0,93.6,80.55,0.16083776463056476,0.005479452054794521
2021-10-26,2021-11-25,18358.344461126024,18350.0,329.9,321.6,0.1560124792424295,0.0821917808219178
2021-10-26,2021-12-30,18349.494178702007,18350.0,455.75,456.25,0.1493528072162839,0.1780821917808219
2021-10-27,2021-10-28,18216.2528940933,18200.0,75.45,59.2,0.17627893916269335,0.0027397260273972603
2021-10-27,2021-11-25,18247.13524343537,18250.0,323.35,326.2,0.1590991187996596,0.07945205479452055
2021-10-27,2021-12-30,18334.01889318737,18350.0,465.65,481.45,0.15633426161790814,0.17534246575342466
2021-10-28,2021-11-25,17925.828467969033,17950.0,312.7,341.45,0.16578663100116725,0.07671232876712329
2021-10-28,2021-12-30,18006.77559173885,18000.0,483.3,476.6,0.16268825818806706,0.1726027397260274
2021-10-29,2021-11-25,17728.044687430895,17750.0,298.6,320.45,0.16153676704085457,0.07397260273972603
2021-10-29,2021-12-30,17794.48949260812,17800.0,459.75,465.2,0.15982503630515443,0.16986301369863013
2021-11-01,2021-11-25,18014.562105226218,18000.0,288.4,273.9,0.15325437125730262,0.06575342465753424
2021-11-01,2021-12-30,18077.060237150174,18100.0,434.2,456.9,0.1551841492387891,0.16164383561643836
2021-11-02,2021-11-25,17920.182496229685,17900.0,277.35,257.25,0.1495830725936314,0.06301369863013699
2021-11-02,2021-12-30,17993.63459155432,18000.0,439.4,445.7,0.15625644421460486,0.1589041095890411
2021-11-03,2021-11-25,17854.668253541808,17850.0,249.15,244.5,0.14171972161126556,0.06027397260273973
2021-11-03,2021-12-30,17920.860679103473,17900.0,430.9,410.25,0.1504615183966833,0.15616438356164383
2021-11-04,2021-11-25,17921.17905595084,17900.0,244.35,223.25,0.13684322668344295,0.057534246575342465
2021-11-04,2021-12-30,17992.57633466281,18000.0,399.4,406.75,0.14478482086123706,0.15342465753424658
2021-11-08,2021-11-25,18129.13693472333,18150.0,216.55,237.35,0.1456656997013472,0.04657534246575343
2021-11-08,2021-12-30,18192.63208603435,18200.0,391.45,398.75,0.14555353614682418,0.14246575342465753
2021-11-09,2021-11-25,18075.129236220026,18100.0,204.55,229.35,0.14386582050089008,0.043835616438356165
2021-11-09,2021-12-30,18144.298451885843,18150.0,379.9,385.55,0.14273090645956305,0.13972602739726028
2021-11-10,2021-11-25,18028.091555537012,18050.0,201.5,223.35,0.14587898097695146,0.0410958904109589
2021-11-10,2021-12-30,18092.685156949075,18100.0,371.25,378.5,0.14156333742232136,0.136986301369863
2021-11-11,2021-11-25,17895.889765329204,17900.0,202.9,207.0,0.1469268001814252,0.038356164383561646
2021-11-11,2021-12-30,17958.170990102255,17950.0,375.2,367.1,0.14267476379609156,0.13424657534246576
2021-11-12,2021-11-25,18136.01766738285,18150.0,166.9,180.85,0.12752221115777057,0.03561643835616438
2021-11-12,2021-12-30,18194.654501709,18200.0,344.1,349.4,0.13285284599117178,0.13150684931506848
2021-11-15,2021-11-25,18143.63868170588,18150.0,164.95,171.3,0.14054067568520473,0.0273972602739726
2021-11-15,2021-12-30,18204.435401934734,18200.0,340.9,336.5,0.13391692775262676,0.1232876712328767
2021-11-16,2021-11-25,18012.069328498837,18000.0,165.15,153.1,0.14123492938092774,0.024657534246575342
2021-11-16,2021-12-30,18080.346605293238,18100.0,313.25,332.75,0.1298923646685064,0.12054794520547946
2021-11-17,2021-11-25,17913.819674285205,17900.0,152.5,138.7,0.13776776229114668,0.021917808219178082
2021-11-17,2021-12-30,17984.229699574575,18000.0,306.8,322.45,0.12867333999197914,0.1178082191780822
2021-11-18,2021-11-25,17796.54569663339,17800.0,119.4,122.85,0.12332805901355309,0.019178082191780823
2021-11-18,2021-12-30,17860.52845330209,17850.0,306.45,296.0,0.1255960523672033,0.11506849315068493
2021-11-18,2022-01-27,17931.976720808736,17950.0,386.05,403.85,0.12758018104631538,0.1917808219178082
2021-11-22,2021-11-25,17438.04361404774,17450.0,110.05,122.0,0.1838445389523696,0.00821917808219178
2021-11-22,2021-12-30,17494.915710136385,17500.0,325.4,330.45,0.14659371349897593,0.10410958904109589
2021-11-22,2022-01-27,17519.948863803496,17500.0,459.1,395.8,0.1456011730638716,0.18082191780821918
2021-11-23,2021-11-25,17500.800284982255,17500.0,86.8,86.0,0.16724056373145935,0.005479452054794521
2021-11-23,2021-12-30,17552.013221593166,17550.0,306.55,304.55,0.1379783001487646,0.10136986301369863
2021-11-23,2022-01-27,17610.925740036648,17600.0,411.65,400.85,0.1386724773543609,0.1780821917808219
2021-11-24,2021-11-25,17409.051611787345,17400.0,63.55,54.5,0.16213408715659117,0.0027397260273972603
2021-11-24,2021-12-30,17469.72605844051,17450.0,317.6,298.0,0.14157701874921452,0.09863013698630137
2021-11-24,2022-01-27,17548.63452568373,17550.0,396.55,397.9,0.13706662107623044,0.17534246575342466
2021-11-25,2021-12-30,17592.402794821613,17600.0,287.55,295.1,0.1348579132665019,0.0958904109589041
2021-11-25,2022-01-27,17656.059781932396,17700.0,369.45,412.9,0.13489810533700622,0.1726027397260274
2021-11-26,2021-12-30,17055.281884099662,17050.0,350.9,345.65,0.1687707885253585,0.09315068493150686
2021-11-26,2022-01-27,17114.205986946035,17100.0,457.85,443.8,0.16207436202829226,0.16986301369863013
2021-11-29,2021-12-30,17100.20110716285,17100.0,333.2,333.0,0.16848942470420367,0.08493150684931507
2021-11-29,2022-01-27,17164.855264929185,17150.0,450.0,435.3,0.16256270676557294,0.16164383561643836
2021-11-30,2021-12-30,17040.248039406935,17050.0,333.3,343.0,0.1743901555442856,0.0821917808219178
2021-11-30,2022-01-27,17103.031146878897,17100.0,453.15,450.15,0.16782434789899892,0.1589041095890411
2021-12-01,2021-12-30,17223.018570291264,17200.0,318.95,296.05,0.15964352639583063,0.07945205479452055
2021-12-01,2022-01-27,17282.11941791131,17300.0,416.05,433.75,0.1574644660919459,0.15616438356164383
2021-12-02,2021-12-30,17440.502761777923,17450.0,275.95,285.4,0.14633220932839633,0.07671232876712329
2021-12-02,2022-01-27,17486.213192945215,17500.0,402.55,416.2,0.15127003034143968,0.15342465753424658
2021-12-03,2021-12-30,17237.89192144358,17250.0,284.8,296.85,0.15617484260095216,0.07397260273972603
2021-12-03,2022-01-27,17292.426180171118,17300.0,424.85,432.35,0.16161084602390352,0.1506849315068493
2021-12-06,2021-12-30,16959.038548071447,16950.0,320.8,311.8,0.18315237818945812,0.06575342465753424
2021-12-06,2022-01-27,17019.07583204805,17000.0,466.65,447.75,0.18017508925143597,0.14246575342465753
2021-12-07,2021-12-30,17229.917914199315,17250.0,266.05,286.05,0.1604910065233556,0.06301369863013699
2021-12-07,2022-01-27,17284.308128641565,17300.0,412.15,427.7,0.1643384446622323,0.13972602739726028
2021-12-08,2021-12-30,17512.197694738275,17500.0,259.25,247.1,0.14821846608903771,0.06027397260273973
2021-12-08,2022-01-27,17565.386394003668,17550.0,396.55,381.3,0.15136325129648065,0.136986301369863
2021-12-09,2021-12-30,17561.191776011936,17550.0,245.1,233.95,0.14309766952800082,0.057534246575342465
2021-12-09,2022-01-27,17618.56126146685,17600.0,383.9,365.5,0.1468382254819464,0.13424657534246576
2021-12-10,2021-12-30,17556.673727160272,17550.0,230.2,223.55,0.13889434524870267,0.0547945205479452
2021-12-10,2022-01-27,17617.196367143693,17600.0,369.05,352.0,0.14272822729951024,0.13150684931506848
2021-12-13,2021-12-30,17444.834385280054,17450.0,226.1,231.25,0.152692024491555,0.04657534246575343
2021-12-13,2022-01-27,17504.485804229447,17500.0,367.75,363.3,0.1503069526399881,0.1232876712328767
2021-12-14,2021-12-30,17352.206277432095,17350.0,230.5,228.3,0.15874386507960525,0.043835616438356165
2021-12-14,2022-01-27,17413.858162934255,17400.0,375.5,361.75,0.15409173406490712,0.12054794520547946
2021-12-15,2021-12-30,17260.427817959502,17250.0,235.45,225.05,0.1654169341526288,0.0410958904109589
2021-12-15,2022-01-27,17318.642208170633,17300.0,380.55,362.05,0.15784833858422734,0.1178082191780822
2021-12-16,2021-12-30,17315.38831760895,17300.0,204.45,189.1,0.14581095763493132,0.038356164383561646
2021-12-16,2022-01-27,17365.968993764414,17350.0,363.55,347.7,0.15252210669875338,0.11506849315068493
2021-12-16,2022-02-24,17408.454740519497,17400.0,449.6,441.25,0.14834920624487502,0.1917808219178082
2021-12-17,2021-12-30,17023.253771807733,17000.0,212.45,189.25,0.15701830851089346,0.03561643835616438
2021-12-17,2022-01-27,17089.523787865506,17100.0,334.05,344.45,0.1495151332045296,0.11232876712328767
2021-12-17,2022-02-24,17137.811775784903,17100.0,469.1,431.75,0.15351037991474548,0.18904109589041096
2021-12-20,2021-12-30,16641.134225684575,16650.0,203.05,211.9,0.1890739874637442,0.0273972602739726
2021-12-20,2022-01-27,16691.593302898775,16700.0,371.05,379.4,0.17579609515645872,0.10410958904109589
2021-12-20,2022-02-24,16731.36650579433,16700.0,510.8,479.8,0.17671764067263507,0.18082191780821918
2021-12-21,2021-12-30,16803.85617549548,16800.0,179.45,175.6,0.16893049399451782,0.024657534246575342
2021-12-21,2022-01-27,16859.512472027713,16850.0,350.65,341.2,0.16265945431357204,0.10136986301369863
2021-12-21,2022-02-24,16907.688483729493,16900.0,474.85,467.25,0.16748260885465865,0.1780821917808219
2021-12-22,2021-12-30,16973.633645879047,16950.0,167.5,143.9,0.15536029500697218,0.021917808219178082
2021-12-22,2022-01-27,17024.93985432813,17000.0,339.05,310.75,0.1533531083692775,0.09863013698630137
2021-12-22,2022-02-24,17069.90899191926,17100.0,423.3,453.05,0.15525554206596498,0.17534246575342466
2021-12-23,2021-12-30,17082.378046593527,17100.0,129.1,146.7,0.14603744578898148,0.019178082191780823
2021-12-23,2022-01-27,17139.132474711714,17150.0,302.25,313.05,0.14616188859778922,0.0958904109589041
2021-12-23,2022-02-24,17178.25742949474,17200.0,414.95,436.45,0.15110244524601063,0.1726027397260274
2021-12-24,2021-12-30,17005.756147119107,17000.0,134.1,128.35,0.15102865086358863,0.01643835616438356
2021-12-24,2022-01-27,17061.26801941261,17050.0,318.05,306.85,0.1513677477183955,0.09315068493150686
2021-12-24,2022-02-24,17108.34159375835,17100.0,441.5,433.25,0.15727195095281862,0.16986301369863013
2021-12-27,2021-12-30,17100.25013359733,17100.0,113.25,113.0,0.18300875956705104,0.00821917808219178
2021-12-27,2022-01-27,17152.011071628498,17150.0,319.5,317.5,0.16062428323784433,0.08493150684931507
2021-12-27,2022-02-24,17208.994003936717,17200.0,450.2,441.3,0.1632627064073568,0.16164383561643836
2021-12-28,2021-12-30,17243.84780919892,17250.0,77.65,83.8,0.15847992010554265,0.005479452054794521
2021-12-28,2022-01-27,17293.31437753156,17300.0,300.3,306.95,0.15430860205248292,0.0821917808219178
2021-12-28,2022-02-24,17353.724490982204,17400.0,405.45,451.25,0.15649865369645669,0.1589041095890411
2021-12-29,2021-12-30,17220.60366881982,17200.0,69.7,49.1,0.16372026656840705,0.0027397260273972603
2021-12-29,2022-01-27,17278.094717888245,17300.0,282.45,312.35,0.15370870405748127,0.07945205479452055
2021-12-29,2022-02-24,17322.17394219473,17300.0,438.0,416.05,0.15805767904921697,0.15616438356164383
2021-12-30,2022-01-27,17270.401474699276,17250.0,309.1,288.8,0.1574891472450674,0.07671232876712329
2021-12-30,2022-02-24,17313.786807054785,17300.0,439.65,426.0,0.1616608346045444,0.15342465753424658
2021-12-31,2022-01-27,17408.139040357426,17400.0,289.8,281.7,0.1520481994422221,0.07397260273972603
2021-12-31,2022-02-24,17451.42656883077,17500.0,403.1,451.2,0.15925197746052494,0.1506849315068493
2022-01-03,2022-01-27,17676.449560858287,17700.0,259.9,283.35,0.15067516719091967,0.06575342465753424
2022-01-03,2022-02-24,17721.498159927163,17700.0,440.1,418.8,0.16252312393521978,0.14246575342465753
2022-01-04,2022-01-27,17851.75718250756,17850.0,260.05,258.3,0.1455818968880628,0.06301369863013699
2022-01-04,2022-02-24,17894.651645131853,17900.0,415.15,420.45,0.15799140673773038,0.13972602739726028
2022-01-05,2022-01-27,17965.761630237936,17950.0,273.35,257.65,0.15150958819367843,0.06027397260273973
2022-01-05,2022-02-24,18010.54346343202,18000.0,460.5,450.05,0.17280181948337928,0.136986301369863
2022-01-06,2022-01-27,17789.360284688202,17800.0,270.15,280.75,0.16236025399278908,0.057534246575342465
2022-01-06,2022-02-24,17830.32909790198,17850.0,447.2,466.7,0.17677091793386346,0.13424657534246576
2022-01-07,2022-01-27,17851.354816791936,17850.0,252.9,251.55,0.15185303425504457,0.0547945205479452
2022-01-07,2022-02-24,17897.024675479537,17900.0,460.15,463.1,0.17983573760010735,0.13150684931506848
2022-01-10,2022-01-27,18046.790297649743,18050.0,233.35,236.55,0.15166191038518942,0.04657534246575343
2022-01-10,2022-02-24,18101.61287343081,18100.0,439.45,437.85,0.17442070386973746,0.1232876712328767
2022-01-11,2022-01-27,18084.25520196187,18100.0,221.1,236.8,0.15188698211017967,0.043835616438356165
2022-01-11,2022-02-24,18137.401670059768,18150.0,441.05,453.55,0.1794028115087837,0.12054794520547946
2022-01-12,2022-01-27,18242.630340192085,18250.0,207.55,214.9,0.14351406160729976,0.0410958904109589
2022-01-12,2022-02-24,18282.768553528767,18300.0,418.65,435.75,0.17187790718328927,0.1178082191780822
2022-01-13,2022-01-27,18287.669295987616,18300.0,191.65,203.95,0.13869356830247465,0.038356164383561646
2022-01-13,2022-02-24,18330.907733007214,18350.0,402.65,421.6,0.16728773820416465,0.11506849315068493
2022-01-14,2022-01-27,18292.733196310084,18300.0,182.75,190.0,0.13559774437581465,0.03561643835616438
2022-01-14,2022-02-24,18339.97708550594,18350.0,392.15,402.1,0.16310134778755456,0.11232876712328767
2022-01-17,2022-01-27,18338.429413181562,18350.0,165.1,176.65,0.14126712345142461,0.0273972602739726
2022-01-17,2022-02-24,18386.357994524362,18400.0,378.2,391.75,0.163706871695797,0.10410958904109589
2022-01-18,2022-01-27,18131.069683931284,18150.0,170.85,189.75,0.158777112878535,0.024657534246575342
2022-01-18,2022-02-24,18180.673072705595,18200.0,386.7,405.9,0.1726449978682909,0.10136986301369863
2022-01-19,2022-01-27,17975.135784388305,18000.0,146.4,172.65,0.15008456413117938,0.021917808219178082
2022-01-19,2022-02-24,18027.25464690023,18050.0,378.25,400.85,0.17344686775517332,0.09863013698630137
2022-01-20,2022-01-27,17804.555675454514,17800.0,149.6,145.05,0.14997001749092087,0.019178082191780823
2022-01-20,2022-02-24,17861.622214544415,17850.0,387.2,375.65,0.1740041784211162,0.0958904109589041
2022-01-20,2022-03-31,17936.938185305207,17950.0,505.0,517.9,0.16522306968499195,0.1917808219178082
2022-01-21,2022-01-27,17619.120419126084,17600.0,156.1,137.0,0.16266042571976383,0.01643835616438356
2022-01-21,2022-02-24,17670.926321766277,17650.0,403.6,382.8,0.1839493406363181,0.09315068493150686
2022-01-21,2022-03-31,17700.101236347484,17700.0,548.8,548.7,0.18099240809434095,0.18904109589041096
2022-01-24,2022-01-27,17155.853126177466,17150.0,160.85,155.0,0.2546728437673691,0.00821917808219178
2022-01-24,2022-02-24,17192.659588555976,17200.0,438.15,445.45,0.22223347527873316,0.08493150684931507
2022-01-24,2022-03-31,17269.594725834853,17300.0,555.7,585.75,0.19695301581737973,0.18082191780821918
2022-01-25,2022-01-27,17283.5441400524,17300.0,90.55,107.0,0.19307495259755958,0.005479452054794521
2022-01-25,2022-02-24,17331.19982854739,17350.0,402.05,420.75,0.20854002009813116,0.0821917808219178
2022-01-25,2022-03-31,17392.412680530106,17400.0,532.45,539.95,0.18526052474825547,0.1780821917808219
2022-01-27,2022-02-24,17163.919232738175,17150.0,397.0,383.15,0.20679806520712812,0.07671232876712329
2022-01-27,2022-03-31,17223.310058146337,17200.0,540.05,517.0,0.18738093227421862,0.1726027397260274
2022-01-28,2022-02-24,17130.606977913787,17150.0,387.25,406.55,0.2144297831794787,0.07397260273972603
2022-01-28,2022-03-31,17193.276169879635,17200.0,534.75,541.4,0.19246131251540044,0.16986301369863013
2022-01-31,2022-02-24,17365.46596003336,17350.0,398.7,383.3,0.22114404652748704,0.06575342465753424
2022-01-31,2022-03-31,17432.466745134603,17450.0,527.1,544.45,0.19357624685872848,0.16164383561643836
2022-02-01,2022-02-24,17586.24377122653,17600.0,331.15,344.85,0.19262409161816768,0.06301369863013699
2022-02-01,2022-03-31,17649.595847082815,17650.0,516.2,516.6,0.18593192591282476,0.1589041095890411
2022-02-02,2022-02-24,17797.59057881713,17800.0,292.1,294.5,0.16891832695205977,0.06027397260273973
2022-02-02,2022-03-31,17864.14283329049,17850.0,494.0,480.0,0.17477681681710694,0.15616438356164383
2022-02-03,2022-02-24,17543.224709589187,17550.0,295.1,301.85,0.17843540018378995,0.057534246575342465
2022-02-03,2022-03-31,17628.436019734825,17650.0,490.1,511.45,0.18351324930822516,0.15342465753424658
2022-02-04,2022-02-24,17535.899869683937,17550.0,278.25,292.3,0.17473331065683578,0.0547945205479452
2022-02-04,2022-03-31,17594.79931038417,17600.0,481.75,486.9,0.17950686769215468,0.1506849315068493
2022-02-07,2022-02-24,17217.653362926412,17200.0,294.0,276.4,0.19302996048299415,0.04657534246575343
2022-02-07,2022-03-31,17334.103473293293,17350.0,514.65,530.4,0.20199321445549911,0.14246575342465753
2022-02-08,2022-02-24,17266.095796720507,17250.0,269.15,253.1,0.18162104846483312,0.043835616438356165
2022-02-08,2022-03-31,17337.940973457666,17350.0,465.1,477.05,0.18382321715774552,0.13972602739726028
2022-02-09,2022-02-24,17482.102254752204,17500.0,219.7,237.55,0.16198223637638853,0.0410958904109589
2022-02-09,2022-03-31,17539.204300600708,17550.0,448.75,459.45,0.176882440941361,0.136986301369863
2022-02-10,2022-02-24,17618.3456815794,17600.0,221.15,202.85,0.1543870529593257,0.038356164383561646
2022-02-10,2022-03-31,17683.304952321938,17700.0,409.25,425.8,0.16287417887937172,0.13424657534246576
2022-02-11,2022-02-24,17352.7062579259,17350.0,230.35,227.65,0.17570630240798896,0.03561643835616438
2022-02-11,2022-03-31,17417.196367143693,17400.0,445.6,428.55,0.17504132080279675,0.13150684931506848
2022-02-14,2022-02-24,16838.17896757943,16850.0,263.85,275.65,0.24293316629028394,0.0273972602739726
2022-02-14,2022-03-31,16905.393045534278,16900.0,486.1,480.75,0.20586088452991888,0.1232876712328767
2022-02-15,2022-02-24,17363.57173453604,17350.0,231.05,217.5,0.20654542951618238,0.024657534246575342
2022-02-15,2022-03-31,17415.521142486366,17400.0,452.8,437.4,0.18606378382297098,0.12054794520547946
2022-02-16,2022-02-24,17320.228798591386,17300.0,218.9,198.7,0.20437769210409573,0.021917808219178082
2022-02-16,2022-03-31,17375.16051722129,17400.0,426.55,451.2,0.1857351101813201,0.1178082191780822
2022-02-17,2022-02-24,17291.689646973085,17300.0,204.45,212.75,0.21855619066185228,0.019178082191780823
2022-02-17,2022-03-31,17352.871396355116,17350.0,471.3,468.45,0.20164632653431896,0.11506849315068493
2022-02-17,2022-04-28,17396.607978354452,17400.0,566.3,569.65,0.18925464381025706,0.1917808219178082
2022-02-18,2022-02-24,17282.13091720416,17300.0,182.45,200.3,0.21647176976628646,0.01643835616438356
2022-02-18,2022-03-31,17331.9184607871,17350.0,452.85,470.8,0.20065471039631516,0.11232876712328767
2022-02-18,2022-04-28,17385.11825692,17400.0,558.1,572.8,0.18979242902787813,0.18904109589041096
2022-02-21,2022-02-24,17206.503473530516,17200.0,153.85,147.35,0.242139989577569,0.00821917808219178
2022-02-21,2022-03-31,17251.0571295756,17250.0,462.55,461.5,0.2095217344525572,0.10410958904109589
2022-02-21,2022-04-28,17305.817980913464,17300.0,575.4,569.65,0.1974095670105396,0.18082191780821918
2022-02-22,2022-02-24,17074.758816638485,17050.0,152.15,127.4,0.2768129569065715,0.005479452054794521
2022-02-22,2022-03-31,17124.30965073749,17100.0,503.5,479.35,0.22759422179569555,0.10136986301369863
2022-02-22,2022-04-28,17137.405049679975,17150.0,557.65,570.1,0.1976942849151888,0.1780821917808219
2022-02-23,2022-02-24,17081.696740805695,17100.0,72.9,91.2,0.22903560301867548,0.0027397260273972603
2022-02-23,2022-03-31,17132.33712624332,17150.0,450.2,467.75,0.21510476974004944,0.09863013698630137
2022-02-23,2022-04-28,17181.085652063535,17200.0,569.55,588.25,0.20394170060104175,0.17534246575342466
2022-02-24,2022-03-31,16279.774327935691,16300.0,527.3,547.4,0.2687357330121869,0.0958904109589041
2022-02-24,2022-04-28,16346.670680410125,16300.0,690.75,644.6,0.24958837882467214,0.1726027397260274
2022-02-25,2022-03-31,16658.50131821755,16650.0,478.5,470.05,0.23534989222862765,0.09315068493150686
2022-02-25,2022-04-28,16740.950634650035,16750.0,601.05,610.0,0.22244094773660797,0.16986301369863013
2022-02-28,2022-03-31,16795.273981673025,16800.0,499.8,504.5,0.25860569550792345,0.08493150684931507
2022-02-28,2022-04-28,16843.22923299146,16850.0,634.25,640.95,0.23854576216368095,0.16164383561643836
2022-03-02,2022-03-31,16613.720676177978,16600.0,514.4,500.75,0.2732595163333667,0.07945205479452055
2022-03-02,2022-04-28,16658.99080116324,16650.0,645.9,637.0,0.2468904192582821,0.15616438356164383
2022-03-03,2022-03-31,16499.547750560854,16500.0,486.05,486.5,0.26811837339479166,0.07671232876712329
2022-03-03,2022-04-28,16545.70740439686,16550.0,638.65,642.9,0.25038585779587486,0.15342465753424658
2022-03-04,2022-03-31,16255.024098986065,16250.0,469.7,464.7,0.26626613963585766,0.07397260273972603
2022-03-04,2022-04-28,16313.784352088565,16300.0,613.0,599.35,0.24248135523610792,0.1506849315068493
2022-03-07,2022-03-31,15872.194656930995,15850.0,476.65,454.55,0.2881958048709908,0.06575342465753424
2022-03-07,2022-04-28,15914.775315424506,15900.0,651.2,606.9,0.2651584760783725,0.14246575342465753
2022-03-08,2022-03-31,16011.597404549895,16000.0,447.55,436.0,0.2767826083082271,0.06301369863013699
2022-03-08,2022-04-28,16049.747719109993,16050.0,624.7,624.95,0.26354694000632994,0.13972602739726028
2022-03-09,2022-03-31,16369.626743385455,16350.0,416.65,397.1,0.2549178698347358,0.06027397260273973
2022-03-09,2022-04-28,16413.26761187857,16400.0,579.95,566.8,0.23886961209268132,0.136986301369863
2022-03-10,2022-03-31,16612.346084748595,16600.0,394.55,382.25,0.245351402330329,0.057534246575342465
2022-03-10,2022-04-28,16658.07011368124,16650.0,560.65,552.65,0.23073470200372787,0.13424657534246576
2022-03-11,2022-03-31,16645.68465762569,16650.0,375.1,379.4,0.24355317356812234,0.0547945205479452
2022-03-11,2022-04-28,16692.133040250978,16700.0,550.05,557.85,0.23136891140103996,0.13150684931506848
2022-03-14,2022-03-31,16887.31164539664,16900.0,359.35,372.0,0.2521799590983611,0.04657534246575343
2022-03-14,2022-04-28,16936.39138042752,16950.0,544.0,557.5,0.23397581583070037,0.1232876712328767
2022-03-15,2022-03-31,16663.989804626235,16650.0,387.2,373.25,0.27407594208166,0.043835616438356165
2022-03-15,2022-04-28,16711.842430143817,16700.0,578.05,566.3,0.249282863259149,0.12054794520547946
2022-03-16,2022-03-31,17007.319526067728,17000.0,334.85,327.55,0.2415045678182925,0.0410958904109589
2022-03-16,2022-04-28,17053.495248266234,17050.0,505.6,555.0,0.22892412114961602,0.1178082191780822
2022-03-17,2022-03-31,17325.112531342296,17350.0,283.3,308.95,0.219044623931055,0.038356164383561646
2022-03-17,2022-04-28,17372.26591559581,17350.0,489.25,467.15,0.2050714976605513,0.11506849315068493
2022-03-17,2022-05-26,17413.264323449752,17400.0,595.2,582.1,0.19604682837549714,0.1917808219178082
2022-03-21,2022-03-31,17160.869339132474,17150.0,303.4,292.55,0.2634974863191383,0.0273972602739726
2022-03-21,2022-04-28,17212.735894410835,17200.0,517.15,504.5,0.23224526064847187,0.10410958904109589
2022-03-21,2022-05-26,17275.81743585534,17300.0,642.35,666.25,0.22580006432789604,0.18082191780821918
2022-03-22,2022-03-31,17367.828551641436,17350.0,270.15,252.35,0.24055271056217545,0.024657534246575342
2022-03-22,2022-04-28,17405.63702046087,17400.0,500.0,494.4,0.22646354680090275,0.10136986301369863
2022-03-22,2022-05-26,17463.327955895507,17500.0,628.55,664.8,0.22231095517668892,0.1780821917808219
2022-03-23,2022-03-31,17272.181578653424,17250.0,264.35,242.2,0.24865329590708404,0.021917808219178082
2022-03-23,2022-04-28,17324.084387508006,17300.0,528.45,502.45,0.23918572787609038,0.09863013698630137
2022-03-23,2022-05-26,17368.189505743216,17400.0,654.05,685.5,0.2333294821540769,0.17534246575342466
2022-03-24,2022-03-31,17246.99625794208,17250.0,206.6,209.6,0.21865475774424792,0.019178082191780823
2022-03-24,2022-04-28,17298.389996253587,17300.0,491.75,493.35,0.23196725093514542,0.0958904109589041
2022-03-24,2022-05-26,17361.166757795258,17400.0,626.6,665.0,0.22673088928814744,0.1726027397260274
2022-03-25,2022-03-31,17187.33647633796,17200.0,172.05,184.7,0.2029684756204533,0.01643835616438356
2022-03-25,2022-04-28,17234.858598914303,17250.0,467.05,482.1,0.22744968383914366,0.09315068493150686
2022-03-25,2022-05-26,17272.54857326798,17300.0,639.15,666.3,0.23225791774744847,0.16986301369863013
2022-03-28,2022-03-31,17268.00961900759,17250.0,141.65,123.65,0.21230899649729956,0.00821917808219178
2022-03-28,2022-04-28,17313.574733492373,17300.0,443.45,429.95,0.21825288443184204,0.08493150684931507
2022-03-28,2022-05-26,17353.054517604225,17400.0,579.6,635.8,0.2203128512114691,0.16164383561643836
2022-03-29,2022-03-31,17364.75525436031,17350.0,98.35,83.6,0.17717649983811873,0.005479452054794521
2022-03-29,2022-04-28,17418.649367938284,17400.0,412.75,394.2,0.20371327897502525,0.0821917808219178
2022-03-29,2022-05-26,17456.048370256023,17500.0,539.95,583.45,0.20414221672291505,0.1589041095890411
2022-03-30,2022-03-31,17518.553303718814,17500.0,76.5,57.95,0.18277846149793903,0.0027397260273972603
2022-03-30,2022-04-28,17574.02374803324,17550.0,398.5,374.6,0.19671395702012567,0.07945205479452055
2022-03-30,2022-05-26,17613.940792814912,17600.0,545.3,531.5,0.19598082679483492,0.15616438356164383
2022-03-31,2022-04-28,17543.266508350487,17550.0,374.55,381.25,0.19590628858546277,0.07671232876712329
2022-03-31,2022-05-26,17572.880896013117,17600.0,521.9,548.75,0.196758531067011,0.15342465753424658
2022-04-01,2022-04-28,17717.333141501924,17700.0,338.2,320.95,0.17232811984998325,0.07397260273972603
2022-04-01,2022-05-26,17757.485624693876,17800.0,459.8,501.9,0.176293827666064,0.1506849315068493
2022-04-04,2022-04-28,18102.0085662381,18100.0,302.8,300.8,0.16369440599986118,0.06575342465753424
2022-04-04,2022-05-26,18149.64674385096,18150.0,463.2,463.55,0.17115597777103683,0.14246575342465753
2022-04-05,2022-04-28,18022.843372598276,18000.0,315.6,292.85,0.16929242817345858,0.06301369863013699
2022-04-05,2022-05-26,18049.495438219987,18050.0,457.3,457.8,0.1715684496067677,0.13972602739726028
2022-04-06,2022-04-28,17868.321640244736,17850.0,318.35,300.1,0.17744101475574617,0.06027397260273973
2022-04-06,2022-05-26,17910.139885884382,17900.0,480.75,470.7,0.18157858744770267,0.136986301369863
2022-04-07,2022-04-28,17731.280123531604,17750.0,290.95,309.6,0.1775007607800872,0.057534246575342465
2022-04-07,2022-05-26,17779.421210112843,17800.0,459.2,479.6,0.18210317026194578,0.13424657534246576
2022-04-08,2022-04-28,17881.484170510223,17900.0,260.35,278.8,0.16187637960736734,0.0547945205479452
2022-04-08,2022-05-26,17930.83689291905,17950.0,421.6,440.6,0.16752252211521407,0.13150684931506848
2022-04-11,2022-04-28,17725.87708077385,17750.0,247.5,271.55,0.17034531959497123,0.04657534246575343
2022-04-11,2022-05-26,17779.032645399442,17800.0,421.5,442.3,0.17470987213343503,0.1232876712328767
2022-04-12,2022-04-28,17577.48594165885,17600.0,222.9,245.35,0.15970886272891255,0.043835616438356165
2022-04-12,2022-05-26,17627.22221946806,17650.0,415.65,438.25,0.1761150523330824,0.12054794520547946
2022-04-13,2022-04-28,17519.351623713304,17500.0,231.4,212.1,0.1569252078853774,0.0410958904109589
2022-04-13,2022-05-26,17573.579874118528,17550.0,427.1,403.7,0.17405256084207005,0.1178082191780822
2022-04-18,2022-04-28,17230.715688635937,17250.0,192.45,211.7,0.17769607992571645,0.0273972602739726
2022-04-18,2022-05-26,17288.52259317917,17300.0,399.6,411.0,0.183313333369424,0.10410958904109589
2022-04-19,2022-04-28,16963.721975139757,16950.0,200.1,186.4,0.18214877679041125,0.024657534246575342
2022-04-19,2022-05-26,17045.369590335715,17050.0,399.75,404.35,0.18692668969351,0.10136986301369863
2022-04-20,2022-04-28,17163.318961448786,17150.0,179.75,166.45,0.17099440254654502,0.021917808219178082
2022-04-20,2022-05-26,17209.863029220254,17200.0,388.0,378.2,0.17888052690219014,0.09863013698630137
2022-04-21,2022-04-28,17410.36291009983,17400.0,159.25,148.9,0.16037447938305033,0.019178082191780823
2022-04-21,2022-05-26,17459.660022478474,17450.0,367.95,358.35,0.16947489164597002,0.0958904109589041
2022-04-21,2022-06-30,17505.467736383867,17500.0,498.3,492.9,0.1641405766543742,0.1917808219178082
2022-04-22,2022-04-28,17179.728351450096,17200.0,133.8,154.05,0.16361043348040316,0.01643835616438356
2022-04-22,2022-05-26,17227.715479465238,17250.0,354.5,376.65,0.17519404972773092,0.09315068493150686
2022-04-22,2022-06-30,17258.706325883537,17250.0,514.75,506.15,0.17270107125056722,0.18904109589041096
2022-04-25,2022-04-28,16954.752538349225,16950.0,142.75,138.0,0.2290525732161621,0.00821917808219178
2022-04-25,2022-05-26,16987.430802321876,17000.0,396.35,408.85,0.20491309963806628,0.08493150684931507
2022-04-25,2022-06-30,17024.435519836552,17000.0,546.7,522.55,0.1874570098126947,0.18082191780821918
2022-04-26,2022-04-28,17204.50160302518,17200.0,96.5,92.0,0.18556529055667997,0.005479452054794521
2022-04-26,2022-05-26,17244.269466455622,17250.0,352.45,358.15,0.18109817974784098,0.0821917808219178
2022-04-26,2022-06-30,17277.288623720113,17300.0,482.95,505.4,0.17177122820678103,0.1780821917808219
2022-04-27,2022-04-28,17055.25093501476,17050.0,79.4,74.15,0.2155673068297662,0.0027397260273972603
2022-04-27,2022-05-26,17081.60524732183,17100.0,371.45,389.75,0.19905066741021826,0.07945205479452055
2022-04-27,2022-06-30,17118.813201690817,17100.0,529.5,510.9,0.18411744971313165,0.17534246575342466
2022-04-28,2022-05-26,17253.06524619866,17250.0,353.35,350.3,0.18550988785086422,0.07671232876712329
2022-04-28,2022-06-30,17302.983282929792,17300.0,488.25,485.3,0.17170148121609352,0.1726027397260274
2022-04-29,2022-05-26,17138.746018271213,17150.0,334.9,346.1,0.18392725232861656,0.07397260273972603
2022-04-29,2022-06-30,17137.56344203301,17150.0,481.9,494.2,0.1750917117661413,0.16986301369863013
2022-05-02,2022-05-26,17084.282969186876,17100.0,331.8,347.45,0.1950571982694997,0.06575342465753424
2022-05-02,2022-06-30,17102.324293152185,17100.0,495.15,492.85,0.1820417177348892,0.16164383561643836
2022-05-04,2022-05-26,16703.664328048948,16700.0,353.5,349.85,0.21584946899511948,0.06027397260273973
2022-05-04,2022-06-30,16712.93059043702,16700.0,509.35,496.55,0.19294360568357968,0.15616438356164383
2022-05-05,2022-05-26,16691.11684146138,16700.0,303.55,312.4,0.1934977088445028,0.057534246575342465
2022-05-05,2022-06-30,16701.46453261754,16700.0,464.55,463.1,0.17954825907562294,0.15342465753424658
2022-05-06,2022-05-26,16420.723679076633,16400.0,324.95,304.3,0.20598539268889382,0.0547945205479452
2022-05-06,2022-06-30,16427.720180573706,16450.0,468.95,500.0,0.19219297531120838,0.1506849315068493
2022-05-09,2022-05-26,16298.094239229535,16300.0,299.85,301.75,0.2150205118587522,0.04657534246575343
2022-05-09,2022-06-30,16309.184659874985,16300.0,478.95,469.85,0.19506371659467484,0.14246575342465753
2022-05-10,2022-05-26,16243.98287973065,16250.0,288.2,294.2,0.21520596530131245,0.043835616438356165
2022-05-10,2022-06-30,16251.81642240805,16250.0,488.85,487.05,0.20323442288834337,0.13972602739726028
2022-05-11,2022-05-26,16176.069544898752,16200.0,259.45,286.5,0.20895257381236723,0.0410958904109589
2022-05-11,2022-06-30,16196.771379618904,16200.0,483.1,486.3,0.20451342364026798,0.136986301369863
2022-05-12,2022-05-26,15808.420968593824,15800.0,291.65,283.25,0.23337423879356275,0.038356164383561646
2022-05-12,2022-06-30,15829.169019060304,15850.0,480.0,500.65,0.21365737105012447,0.13424657534246576
2022-05-13,2022-05-26,15787.220448683249,15800.0,258.25,271.0,0.22303416828776773,0.03561643835616438
2022-05-13,2022-06-30,15785.728528147609,15800.0,468.95,483.1,0.2101703882431451,0.13150684931506848
2022-05-16,2022-05-26,15843.338146983324,15850.0,242.15,248.8,0.23500714633015798,0.0273972602739726
2022-05-16,2022-06-30,15847.429482969643,15850.0,480.6,483.15,0.21885508384871255,0.1232876712328767
2022-05-17,2022-05-26,16256.710746966159,16250.0,215.65,208.95,0.20883494693931307,0.024657534246575342
2022-05-17,2022-06-30,16252.973205865896,16250.0,462.2,459.25,0.2063255989154092,0.12054794520547946
2022-05-18,2022-05-26,16224.463645342557,16200.0,207.1,181.3,0.20285472339199645,0.021917808219178082
2022-05-18,2022-06-30,16229.24164928027,16250.0,430.8,451.4,0.19989354815453586,0.1178082191780822
2022-05-19,2022-05-26,15766.07002000988,15750.0,218.8,202.75,0.24230683081257545,0.019178082191780823
2022-05-19,2022-06-30,15771.308783477438,15750.0,485.65,464.5,0.22443178487547089,0.11506849315068493
2022-05-19,2022-07-28,15808.758503651936,15800.0,584.15,575.5,0.212701205661168,0.1917808219178082
2022-05-20,2022-05-26,16252.75293992653,16250.0,177.75,175.0,0.21241084059735554,0.01643835616438356
2022-05-20,2022-06-30,16252.518320224637,16250.0,444.85,442.35,0.2056860276823077,0.11232876712328767
2022-05-20,2022-07-28,16275.703276604077,16300.0,532.2,556.2,0.1950320450182486,0.18904109589041096
2022-05-23,2022-05-26,16183.491182576377,16200.0,143.4,159.9,0.2588551827396173,0.00821917808219178
2022-05-23,2022-06-30,16180.669630617545,16200.0,437.25,456.45,0.2158805177898655,0.10410958904109589
2022-05-23,2022-07-28,16210.978277028016,16200.0,561.25,550.4,0.20462967815348831,0.18082191780821918
2022-05-24,2022-05-26,16103.151122117626,16100.0,129.5,126.35,0.2691220774205376,0.005479452054794521
2022-05-24,2022-06-30,16099.798677840683,16100.0,458.55,458.75,0.22581295123079603,0.10136986301369863
2022-05-24,2022-07-28,16239.88357404014,16250.0,560.0,570.0,0.2090581455099374,0.1780821917808219
2022-05-25,2022-05-26,16010.30183440991,16000.0,98.2,87.9,0.27819552969595973,0.0027397260273972603
2022-05-25,2022-06-30,16014.09004174322,16000.0,459.8,445.8,0.2272604012071412,0.09863013698630137
2022-05-25,2022-07-28,16040.45849825982,16000.0,599.25,559.25,0.21891768610405682,0.17534246575342466
2022-05-26,2022-06-30,16179.069951296635,16200.0,398.5,419.3,0.2057197667505139,0.0958904109589041
2022-05-26,2022-07-28,16192.769331204065,16200.0,542.0,549.15,0.20558951759705774,0.1726027397260274
2022-05-27,2022-06-30,16327.413657516685,16350.0,363.05,385.5,0.18924989751296578,0.09315068493150686
2022-05-27,2022-07-28,16346.409594364628,16300.0,532.2,486.3,0.19177568412952078,0.16986301369863013
2022-05-30,2022-06-30,16643.514293998087,16650.0,346.0,352.45,0.1814544223225767,0.08493150684931507
2022-05-30,2022-07-28,16656.467598336516,16650.0,490.9,484.5,0.18455307031984503,0.16164383561643836
2022-05-31,2022-06-30,16561.7124062793,16550.0,354.9,343.25,0.18534277023927875,0.0821917808219178
2022-05-31,2022-07-28,16589.087871235977,16600.0,483.45,494.25,0.18719847104574133,0.1589041095890411
2022-06-01,2022-06-30,16515.982326097426,16500.0,353.5,337.6,0.18710012080424845,0.07945205479452055
2022-06-01,2022-07-28,16525.81067075514,16550.0,460.05,516.9,0.1892725576573599,0.15616438356164383
2022-06-02,2022-06-30,16619.49697582098,16600.0,347.1,327.7,0.1847302504525531,0.07671232876712329
2022-06-02,2022-07-28,16640.552403168465,16600.0,502.0,461.85,0.1873579946611787,0.15342465753424658
2022-06-03,2022-06-30,16608.038558377706,16600.0,328.15,320.15,0.18079989785932019,0.07397260273972603
2022-06-03,2022-07-28,16623.731302130494,16600.0,479.75,456.25,0.18371351326106844,0.1506849315068493
2022-06-06,2022-06-30,16578.85984034401,16600.0,303.25,324.3,0.18563472915030155,0.06575342465753424
2022-06-06,2022-07-28,16599.09162704533,16600.0,458.7,459.6,0.1854399391566037,0.14246575342465753
2022-06-07,2022-06-30,16429.4660672688,16450.0,300.3,320.75,0.18934073390472478,0.06301369863013699
2022-06-07,2022-07-28,16453.128283036087,16450.0,458.6,455.5,0.1880355414195034,0.13972602739726028
2022-06-08,2022-06-30,16364.406330822572,16350.0,300.75,286.4,0.18394622041739866,0.06027397260273973
2022-06-08,2022-07-28,16391.020399565074,16400.0,435.5,444.4,0.18338591712944982,0.136986301369863
2022-06-09,2022-06-30,16475.70932919382,16500.0,264.1,288.3,0.17562124142534252,0.057534246575342465
2022-06-09,2022-07-28,16502.521910525385,16500.0,430.15,427.65,0.17940887169282166,0.13424657534246576
2022-06-10,2022-06-30,16221.476355072153,16200.0,294.35,272.95,0.1879690854578192,0.0547945205479452
2022-06-10,2022-07-28,16243.141624834187,16250.0,428.0,434.8,0.18514820034003754,0.13150684931506848
2022-06-13,2022-06-30,15767.703514525636,15750.0,312.95,295.3,0.22479178113853157,0.04657534246575343
2022-06-13,2022-07-28,15798.4375288639,15800.0,457.9,459.45,0.20896660704353243,0.1232876712328767
2022-06-14,2022-06-30,15742.127600980935,15750.0,282.7,290.55,0.21855857613131802,0.043835616438356165
2022-06-14,2022-07-28,15763.203049777363,15750.0,456.65,443.55,0.20788562773854213,0.12054794520547946
2022-06-15,2022-06-30,15709.375009415513,15700.0,294.0,284.65,0.22840742246316909,0.0410958904109589
2022-06-15,2022-07-28,15735.035849117086,15750.0,446.5,461.35,0.21222508543445562,0.1178082191780822
2022-06-16,2022-06-30,15345.137893133327,15350.0,285.35,290.2,0.24060184077199423,0.038356164383561646
2022-06-16,2022-07-28,15369.596020739298,15350.0,477.4,457.95,0.22670752570841107,0.11506849315068493
2022-06-16,2022-08-25,15396.709232731931,15400.0,568.1,571.35,0.21451153895346337,0.1917808219178082
2022-06-17,2022-06-30,15320.647745656868,15300.0,276.8,256.2,0.23163861803932326,0.03561643835616438
2022-06-17,2022-07-28,15371.607187527394,15350.0,459.2,437.75,0.21996775430988358,0.11232876712328767
2022-06-17,2022-08-25,15358.695570226933,15400.0,534.85,575.65,0.21069990185538406,0.18904109589041096
2022-06-20,2022-06-30,15349.649376157016,15350.0,227.5,227.85,0.22503326252872818,0.0273972602739726
2022-06-20,2022-07-28,15372.250060591263,15350.0,443.65,421.55,0.22026638991250772,0.10410958904109589
2022-06-20,2022-08-25,15407.285123926426,15400.0,546.9,539.7,0.21043789021120457,0.18082191780821918
2022-06-21,2022-06-30,15638.431473513563,15650.0,193.65,205.2,0.20376967678639385,0.024657534246575342
2022-06-21,2022-07-28,15655.435698301551,15650.0,401.55,396.15,0.20196932697374453,0.10136986301369863
2022-06-21,2022-08-25,15684.875943190009,15700.0,507.05,522.0,0.19706924174988538,0.1780821917808219
2022-06-22,2022-06-30,15400.801140538273,15400.0,191.95,191.15,0.2109003357223736,0.021917808219178082
2022-06-22,2022-07-28,15423.147925721003,15400.0,413.85,390.85,0.20969687368426504,0.09863013698630137
2022-06-22,2022-08-25,15452.680375509713,15450.0,535.7,533.05,0.20946645060563807,0.17534246575342466
2022-06-23,2022-06-30,15570.725820199657,15550.0,182.75,162.05,0.20056783443235343,0.019178082191780823
2022-06-23,2022-07-28,15586.214342921341,15600.0,382.0,395.7,0.20313623921529994,0.0958904109589041
2022-06-23,2022-08-25,15620.124518746728,15600.0,529.0,509.1,0.20291816324290893,0.1726027397260274
2022-06-24,2022-06-30,15708.759354311687,15700.0,158.0,149.25,0.19141001012056952,0.01643835616438356
2022-06-24,2022-07-28,15720.825714450095,15700.0,392.1,371.4,0.20076327541518085,0.09315068493150686
2022-06-24,2022-08-25,15759.808684618869,15800.0,492.85,532.6,0.19977023132286115,0.16986301369863013
2022-06-27,2022-06-30,15834.741850563016,15850.0,117.6,132.85,0.21840993889187466,0.00821917808219178
2022-06-27,2022-07-28,15841.302115206738,15850.0,368.4,377.05,0.20345881522279646,0.08493150684931507
2022-06-27,2022-08-25,15873.826437981916,15850.0,545.0,473.75,0.20234938229614724,0.16164383561643836
2022-06-28,2022-06-30,15842.647381725541,15850.0,97.0,104.35,0.21512429214433698,0.005479452054794521
2022-06-28,2022-07-28,15848.391429180525,15850.0,375.35,376.95,0.20864784408786452,0.0821917808219178
2022-06-28,2022-08-25,15877.215879293639,15900.0,500.15,522.7,0.20453015471286512,0.1589041095890411
2022-06-29,2022-06-30,15782.696918903746,15800.0,73.6,90.9,0.24859782379593087,0.0027397260273972603
2022-06-29,2022-07-28,15778.18764299911,15800.0,368.95,390.65,0.21499662712167883,0.07945205479452055
2022-06-29,2022-08-25,15808.182639260925,15800.0,523.05,514.95,0.21048537617198798,0.15616438356164383
2022-06-30,2022-07-28,15733.216520813896,15750.0,363.3,380.0,0.2147346653178403,0.07671232876712329
2022-06-30,2022-08-25,15757.575168711419,15750.0,510.6,503.1,0.20800818098523904,0.15342465753424658
2022-07-01,2022-07-28,15757.234702539934,15750.0,358.5,351.3,0.2086471339238456,0.07397260273972603
2022-07-01,2022-08-25,15790.10354209026,15800.0,497.1,506.9,0.20729813552162552,0.1506849315068493
2022-07-04,2022-07-28,15837.496675167833,15850.0,325.45,337.9,0.2055148875226306,0.06575342465753424
2022-07-04,2022-08-25,15865.17903673769,15900.0,461.1,495.6,0.20183950184291788,0.14246575342465753
2022-07-05,2022-07-28,15769.931470157178,15750.0,332.35,312.5,0.20508867803644187,0.06301369863013699
2022-07-05,2022-08-25,15801.160492094032,15800.0,475.55,474.4,0.20346879062995946,0.13972602739726028
2022-07-06,2022-07-28,15988.454856832084,16000.0,297.75,309.25,0.19449730576385071,0.06027397260273973
2022-07-06,2022-08-25,16011.552407301113,16000.0,472.55,461.1,0.1993303568317195,0.136986301369863
2022-07-07,2022-07-28,16149.197002617977,16150.0,278.35,279.15,0.18106639519879286,0.057534246575342465
2022-07-07,2022-08-25,16166.03935094146,16150.0,449.6,433.7,0.18865129015859852,0.13424657534246576
2022-07-08,2022-07-28,16220.322251879023,16200.0,268.55,248.3,0.1712506205984471,0.0547945205479452
2022-07-08,2022-08-25,16252.218886083057,16250.0,418.4,416.2,0.17904770567127612,0.13150684931506848
2022-07-11,2022-07-28,16201.65500277435,16200.0,239.7,238.05,0.17178427734479781,0.04657534246575343
2022-07-11,2022-08-25,16218.447239864914,16200.0,415.3,397.0,0.18031716110324963,0.1232876712328767
2022-07-12,2022-07-28,16043.180597028071,16050.0,231.95,238.75,0.17609255912828214,0.043835616438356165
2022-07-12,2022-08-25,16059.171584196489,16050.0,398.05,388.95,0.1783649625202609,0.12054794520547946
2022-07-13,2022-07-28,15981.701184830685,16000.0,222.8,241.05,0.17973670368792805,0.0410958904109589
2022-07-13,2022-08-25,16003.375751209276,16000.0,391.8,388.45,0.17944519829282088,0.1178082191780822
2022-07-14,2022-07-28,15932.205691364241,15950.0,207.1,224.85,0.17375112536975001,0.038356164383561646
2022-07-14,2022-08-25,15944.76096103628,15950.0,381.45,386.65,0.1793159972577418,0.11506849315068493
2022-07-15,2022-07-28,16066.387895217951,16050.0,202.1,185.75,0.16068600051344184,0.03561643835616438
2022-07-15,2022-08-25,16077.989881236663,16100.0,357.15,379.0,0.17233019693718798,0.11232876712328767
2022-07-18,2022-07-28,16299.398930554886,16300.0,171.95,172.55,0.16032517592217657,0.0273972602739726
2022-07-18,2022-08-25,16310.369937741629,16300.0,351.45,341.15,0.16612373267386568,0.10410958904109589
2022-07-19,2022-07-28,16345.342541284681,16350.0,156.3,160.95,0.15513434328775308,0.024657534246575342
2022-07-19,2022-08-25,16362.884618196269,16350.0,347.85,335.05,0.1654386629360965,0.10136986301369863
2022-07-20,2022-07-28,16514.821099958044,16500.0,153.35,138.55,0.14979192630984633,0.021917808219178082
2022-07-20,2022-08-25,16518.669305309766,16500.0,336.6,318.05,0.1592403925372482,0.09863013698630137
2022-07-21,2022-07-28,16595.894885854173,16600.0,135.5,139.6,0.1501799852702594,0.019178082191780823
2022-07-21,2022-08-25,16605.383450027068,16600.0,330.05,324.7,0.16062450038789927,0.0958904109589041
2022-07-21,2022-09-29,16639.115154421004,16650.0,471.2,481.95,0.16597327972354853,0.1917808219178082
2022-07-22,2022-07-28,16722.023519412243,16700.0,137.4,115.4,0.14768124040238068,0.01643835616438356
2022-07-22,2022-08-25,16733.701614778187,16750.0,313.6,329.8,0.15875555227606297,0.09315068493150686
2022-07-22,2022-09-29,16752.6827632083,16750.0,466.2,463.55,0.16200318043108775,0.18904109589041096
2022-07-25,2022-07-28,16635.742384952326,16650.0,97.15,111.4,0.17306828208714384,0.00821917808219178
2022-07-25,2022-08-25,16643.31318683524,16650.0,323.0,329.65,0.16955328843724854,0.08493150684931507
2022-07-25,2022-09-29,16687.301624267133,16700.0,475.75,488.3,0.1722506031334075,0.18082191780821918
2022-07-26,2022-07-28,16493.04752421667,16500.0,83.1,90.05,0.17768729651629164,0.005479452054794521
2022-07-26,2022-08-25,16503.669552181927,16500.0,330.65,327.0,0.17517411087141055,0.0821917808219178
2022-07-26,2022-09-29,16584.244101874126,16600.0,459.45,513.05,0.17612840832949006,0.1780821917808219
2022-07-27,2022-07-28,16651.550276051978,16650.0,79.7,78.15,0.22702990475550924,0.0027397260273972603
2022-07-27,2022-08-25,16679.09230296689,16700.0,312.3,333.1,0.1727961278011711,0.07945205479452055
2022-07-27,2022-09-29,16719.318932919065,16700.0,488.65,469.55,0.1736182858471069,0.17534246575342466
2022-07-28,2022-08-25,16954.27124470305,16950.0,299.35,295.1,0.1594821334243696,0.07671232876712329
2022-07-28,2022-09-29,16998.331384124016,17000.0,450.7,452.35,0.16209675398887025,0.1726027397260274
2022-07-29,2022-08-25,17203.0647003815,17200.0,284.7,281.65,0.15246057286090964,0.07397260273972603
2022-07-29,2022-09-29,17257.78648007139,17250.0,410.0,461.5,0.1553281762795227,0.16986301369863013
2022-08-01,2022-08-25,17377.30320150948,17400.0,269.6,292.2,0.15851809031318828,0.06575342465753424
2022-08-01,2022-09-29,17434.134172830738,17450.0,432.55,448.25,0.15909367626897425,0.16164383561643836
2022-08-02,2022-08-25,17352.711081583093,17350.0,296.1,293.4,0.17033420217184161,0.06301369863013699
2022-08-02,2022-09-29,17453.48581891073,17450.0,474.45,471.0,0.172131840490164,0.1589041095890411
2022-08-03,2022-08-25,17406.425123154317,17400.0,288.7,282.3,0.1681576681345423,0.06027397260273973
2022-08-03,2022-09-29,17432.77604945694,17450.0,491.0,508.05,0.18354327094316947,0.15616438356164383
2022-08-04,2022-08-25,17387.152041887643,17400.0,278.1,290.9,0.17155561686806323,0.057534246575342465
2022-08-04,2022-09-29,17448.43057862834,17450.0,439.0,519.05,0.1774779973477158,0.15342465753424658
2022-08-05,2022-08-25,17415.90655270531,17400.0,272.7,256.85,0.16341806023597638,0.0547945205479452
2022-08-05,2022-09-29,17469.035533836588,17450.0,477.5,458.65,0.1748313266587484,0.1506849315068493
2022-08-08,2022-08-25,17561.183806626676,17550.0,255.15,244.0,0.16560232271411385,0.04657534246575343
2022-08-08,2022-09-29,17622.154207061092,17600.0,474.75,452.8,0.1765146424392993,0.14246575342465753
2022-08-10,2022-08-25,17562.032097645577,17550.0,247.9,235.9,0.17080374121659606,0.0410958904109589
2022-08-10,2022-09-29,17625.274043920777,17650.0,441.05,509.05,0.18403890905902448,0.136986301369863
2022-08-11,2022-08-25,17684.61168239105,17700.0,199.2,214.55,0.14996984312605344,0.038356164383561646
2022-08-11,2022-09-29,17755.396888524327,17750.0,424.75,419.4,0.16410171147774866,0.13424657534246576
2022-08-12,2022-08-25,17712.729435429235,17700.0,192.4,179.7,0.1398369317462273,0.03561643835616438
2022-08-12,2022-09-29,17779.52573296088,17800.0,391.7,412.0,0.15746814850753169,0.13150684931506848
2022-08-16,2022-08-25,17851.20192482976,17850.0,157.35,156.15,0.14040179196299118,0.024657534246575342
2022-08-16,2022-09-29,17917.99041515465,17900.0,388.85,371.0,0.1543530959115222,0.12054794520547946
2022-08-17,2022-08-25,17979.67105884133,18000.0,135.65,155.95,0.13720710202322103,0.021917808219178082
2022-08-17,2022-09-29,18053.224598170054,18050.0,374.75,371.55,0.15213951226038414,0.1178082191780822
2022-08-18,2022-08-25,17981.777298181943,18000.0,119.6,137.8,0.12943982246074098,0.019178082191780823
2022-08-18,2022-09-29,18066.67424900953,18050.0,382.7,366.15,0.15435801797436519,0.11506849315068493
2022-08-18,2022-10-27,18109.06226678437,18100.0,510.3,501.35,0.16195500359006226,0.1917808219178082
2022-08-19,2022-08-25,17765.666730854617,17750.0,138.1,122.45,0.14341762316736856,0.01643835616438356
2022-08-19,2022-09-29,17839.171223034056,17850.0,379.05,389.8,0.16231067045017297,0.11232876712328767
2022-08-19,2022-10-27,17892.812219328705,17900.0,512.3,519.4,0.16826593472194334,0.18904109589041096
2022-08-22,2022-08-25,17490.39486986262,17500.0,104.75,114.35,0.17311717263222431,0.00821917808219178
2022-08-22,2022-09-29,17572.954813641663,17550.0,391.0,368.2,0.16903545405019976,0.10410958904109589
2022-08-22,2022-10-27,17635.211432311055,17600.0,530.85,496.05,0.17380419742386555,0.18082191780821918
2022-08-23,2022-08-25,17588.745992437052,17600.0,77.9,89.15,0.16058061994250925,0.005479452054794521
2022-08-23,2022-09-29,17684.447863192785,17700.0,358.25,373.7,0.16392824707622256,0.10136986301369863
2022-08-23,2022-10-27,17729.337635283595,17700.0,507.3,478.3,0.1671532635719277,0.1780821917808219
2022-08-24,2022-08-25,17613.652431038372,17600.0,67.6,53.95,0.16466685404101877,0.0027397260273972603
2022-08-24,2022-09-29,17703.170259392224,17700.0,358.7,355.55,0.16207709893073916,0.09863013698630137
2022-08-24,2022-10-27,17765.05397212808,17800.0,469.2,503.75,0.1656059491296588,0.17534246575342466
2022-08-25,2022-09-29,17585.308715813986,17600.0,362.55,377.15,0.1712381547708039,0.0958904109589041
2022-08-25,2022-10-27,17653.597964501336,17700.0,480.7,534.7,0.1751683366378633,0.1726027397260274
2022-08-26,2022-09-29,17658.24979992709,17650.0,339.4,331.2,0.1569403718837592,0.09315068493150686
2022-08-26,2022-10-27,17705.66217273294,17700.0,481.25,475.65,0.16623009015501938,0.16986301369863013
2022-08-29,2022-09-29,17366.94327847011,17350.0,357.55,340.7,0.17393562397151352,0.08493150684931507
2022-08-29,2022-10-27,17428.828721070313,17450.0,473.05,494.0,0.17469677490469893,0.16164383561643836
2022-08-30,2022-09-29,17827.178401498702,17850.0,311.05,333.75,0.15881686462613104,0.0821917808219178
2022-08-30,2022-10-27,17859.54811266852,17850.0,467.75,458.3,0.1647865906591795,0.1589041095890411
2022-09-01,2022-09-29,17579.146275861578,17600.0,329.2,349.95,0.17555654301683643,0.07671232876712329
2022-09-01,2022-10-27,17639.445264928756,17650.0,466.45,476.9,0.17280940416955654,0.15342465753424658
2022-09-02,2022-09-29,17557.485907489237,17550.0,335.95,328.5,0.1752786410840106,0.07397260273972603
2022-09-02,2022-10-27,17614.84468686461,17600.0,489.35,474.65,0.1785314636647309,0.1506849315068493
2022-09-05,2022-09-29,17706.27676949406,17700.0,322.05,315.8,0.17686795830652413,0.06575342465753424
2022-09-05,2022-10-27,17753.078375013043,17750.0,478.7,475.65,0.18021060777271564,0.14246575342465753
2022-09-06,2022-09-29,17680.922018489353,17700.0,300.7,319.7,0.17577595897599652,0.06301369863013699
2022-09-06,2022-10-27,17735.014515133586,17750.0,462.15,477.0,0.17911508764276285,0.13972602739726028
2022-09-07,2022-09-29,17647.640775091775,17650.0,302.6,304.95,0.17643906237785856,0.06027397260273973
2022-09-07,2022-10-27,17694.501255913445,17700.0,454.7,460.15,0.17664644719673406,0.136986301369863
2022-09-08,2022-09-29,17821.781303987358,17800.0,289.85,268.15,0.1642435647616289,0.057534246575342465
2022-09-08,2022-10-27,17871.436239465787,17850.0,449.65,428.4,0.16963180710882114,0.13424657534246576
2022-09-09,2022-09-29,17865.354590308594,17850.0,270.85,255.55,0.15835695739233818,0.0547945205479452
2022-09-09,2022-10-27,17912.002156540173,17900.0,428.75,416.85,0.16462719275390122,0.13150684931506848
2022-09-12,2022-09-29,17963.139718996365,17950.0,259.05,245.95,0.16379259730781093,0.04657534246575343
2022-09-12,2022-10-27,18015.07028611915,18000.0,417.15,402.2,0.16372288907077526,0.1232876712328767
2022-09-13,2022-09-29,18103.309416148142,18100.0,238.45,235.15,0.15706886210777904,0.043835616438356165
2022-09-13,2022-10-27,18155.49287185394,18150.0,401.6,396.15,0.15990306651150893,0.12054794520547946
2022-09-14,2022-09-29,18022.61031682565,18000.0,260.1,237.55,0.17117385103698718,0.0410958904109589
2022-09-14,2022-10-27,18085.48930823475,18100.0,402.3,416.7,0.16656879414451514,0.1178082191780822
2022-09-15,2022-09-29,17890.426160705832,17900.0,232.15,241.7,0.16986073563601822,0.038356164383561646
2022-09-15,2022-10-27,17944.005330416512,17950.0,405.3,411.25,0.16938434461815438,0.11506849315068493
2022-09-15,2022-11-24,18021.921572724208,18000.0,548.0,526.35,0.1728732015509652,0.1917808219178082
2022-09-16,2022-09-29,17565.084882142517,17550.0,265.6,250.55,0.19564080498654124,0.03561643835616438
2022-09-16,2022-10-27,17625.975225056955,17650.0,419.4,443.25,0.18421895855451756,0.11232876712328767
2022-09-16,2022-11-24,17702.12596329714,17700.0,553.95,551.85,0.18235125904186372,0.18904109589041096
2022-09-19,2022-09-29,17629.413371504856,17650.0,225.9,246.45,0.20300696803369556,0.0273972602739726
2022-09-19,2022-10-27,17683.538982322752,17700.0,410.4,426.75,0.18505350233843354,0.10410958904109589
2022-09-19,2022-11-24,17753.81029066093,17750.0,600.0,675.65,0.21437607326845204,0.18082191780821918
2022-09-20,2022-09-29,17827.063267832084,17850.0,195.6,218.5,0.18540412452261043,0.024657534246575342
2022-09-20,2022-10-27,17883.59224401569,17900.0,389.4,405.7,0.1760895982948637,0.10136986301369863
2022-09-20,2022-11-24,17945.77682746837,17900.0,549.65,504.4,0.17663461239852393,0.1780821917808219
2022-09-21,2022-09-29,17732.024409172507,17750.0,203.45,221.4,0.2029115335827034,0.021917808219178082
2022-09-21,2022-10-27,17790.489221823325,17800.0,395.95,405.4,0.18088261181711918,0.09863013698630137
2022-09-21,2022-11-24,17852.006106439287,17900.0,507.5,554.95,0.17985857856093504,0.17534246575342466
2022-09-22,2022-09-29,17649.098877382625,17650.0,173.5,174.4,0.17861983519114624,0.019178082191780823
2022-09-22,2022-10-27,17711.722839778566,17700.0,390.1,378.45,0.17678963411690862,0.0958904109589041
2022-09-22,2022-11-24,17787.207278284113,17800.0,516.8,529.45,0.179415690846848,0.1726027397260274
2022-09-23,2022-09-29,17336.585674539816,17350.0,173.75,187.15,0.20355030942826807,0.01643835616438356
2022-09-23,2022-10-27,17395.975707352638,17400.0,414.45,418.45,0.197812201968094,0.09315068493150686
2022-09-23,2022-11-24,17466.63362496661,17500.0,535.35,568.35,0.19409981474437382,0.16986301369863013
2022-09-26,2022-09-29,17028.038270154637,17050.0,135.25,157.2,0.23698048795332988,0.00821917808219178
2022-09-26,2022-10-27,17088.235230973278,17100.0,405.2,416.9,0.20798859590476879,0.08493150684931507
2022-09-26,2022-11-24,17154.928924092408,17150.0,845.75,477.2,0.24309181784291103,0.16164383561643836
2022-09-27,2022-09-29,17016.105735267865,17000.0,124.4,108.3,0.2313822727714303,0.005479452054794521
2022-09-27,2022-10-27,17071.61517038669,17050.0,416.15,394.65,0.20885640571382563,0.0821917808219178
2022-09-27,2022-11-24,17132.433271604175,17100.0,546.45,514.35,0.1968741853728297,0.1589041095890411
2022-09-28,2022-09-29,16860.051789885398,16850.0,85.0,74.95,0.22698357207409092,0.0027397260273972603
2022-09-28,2022-10-27,16887.887608209185,16900.0,397.0,409.05,0.21326308088076693,0.07945205479452055
2022-09-28,2022-11-24,16949.853487348973,16900.0,560.95,511.6,0.20295130416783097,0.15616438356164383
2022-09-29,2022-10-27,16834.372269380605,16850.0,371.4,386.95,0.20476899731800763,0.07671232876712329
2022-09-29,2022-11-24,16902.777561860854,16900.0,522.35,519.6,0.19928617824014244,0.15342465753424658
2022-09-30,2022-10-27,17103.516869290244,17100.0,353.3,349.8,0.19038560034853175,0.07397260273972603
2022-09-30,2022-11-24,17129.348717933248,17150.0,477.55,498.0,0.1855918522437035,0.1506849315068493
2022-10-03,2022-10-27,16892.31723413927,16900.0,353.7,361.35,0.2077499297237289,0.06575342465753424
2022-10-03,2022-11-24,16942.6825511985,16950.0,502.0,509.25,0.20003455217975866,0.14246575342465753
2022-10-04,2022-10-27,17292.61983346825,17300.0,314.75,322.1,0.18459733205986922,0.06301369863013699
2022-10-04,2022-11-24,17339.355818841086,17300.0,501.15,462.15,0.18812663805937835,0.13972602739726028
2022-10-06,2022-10-27,17323.035987396768,17300.0,311.85,288.9,0.18193327661299702,0.057534246575342465
2022-10-06,2022-11-24,17463.517440416075,17450.0,472.45,459.05,0.18414970652822843,0.13424657534246576
2022-10-07,2022-10-27,17329.77810492038,17350.0,274.1,294.25,0.17606160380440106,0.0547945205479452
2022-10-07,2022-11-24,17371.63413930981,17350.0,463.65,442.2,0.1818802092601234,0.13150684931506848
2022-10-10,2022-10-27,17229.237237921774,17250.0,261.7,282.4,0.1837706149864304,0.04657534246575343
2022-10-10,2022-11-24,17266.98557331824,17250.0,460.75,443.9,0.18862079752735117,0.1232876712328767
2022-10-11,2022-10-27,16985.258055340095,17000.0,279.6,294.3,0.20272222859637523,0.043835616438356165
2022-10-11,2022-11-24,17027.272612787823,17050.0,452.2,474.75,0.1979284192405234,0.12054794520547946
2022-10-12,2022-10-27,17111.33022528292,17100.0,279.6,268.3,0.19854213850352115,0.0410958904109589
2022-10-12,2022-11-24,17157.406498921846,17150.0,459.1,451.75,0.19541556138500954,0.1178082191780822
2022-10-13,2022-10-27,17005.413479810315,17000.0,269.1,263.7,0.20104122511831296,0.038356164383561646
2022-10-13,2022-11-24,17047.229354394185,17050.0,444.75,447.5,0.19485215174111242,0.11506849315068493
2022-10-14,2022-10-27,17192.582848647533,17200.0,220.2,227.6,0.17332891665279268,0.03561643835616438
2022-10-14,2022-11-24,17240.077818314927,17250.0,391.5,401.35,0.17320159488596343,0.11232876712328767
2022-10-17,2022-10-27,17296.393583329318,17300.0,206.5,210.1,0.1826856471827394,0.0273972602739726
2022-10-17,2022-11-24,17343.606883042783,17350.0,384.55,390.9,0.1748381324899667,0.10410958904109589
2022-10-18,2022-10-27,17499.69951879256,17500.0,176.8,177.1,0.161673553058862,0.024657534246575342
2022-10-18,2022-11-24,17540.739180671433,17550.0,359.7,368.9,0.1645589005194879,0.10136986301369863
2022-10-19,2022-10-27,17493.340519275607,17500.0,156.3,162.95,0.15466964822316484,0.021917808219178082
2022-10-19,2022-11-24,17537.369284008757,17550.0,351.7,364.25,0.163910482802943,0.09863013698630137
2022-10-20,2022-10-27,17540.63833725281,17550.0,132.75,142.1,0.1418992625268623,0.019178082191780823
2022-10-20,2022-11-24,17577.560572784372,17600.0,342.0,364.3,0.1635088713246015,0.0958904109589041
2022-10-20,2022-12-29,17629.262515091435,17600.0,517.25,488.35,0.16542597816049068,0.1917808219178082
2022-10-21,2022-10-27,17562.062882223523,17550.0,118.7,106.65,0.12549746420345653,0.01643835616438356
2022-10-21,2022-11-24,17591.24716349199,17600.0,347.55,356.25,0.16525933060525644,0.09315068493150686
2022-10-21,2022-12-29,17655.051061717546,17700.0,474.4,518.8,0.1638887482641676,0.18904109589041096
2022-10-24,2022-10-27,17734.641797124084,17750.0,79.55,94.9,0.1356648157555081,0.00821917808219178
2022-10-24,2022-11-24,17770.462653819985,17750.0,349.25,328.9,0.16508880290105304,0.08493150684931507
2022-10-24,2022-12-29,17818.617538923085,17800.0,492.15,473.75,0.16175563767590878,0.18082191780821918
2022-10-25,2022-10-27,17656.95247578333,17650.0,71.8,64.85,0.1309993607231954,0.005479452054794521
2022-10-25,2022-11-24,17690.650182111804,17700.0,320.25,329.55,0.16139777639065978,0.0821917808219178
2022-10-25,2022-12-29,17745.498190447863,17750.0,462.0,466.45,0.15720577670357472,0.1780821917808219
2022-10-27,2022-11-24,17773.618782716454,17750.0,330.05,288.8,0.1583894992642894,0.07671232876712329
2022-10-27,2022-12-29,17849.241538238188,17850.0,464.3,465.05,0.1588684166038887,0.1726027397260274
2022-10-28,2022-11-24,17830.10456801518,17850.0,274.7,294.5,0.14768735557236526,0.07397260273972603
2022-10-28,2022-12-29,17895.85448067767,17900.0,437.2,441.3,0.15094254170129484,0.16986301369863013
2022-10-31,2022-11-24,18049.899571688096,18050.0,267.3,267.4,0.1454173593535578,0.06575342465753424
2022-10-31,2022-12-29,18110.863544080865,18100.0,420.6,409.85,0.14450602636401788,0.16164383561643836
2022-11-01,2022-11-24,18214.157870489482,18200.0,276.2,262.1,0.14819568847343406,0.06301369863013699
2022-11-01,2022-12-29,18264.246390330805,18250.0,429.1,415.0,0.14688015770707524,0.1589041095890411
2022-11-02,2022-11-24,18147.540382542487,18150.0,274.2,276.65,0.1555630058275354,0.06027397260273973
2022-11-02,2022-12-29,18211.97089817802,18200.0,437.5,425.65,0.1519107751636073,0.15616438356164383
2022-11-03,2022-11-24,18118.920625813902,18100.0,265.45,246.6,0.14823924515076345,0.057534246575342465
2022-11-03,2022-12-29,18185.455676074074,18200.0,406.95,421.35,0.14714705980652865,0.15342465753424658
2022-11-04,2022-11-24,18194.681089631664,18200.0,237.9,243.2,0.14205903014099686,0.0547945205479452
2022-11-04,2022-12-29,18276.77361919143,18300.0,396.55,419.55,0.1454771006029671,0.1506849315068493
2022-11-07,2022-11-24,18263.189870595586,18250.0,224.15,211.0,0.13880524085014906,0.04657534246575343
2022-11-07,2022-12-29,18347.981393434067,18350.0,390.0,392.0,0.1428475056071445,0.14246575342465753
2022-11-09,2022-11-24,18215.8923956402,18200.0,220.4,204.55,0.1446175050140307,0.0410958904109589
2022-11-09,2022-12-29,18303.934881089463,18300.0,392.6,388.7,0.1458672226748556,0.136986301369863
2022-11-10,2022-11-24,18091.629156219235,18100.0,192.35,200.7,0.1393303915574354,0.038356164383561646
2022-11-10,2022-12-29,18180.228221480967,18200.0,367.95,387.55,0.14330254396842468,0.13424657534246576
2022-11-11,2022-11-24,18420.347050331766,18400.0,179.25,158.95,0.12214246491052252,0.03561643835616438
2022-11-11,2022-12-29,18514.574047227354,18500.0,353.45,339.0,0.13041394137427592,0.13150684931506848
2022-11-14,2022-11-24,18379.263104143578,18400.0,143.85,164.55,0.127029669558055,0.0273972602739726
2022-11-14,2022-12-29,18473.739480809767,18450.0,351.95,328.4,0.13255944454574772,0.1232876712328767
2022-11-15,2022-11-24,18460.667082864118,18450.0,147.2,136.55,0.12285901678137898,0.024657534246575342
2022-11-15,2022-12-29,18557.407818004856,18550.0,330.65,323.3,0.12823758423693776,0.12054794520547946
2022-11-16,2022-11-24,18452.002851345682,18450.0,137.45,135.45,0.12538988459026268,0.021917808219178082
2022-11-16,2022-12-29,18544.76002797366,18550.0,334.05,339.25,0.13358374108886092,0.1178082191780822
2022-11-16,2023-01-25,18622.275963045384,18600.0,452.0,430.0,0.1373239463281733,0.1917808219178082
2022-11-17,2022-11-24,18378.17280771244,18400.0,108.45,130.25,0.11731098634724393,0.019178082191780823
2022-11-17,2022-12-29,18478.159834429996,18500.0,311.5,340.9,0.13131426554784065,0.11506849315068493
2022-11-17,2023-01-25,18542.164938726673,18500.0,457.55,415.9,0.13754355360023474,0.18904109589041096
2022-11-18,2022-11-24,18355.105452227384,18350.0,104.55,99.45,0.10875408305632267,0.01643835616438356
2022-11-18,2022-12-29,18442.3443065171,18450.0,310.2,317.8,0.12824840017460387,0.11232876712328767
2022-11-18,2023-01-25,18525.40579849508,18500.0,437.2,412.1,0.13481644970789797,0.1863013698630137
2022-11-21,2022-11-24,18190.544950021016,18200.0,78.85,88.3,0.12693620968904856,0.00821917808219178
2022-11-21,2022-12-29,18287.566142610765,18300.0,297.55,309.9,0.1298479637063825,0.10410958904109589
2022-11-21,2023-01-25,18351.871538802574,18350.0,418.85,417.0,0.13686948261154608,0.1780821917808219
2022-11-22,2022-11-24,18278.492341101923,18300.0,50.5,72.0,0.11232400174064935,0.005479452054794521
2022-11-22,2022-12-29,18377.90489301499,18400.0,265.5,287.45,0.11909788613766216,0.10136986301369863
2022-11-22,2023-01-25,18482.82195671328,18500.0,365.15,406.15,0.12627084708453645,0.17534246575342466
2022-11-23,2022-11-24,18289.148067636164,18300.0,38.3,49.15,0.11391471599138162,0.0027397260273972603
2022-11-23,2022-12-29,18405.937946163212,18400.0,282.8,276.9,0.12215691508628859,0.09863013698630137
2022-11-23,2023-01-25,18484.32512358923,18500.0,379.05,394.55,0.12762409404877692,0.1726027397260274
2022-11-24,2022-12-29,18637.5224709653,18650.0,261.8,274.2,0.11707395946938176,0.0958904109589041
2022-11-24,2023-01-25,18724.11478922868,18700.0,396.9,373.05,0.12649202254995157,0.16986301369863013
2022-11-25,2022-12-29,18647.23329880494,18650.0,249.75,252.5,0.11127216256224826,0.09315068493150686
2022-11-25,2023-01-25,18746.75515315886,18750.0,350.0,397.95,0.12365516232377913,0.16712328767123288
2022-11-28,2022-12-29,18699.39667851145,18700.0,247.7,248.3,0.11470706368255132,0.08493150684931507
2022-11-28,2023-01-25,18791.765384312333,18800.0,362.3,370.45,0.1238506274341575,0.1589041095890411
2022-11-29,2022-12-29,18735.221255596076,18750.0,230.95,245.65,0.11173183258638389,0.0821917808219178
2022-11-29,2023-01-25,18825.861180874035,18800.0,374.85,349.25,0.12327913092806014,0.15616438356164383
2022-11-30,2022-12-29,18876.227546402257,18900.0,227.05,250.7,0.11296440900645463,0.07945205479452055
2022-11-30,2023-01-25,18959.39709570679,19000.0,335.75,375.95,0.12107382627510455,0.15342465753424658
2022-12-01,2022-12-29,18947.939752554998,18950.0,229.1,231.15,0.11046260144149926,0.07671232876712329
2022-12-01,2023-01-25,19035.458265928548,19050.0,345.15,359.55,0.12065235213281464,0.1506849315068493
2022-12-02,2022-12-29,18816.479044674295,18800.0,234.8,218.4,0.11152955506489717,0.07397260273972603
2022-12-02,2023-01-25,18913.57996499452,18900.0,353.0,339.55,0.12050524086290654,0.14794520547945206
2022-12-05,2022-12-29,18817.67538289527,18800.0,236.5,218.9,0.11879500750186847,0.06575342465753424
2022-12-05,2023-01-25,18914.228642196395,18900.0,354.1,340.0,0.12420651946140134,0.13972602739726028
2022-12-06,2022-12-29,18772.74296216927,18750.0,238.85,216.2,0.1215037943374269,0.06301369863013699
2022-12-06,2023-01-25,18869.422169480036,18850.0,358.2,338.95,0.1262739278806937,0.136986301369863
2022-12-07,2022-12-29,18676.05637699524,18700.0,209.8,233.65,0.12150481456624566,0.06027397260273973
2022-12-07,2023-01-25,18768.863890729896,18750.0,361.0,342.3,0.12934863290606377,0.13424657534246576
2022-12-08,2022-12-29,18718.66968913202,18700.0,209.85,191.25,0.1123649374550725,0.057534246575342465
2022-12-08,2023-01-25,18820.726413184922,18800.0,341.35,320.8,0.12267609032884491,0.13150684931506848
2022-12-09,2022-12-29,18583.541484897978,18600.0,185.65,202.05,0.11198971359954313,0.0547945205479452
2022-12-09,2023-01-25,18695.41175730348,18700.0,324.1,328.65,0.1229644272406398,0.12876712328767123
2022-12-12,2022-12-29,18602.708186358028,18600.0,184.3,181.6,0.11458244372639104,0.04657534246575343
2022-12-12,2023-01-25,18713.253443097125,18700.0,323.5,310.35,0.12326723559629678,0.12054794520547946
2022-12-13,2022-12-29,18703.911128175077,18700.0,173.3,169.4,0.11000251147755352,0.043835616438356165
2022-12-13,2023-01-25,18806.398811993702,18800.0,301.25,294.9,0.11666347427999227,0.1178082191780822
2022-12-14,2022-12-29,18749.598930078482,18750.0,166.85,167.25,0.1104611517058657,0.0410958904109589
2022-12-14,2023-01-25,18843.04819829814,18850.0,298.25,305.15,0.1191833433753248,0.11506849315068493
2022-12-15,2022-12-29,18471.40329517597,18450.0,181.95,160.6,0.11889753459410914,0.038356164383561646
2022-12-15,2023-01-25,18587.458765281302,18600.0,300.2,312.65,0.12415018279417692,0.11232876712328767
2022-12-15,2023-02-23,18682.48299269613,18700.0,419.85,437.15,0.13286750585045354,0.1917808219178082
2022-12-16,2022-12-29,18329.80329733078,18350.0,160.0,180.15,0.12332116022262926,0.03561643835616438
2022-12-16,2023-01-25,18436.453849734386,18450.0,307.5,320.95,0.12991938823254334,0.1095890410958904
2022-12-16,2023-02-23,18527.131341125445,18500.0,445.25,418.45,0.13611984450827136,0.18904109589041096
2022-12-19,2022-12-29,18498.34705902594,18500.0,141.4,143.05,0.1166367680349373,0.0273972602739726
2022-12-19,2023-01-25,18599.748347300854,18600.0,293.0,293.25,0.12490175280730029,0.10136986301369863
2022-12-19,2023-02-23,18685.63211670066,18700.0,411.3,425.5,0.133507086105843,0.18082191780821918
2022-12-20,2022-12-29,18424.288897601396,18400.0,149.6,125.35,0.1190852573667211,0.024657534246575342
2022-12-20,2023-01-25,18524.05371411878,18500.0,307.45,283.55,0.12816694084675567,0.09863013698630137
2022-12-20,2023-02-23,18616.439192184775,18600.0,431.55,415.3,0.13673756334322562,0.1780821917808219
2022-12-21,2022-12-29,18276.466496688237,18300.0,147.45,170.95,0.14734495774742642,0.021917808219178082
2022-12-21,2023-01-25,18383.296211130968,18400.0,312.6,329.2,0.1421022255754273,0.0958904109589041
2022-12-21,2023-02-23,18473.297391148517,18500.0,434.9,461.3,0.14674431856218784,0.17534246575342466
2022-12-22,2022-12-29,18170.57563309676,18150.0,142.25,121.7,0.1314509128892195,0.019178082191780823
2022-12-22,2023-01-25,18272.334824192854,18250.0,324.35,302.15,0.1416932720060133,0.09315068493150686
2022-12-22,2023-02-23,18379.268711843823,18400.0,430.65,451.15,0.14628428424010204,0.1726027397260274
2022-12-23,2022-12-29,17860.110797548346,17850.0,134.8,124.7,0.14215672804008306,0.01643835616438356
2022-12-23,2023-01-25,17974.694698045627,17950.0,335.55,311.0,0.15086153573763594,0.09041095890410959
2022-12-23,2023-02-23,18234.024584074923,18250.0,436.3,452.1,0.14974993436249612,0.16986301369863013
2022-12-26,2022-12-29,18036.642865902704,18050.0,92.65,106.0,0.15206447542540646,0.00821917808219178
2022-12-26,2023-01-25,18148.94437539972,18150.0,300.2,301.25,0.1456574188545538,0.0821917808219178
2022-12-26,2023-02-23,18215.865827169262,18200.0,455.7,440.0,0.1549791095473127,0.16164383561643836
2022-12-27,2022-12-29,18134.344425034655,18150.0,65.55,81.2,0.1365076261403903,0.005479452054794521
2022-12-27,2023-01-25,18254.121228742104,18250.0,291.0,286.9,0.14151838598938482,0.07945205479452055
2022-12-27,2023-02-23,18329.907315871766,18300.0,447.8,418.2,0.15017357692458977,0.1589041095890411
2022-12-28,2022-12-29,18123.75422982867,18100.0,66.35,42.6,0.1418544609212566,0.0027397260273972603
2022-12-28,2023-01-25,18238.844513834385,18250.0,281.45,292.55,0.143070923716551,0.07671232876712329
2022-12-28,2023-02-23,18308.182639260925,18300.0,439.9,431.8,0.15259843246721372,0.15616438356164383
2022-12-29,2023-01-25,18291.55951370341,18300.0,263.5,271.9,0.1354973085005987,0.07397260273972603
2022-12-29,2023-02-23,18365.558232925414,18400.0,403.0,437.1,0.14763724856444688,0.15342465753424658
2022-12-30,2023-01-25,18200.753480654475,18200.0,266.9,266.15,0.13817912784258946,0.07123287671232877
2022-12-30,2023-02-23,18287.932380405982,18300.0,407.45,419.4,0.14737640223884524,0.1506849315068493
2023-01-02,2023-01-25,18274.048297746318,18250.0,260.4,236.45,0.1363004744787802,0.06301369863013699
2023-01-02,2023-02-23,18349.243022537776,18350.0,398.05,398.8,0.14555607806069126,0.14246575342465753
2023-01-03,2023-01-25,18319.174976913666,18300.0,241.7,222.6,0.12989755259244706,0.06027397260273973
2023-01-03,2023-02-23,18388.546447593682,18400.0,391.1,402.45,0.14597648398924662,0.13972602739726028
2023-01-04,2023-01-25,18101.756556773173,18100.0,242.45,240.7,0.1399979878924838,0.057534246575342465
2023-01-04,2023-02-23,18156.558135149102,18150.0,413.05,406.55,0.15427144317826552,0.136986301369863
2023-01-05,2023-01-25,18062.946027122933,18050.0,232.35,219.45,0.13441776579830111,0.0547945205479452
2023-01-05,2023-02-23,18130.11161167312,18150.0,375.0,438.85,0.15480362581112256,0.13424657534246576
2023-01-06,2023-01-25,17940.668479581145,17950.0,209.95,219.25,0.1318131234630285,0.052054794520547946
2023-01-06,2023-02-23,18004.538630624436,18000.0,399.6,395.1,0.15389551440044352,0.13150684931506848
2023-01-09,2023-01-25,18169.75621155103,18150.0,203.95,184.25,0.12822807239863315,0.043835616438356165
2023-01-09,2023-02-23,18231.401553250947,18250.0,357.1,375.55,0.1445088310431653,0.1232876712328767
2023-01-10,2023-01-25,17979.29476530157,18000.0,193.8,214.45,0.14056754256270665,0.0410958904109589
2023-01-10,2023-02-23,18049.59685344191,18050.0,381.2,381.6,0.153770442680372,0.12054794520547946
2023-01-11,2023-01-25,17957.51872195877,17950.0,202.65,195.15,0.14213445704637853,0.038356164383561646
2023-01-11,2023-02-23,18034.179315228164,18050.0,364.4,380.1,0.15183200111291428,0.1178082191780822
2023-01-12,2023-01-25,17914.834302704934,17900.0,196.45,181.65,0.14048004562532068,0.03561643835616438
2023-01-12,2023-02-23,17989.21966982465,18000.0,361.25,371.95,0.1516800644562301,0.11506849315068493
2023-01-13,2023-01-25,18021.49588736904,18000.0,177.4,155.95,0.1280409689085052,0.03287671232876712
2023-01-13,2023-02-23,18096.37361887652,18100.0,341.65,345.25,0.1429820768648168,0.11232876712328767
2023-01-16,2023-01-25,17940.134200355722,17950.0,150.35,160.2,0.13830473120581957,0.024657534246575342
2023-01-16,2023-02-23,18015.655585619643,18000.0,349.1,333.55,0.14823813266622918,0.10410958904109589
2023-01-17,2023-01-25,18086.681038551214,18100.0,131.3,144.6,0.12918084695886867,0.021917808219178082
2023-01-17,2023-02-23,18159.71379418703,18150.0,331.7,322.05,0.14268988650871306,0.10136986301369863
2023-01-18,2023-01-25,18198.398004235776,18200.0,122.1,123.7,0.12238485477644634,0.019178082191780823
2023-01-18,2023-02-23,18276.19789376949,18300.0,305.2,328.85,0.13919912682148888,0.09863013698630137
2023-01-19,2023-01-25,18114.16512725833,18100.0,116.85,102.7,0.11849736881341805,0.01643835616438356
2023-01-19,2023-02-23,18199.54718644632,18200.0,304.15,304.6,0.1362336427912142,0.0958904109589041
2023-01-20,2023-01-25,18054.35387501259,18050.0,94.25,89.9,0.10931405843527066,0.0136986301369863
2023-01-20,2023-02-23,18131.991290403057,18150.0,286.4,304.3,0.13449491307354353,0.09315068493150686
2023-01-23,2023-01-25,18147.249020373503,18150.0,62.0,64.75,0.11827327072640473,0.005479452054794521
2023-01-23,2023-02-23,18228.029042458642,18250.0,267.15,289.0,0.13180347985374108,0.08493150684931507
2023-01-24,2023-01-25,18127.245948269378,18150.0,34.8,57.55,0.11953730193167827,0.0027397260273972603
2023-01-24,2023-02-23,18213.572316289315,18200.0,283.5,270.0,0.13359634855512642,0.0821917808219178
2023-01-25,2023-02-23,17986.32958270912,18000.0,281.0,294.6,0.1429603740840946,0.07945205479452055
2023-01-27,2023-02-23,17681.51131573128,17700.0,315.35,333.75,0.16986560047463878,0.07397260273972603
2023-01-30,2023-02-23,17740.760595304742,17750.0,309.6,318.8,0.17382574857387068,0.06575342465753424
2023-01-31,2023-02-23,17798.895485280962,17800.0,291.4,292.5,0.16446881985523576,0.06301369863013699
2023-02-01,2023-02-23,17671.839889925217,17650.0,301.45,260.7,0.1630636511174846,0.06027397260273973
2023-02-02,2023-02-23,17684.040427032305,17700.0,244.5,260.4,0.14963562323414348,0.057534246575342465
2023-02-03,2023-02-23,17902.258027986558,17900.0,217.95,215.7,0.13016978378437666,0.0547945205479452
2023-02-06,2023-02-23,17805.917888708285,17800.0,209.55,203.65,0.13519232443549106,0.04657534246575343
2023-02-07,2023-02-23,17783.202205914735,17800.0,186.15,202.9,0.13119927904196282,0.043835616438356165
2023-02-08,2023-02-23,17908.021398430385,17900.0,176.5,168.5,0.11943342169971291,0.0410958904109589
2023-02-09,2023-02-23,17945.73939089003,17950.0,155.4,159.65,0.11260957918087156,0.038356164383561646
2023-02-10,2023-02-23,17878.299820705284,17900.0,134.75,156.4,0.10814553792612544,0.03561643835616438
2023-02-13,2023-02-23,17801.252228010653,17800.0,145.35,144.1,0.12334541546335134,0.0273972602739726
2023-02-14,2023-02-23,17944.4911778636,17950.0,130.55,136.05,0.1187383376322293,0.024657534246575342
2023-02-15,2023-02-23,18035.178900041956,18050.0,105.3,120.1,0.10576512943277613,0.021917808219178082
2023-02-16,2023-02-23,18062.36540480511,18050.0,108.3,95.95,0.10238405227848062,0.019178082191780823
2023-02-16,2023-04-27,18250.73974535646,18300.0,323.85,372.5,0.1102551428128366,0.1917808219178082
2023-02-17,2023-02-23,17949.94994654679,17950.0,96.15,96.2,0.104863993105971,0.01643835616438356
2023-02-17,2023-04-27,18150.506181737415,18150.0,346.6,346.1,0.11138409014314216,0.18904109589041096
2023-02-20,2023-02-23,17862.756813463708,17850.0,92.85,80.1,0.13373792750233493,0.00821917808219178
2023-02-20,2023-04-27,18064.114927607447,18050.0,356.45,342.5,0.11543208036358239,0.18082191780821918
2023-02-21,2023-02-23,17838.4959033801,17850.0,63.05,74.55,0.13031651909578762,0.005479452054794521
2023-02-21,2023-04-27,18044.435965722078,18050.0,329.1,334.6,0.11050150946102602,0.1780821917808219
2023-02-22,2023-02-23,17565.002671470742,17550.0,62.8,47.8,0.14997346534084424,0.0027397260273972603
2023-02-22,2023-04-27,17755.866482247675,17750.0,367.5,361.7,0.12436065991361805,0.17534246575342466
2023-02-23,2023-04-27,17720.225646981635,17700.0,363.15,343.15,0.12164990820267678,0.1726027397260274
2023-02-24,2023-04-27,17649.393338635757,17650.0,338.55,339.15,0.11807245535046398,0.16986301369863013
2023-02-27,2023-04-27,17591.359692847313,17600.0,318.0,326.55,0.11540074889882934,0.16164383561643836
2023-02-28,2023-04-27,17499.292732394926,17500.0,323.3,324.0,0.11751518324672165,0.1589041095890411
2023-03-01,2023-04-27,17628.634219707583,17650.0,291.1,312.25,0.10955416389093225,0.15616438356164383
2023-03-02,2023-04-27,17498.18195950926,17500.0,314.4,316.2,0.11647116522994705,0.15342465753424658
2023-03-03,2023-04-27,17756.7659457138,17750.0,296.4,289.7,0.1076422731617036,0.1506849315068493
2023-03-06,2023-04-27,17865.946991870853,17850.0,297.0,281.2,0.10849242385565841,0.14246575342465753
2023-03-08,2023-04-27,17885.11807793088,17900.0,283.3,298.05,0.11099288605884194,0.136986301369863
2023-03-09,2023-04-27,17736.17993032088,17750.0,290.75,304.45,0.11574199460244004,0.13424657534246576
2023-03-10,2023-04-27,17549.94957077084,17550.0,306.0,306.05,0.12157482516573487,0.13150684931506848
2023-03-13,2023-04-27,17301.9656894938,17300.0,353.3,351.35,0.14656489704158454,0.1232876712328767
2023-03-14,2023-04-27,17227.968292467314,17250.0,340.7,374.95,0.1510055040107482,0.12054794520547946
2023-03-15,2023-04-27,17126.017051110215,17150.0,341.2,365.0,0.15158530219995864,0.1178082191780822
2023-03-16,2023-04-27,17140.730931064187,17150.0,338.65,347.85,0.14905455283856095,0.11506849315068493
2023-03-16,2023-05-25,17203.797039155463,17200.0,425.7,421.95,0.1428168400165336,0.1917808219178082
2023-03-17,2023-04-27,17268.38373763986,17250.0,322.8,304.55,0.13689763276832154,0.11232876712328767
2023-03-17,2023-05-25,17327.626767206257,17350.0,385.85,407.95,0.1335869184674005,0.18904109589041096
2023-03-20,2023-04-27,17123.005153145266,17100.0,338.05,315.2,0.14925110821127308,0.10410958904109589
2023-03-20,2023-05-25,17198.22931015677,17200.0,413.5,415.25,0.14372200747406244,0.18082191780821918
2023-03-21,2023-04-27,17248.84239758393,17250.0,302.65,303.8,0.13932295451714155,0.10136986301369863
2023-03-21,2023-05-25,17305.564034277922,17300.0,395.2,389.7,0.13631017659736364,0.1780821917808219
2023-03-22,2023-04-27,17278.261078453317,17300.0,284.3,305.9,0.1370609514348855,0.09863013698630137
2023-03-22,2023-05-25,17316.318300198698,17300.0,407.0,370.85,0.1360537404578197,0.17534246575342466
2023-03-23,2023-04-27,17183.245898513895,17200.0,279.6,296.25,0.13639185843024174,0.0958904109589041
2023-03-23,2023-05-25,17245.702050016404,17250.0,383.0,387.25,0.1362570607006576,0.1726027397260274
2023-03-24,2023-04-27,17039.436231800675,17050.0,295.3,305.8,0.14569578736535696,0.09315068493150686
2023-03-24,2023-05-25,17116.480967061947,17100.0,404.75,388.45,0.1425565185738335,0.16986301369863013
2023-03-27,2023-04-27,17114.178054980923,17100.0,296.65,282.55,0.14639509419241276,0.08493150684931507
2023-03-27,2023-05-25,17166.168995841286,17150.0,393.6,377.6,0.14159268191139263,0.16164383561643836
2023-03-28,2023-04-27,17077.429740689247,17100.0,263.6,286.05,0.141299867995841,0.0821917808219178
2023-03-28,2023-05-25,17135.046342064117,17150.0,369.0,383.8,0.13950363056306908,0.1589041095890411
2023-03-29,2023-04-27,17210.956437387544,17200.0,246.45,235.55,0.1251936676630641,0.07945205479452055
2023-03-29,2023-05-25,17261.819367821336,17250.0,350.05,338.35,0.12781639856237054,0.15616438356164383
2023-03-31,2023-04-27,17441.911200632436,17450.0,211.9,219.95,0.11460943750954913,0.07397260273972603
2023-03-31,2023-05-25,17492.27470377454,17500.0,320.75,328.4,0.1209768652929695,0.1506849315068493
2023-04-03,2023-04-27,17474.641851244,17450.0,214.0,188.6,0.11303936287666183,0.06575342465753424
2023-04-03,2023-05-25,17538.998594215678,17550.0,300.65,311.55,0.11694190679953873,0.14246575342465753
2023-04-05,2023-04-27,17618.171051420806,17600.0,200.5,182.4,0.1113651851247922,0.06027397260273973
2023-04-05,2023-05-25,17682.29303509742,17700.0,288.45,306.0,0.11477832409724031,0.136986301369863
2023-04-06,2023-04-27,17642.120588188907,17650.0,167.05,174.9,0.1016186924504871,0.057534246575342465
2023-04-06,2023-05-25,17703.58111294605,17700.0,285.3,281.75,0.11054177334637684,0.13424657534246576
2023-04-10,2023-04-27,17679.036631524883,17700.0,148.8,169.7,0.10473771028385614,0.04657534246575343
2023-04-10,2023-05-25,17737.248219437643,17750.0,270.85,283.5,0.1124031158903726,0.1232876712328767
2023-04-11,2023-04-27,17786.962906083078,17800.0,141.8,154.8,0.10000833667438604,0.043835616438356165
2023-04-11,2023-05-25,17845.061454663428,17850.0,264.35,269.25,0.1087764403074288,0.12054794520547946
2023-04-12,2023-04-27,17856.51738622469,17850.0,151.05,144.55,0.10262395665793964,0.0410958904109589
2023-04-12,2023-05-25,17915.115303922135,17900.0,278.45,263.45,0.111327139205469,0.1178082191780822
2023-04-13,2023-04-27,17880.30094846802,17900.0,120.65,140.3,0.09340900748470687,0.038356164383561646
2023-04-13,2023-05-25,17936.49939959349,17950.0,255.6,269.0,0.10881572219789863,0.11506849315068493
2023-04-17,2023-04-27,17757.613546304772,17750.0,126.35,118.75,0.10468972643135262,0.0273972602739726
2023-04-17,2023-05-25,17818.172560799652,17800.0,266.0,247.95,0.11282001471864951,0.10410958904109589
2023-04-18,2023-04-27,17709.2648372294,17700.0,117.95,108.7,0.10228789613374832,0.024657534246575342
2023-04-18,2023-05-25,17770.937504568938,17750.0,262.15,241.35,0.11227917915304939,0.10136986301369863
2023-04-19,2023-04-27,17647.145936832403,17650.0,102.5,105.35,0.09983860248900958,0.021917808219178082
2023-04-19,2023-05-25,17709.510778176675,17700.0,256.35,246.9,0.114158364248568,0.09863013698630137
2023-04-20,2023-04-27,17652.202744175807,17650.0,93.2,91.0,0.09455835990431949,0.019178082191780823
2023-04-20,2023-05-25,17713.685031844507,17700.0,249.85,236.25,0.11178337127149843,0.0958904109589041
2023-04-20,2023-06-29,17774.534524064027,17750.0,365.25,334.2,0.11407978008137114,0.1917808219178082
2023-04-21,2023-04-27,17656.006414385156,17650.0,80.5,74.5,0.08588212918804464,0.01643835616438356
2023-04-21,2023-05-25,17716.851725460823,17700.0,242.4,225.65,0.10915704047524555,0.09315068493150686
2023-04-21,2023-06-29,17773.790541658505,17750.0,357.35,333.85,0.11353166328551836,0.18904109589041096
2023-04-24,2023-04-27,17760.05537061257,17750.0,66.35,56.3,0.09534424672954539,0.00821917808219178
2023-04-24,2023-05-25,17823.278154099884,17800.0,236.75,213.6,0.1092501532826933,0.08493150684931507
2023-04-24,2023-06-29,17875.31152447156,17900.0,321.9,346.3,0.11136484189542442,0.18082191780821918
2023-04-25,2023-04-27,17782.49376601319,17800.0,40.05,57.55,0.09195686224665575,0.005479452054794521
2023-04-25,2023-05-25,17847.687679447004,17850.0,213.75,216.05,0.10583637848549783,0.0821917808219178
2023-04-25,2023-06-29,17905.05821297993,17900.0,324.1,319.1,0.10795372928735562,0.1780821917808219
2023-04-26,2023-04-27,17817.153054381546,17800.0,47.1,29.95,0.10196012766433862,0.0027397260273972603
2023-04-26,2023-05-25,17893.717639112645,17900.0,208.5,214.75,0.10569545438300412,0.07945205479452055
2023-04-26,2023-06-29,17950.977707807375,18000.0,297.65,349.25,0.10876334307351236,0.17534246575342466
2023-04-27,2023-05-25,17990.653511590972,18000.0,193.5,202.8,0.10013709625574439,0.07671232876712329
2023-04-27,2023-06-29,18045.60883394359,18000.0,339.95,294.85,0.10729018246524119,0.1726027397260274
2023-04-28,2023-05-25,18116.07711675541,18100.0,191.7,175.7,0.09389227084165791,0.07397260273972603
2023-04-28,2023-06-29,18173.55967554172,18200.0,291.65,317.8,0.10298307424378622,0.16986301369863013
2023-05-02,2023-05-25,18216.71833642907,18200.0,185.95,169.3,0.09774431833928673,0.06301369863013699
2023-05-02,2023-06-29,18269.146744451686,18250.0,317.9,298.95,0.10729257313901162,0.1589041095890411
2023-05-03,2023-05-25,18152.560010006797,18150.0,178.55,176.0,0.10010840152402337,0.06027397260273973
2023-05-03,2023-06-29,18219.042314823266,18200.0,314.4,295.55,0.1072935265340912,0.15616438356164383
2023-05-04,2023-05-25,18297.64119519031,18300.0,168.95,171.3,0.09752123850592026,0.057534246575342465
2023-05-04,2023-06-29,18364.5987115553,18400.0,277.25,312.3,0.10353918858907024,0.15342465753424658
2023-05-05,2023-05-25,18131.38381371082,18150.0,166.9,185.45,0.10427634898622487,0.0547945205479452
2023-05-05,2023-06-29,18202.57509874182,18200.0,310.45,307.9,0.11077508752328763,0.1506849315068493
2023-05-08,2023-05-25,18312.53789980569,18300.0,169.75,157.25,0.10400437532166383,0.04657534246575343
2023-05-08,2023-06-29,18385.112776576258,18400.0,294.75,309.5,0.11009049628141929,0.14246575342465753
2023-05-09,2023-05-25,18308.12311236362,18300.0,160.7,152.6,0.10273364520601022,0.043835616438356165
2023-05-09,2023-06-29,18368.1137679025,18350.0,313.95,296.0,0.11238845442479169,0.13972602739726028
2023-05-10,2023-05-25,18347.092243068986,18350.0,150.65,153.55,0.10277173448200952,0.0410958904109589
2023-05-10,2023-06-29,18398.839714550544,18400.0,319.15,320.3,0.11874773756958129,0.136986301369863
2023-05-11,2023-05-25,18350.100249626117,18350.0,144.55,144.45,0.10103986833641948,0.038356164383561646
2023-05-11,2023-06-29,18407.464855155147,18400.0,322.55,315.15,0.11957065808569167,0.13424657534246576
2023-05-12,2023-05-25,18335.5666243952,18350.0,127.1,141.5,0.09738435821391149,0.03561643835616438
2023-05-12,2023-06-29,18394.200638646555,18400.0,304.0,309.75,0.11629478797382631,0.13150684931506848
2023-05-15,2023-05-25,18420.987341458553,18400.0,132.95,112.0,0.10068910415399775,0.0273972602739726
2023-05-15,2023-06-29,18474.9500595277,18450.0,310.95,285.1,0.11610870642738766,0.1232876712328767
2023-05-16,2023-05-25,18330.518801717644,18350.0,106.85,126.3,0.10140300768298258,0.024657534246575342
2023-05-16,2023-06-29,18392.49139535562,18400.0,289.15,296.6,0.11584385443888884,0.12054794520547946
2023-05-17,2023-05-25,18219.177301634903,18200.0,122.65,103.5,0.1050477372400495,0.021917808219178082
2023-05-17,2023-06-29,18291.736967189234,18300.0,279.05,287.25,0.11389115042777044,0.1178082191780822
2023-05-18,2023-05-25,18174.931059080747,18150.0,112.1,87.2,0.0989378398445356,0.019178082191780823
2023-05-18,2023-06-29,18247.632357391394,18250.0,271.2,273.55,0.1111260037191946,0.11506849315068493
2023-05-18,2023-07-27,18319.44084047597,18300.0,370.45,351.25,0.11420722633523142,0.1917808219178082
2023-05-19,2023-05-25,18222.27378667829,18200.0,93.95,71.7,0.08849895758920585,0.01643835616438356
2023-05-19,2023-06-29,18300.604396853912,18300.0,258.95,258.35,0.10648598847975507,0.11232876712328767
2023-05-19,2023-07-27,18362.047125350477,18350.0,350.0,338.1,0.10939333048178272,0.18904109589041096
2023-05-22,2023-05-25,18332.79080850386,18350.0,60.35,77.55,0.10347759586795258,0.00821917808219178
2023-05-22,2023-06-29,18404.882931849213,18400.0,250.6,245.75,0.10548090461268746,0.10410958904109589
2023-05-22,2023-07-27,18469.291179004584,18500.0,318.9,349.25,0.10773437235007224,0.18082191780821918
2023-05-23,2023-05-25,18364.305094057792,18350.0,63.65,49.35,0.10372685643398721,0.005479452054794521
2023-05-23,2023-06-29,18444.01066576033,18450.0,239.35,245.3,0.10410425651149441,0.10136986301369863
2023-05-23,2023-07-27,18512.29145754123,18500.0,337.35,325.2,0.1075648273426433,0.1780821917808219
2023-05-24,2023-05-25,18292.348637549923,18300.0,37.5,45.15,0.10788925821998124,0.0027397260273972603
2023-05-24,2023-06-29,18386.211887722708,18400.0,239.75,253.45,0.10767660803099076,0.09863013698630137
2023-05-24,2023-07-27,18454.096422948805,18450.0,338.1,334.05,0.11028624322707131,0.17534246575342466
2023-05-25,2023-06-29,18417.860979061767,18400.0,242.65,224.9,0.10339462968647975,0.0958904109589041
2023-05-25,2023-07-27,18489.83661239173,18500.0,316.25,326.3,0.1059898576565737,0.1726027397260274
2023-05-26,2023-06-29,18572.586342483315,18550.0,237.55,215.1,0.1006763596889994,0.09315068493150686
2023-05-26,2023-07-27,18646.5116971556,18650.0,317.1,320.55,0.10514283500939345,0.16986301369863013
2023-05-29,2023-06-29,18676.269354783704,18700.0,200.0,223.6,0.0979260432989837,0.08493150684931507
2023-05-29,2023-07-27,18752.5264056002,18750.0,316.6,314.1,0.10596596852533399,0.16164383561643836
2023-05-30,2023-06-29,18714.929547918247,18700.0,213.95,199.1,0.09700382603752494,0.0821917808219178
2023-05-30,2023-07-27,18791.209674051206,18800.0,303.1,311.8,0.10392730730082536,0.1589041095890411
2023-05-31,2023-06-29,18631.454470660534,18650.0,194.4,212.85,0.0975839142370719,0.07945205479452055
2023-05-31,2023-07-27,18713.0821207937,18700.0,312.1,299.15,0.10468190734479325,0.15616438356164383
2023-06-01,2023-06-29,18569.94922526013,18550.0,214.9,195.05,0.10037741214982479,0.07671232876712329
2023-06-01,2023-07-27,18657.57516871142,18650.0,305.35,297.85,0.10450730775187128,0.15342465753424658
2023-06-02,2023-06-29,18640.504452916335,18650.0,181.85,191.3,0.09265111858164655,0.07397260273972603
2023-06-02,2023-07-27,18713.68336782418,18700.0,301.2,287.65,0.10262152606367703,0.1506849315068493
2023-06-05,2023-06-29,18699.096145192856,18700.0,176.8,177.7,0.09305751570818369,0.06575342465753424
2023-06-05,2023-07-27,18782.337192548104,18800.0,272.15,289.65,0.10017193104192872,0.14246575342465753
2023-06-06,2023-06-29,18669.881264942676,18650.0,184.5,164.7,0.09372387957088742,0.06301369863013699
2023-06-06,2023-07-27,18767.306469054478,18750.0,289.65,272.5,0.1013709449130612,0.13972602739726028
2023-06-07,2023-06-29,18800.903532943576,18800.0,174.3,173.4,0.09478547509734067,0.06027397260273973
2023-06-07,2023-07-27,18878.963520329413,18900.0,270.8,291.65,0.10169224919256104,0.136986301369863
2023-06-08,2023-06-29,18712.998520121488,18700.0,176.35,163.4,0.09521301035962776,0.057534246575342465
2023-06-08,2023-07-27,18798.285100842735,18800.0,283.1,284.8,0.1042454207542291,0.13424657534246576
2023-06-09,2023-06-29,18636.75290247886,18650.0,155.95,169.15,0.09365074275301281,0.0547945205479452
2023-06-09,2023-07-27,18727.861568398588,18750.0,267.3,289.25,0.10348271648338514,0.13150684931506848
2023-06-12,2023-06-29,18686.00770381685,18700.0,145.4,159.35,0.09490279413808655,0.04657534246575343
2023-06-12,2023-07-27,18771.21936607412,18750.0,281.2,260.15,0.10378307535404484,0.1232876712328767
2023-06-13,2023-06-29,18776.432945611716,18800.0,131.5,155.0,0.0913475324040291,0.043835616438356165
2023-06-13,2023-07-27,18856.752704847964,18850.0,268.2,261.5,0.1022173265571086,0.12054794520547946
2023-06-14,2023-06-29,18818.449216389887,18800.0,150.8,132.4,0.09321055537871775,0.0410958904109589
2023-06-14,2023-07-27,18893.601188006298,18900.0,259.15,265.5,0.10216006761795275,0.1178082191780822
2023-06-15,2023-06-29,18747.894757851544,18750.0,133.3,135.4,0.09194186616491665,0.038356164383561646
2023-06-15,2023-07-27,18833.678378613025,18850.0,249.1,265.3,0.10159960992217484,0.11506849315068493
2023-06-16,2023-06-29,18898.29605982443,18900.0,120.6,122.3,0.08555065717432915,0.03561643835616438
2023-06-16,2023-07-27,18975.53576707783,19000.0,242.5,267.9,0.10118816392006916,0.11232876712328767
2023-06-19,2023-06-29,18842.136008093097,18850.0,112.3,120.15,0.09352660664450298,0.0273972602739726
2023-06-19,2023-07-27,18936.760710553164,18950.0,247.05,260.2,0.1046997889970069,0.10410958904109589
2023-06-20,2023-06-29,18865.524862384398,18850.0,115.5,100.0,0.0912063954222473,0.024657534246575342
2023-06-20,2023-07-27,18960.670074443784,18950.0,253.35,242.75,0.10369587180014772,0.10136986301369863
2023-06-21,2023-06-29,18896.444938861416,18900.0,98.55,102.1,0.09000326010529017,0.021917808219178082
2023-06-21,2023-07-27,18982.43776939863,19000.0,240.2,257.65,0.10525310620715378,0.09863013698630137
2023-06-22,2023-06-29,18833.12898210801,18850.0,81.45,98.3,0.08620529570804714,0.019178082191780823
2023-06-22,2023-07-27,18920.577860383837,18900.0,264.6,244.15,0.10951733030860204,0.0958904109589041
2023-06-22,2023-08-31,19038.963272854788,19050.0,374.1,385.0,0.11550979212353712,0.1917808219178082
2023-06-23,2023-06-29,18707.30780416861,18700.0,82.6,75.3,0.08255753953867585,0.01643835616438356
2023-06-23,2023-07-27,18800.603643897106,18800.0,240.6,240.0,0.10561704402994498,0.09315068493150686
2023-06-23,2023-08-31,18899.3925819151,18900.0,358.3,358.9,0.11075047789112785,0.18904109589041096
2023-06-26,2023-06-29,18715.05804255912,18700.0,72.95,57.9,0.09633793707044119,0.00821917808219178
2023-06-26,2023-07-27,18805.83210772265,18800.0,232.55,226.75,0.10563051892121522,0.08493150684931507
2023-06-26,2023-08-31,18902.833103749166,18900.0,350.75,347.95,0.1102485234835025,0.18082191780821918
2023-06-27,2023-06-29,18808.853152616186,18800.0,44.0,35.15,0.07100678430303023,0.005479452054794521
2023-06-27,2023-07-27,18919.956331729107,18900.0,223.4,203.55,0.099167078922196,0.0821917808219178
2023-06-27,2023-08-31,19008.59896206588,19000.0,341.4,332.9,0.10660872683082084,0.1780821917808219
2023-06-28,2023-07-27,19066.032584984525,19050.0,221.45,205.5,0.10008544651172388,0.07945205479452055
2023-06-28,2023-08-31,19167.1442886376,19150.0,348.8,331.85,0.10754193175826399,0.17534246575342466
2023-06-30,2023-07-27,19256.481087692024,19250.0,203.8,197.35,0.09647001595388524,0.07397260273972603
2023-06-30,2023-08-31,19348.8382249488,19300.0,364.5,313.4,0.10769544151017287,0.16986301369863013
2023-07-03,2023-07-27,19401.60685299048,19400.0,201.75,200.15,0.10168697225269488,0.06575342465753424
2023-07-03,2023-08-31,19495.35141369563,19500.0,335.55,340.15,0.10917996805058534,0.16164383561643836
2023-07-04,2023-07-27,19458.23365517828,19450.0,206.05,197.85,0.10407321627734509,0.06301369863013699
2023-07-04,2023-08-31,19555.7591790699,19550.0,342.85,337.15,0.11048458094918563,0.1589041095890411
2023-07-05,2023-07-27,19467.669088674375,19450.0,210.0,192.4,0.10592177687300523,0.06027397260273973
2023-07-05,2023-08-31,19564.900485073907,19550.0,346.25,331.5,0.11102070546755065,0.15616438356164383
2023-07-06,2023-07-27,19533.940052359554,19550.0,186.2,202.2,0.10418574558497537,0.057534246575342465
2023-07-06,2023-08-31,19633.53663333385,19650.0,328.05,344.35,0.11062244659136192,0.15342465753424658
2023-07-07,2023-07-27,19399.598572802388,19400.0,182.15,182.55,0.10101518259702572,0.0547945205479452
2023-07-07,2023-08-31,19493.03208575743,19500.0,324.55,331.45,0.10970920919347782,0.1506849315068493
2023-07-10,2023-07-27,19407.322133486523,19400.0,169.35,162.05,0.09947335571982586,0.04657534246575343
2023-07-10,2023-08-31,19505.24837707142,19500.0,319.05,313.85,0.10876510574520323,0.14246575342465753
2023-07-11,2023-07-27,19499.899714662177,19500.0,151.35,151.45,0.09322085365855147,0.043835616438356165
2023-07-11,2023-08-31,19602.018247120057,19600.0,305.55,303.55,0.10514830216249613,0.13972602739726028
2023-07-12,2023-07-27,19460.97928910159,19450.0,153.1,142.15,0.09403400111144289,0.0410958904109589
2023-07-12,2023-08-31,19562.81358713748,19550.0,304.1,291.4,0.10402675171838016,0.136986301369863
2023-07-13,2023-07-27,19475.112531342296,19500.0,124.8,150.4,0.09036349592867178,0.038356164383561646
2023-07-13,2023-08-31,19569.771778519033,19550.0,302.75,283.15,0.10332998727023104,0.13424657534246576
2023-07-14,2023-07-27,19599.54895701235,19600.0,128.4,128.85,0.087367301463745,0.03561643835616438
2023-07-14,2023-08-31,19705.496785978485,19700.0,288.95,283.5,0.10127930567713761,0.13150684931506848
2023-07-17,2023-07-27,19722.990906275598,19700.0,141.4,118.45,0.0997484089828222,0.0273972602739726
2023-07-17,2023-08-31,19823.0842509785,19800.0,300.4,277.5,0.10491128819226272,0.1232876712328767
2023-07-18,2023-07-27,19769.030476471195,19750.0,140.2,121.2,0.10558044543211802,0.024657534246575342
2023-07-18,2023-08-31,19864.210916172582,19850.0,302.35,288.25,0.10819501247262597,0.12054794520547946
2023-07-19,2023-07-27,19847.446364534255,19850.0,113.95,116.5,0.09842629814357683,0.021917808219178082
2023-07-19,2023-08-31,19947.279245294016,19950.0,290.0,292.7,0.10748581797382897,0.1178082191780822
2023-07-20,2023-07-27,19969.82469758228,19950.0,125.35,105.55,0.10457988426690862,0.019178082191780823
2023-07-20,2023-08-31,20069.041891618137,20050.0,304.75,285.85,0.10956864785379036,0.11506849315068493
2023-07-20,2023-09-28,20174.43326968655,20150.0,417.55,386.8,0.11558458002253054,0.1917808219178082
2023-07-21,2023-07-27,19772.574107397548,19750.0,121.25,98.7,0.1085544191484692,0.01643835616438356
2023-07-21,2023-08-31,19898.438641460725,19900.0,283.95,285.5,0.10780218035276037,0.11232876712328767
2023-07-21,2023-09-28,20026.62515938803,20050.0,350.0,394.15,0.10834894446787188,0.18904109589041096
2023-07-24,2023-07-27,19692.646072238567,19700.0,85.4,92.75,0.12503894246102676,0.00821917808219178
2023-07-24,2023-08-31,19816.863733706046,19800.0,285.8,269.05,0.1095154954046822,0.10410958904109589
2023-07-24,2023-09-28,19967.099804771748,19950.0,409.0,392.1,0.11969664243832491,0.18082191780821918
2023-07-25,2023-07-27,19691.296900817986,19700.0,64.55,73.25,0.1183516778538839,0.005479452054794521
2023-07-25,2023-08-31,19821.99444590535,19800.0,274.7,252.85,0.10546479548909034,0.10136986301369863
2023-07-25,2023-09-28,19919.751886380018,19900.0,395.4,357.05,0.11353620721928495,0.1780821917808219
2023-07-26,2023-07-27,19773.50418530416,19750.0,67.2,43.7,0.13245298692122223,0.0027397260273972603
2023-07-26,2023-08-31,19893.659481215553,19900.0,258.5,264.8,0.1056345777799797,0.09863013698630137
2023-07-26,2023-09-28,20004.703300422705,20000.0,374.35,369.7,0.11262169443828544,0.17534246575342466
2023-07-27,2023-08-31,19811.068775756587,19800.0,264.6,253.6,0.10654854012877904,0.0958904109589041
2023-07-27,2023-09-28,19930.237342237546,19950.0,353.4,391.15,0.11389901245984417,0.1726027397260274
2023-07-28,2023-08-31,19748.641801231515,19750.0,241.5,242.85,0.10132575450891981,0.09315068493150686
2023-07-28,2023-09-28,19874.11578179228,19850.0,377.15,345.0,0.11176256558418671,0.16986301369863013
2023-07-31,2023-08-31,19843.413740416665,19850.0,223.9,230.45,0.09899459388712756,0.08493150684931507
2023-07-31,2023-09-28,19965.411074161228,19950.0,354.7,339.45,0.10956063604658112,0.16164383561643836
2023-08-01,2023-08-31,19812.16481682228,19800.0,222.95,210.85,0.09624166058438396,0.0821917808219178
2023-08-01,2023-09-28,19929.691315911405,19950.0,321.8,341.9,0.10571423051419884,0.1589041095890411
2023-08-02,2023-08-31,19595.074629064315,19600.0,222.15,227.05,0.1024441409075935,0.07945205479452055
2023-08-02,2023-09-28,19709.798963065554,19700.0,354.55,344.85,0.11372048257589897,0.15616438356164383
2023-08-03,2023-08-31,19468.341227254274,19450.0,219.75,201.5,0.0983925633130249,0.07671232876712329
2023-08-03,2023-09-28,19580.052055726595,19600.0,325.85,345.6,0.11074815769628066,0.15342465753424658
2023-08-04,2023-08-31,19574.56784404186,19550.0,206.2,181.75,0.09171284511737207,0.07397260273972603
2023-08-04,2023-09-28,19682.12578520384,19700.0,309.35,327.05,0.10535692081363726,0.1506849315068493
2023-08-07,2023-08-31,19657.88362248454,19650.0,190.75,182.9,0.09330857775276274,0.06575342465753424
2023-08-07,2023-09-28,19764.02931563322,19750.0,320.3,306.4,0.10629819595028298,0.14246575342465753
2023-08-08,2023-08-31,19609.38837511182,19600.0,190.1,180.75,0.09481604718421588,0.06301369863013699
2023-08-08,2023-09-28,19718.92106675052,19700.0,322.15,303.4,0.10736379274911127,0.13972602739726028
2023-08-09,2023-08-31,19688.655641930658,19700.0,168.5,179.8,0.09060918324124338,0.06027397260273973
2023-08-09,2023-09-28,19794.753491880718,19800.0,303.05,308.25,0.10550006331515915,0.136986301369863
2023-08-10,2023-08-31,19596.23594977177,19600.0,170.05,173.8,0.09201696410067456,0.057534246575342465
2023-08-10,2023-09-28,19710.28939494358,19700.0,306.75,296.55,0.10564264928265957,0.13424657534246576
2023-08-11,2023-08-31,19505.971229564453,19500.0,169.5,163.55,0.09175098497884213,0.0547945205479452
2023-08-11,2023-09-28,19624.60946383027,19600.0,311.15,286.75,0.1062171176984356,0.13150684931506848
2023-08-14,2023-08-31,19477.933296341984,19500.0,141.85,163.85,0.09122058202440701,0.04657534246575343
2023-08-14,2023-09-28,19586.2905758381,19600.0,280.4,294.0,0.10547220194683204,0.1232876712328767
2023-08-16,2023-08-31,19483.004662075622,19500.0,137.4,154.35,0.09268843011869393,0.0410958904109589
2023-08-16,2023-09-28,19594.659259280845,19600.0,275.6,280.9,0.10449049428397049,0.1178082191780822
2023-08-17,2023-08-31,19391.228157714766,19400.0,138.6,147.35,0.09455584972791103,0.038356164383561646
2023-08-17,2023-09-28,19504.483408343953,19500.0,274.65,270.2,0.10400057425407533,0.11506849315068493
2023-08-17,2023-10-26,19595.139789881006,19600.0,376.8,381.6,0.11215157428994812,0.1917808219178082
2023-08-18,2023-08-31,19331.0561945187,19350.0,122.4,141.3,0.09060988113199292,0.03561643835616438
2023-08-18,2023-09-28,19429.450506966954,19450.0,258.05,278.45,0.10391709189284938,0.11232876712328767
2023-08-18,2023-10-26,19525.359705044495,19550.0,350.4,400.55,0.11213833145567687,0.18904109589041096
2023-08-21,2023-08-31,19401.552762733212,19400.0,119.1,117.55,0.0925263616082079,0.0273972602739726
2023-08-21,2023-09-28,19501.208148086404,19500.0,255.45,254.25,0.10222073166387927,0.10410958904109589
2023-08-21,2023-10-26,19591.90541785953,19600.0,348.75,356.75,0.10737160301754253,0.18082191780821918
2023-08-22,2023-08-31,19387.379789287523,19400.0,105.25,117.85,0.09187186842087516,0.024657534246575342
2023-08-22,2023-09-28,19487.669017741853,19500.0,245.1,257.35,0.10211736893259679,0.10136986301369863
2023-08-22,2023-10-26,19570.941001736912,19550.0,357.0,336.3,0.10647116286374944,0.1780821917808219
2023-08-23,2023-08-31,19432.875620994422,19450.0,94.6,111.7,0.08976387598018751,0.021917808219178082
2023-08-23,2023-09-28,19539.48279027024,19550.0,238.5,248.95,0.10015989919090426,0.09863013698630137
2023-08-23,2023-10-26,19634.32233192432,19650.0,339.15,354.65,0.10692480392538224,0.17534246575342466
2023-08-24,2023-08-31,19397.04632030971,19400.0,97.75,100.7,0.09269442170755696,0.019178082191780823
2023-08-24,2023-09-28,19512.02471548102,19500.0,247.75,235.8,0.10094513355588039,0.0958904109589041
2023-08-24,2023-10-26,19606.77559173885,19600.0,339.7,333.0,0.10469340940844438,0.1726027397260274
2023-08-25,2023-08-31,19256.7572161833,19250.0,96.5,89.75,0.09462482927641425,0.01643835616438356
2023-08-25,2023-09-28,19362.67652183919,19350.0,256.5,243.9,0.10678792244875222,0.09315068493150686
2023-08-25,2023-10-26,19448.63501193045,19450.0,336.65,338.0,0.10666309717229298,0.16986301369863013
2023-08-28,2023-08-31,19321.511489370176,19300.0,83.55,62.05,0.10356164081082246,0.00821917808219178
2023-08-28,2023-09-28,19421.36763605281,19400.0,250.85,229.6,0.1069737964098195,0.08493150684931507
2023-08-28,2023-10-26,19507.27604812858,19500.0,337.4,330.2,0.1078355776074211,0.16164383561643836
2023-08-29,2023-08-31,19337.845671832016,19350.0,48.35,60.5,0.09492908208277138,0.005479452054794521
2023-08-29,2023-09-28,19438.438397235026,19450.0,223.3,234.8,0.10352960091213353,0.0821917808219178
2023-08-29,2023-10-26,19532.772981904945,19550.0,312.0,329.05,0.10419528345091564,0.1589041095890411
2023-08-30,2023-08-31,19344.09894922151,19350.0,36.8,42.7,0.0982366193546304,0.0027397260273972603
2023-08-30,2023-09-28,19445.175146838512,19450.0,218.95,223.75,0.10174021577045954,0.07945205479452055
2023-08-30,2023-10-26,19553.131627371466,19550.0,305.8,302.7,0.09971968274174925,0.15616438356164383
2023-08-31,2023-09-28,19422.71297183269,19400.0,234.65,212.05,0.10457164694018323,0.07671232876712329
2023-08-31,2023-10-26,19517.069380163066,19500.0,323.3,306.4,0.10429970372254635,0.15342465753424658
2023-09-01,2023-09-28,19511.706150637532,19500.0,211.85,200.2,0.09779122976764437,0.07397260273972603
2023-09-01,2023-10-26,19608.987599530272,19600.0,304.6,295.7,0.09983624339061928,0.1506849315068493
2023-09-04,2023-09-28,19608.68704897978,19600.0,189.75,181.1,0.09284059742861311,0.06575342465753424
2023-09-04,2023-10-26,19706.510006175125,19700.0,283.3,276.85,0.09527914110443053,0.14246575342465753
2023-09-05,2023-09-28,19653.76539108763,19650.0,178.3,174.55,0.09001209284213804,0.06301369863013699
2023-09-05,2023-10-26,19751.614597696043,19750.0,272.8,271.2,0.09319668042534571,0.13972602739726028
2023-09-06,2023-09-28,19661.996909639704,19650.0,178.5,166.55,0.0899345102680071,0.06027397260273973
2023-09-06,2023-10-26,19769.87619422113,19750.0,284.25,264.55,0.09485517042803686,0.136986301369863
2023-09-07,2023-09-28,19766.059947640446,19750.0,181.95,165.95,0.09228856402336025,0.057534246575342465
2023-09-07,2023-10-26,19871.335363044775,19850.0,284.45,263.3,0.09512667686415717,0.13424657534246576
2023-09-08,2023-09-28,19875.362405746666,19900.0,155.6,180.15,0.09056021775771679,0.0547945205479452
2023-09-08,2023-10-26,19980.685605231567,20000.0,258.7,277.85,0.09352607135478008,0.13150684931506848
2023-09-11,2023-09-28,20038.114070984204,20050.0,157.4,169.25,0.09488974789322259,0.04657534246575343
2023-09-11,2023-10-26,20146.421437075387,20150.0,267.85,271.4,0.09630499072473694,0.1232876712328767
2023-09-12,2023-09-28,20049.19771729742,20050.0,166.5,167.3,0.0999474217826144,0.043835616438356165
2023-09-12,2023-10-26,20155.49287185394,20150.0,281.05,275.6,0.10049391289189041,0.12054794520547946
2023-09-13,2023-09-28,20128.091555537012,20150.0,150.5,172.35,0.09923289999997176,0.0410958904109589
2023-09-13,2023-10-26,20236.446610816485,20250.0,270.55,284.0,0.10078575185594861,0.1178082191780822
2023-09-14,2023-09-28,20177.193210058394,20200.0,134.65,157.4,0.09262776402423142,0.038356164383561646
2023-09-14,2023-10-26,20277.63333365489,20300.0,256.45,278.65,0.09812738403938183,0.11506849315068493
2023-09-15,2023-09-28,20256.715528927234,20250.0,137.85,131.15,0.08839233763531248,0.03561643835616438
2023-09-15,2023-10-26,20359.46888404464,20350.0,265.6,256.2,0.09656019074269062,0.11232876712328767
2023-09-18,2023-09-28,20183.821214102358,20200.0,113.65,129.8,0.09132859909799593,0.0273972602739726
2023-09-18,2023-10-26,20291.341605380774,20300.0,246.55,255.15,0.09666542721086491,0.10410958904109589
2023-09-20,2023-09-28,19973.9340735809,19950.0,131.15,107.25,0.10092337716971804,0.021917808219178082
2023-09-20,2023-10-26,20096.32652483123,20100.0,248.9,252.55,0.10021234686141432,0.09863013698630137
2023-09-21,2023-09-28,19778.72349375639,19800.0,94.7,115.95,0.09614323992060804,0.019178082191780823
2023-09-21,2023-10-26,19900.4025009366,19900.0,239.25,238.85,0.09784914707469124,0.0958904109589041
2023-09-21,2023-11-30,20028.553734449084,20000.0,355.4,327.2,0.09878599261023789,0.1917808219178082
2023-09-22,2023-09-28,19709.460102656623,19700.0,96.2,86.75,0.09077994577539905,0.01643835616438356
2023-09-22,2023-10-26,19826.659102645306,19850.0,223.4,246.6,0.09780661450183073,0.09315068493150686
2023-09-22,2023-11-30,20011.378333435234,20000.0,314.75,359.9,0.0984098325589677,0.18904109589041096
2023-09-25,2023-09-28,19700.500267194657,19700.0,75.05,74.55,0.10503588850038745,0.00821917808219178
2023-09-25,2023-10-26,19825.56547971373,19850.0,216.75,241.05,0.09970825277687093,0.08493150684931507
2023-09-25,2023-11-30,19950.186409270926,20000.0,309.05,361.0,0.09987161978038113,0.18082191780821918
2023-09-26,2023-09-28,19673.958531656233,19650.0,75.05,51.1,0.10741045860656229,0.005479452054794521
2023-09-26,2023-10-26,19796.83312619916,19800.0,228.25,231.4,0.10204030532590647,0.0821917808219178
2023-09-26,2023-11-30,19937.70854245877,19950.0,337.85,350.0,0.10362222803813957,0.1780821917808219
2023-09-27,2023-09-28,19717.703152335474,19700.0,53.5,35.8,0.10713976853232954,0.0027397260273972603
2023-09-27,2023-10-26,19831.60524732183,19850.0,226.1,244.4,0.10593940705955797,0.07945205479452055
2023-09-27,2023-11-30,19942.16116596216,19950.0,331.8,339.55,0.10189951161498144,0.17534246575342466
2023-09-28,2023-10-26,19641.909760033046,19650.0,253.15,261.2,0.11905956726002952,0.07671232876712329
2023-09-28,2023-11-30,19768.05138993111,19750.0,381.1,363.25,0.11491638279171953,0.1726027397260274
2023-09-29,2023-10-26,19709.29458312422,19700.0,231.35,222.1,0.10654451076089981,0.07397260273972603
2023-09-29,2023-11-30,19858.543814213095,19850.0,337.45,329.0,0.1032118932802709,0.16986301369863013
2023-10-03,2023-10-26,19572.090294380752,19550.0,229.85,207.85,0.11209094189839883,0.06301369863013699
2023-10-03,2023-11-30,19697.12041046505,19700.0,339.75,342.6,0.11004827302035566,0.1589041095890411
2023-10-04,2023-10-26,19470.279294955817,19450.0,218.45,198.25,0.10966348267878942,0.06027397260273973
2023-10-04,2023-11-30,19555.556113078408,19550.0,354.7,349.2,0.11534771115229758,0.15616438356164383
2023-10-05,2023-10-26,19565.558074276683,19550.0,195.75,180.25,0.10077775475711148,0.057534246575342465
2023-10-05,2023-11-30,19687.829228936986,19700.0,308.65,320.7,0.10327198386865882,0.15342465753424658
2023-10-06,2023-10-26,19679.87846171978,19700.0,162.45,182.5,0.0940353286222165,0.0547945205479452
2023-10-06,2023-11-30,19794.79931038417,19800.0,294.8,299.95,0.09795369936673741,0.1506849315068493
2023-10-09,2023-10-26,19538.465132178764,19550.0,178.4,189.9,0.10973751305077134,0.04657534246575343
2023-10-09,2023-11-30,19653.431631162082,19650.0,312.05,308.65,0.10586012548477236,0.14246575342465753
2023-10-10,2023-10-26,19737.91561679239,19750.0,168.1,180.15,0.10584833652861358,0.043835616438356165
2023-10-10,2023-11-30,19861.705833296324,19850.0,310.4,298.8,0.1038040057030449,0.13972602739726028
2023-10-11,2023-10-26,19853.459228073105,19850.0,163.25,159.8,0.10087511391121604,0.0410958904109589
2023-10-11,2023-11-30,19974.365994438594,19950.0,307.95,283.8,0.10123102988845324,0.136986301369863
2023-10-12,2023-10-26,19846.741887151198,19850.0,149.15,152.4,0.09746532053174212,0.038356164383561646
2023-10-12,2023-11-30,19972.848509360007,19950.0,298.15,275.5,0.09912009866367759,0.13424657534246576
2023-10-13,2023-10-26,19745.94061311115,19750.0,141.1,145.15,0.0964809278761412,0.03561643835616438
2023-10-13,2023-11-30,19877.760709940267,19900.0,270.15,292.2,0.09851557684126333,0.13150684931506848
2023-10-16,2023-10-26,19744.740642355257,19750.0,132.7,137.95,0.10395176513597984,0.0273972602739726
2023-10-16,2023-11-30,19871.622584431825,19850.0,293.45,272.0,0.10240048806815993,0.1232876712328767
2023-10-17,2023-10-26,19812.52005031,19800.0,127.2,114.7,0.09755494509480037,0.024657534246575342
2023-10-17,2023-11-30,19939.921336047813,19950.0,264.4,274.4,0.09827676582995627,0.12054794520547946
2023-10-18,2023-10-26,19686.931394969426,19700.0,115.3,128.35,0.1047928569686134,0.021917808219178082
2023-10-18,2023-11-30,19820.657582026917,19800.0,283.25,262.75,0.101373789582585,0.1178082191780822
2023-10-19,2023-10-26,19622.678252537306,19600.0,118.7,96.05,0.09887419694710549,0.019178082191780823
2023-10-19,2023-11-30,19753.224023977673,19750.0,271.5,268.3,0.10173655846766964,0.11506849315068493
2023-10-19,2023-12-28,19877.642445051773,19900.0,343.15,378.15,0.1050719516862263,0.1917808219178082
2023-10-20,2023-10-26,19529.628244543674,19550.0,85.3,105.65,0.09528379635377701,0.01643835616438356
2023-10-20,2023-11-30,19659.31778483116,19650.0,270.05,260.8,0.1017350888452999,0.11232876712328767
2023-10-20,2023-12-28,19762.907634304083,19750.0,367.75,355.0,0.10675626576015612,0.18904109589041096
2023-10-23,2023-10-26,19269.260286994227,19250.0,96.85,77.6,0.1247990022105208,0.00821917808219178
2023-10-23,2023-11-30,19384.042377358754,19400.0,268.3,284.15,0.11138660302737596,0.10410958904109589
2023-10-23,2023-12-28,19491.80423558277,19500.0,363.25,371.35,0.11237532369902284,0.18082191780821918
2023-10-25,2023-10-26,19126.345787981132,19150.0,48.15,71.8,0.1482244490836891,0.0027397260273972603
2023-10-25,2023-11-30,19222.99696098804,19200.0,288.8,265.95,0.1159217057068451,0.09863013698630137
2023-10-25,2023-12-28,19323.668221481996,19300.0,383.9,360.5,0.11666902482591004,0.17534246575342466
2023-10-26,2023-11-30,18972.2884893644,18950.0,289.65,267.5,0.1196170488919206,0.0958904109589041
2023-10-26,2023-12-28,19074.32134049542,19050.0,389.8,365.75,0.1208941202785066,0.1726027397260274
2023-10-27,2023-11-30,19136.216797682788,19150.0,237.7,251.4,0.10553389520811261,0.09315068493150686
2023-10-27,2023-12-28,19242.265067605895,19250.0,345.1,352.75,0.11149254363859008,0.16986301369863013
2023-10-30,2023-11-30,19222.524002239195,19200.0,248.85,226.45,0.1069166338916509,0.08493150684931507
2023-10-30,2023-12-28,19330.496148766448,19350.0,332.2,351.5,0.11134560591439532,0.16164383561643836
2023-10-31,2023-11-30,19159.500621402523,19150.0,241.95,232.5,0.10885357152171052,0.0821917808219178
2023-10-31,2023-12-28,19269.500378254226,19250.0,357.7,338.4,0.11479704338923113,0.1589041095890411
2023-11-01,2023-11-30,19062.263168452115,19050.0,239.9,227.7,0.10965114280236947,0.07945205479452055
2023-11-01,2023-12-28,19172.780063621467,19150.0,358.3,335.75,0.11602008090773513,0.15616438356164383
2023-11-02,2023-11-30,19241.407260656215,19250.0,203.55,212.1,0.09820684502387611,0.07671232876712329
2023-11-02,2023-12-28,19345.252894274177,19350.0,316.35,321.05,0.10647599834021897,0.15342465753424658
2023-11-03,2023-11-30,19306.88301561091,19300.0,201.55,194.7,0.09504252845749966,0.07397260273972603
2023-11-03,2023-12-28,19412.623033048138,19400.0,319.65,307.15,0.10530281413300668,0.1506849315068493
2023-11-06,2023-11-30,19488.199673351166,19500.0,178.05,189.8,0.09259629036248662,0.06575342465753424
2023-11-06,2023-12-28,19596.820694658658,19600.0,293.8,296.95,0.10102565060462804,0.14246575342465753
2023-11-07,2023-11-30,19477.05621697272,19500.0,168.0,190.85,0.09219416904291239,0.06301369863013699
2023-11-07,2023-12-28,19587.890517279666,19600.0,286.55,298.55,0.10102794178908936,0.13972602739726028
2023-11-08,2023-11-30,19492.219577430318,19500.0,172.55,180.3,0.09274304597295142,0.06027397260273973
2023-11-08,2023-12-28,19604.43935302401,19600.0,287.45,283.05,0.09943861521963221,0.136986301369863
2023-11-09,2023-11-30,19487.553540578654,19500.0,163.55,175.95,0.09130379440015723,0.057534246575342465
2023-11-09,2023-12-28,19596.16669600141,19600.0,276.7,280.5,0.09810981665354661,0.13424657534246576
2023-11-10,2023-11-30,19480.731494514705,19500.0,152.25,171.45,0.08914186565604931,0.0547945205479452
2023-11-10,2023-12-28,19587.947414230664,19600.0,268.85,280.8,0.0977730578654728,0.13150684931506848
2023-11-13,2023-11-30,19503.009095953366,19500.0,152.35,149.35,0.09011499426680306,0.04657534246575343
2023-11-13,2023-12-28,19607.106723554516,19600.0,272.65,265.6,0.0987933531161873,0.1232876712328767
2023-11-15,2023-11-30,19729.94650392404,19750.0,132.15,152.15,0.0891397711040135,0.0410958904109589
2023-11-15,2023-12-28,19840.628511568277,19850.0,252.75,262.05,0.09544487979372729,0.1178082191780822
2023-11-16,2023-11-30,19833.408686877643,19850.0,128.85,145.4,0.08857150576141642,0.038356164383561646
2023-11-16,2023-12-28,19939.01816832605,19950.0,249.15,260.05,0.09502776413443931,0.11506849315068493
2023-11-16,2024-01-25,20046.183298369902,20000.0,381.55,313.35,0.10043853074159556,0.1917808219178082
2023-11-17,2023-11-30,19811.62688590387,19800.0,146.15,134.55,0.09428863142938021,0.03561643835616438
2023-11-17,2023-12-28,19918.333371235363,19900.0,271.3,253.1,0.09918555263466697,0.11232876712328767
2023-11-17,2024-01-25,20037.862393958643,20000.0,369.45,332.05,0.10217567405826648,0.18904109589041096
2023-11-20,2023-11-30,19752.053653937473,19750.0,130.05,128.0,0.09910375303138497,0.0273972602739726
2023-11-20,2023-12-28,19871.64598654806,19850.0,273.55,252.05,0.10344281632571958,0.10410958904109589
2023-11-20,2024-01-25,19984.063791410947,20000.0,339.55,355.3,0.10364231502533865,0.18082191780821918
2023-11-21,2023-11-30,19847.946711749162,19850.0,115.0,117.05,0.09345828544983353,0.024657534246575342
2023-11-21,2023-12-28,19958.153547452326,19950.0,263.65,255.55,0.10309936616511234,0.10136986301369863
2023-11-21,2024-01-25,20085.634675137,20100.0,346.75,360.95,0.10581947335546307,0.1780821917808219
2023-11-22,2023-11-30,19887.382036522205,19900.0,94.05,106.65,0.08542190304920119,0.021917808219178082
2023-11-22,2023-12-28,20005.032157765436,20000.0,250.2,245.2,0.09947508566395259,0.09863013698630137
2023-11-22,2024-01-25,20108.951442739984,20100.0,344.8,335.95,0.10251113267666981,0.17534246575342466
2023-11-23,2023-11-30,19871.626942817034,19850.0,102.3,80.7,0.08312235096176655,0.019178082191780823
2023-11-23,2023-12-28,19991.396542480106,20000.0,229.9,238.45,0.0953856227977132,0.0958904109589041
2023-11-23,2024-01-25,20094.43794708005,20100.0,326.95,332.45,0.10010209757246655,0.1726027397260274
2023-11-24,2023-11-30,19827.6761598685,19850.0,66.7,89.0,0.076297129686005,0.01643835616438356
2023-11-24,2023-12-28,19942.75627323475,19950.0,225.95,233.15,0.09508696010087818,0.09315068493150686
2023-11-24,2024-01-25,20059.45479882306,20100.0,304.8,344.9,0.09937192278606985,0.16986301369863013
2023-11-28,2023-11-30,19936.445173113072,19950.0,51.75,65.3,0.0989828488032098,0.005479452054794521
2023-11-28,2023-12-28,20066.387315223397,20050.0,238.25,221.95,0.10080042147711493,0.0821917808219178
2023-11-28,2024-01-25,20174.487847102635,20200.0,314.5,339.75,0.10291277185744321,0.1589041095890411
2023-11-29,2023-11-30,20131.646731900793,20150.0,33.75,52.1,0.10057860241376833,0.0027397260273972603
2023-11-29,2023-12-28,20256.985985306736,20250.0,241.0,234.05,0.10482764672709143,0.07945205479452055
2023-11-29,2024-01-25,20367.168422718507,20400.0,316.7,349.2,0.10459409667350852,0.15616438356164383
2023-11-30,2023-12-28,20271.00447395147,20250.0,252.05,231.15,0.10839946132055896,0.07671232876712329
2023-11-30,2024-01-25,20395.80840664635,20400.0,335.55,339.7,0.10699143650531664,0.15342465753424658
2023-12-01,2023-12-28,20374.316639092554,20350.0,242.75,218.55,0.10481083168829765,0.07397260273972603
2023-12-01,2024-01-25,20494.395373326628,20500.0,330.1,335.65,0.10590498099463232,0.1506849315068493
2023-12-04,2023-12-28,20797.13779311071,20800.0,224.35,227.2,0.10657057614845314,0.06575342465753424
2023-12-04,2024-01-25,20909.63884635232,20900.0,348.1,338.55,0.1100829069465607,0.14246575342465753
2023-12-05,2023-12-28,20943.121885613265,20950.0,226.2,233.05,0.10991089182553326,0.06301369863013699
2023-12-05,2024-01-25,21060.8985344483,21050.0,353.15,342.35,0.1117626008142924,0.13972602739726028
2023-12-06,2023-12-28,21042.821932726034,21050.0,226.6,233.75,0.11209518851334492,0.06027397260273973
2023-12-06,2024-01-25,21162.662245557116,21150.0,369.45,356.9,0.11729697159040336,0.136986301369863
2023-12-07,2023-12-28,21034.94379908708,21050.0,201.4,216.4,0.10409396608687344,0.057534246575342465
2023-12-07,2024-01-25,21153.63155115656,21150.0,353.3,349.7,0.11469223154506927,0.13424657534246576
2023-12-08,2023-12-28,21080.330067317092,21100.0,187.95,207.55,0.1006873480295285,0.0547945205479452
2023-12-08,2024-01-25,21207.866959749022,21200.0,345.45,337.65,0.1122995230231072,0.13150684931506848
2023-12-11,2023-12-28,21086.609523007523,21100.0,184.85,198.2,0.10574235252846495,0.04657534246575343
2023-12-11,2024-01-25,21200.252011473563,21200.0,333.4,333.15,0.11313663184115547,0.1232876712328767
2023-12-12,2023-12-28,21024.52752419309,21000.0,201.25,175.75,0.10756691227307252,0.043835616438356165
2023-12-12,2024-01-25,21153.42674574374,21150.0,328.85,325.45,0.11254812618494489,0.12054794520547946
2023-12-13,2023-12-28,21032.703859634483,21050.0,157.45,174.7,0.09777218151400424,0.0410958904109589
2023-12-13,2024-01-25,21157.85995803951,21150.0,315.4,307.6,0.10836726878564387,0.1178082191780822
2023-12-14,2023-12-28,21336.46630047421,21350.0,160.7,174.2,0.10061490170774931,0.038356164383561646
2023-12-14,2024-01-25,21464.356981775578,21450.0,333.4,319.15,0.11319622774577938,0.11506849315068493
2023-12-15,2023-12-28,21559.221323303067,21550.0,184.3,175.1,0.1109673817352135,0.03561643835616438
2023-12-15,2024-01-25,21689.97708550594,21700.0,331.6,341.55,0.11687870417001947,0.11232876712328767
2023-12-18,2023-12-28,21481.366847201476,21500.0,155.65,174.25,0.11632647501493287,0.0273972602739726
2023-12-18,2024-01-25,21608.809413130024,21600.0,351.05,342.3,0.12550799249076267,0.10410958904109589
2023-12-19,2023-12-28,21530.669042321362,21550.0,141.15,160.45,0.11178887825742537,0.024657534246575342
2023-12-19,2024-01-25,21666.105772745337,21650.0,357.3,341.3,0.12780084289932464,0.10136986301369863
2023-12-20,2023-12-28,21228.71970445213,21250.0,137.8,159.05,0.11829635685648847,0.021917808219178082
2023-12-20,2024-01-25,21370.732489993596,21350.0,359.65,339.05,0.1313505888885,0.09863013698630137
2023-12-21,2023-12-28,21351.70212049949,21350.0,139.9,138.2,0.11802776906590835,0.019178082191780823
2023-12-21,2024-01-25,21498.842809807265,21500.0,328.4,329.55,0.12464415206803481,0.0958904109589041
2023-12-21,2024-02-29,21637.91976436589,21650.0,435.0,485.85,0.12329717662202629,0.1917808219178082
2023-12-22,2023-12-28,21408.75935431169,21400.0,125.75,117.0,0.11093672328441997,0.01643835616438356
2023-12-22,2024-01-25,21564.23593524004,21550.0,337.25,323.1,0.12654456099909409,0.09315068493150686
2023-12-22,2024-02-29,21706.934689802587,21700.0,478.35,471.5,0.12772997271960712,0.18904109589041096
2023-12-26,2023-12-28,21473.758460410667,21450.0,102.85,79.1,0.142810408449554,0.005479452054794521
2023-12-26,2024-01-25,21646.330447818073,21650.0,334.2,337.85,0.1364489048459095,0.0821917808219178
2023-12-26,2024-02-29,21789.580081261345,21800.0,470.95,481.25,0.13127790968881942,0.1780821917808219
2023-12-27,2023-12-28,21682.696918903745,21700.0,52.35,69.65,0.1338301998850204,0.0027397260273972603
2023-12-27,2024-01-25,21861.861097355322,21850.0,356.7,344.9,0.1434699715411254,0.07945205479452055
2023-12-27,2024-02-29,21999.190830034804,22000.0,499.7,500.5,0.13765701259064528,0.17534246575342466
2023-12-28,2024-01-25,21945.829255172317,21950.0,339.55,343.7,0.1415800249524079,0.07671232876712329
2023-12-28,2024-02-29,22076.791070088573,22100.0,488.45,511.4,0.13809118305303925,0.1726027397260274
2023-12-29,2024-01-25,21887.08806560581,21900.0,311.85,324.7,0.13461611451505245,0.07397260273972603
2023-12-29,2024-02-29,22039.88897726261,22050.0,473.45,483.45,0.1334758903777028,0.16986301369863013
2024-01-01,2024-01-25,21900.60256987143,21900.0,309.85,309.25,0.1387683451907126,0.06575342465753424
2024-01-01,2024-02-29,22033.729947934706,22050.0,462.85,478.95,0.13460661159484624,0.16164383561643836
2024-01-02,2024-01-25,21755.8740100967,21750.0,299.55,293.7,0.13672533526042263,0.06301369863013699
2024-01-02,2024-02-29,21892.017979885575,21900.0,481.25,489.15,0.1408029561107269,0.1589041095890411
2024-01-03,2024-01-25,21598.24313038749,21600.0,277.6,279.35,0.13215826170848663,0.06027397260273973
2024-01-03,2024-02-29,21741.96889109576,21750.0,457.4,465.35,0.1359641121490106,0.15616438356164383
2024-01-04,2024-01-25,21780.32656414045,21800.0,245.05,264.65,0.12262701350549329,0.057534246575342465
2024-01-04,2024-02-29,21930.203559100824,21950.0,426.55,446.15,0.128542250144949,0.15342465753424658
2024-01-05,2024-01-25,21796.788582419118,21800.0,233.45,236.65,0.11588062601352855,0.0547945205479452
2024-01-05,2024-02-29,21924.892621170926,21900.0,430.2,405.55,0.12433292161373365,0.1506849315068493
2024-01-08,2024-01-25,21583.199214260374,21600.0,230.25,247.0,0.1287067787163754,0.04657534246575343
2024-01-08,2024-02-29,21719.93373983857,21700.0,430.45,410.7,0.12983982861294915,0.14246575342465753
2024-01-09,2024-01-25,21613.989804626235,21600.0,233.6,219.65,0.12589510607442922,0.043835616438356165
2024-01-09,2024-02-29,21761.100359160308,21750.0,411.1,400.1,0.12616483753285074,0.13972602739726028
2024-01-10,2024-01-25,21708.272067131336,21700.0,217.45,209.2,0.12184548425802114,0.0410958904109589
2024-01-10,2024-02-29,21851.614310190547,21850.0,397.8,396.2,0.12415923982026911,0.136986301369863
2024-01-11,2024-01-25,21678.646829637088,21700.0,194.1,215.4,0.12102323904464007,0.038356164383561646
2024-01-11,2024-02-29,21822.898947570513,21800.0,404.55,381.85,0.1243882552930989,0.13424657534246576
2024-01-12,2024-01-25,21949.89976822497,21950.0,200.1,200.2,0.12139524119731654,0.03561643835616438
2024-01-12,2024-02-29,22094.099780188233,22100.0,398.4,404.25,0.1266253907959404,0.13150684931506848
2024-01-15,2024-01-25,22136.976828689203,22150.0,189.0,202.0,0.13389566089695645,0.0273972602739726
2024-01-15,2024-02-29,22283.468047334176,22300.0,396.55,412.95,0.13065762845755294,0.1232876712328767
2024-01-16,2024-01-25,22028.565673869285,22050.0,170.15,191.55,0.1310555128766655,0.024657534246575342
2024-01-16,2024-02-29,22174.652160160254,22150.0,410.75,384.7,0.13055304375454568,0.12054794520547946
2024-01-17,2024-01-25,21591.988594617273,21600.0,203.3,211.3,0.16274034130424342,0.021917808219178082
2024-01-17,2024-02-29,21747.329629640422,21750.0,419.5,422.15,0.1424093688816028,0.1178082191780822
2024-01-18,2024-01-25,21533.67966815196,21550.0,156.95,173.25,0.13879138298293345,0.019178082191780823
2024-01-18,2024-02-29,21693.602327419303,21700.0,382.45,388.8,0.13232946704946086,0.11506849315068493
2024-01-18,2024-03-28,21834.07209802169,21850.0,487.9,552.4,0.1380293763770129,0.1917808219178082
2024-01-19,2024-01-25,21674.175817900257,21650.0,157.95,133.8,0.13151053638781965,0.01643835616438356
2024-01-19,2024-02-29,21818.333371235363,21800.0,394.5,376.3,0.13312112662274872,0.11232876712328767
2024-01-19,2024-03-28,21969.173532191424,22000.0,482.55,513.0,0.1321275779566809,0.18904109589041096
2024-01-23,2024-01-25,21190.49661583573,21200.0,113.15,122.65,0.18833469439433842,0.005479452054794521
2024-01-23,2024-02-29,21358.70718339045,21350.0,396.7,388.05,0.1456243800373002,0.10136986301369863
2024-01-23,2024-03-28,21505.66519853752,21500.0,508.6,503.0,0.1413676732212036,0.1780821917808219
2024-01-24,2024-01-25,21476.89588593506,21500.0,65.35,88.45,0.17017184298776677,0.0027397260273972603
2024-01-24,2024-02-29,21635.758993523817,21650.0,363.5,377.65,0.13753518670440862,0.09863013698630137
2024-01-24,2024-03-28,21756.068774738975,21750.0,486.7,480.7,0.1346494538841137,0.17534246575342466
2024-01-25,2024-02-29,21499.044060275566,21500.0,352.45,353.4,0.13371916085344945,0.0958904109589041
2024-01-25,2024-03-28,21575.787699901586,21600.0,485.35,453.2,0.13262363432056015,0.1726027397260274
2024-01-29,2024-02-29,21866.94327847011,21850.0,390.15,373.3,0.15102595809139333,0.08493150684931507
2024-01-29,2024-03-28,21990.95546795128,22000.0,502.3,511.25,0.14517976364254676,0.16164383561643836
2024-01-30,2024-02-29,21635.9250053296,21650.0,373.5,387.5,0.1545334997142645,0.0821917808219178
2024-01-30,2024-03-28,21780.600659975073,21800.0,496.45,515.65,0.147554066325138,0.1589041095890411
2024-01-31,2024-02-29,21807.589091951922,21800.0,377.7,370.15,0.15330360193264245,0.07945205479452055
2024-01-31,2024-03-28,21948.58571667095,21950.0,502.6,504.0,0.14695165374170616,0.15616438356164383
2024-02-01,2024-02-29,21753.41699576244,21750.0,327.85,324.45,0.13638573537167406,0.07671232876712329
2024-02-01,2024-03-28,21892.727838037037,21900.0,463.25,470.45,0.13782350104233393,0.15342465753424658
2024-02-02,2024-02-29,21953.617351269968,21950.0,325.7,322.1,0.13664823739498677,0.07397260273972603
2024-02-02,2024-03-28,22089.346160107372,22100.0,471.0,481.55,0.1405775165297231,0.1506849315068493
2024-02-05,2024-02-29,21803.26392013691,21800.0,325.25,322.0,0.14573429162835183,0.06575342465753424
2024-02-05,2024-03-28,21943.89371513806,21950.0,470.55,476.6,0.14465029957602354,0.14246575342465753
2024-02-06,2024-02-29,21976.754985685708,22000.0,306.35,329.5,0.14491835799314084,0.06301369863013699
2024-02-06,2024-03-28,22118.416504970508,22100.0,481.35,463.1,0.14453486623735928,0.13972602739726028
2024-02-07,2024-02-29,21995.381942732834,22000.0,299.25,303.85,0.14051485505579164,0.06027397260273973
2024-02-07,2024-03-28,22137.135965669066,22150.0,456.05,468.8,0.14270404721689123,0.136986301369863
2024-02-08,2024-02-29,21813.450206148875,21800.0,312.65,299.25,0.14715232177618925,0.057534246575342465
2024-02-08,2024-03-28,21964.173137152673,21950.0,475.15,461.1,0.14714197677416724,0.13424657534246576
2024-02-09,2024-02-29,21841.268958451976,21850.0,281.0,289.7,0.1403682218584082,0.0547945205479452
2024-02-09,2024-03-28,21993.29291252167,22000.0,444.2,450.85,0.1418499383411813,0.13150684931506848
2024-02-12,2024-02-29,21695.135294875392,21700.0,279.75,284.6,0.15151070159587177,0.04657534246575343
2024-02-12,2024-03-28,21847.37908067493,21850.0,451.15,453.75,0.14904040819675934,0.1232876712328767
2024-02-13,2024-02-29,21825.78109091587,21850.0,247.9,272.05,0.14284085741000707,0.043835616438356165
2024-02-13,2024-03-28,21963.55580301569,21950.0,445.5,432.05,0.14541188971165855,0.12054794520547946
2024-02-14,2024-02-29,21918.399082649696,21900.0,258.05,239.7,0.14077721648490593,0.0410958904109589
2024-02-14,2024-03-28,22062.243396176927,22050.0,427.9,415.75,0.1407487334225554,0.1178082191780822
2024-02-15,2024-02-29,22007.769346024063,22000.0,235.3,227.55,0.1349397505240929,0.038356164383561646
2024-02-15,2024-03-28,22154.181156096045,22150.0,421.45,417.3,0.1409567305825556,0.11506849315068493
2024-02-15,2024-04-25,22264.96598539226,22300.0,535.0,569.6,0.14363113731704308,0.1917808219178082
2024-02-16,2024-02-29,22102.55591026335,22100.0,229.6,227.05,0.13753526629328172,0.03561643835616438
2024-02-16,2024-03-28,22261.533906628843,22250.0,420.3,408.85,0.14034262765291722,0.11232876712328767
2024-02-16,2024-04-25,22387.29483839088,22400.0,531.4,543.95,0.1401495363640357,0.18904109589041096
2024-02-19,2024-02-29,22173.24135187773,22150.0,229.35,206.15,0.14893084943225046,0.0273972602739726
2024-02-19,2024-03-28,22318.776634842852,22300.0,424.15,405.5,0.1454222095550861,0.10410958904109589
2024-02-19,2024-04-25,22463.523789229497,22500.0,527.2,563.25,0.14462109033064685,0.18082191780821918
2024-02-20,2024-02-29,22217.227589226557,22200.0,213.8,196.6,0.14765012787469492,0.024657534246575342
2024-02-20,2024-03-28,22362.9349487361,22350.0,418.2,405.35,0.1459685563697687,0.10136986301369863
2024-02-20,2024-04-25,22508.70012632548,22500.0,550.0,541.4,0.14573173336060435,0.1780821917808219
2024-02-21,2024-02-29,22073.533503311763,22050.0,199.9,176.4,0.14442497698995216,0.021917808219178082
2024-02-21,2024-03-28,22226.19789376949,22250.0,384.9,408.55,0.14327654013642555,0.09863013698630137
2024-02-21,2024-04-25,22421.443004077704,22400.0,524.4,503.2,0.13881510634725708,0.17534246575342466
2024-02-22,2024-02-29,22248.798503176833,22250.0,162.7,163.9,0.133015085119783,0.019178082191780823
2024-02-22,2024-03-28,22383.04464804559,22400.0,372.1,388.95,0.13841218028192537,0.0958904109589041
2024-02-22,2024-04-25,22520.933544625994,22500.0,532.3,511.6,0.14147871261132333,0.1726027397260274
2024-02-23,2024-02-29,22233.33220008119,22250.0,139.5,156.15,0.12994852910973587,0.01643835616438356
2024-02-23,2024-03-28,22385.864672076143,22400.0,359.55,373.6,0.13525658739484525,0.09315068493150686
2024-02-23,2024-04-25,22525.12589150242,22500.0,523.65,498.8,0.13963717329992512,0.16986301369863013
2024-02-26,2024-02-29,22142.996259274827,22150.0,128.9,135.9,0.16534768437779562,0.00821917808219178
2024-02-26,2024-03-28,22303.569652140588,22300.0,368.6,365.05,0.14226571125127552,0.08493150684931507
2024-02-26,2024-04-25,22448.91607876393,22400.0,544.35,486.05,0.14467162106944226,0.16164383561643836
2024-02-27,2024-02-29,22201.25044528477,22200.0,108.35,107.1,0.16437106604878737,0.005479452054794521
2024-02-27,2024-03-28,22354.121962724905,22350.0,364.9,360.8,0.1427024318543588,0.0821917808219178
2024-02-27,2024-04-25,22498.83806036309,22500.0,509.4,510.55,0.14402740931292732,0.1589041095890411
2024-02-28,2024-02-29,21917.953196859988,21900.0,96.15,78.2,0.1899387054452023,0.0027397260273972603
2024-02-28,2024-03-28,22067.2387982749,22050.0,379.8,362.65,0.15041733641137606,0.07945205479452055
2024-02-28,2024-04-25,22212.07191841581,22200.0,526.05,514.1,0.1500885912001524,0.15616438356164383
2024-02-29,2024-03-28,22163.064983797565,22150.0,355.4,342.4,0.14321963101948848,0.07671232876712329
2024-02-29,2024-04-25,22309.797218200103,22300.0,504.7,495.0,0.14486320606844674,0.15342465753424658
2024-03-01,2024-03-28,22443.97108121672,22450.0,332.0,338.0,0.1382114220548665,0.07397260273972603
2024-03-01,2024-04-25,22559.694489380967,22550.0,519.6,510.0,0.14885237795348305,0.1506849315068493
2024-03-04,2024-03-28,22500.853640651192,22500.0,311.95,311.1,0.13592858101932562,0.06575342465753424
2024-03-04,2024-04-25,22637.030452813895,22650.0,473.75,486.6,0.14214756516402183,0.14246575342465753
2024-03-05,2024-03-28,22435.440487794505,22450.0,285.15,299.65,0.1306133596157038,0.06301369863013699
2024-03-05,2024-04-25,22584.610865709576,22600.0,446.8,462.05,0.1361147602640435,0.13972602739726028
2024-03-06,2024-03-28,22598.795289408565,22600.0,282.5,283.7,0.1284064610522869,0.06027397260273973
2024-03-06,2024-04-25,22751.109838256,22750.0,451.85,450.75,0.13556171566970754,0.136986301369863
2024-03-07,2024-03-28,22552.559554155196,22550.0,258.9,256.35,0.11983377443321028,0.057534246575342465
2024-03-07,2024-04-25,22688.19745874119,22700.0,423.6,435.3,0.13060008148877267,0.13424657534246576
2024-03-11,2024-03-28,22423.97246442848,22400.0,267.35,243.45,0.13267197267783187,0.04657534246575343
2024-03-11,2024-04-25,22573.689078515054,22550.0,444.9,421.4,0.1381385766198375,0.1232876712328767
2024-03-12,2024-03-28,22445.286589122345,22450.0,235.6,240.3,0.1272706141712338,0.043835616438356165
2024-03-12,2024-04-25,22604.585792098245,22600.0,413.25,408.7,0.13231523728235786,0.12054794520547946
2024-03-13,2024-03-28,22103.108291891775,22100.0,250.5,247.4,0.13965268847597156,0.0410958904109589
2024-03-13,2024-04-25,22268.239133399376,22250.0,424.3,406.2,0.13727894784803923,0.1178082191780822
2024-03-14,2024-03-28,22266.79181237459,22250.0,226.6,209.85,0.12573987032710982,0.038356164383561646
2024-03-14,2024-04-25,22420.452402108367,22400.0,405.3,385.0,0.13125638052928693,0.11506849315068493
2024-03-15,2024-03-28,22136.11789915788,22150.0,203.75,217.6,0.1266211962255485,0.03561643835616438
2024-03-15,2024-04-25,22301.510992134783,22300.0,393.5,392.0,0.1326927779402901,0.11232876712328767
2024-03-18,2024-03-28,22129.96435182954,22150.0,186.25,206.25,0.13436674858344488,0.0273972602739726
2024-03-18,2024-04-25,22294.966049639985,22300.0,379.35,384.35,0.1339517307285198,0.10410958904109589
2024-03-19,2024-03-28,21888.88219532472,21900.0,180.4,191.5,0.1357558426105191,0.024657534246575342
2024-03-19,2024-04-25,22063.891228992852,22050.0,382.1,368.3,0.1348034915303254,0.10136986301369863
2024-03-20,2024-03-28,21912.868319896006,21900.0,170.45,157.6,0.12689444153728438,0.021917808219178082
2024-03-20,2024-04-25,22081.481659423196,22100.0,347.5,365.9,0.12968813520345834,0.09863013698630137
2024-03-21,2024-03-28,22104.856049660306,22100.0,132.95,128.1,0.1070135315326877,0.019178082191780823
2024-03-21,2024-04-25,22275.860685176754,22300.0,312.5,338.95,0.1189947076102978,0.0958904109589041
2024-03-21,2024-05-30,22427.439936296814,22400.0,483.35,456.25,0.1214608838168608,0.1917808219178082
2024-03-22,2024-03-28,22167.518708623375,22150.0,126.25,108.75,0.10359815037692727,0.01643835616438356
2024-03-22,2024-04-25,22337.172567186535,22350.0,306.85,319.6,0.11582314676694218,0.09315068493150686
2024-03-22,2024-05-30,22490.382546989113,22500.0,456.2,465.7,0.11960426798782009,0.18904109589041096
2024-03-26,2024-03-28,22089.946419910433,22100.0,88.45,98.5,0.1431792534731544,0.005479452054794521
2024-03-26,2024-04-25,22265.93490468042,22250.0,317.95,302.1,0.12241625916284811,0.0821917808219178
2024-03-26,2024-05-30,22424.330004433465,22400.0,461.3,437.25,0.12044338766295176,0.1780821917808219
2024-03-27,2024-03-28,22165.002671470742,22150.0,67.55,52.55,0.12916235560140082,0.0027397260273972603
2024-03-27,2024-04-25,22341.908319177088,22350.0,301.0,309.05,0.1220152464651306,0.07945205479452055
2024-03-27,2024-05-30,22495.54956519142,22500.0,447.1,451.5,0.12093056558019963,0.17534246575342466
2024-03-28,2024-04-25,22491.960009970728,22500.0,302.15,310.15,0.12377983375421642,0.07671232876712329
2024-03-28,2024-05-30,22633.97908692915,22600.0,464.1,430.5,0.1206293597248323,0.1726027397260274
2024-04-01,2024-04-25,22604.92098728334,22600.0,265.55,260.65,0.1142761473819497,0.06575342465753424
2024-04-01,2024-05-30,22745.85669481567,22750.0,412.9,417.0,0.11493772693055845,0.16164383561643836
2024-04-02,2024-04-25,22574.500144676833,22550.0,263.15,238.75,0.11144054081000723,0.06301369863013699
2024-04-02,2024-05-30,22720.965432579025,22700.0,406.7,385.95,0.11085972529482623,0.1589041095890411
2024-04-03,2024-04-25,22543.22350292318,22550.0,237.2,243.95,0.10936580561616757,0.06027397260273973
2024-04-03,2024-05-30,22694.64592739717,22700.0,376.75,382.05,0.10711633055681068,0.15616438356164383
2024-04-04,2024-04-25,22614.855451567415,22600.0,240.95,226.15,0.10833105444310116,0.057534246575342465
2024-04-04,2024-05-30,22764.140314927983,22750.0,388.85,374.85,0.10845162131157098,0.15342465753424658
2024-04-05,2024-04-25,22598.193577610753,22600.0,226.55,228.35,0.10816144126590897,0.0547945205479452
2024-04-05,2024-05-30,22731.873324542878,22750.0,367.0,384.95,0.10779838444638215,0.1506849315068493
2024-04-08,2024-04-25,22750.20060639689,22750.0,216.9,216.7,0.11102301287982458,0.04657534246575343
2024-04-08,2024-05-30,22886.424870844116,22900.0,371.15,384.6,0.11063322520964483,0.14246575342465753
2024-04-09,2024-04-25,22737.263762096543,22750.0,195.75,208.45,0.10665784785806337,0.043835616438356165
2024-04-09,2024-05-30,22876.43696487335,22900.0,353.35,376.7,0.10789324188908767,0.13972602739726028
2024-04-10,2024-04-25,22811.9318301652,22800.0,193.9,182.0,0.10214423596654569,0.0410958904109589
2024-04-10,2024-05-30,22949.848658419636,22950.0,361.35,361.5,0.10761777379373802,0.136986301369863
2024-04-12,2024-04-25,22603.95915511382,22600.0,189.25,185.3,0.11030517975534465,0.03561643835616438
2024-04-12,2024-05-30,22753.328329124586,22750.0,361.45,358.15,0.11025596375367289,0.13150684931506848
2024-04-15,2024-04-25,22360.01782408523,22350.0,190.45,180.45,0.12582562421796045,0.0273972602739726
2024-04-15,2024-05-30,22516.98557331824,22500.0,377.6,360.75,0.11801993533321084,0.1232876712328767
2024-04-16,2024-04-25,22200.40064160992,22200.0,171.75,171.35,0.12355252494029056,0.024657534246575342
2024-04-16,2024-05-30,22359.12119087673,22350.0,373.8,364.75,0.12020084433473366,0.12054794520547946
2024-04-18,2024-04-25,22064.267774775126,22050.0,169.4,155.15,0.13325107351233328,0.019178082191780823
2024-04-18,2024-05-30,22210.629204051394,22200.0,377.05,366.5,0.12464870684827682,0.11506849315068493
2024-04-18,2024-06-27,22332.280483941173,22350.0,556.3,573.8,0.14659668318629862,0.1917808219178082
2024-04-19,2024-04-25,22130.12877907577,22150.0,148.85,168.7,0.14018218641917293,0.01643835616438356
2024-04-19,2024-05-30,22280.155636629854,22300.0,360.25,379.95,0.12507103965960037,0.11232876712328767
2024-04-19,2024-06-27,22388.30720186571,22400.0,563.4,574.95,0.14836126263345412,0.18904109589041096
2024-04-22,2024-04-25,22356.303366652657,22350.0,118.0,111.7,0.14210160247052334,0.00821917808219178
2024-04-22,2024-05-30,22497.533364323594,22500.0,339.0,341.45,0.11828115858839341,0.10410958904109589
2024-04-22,2024-06-27,22606.8803948194,22600.0,534.8,528.0,0.14024085384069399,0.18082191780821918
2024-04-23,2024-04-25,22372.20790825755,22350.0,101.1,78.9,0.1356783924957229,0.005479452054794521
2024-04-23,2024-05-30,22487.76967882151,22500.0,325.85,338.0,0.11693684417764295,0.10136986301369863
2024-04-23,2024-06-27,22598.988357404014,22600.0,526.7,527.7,0.1401995731569808,0.1780821917808219
2024-04-24,2024-04-25,22412.00213717659,22400.0,66.0,54.0,0.12785364685314396,0.0027397260273972603
2024-04-24,2024-05-30,22517.36094429075,22500.0,330.75,313.5,0.11493921202422591,0.09863013698630137
2024-04-24,2024-06-27,22670.886699726634,22650.0,541.1,520.45,0.14182400032785233,0.17534246575342466
2024-04-25,2024-05-30,22649.54718644632,22650.0,324.5,324.95,0.11678436596948572,0.0958904109589041
2024-04-25,2024-06-27,22766.12204130576,22800.0,511.7,545.2,0.14149921007047317,0.1726027397260274
2024-04-26,2024-05-30,22561.821359651625,22550.0,325.75,314.0,0.11717175091996967,0.09315068493150686
2024-04-26,2024-06-27,22678.362411341983,22700.0,515.3,536.7,0.1425633251388963,0.16986301369863013
2024-04-29,2024-05-30,22752.765223489187,22750.0,313.25,310.5,0.11856179075554389,0.08493150684931507
2024-04-29,2024-06-27,22846.86725705575,22850.0,540.05,543.15,0.14936875811152506,0.16164383561643836
2024-04-30,2024-05-30,22719.10177848126,22700.0,323.8,304.8,0.12162628852711482,0.0821917808219178
2024-04-30,2024-06-27,22823.831098612205,22800.0,578.6,552.3,0.15748955741561116,0.1589041095890411
2024-05-02,2024-05-30,22777.236778229628,22800.0,279.95,302.6,0.11620310862228965,0.07671232876712329
2024-05-02,2024-06-27,22880.355062475053,22900.0,578.85,598.3,0.166213014552307,0.15342465753424658
2024-05-03,2024-05-30,22578.245651390338,22600.0,294.9,316.55,0.12529158122438125,0.07397260273972603
2024-05-03,2024-06-27,22690.356002751225,22700.0,613.7,623.25,0.17773590948023577,0.1506849315068493
2024-05-06,2024-05-30,22552.81199273334,22550.0,310.45,307.65,0.13454288470771425,0.06575342465753424
2024-05-06,2024-06-27,22663.272338170995,22650.0,627.35,614.2,0.18368201906970555,0.14246575342465753
2024-05-07,2024-05-30,22385.089051292995,22400.0,295.8,310.65,0.1357534727356486,0.06301369863013699
2024-05-07,2024-06-27,22497.07354167592,22500.0,613.05,615.95,0.1848625175186548,0.13972602739726028
2024-05-08,2024-05-30,22392.72154017675,22400.0,286.95,294.2,0.13298574113212944,0.06027397260273973
2024-05-08,2024-06-27,22514.074766973845,22500.0,610.65,596.7,0.1833023651763886,0.136986301369863
2024-05-09,2024-05-30,22077.465885966998,22100.0,284.1,306.55,0.14018480066693506,0.057534246575342465
2024-05-09,2024-06-27,22192.63602126587,22200.0,606.4,613.7,0.1897120706874949,0.13424657534246576
2024-05-10,2024-05-30,22137.053972877067,22150.0,265.55,278.45,0.13198659048984313,0.0547945205479452
2024-05-10,2024-06-27,22266.64164562293,22250.0,622.4,605.9,0.1923859158761323,0.13150684931506848
2024-05-13,2024-05-30,22196.840449248964,22200.0,261.95,265.1,0.13830491861198985,0.04657534246575343
2024-05-13,2024-06-27,22318.951262812043,22300.0,653.9,635.1,0.20792707049999162,0.1232876712328767
2024-05-14,2024-05-30,22311.833669863052,22300.0,252.75,240.95,0.1328501008060872,0.043835616438356165
2024-05-14,2024-06-27,22427.675759345908,22450.0,603.05,625.2,0.19916407413876777,0.12054794520547946
2024-05-15,2024-05-30,22287.416431212332,22300.0,229.9,242.45,0.13131600676811844,0.0410958904109589
2024-05-15,2024-06-27,22399.84884696078,22400.0,603.9,604.05,0.1984650931662222,0.1178082191780822
2024-05-16,2024-05-30,22459.022466350525,22450.0,226.65,217.65,0.1269264913691487,0.038356164383561646
2024-05-16,2024-06-27,22569.24339311674,22550.0,595.75,576.65,0.19347073153805233,0.11506849315068493
2024-05-16,2024-07-25,22703.797039155463,22700.0,675.3,671.55,0.17196091696662205,0.1917808219178082
2024-05-17,2024-05-30,22499.0979140247,22500.0,202.75,203.65,0.12023437286921576,0.03561643835616438
2024-05-17,2024-06-27,22610.677677752465,22600.0,566.35,555.75,0.18700993636023913,0.11232876712328767
2024-05-17,2024-07-25,22748.98763652517,22750.0,639.0,640.0,0.164100205298505,0.18904109589041096
2024-05-21,2024-05-30,22608.563714412037,22600.0,188.65,180.1,0.1303934412700749,0.024657534246575342
2024-05-21,2024-06-27,22714.948170329266,22700.0,580.15,565.3,0.19990537951229265,0.10136986301369863
2024-05-21,2024-07-25,22833.535952056936,22800.0,697.1,663.95,0.17923314078712277,0.1780821917808219
2024-05-22,2024-05-30,22653.504989854944,22650.0,167.1,163.6,0.12376649047795005,0.021917808219178082
2024-05-22,2024-06-27,22766.807406936554,22750.0,561.35,544.65,0.19520421774493096,0.09863013698630137
2024-05-22,2024-07-25,22876.837509746252,22900.0,641.65,664.55,0.1727874926846819,0.17534246575342466
2024-05-23,2024-05-30,23000.600748411583,23000.0,164.9,164.3,0.12969714876759453,0.019178082191780823
2024-05-23,2024-06-27,23097.534681763307,23100.0,543.45,545.9,0.19209728049823993,0.0958904109589041
2024-05-23,2024-07-25,23211.22523407481,23200.0,654.95,643.85,0.17078069014025232,0.1726027397260274
2024-05-24,2024-05-30,23017.96918970226,23000.0,163.1,145.15,0.13095922569454163,0.01643835616438356
2024-05-24,2024-06-27,23127.614872149054,23150.0,525.35,547.6,0.19157437769668895,0.09315068493150686
2024-05-24,2024-07-25,23229.72640684793,23200.0,659.45,630.05,0.17079638451040552,0.16986301369863013
2024-05-27,2024-05-30,22982.24051458974,23000.0,125.2,142.95,0.16109885697274434,0.00821917808219178
2024-05-27,2024-06-27,23102.21217879135,23100.0,552.7,550.5,0.20654256092120932,0.08493150684931507
2024-05-27,2024-07-25,23214.80473681718,23200.0,665.0,650.35,0.17858063733790058,0.16164383561643836
2024-05-28,2024-05-30,22935.7449237536,22950.0,103.2,117.45,0.1626774039184959,0.005479452054794521
2024-05-28,2024-06-27,23048.49196485674,23050.0,564.6,566.1,0.21563811609716654,0.0821917808219178
2024-05-28,2024-07-25,23160.19093765718,23200.0,647.45,686.85,0.182848760361692,0.1589041095890411
2024-05-29,2024-05-30,22743.048762218557,22750.0,81.25,88.2,0.1783113952321772,0.0027397260273972603
2024-05-29,2024-06-27,22866.535173855515,22850.0,576.65,560.2,0.22230652470381873,0.07945205479452055
2024-05-29,2024-07-25,23061.51630710797,23050.0,691.4,680.0,0.19061417261410163,0.15616438356164383
2024-05-30,2024-06-27,22643.5177580389,22650.0,556.05,562.5,0.22465064976916294,0.07671232876712329
2024-05-30,2024-07-25,22775.203947751288,22800.0,652.75,677.3,0.18865333380878183,0.15342465753424658
2024-05-31,2024-06-27,22709.39506510394,22700.0,573.05,563.7,0.23185930013655498,0.07397260273972603
2024-05-31,2024-07-25,22868.22765972151,22850.0,693.05,675.0,0.19516463242828355,0.1506849315068493
2024-06-03,2024-06-27,23415.968101592887,23400.0,486.45,470.55,0.20068486150112438,0.06575342465753424
2024-06-03,2024-07-25,23555.136469072186,23550.0,565.0,628.4,0.1698426367464179,0.14246575342465753
2024-06-04,2024-06-27,21912.501098410925,21900.0,602.35,589.9,0.27289174655544,0.06301369863013699
2024-06-04,2024-07-25,22115.742327536434,22100.0,672.95,657.35,0.2036358037886496,0.13972602739726028
2024-06-05,2024-06-27,22633.68621074099,22650.0,384.6,400.85,0.17777823491611933,0.06027397260273973
2024-06-05,2024-07-25,22780.62827771342,22800.0,511.15,530.35,0.1561387884438853,0.136986301369863
2024-06-06,2024-06-27,22911.643462039323,22900.0,346.8,335.2,0.15615099715068623,0.057534246575342465
2024-06-06,2024-07-25,23045.611875685827,23050.0,487.9,492.25,0.14676096067356525,0.13424657534246576
2024-06-07,2024-06-27,23329.978818519186,23350.0,324.75,344.7,0.15408360060602724,0.0547945205479452
2024-06-07,2024-07-25,23461.19528887361,23450.0,504.2,493.1,0.14822196094073156,0.13150684931506848
2024-06-10,2024-06-27,23247.99393603109,23250.0,311.75,313.75,0.1567252869886566,0.04657534246575343
2024-06-10,2024-07-25,23394.70775905515,23400.0,487.65,492.9,0.15081001776995429,0.1232876712328767
2024-06-11,2024-06-27,23312.9368085791,23300.0,266.35,253.45,0.13386674008951796,0.043835616438356165
2024-06-11,2024-07-25,23443.49926175084,23450.0,442.5,448.95,0.13833492638065115,0.12054794520547946
2024-06-12,2024-06-27,23357.720595989245,23350.0,247.4,239.7,0.12928798910358758,0.0410958904109589
2024-06-12,2024-07-25,23482.617400489544,23500.0,426.15,443.4,0.13619785369398546,0.1178082191780822
2024-06-13,2024-06-27,23399.448627056358,23400.0,206.85,207.4,0.11357574659052612,0.038356164383561646
2024-06-13,2024-07-25,23528.2378381507,23550.0,398.6,420.2,0.12946618345647787,0.11506849315068493
2024-06-14,2024-06-27,23470.19670266922,23450.0,198.25,178.1,0.10668731959604028,0.03561643835616438
2024-06-14,2024-07-25,23597.683145393334,23600.0,388.9,391.2,0.12453037684400303,0.11232876712328767
2024-06-18,2024-06-27,23571.534486533197,23550.0,175.2,153.7,0.11144726037926772,0.024657534246575342
2024-06-18,2024-07-25,23690.386866892626,23700.0,364.4,373.95,0.12347355794323542,0.10136986301369863
2024-06-19,2024-06-27,23505.60798376791,23500.0,166.25,160.65,0.11790718832670971,0.021917808219178082
2024-06-19,2024-07-25,23629.821047360605,23650.0,376.85,396.9,0.13144140996882087,0.09863013698630137
2024-06-20,2024-06-27,23586.13272416593,23600.0,132.95,146.8,0.1073616716469813,0.019178082191780823
2024-06-20,2024-07-25,23703.672821046504,23700.0,373.25,369.6,0.12765073620663028,0.0958904109589041
2024-06-20,2024-08-29,23817.263871360174,23800.0,539.75,522.7,0.12932058697932652,0.1917808219178082
2024-06-21,2024-06-27,23492.642142378183,23500.0,126.4,133.75,0.10832079960945676,0.01643835616438356
2024-06-21,2024-07-25,23616.24808156372,23600.0,368.85,352.7,0.12625804164940074,0.09315068493150686
2024-06-21,2024-08-29,23767.76697898327,23750.0,529.75,512.2,0.12798408585860654,0.18904109589041096
2024-06-24,2024-06-27,23541.895671446586,23550.0,113.3,121.4,0.13782016398117858,0.00821917808219178
2024-06-24,2024-07-25,23674.78645782126,23650.0,377.15,352.5,0.13330562606805,0.08493150684931507
2024-06-24,2024-08-29,23764.68738541219,23750.0,572.8,507.3,0.13559400312530356,0.18082191780821918
2024-06-25,2024-06-27,23732.293694767628,23750.0,89.25,106.95,0.13960993675359412,0.005479452054794521
2024-06-25,2024-07-25,23841.203128331,23850.0,361.45,370.2,0.1348553945212321,0.0821917808219178
2024-06-25,2024-08-29,23946.560415173648,23950.0,531.15,534.55,0.13371916037298967,0.1780821917808219
2024-06-26,2024-06-27,23868.353268099207,23850.0,85.8,67.45,0.15312135026088097,0.0027397260273972603
2024-06-26,2024-07-25,23979.09230296689,24000.0,339.8,360.6,0.13045984865181742,0.07945205479452055
2024-06-26,2024-08-29,24052.98381424666,24050.0,514.95,512.0,0.12927820312187693,0.17534246575342466
2024-06-27,2024-07-25,24101.607998005853,24100.0,349.25,347.65,0.13150888362910967,0.07671232876712329
2024-06-27,2024-08-29,24201.314667053808,24200.0,518.35,517.05,0.1305396746703203,0.1726027397260274
2024-06-28,2024-07-25,24132.36541255891,24150.0,325.7,343.25,0.12828463918167465,0.07397260273972603
2024-06-28,2024-08-29,24291.556303450678,24300.0,471.75,530.3,0.1268248569178687,0.16986301369863013
2024-07-01,2024-07-25,24205.02141559525,24200.0,324.0,319.0,0.1304125371728285,0.06575342465753424
2024-07-01,2024-08-29,24321.62603193772,24300.0,508.75,487.35,0.12907193692774926,0.16164383561643836
2024-07-02,2024-07-25,24206.024625740203,24200.0,313.35,307.35,0.12856996722689634,0.06301369863013699
2024-07-02,2024-08-29,24319.803492942116,24300.0,494.8,475.2,0.12675246068537988,0.1589041095890411
2024-07-03,2024-07-25,24355.17021628824,24350.0,294.45,289.3,0.12285251184697794,0.06027397260273973
2024-07-03,2024-08-29,24472.325472551416,24450.0,488.5,466.4,0.1250628409369469,0.15616438356164383
2024-07-04,2024-07-25,24362.747583439606,24350.0,279.1,266.4,0.11744713130359093,0.057534246575342465
2024-07-04,2024-08-29,24474.496932004888,24450.0,474.85,446.95,0.12176688702402853,0.15342465753424658
2024-07-05,2024-07-25,24387.806648872585,24400.0,253.85,266.0,0.1144912767474252,0.0547945205479452
2024-07-05,2024-08-29,24498.283267505452,24500.0,452.4,454.1,0.12065209847944017,0.1506849315068493
2024-07-08,2024-07-25,24376.32958959195,24400.0,259.4,285.95,0.1301811586144998,0.04657534246575343
2024-07-08,2024-08-29,24497.325346300142,24500.0,460.3,462.95,0.12631162396942924,0.14246575342465753
2024-07-09,2024-07-25,24485.00734199554,24500.0,276.05,291.0,0.1389604484251893,0.043835616438356165
2024-07-09,2024-08-29,24611.20127151631,24600.0,486.85,475.75,0.13237422888453598,0.13972602739726028
2024-07-10,2024-07-25,24355.86564760222,24350.0,281.15,275.3,0.14164307978555482,0.0410958904109589
2024-07-10,2024-08-29,24484.210028448695,24500.0,475.0,490.65,0.1347071620742084,0.136986301369863
2024-07-11,2024-07-25,24381.604193607538,24400.0,250.25,268.6,0.13642086147405091,0.038356164383561646
2024-07-11,2024-08-29,24511.701664837794,24500.0,473.25,461.65,0.1316479787190889,0.13424657534246576
2024-07-12,2024-07-25,24520.246818556734,24500.0,256.15,235.95,0.1335753767064185,0.03561643835616438
2024-07-12,2024-08-29,24648.083689291903,24650.0,456.9,458.8,0.1295062020685705,0.13150684931506848
2024-07-15,2024-07-25,24620.586628495144,24600.0,250.35,229.8,0.14790994116072276,0.0273972602739726
2024-07-15,2024-08-29,24741.482012193523,24750.0,446.95,455.4,0.13121432917477668,0.1232876712328767
2024-07-16,2024-07-25,24642.58813021648,24650.0,230.05,237.45,0.15163057716026418,0.024657534246575342
2024-07-16,2024-08-29,24761.136923667164,24750.0,456.85,445.8,0.1326621881192211,0.12054794520547946
2024-07-18,2024-07-25,24806.157671218738,24800.0,226.95,220.8,0.1635731200080182,0.019178082191780823
2024-07-18,2024-08-29,24929.59797326628,24950.0,436.25,456.5,0.13323942836978708,0.11506849315068493
2024-07-18,2024-09-26,24905.436771669763,24900.0,665.55,518.0,0.13774530973881055,0.1917808219178082
2024-07-19,2024-07-25,24527.075518429985,24550.0,222.15,245.05,0.18617733953466412,0.01643835616438356
2024-07-19,2024-08-29,24663.64929561754,24650.0,455.4,441.85,0.13707819517177688,0.11232876712328767
2024-07-19,2024-09-26,24808.200144146125,24800.0,585.55,577.45,0.13684593092210584,0.18904109589041096
2024-07-22,2024-07-25,24504.80256506869,24500.0,218.9,214.1,0.24442684962692318,0.00821917808219178
2024-07-22,2024-08-29,24626.994846854734,24650.0,431.6,454.45,0.140618620056528,0.10410958904109589
2024-07-22,2024-09-26,24779.292269120833,24800.0,554.45,585.15,0.13710014352258054,0.18082191780821918
2024-07-23,2024-07-25,24465.20541466283,24450.0,123.45,108.25,0.16023771242594537,0.005479452054794521
2024-07-23,2024-08-29,24588.172323140145,24600.0,378.25,390.0,0.12377551665893015,0.10136986301369863
2024-07-23,2024-09-26,24713.808921435208,24700.0,529.6,515.95,0.1271545244054249,0.1780821917808219
2024-07-24,2024-07-25,24385.047337434164,24400.0,71.8,86.75,0.1552246450497098,0.0027397260273972603
2024-07-24,2024-08-29,24502.76768677099,24500.0,359.85,357.1,0.11753311386290896,0.09863013698630137
2024-07-24,2024-09-26,24632.771383590454,24650.0,487.5,542.65,0.1265653110433422,0.17534246575342466
2024-07-25,2024-08-29,24455.936888814897,24450.0,371.55,365.65,0.12278641037442872,0.0958904109589041
2024-07-25,2024-09-26,24579.521532431092,24600.0,490.35,510.6,0.12418187209082862,0.1726027397260274
2024-07-26,2024-08-29,24913.93411329149,24900.0,365.35,351.5,0.11889843838009317,0.09315068493150686
2024-07-26,2024-09-26,25023.862013660244,25000.0,517.05,493.45,0.12421291233289211,0.16986301369863013
2024-07-29,2024-08-29,24907.340411444024,24900.0,354.0,346.7,0.12167450336194699,0.08493150684931507
2024-07-29,2024-09-26,25026.021977682074,25050.0,475.25,517.9,0.12494683104915316,0.16164383561643836
2024-07-30,2024-08-29,24931.451167737934,24950.0,325.8,344.25,0.11805380051617838,0.0821917808219178
2024-07-30,2024-09-26,25057.577867197237,25050.0,500.0,492.5,0.12585569005778624,0.1589041095890411
2024-07-31,2024-08-29,25007.036244193834,25000.0,342.6,335.6,0.12123089392302801,0.07945205479452055
2024-07-31,2024-09-26,25130.760662406814,25150.0,469.5,501.0,0.12367759684238436,0.15616438356164383
2024-08-01,2024-08-29,25030.90502368048,25050.0,309.8,328.8,0.11595136911917847,0.07671232876712329
2024-08-01,2024-09-26,25152.424053987655,25150.0,476.5,474.1,0.12215826246690795,0.15342465753424658
2024-08-05,2024-08-29,24096.635651551183,24100.0,454.3,457.65,0.18577206589062073,0.06575342465753424
2024-08-05,2024-09-26,24224.61602243342,24200.0,607.5,576.8,0.1639315718399054,0.14246575342465753
2024-08-06,2024-08-29,24052.510260725085,24050.0,415.2,412.7,0.17258145041834494,0.06301369863013699
2024-08-06,2024-09-26,24203.6328448161,24200.0,561.25,557.65,0.15644777307584123,0.13972602739726028
2024-08-07,2024-08-29,24363.753779252213,24350.0,348.85,335.15,0.14391237714117192,0.06027397260273973
2024-08-07,2024-09-26,24499.091950517817,24500.0,510.0,510.9,0.1423848188849966,0.136986301369863
2024-08-08,2024-08-29,24147.64119519031,24150.0,341.2,343.55,0.14872308371140364,0.057534246575342465
2024-08-08,2024-09-26,24267.618668854033,24250.0,533.05,493.1,0.14596581010497683,0.13424657534246576
2024-08-09,2024-08-29,24403.211417580882,24400.0,301.5,298.3,0.13208077091283843,0.0547945205479452
2024-08-09,2024-09-26,24538.300418834788,24550.0,476.25,487.85,0.13692942080319712,0.13150684931506848
2024-08-12,2024-08-29,24359.98016824533,24350.0,291.4,281.45,0.1370010090413013,0.04657534246575343
2024-08-12,2024-09-26,24494.405345286872,24500.0,466.7,472.25,0.13792531793161525,0.1232876712328767
2024-08-13,2024-08-29,24161.231957836117,24150.0,296.9,285.7,0.14477771627209726,0.043835616438356165
2024-08-13,2024-09-26,24299.59685344191,24300.0,481.1,481.5,0.14413567171783642,0.12054794520547946
2024-08-14,2024-08-29,24179.49530026233,24200.0,245.45,265.9,0.1309782853455665,0.0410958904109589
2024-08-14,2024-09-26,24314.1580013404,24300.0,465.05,451.0,0.13867323804000864,0.1178082191780822
2024-08-16,2024-08-29,24588.172650546065,24600.0,204.85,216.65,0.11405307900794576,0.03561643835616438
2024-08-16,2024-09-26,24714.656623707393,24700.0,419.5,404.95,0.12569354614755135,0.11232876712328767
2024-08-19,2024-08-29,24596.844385413155,24600.0,188.1,191.25,0.11697952721555063,0.0273972602739726
2024-08-19,2024-09-26,24726.340433307934,24750.0,381.3,404.8,0.12424223042170403,0.10410958904109589
2024-08-20,2024-08-29,24712.920691919917,24700.0,176.9,164.0,0.11025670509199012,0.024657534246575342
2024-08-20,2024-09-26,24851.862229973678,24850.0,374.85,373.0,0.11925158672542094,0.10136986301369863
2024-08-21,2024-08-29,24799.599429730864,24800.0,152.8,153.2,0.10460620699315748,0.021917808219178082
2024-08-21,2024-09-26,24927.25464690023,24950.0,349.0,371.6,0.11602433603360032,0.09863013698630137
2024-08-22,2024-08-29,24843.34170510494,24850.0,132.85,139.5,0.09930677772154113,0.019178082191780823
2024-08-22,2024-09-26,24972.74130291808,24950.0,356.7,334.1,0.11267749273507605,0.0958904109589041
2024-08-22,2024-10-31,25099.594982490085,25100.0,502.95,503.35,0.1161917362730619,0.1917808219178082
2024-08-23,2024-08-29,24855.205559133803,24850.0,132.3,127.1,0.10212696408070754,0.01643835616438356
2024-08-23,2024-09-26,24968.411138861677,24950.0,371.6,353.3,0.1199720204498366,0.09315068493150686
2024-08-23,2024-10-31,25097.114764096736,25100.0,520.4,523.25,0.12135949723886508,0.18904109589041096
2024-08-26,2024-08-29,25044.997328053447,25050.0,98.65,103.65,0.11169318422450206,0.00821917808219178
2024-08-26,2024-09-26,25169.457118005736,25150.0,354.5,335.15,0.11851098171498205,0.08493150684931507
2024-08-26,2024-10-31,25296.81275828219,25300.0,510.0,513.15,0.12062332625070946,0.18082191780821918
2024-08-27,2024-08-29,25018.556608026018,25000.0,89.55,71.0,0.10826807056726996,0.005479452054794521
2024-08-27,2024-09-26,25132.908935043084,25150.0,325.6,342.6,0.1167919253922753,0.0821917808219178
2024-08-27,2024-10-31,25265.806480255673,25300.0,480.4,514.2,0.1181635808190695,0.1780821917808219
2024-08-28,2024-08-29,25045.29916293917,25050.0,57.1,61.8,0.1136274045832538,0.0027397260273972603
2024-08-28,2024-09-26,25161.459026258533,25150.0,340.85,329.45,0.11908661358975292,0.07945205479452055
2024-08-28,2024-10-31,25294.4875296121,25300.0,495.8,501.25,0.11933035502114711,0.17534246575342466
2024-08-29,2024-09-26,25262.41173460769,25250.0,332.75,320.4,0.1176000416515276,0.07671232876712329
2024-08-29,2024-10-31,25378.872111066285,25400.0,490.85,522.15,0.12171732715537273,0.1726027397260274
2024-08-30,2024-09-26,25381.109387812394,25400.0,301.4,320.2,0.11332929692483658,0.07397260273972603
2024-08-30,2024-10-31,25502.3255352296,25500.0,494.0,491.7,0.11885927081369327,0.16986301369863013
2024-09-02,2024-09-26,25339.555455561884,25350.0,309.55,319.95,0.12191134267778828,0.06575342465753424
2024-09-02,2024-10-31,25458.185554144653,25450.0,524.5,516.4,0.12883533736840688,0.16164383561643836
2024-09-03,2024-09-26,25348.443638350447,25350.0,301.3,302.85,0.11948593688969475,0.06301369863013699
2024-09-03,2024-10-31,25484.743227376228,25500.0,497.3,512.4,0.1258272869363478,0.1589041095890411
2024-09-04,2024-09-26,25246.084690577838,25250.0,309.55,313.45,0.12646457163379343,0.06027397260273973
2024-09-04,2024-10-31,25385.099514926093,25400.0,509.6,524.35,0.1304639515422114,0.15616438356164383
2024-09-05,2024-09-26,25237.101854551267,25250.0,292.7,305.55,0.12428119657838707,0.057534246575342465
2024-09-05,2024-10-31,25380.355062475053,25400.0,498.3,517.75,0.1293268011371997,0.15342465753424658
2024-09-06,2024-09-26,24905.82069436535,24900.0,332.0,326.2,0.14202186633236075,0.0547945205479452
2024-09-06,2024-10-31,25053.93838631102,25050.0,522.35,518.45,0.13547284168272533,0.1506849315068493
2024-09-09,2024-09-26,24978.384660734988,25000.0,277.55,299.1,0.13436273344838534,0.04657534246575343
2024-09-09,2024-10-31,25112.061174231436,25100.0,495.35,483.4,0.130660259359968,0.14246575342465753
2024-09-10,2024-09-26,25084.004488617313,25100.0,249.55,265.5,0.12319052877392905,0.043835616438356165
2024-09-10,2024-10-31,25218.063311724498,25200.0,473.4,455.5,0.12467127536163983,0.13972602739726028
2024-09-11,2024-09-26,24938.619640976893,24950.0,251.8,263.15,0.12795563738299737,0.0410958904109589
2024-09-11,2024-10-31,25072.14631792659,25050.0,474.75,452.8,0.12644109873923792,0.136986301369863
2024-09-12,2024-09-26,25353.408487287976,25350.0,238.6,235.2,0.11989908558965746,0.038356164383561646
2024-09-12,2024-10-31,25482.296188111784,25500.0,436.2,453.75,0.1204635630681189,0.13424657534246576
2024-09-13,2024-09-26,25372.00087461982,25350.0,225.0,203.05,0.112256750623118,0.03561643835616438
2024-09-13,2024-10-31,25503.378758353745,25500.0,425.6,422.25,0.11589853910002154,0.13150684931506848
2024-09-16,2024-09-26,25443.438325224175,25450.0,189.65,196.2,0.11500936307040721,0.0273972602739726
2024-09-16,2024-10-31,25571.723389021252,25550.0,424.0,402.45,0.11632088713051467,0.1232876712328767
2024-09-17,2024-09-26,25450.7512030186,25450.0,189.65,188.9,0.11890934797729781,0.024657534246575342
2024-09-17,2024-10-31,25577.12143282854,25600.0,399.55,422.25,0.1168227870963553,0.12054794520547946
2024-09-18,2024-09-26,25395.393441904933,25400.0,203.15,207.75,0.13715512570575772,0.021917808219178082
2024-09-18,2024-10-31,25521.31257853021,25500.0,431.6,410.45,0.12143901818509256,0.1178082191780822
2024-09-19,2024-09-26,25489.937464105962,25500.0,151.1,161.15,0.11094499182829254,0.019178082191780823
2024-09-19,2024-10-31,25617.93363337581,25600.0,406.3,388.5,0.11551922553429478,0.11506849315068493
2024-09-19,2024-11-28,25728.90812477026,25700.0,553.85,525.3,0.12159906543722475,0.1917808219178082
2024-09-20,2024-09-26,25757.05753690256,25750.0,141.75,134.7,0.1050238634506794,0.01643835616438356
2024-09-20,2024-10-31,25890.027451910435,25900.0,400.85,410.75,0.1180644247129039,0.11232876712328767
2024-09-20,2024-11-28,25990.93934690027,26000.0,542.25,551.2,0.12276140398659013,0.18904109589041096
2024-09-23,2024-09-26,25915.65836319271,25900.0,130.35,114.7,0.1306589555713692,0.00821917808219178
2024-09-23,2024-10-31,26043.45586453198,26050.0,420.95,427.45,0.12738651200056106,0.10410958904109589
2024-09-23,2024-11-28,26144.064881527196,26100.0,603.1,559.55,0.13269193462221013,0.18082191780821918
2024-09-24,2024-09-26,25942.74741734832,25950.0,92.5,99.75,0.12544130768877032,0.005479452054794521
2024-09-24,2024-10-31,26072.972500111733,26050.0,423.8,395.25,0.12450862229256872,0.10136986301369863
2024-09-24,2024-11-28,26190.237648948736,26200.0,559.5,569.15,0.129467160754968,0.1780821917808219
2024-09-25,2024-09-26,25996.89944789605,26000.0,65.8,68.9,0.12405988730985415,0.0027397260273972603
2024-09-25,2024-10-31,26127.053360589613,26150.0,371.9,394.7,0.11776860246001009,0.09863013698630137
2024-09-25,2024-11-28,26240.104486400047,26200.0,573.15,533.5,0.1277371401022164,0.17534246575342466
2024-09-26,2024-10-31,26298.893122424342,26300.0,354.6,355.7,0.11000061730989921,0.0958904109589041
2024-09-26,2024-11-28,26397.218973540024,26400.0,523.55,526.3,0.12133881955805939,0.1726027397260274
2024-09-27,2024-10-31,26343.460524448037,26350.0,338.05,344.55,0.10703919070757972,0.09315068493150686
2024-09-27,2024-11-28,26454.550952795424,26500.0,485.4,530.35,0.11789381785920727,0.16986301369863013
2024-09-30,2024-10-31,25991.050731253177,26000.0,344.6,353.5,0.11612891519081579,0.08493150684931507
2024-09-30,2024-11-28,26133.42677926268,26150.0,508.0,524.4,0.1244135778312565,0.16164383561643836
2024-10-01,2024-10-31,25965.080351432574,25950.0,334.0,319.0,0.11055052784648245,0.0821917808219178
2024-10-01,2024-11-28,26101.010382292967,26100.0,493.45,492.45,0.12000609975710641,0.1589041095890411
2024-10-03,2024-10-31,25476.131279600602,25500.0,323.65,347.4,0.11968990957872383,0.07671232876712329
2024-10-03,2024-11-28,25619.89744314866,25600.0,524.05,504.35,0.12977552813223564,0.15342465753424658
2024-10-04,2024-10-31,25172.35724048799,25150.0,366.25,344.0,0.13067126367668824,0.07397260273972603
2024-10-04,2024-11-28,25331.620863881915,25350.0,514.75,532.95,0.134804075411196,0.1506849315068493
2024-10-07,2024-10-31,24995.279869340466,25000.0,350.2,354.9,0.13846030685823968,0.06575342465753424
2024-10-07,2024-11-28,25145.30673973421,25150.0,532.05,536.7,0.14244746821491175,0.14246575342465753
2024-10-08,2024-10-31,25140.310393601172,25150.0,328.55,338.2,0.13292943966696452,0.06301369863013699
2024-10-08,2024-11-28,25297.729471989936,25300.0,525.2,527.45,0.14079851814912203,0.13972602739726028
2024-10-09,2024-10-31,25088.40466055744,25100.0,308.85,320.4,0.12850433513193057,0.06027397260273973
2024-10-09,2024-11-28,25262.964928717844,25250.0,517.65,504.8,0.13831942829363497,0.136986301369863
2024-10-10,2024-10-31,25128.369258021772,25150.0,277.05,298.6,0.1200464613414069,0.057534246575342465
2024-10-10,2024-11-28,25274.326950851562,25250.0,506.85,473.6,0.13390995010220347,0.13424657534246576
2024-10-11,2024-10-31,25057.8780087531,25050.0,274.4,266.55,0.11601216175690346,0.0547945205479452
2024-10-11,2024-11-28,25194.452784792356,25200.0,478.95,484.45,0.13328759930207268,0.13150684931506848
2024-10-14,2024-10-31,25227.933296341984,25250.0,230.35,252.35,0.1113334022398834,0.04657534246575343
2024-10-14,2024-11-28,25374.394710641034,25350.0,461.65,437.45,0.12753743678248075,0.1232876712328767
2024-10-15,2024-10-31,25125.271905131267,25150.0,225.9,252.55,0.114166511347036,0.043835616438356165
2024-10-15,2024-11-28,25273.83604024692,25250.0,454.65,431.0,0.12753098408700936,0.12054794520547946
2024-10-16,2024-10-31,25059.124340714563,25050.0,233.5,224.4,0.11328166122974756,0.0410958904109589
2024-10-16,2024-11-28,25196.573864444315,25200.0,436.65,440.05,0.1280296698632037,0.1178082191780822
2024-10-17,2024-10-31,24846.64163752508,24850.0,226.55,229.9,0.11784834125355514,0.038356164383561646
2024-10-17,2024-11-28,24987.85953470907,25000.0,435.4,447.45,0.13148997250742406,0.11506849315068493
2024-10-17,2024-12-26,25161.593626221347,25150.0,575.25,563.8,0.13122653613821386,0.1917808219178082
2024-10-18,2024-10-31,24952.205099050734,24950.0,206.4,204.2,0.10954008786303195,0.03561643835616438
2024-10-18,2024-11-28,25093.704199438405,25100.0,418.65,424.9,0.1266199020774897,0.11232876712328767
2024-10-18,2024-12-26,25242.052946722582,25250.0,548.0,555.85,0.1276098025353482,0.18904109589041096
2024-10-21,2024-10-31,24791.735295129685,24800.0,195.4,203.65,0.1220607602524087,0.0273972602739726
2024-10-21,2024-11-28,24934.948488423557,24950.0,421.1,436.05,0.13438870328838287,0.10410958904109589
2024-10-21,2024-12-26,25073.389061213198,25050.0,586.15,530.0,0.1328157336276719,0.18082191780821918
2024-10-22,2024-10-31,24537.129388281322,24550.0,198.4,211.25,0.1333915641257694,0.024657534246575342
2024-10-22,2024-11-28,24670.937504568938,24650.0,449.1,428.3,0.14096852960979095,0.10136986301369863
2024-10-22,2024-12-26,24945.852265356458,24950.0,519.4,523.5,0.12561274953143697,0.1780821917808219
2024-10-23,2024-10-31,24482.725407143495,24500.0,174.35,191.6,0.12658662253286052,0.021917808219178082
2024-10-23,2024-11-28,24621.688599969028,24600.0,448.25,426.7,0.14277383229963836,0.09863013698630137
2024-10-23,2024-12-26,24826.078912903882,24850.0,540.45,564.1,0.13462582163625586,0.17534246575342466
2024-10-24,2024-10-31,24446.896133206814,24450.0,157.1,160.2,0.11760048467453432,0.019178082191780823
2024-10-24,2024-11-28,24598.088120551136,24600.0,405.95,407.85,0.1347440071761617,0.0958904109589041
2024-10-24,2024-12-26,24767.242364051846,24750.0,558.05,541.0,0.1354327037739716,0.1726027397260274
2024-10-25,2024-10-31,24191.841287126827,24200.0,147.9,156.05,0.12290225705603076,0.01643835616438356
2024-10-25,2024-11-28,24326.105762406292,24350.0,411.2,434.95,0.14360972690023793,0.09315068493150686
2024-10-25,2024-12-26,24477.856860205113,24500.0,551.85,573.75,0.1413282551893525,0.16986301369863013
2024-10-28,2024-10-31,24345.447568528638,24350.0,112.9,117.45,0.13084472429270227,0.00821917808219178
2024-10-28,2024-11-28,24476.118524411566,24500.0,373.45,397.2,0.13605766559494026,0.08493150684931507
2024-10-28,2024-12-26,24628.27291183827,24650.0,516.4,537.9,0.13479625611946955,0.16164383561643836
2024-10-29,2024-10-31,24475.741361475422,24500.0,77.4,101.65,0.1231161889400546,0.005479452054794521
2024-10-29,2024-11-28,24603.116605962732,24600.0,392.95,389.85,0.13985598996052878,0.0821917808219178
2024-10-29,2024-12-26,24751.71764989804,24750.0,540.0,538.3,0.1384146882135604,0.1589041095890411
2024-10-30,2024-10-31,24368.103223574693,24350.0,83.8,65.7,0.14629401677106202,0.0027397260273972603
2024-10-30,2024-11-28,24504.3222642905,24500.0,407.55,403.25,0.14790646254023965,0.07945205479452055
2024-10-30,2024-12-26,24647.67653453085,24650.0,551.65,553.95,0.14372644468547852,0.15616438356164383
2024-10-31,2024-11-28,24389.548012961946,24400.0,393.75,404.15,0.1487482211034995,0.07671232876712329
2024-10-31,2024-12-26,24579.29065235082,24600.0,523.75,573.6,0.14422677741449,0.15342465753424658
2024-11-01,2024-11-28,24385.681317889714,24400.0,389.8,404.05,0.15068658861128859,0.07397260273972603
2024-11-01,2024-12-26,24532.73169079015,24550.0,542.9,560.0,0.14653503374977603,0.1506849315068493
2024-11-04,2024-11-28,24115.164675097647,24100.0,397.75,382.65,0.15889081979194616,0.06575342465753424
2024-11-04,2024-12-26,24271.991833897708,24250.0,574.2,538.55,0.15371749957695108,0.14246575342465753
2024-11-05,2024-11-28,24299.899589570996,24300.0,360.85,360.95,0.14892172634627343,0.06301369863013699
2024-11-05,2024-12-26,24443.44069685982,24450.0,519.75,526.25,0.144785267446697,0.13972602739726028
2024-11-06,2024-11-28,24585.392884078854,24600.0,308.3,322.85,0.13151289632248994,0.06027397260273973
2024-11-06,2024-12-26,24737.791779183975,24750.0,474.35,486.45,0.13267069403196324,0.136986301369863
2024-11-07,2024-11-28,24300.451686027387,24300.0,309.3,308.85,0.13342059985084892,0.057534246575342465
2024-11-07,2024-12-26,24457.36397873413,24450.0,484.85,477.55,0.13581452070360506,0.13424657534246576
2024-11-08,2024-11-28,24224.860621749653,24200.0,300.05,273.75,0.1272678091404556,0.0547945205479452
2024-11-08,2024-12-26,24380.78646368989,24400.0,448.0,467.05,0.1307690262071294,0.13150684931506848
2024-11-11,2024-11-28,24231.945424279806,24250.0,244.25,262.25,0.12166450945496124,0.04657534246575343
2024-11-11,2024-12-26,24386.99620796408,24400.0,416.75,429.65,0.12484888106755404,0.1232876712328767
2024-11-12,2024-11-28,23959.075823072933,23950.0,258.55,249.5,0.1273126243176541,0.043835616438356165
2024-11-12,2024-12-26,24106.954278127007,24100.0,431.8,424.9,0.12931817674339735,0.12054794520547946
2024-11-13,2024-11-28,23654.211234175953,23650.0,258.75,254.55,0.13453228002572146,0.0410958904109589
2024-11-13,2024-12-26,23811.3364779416,23800.0,443.35,432.1,0.13532092230286402,0.1178082191780822
2024-11-14,2024-11-28,23603.95986023162,23600.0,229.15,225.2,0.1235001112539936,0.038356164383561646
2024-11-14,2024-12-26,23746.221846901164,23750.0,415.0,418.75,0.13069818754351004,0.11506849315068493
2024-11-18,2024-11-28,23512.922993069944,23500.0,216.8,203.9,0.13572008998413077,0.0273972602739726
2024-11-18,2024-12-26,23660.822993274032,23650.0,408.05,397.3,0.13314241022004975,0.10410958904109589
2024-11-19,2024-11-28,23536.67866647016,23550.0,200.75,214.05,0.14080514901251284,0.024657534246575342
2024-11-19,2024-12-26,23684.09554941398,23700.0,400.05,415.85,0.13645320918094506,0.10136986301369863
2024-11-21,2024-11-28,23345.54444928075,23350.0,188.3,192.75,0.14788495249986913,0.019178082191780823
2024-11-21,2024-12-26,23502.41500561962,23500.0,397.4,395.0,0.137329867271613,0.0958904109589041
2024-11-21,2025-01-30,23682.53361988487,23700.0,527.45,544.7,0.1311482024505674,0.1917808219178082
2024-11-22,2024-11-28,23886.785888352653,23900.0,192.75,205.95,0.16323734984315075,0.01643835616438356
2024-11-22,2024-12-26,24037.474389135088,24050.0,384.1,396.55,0.1341362146148477,0.09315068493150686
2024-11-22,2025-01-30,24201.872872428437,24200.0,533.25,531.4,0.12839525009716865,0.18904109589041096
2024-11-25,2024-11-28,24255.953179616397,24250.0,144.5,138.55,0.16140562082347848,0.00821917808219178
2024-11-25,2024-12-26,24404.726018326975,24400.0,365.95,361.25,0.128873851553938,0.08493150684931507
2024-11-25,2025-01-30,24578.954086434773,24600.0,496.5,517.3,0.12295130190531933,0.18082191780821918
2024-11-26,2024-11-28,24219.106803951316,24200.0,119.25,100.15,0.15312538095518108,0.005479452054794521
2024-11-26,2024-12-26,24358.042854097373,24350.0,367.3,359.3,0.1311292201580294,0.0821917808219178
2024-11-26,2025-01-30,24524.178258044067,24500.0,527.55,503.65,0.12639113482773695,0.1780821917808219
2024-11-27,2024-11-28,24299.79996438039,24300.0,73.75,73.95,0.1455661906957138,0.0027397260273972603
2024-11-27,2024-12-26,24445.476700161107,24450.0,339.6,344.1,0.12499527689540937,0.07945205479452055
2024-11-27,2025-01-30,24612.08697635512,24600.0,497.3,485.35,0.12090636552618662,0.17534246575342466
2024-11-28,2024-12-26,24117.135228749885,24100.0,370.55,353.5,0.13656495353854783,0.07671232876712329
2024-11-28,2025-01-30,24297.016717070208,24300.0,507.3,510.25,0.12777164986488573,0.1726027397260274
2024-12-02,2024-12-26,24427.50405813329,24450.0,321.95,344.35,0.13378662879572556,0.06575342465753424
2024-12-02,2025-01-30,24595.149301247613,24600.0,495.65,500.45,0.12758466662087647,0.16164383561643836
2024-12-03,2024-12-26,24546.284814126873,24550.0,322.9,326.6,0.1326469825771819,0.06301369863013699
2024-12-03,2025-01-30,24711.013166993318,24700.0,493.6,482.7,0.12554393022277022,0.1589041095890411
2024-12-04,2024-12-26,24561.494946893272,24550.0,332.0,320.55,0.13618673822220756,0.06027397260273973
2024-12-04,2025-01-30,24734.442883380463,24750.0,475.6,491.0,0.12516837759034624,0.15616438356164383
2024-12-05,2024-12-26,24775.244230197328,24800.0,295.8,333.15,0.13301719925680416,0.057534246575342465
2024-12-05,2025-01-30,24957.120658588734,24950.0,487.9,480.85,0.12547551596238488,0.15342465753424658
2024-12-06,2024-12-26,24785.097015288717,24800.0,292.55,307.4,0.13000621515858385,0.0547945205479452
2024-12-06,2025-01-30,24960.603347760436,24950.0,485.0,474.5,0.12536814296379822,0.1506849315068493
2024-12-09,2024-12-26,24692.828321311146,24700.0,291.15,298.3,0.13902910178913713,0.04657534246575343
2024-12-09,2025-01-30,24868.77304106316,24850.0,485.9,467.3,0.128502020062482,0.14246575342465753
2024-12-10,2024-12-26,24680.644929800263,24700.0,272.1,291.4,0.13696311788213889,0.043835616438356165
2024-12-10,2025-01-30,24853.5823886381,24850.0,471.4,467.85,0.1278876243574821,0.13972602739726028
2024-12-11,2024-12-26,24735.260680384166,24750.0,241.9,256.6,0.12486234620772696,0.0410958904109589
2024-12-11,2025-01-30,24913.973872586936,24900.0,464.25,450.4,0.12546698196387024,0.136986301369863
2024-12-12,2024-12-26,24653.107738409624,24650.0,242.35,239.25,0.12533502996736362,0.038356164383561646
2024-12-12,2025-01-30,24833.607581584984,24850.0,440.45,456.7,0.12461557030408796,0.13424657534246576
2024-12-13,2024-12-26,24837.721607558415,24850.0,214.55,226.8,0.11822427075887003,0.03561643835616438
2024-12-13,2025-01-30,25017.398084060336,25000.0,449.7,432.45,0.12295113281547647,0.13150684931506848
2024-12-16,2024-12-26,24734.722818270027,24750.0,227.55,242.8,0.14415333781505202,0.0273972602739726
2024-12-16,2025-01-30,24920.16091788515,24900.0,464.7,444.7,0.13135054264863988,0.1232876712328767
2024-12-17,2024-12-26,24417.377829830275,24400.0,238.0,220.65,0.1501517019404997,0.024657534246575342
2024-12-17,2025-01-30,24610.73377710908,24600.0,469.75,459.1,0.13734780309892158,0.12054794520547946
2024-12-18,2024-12-26,24253.855488840436,24250.0,209.95,206.1,0.14543733599782077,0.021917808219178082
2024-12-18,2025-01-30,24444.05464712396,24450.0,447.1,453.0,0.13548638567313026,0.1178082191780822
2024-12-19,2024-12-26,24019.424198641223,24000.0,214.5,195.1,0.15447906421390067,0.019178082191780823
2024-12-19,2025-01-30,24209.319444310462,24200.0,455.6,446.35,0.13871998078785158,0.11506849315068493
2024-12-19,2025-02-27,24366.181037922008,24400.0,570.45,603.85,0.13954595171757173,0.1917808219178082
2024-12-20,2024-12-26,23626.725144257514,23650.0,171.7,194.95,0.15159299417084482,0.01643835616438356
2024-12-20,2025-01-30,23803.021984269566,23800.0,456.7,453.7,0.1440966270185715,0.11232876712328767
2024-12-20,2025-02-27,23955.213671895373,23950.0,606.85,601.7,0.14726576717952972,0.18904109589041096
2024-12-23,2024-12-26,23769.76055418888,23750.0,108.45,88.7,0.11440342033257925,0.00821917808219178
2024-12-23,2025-01-30,23950.0,23950.0,396.0,396.0,0.12933160625523826,0.10410958904109589
2024-12-23,2025-02-27,24077.99285480559,24100.0,535.8,557.55,0.13535821383331817,0.18082191780821918
2024-12-24,2024-12-26,23768.906732705753,23750.0,77.5,58.6,0.09642301632106137,0.005479452054794521
2024-12-24,2025-01-30,23934.900838051246,23950.0,371.15,386.15,0.1253259596539409,0.10136986301369863
2024-12-24,2025-02-27,24084.117211243018,24100.0,514.3,530.0,0.13024216146269002,0.1780821917808219
2024-12-26,2025-01-30,23920.376609915536,23900.0,411.2,390.95,0.13661429110765233,0.0958904109589041
2024-12-26,2025-02-27,24068.549118943556,24100.0,532.1,563.2,0.13872563375288138,0.1726027397260274
2024-12-27,2025-01-30,23991.599289098634,24000.0,368.6,376.95,0.12836554417159346,0.09315068493150686
2024-12-27,2025-02-27,24132.86181646012,24150.0,512.1,529.05,0.13260910179819219,0.16986301369863013
2024-12-30,2025-01-30,23819.80905554072,23800.0,385.6,365.9,0.13646711793868252,0.08493150684931507
2024-12-30,2025-02-27,23979.00313629031,24000.0,506.6,537.0,0.13704286864110993,0.16164383561643836
2024-12-31,2025-01-30,23811.662138441192,23800.0,385.85,374.25,0.14032997019703108,0.0821917808219178
2024-12-31,2025-02-27,23984.807669992646,24000.0,505.4,547.25,0.1393850166079389,0.1589041095890411
2025-01-01,2025-01-30,23902.814497677533,23900.0,379.5,376.7,0.14141331192070208,0.07945205479452055
2025-01-01,2025-02-27,24039.645425626608,24050.0,521.45,531.7,0.1403422869161511,0.15616438356164383
2025-01-02,2025-01-30,24284.422519318287,24300.0,345.05,360.55,0.13208147527417247,0.07671232876712329
2025-01-02,2025-02-27,24420.95796676826,24400.0,522.1,501.35,0.135496442682322,0.15342465753424658
2025-01-03,2025-01-30,24097.487950506966,24100.0,342.3,344.8,0.13202607607722025,0.07397260273972603
2025-01-03,2025-02-27,24240.5074791478,24250.0,498.85,508.25,0.13544487505686392,0.1506849315068493
2025-01-06,2025-01-30,23720.788660564325,23700.0,387.0,366.3,0.15592316388010047,0.06575342465753424
2025-01-06,2025-02-27,23852.725118864008,23850.0,535.4,532.7,0.15010055843497855,0.14246575342465753
2025-01-07,2025-01-30,23798.744869637456,23800.0,338.3,339.55,0.14279472050017017,0.06301369863013699
2025-01-07,2025-02-27,23944.449820419846,23950.0,511.3,516.8,0.14527644312329946,0.13972602739726028
2025-01-08,2025-01-30,23787.149753691363,23800.0,317.75,330.55,0.13963047454424177,0.06027397260273973
2025-01-08,2025-02-27,23932.898401418875,23950.0,499.95,516.9,0.1451137722222024,0.136986301369863
2025-01-09,2025-01-30,23652.308617473314,23650.0,320.2,317.9,0.1415064776201225,0.057534246575342465
2025-01-09,2025-02-27,23791.223751371654,23800.0,509.1,517.8,0.14892692843948618,0.13424657534246576
2025-01-10,2025-01-30,23505.72033756595,23500.0,314.75,309.05,0.14261705245208367,0.0547945205479452
2025-01-10,2025-02-27,23650.806867666568,23650.0,506.95,506.15,0.14933610535296027,0.13150684931506848
2025-01-13,2025-01-30,23163.139718996365,23150.0,315.75,302.65,0.15554293844849368,0.04657534246575343
2025-01-13,2025-02-27,23303.578562924613,23300.0,520.8,517.25,0.16031167205145483,0.1232876712328767
2025-01-14,2025-01-30,23275.83123358478,23300.0,264.05,288.15,0.14226634367006724,0.043835616438356165
2025-01-14,2025-02-27,23413.203049777363,23400.0,500.4,487.3,0.1535312543631563,0.12054794520547946
2025-01-15,2025-01-30,23267.246006625326,23250.0,265.8,248.6,0.13705571866299676,0.0410958904109589
2025-01-15,2025-02-27,23404.18190075179,23400.0,484.6,480.45,0.15175376089725956,0.1178082191780822
2025-01-16,2025-01-30,23374.260409520302,23350.0,269.0,244.8,0.14099822589798755,0.038356164383561646
2025-01-16,2025-02-27,23551.007507493025,23550.0,489.0,488.0,0.15444501462455495,0.11506849315068493
2025-01-16,2025-03-27,23657.087806423533,23650.0,609.0,602.0,0.14838529829089495,0.1917808219178082
2025-01-17,2025-01-30,23271.449599857133,23250.0,257.95,236.55,0.14142851656588992,0.03561643835616438
2025-01-17,2025-02-27,23410.627311347973,23400.0,491.8,481.25,0.1566172850636474,0.11232876712328767
2025-01-17,2025-03-27,23551.518545212246,23550.0,600.0,598.5,0.1485342711294773,0.18904109589041096
2025-01-20,2025-01-30,23405.910516210286,23400.0,237.4,231.5,0.1519773499227313,0.0273972602739726
2025-01-20,2025-02-27,23537.515803107166,23550.0,474.95,487.35,0.15985027562377213,0.10410958904109589
2025-01-20,2025-03-27,23698.634039263794,23700.0,603.3,604.65,0.15202934634134985,0.18082191780821918
2025-01-21,2025-01-30,23103.35537348308,23100.0,232.2,228.85,0.15954740439312776,0.024657534246575342
2025-01-21,2025-02-27,23250.15099161949,23250.0,491.5,491.35,0.1675257004247612,0.10136986301369863
2025-01-21,2025-03-27,23353.69249547535,23350.0,645.65,642.0,0.16570697087116792,0.1780821917808219
2025-01-22,2025-01-30,23200.650926687347,23200.0,193.5,192.85,0.14118041408291693,0.021917808219178082
2025-01-22,2025-02-27,23341.948547575303,23350.0,477.7,485.7,0.1657576216260523,0.09863013698630137
2025-01-22,2025-03-27,23489.581936698098,23500.0,597.2,607.5,0.15525294622922847,0.17534246575342466
2025-01-23,2025-01-30,23266.82095552436,23250.0,194.8,178.0,0.1451513060953995,0.019178082191780823
2025-01-23,2025-02-27,23403.773446280655,23400.0,472.7,468.95,0.16389371899428107,0.0958904109589041
2025-01-23,2025-03-27,23546.569552175217,23500.0,620.25,574.2,0.1548631077195097,0.1726027397260274
2025-01-24,2025-01-30,23113.714646179444,23100.0,174.4,160.7,0.14184142940067185,0.01643835616438356
2025-01-24,2025-02-27,23256.74069018433,23250.0,468.7,462.0,0.16537095040344843,0.09315068493150686
2025-01-24,2025-03-27,23404.903846027635,23400.0,600.6,595.75,0.15720856243581022,0.16986301369863013
2025-01-27,2025-01-30,22847.848851062983,22850.0,152.8,154.95,0.18629812296389836,0.00821917808219178
2025-01-27,2025-02-27,22969.004626889324,22950.0,492.5,473.6,0.1819619867687814,0.08493150684931507
2025-01-27,2025-03-27,23119.45332312155,23100.0,620.95,601.7,0.16668548856554286,0.16164383561643836
2025-01-28,2025-01-30,22973.058211051197,22950.0,151.05,128.0,0.2053929497931487,0.005479452054794521
2025-01-28,2025-02-27,23104.323034077337,23100.0,476.85,472.55,0.18063764216644096,0.0821917808219178
2025-01-28,2025-03-27,23264.18194771439,23300.0,583.2,618.65,0.1639696461855955,0.1589041095890411
2025-01-29,2025-01-30,23142.54867316953,23150.0,144.65,152.1,0.30698055319186435,0.0027397260273972603
2025-01-29,2025-02-27,23286.530618257515,23300.0,479.0,492.4,0.18639815611711047,0.07945205479452055
2025-01-29,2025-03-27,23444.544907159383,23450.0,607.85,613.25,0.16688304842700463,0.15616438356164383
2025-01-30,2025-02-27,23435.779267635728,23450.0,431.35,445.5,0.1701027056148624,0.07671232876712329
2025-01-30,2025-03-27,23567.725894784722,23550.0,569.2,551.65,0.15376884093884957,0.15342465753424658
2025-01-31,2025-02-27,23622.507963457574,23600.0,410.65,388.25,0.15664271468856245,0.07397260273972603
2025-01-31,2025-03-27,23757.573819828882,23750.0,523.3,515.8,0.1426433405303023,0.1506849315068493
2025-02-01,2025-02-27,23558.338519242858,23550.0,338.65,330.35,0.1339956612313597,0.07123287671232877
2025-02-01,2025-03-27,23696.264247547977,23700.0,471.5,475.2,0.13144021134253392,0.14794520547945206
2025-02-03,2025-02-27,23445.73179674404,23450.0,322.25,326.5,0.13581476250005095,0.06575342465753424
2025-02-03,2025-03-27,23585.819288874336,23600.0,469.75,483.8,0.13545830919800506,0.14246575342465753
2025-02-04,2025-02-27,23786.946644229556,23800.0,302.65,315.65,0.13026295144262018,0.06301369863013699
2025-02-04,2025-03-27,23931.989216852882,23900.0,474.8,443.1,0.1298225875280385,0.13972602739726028
2025-02-05,2025-02-27,23773.240875159758,23750.0,315.3,292.15,0.13096306524919848,0.06027397260273973
2025-02-05,2025-03-27,23923.558839343317,23900.0,469.35,446.0,0.13077240381955285,0.136986301369863
2025-02-06,2025-02-27,23690.313844079355,23700.0,294.25,303.9,0.13238953386067087,0.057534246575342465
2025-02-06,2025-03-27,23840.517616424546,23850.0,450.7,460.1,0.13180942395812584,0.13424657534246576
2025-02-07,2025-02-27,23618.415472690373,23600.0,287.05,268.7,0.12644490202651643,0.0547945205479452
2025-02-07,2025-03-27,23774.559034601112,23750.0,449.3,424.95,0.12822641880811952,0.13150684931506848
2025-02-10,2025-02-27,23462.387445008022,23450.0,281.15,268.8,0.13655523533977232,0.04657534246575343
2025-02-10,2025-03-27,23613.255803509488,23600.0,449.75,436.6,0.13510207309914116,0.1232876712328767
2025-02-11,2025-02-27,23153.71055749943,23150.0,273.4,269.7,0.1408273935538846,0.043835616438356165
2025-02-11,2025-03-27,23300.201573279042,23300.0,442.25,442.05,0.13809132967382365,0.12054794520547946
2025-02-12,2025-02-27,23123.11165422755,23100.0,269.7,246.65,0.13841221315325158,0.0410958904109589
2025-02-12,2025-03-27,23277.730118888056,23300.0,420.75,442.85,0.13643042303069752,0.1178082191780822
2025-02-13,2025-02-27,23108.82196709829,23100.0,250.25,241.45,0.13652087956281408,0.038356164383561646
2025-02-13,2025-03-27,23252.871396355116,23250.0,433.1,430.25,0.13823098813123175,0.11506849315068493
2025-02-14,2025-02-27,22994.787947698267,23000.0,235.05,240.25,0.13757038643183542,0.03561643835616438
2025-02-14,2025-03-27,23136.90473483188,23150.0,422.2,435.2,0.13955600670929427,0.11232876712328767
2025-02-17,2025-02-27,23027.259539326533,23050.0,218.35,241.05,0.15114284678775247,0.0273972602739726
2025-02-17,2025-03-27,23169.733085411255,23150.0,439.95,420.35,0.1452564296942654,0.10410958904109589
2025-02-18,2025-02-27,22969.831759691035,22950.0,224.25,204.45,0.14916920081697183,0.024657534246575342
2025-02-18,2025-03-27,23101.81189943385,23100.0,423.7,421.9,0.1450577801457245,0.10136986301369863
2025-02-19,2025-02-27,22964.120101987057,22950.0,197.65,183.55,0.14071336306805474,0.021917808219178082
2025-02-19,2025-03-27,23103.925083057038,23100.0,414.4,410.5,0.14342518555683617,0.09863013698630137
2025-02-20,2025-02-27,22941.489397502555,22950.0,157.65,166.15,0.12784501726584974,0.019178082191780823
2025-02-20,2025-03-27,23087.723721433602,23100.0,379.05,391.25,0.13584383792328222,0.0958904109589041
2025-02-21,2025-02-27,22821.673145239776,22800.0,154.0,132.35,0.12262050707483213,0.01643835616438356
2025-02-21,2025-03-27,22963.783202317212,22950.0,384.75,371.05,0.13601163218508872,0.09315068493150686
2025-02-24,2025-02-27,22616.708924301485,22600.0,109.5,92.8,0.12349864470218173,0.00821917808219178
2025-02-24,2025-03-27,22745.977856743,22750.0,349.2,353.2,0.13353265556971633,0.08493150684931507
2025-02-25,2025-02-27,22583.99430035492,22600.0,47.1,63.1,0.08206030984628807,0.005479452054794521
2025-02-25,2025-03-27,22718.850439290716,22700.0,340.55,321.8,0.12816250257343387,0.0821917808219178
2025-02-27,2025-03-27,22682.6135215617,22700.0,304.6,321.9,0.1255367545515491,0.07671232876712329
2025-02-28,2025-03-27,22282.26493057919,22300.0,306.75,324.4,0.13107745494295195,0.07397260273972603
2025-03-03,2025-03-27,22259.79176041073,22250.0,301.75,292.0,0.13095379838671806,0.06575342465753424
2025-03-04,2025-03-27,22189.356494525637,22200.0,283.85,294.45,0.13061667521463838,0.06301369863013699
2025-03-05,2025-03-27,22440.81408174031,22450.0,275.2,284.35,0.1277581946809952,0.06027397260273973
2025-03-06,2025-03-27,22615.507886940308,22600.0,283.25,267.8,0.1278093925228653,0.057534246575342465
2025-03-07,2025-03-27,22645.28323042808,22650.0,258.75,263.45,0.12389565676148023,0.0547945205479452
2025-03-10,2025-03-27,22517.703514525634,22500.0,262.1,244.45,0.13104252256944549,0.04657534246575343
2025-03-11,2025-03-27,22561.582956518498,22550.0,255.6,244.05,0.13296330089666794,0.043835616438356165
2025-03-12,2025-03-27,22532.052121012013,22550.0,218.4,236.3,0.124988305432349,0.0410958904109589
2025-03-13,2025-03-27,22445.08776832027,22450.0,204.95,209.85,0.11854561572249604,0.038356164383561646
2025-03-17,2025-03-27,22581.96791664659,22600.0,177.6,195.6,0.12521955273283214,0.0273972602739726
2025-03-18,2025-03-27,22897.29566913304,22900.0,170.9,173.6,0.12027033709959015,0.024657534246575342
2025-03-19,2025-03-27,22974.034216148182,22950.0,178.0,154.0,0.1223742695434691,0.021917808219178082
2025-03-20,2025-03-27,23197.74719345656,23200.0,134.8,137.05,0.10618315208051296,0.019178082191780823
2025-03-20,2025-05-29,23443.266583897646,23450.0,484.7,491.35,0.12064430573463908,0.1917808219178082
2025-03-21,2025-03-27,23376.675090804307,23400.0,115.4,138.7,0.10603200148161038,0.01643835616438356
2025-03-21,2025-04-30,23555.44353696075,23500.0,402.25,347.2,0.12125915630516759,0.1095890410958904
2025-03-21,2025-05-29,23676.270832171842,23700.0,443.65,477.5,0.11346771829609431,0.18904109589041096
2025-03-24,2025-03-27,23692.5960455191,23700.0,130.65,138.05,0.15680637113280949,0.00821917808219178
2025-03-24,2025-04-30,23871.361922837197,23900.0,371.3,399.75,0.1278656050198051,0.10136986301369863
2025-03-24,2025-05-29,23986.542757191466,24000.0,473.4,486.7,0.11933997272513439,0.18082191780821918
2025-03-25,2025-03-27,23714.15504062362,23700.0,113.5,99.35,0.1518559790778798,0.005479452054794521
2025-03-25,2025-04-30,23849.013216635343,23800.0,407.4,358.7,0.12899449444706512,0.09863013698630137
2025-03-25,2025-05-29,23988.46727440576,24000.0,470.15,481.55,0.11917795414667026,0.1780821917808219
2025-03-26,2025-03-27,23518.60331262372,23500.0,89.65,71.05,0.1630041404395218,0.0027397260273972603
2025-03-26,2025-04-30,23692.45310743869,23700.0,359.6,367.1,0.12490147629076742,0.0958904109589041
2025-03-26,2025-05-29,23820.583260989682,23800.0,476.05,455.7,0.11846210179356212,0.17534246575342466
2025-03-27,2025-04-30,23779.57671481464,23800.0,343.9,364.2,0.12294541539927689,0.09315068493150686
2025-03-27,2025-05-29,23908.697028202103,23900.0,464.25,455.65,0.11740949111191401,0.1726027397260274
2025-03-28,2025-04-30,23644.51787762327,23650.0,324.4,329.85,0.11600507173092696,0.09041095890410959
2025-03-28,2025-05-29,23771.73869888539,23750.0,481.2,459.7,0.12174752668593494,0.16986301369863013
2025-04-01,2025-04-30,23355.17666537118,23350.0,336.3,331.15,0.12774655136821855,0.07945205479452055
2025-04-01,2025-05-29,23446.51418108927,23450.0,478.85,482.3,0.13022839248516466,0.1589041095890411
2025-04-02,2025-04-30,23460.9042364772,23450.0,336.9,326.05,0.12853332876371493,0.07671232876712329
2025-04-02,2025-05-29,23562.021408296914,23550.0,480.35,468.45,0.1290552237827108,0.15616438356164383
2025-04-03,2025-04-30,23367.63458744109,23350.0,332.05,314.5,0.12813980186854376,0.07397260273972603
2025-04-03,2025-05-29,23453.08056860931,23450.0,471.4,468.35,0.12951780853176054,0.15342465753424658
2025-04-04,2025-04-30,22994.725635418676,23000.0,309.75,315.0,0.12816521844031425,0.07123287671232877
2025-04-04,2025-05-29,23075.902463814775,23100.0,458.75,487.2,0.133574086396682,0.1506849315068493
2025-04-07,2025-04-30,22342.523816682948,22300.0,551.45,509.1,0.2381101305054954,0.06301369863013699
2025-04-07,2025-05-29,22383.497891323514,22400.0,649.5,665.85,0.19690570600626336,0.14246575342465753
2025-04-08,2025-04-30,22674.952058953088,22650.0,472.25,443.9,0.2071575732846589,0.06027397260273973
2025-04-08,2025-05-29,22751.86687858605,22750.0,614.85,613.0,0.1826399363154687,0.13972602739726028
2025-04-09,2025-04-30,22515.60826161306,22500.0,473.9,458.35,0.217235508244342,0.057534246575342465
2025-04-09,2025-05-29,22597.881217874907,22600.0,673.05,675.15,0.203871869051991,0.136986301369863
2025-04-11,2025-04-30,22953.261015200136,22950.0,405.0,401.75,0.19375708083942467,0.052054794520547946
2025-04-11,2025-05-29,23028.11371454439,23050.0,603.1,624.8,0.18579557806497482,0.13150684931506848
2025-04-15,2025-04-30,23380.497975066126,23400.0,272.65,292.1,0.14962179437111292,0.0410958904109589
2025-04-15,2025-05-29,23454.636185418007,23450.0,472.65,468.05,0.14594577120435967,0.12054794520547946
2025-04-16,2025-04-30,23461.077583685925,23450.0,275.55,264.5,0.14769674856718706,0.038356164383561646
2025-04-16,2025-05-29,23545.918867941025,23550.0,468.0,472.05,0.1469057819474251,0.1178082191780822
2025-04-17,2025-04-30,23866.5382428805,23850.0,264.75,248.25,0.14308321393073795,0.03561643835616438
2025-04-17,2025-05-29,23960.98183167395,23950.0,456.15,445.25,0.1400758069571519,0.11506849315068493
2025-04-17,2025-06-26,24060.732964012775,24050.0,587.4,576.8,0.14026315188357896,0.1917808219178082
2025-04-21,2025-04-30,24164.272857353397,24150.0,229.75,215.5,0.14730167579884867,0.024657534246575342
2025-04-21,2025-05-29,24264.39709802964,24250.0,447.5,433.2,0.14198497381638264,0.10410958904109589
2025-04-21,2025-06-26,24374.789657805195,24350.0,580.85,556.35,0.1392050490290856,0.18082191780821918
2025-04-22,2025-04-30,24199.449215879937,24200.0,200.75,201.3,0.14085016189074,0.021917808219178082
2025-04-22,2025-05-29,24300.352313778803,24300.0,441.55,441.2,0.1439571992055652,0.10136986301369863
2025-04-22,2025-06-26,24406.879169652704,24400.0,582.05,575.25,0.14250574677786912,0.1780821917808219
2025-04-23,2025-04-30,24352.75343021976,24350.0,198.0,195.25,0.14633378801815,0.019178082191780823
2025-04-23,2025-05-29,24446.729097452466,24450.0,446.9,450.15,0.14738156286566262,0.09863013698630137
2025-04-23,2025-06-26,24556.169920984623,24550.0,590.95,584.85,0.1449961680722338,0.17534246575342466
2025-04-24,2025-04-30,24267.21838790412,24250.0,203.0,185.8,0.1567442823902963,0.01643835616438356
2025-04-24,2025-05-29,24371.8859884278,24350.0,463.1,441.35,0.15119222403107485,0.0958904109589041
2025-04-24,2025-06-26,24497.572922362204,24500.0,598.1,600.5,0.14928194183714022,0.1726027397260274
2025-04-25,2025-04-30,24053.1528060436,24050.0,172.0,168.85,0.15188739482569918,0.0136986301369863
2025-04-25,2025-05-29,24134.657384281934,24150.0,455.7,470.95,0.15857619704293058,0.09315068493150686
2025-04-25,2025-06-26,24257.937152848852,24250.0,598.6,590.75,0.1507982683326761,0.16986301369863013
2025-04-28,2025-04-30,24341.49697206355,24350.0,99.0,107.5,0.14358551755617452,0.005479452054794521
2025-04-28,2025-05-29,24458.195116886138,24450.0,436.45,428.3,0.15292752811680937,0.08493150684931507
2025-04-28,2025-06-26,24572.333425505778,24550.0,594.95,572.85,0.14978869855250454,0.16164383561643836
2025-04-29,2025-04-30,24317.153054381546,24300.0,64.3,47.15,0.10896776846537146,0.0027397260273972603
2025-04-29,2025-05-29,24428.83724015629,24450.0,420.6,441.65,0.15504638741226712,0.0821917808219178
2025-04-29,2025-06-26,24536.056724357084,24550.0,575.75,589.55,0.15084598207924588,0.1589041095890411
2025-04-30,2025-05-29,24442.31039027388,24450.0,438.15,445.8,0.16161980487340977,0.07945205479452055
2025-04-30,2025-06-26,24583.841779659386,24600.0,572.2,623.7,0.155820213195361,0.15616438356164383
