machine_id,cycle,load,vibration_g,temperature_c,rul,failure_mode,true_degradation,will_fail_soon
0,0,0.7417465593807187,0.19093276249554522,48.19467756275171,328,gradual,0.0,0
0,1,0.9045289779845885,0.2273495623364462,51.16939519896615,327,gradual,0.0,0
0,2,0.87393010842109,0.1994471422866465,51.83309797825356,326,gradual,0.0,0
0,3,0.7620429960302451,0.16715193859753497,50.49277638918053,325,gradual,0.0,0
0,4,0.8881455095830082,0.21001751039251412,52.324472245107046,324,gradual,0.0,0
0,5,0.6547297789260181,0.1753499653540309,48.97163606839606,323,gradual,0.0,0
0,6,0.8850496668904569,0.24648749875501635,51.62455452771614,322,gradual,0.0,0
0,7,0.6203208175110545,0.16437244088573288,48.388600629563996,321,gradual,0.0,0
0,8,0.8115498343074206,0.19017028633524855,52.086130686749264,320,gradual,0.0,0
0,9,0.8922240615376051,0.18511059634360774,52.94391514067996,319,gradual,0.0,0
0,10,0.8162181675535061,0.22174974658778532,49.26979303101445,318,gradual,0.0,0
0,11,0.7648309754042207,0.20836814756391378,50.233162422287776,317,gradual,0.0,0
0,12,0.728214595408692,0.19810620442489796,50.949806126615385,316,gradual,0.0,0
0,13,0.781219565428843,0.1459910171578699,50.03355263836914,315,gradual,0.0,0
0,14,0.9268133999600945,0.1513663374679278,52.25030316144508,314,gradual,0.0,0
0,15,0.9164301706924424,0.20370388245266285,51.297649792943865,313,gradual,0.0,0
0,16,0.8061966515441228,0.20698295580329454,49.368907591436525,312,gradual,0.0,0
0,17,0.7122680338720382,0.22078555366812852,49.56827317354476,311,gradual,0.0,0
0,18,0.9081015935500064,,51.367460527410294,310,gradual,0.0,0
0,19,0.6989050939568737,0.16978233255326888,49.095818314978764,309,gradual,0.0,0
0,20,0.7933402568475374,0.13286775422158506,48.934421669561715,308,gradual,0.0,0
0,21,0.7748072378126508,0.1528932422811569,48.99068710197416,307,gradual,0.0,0
0,22,0.923803476296432,0.18887086082056298,51.79558689698057,306,gradual,0.0,0
0,23,0.8735759385279255,0.21956613581899698,50.871031935838204,305,gradual,0.0,0
0,24,0.895985273595043,0.17683647625945054,52.12436283929214,304,gradual,0.0,0
0,25,0.8761750818830251,0.1691037291704865,50.275371831375246,303,gradual,0.0,0
0,26,0.7795953781681841,0.17189419404935752,50.86875275195943,302,gradual,0.0,0
0,27,0.8987167578289961,0.23021616176474372,52.15032694975824,301,gradual,0.0,0
0,28,0.9835327752120844,0.27275484002087075,52.68370148461488,300,gradual,0.0,0
0,29,0.8350771700927728,0.1400094529274462,51.44678552122654,299,gradual,0.0,0
0,30,0.8979474116358973,0.18380529256788644,,298,gradual,0.0,0
0,31,0.8172164649461098,0.1714223574693862,50.377921294980126,297,gradual,0.0,0
0,32,0.927288136628968,0.22954676271594282,51.85762858362166,296,gradual,0.0,0
0,33,0.8851536108135992,0.20348058953179335,50.106646967206515,295,gradual,0.0,0
0,34,0.8995879348348873,0.2378466672052076,51.49954190928562,294,gradual,0.0,0
0,35,0.8398526412387266,0.1555440826955737,51.61095508116672,293,gradual,0.0,0
0,36,0.9615353545049606,0.19755750893021073,50.663550448157416,292,gradual,0.0,0
0,37,0.7534989542361267,0.16390223045069155,50.45149598968807,291,gradual,0.0,0
0,38,0.7478670574687097,0.14401540396873486,49.058303815020615,290,gradual,0.0,0
0,39,0.7133959835769502,0.16881091589921138,48.91752340505407,289,gradual,0.0,0
0,40,0.8246449852930343,0.14827836108150105,50.69301524736844,288,gradual,0.0,0
0,41,0.6919851051976396,0.23646039615051798,49.25493383089714,287,gradual,0.0,0
0,42,0.6802005636594695,0.18256453859529856,50.22327454467308,286,gradual,0.0,0
0,43,0.8076260087378053,0.15132508775482903,50.24159098472072,285,gradual,0.0,0
0,44,0.8411534623663754,0.16663584591889344,52.49574743002442,284,gradual,0.0,0
0,45,0.7723304397412136,0.23023027496328444,,283,gradual,0.0,0
0,46,0.43646829340504484,0.13238700960304572,46.40893909306407,282,gradual,0.0,0
0,47,0.5992769312681799,0.18263332029710874,48.550206948146254,281,gradual,0.0,0
0,48,0.5771772412783542,0.17711991267667362,46.9443207852854,280,gradual,0.0,0
0,49,0.5537317750420419,0.1900665923488639,46.21120118520458,279,gradual,0.0,0
0,50,0.6237794042330446,0.18273729089620866,48.27925459673047,278,gradual,0.0,0
0,51,0.8365456900903245,0.17714048123018658,51.41888774881067,277,gradual,0.0,0
0,52,0.6144932401576302,0.14481372284204663,48.91838296408472,276,gradual,0.0,0
0,53,0.5623804440755233,0.10428081677009572,47.07545183965643,275,gradual,0.0,0
0,54,0.6967919421483375,0.1685504412580562,50.80609934765157,274,gradual,0.0,0
0,55,0.6251453926847325,0.16731109674683955,48.06859639142023,273,gradual,0.0,0
0,56,0.6219884509394491,0.151914513574963,47.4827522052412,272,gradual,0.0,0
0,57,0.5333565651865582,0.14999399703068766,48.261651530908146,271,gradual,0.0,0
0,58,0.5944247617442813,0.12345660334031168,49.0649137471038,270,gradual,0.0,0
0,59,0.6310617811721492,0.22829929327034476,47.34080329624064,269,gradual,0.0,0
0,60,0.39002371161750377,0.12547438660046206,46.231413071404056,268,gradual,0.0,0
0,61,0.4142211768348537,0.11156940952726778,44.43763257817437,267,gradual,0.0,0
0,62,0.6783588436002175,0.14926966359157456,48.91900620423741,266,gradual,0.0,0
0,63,0.6494567591791882,0.15929030813195627,50.802250538116226,265,gradual,0.0,0
0,64,0.510360163945219,0.17346830981057926,48.16303718688724,264,gradual,0.0,0
0,65,0.455509868939963,0.07313030766241364,46.927058540202566,263,gradual,0.0,0
0,66,0.5361308793506965,0.16882287964758008,47.84164215026253,262,gradual,0.0,0
0,67,0.43313945008612303,0.12511565750361317,45.139026260996026,261,gradual,0.0,0
0,68,0.5169879350018463,0.14591490676495714,,260,gradual,0.0,0
0,69,0.7152813339016217,0.2002114338485382,49.80109895409707,259,gradual,0.0,0
0,70,0.563236610869541,0.1783453455037014,46.49686980403292,258,gradual,0.0,0
0,71,0.6672015308385584,0.14457978624984955,48.98079378967342,257,gradual,0.0,0
0,72,0.5295365388532108,0.14914386799980542,47.67235082950374,256,gradual,0.0,0
0,73,0.5906430958501422,0.2137219488526981,48.07339415499801,255,gradual,0.0,0
0,74,0.6948558868790696,0.20799834108058343,49.53806123339287,254,gradual,0.0,0
0,75,0.42590698304305225,0.1679606016201722,45.65350365098771,253,gradual,0.0,0
0,76,0.5286226974065102,0.15165053860339464,45.99126999643102,252,gradual,0.0,0
0,77,0.5521745832376928,0.18234129328141818,47.42609791441998,251,gradual,0.0,0
0,78,0.6011601358618588,0.16982403287038828,46.0608053279787,250,gradual,0.0,0
0,79,0.7340066352421044,0.1537340712280559,48.857372932246626,249,gradual,0.0,0
0,80,0.6534250296313054,0.1325145377672651,49.6932112250587,248,gradual,0.0,0
0,81,0.44186398506200153,0.1583325608510563,47.84511113695301,247,gradual,0.0,0
0,82,0.5717868310714552,0.16612232877713587,48.02571423974924,246,gradual,0.0,0
0,83,0.517235022158721,0.18564146212700292,44.55580138319976,245,gradual,0.0,0
0,84,0.5228366807583953,0.13531371106432094,48.36243084461883,244,gradual,0.0,0
0,85,0.8257556708228344,0.22006165878352518,51.20212202354761,243,gradual,0.0,0
0,86,0.525857866654166,0.13886454510783997,,242,gradual,0.0,0
0,87,0.6649864316670782,0.20037506144383857,49.47436128414366,241,gradual,0.0,0
0,88,0.5792856209123252,0.17094264467250217,48.240768162637636,240,gradual,0.0,0
0,89,0.7465896021061058,0.15273729189645732,48.509315931041634,239,gradual,0.0,0
0,90,0.7057269865768434,0.13767373318747514,47.911501192947966,238,gradual,0.0,0
0,91,0.6931000117869928,0.1611586500342003,50.09039220589297,237,gradual,0.0,0
0,92,0.682830839222699,0.15575239168904947,46.63635521174062,236,gradual,0.0,0
0,93,0.8143531975425142,0.20404122817852371,51.10131659285915,235,gradual,0.0,0
0,94,0.6175428134755023,0.13655831191933746,48.45375933442817,234,gradual,0.0,0
0,95,0.6481013251898722,0.1156796314256307,49.48106719833874,233,gradual,0.0,0
0,96,0.6191219081199686,0.15661660446199646,49.89355453258957,232,gradual,0.0,0
0,97,0.8740838823315877,0.23855394351322398,52.54594337135776,231,gradual,0.0,0
0,98,0.7209337207799718,0.21557594755176282,50.924582666381156,230,gradual,0.0,0
0,99,0.6559816527601454,0.14156429369947593,49.410895492348516,229,gradual,0.0,0
0,100,0.726972928112928,0.15849105405651445,49.946902815114015,228,gradual,0.0,0
0,101,1.0276888479884825,0.20425023703219064,54.11802481705175,227,gradual,0.0,0
0,102,0.7754656290075991,0.15107930380247678,50.00975858811652,226,gradual,0.0,0
0,103,0.87930991972084,0.17319010777627059,50.353705464566644,225,gradual,0.0,0
0,104,0.848490141987543,0.16926647279172374,50.81260762713463,224,gradual,0.0,0
0,105,0.807931881755964,0.14210182047367387,48.80398769561381,223,gradual,0.0,0
0,106,0.7465992321926194,0.14918123183935286,49.11144570798019,222,gradual,0.0,0
0,107,0.7886103813077382,0.15697734610320743,52.221959326983686,221,gradual,0.0,0
0,108,0.7922073146768904,0.17877435986484885,50.7175733369876,220,gradual,0.0,0
0,109,0.6117544215038931,0.11923205743177415,47.854573360104,219,gradual,0.0,0
0,110,1.0961185936248796,0.20301118783301791,53.23868284037873,218,gradual,0.0,0
0,111,0.9333859886872771,0.15504424559978466,50.112037764841546,217,gradual,0.0,0
0,112,0.8556843009182074,0.1528409387494165,50.4056905925219,216,gradual,0.0,0
0,113,0.826215919820326,0.14049731167932972,49.808145759178615,215,gradual,0.0,0
0,114,0.769412075977542,0.28913546524859357,49.89506430771746,214,gradual,0.0,0
0,115,0.9444865228210861,0.22271062412440548,52.0710179909942,213,gradual,0.0,0
0,116,0.831303502702416,0.2146482006507903,50.55944083419906,212,gradual,0.0,0
0,117,0.8976958968209482,0.20475472828615415,49.51113279978498,211,gradual,0.0,0
0,118,0.7101144606062397,0.15564039021080583,50.61198033549486,210,gradual,0.0,0
0,119,0.885126897300254,0.18094571642467333,51.697634635799666,209,gradual,0.0,0
0,120,1.045051795253261,0.20240341691202532,53.17893175717643,208,gradual,0.0,0
0,121,0.8131387112421394,0.18534181176905742,50.05858110207956,207,gradual,0.0,0
0,122,0.9185278340134994,0.19947638014477373,52.08126489767307,206,gradual,0.0,0
0,123,0.8378635730690227,0.21975987110650044,51.91243862461989,205,gradual,0.0,0
0,124,0.9400334593782149,0.09456703920780678,52.49546149016785,204,gradual,0.0,0
0,125,0.9308493785703661,0.1657194445624066,50.61472944669904,203,gradual,0.0,0
0,126,0.8242971168691796,0.19260302586413833,49.2365616225073,202,gradual,0.0,0
0,127,0.7556598123727484,0.1549842765515806,47.29943203554213,201,gradual,0.0,0
0,128,0.8332697297675081,0.1681431977040858,50.70675365855229,200,gradual,0.0,0
0,129,0.8012693460837118,0.2144519471427654,,199,gradual,0.0,0
0,130,0.7273566849077866,0.16842238027918333,50.51091202380306,198,gradual,0.0,0
0,131,0.8264422132661959,0.22527691725819088,50.609321481782025,197,gradual,0.0,0
0,132,0.815304826886404,0.1693054185755815,51.15067922252728,196,gradual,0.0,0
0,133,0.6741188361583472,0.16440819434288345,,195,gradual,0.0,0
0,134,0.7425337553349198,0.131540925487816,49.96859803857661,194,gradual,0.0,0
0,135,1.0362123010066842,0.13121967294536138,52.84194552448895,193,gradual,0.0,0
0,136,0.8159961451476953,0.15757423420585837,49.65231802562151,192,gradual,0.0,0
0,137,0.7341482195424915,0.16419768608967467,47.65092021989404,191,gradual,0.0,0
0,138,0.9654247846218011,0.17345234362542863,53.252840800129036,190,gradual,0.0,0
0,139,0.6586570824613183,0.11456601715540143,46.16156516448495,189,gradual,0.0,0
0,140,0.44637367005298734,0.15475186176824013,46.48566287370545,188,gradual,0.0,0
0,141,0.4932537521719794,0.14142734431765452,45.617039029030735,187,gradual,0.0,0
0,142,0.5219589533059061,0.14211870005922017,47.365876925295076,186,gradual,0.0,0
0,143,0.6899969019962732,0.13404729577639685,48.217860029782656,185,gradual,0.0,0
0,144,0.7518728697201054,0.21251452452899686,50.261850752961024,184,gradual,0.0,0
0,145,0.4276731225564689,0.1769489568839723,45.39748672171222,183,gradual,0.0,0
0,146,0.74712409319019,0.17157109389559355,48.39964783214463,182,gradual,0.0,0
0,147,0.5036285716701528,0.13596445639441304,46.00106679373772,181,gradual,0.0,0
0,148,0.6433848184352654,0.159953039788647,46.57968577787767,180,gradual,0.0,0
0,149,0.6558480022618061,0.20429512411455272,48.61088567116402,179,gradual,0.0,0
0,150,0.6448173749242356,0.23654844822243284,49.241128986907995,178,gradual,0.0,0
0,151,0.5949170510253935,0.14779245947685446,48.016833047965804,177,gradual,0.0,0
0,152,0.6043233546592364,0.13536604910229275,47.813316668532394,176,gradual,0.0,0
0,153,0.4668184553904191,0.08080788095328122,47.342174711929935,175,gradual,0.0,0
0,154,0.6027433777569442,0.23170165267688395,46.514989788344224,174,gradual,0.0,0
0,155,0.6675795513671284,0.12053705747203113,49.01056840851094,173,gradual,0.0,0
0,156,0.6575248581936598,0.17880101076073987,48.340630474704284,172,gradual,0.0,0
0,157,0.8220933451262338,0.18286690044006224,49.83176811540529,171,gradual,0.0,0
0,158,0.6656726524932332,0.19314283287582465,48.971154958298634,170,gradual,0.0,0
0,159,0.6271851628797578,0.12354334687433878,46.811940791320374,169,gradual,0.0,0
0,160,0.7187500239156437,0.10915149026565175,48.9175469267137,168,gradual,0.0,0
0,161,0.575045562162759,0.14870589044144472,47.66110023890435,167,gradual,0.0,0
0,162,0.42115691315812964,0.14205813279243695,44.30868521702311,166,gradual,0.0,0
0,163,0.32605608558718624,0.15519542227783956,44.09426191688123,165,gradual,0.0,0
0,164,0.6782816670459153,0.10288958615288886,49.07785489462597,164,gradual,0.0,0
0,165,0.608692621184062,0.13321681879337482,48.66494211241631,163,gradual,0.0,0
0,166,0.6385607207706845,0.14159767887056257,47.12563124711491,162,gradual,0.0,0
0,167,0.5231528331995353,0.0979546511276126,47.57867604140319,161,gradual,0.0,0
0,168,0.5941883980588425,0.14019769957225886,47.233257577329695,160,gradual,0.0,0
0,169,0.7518496760474667,0.18370235118956085,49.50947402955599,159,gradual,0.0,0
0,170,0.6016240704631252,0.14449854986894178,47.061537335080004,158,gradual,0.0,0
0,171,0.4617203035334941,0.08911035297584376,46.708036092130705,157,gradual,0.0,0
0,172,0.5358376639781182,0.14951000340759885,46.10833594297699,156,gradual,0.0,0
0,173,0.7237570172912624,0.1823111401779246,49.34741940957849,155,gradual,0.0,0
0,174,0.48303741194831257,0.15001184136877488,46.5512249076863,154,gradual,0.0,0
0,175,0.34117136916722723,0.14422589362984178,45.22126449939417,153,gradual,0.0,0
0,176,0.3776595657174246,0.0741705549711952,43.86097315512249,152,gradual,0.0,0
0,177,0.48132656760773884,0.14718861483016088,46.914428187576576,151,gradual,0.0,0
0,178,0.7037125021686004,0.1720196784577602,48.83860906213251,150,gradual,0.0,0
0,179,0.6415203900579018,0.13676545766768344,49.50708017552874,149,gradual,0.0,0
0,180,0.5661548497194522,0.13922891443829688,46.80340691602138,148,gradual,0.0,0
0,181,0.5228429057048379,0.1135183454578821,46.05562633308032,147,gradual,0.0,0
0,182,0.6496538467750643,0.18550424883943784,48.084350387703786,146,gradual,0.0,0
0,183,0.654967359742934,0.13981320121352372,47.888716585309496,145,gradual,0.0,0
0,184,0.6245411915654695,0.11744924266786573,47.66239750336565,144,gradual,0.0,0
0,185,0.6665025359369123,0.15518618319960928,47.06313490579676,143,gradual,0.0,0
0,186,0.6248448253090378,0.14891169460839457,45.74578142636711,142,gradual,0.0,0
0,187,0.8916149365136135,0.19042846197859453,49.55616292923773,141,gradual,0.0,0
0,188,0.4846767555523233,0.10714217450720843,45.54591237934884,140,gradual,0.0,0
0,189,0.7435702965581198,0.13593345391936382,49.668230451424414,139,gradual,0.0,0
0,190,0.639748146557146,0.15793345933253403,47.67789001430471,138,gradual,0.0,0
0,191,0.8214894744031207,0.23040858412726023,49.206715623923365,137,gradual,0.0,0
0,192,0.7367440897800162,0.16923875623903192,48.989878894309435,136,gradual,0.0,0
0,193,0.8059984655509739,0.12063106163381185,50.03500968593098,135,gradual,0.0,0
0,194,0.8313805263188362,0.1688634434461718,53.034943255879206,134,gradual,0.0,0
0,195,0.8072207624640461,,51.25894906466187,133,gradual,0.0,0
0,196,0.8938633953360812,0.11376036916043841,51.20402168019685,132,gradual,0.0,0
0,197,0.6632498855778152,0.12711935450367132,46.79082967528425,131,gradual,0.0,0
0,198,0.9047380705591707,0.15282785865835075,50.96365236873419,130,gradual,0.0,0
0,199,0.7943439013541247,0.17221905527840134,49.50643361647736,129,gradual,0.0,0
0,200,0.8604415285967684,0.2053638213381407,51.15576559855587,128,gradual,0.0,0
0,201,0.9836103052371596,0.21127339705241585,54.197229718795754,127,gradual,0.0,0
0,202,0.9453929698148444,0.19767494788967954,51.54752204164498,126,gradual,0.0,0
0,203,1.035730851083074,0.1686904183177255,50.72297207698849,125,gradual,0.0,0
0,204,0.6160415554753306,0.14702100701370308,47.53698283525968,124,gradual,0.0,0
0,205,0.7486284825858149,0.15338682334002693,47.56402858968964,123,gradual,0.0,0
0,206,0.9430904842535753,0.21493829197387315,52.40972697866239,122,gradual,0.0,0
0,207,0.735392910238804,0.13348507550761382,50.18081954349558,121,gradual,0.0,0
0,208,0.8313102187055996,0.14538626330216292,50.55903393035823,120,gradual,0.0,0
0,209,1.0207825700609081,0.2244229129679557,51.00897278314013,119,gradual,0.0,0
0,210,0.9372052295969464,0.1888793050880585,51.31035665826778,118,gradual,0.0,0
0,211,0.7525645597370358,0.14065928899671418,50.483178786481794,117,gradual,0.0,0
0,212,0.8925485280911915,0.17206222935822812,49.94292933068125,116,gradual,0.0,0
0,213,0.9094020694614277,0.1730453989672648,50.55324866137499,115,gradual,0.0,0
0,214,0.8486519600205896,0.16842012234543013,50.66859295214004,114,gradual,0.0,0
0,215,0.8282576678115082,0.18475732307084547,50.66210206684962,113,gradual,0.0,0
0,216,0.8482261822507474,0.17346553420505145,50.48073484509496,112,gradual,0.0,0
0,217,0.6791687103996951,0.14099321933961484,48.70928575918785,111,gradual,0.0,0
0,218,0.8364306380307539,0.1458678222579774,50.4611917364283,110,gradual,0.0,0
0,219,0.7210821305771363,0.09827010987199358,48.28505393067993,109,gradual,0.0,0
0,220,0.8505861526278352,0.149010214315821,,108,gradual,0.0,0
0,221,0.8470984095300438,0.19606728425201514,50.654900136781315,107,gradual,0.0,0
0,222,0.7073691339115884,0.15530922183329804,47.5994964824772,106,gradual,2.3009243348835296e-09,0
0,223,0.8499457934714645,0.1420734421355148,50.593063214770794,105,gradual,9.346324876664409e-06,0
0,224,0.8158850205194902,0.1511065884864543,50.084503515946906,104,gradual,5.04489623567599e-05,0
0,225,0.7673523876225032,0.12808070618113193,49.8638982648062,103,gradual,0.00013678321540286164,0
0,226,0.8350740032411128,0.1688865316417223,50.56148978109585,102,gradual,0.0002784537251521528,0
0,227,0.7218594815359201,0.20996165457880572,47.80550461958763,101,gradual,0.0004839439681268,0
0,228,0.7151264121996543,0.20347330690543228,47.5159755464271,100,gradual,0.0007607165898256225,0
0,229,0.7415249693520581,0.18788448061921367,49.343046470121564,99,gradual,0.0011155131268322108,0
0,230,0.7178740451092434,0.17342835340526308,48.66159314358984,98,gradual,0.0015545301340107308,0
0,231,0.8279542755848819,0.15379399477521397,50.238146459021074,97,gradual,0.002083533321588566,0
0,232,0.4662215690688912,0.08998081230361774,45.23916947895847,96,gradual,0.002707936593883076,0
0,233,0.6624307217032526,0.14652849905653553,46.88681508137252,95,gradual,0.003432859490110764,0
0,234,0.48187424567306786,0.11650455746876895,46.27459493259349,94,gradual,0.00426317049552054,0
0,235,0.6207137386607764,0.16873347651862758,47.55172132849451,93,gradual,0.005203520662527448,0
0,236,0.6866499889733861,0.15557731195601177,49.10130253501609,92,gradual,0.006258370332615863,0
0,237,0.6514691820258526,0.13121840078709293,49.17049762145835,91,gradual,0.0074320107934361555,0
0,238,0.7380852152915408,0.17131459346184622,50.22707668678373,90,gradual,0.008728582121899014,0
0,239,0.6635381576236487,0.23974317414234547,49.246477926714554,89,gradual,0.010152088092662196,0
0,240,0.3482088138147051,0.09663702180723585,43.53482929786774,88,gradual,0.011706408786576916,0
0,241,0.5014213882575944,0.17383525514006126,44.24367070572841,87,gradual,0.013395311367360382,0
0,242,0.7603593561353187,0.18341715371924078,48.87030416432844,86,gradual,0.015222459378836754,0
0,243,0.7527383264495378,0.16364737023316608,48.20919246815073,85,gradual,0.017191420832435755,0
0,244,0.5989857760746519,0.13133724650327355,,84,gradual,0.019305675294522446,0
0,245,0.42666246812433684,0.1406620787212356,46.21884913735513,83,gradual,0.02156862013863063,0
0,246,0.7923287698856858,0.18300521131967842,48.37390030551867,82,gradual,0.0239835760942054,0
0,247,0.35929811662207434,0.16138819870302865,45.73526114209902,81,gradual,0.02655379219793273,0
0,248,0.5943521182110678,0.18387075097119246,48.776261054932384,80,gradual,0.029282450234010868,0
0,249,0.5534636103541566,0.17112265636071725,49.89167431438417,79,gradual,0.03217266873430056,0
0,250,0.5783993405770573,0.14612239767004473,48.611271829734974,78,gradual,0.03522750659711114,0
0,251,0.43309894537246113,0.1650868396474863,47.97116733053293,77,gradual,0.03844996637366176,0
0,252,0.5071772221165562,0.15199397513049073,46.171364452480205,76,gradual,0.041842997263435246,0
0,253,0.6525123993896207,0.15149842132591138,47.925764556711144,75,gradual,0.04540949785329248,0
0,254,0.49422921630633027,0.19843319706454451,47.739412216193486,74,gradual,0.04915231863002294,0
0,255,0.4039768470594586,0.14671568540677282,44.42109111546039,73,gradual,0.05307426429172818,0
0,256,0.5403709806461595,0.14727254395449366,48.57107432235164,72,gradual,0.05717809587988885,0
0,257,0.5513055921348828,0.19070247535270424,47.35037690217679,71,gradual,0.06146653275100496,0
0,258,0.5299200795392318,0.1323049751833883,45.46804282307713,70,gradual,0.06594225440421575,0
0,259,0.4662242939876925,0.18666460566590837,,69,gradual,0.07060790217920873,0
0,260,0.6021183119023623,0.21928010482651744,47.31830525150254,68,gradual,0.07546608083695035,0
0,261,0.5385914929252511,0.1919293614979378,50.24569084236506,67,gradual,0.08051936003425533,0
0,262,0.4373647927759523,0.20711014226809588,45.13585523557955,66,gradual,0.08577027570191469,0
0,263,0.5816833341598185,0.28322570789647467,47.576866888031425,65,gradual,0.09122133133498743,0
0,264,0.5618928873329013,0.26468975077639123,48.48187745201584,64,gradual,0.09687499920289812,0
0,265,0.5852206627822911,0.2575404669010306,48.64762763223556,63,gradual,0.10273372148614864,0
0,266,0.40630306501400826,0.23648286251068762,44.997147393785696,62,gradual,0.10879991134572652,0
0,267,0.5066591607044133,0.21815779433217325,47.98089512059758,61,gradual,0.11507595393065924,0
0,268,0.6370460919414628,0.24772422057065902,49.720007764441426,60,gradual,0.12156420732860956,0
0,269,0.6926618903013587,0.25477277736369375,50.75448550127072,59,gradual,0.12826700346391928,0
0,270,0.642549641524703,0.26595546417836846,48.19448693756592,58,gradual,0.13518664894708085,0
0,271,0.6327673986984078,0.2743991734071691,49.184313550850334,57,gradual,0.14232542587923594,0
0,272,0.6989417267116144,0.25964812799920944,50.58627425924505,56,gradual,0.1496855926149653,0
0,273,0.7343953097288138,0.3427861007066427,52.03543889115858,55,gradual,0.15726938448633462,0
0,274,0.8227979641468006,0.27865875004773827,52.573015962561705,54,gradual,0.16507901449089699,0
0,275,0.7032307975662321,0.31717553335017623,50.745451783187825,53,gradual,0.17311667394611416,0
0,276,0.6097077394022482,0.33633370443123795,49.668613936584016,52,gradual,0.18138453311244687,0
0,277,0.724839674445626,0.32314686186384534,53.060176912190265,51,gradual,0.18988474178717485,0
0,278,0.4921771489547992,0.29036688101364033,48.121285993157166,50,gradual,0.19861942987083545,0
0,279,0.7037673166857357,0.3396178795727759,51.91038457712974,49,gradual,0.2075907079080167,0
0,280,0.6641355886779869,0.40186004781694357,49.1056584038693,48,gradual,0.21680066760409986,0
0,281,0.716787042815061,0.37617013008076994,53.74705323699335,47,gradual,0.22625138231942418,0
0,282,0.7785560876219675,0.3635954842603508,53.39168998694795,46,gradual,0.23594490754223002,0
0,283,0.7446067877054554,0.39602099282364206,50.91506188625941,45,gradual,0.24588328134163445,0
0,284,0.6041605208271918,0.3690479700218024,51.746249342921956,44,gradual,0.2560685248018,0
0,285,0.7231199584746795,0.3395909707444009,54.112471849564784,43,gradual,0.2665026424383717,0
0,286,0.6880025780826212,0.4100078126461062,53.281233978612526,42,gradual,0.2771876225981797,0
0,287,0.775195071165216,0.4524308536139373,53.74910050390115,41,gradual,0.2881254378431336,0
0,288,0.8219378824631997,0.47072691337240585,55.24815915547989,40,gradual,0.2993180453191705,0
0,289,0.6975819089730982,0.43328572317157293,,39,gradual,0.310767387111059,0
0,290,0.8751832737460176,0.4204990429504311,55.135081866325024,38,gradual,0.32247539058380476,0
0,291,0.9392929456027924,0.5161560741553093,55.980627136772,37,gradual,0.33444396871135856,0
0,292,0.788716375831078,0.4730051679840253,54.790471907361045,36,gradual,0.34667502039327497,0
0,293,0.8948587912906243,0.5215041113801434,55.132743100684245,35,gradual,0.35917043075993343,0
0,294,0.679308686454128,0.525214541597785,55.15827122837963,34,gradual,0.37193207146688967,0
0,295,0.7784669105880374,0.5230215323194259,55.04234299712772,33,gradual,0.38496180097889354,0
0,296,0.9333495618138511,0.5380319196279086,56.1468847215575,32,gradual,0.39826146484407254,0
0,297,0.6641243386403075,0.5086639699051426,53.98098364832796,31,gradual,0.4118328959587522,0
0,298,0.7931372191860684,0.5396545897467627,56.32065037214643,30,gradual,0.42567791482335454,0
0,299,0.7565829596530761,0.5635077600742037,55.77461096770321,29,gradual,0.4397983297897886,0
0,300,0.962924561583449,0.5815670454983431,59.522027013135144,28,gradual,0.45419593730072616,0
0,301,0.9636870128930601,0.6203146233275337,58.29529495039542,27,gradual,0.46887252212112795,0
0,302,0.7870816137960052,0.5483197249624504,55.98815452053678,26,gradual,0.48382985756236907,0
0,303,0.8615233901685565,0.5979737682070427,58.382496623321614,25,gradual,0.4990697056992891,0
0,304,0.5868571069310881,0.6164094019677655,56.09823977519335,24,gradual,0.5145938175804765,0
0,305,0.9315615077122251,0.643642747001563,58.2282008336616,23,gradual,0.5304039334320787,0
0,306,0.8792094897899295,0.65867208305205,57.22204448060918,22,gradual,0.5465017828554133,0
0,307,0.9738925637371918,0.6649867952571199,59.54806710019099,21,gradual,0.5628890850186414,0
0,308,0.5987208525924972,0.7000322625742963,55.865268916048876,20,gradual,0.5795675488427494,1
0,309,0.868053800598416,0.7700574288886631,58.39973360053102,19,gradual,0.5965388731820733,1
0,310,0.793074579379857,0.7001957963855191,58.9516696745934,18,gradual,0.6138047469995873,1
0,311,0.5616917272111281,0.7599116696941433,55.414309613566054,17,gradual,0.6313668495371665,1
0,312,0.7475639122621323,0.7160057446773526,59.66903247783048,16,gradual,0.6492268504810229,1
0,313,0.8022156009974843,0.7861621484062784,58.520056259240775,15,gradual,0.6673864101225048,1
0,314,0.8835037272555918,0.746910183940967,60.047024824380905,14,gradual,0.6858471795144384,1
0,315,0.8152231294686091,0.8329930505875424,60.49530612213645,13,gradual,0.704610800623184,1
0,316,0.7359709071006837,0.829709685672845,60.43543152864774,12,gradual,0.723678906476568,1
0,317,0.823721787569063,0.8598360370348849,62.02707753548124,11,gradual,0.7430531213078474,1
0,318,0.7596097936769767,0.9048039557724602,59.944744079831736,10,gradual,0.7627350606958514,1
0,319,0.6963134559750279,0.8990775844400379,60.19447251560132,9,gradual,0.7827263317014437,1
0,320,0.6499369390623437,0.8953693408085757,60.46500212462717,8,gradual,0.8030285330004376,1
0,321,0.7572696695490132,0.9011280342469914,62.95105947602706,7,gradual,0.8236432550130921,1
0,322,0.7482690036213752,0.9462178552438923,60.842553756378415,6,gradual,0.8445720800303104,1
0,323,0.9067992232321507,0.9588465253088532,62.71114879288954,5,gradual,0.8658165823366576,1
0,324,0.667438983273807,0.9650328352154932,,4,gradual,0.8873783283303086,1
0,325,0.8629613804864887,1.0610995956148148,63.83672775384527,3,gradual,0.9092588766400327,1
0,326,0.727503380523812,1.0514201733015214,64.14612266706139,2,gradual,0.9314597782393159,1
0,327,0.8001606563939625,1.0619085347281199,64.03645949240129,1,gradual,0.953982576557717,1
0,328,0.5817460019862755,1.0733881775899619,62.06094669848369,0,gradual,0.9768288075895528,1
1,0,0.6158638909124887,0.14297010539856173,39.59166613999076,321,abrupt,0.0,0
1,1,0.6190701419012253,0.07744503699735768,41.44861190609884,320,abrupt,0.0,0
1,2,0.5753260044225587,0.12208230725391217,40.52061949505935,319,abrupt,0.0,0
1,3,0.709188522709439,0.06654793563790141,42.05093629201637,318,abrupt,0.0,0
1,4,0.79072358565252,0.11908975447774024,43.06269768909677,317,abrupt,0.0,0
1,5,0.8316998287627925,0.10487039290424058,42.42706961003012,316,abrupt,0.0,0
1,6,0.7888322108745831,0.10365529934463488,42.52554502705123,315,abrupt,0.0,0
1,7,0.7473469506486422,0.08384220280976176,42.55409145935238,314,abrupt,0.0,0
1,8,0.985712344883613,0.12813667848123958,46.494809716967076,313,abrupt,0.0,0
1,9,0.948303287272965,0.1429029278377823,44.701642050694346,312,abrupt,0.0,0
1,10,0.9046530228831886,0.06914988934942182,43.9897532671964,311,abrupt,0.0,0
1,11,0.8261641193704496,0.11548890877744925,42.18650918515221,310,abrupt,0.0,0
1,12,0.945075287437064,0.13180709406555124,45.42555399559233,309,abrupt,0.0,0
1,13,0.749453237057656,0.1329234020988293,41.79937298263835,308,abrupt,0.0,0
1,14,0.703980377677669,0.12265895911238889,41.75367564792559,307,abrupt,0.0,0
1,15,0.8981197969147409,0.09118550890102133,44.22025751191852,306,abrupt,0.0,0
1,16,0.8567035912618604,0.15065666790017954,42.553170419841884,305,abrupt,0.0,0
1,17,0.9472363501336618,0.10031609112208802,44.703225407826196,304,abrupt,0.0,0
1,18,0.7667877191766039,0.13034408838193876,43.36889462430709,303,abrupt,0.0,0
1,19,0.8754692284342094,0.12767270942879477,42.66640957860085,302,abrupt,0.0,0
1,20,0.7429548592764721,0.09670348017299546,41.436716215654016,301,abrupt,0.0,0
1,21,0.8117357998712837,0.0909659408383971,41.96223929681299,300,abrupt,0.0,0
1,22,0.8908171817983638,0.11631183315982849,43.82126879766345,299,abrupt,0.0,0
1,23,0.8352762219277469,0.16226125562160784,45.133907668892505,298,abrupt,0.0,0
1,24,0.7448255126980614,0.13311292096426533,42.28805067514346,297,abrupt,0.0,0
1,25,0.6896862632800358,0.09347640771433982,42.534801755103885,296,abrupt,0.0,0
1,26,0.7905934271606052,0.138369795614221,42.74833235642562,295,abrupt,0.0,0
1,27,0.7312788550901187,0.1628275556654245,41.37323160020363,294,abrupt,0.0,0
1,28,0.6726987986946592,0.1741155279287878,41.09971989412519,293,abrupt,0.0,0
1,29,0.8174016874751028,0.06694539713771813,43.05286845380452,292,abrupt,0.0,0
1,30,0.7098538472055291,0.13351357646542206,41.33342629097201,291,abrupt,0.0,0
1,31,0.918517766346945,0.14897416212894712,43.96044783248564,290,abrupt,0.0,0
1,32,0.9888390457779525,0.1041976969765231,44.95400827395815,289,abrupt,0.0,0
1,33,0.8836984684049151,0.06634710911967065,42.97588394054665,288,abrupt,0.0,0
1,34,1.0402318123469598,0.16902179064063022,46.98920460689464,287,abrupt,0.0,0
1,35,0.6296274659402604,0.09317461138252207,40.978291821766035,286,abrupt,0.0,0
1,36,0.5687792159131795,0.05501943396314264,39.69086482265829,285,abrupt,0.0,0
1,37,0.7140895649198035,0.07997184657426257,40.98338267181469,284,abrupt,0.0,0
1,38,0.5410838169657021,0.12356563945250136,39.8413532272212,283,abrupt,0.0,0
1,39,0.7191921876910413,0.17747795913484035,40.83763829261664,282,abrupt,0.0,0
1,40,0.7809075958114895,0.1436642745308567,41.10433322416503,281,abrupt,0.0,0
1,41,0.7589785365227895,0.08881596904160771,41.7057937471336,280,abrupt,0.0,0
1,42,0.7666143159947161,0.1528901194258172,43.39944875886028,279,abrupt,0.0,0
1,43,0.6373330511150952,0.05129148719686739,40.4062969935991,278,abrupt,0.0,0
1,44,0.639908399129792,0.13714342147636446,40.80785944045771,277,abrupt,0.0,0
1,45,0.6600415954468689,0.13627017432718386,39.918120731395895,276,abrupt,0.0,0
1,46,0.6192708200336018,0.15985417407949512,40.887185810041586,275,abrupt,0.0,0
1,47,0.70746967472825,0.1407254061237974,40.889447855467466,274,abrupt,0.0,0
1,48,0.5646868866310638,0.13708598818041612,39.14806335437583,273,abrupt,0.0,0
1,49,0.5917155349431513,0.10806686826360594,39.264602471464194,272,abrupt,0.0,0
1,50,0.5184125014740104,0.09032775274697531,39.01708025769339,271,abrupt,0.0,0
1,51,0.6756223285877615,0.11061409105904754,39.987180759126,270,abrupt,0.0,0
1,52,0.5850508328732247,0.1619207186904898,39.53580467819484,269,abrupt,0.0,0
1,53,0.579778487419169,0.08705805012985524,39.679280691600475,268,abrupt,0.0,0
1,54,0.5125535290259765,0.09846567179445137,38.10909482034696,267,abrupt,0.0,0
1,55,0.3795833465979753,0.07844434704840078,35.52806612323026,266,abrupt,0.0,0
1,56,0.5074708190630122,0.11997544342635905,39.42271422748717,265,abrupt,0.0,0
1,57,0.33386044139383775,0.10396002412258347,35.666827542271925,264,abrupt,0.0,0
1,58,0.5411109020944949,0.16278903359269192,37.44943126982894,263,abrupt,0.0,0
1,59,0.42392937400157993,0.16005518017986073,37.9795266029705,262,abrupt,0.0,0
1,60,0.6736875503996298,0.14361329423229552,40.91911302578104,261,abrupt,0.0,0
1,61,0.48398230889701355,0.12525809900325355,39.78548180882804,260,abrupt,0.0,0
1,62,0.5427815478042093,0.09797348502547583,40.65840967273334,259,abrupt,0.0,0
1,63,0.5031012341669935,0.05496239943951933,36.72414749881262,258,abrupt,0.0,0
1,64,0.4421742219533364,0.10097528824219944,37.605273358969505,257,abrupt,0.0,0
1,65,0.40691060376486354,0.0951470171165591,38.013818940607344,256,abrupt,0.0,0
1,66,0.31514296376146517,0.054554780407037255,35.30815009900498,255,abrupt,0.0,0
1,67,0.5071161009038098,0.10633184221521155,40.06963291600941,254,abrupt,0.0,0
1,68,0.3763241956535853,0.12122255925377877,37.7092772241462,253,abrupt,0.0,0
1,69,0.6982226584195943,0.08434778879633811,40.55966934719,252,abrupt,0.0,0
1,70,0.46601652464298443,0.12379905899647672,37.91567923162124,251,abrupt,0.0,0
1,71,0.5435049004963473,0.11417498275642132,39.67713006833926,250,abrupt,0.0,0
1,72,0.6106312992830737,0.08948700202980048,42.25722051280525,249,abrupt,0.0,0
1,73,0.608262058806095,0.10896130449485779,42.038969523100775,248,abrupt,0.0,0
1,74,0.7503384615684567,0.13661653675175092,40.415985887581,247,abrupt,0.0,0
1,75,0.6384539601899587,0.10189797107624982,41.08945376499009,246,abrupt,0.0,0
1,76,0.6080077915679428,0.10365621986188314,38.664986395467174,245,abrupt,0.0,0
1,77,0.6563687834916211,0.14790264630711938,40.56701010377712,244,abrupt,0.0,0
1,78,0.8328998366638114,0.13551629301263804,41.83077059102742,243,abrupt,0.0,0
1,79,0.7694743720249518,0.13108881415555268,41.761064549516476,242,abrupt,0.0,0
1,80,0.5090837545970898,0.0844457421171153,38.48475700387147,241,abrupt,0.0,0
1,81,0.6964085413954284,0.1317577612454663,41.52471476466013,240,abrupt,0.0,0
1,82,0.6368711153775851,0.15211529973675222,39.7018391086921,239,abrupt,0.0,0
1,83,0.7410208812572939,0.08485984438372661,42.3823958610316,238,abrupt,0.0,0
1,84,0.8130123242732429,0.0677818825148422,42.43372397094236,237,abrupt,0.0,0
1,85,0.7622606535509089,,41.031664121409335,236,abrupt,0.0,0
1,86,0.8320064026897653,0.11446514749886788,44.21431520288389,235,abrupt,0.0,0
1,87,0.9495908000728774,0.09509042781123275,44.508609930161946,234,abrupt,0.0,0
1,88,0.61799115031332,0.054734474727130604,39.98921699960028,233,abrupt,0.0,0
1,89,0.7962570375233752,0.1656882070444825,42.42263971445595,232,abrupt,0.0,0
1,90,0.8144181652837778,0.10454471831753119,43.2445753837159,231,abrupt,0.0,0
1,91,0.8611795635281815,0.09530665833528605,42.972380347434594,230,abrupt,0.0,0
1,92,0.8329430695764463,0.03156484927083751,42.164339029434615,229,abrupt,0.0,0
1,93,0.9211662427384149,0.15065932505770974,43.6666051249904,228,abrupt,0.0,0
1,94,0.832755173763828,0.07127003587372042,42.20830494844638,227,abrupt,0.0,0
1,95,0.8824498734578737,0.16057804849651602,42.81340994733037,226,abrupt,0.0,0
1,96,0.6881697897759665,0.12645422114730592,42.60820996169103,225,abrupt,0.0,0
1,97,0.8644563793201677,0.1263194743333512,43.89652088010302,224,abrupt,0.0,0
1,98,0.7263741565725167,0.10512644101962382,42.78068718422737,223,abrupt,0.0,0
1,99,0.9049300148991051,0.15102924527103578,43.099226099319516,222,abrupt,0.0,0
1,100,1.022484565965585,0.11190137503688757,43.26673230398665,221,abrupt,0.0,0
1,101,0.8404863493062313,0.12941915227362208,42.441295786479145,220,abrupt,0.0,0
1,102,0.8872556156935683,0.1059291192304005,43.89545793105453,219,abrupt,0.0,0
1,103,0.9153063832236301,0.11309790102175792,43.221091485185156,218,abrupt,0.0,0
1,104,0.9746617804186417,0.17349333362488717,44.60248359064706,217,abrupt,0.0,0
1,105,0.9110582933905553,0.15590878746329395,42.70545540275393,216,abrupt,0.0,0
1,106,0.9502398385088261,0.09635532980768692,44.612960663492295,215,abrupt,0.0,0
1,107,0.7687459484835444,0.0877232956631317,41.5095186970774,214,abrupt,0.0,0
1,108,0.8069602209988791,0.11721094802535588,42.397239462950694,213,abrupt,0.0,0
1,109,0.6614989415458766,0.10338599118972798,41.30718353620027,212,abrupt,0.0,0
1,110,1.0179056720115642,0.14332669957216632,44.18925338663406,211,abrupt,0.0,0
1,111,0.6713713590431618,0.09641771395583824,39.699348911455004,210,abrupt,0.0,0
1,112,0.8702988292812756,0.08806102999175222,42.33174253342658,209,abrupt,0.0,0
1,113,0.7850577894156685,0.1394814051246534,42.68267844741642,208,abrupt,0.0,0
1,114,0.7701401269412951,0.10688134179403184,41.59715519648272,207,abrupt,0.0,0
1,115,0.6306079245563679,0.12608064626587986,41.29849440797256,206,abrupt,0.0,0
1,116,0.7319705491409572,0.08405948311513539,41.98663749347899,205,abrupt,0.0,0
1,117,0.7327548815104601,0.15700433385575827,42.563187701738364,204,abrupt,0.0,0
1,118,0.7533582190668824,0.12086768417888265,41.89026373283048,203,abrupt,0.0,0
1,119,0.6671802975326295,0.1152607531048187,41.861490866384045,202,abrupt,0.0,0
1,120,0.7128988444995755,0.1215495134197876,41.946434661346885,201,abrupt,0.0,0
1,121,0.581729947223915,0.05453014644729774,37.735490099668134,200,abrupt,0.0,0
1,122,0.7857779737696099,0.13558434620968907,43.497635093866556,199,abrupt,0.0,0
1,123,0.5895631907077851,0.08690495780216057,40.59256638661291,198,abrupt,0.0,0
1,124,1.0017949267013213,0.09286027769344199,44.27599225170953,197,abrupt,0.0,0
1,125,0.6015833267176971,0.11497264254703557,38.6808628942295,196,abrupt,0.0,0
1,126,0.5583263319699003,0.1529307208919292,37.51507006331232,195,abrupt,0.0,0
1,127,0.6314113416531922,0.08368303233161312,40.370632935510955,194,abrupt,0.0,0
1,128,0.5908947837205855,0.14949430367724567,38.89077249140527,193,abrupt,0.0,0
1,129,0.7040362533318063,0.042075952964195105,39.94255326977709,192,abrupt,0.0,0
1,130,0.7094693394583261,0.11863000081640551,40.17772342162938,191,abrupt,0.0,0
1,131,0.5192195753932332,0.0800766880919632,37.25055945184403,190,abrupt,0.0,0
1,132,0.5085090676941402,0.10515469792348185,39.671224079295186,189,abrupt,0.0,0
1,133,0.4951841383916174,0.16169434187054663,37.70794223459789,188,abrupt,0.0,0
1,134,0.6121779474747959,0.12408972987173167,39.95302741064422,187,abrupt,0.0,0
1,135,0.6590062527516888,0.06101339891945467,40.688228611305085,186,abrupt,0.0,0
1,136,0.6246394572018789,0.14865149234491035,40.48290638575571,185,abrupt,0.0,0
1,137,0.5425172255085103,0.06718775808388677,38.96920055523228,184,abrupt,0.0,0
1,138,0.5593924842061705,0.0830293699479411,40.143989061104115,183,abrupt,0.0,0
1,139,0.6215792706675813,0.07643704109013333,39.47356096439368,182,abrupt,0.0,0
1,140,0.6803602794420213,0.11138493077329016,42.88280800836162,181,abrupt,0.0,0
1,141,0.5545671487669878,0.0965160550692476,37.68402050380404,180,abrupt,0.0,0
1,142,0.6777796811014271,0.15691446627635114,41.423101752350576,179,abrupt,0.0,0
1,143,0.5310529698686023,0.10906877184048228,41.142729207776945,178,abrupt,0.0,0
1,144,0.5884378175148953,0.12306725877130316,38.699641692316746,177,abrupt,0.0,0
1,145,0.6862528515744957,0.10304388358447024,42.23797571720136,176,abrupt,0.0,0
1,146,0.4942834511542193,0.13059149600008785,40.547180174151904,175,abrupt,0.0,0
1,147,0.4154100480299458,0.06001543742936003,37.11759277423795,174,abrupt,0.0,0
1,148,0.4838111460331419,0.05180092733636138,39.910498075020705,173,abrupt,0.0,0
1,149,0.5877759583468136,,,172,abrupt,0.0,0
1,150,0.5082577852635757,0.12012768207381248,38.976082995293886,171,abrupt,0.0,0
1,151,0.6077218794305461,0.1046899870202569,,170,abrupt,0.0,0
1,152,0.7662345412905637,0.18101223031476135,40.79740079316841,169,abrupt,0.0,0
1,153,0.6052663555072388,0.07579862892194353,38.739735492158935,168,abrupt,0.0,0
1,154,0.7831255786884225,0.15689356499618945,41.387609444698136,167,abrupt,0.0,0
1,155,0.7487799059255998,0.15798604350828235,40.053190728311684,166,abrupt,0.0,0
1,156,0.5686351524212226,0.06317927310811432,39.556755588881266,165,abrupt,0.0,0
1,157,0.7818700944817327,0.1303871300825236,42.06379870956013,164,abrupt,0.0,0
1,158,0.7834858211449836,0.13749025785307867,43.046525588223204,163,abrupt,0.0,0
1,159,0.8068482885800515,0.11090707066887898,42.63827782315108,162,abrupt,0.0,0
1,160,0.742237510835484,0.10735587589395568,41.28597418889112,161,abrupt,0.0,0
1,161,0.7601965268786888,0.11058328260417542,41.34197393599932,160,abrupt,0.0,0
1,162,0.6895824556122241,0.08174400921704032,43.26347691259897,159,abrupt,0.0,0
1,163,0.6691175162413028,0.06491177043369412,39.01918533734281,158,abrupt,0.0,0
1,164,0.7621624132239019,0.1361400394638693,40.35091361279327,157,abrupt,0.0,0
1,165,0.8488205721436135,0.12430185930251411,44.94752799528174,156,abrupt,0.0,0
1,166,0.729027319576206,0.11134586958030404,42.34273869083517,155,abrupt,0.0,0
1,167,0.9604234039922384,0.14004970582287324,44.23307961183433,154,abrupt,0.0,0
1,168,0.763991407872415,0.08776355055732939,42.2259714370311,153,abrupt,0.0,0
1,169,0.8492473788145678,0.09766498474053661,43.70465536292766,152,abrupt,0.0,0
1,170,0.6914859905581765,0.1325066236736695,39.35184554008475,151,abrupt,0.0,0
1,171,0.9867255903268288,0.1253293853718843,44.04409627940914,150,abrupt,0.0,0
1,172,0.9112449840359316,0.1357398629626127,44.162363401531444,149,abrupt,0.0,0
1,173,0.9737983799884485,0.15744993237344784,44.859408650173876,148,abrupt,0.0,0
1,174,0.729982133939771,0.16313200580453996,42.37680881437749,147,abrupt,0.0,0
1,175,0.99741384954559,0.09823897918992376,44.72122591935096,146,abrupt,0.0,0
1,176,0.9043905388239826,0.10290443585266698,43.00581663923754,145,abrupt,0.0,0
1,177,0.7982908885475168,0.07046845107595977,41.48511805631549,144,abrupt,0.0,0
1,178,0.8210140574770416,0.09424487673860195,42.977009322801635,143,abrupt,0.0,0
1,179,0.7116979977284653,0.12420179567265564,41.02727883827162,142,abrupt,0.0,0
1,180,0.8423993478655141,0.10013041478276279,43.08702972898767,141,abrupt,0.0,0
1,181,0.9474032504222384,0.18881728662829392,45.27086868517524,140,abrupt,0.0,0
1,182,0.7704239840637973,0.09906121207072119,42.97990980641344,139,abrupt,0.0,0
1,183,0.8899561362610959,0.064904463528841,,138,abrupt,0.0,0
1,184,0.7276063587594443,0.0822517817665434,42.38900393399377,137,abrupt,0.0,0
1,185,0.5767309545613333,0.16382617442842665,38.45398517155772,136,abrupt,0.0,0
1,186,0.8170393112616516,0.08756336454101432,40.66714796946301,135,abrupt,0.0,0
1,187,0.9749687256963931,0.12176227464417472,46.30356423735451,134,abrupt,0.0,0
1,188,0.939399193980352,0.09693626602331062,44.0517407383516,133,abrupt,0.0,0
1,189,0.7442634860713632,0.0768599085682742,40.83010818592074,132,abrupt,0.0,0
1,190,0.9273553107611927,0.1562482766437203,43.20538444812294,131,abrupt,0.0,0
1,191,0.895336021585601,0.0829205754928309,44.14060324459265,130,abrupt,0.0,0
1,192,0.8184575566901447,0.06011393219888853,44.317688654610045,129,abrupt,0.0,0
1,193,0.7346838677887819,0.08690152988109447,42.62158093654488,128,abrupt,0.0,0
1,194,0.8567396498488896,0.09659752255341994,42.54858164102694,127,abrupt,0.0,0
1,195,0.7375723270073031,0.12292655690220722,40.18525404728482,126,abrupt,0.0,0
1,196,0.6955288582358189,0.11054165529077524,40.71707089676,125,abrupt,0.0,0
1,197,0.8274449314792893,0.15242072539646,43.427524345654625,124,abrupt,0.0,0
1,198,0.641640158413308,0.09755801770299297,40.684967350057285,123,abrupt,0.0,0
1,199,0.7661272464267759,0.1243957882867165,40.35818505919785,122,abrupt,0.0,0
1,200,0.8343816096123903,0.1303361354280733,42.61213861976981,121,abrupt,0.0,0
1,201,0.6062429980673919,0.13272616722319433,40.361437619736094,120,abrupt,0.0,0
1,202,0.6798823430765792,0.06900388088599041,,119,abrupt,0.0,0
1,203,0.7042207741332509,0.0973356706310107,41.800372693730395,118,abrupt,0.0,0
1,204,0.46437491111364015,0.010418814126080334,39.49951967875146,117,abrupt,0.0,0
1,205,0.5794924699424522,0.07583698523302633,40.330088455016195,116,abrupt,0.0,0
1,206,0.5633342485697458,0.06196776806911146,38.37087339923385,115,abrupt,0.0,0
1,207,0.5548448214464192,0.07189336124321695,38.838434967962186,114,abrupt,0.0,0
1,208,0.5125706726658912,0.1428120273194577,38.53316951632689,113,abrupt,0.0,0
1,209,0.7191436758874751,0.13902902710990808,40.73147612774553,112,abrupt,0.0,0
1,210,0.49266587762989805,0.04873412666186966,39.21797062946526,111,abrupt,0.0,0
1,211,0.5653248008399125,0.15317421634453388,,110,abrupt,0.0,0
1,212,0.6290003119520556,0.14118580441240675,39.98936452561007,109,abrupt,0.0,0
1,213,0.7202154448852351,0.11335804347455349,41.401565356422935,108,abrupt,0.0,0
1,214,0.40033480532342625,0.08575863884447905,36.79467320461123,107,abrupt,0.0,0
1,215,0.42619643288680975,0.08617865752906026,36.20872323128782,106,abrupt,0.0,0
1,216,0.44817189270198937,0.0904506876391887,37.91567715162636,105,abrupt,0.0,0
1,217,0.5214946024418556,0.11556073623224912,38.34300860312578,104,abrupt,0.0,0
1,218,0.6444490844819016,0.09473220762467133,40.81070150001255,103,abrupt,0.0,0
1,219,0.5380814234557798,0.1267460942145829,39.09529080973848,102,abrupt,0.0,0
1,220,0.567736786428078,0.08833055994129563,38.958235999326355,101,abrupt,0.0,0
1,221,0.7080552964221593,0.08564425520658704,41.975115631325686,100,abrupt,0.0,0
1,222,0.5264531221680123,0.09143270463760687,38.69779025647763,99,abrupt,0.0,0
1,223,0.5796468030953706,,38.07690898505835,98,abrupt,0.0,0
1,224,0.7650074793370845,0.12237322148560005,43.111315234878795,97,abrupt,0.0,0
1,225,0.6517997986065829,0.10240062019233333,41.356894830247704,96,abrupt,0.0,0
1,226,0.5195677143828705,0.049156446733202235,38.59077937953676,95,abrupt,0.0,0
1,227,0.5230888972628277,0.054228707665856225,37.09089007406552,94,abrupt,0.0,0
1,228,0.7074860452785443,0.054098844277158595,39.86522257420743,93,abrupt,0.0,0
1,229,0.4908639131904978,0.08473940156354626,39.22002212365187,92,abrupt,0.0,0
1,230,0.5258904566893117,0.11571224658198806,38.59336605078943,91,abrupt,0.0,0
1,231,0.704407216547,0.10650826088328466,40.46048138155645,90,abrupt,0.0,0
1,232,0.76830190870675,0.10795927302964059,42.02357849078478,89,abrupt,0.0,0
1,233,0.8126684375939273,0.09742060927994885,41.525097211210486,88,abrupt,0.0,0
1,234,0.5590485707398278,0.08664203585311428,38.55070501297025,87,abrupt,0.0,0
1,235,0.720057608686025,0.08621151243601266,42.183482392181496,86,abrupt,0.0,0
1,236,0.348301361139853,0.11659934981275716,37.03688223459452,85,abrupt,0.0,0
1,237,0.6075400201477299,0.06235456969622788,40.38743107684374,84,abrupt,0.0,0
1,238,0.9976729700350361,0.09610181536930962,44.89918707784292,83,abrupt,0.0,0
1,239,0.8728105168956712,0.1299786245947357,43.849124691361425,82,abrupt,0.0,0
1,240,0.8002610810985711,0.10007779758645224,42.76370775084591,81,abrupt,0.0,0
1,241,0.6483526437809437,0.12202852533760379,39.32324148575713,80,abrupt,0.0,0
1,242,0.6271170872456955,0.08689704627407403,39.662690241302734,79,abrupt,0.0,0
1,243,0.8746416873848497,0.12833526324062006,44.454540114851,78,abrupt,0.0,0
1,244,0.759190901246598,0.1155213994894425,41.6097040528859,77,abrupt,0.0,0
1,245,0.7043014376292854,0.06661452861164802,42.48881601885935,76,abrupt,0.0,0
1,246,0.8681580913165379,0.13187613039444876,42.43542275507141,75,abrupt,0.0,0
1,247,0.8731903230729383,0.15343077366677954,41.4228680429518,74,abrupt,0.0,0
1,248,0.7436105163540119,0.08754148948375012,41.326450960495904,73,abrupt,0.0,0
1,249,0.7777350719275744,0.10569673723628556,41.146308471979445,72,abrupt,0.0,0
1,250,1.0503128126477346,0.14502303472130945,44.22902438602375,71,abrupt,0.0,0
1,251,0.7375313235213468,0.1536958962603494,40.415679180383435,70,abrupt,0.0,0
1,252,0.9428250300398282,0.1303257427763817,41.608140975221694,69,abrupt,0.0,0
1,253,0.7759656147183229,0.1798273676082313,42.13975903958775,68,abrupt,0.0,0
1,254,0.7645753716780513,0.09692141362142637,41.31522483576096,67,abrupt,0.0,0
1,255,0.7488068406742138,0.1661091218500996,40.35714410586817,66,abrupt,0.0,0
1,256,0.8433378509852137,0.09131901998323189,40.79624099626812,65,abrupt,0.0,0
1,257,0.8545598558040672,0.11364794797895038,43.17947900549097,64,abrupt,0.0,0
1,258,0.9308815742599867,0.09145876718746555,43.46280995069749,63,abrupt,0.0,0
1,259,0.7820010222482453,0.139818890832735,42.316595473345416,62,abrupt,0.0,0
1,260,0.8955305784210452,0.1358472394999019,43.37949334914106,61,abrupt,0.0,0
1,261,0.7958957070559809,0.058492202196095584,42.550200917746885,60,abrupt,0.0,0
1,262,0.7753933591113331,0.030666650831595525,41.522830039344285,59,abrupt,0.0,0
1,263,0.9075665992372217,0.1822062518381956,41.6957249108352,58,abrupt,0.0,0
1,264,0.8839438901505658,0.1071234205951688,43.01131187219306,57,abrupt,0.0,0
1,265,0.6808524000645655,0.053689433314365265,41.28944451168437,56,abrupt,0.0,0
1,266,0.841017567361508,0.08622063162459673,40.92645208447268,55,abrupt,0.0,0
1,267,0.635037943121664,0.0871284969959297,39.40593950378171,54,abrupt,0.0,0
1,268,0.7024554388904086,0.15255126168022512,42.074978129902505,53,abrupt,0.0,0
1,269,0.9617110530488323,0.13363592621883316,42.53724059615924,52,abrupt,0.0,0
1,270,0.9217050528913063,0.11928838009707758,44.59685429522459,51,abrupt,0.0,0
1,271,0.7605046972754207,0.07979932562212724,40.407898533110824,50,abrupt,0.0,0
1,272,0.8290270467693328,0.132423059667327,40.5270876371212,49,abrupt,0.0,0
1,273,0.8844494869985153,0.06276927574006935,42.28365300452188,48,abrupt,0.0,0
1,274,0.9188084570702598,0.15134601061511144,42.58924723883529,47,abrupt,0.0,0
1,275,0.9061267738538505,0.1460293042438495,,46,abrupt,0.0,0
1,276,0.6458111510662705,0.08722447062068998,37.829622913369164,45,abrupt,0.0,0
1,277,0.7053269348691462,0.05964641045019892,39.662818288798846,44,abrupt,0.0,0
1,278,0.7088857560702703,0.08634384748516252,39.702609549239334,43,abrupt,0.0,0
1,279,0.4435925764164935,0.08559320866156338,36.36829861496146,42,abrupt,0.0,0
1,280,0.5983879748822363,0.1587397196965193,39.36084821675875,41,abrupt,0.0,0
1,281,0.7013439176115636,0.15560347797402424,39.9436096201892,40,abrupt,0.0,0
1,282,0.6284589079509233,0.08073103676025296,39.59232034463185,39,abrupt,0.0,0
1,283,0.5785174294832561,0.07418119208174694,38.7356570497646,38,abrupt,0.0,0
1,284,0.5107589227284345,0.051921744997098285,39.23256155841046,37,abrupt,0.0,0
1,285,0.5599561362803891,0.1073093617475483,38.11305993486308,36,abrupt,0.0,0
1,286,0.605320196470901,0.08218474886595543,39.31944157440093,35,abrupt,0.0,0
1,287,0.5671154484856847,0.11742249068128845,39.66615493016381,34,abrupt,0.0,0
1,288,0.7040664638720259,0.10638876554090027,40.97872591515023,33,abrupt,0.0,0
1,289,0.663903602930455,0.08562497040553907,40.003308266951166,32,abrupt,0.0,0
1,290,0.4466429455675677,0.05891568520417015,38.19542283994578,31,abrupt,0.0,0
1,291,0.6626891809315643,0.05379893812164888,40.401896743516346,30,abrupt,0.0,0
1,292,0.5666597237677782,0.11362440353917706,39.276337806354334,29,abrupt,0.0,0
1,293,0.635495461921065,0.06039670802754118,39.743091772233534,28,abrupt,0.0,0
1,294,0.4898070171934149,0.11267558762446576,38.89313696704409,27,abrupt,0.0,0
1,295,0.6424772810644648,,40.81513060092996,26,abrupt,0.0,0
1,296,0.47962032823391,0.014333041606627111,37.23633089179354,25,abrupt,0.0,0
1,297,0.6520518743785333,0.10128649864780595,40.43949360133989,24,abrupt,0.0,0
1,298,0.5471602160209218,0.0767597832277646,39.06168679454836,23,abrupt,0.0,0
1,299,0.5252806160630806,0.12090390524589342,39.04981826355041,22,abrupt,0.0,0
1,300,0.42126172381288685,0.08716514002653297,36.42690420304872,21,abrupt,0.0,0
1,301,0.39483321741387345,0.08334432943016615,35.64488149944282,20,abrupt,0.0,1
1,302,0.6460247378352694,0.12640353205166416,39.63376784274521,19,abrupt,0.0,1
1,303,0.4523830203742133,0.06922844430660105,38.584945803734605,18,abrupt,0.0,1
1,304,0.45234413083305075,0.10816754971480497,36.518434589685455,17,abrupt,0.0,1
1,305,0.6156392213948957,0.1723438671891396,40.435866004105,16,abrupt,0.0,1
1,306,0.585094365549448,0.1036862474432727,39.13075318383721,15,abrupt,0.0,1
1,307,0.6489612866891674,0.0729819219979225,40.04688419517375,14,abrupt,0.0,1
1,308,0.4682852573587768,0.08891446993323257,37.889514466799646,13,abrupt,0.0,1
1,309,0.3963094453300344,0.1287798423618692,37.50519812993855,12,abrupt,0.047430226136903654,1
1,310,0.527462032576158,0.2329261437945346,40.42251687354281,11,abrupt,0.1056303412077731,1
1,311,0.7279242135310992,,45.01967001537658,10,abrupt,0.1687328853320082,1
1,312,0.6355117893985847,0.4033038545056284,46.2081748230963,9,abrupt,0.23524595795652622,1
1,313,0.6935927511552451,0.4973078476456785,47.05170936387894,8,abrupt,0.30441591173764104,1
1,314,0.7132496583296121,0.6519341937727775,49.04882865953231,7,abrupt,0.37577961781473435,1
1,315,0.6895447575612472,0.726497005180526,49.07072085245359,6,abrupt,0.4490208551310953,1
1,316,0.7015030628901694,0.8403166698079402,51.50098957499168,5,abrupt,0.5239087567276675,1
1,317,0.6758470894171835,0.9332223287690127,53.98189989510353,4,abrupt,0.6002667267553378,1
1,318,0.7302277663281517,,56.32809720170868,3,abrupt,0.6779549507756478,1
1,319,0.7526122170692907,1.2222584290227712,56.91561946021684,2,abrupt,0.7568597611633318,1
1,320,0.6670333409852376,1.3054985785945958,57.80597063281125,1,abrupt,0.8368867804704135,1
1,321,0.8032754959060424,1.3966014865590952,60.78806267270414,0,abrupt,0.917956292624851,1
2,0,0.5464632675629535,0.2834475761650038,,312,abrupt,0.0,0
2,1,0.7208545321417816,0.3101387878484804,37.184998127812996,311,abrupt,0.0,0
2,2,0.658933834646559,0.3056339848198638,35.79109172066275,310,abrupt,0.0,0
2,3,0.8384981175202063,0.35061482093851576,37.65739216486854,309,abrupt,0.0,0
2,4,0.8797530162290538,0.4017747096001454,38.64887326275874,308,abrupt,0.0,0
2,5,0.8572689254453352,0.370095409561555,36.89126586485066,307,abrupt,0.0,0
2,6,0.8350775166667597,0.3416185825486538,38.737854095697415,306,abrupt,0.0,0
2,7,0.8614525716288846,0.313869863218008,35.91922984347869,305,abrupt,0.0,0
2,8,0.625373920970132,0.3598322953390414,34.3994849933124,304,abrupt,0.0,0
2,9,0.8591581106739102,0.37688809027681974,35.83516981129347,303,abrupt,0.0,0
2,10,0.8528839061918022,0.3980436116288058,36.887578019379134,302,abrupt,0.0,0
2,11,0.8122748454235102,0.265582604599759,37.32642260140346,301,abrupt,0.0,0
2,12,0.7620362571429367,0.4120353595300966,36.41106503185095,300,abrupt,0.0,0
2,13,0.7192683484338133,0.3034495383139142,37.87269680788073,299,abrupt,0.0,0
2,14,0.7623304920573379,0.30705807909505667,36.60579128809077,298,abrupt,0.0,0
2,15,0.7869390038621575,0.32291435068568514,37.11168205602489,297,abrupt,0.0,0
2,16,0.5844848288885325,,34.15791688872557,296,abrupt,0.0,0
2,17,0.8403689793186913,,36.26851586286469,295,abrupt,0.0,0
2,18,0.8715088462518028,0.2898030047490846,38.46484543084344,294,abrupt,0.0,0
2,19,1.0097677837140133,0.40096700375949784,40.75876675577149,293,abrupt,0.0,0
2,20,1.009541558149437,0.4225249974732173,38.13475451449541,292,abrupt,0.0,0
2,21,0.8904924982298922,0.39678339103726695,35.946224326419795,291,abrupt,0.0,0
2,22,0.8429048819065159,0.3747300415552184,,290,abrupt,0.0,0
2,23,0.8317090992488594,0.3812603233271187,36.85307009726117,289,abrupt,0.0,0
2,24,0.9098790243329119,0.3544361045208384,38.39699797253488,288,abrupt,0.0,0
2,25,0.9171777355282178,0.345604237551465,38.887978828590384,287,abrupt,0.0,0
2,26,0.644021873818486,0.3002274707766171,32.63118305020051,286,abrupt,0.0,0
2,27,0.8690891285628479,0.3053090892012361,36.03329441674724,285,abrupt,0.0,0
2,28,0.7309516051493995,0.3641180545378005,36.104892075616895,284,abrupt,0.0,0
2,29,0.7654511646369669,0.33923627923007554,36.81491806312418,283,abrupt,0.0,0
2,30,0.7171005508365528,0.34324701640060207,35.38967542569715,282,abrupt,0.0,0
2,31,0.7772228279419405,0.38809263493278856,35.919943868206275,281,abrupt,0.0,0
2,32,0.6239302666788669,0.35805969166578533,35.15805224705725,280,abrupt,0.0,0
2,33,0.7158357760045233,0.3493682865608681,35.088385846717514,279,abrupt,0.0,0
2,34,0.5476947541804933,0.27872154479456357,32.0488336663521,278,abrupt,0.0,0
2,35,0.7862121181197639,0.290920092276272,38.01734542839506,277,abrupt,0.0,0
2,36,0.7552503384657459,0.36555694879567074,37.184173812412695,276,abrupt,0.0,0
2,37,0.6182865819142815,0.26469051819463624,34.26041893600734,275,abrupt,0.0,0
2,38,0.6328004345534478,0.30899415043785505,34.682884904575445,274,abrupt,0.0,0
2,39,0.5683024962162889,0.3025723844314503,33.183551106981895,273,abrupt,0.0,0
2,40,0.6899785198149382,0.3049148100885738,37.124789499856945,272,abrupt,0.0,0
2,41,0.663605599141413,0.3264224615092594,35.663676001815936,271,abrupt,0.0,0
2,42,0.5544869469724445,0.33170774187267793,34.87294894287274,270,abrupt,0.0,0
2,43,0.5700414728255474,0.35064526411521113,33.824268483214425,269,abrupt,0.0,0
2,44,0.6060797117732166,0.29954647720611144,33.43010965204502,268,abrupt,0.0,0
2,45,0.49654243385730557,0.25281252680739935,35.439852194917954,267,abrupt,0.0,0
2,46,0.5955746935651076,0.30444325280730933,34.786737020671666,266,abrupt,0.0,0
2,47,0.6134250197069002,0.2817086579130353,35.63695932315241,265,abrupt,0.0,0
2,48,0.8036904437195479,0.31689290557269445,38.26633595797993,264,abrupt,0.0,0
2,49,0.5918462744251406,0.3176210720613615,36.267434337577804,263,abrupt,0.0,0
2,50,0.488001475763661,0.32515857734132675,33.629408608551806,262,abrupt,0.0,0
2,51,0.6830090816664626,0.33063108138129055,33.912097849718116,261,abrupt,0.0,0
2,52,0.5921028086767464,0.31819818254177645,34.91153653705519,260,abrupt,0.0,0
2,53,0.5185165572428849,0.33204662001866747,32.92476381466037,259,abrupt,0.0,0
2,54,0.6502033657577121,0.33943680431970263,34.801563566450746,258,abrupt,0.0,0
2,55,0.5146561712820134,0.2619675872031094,34.49213688580838,257,abrupt,0.0,0
2,56,0.7217553183920423,,36.188425304400845,256,abrupt,0.0,0
2,57,0.6621763929772295,0.30992263465194986,34.90133840568909,255,abrupt,0.0,0
2,58,0.5627804487518624,,33.87867686889539,254,abrupt,0.0,0
2,59,0.6013546655081927,0.2715913705665727,34.94791756296843,253,abrupt,0.0,0
2,60,0.822355857325571,0.34396571845410273,38.51516348232123,252,abrupt,0.0,0
2,61,0.5988585271302368,0.22747219626095683,35.74154839727208,251,abrupt,0.0,0
2,62,0.5993736553779112,0.2948819348480064,33.0235405225364,250,abrupt,0.0,0
2,63,0.7220170534075301,0.3041490874865291,36.44615653405578,249,abrupt,0.0,0
2,64,0.6829704722063442,0.29474291159302013,35.775980636961584,248,abrupt,0.0,0
2,65,0.6607570500132188,0.3401416511605079,35.90913422177853,247,abrupt,0.0,0
2,66,0.7592722401855833,0.31188596134492697,,246,abrupt,0.0,0
2,67,0.5056932795248389,0.3348619373810016,33.95539832014136,245,abrupt,0.0,0
2,68,0.7294625367604608,0.3375787497368093,37.02487924960646,244,abrupt,0.0,0
2,69,0.8762145279409581,,37.994791542211566,243,abrupt,0.0,0
2,70,0.8825050595893078,0.32693807423479315,39.05218875835572,242,abrupt,0.0,0
2,71,0.6847402512606516,0.3767294153188908,37.43899332054638,241,abrupt,0.0,0
2,72,0.7740920399858459,0.34431277608137356,36.17987980889524,240,abrupt,0.0,0
2,73,0.8657026756822129,0.41044632694165234,36.47660695982052,239,abrupt,0.0,0
2,74,0.770808582989446,0.4151399593586974,36.1926015165986,238,abrupt,0.0,0
2,75,0.859490989608173,0.3568725901160545,37.55956679760451,237,abrupt,0.0,0
2,76,0.8661991201801404,0.38045544298760614,37.37378373871708,236,abrupt,0.0,0
2,77,0.6494493455915631,0.362140432421741,34.16818689035589,235,abrupt,0.0,0
2,78,0.9085951079649641,0.3665647286077978,37.531217486278784,234,abrupt,0.0,0
2,79,0.8455345299923868,0.3058181368216675,38.12494208646561,233,abrupt,0.0,0
2,80,0.8334207564892524,0.3835740398475664,38.192736318620454,232,abrupt,0.0,0
2,81,0.8212334545232325,0.3345538604934865,36.23098813643795,231,abrupt,0.0,0
2,82,0.6357463913688706,0.2835476281902154,34.69210008915599,230,abrupt,0.0,0
2,83,0.8448032036778951,0.3363532411748455,35.95645146555187,229,abrupt,0.0,0
2,84,0.9533925429603607,0.4161701850605832,37.961714019249634,228,abrupt,0.0,0
2,85,0.9892831367744069,0.3496885138669059,39.25701536709189,227,abrupt,0.0,0
2,86,0.8710713485048936,0.3420526989289665,37.266103858135104,226,abrupt,0.0,0
2,87,0.8337064561234124,0.32016202008517813,37.12532237389892,225,abrupt,0.0,0
2,88,0.8073504138242891,0.38521892779973826,35.52752800783973,224,abrupt,0.0,0
2,89,0.9705183135780365,0.39846567915162173,38.64971762476825,223,abrupt,0.0,0
2,90,1.0443089846447382,0.43956809477618064,38.07913857015274,222,abrupt,0.0,0
2,91,0.8305216508614115,0.38290497827749154,37.1637184950233,221,abrupt,0.0,0
2,92,0.5589580943593626,0.3225965916359515,33.85535619138001,220,abrupt,0.0,0
2,93,0.8329148752692361,0.3994106907943758,36.305865599873606,219,abrupt,0.0,0
2,94,0.9521700780874348,0.4077276434231206,38.41478978826389,218,abrupt,0.0,0
2,95,0.6507169450595964,0.3320608995317662,35.244952583130164,217,abrupt,0.0,0
2,96,0.6912054827264409,0.3531092107059298,35.94011551158069,216,abrupt,0.0,0
2,97,0.6039297303521776,0.3758147860653966,36.541720804609064,215,abrupt,0.0,0
2,98,0.7670721210844443,0.3650228626906662,38.03097255946263,214,abrupt,0.0,0
2,99,0.9644048928588853,0.3272334708721763,38.37707834574345,213,abrupt,0.0,0
2,100,0.8213799582201476,0.28843979937307096,38.9313762649692,212,abrupt,0.0,0
2,101,0.5420197509539737,0.27581189571590276,33.921432076793856,211,abrupt,0.0,0
2,102,0.5564735702470157,0.33985144849736076,36.43646480632224,210,abrupt,0.0,0
2,103,0.7291154449631101,0.35222003580951816,36.38563492947722,209,abrupt,0.0,0
2,104,0.6319301270937182,0.34360905505581196,,208,abrupt,0.0,0
2,105,0.47632703176363744,0.29026479200577554,33.52029137159347,207,abrupt,0.0,0
2,106,0.6669109015210136,0.3209384822437254,35.30219587628648,206,abrupt,0.0,0
2,107,0.5352833305001106,0.2872883066474619,35.11187449933996,205,abrupt,0.0,0
2,108,0.6563254988682572,0.31838505279963775,34.834116914995526,204,abrupt,0.0,0
2,109,0.6559505210590062,0.31979096184371975,34.71647707776661,203,abrupt,0.0,0
2,110,0.6202455862285683,0.3109085647329119,32.34722106513453,202,abrupt,0.0,0
2,111,0.4738943699888296,0.2555360033598935,32.64312227909988,201,abrupt,0.0,0
2,112,0.48770539904370513,0.24954175188417357,32.426521289673936,200,abrupt,0.0,0
2,113,0.5473322707156646,0.3415911985952544,33.15175291951378,199,abrupt,0.0,0
2,114,0.4995121671744881,0.29850026958240133,34.3291922036678,198,abrupt,0.0,0
2,115,0.6599634043379697,0.33423754499919217,35.96142048019587,197,abrupt,0.0,0
2,116,0.6690649891614218,0.30476396467055106,35.301198612585,196,abrupt,0.0,0
2,117,0.5705500395619942,0.3061603891261796,33.913760103351514,195,abrupt,0.0,0
2,118,0.6407942450515997,0.33223903811281663,34.092715533250846,194,abrupt,0.0,0
2,119,0.7035788258953226,0.31737401427486095,34.62407685302196,193,abrupt,0.0,0
2,120,0.45956372353546115,0.258889153311941,33.28551467136968,192,abrupt,0.0,0
2,121,0.5184308569032178,0.3124106859786413,33.704732452843935,191,abrupt,0.0,0
2,122,0.7562662091097563,0.3550048373798581,35.20637933619682,190,abrupt,0.0,0
2,123,0.5519734094378872,0.26276393241173557,33.75907121265182,189,abrupt,0.0,0
2,124,0.5229063381918706,0.2663939923809135,33.1565173110163,188,abrupt,0.0,0
2,125,0.5896206905429505,0.34459121316656754,34.225148162204896,187,abrupt,0.0,0
2,126,0.6427674857934567,0.2887163308208996,36.53887645490779,186,abrupt,0.0,0
2,127,0.4559579785895216,0.25567533539252235,31.92815191220796,185,abrupt,0.0,0
2,128,0.6177152219970088,0.28453218963994886,35.966400873601415,184,abrupt,0.0,0
2,129,0.7252285692873027,0.3359616902401326,36.921471867414,183,abrupt,0.0,0
2,130,0.5977759167139467,0.30356694009922236,34.428636315916854,182,abrupt,0.0,0
2,131,0.6040536386468681,0.33306943350979945,35.36718952365967,181,abrupt,0.0,0
2,132,0.7612174176139894,0.302136974311063,36.782105397546864,180,abrupt,0.0,0
2,133,0.5990481918138968,0.2883845247770109,34.16594779635635,179,abrupt,0.0,0
2,134,0.5673665554946185,0.30301620436580473,32.209570495937704,178,abrupt,0.0,0
2,135,0.688865806341699,0.32203702337951157,34.13572433620645,177,abrupt,0.0,0
2,136,0.789516641926091,0.3110241833253822,35.665745278869124,176,abrupt,0.0,0
2,137,0.7031126719473134,0.31487343339633844,35.246367178783736,175,abrupt,0.0,0
2,138,0.48014278722324194,0.262985448070586,32.879637377292156,174,abrupt,0.0,0
2,139,0.6835201088252261,0.3157680552553626,36.763809610655066,173,abrupt,0.0,0
2,140,0.8095917918290065,0.3086831286526333,36.988963357657646,172,abrupt,0.0,0
2,141,0.9529785861938227,0.4016249112790919,40.43157020633039,171,abrupt,0.0,0
2,142,0.7842898881780624,0.33319141070323904,37.86707082291445,170,abrupt,0.0,0
2,143,1.0545772762830847,0.3761400962249344,41.00690288777133,169,abrupt,0.0,0
2,144,0.7118888191709425,0.247568485107874,35.732848263707524,168,abrupt,0.0,0
2,145,0.7668032500182969,0.3153734772917275,36.56793630948274,167,abrupt,0.0,0
2,146,0.8390297960425885,0.3609427620613816,38.0500433023411,166,abrupt,0.0,0
2,147,0.9149881405877884,0.39033453692791603,37.96538465669898,165,abrupt,0.0,0
2,148,0.8102471131039517,0.30934610363000276,37.108909682085056,164,abrupt,0.0,0
2,149,0.9104391937740941,0.41740764117475887,,163,abrupt,0.0,0
2,150,0.8181333817339224,0.41493221759434024,37.723487708251035,162,abrupt,0.0,0
2,151,0.8974510284619615,0.33784575814164053,38.465225560355215,161,abrupt,0.0,0
2,152,0.9048993321559351,0.3962527025491117,37.724146429667535,160,abrupt,0.0,0
2,153,0.8640980225229471,0.3266915683705661,39.101988708700624,159,abrupt,0.0,0
2,154,0.865943054399809,0.36781709889515474,39.337175619124004,158,abrupt,0.0,0
2,155,0.8160664995109188,0.3592609517675326,37.58049538705703,157,abrupt,0.0,0
2,156,0.7661284192340806,0.3694736518414604,35.8440080473903,156,abrupt,0.0,0
2,157,1.1261663241042932,0.4124996884466712,41.31650642726363,155,abrupt,0.0,0
2,158,0.733766513446891,0.326601613448905,36.41407784404606,154,abrupt,0.0,0
2,159,0.9546823896866512,0.37697028588102127,39.68185400731343,153,abrupt,0.0,0
2,160,0.9118430535864411,0.3864452247412261,37.852305608327725,152,abrupt,0.0,0
2,161,0.7990485372383501,0.3323413224200218,37.45627528207857,151,abrupt,0.0,0
2,162,0.7808584758876153,0.36477861866791417,37.3918998799652,150,abrupt,0.0,0
2,163,0.6993344845809113,0.30950469745845616,36.2193484098379,149,abrupt,0.0,0
2,164,0.7817270920461358,0.351578969447132,37.10338744476315,148,abrupt,0.0,0
2,165,0.6351070465914062,0.3481498817065435,34.9294396320994,147,abrupt,0.0,0
2,166,0.7346405332869695,0.3180056189890529,35.62948474539309,146,abrupt,0.0,0
2,167,0.9222961192722579,0.37843671019470726,37.25183320836654,145,abrupt,0.0,0
2,168,0.8264206536868566,0.27386149237994634,35.034846756703644,144,abrupt,0.0,0
2,169,0.5557017496568912,0.2884723015224703,31.848345691276197,143,abrupt,0.0,0
2,170,0.6951978829070916,0.392441070147583,34.81806935463986,142,abrupt,0.0,0
2,171,0.6264902911128815,0.28664094580736244,34.233625609065534,141,abrupt,0.0,0
2,172,0.5153270282109064,0.2650053288195597,34.66956005597897,140,abrupt,0.0,0
2,173,0.7533487445344638,0.3640257490107875,36.82747673568152,139,abrupt,0.0,0
2,174,0.4473098031304202,0.2728906107568627,31.810643452290325,138,abrupt,0.0,0
2,175,0.6646265986570564,0.30240521896731465,34.737370623799464,137,abrupt,0.0,0
2,176,0.7923007948600653,0.32927770177553944,36.00787931203414,136,abrupt,0.0,0
2,177,0.7553875083684645,0.36777299973407557,35.4711681395903,135,abrupt,0.0,0
2,178,0.46404769012367963,0.2766579860074298,34.725061363126656,134,abrupt,0.0,0
2,179,0.5556363682147427,0.24883414978155113,33.10067777814515,133,abrupt,0.0,0
2,180,0.5551769111556084,0.3406958151300242,34.24542913929186,132,abrupt,0.0,0
2,181,0.5610309243515379,0.3424033817893234,33.63456813708126,131,abrupt,0.0,0
2,182,0.6561065531118466,0.34084696247379886,33.88824629022978,130,abrupt,0.0,0
2,183,0.6261343723887451,0.3112835730719879,34.49780019048293,129,abrupt,0.0,0
2,184,0.738907135555225,0.3000032529952388,34.42442564715498,128,abrupt,0.0,0
2,185,0.49834069256622426,0.3504197024156624,32.94320682724452,127,abrupt,0.0,0
2,186,0.6033012470294626,0.24776189418414757,35.24016896540863,126,abrupt,0.0,0
2,187,0.6885961707899206,0.3637581302418761,34.39136967153644,125,abrupt,0.0,0
2,188,0.6182613661357088,0.34627619690567013,35.62371785662504,124,abrupt,0.0,0
2,189,0.38775651982903653,0.2966997695972237,31.08320885181516,123,abrupt,0.0,0
2,190,0.5910142788974049,0.326311144677991,33.710071886665595,122,abrupt,0.0,0
2,191,0.6067644855323989,0.343001429050369,34.318344506404046,121,abrupt,0.0,0
2,192,0.5990432706671381,0.3144468490743663,35.48936824079703,120,abrupt,0.0,0
2,193,0.5090554573539381,0.3257183295406021,32.34936327730119,119,abrupt,0.0,0
2,194,0.6865243533924412,0.3503803268160651,35.810705448449774,118,abrupt,0.0,0
2,195,0.6309729350980819,0.32158451316619024,33.69946707521629,117,abrupt,0.0,0
2,196,0.553523341381726,0.30906885562429653,34.5537379621628,116,abrupt,0.0,0
2,197,0.6960724024912013,0.3318895413048014,37.67833421040084,115,abrupt,0.0,0
2,198,0.6488264973389382,0.3659840815669505,33.10845007480902,114,abrupt,0.0,0
2,199,0.6187265972860392,0.2852290947981061,34.26384224179095,113,abrupt,0.0,0
2,200,0.6179303013652864,0.3086935199979642,33.87053840451107,112,abrupt,0.0,0
2,201,0.5922421182979978,0.35321927475613896,33.67070288365989,111,abrupt,0.0,0
2,202,0.715069343230227,0.30900065823817835,33.959408669140956,110,abrupt,0.0,0
2,203,0.6678950429159883,0.3345592533593058,35.139299299746895,109,abrupt,0.0,0
2,204,0.8441466541415784,0.354367109458551,36.37426576103615,108,abrupt,0.0,0
2,205,0.741895458439704,0.29021320034889747,35.39088993406087,107,abrupt,0.0,0
2,206,0.838295816421332,0.3587460116645554,37.53275281648105,106,abrupt,0.0,0
2,207,0.6956741816425402,0.35574138012803697,35.090616213660724,105,abrupt,0.0,0
2,208,0.7393995557431576,0.3310702690244945,35.30361368991409,104,abrupt,0.0,0
2,209,0.8029742486700555,0.37717025880434396,38.57757564208888,103,abrupt,0.0,0
2,210,0.8812517552987975,0.377094425863755,37.841130685373415,102,abrupt,0.0,0
2,211,0.9083698275534979,0.376527032079695,37.72331154496149,101,abrupt,0.0,0
2,212,0.8394084962538881,0.30511745009888275,37.1517293811333,100,abrupt,0.0,0
2,213,0.8574229985453721,0.3746681392755734,37.40591552245599,99,abrupt,0.0,0
2,214,0.8979236510709357,0.3743296546230303,37.71057506828134,98,abrupt,0.0,0
2,215,0.9237541299926285,0.3907064172697726,38.725066776568546,97,abrupt,0.0,0
2,216,0.9527899559077854,0.3931507313527919,37.65559799257685,96,abrupt,0.0,0
2,217,0.6855060819318367,0.3002967941435056,36.68656170663265,95,abrupt,0.0,0
2,218,0.9402593933569484,0.35494144600578204,38.495085810012924,94,abrupt,0.0,0
2,219,0.8466191140086952,0.31822244868657945,38.41454092087971,93,abrupt,0.0,0
2,220,0.8622654220177717,0.36618626934570553,37.15848975495541,92,abrupt,0.0,0
2,221,0.7743522873699995,0.31937659505776406,38.17531531176496,91,abrupt,0.0,0
2,222,0.9237102400241024,0.4091593575666514,38.77231001346357,90,abrupt,0.0,0
2,223,0.9629714481974723,0.40396422114959324,38.834006840490595,89,abrupt,0.0,0
2,224,0.954426783925707,0.3377237935418704,40.26695446691812,88,abrupt,0.0,0
2,225,0.7673872460598338,0.3594778999332128,36.502595576351844,87,abrupt,0.0,0
2,226,0.6663802351242238,0.30667492493952286,36.00876373195692,86,abrupt,0.0,0
2,227,0.9408460176559863,0.3107671580754401,38.18566070360864,85,abrupt,0.0,0
2,228,0.7583248704219835,0.3555514685359779,39.14285862795397,84,abrupt,0.0,0
2,229,0.6182212538376658,0.2756594370067341,34.62538328840763,83,abrupt,0.0,0
2,230,0.872512289622287,0.34592152109610325,37.20891362544533,82,abrupt,0.0,0
2,231,0.5523722234053999,0.32322263037476195,34.1164792631777,81,abrupt,0.0,0
2,232,0.8518034845735896,0.3737057200997905,38.48344533357774,80,abrupt,0.0,0
2,233,0.6864502709281306,0.40885903554964115,34.61416582893877,79,abrupt,0.0,0
2,234,0.9108011254200459,0.3828539348821913,39.133450286838574,78,abrupt,0.0,0
2,235,0.714614912232011,0.32819997357178315,35.36541995193068,77,abrupt,0.0,0
2,236,0.6349250854950717,0.29301042691476853,34.15617401189111,76,abrupt,0.0,0
2,237,0.6918201502937692,0.2630220317595139,34.54353490677829,75,abrupt,0.0,0
2,238,0.5831617915142658,0.29318314557448455,35.537188950427144,74,abrupt,0.0,0
2,239,0.5948181238085342,0.3076725476365456,32.986422685390515,73,abrupt,0.0,0
2,240,0.6826964744576764,0.3824948312579516,34.560928069057454,72,abrupt,0.0,0
2,241,0.6320553809846415,0.30663528389616973,33.999390742916084,71,abrupt,0.0,0
2,242,0.49471973109878925,0.24464757130899537,32.896806715094044,70,abrupt,0.0,0
2,243,0.5632647151409333,0.31250547992713185,34.10190336414504,69,abrupt,0.0,0
2,244,0.77516224861636,0.3435403632418995,35.71402790962769,68,abrupt,0.0,0
2,245,0.45256586387393316,0.3057315100691999,31.815822757499575,67,abrupt,0.0,0
2,246,0.6343325018136764,0.3202537174160706,32.34710271500697,66,abrupt,0.0,0
2,247,0.8217333460888667,0.32460922624909583,38.1184173731577,65,abrupt,0.0,0
2,248,0.4848600578326111,0.24418365742753803,33.29248749061079,64,abrupt,0.0,0
2,249,0.6366445271169098,0.3057751316458085,35.73546637672841,63,abrupt,0.0,0
2,250,0.5614792164763355,0.29722205787724276,34.3009547246633,62,abrupt,0.0,0
2,251,0.4585365648553567,0.2917634432297564,30.987477097220054,61,abrupt,0.0,0
2,252,0.633297162965049,0.35700547406854805,35.58247407345178,60,abrupt,0.0,0
2,253,0.6226193528171458,0.30589881529011675,36.08763102167871,59,abrupt,0.0,0
2,254,0.5514421530520148,0.2821550410853263,32.17446604100542,58,abrupt,0.0,0
2,255,0.4813584990802038,0.20734317003177377,33.94717765786562,57,abrupt,0.0,0
2,256,0.6595295870866784,0.3423263900637091,34.26891582922319,56,abrupt,0.0,0
2,257,0.6264668526225852,0.2748092599930281,34.083694857833315,55,abrupt,0.0,0
2,258,0.545167911825455,0.28792361457941074,32.35863267424895,54,abrupt,0.0,0
2,259,0.49330309681551215,0.2625950221148196,32.08741854187441,53,abrupt,0.0,0
2,260,0.5608891524719444,0.30586458788920556,33.86802576205976,52,abrupt,0.0,0
2,261,0.5503920913349983,0.2907407467283437,34.23232311951837,51,abrupt,0.0,0
2,262,0.5518425628705452,0.29119237168119466,34.22750287806145,50,abrupt,0.0,0
2,263,0.7462645410654076,0.31002840639817814,36.651603844582084,49,abrupt,0.0,0
2,264,0.6223481681012552,0.33589155391378595,34.191753485361936,48,abrupt,0.0,0
2,265,0.7900120086725162,0.30534799768160714,37.08664517170269,47,abrupt,0.0,0
2,266,0.7779512710566189,0.325922333209162,37.10071308731349,46,abrupt,0.0,0
2,267,0.7721330775763953,0.3764768739833879,37.37167234026124,45,abrupt,0.0,0
2,268,0.7395629988018086,0.2997520877431413,36.480108361961825,44,abrupt,0.0,0
2,269,0.6944218899881321,0.39170000525912346,36.986679876063285,43,abrupt,0.0,0
2,270,0.709349425997329,0.3177094592964554,35.63132527068634,42,abrupt,0.0,0
2,271,0.9302965040083674,0.4096542846897992,36.012577474175195,41,abrupt,0.0,0
2,272,0.8559076094668254,0.41166307913617695,38.06709599948263,40,abrupt,0.0,0
2,273,0.7216478523989883,0.3290343340760479,36.22622865487264,39,abrupt,0.0,0
2,274,0.8413097091335968,0.3645624262012252,38.11477831811067,38,abrupt,0.0,0
2,275,0.7292284323278734,0.3778172014366249,34.752154065915136,37,abrupt,0.0,0
2,276,0.7916264391038051,0.36336558283810083,37.542376623855354,36,abrupt,0.0,0
2,277,0.7063341772594772,0.4099937297833677,35.96328431842754,35,abrupt,0.0,0
2,278,0.7200293709440937,0.36128616855349155,34.72234646034194,34,abrupt,0.0,0
2,279,0.7173592417464218,0.3274822203548131,34.48839801787815,33,abrupt,0.0,0
2,280,0.8658312454443277,0.39477884419265635,38.423527709987496,32,abrupt,0.0,0
2,281,0.9521819199465011,0.37883406518682866,40.701878475408414,31,abrupt,0.0,0
2,282,0.8425443652649015,,37.9228562029933,30,abrupt,0.0,0
2,283,0.8845737547985775,0.31866356779016736,36.90720386363399,29,abrupt,0.0,0
2,284,0.8229549809867368,0.4043422373845742,37.35526011482197,28,abrupt,0.0,0
2,285,0.7994811319988865,0.4124682459118716,35.761146104500696,27,abrupt,0.0,0
2,286,0.880783419091196,0.41276027659876785,37.35931506222597,26,abrupt,0.0,0
2,287,0.7334548759476739,0.3392166016416216,36.204283988809706,25,abrupt,0.0,0
2,288,0.9548095673761526,0.31144041855762283,38.286069661228254,24,abrupt,0.0,0
2,289,0.9232328112174706,0.3435785549882417,39.32709226357314,23,abrupt,0.0,0
2,290,0.8774249570835876,0.36147566763317485,35.988074909265926,22,abrupt,0.0,0
2,291,0.8355054325354673,0.3991057345073146,37.23326825072172,21,abrupt,0.0,0
2,292,0.773935550908793,0.34985519421257555,37.43002205389714,20,abrupt,0.0,1
2,293,0.980115836468758,0.36108316659213885,38.97956577262635,19,abrupt,0.0,1
2,294,0.7892495743912752,0.3566775884075806,37.55784564170275,18,abrupt,0.0,1
2,295,0.7417646665472143,0.3814159410930167,35.62602196687332,17,abrupt,0.0,1
2,296,0.6888534895545462,0.31687699266262825,36.083562122511175,16,abrupt,0.0,1
2,297,0.705250753470932,0.3349704783321939,34.4292031344125,15,abrupt,0.0,1
2,298,0.7448462289849739,0.3475075525240189,36.04894358016785,14,abrupt,0.0,1
2,299,0.7161079508847781,0.34943837109132825,35.484073760644456,13,abrupt,0.0,1
2,300,0.8040714807686962,0.37675230518054703,37.37470760093255,12,abrupt,0.0,1
2,301,0.6799620980661761,0.3650126703712614,34.650959121948695,11,abrupt,0.0,1
2,302,0.6288662157938945,0.428474321836775,36.907430509262404,10,abrupt,0.08211345593989433,1
2,303,0.7495278662026571,0.6724826281668684,37.23329828814532,9,abrupt,0.1649038499754378,1
2,304,0.6070376509471045,0.7875093872898319,,8,abrupt,0.24795168922885608,1
2,305,0.8489526813605954,0.9647386485821379,46.81150639674404,7,abrupt,0.3311671567766764,1
2,306,0.5259180491068419,1.1029449645969946,45.76842405051709,6,abrupt,0.41450749421498667,1
2,307,0.6277414737867579,1.2745936277299565,48.445157275771216,5,abrupt,0.4979474763756275,1
2,308,0.5489944963442593,1.4123098624080144,49.34076029268223,4,abrupt,0.5814704143584118,1
2,309,0.6498753654202216,1.6138981135824586,54.682918833158396,3,abrupt,0.6650644344803546,1
2,310,0.7407857206191586,1.7645645818844962,56.1174748845516,2,abrupt,0.7487206510519491,1
2,311,0.5496454021776926,1.9097202943379672,55.847276815512906,1,abrupt,0.8324321617854776,1
2,312,0.4276815952928987,2.043402941415179,57.13125920042322,0,abrupt,0.9161934489624114,1
3,0,0.6661388415437914,0.11399395327305091,43.37574538533715,320,gradual,0.0,0
3,1,0.7489213205108066,0.13590907205605335,44.09368309648488,319,gradual,0.0,0
3,2,0.9862121534323838,0.11582244314745613,48.82560616502174,318,gradual,0.0,0
3,3,0.6357260933085664,0.1853661601858883,44.882575979310985,317,gradual,0.0,0
3,4,0.818766936151285,0.12884032188115063,45.859425774008365,316,gradual,0.0,0
3,5,0.6013776567614554,0.09157070734358085,42.479505903042494,315,gradual,0.0,0
3,6,0.7506877143350337,0.14933814592535016,46.54571047314005,314,gradual,0.0,0
3,7,0.8270733257241393,0.1160643396037071,45.669965604097804,313,gradual,0.0,0
3,8,0.8509287764968659,0.16155952337970805,46.4786863477152,312,gradual,0.0,0
3,9,0.9473845997484264,0.15833067798461467,48.28924918799145,311,gradual,0.0,0
3,10,0.691647735169279,0.1591520656446525,44.59902825077902,310,gradual,0.0,0
3,11,0.722359826266721,0.20054605821004323,44.525183803873134,309,gradual,0.0,0
3,12,0.8201344763806224,0.17193068188898178,46.080631834013225,308,gradual,0.0,0
3,13,0.849901777606656,0.12590125415992232,47.017873969177884,307,gradual,0.0,0
3,14,0.8229147128358465,0.08507666649694141,46.92137709641772,306,gradual,0.0,0
3,15,0.8127000853051938,0.21157259435724424,45.85733961792498,305,gradual,0.0,0
3,16,0.7800836130072238,0.1644950017279285,44.37529863944112,304,gradual,0.0,0
3,17,0.8849940574932456,0.13223303173054368,47.495329480212,303,gradual,0.0,0
3,18,0.8120932566460812,0.15207038722435798,46.334925338754964,302,gradual,0.0,0
3,19,0.8003481101732365,0.15816249759219847,47.23400604792104,301,gradual,0.0,0
3,20,0.9721686739286549,0.12711198004908875,48.34212598755725,300,gradual,0.0,0
3,21,0.9580680157767917,0.1786730303105744,47.50005008676269,299,gradual,0.0,0
3,22,0.9004504160643818,0.18553266281118055,46.61104954689791,298,gradual,0.0,0
3,23,0.896843840386982,0.16027552431784414,47.914722148317814,297,gradual,0.0,0
3,24,0.9173080294774326,0.16804071111869665,45.73251590808341,296,gradual,0.0,0
3,25,1.03922755100971,0.14721128435966246,49.001304390288894,295,gradual,0.0,0
3,26,0.8492612984837696,0.15258527641340838,45.530430221714255,294,gradual,0.0,0
3,27,0.7901265237544073,0.08945072621318909,46.39311546610449,293,gradual,0.0,0
3,28,0.7946552506755571,0.13206714565115843,46.15135424134672,292,gradual,0.0,0
3,29,0.8244291496972443,0.24077212993869157,46.49274861481588,291,gradual,0.0,0
3,30,0.693391890759597,0.12862803953818835,45.29067547390191,290,gradual,0.0,0
3,31,0.7596417808015602,0.13339300244863764,46.77529071348266,289,gradual,0.0,0
3,32,0.6494750140293256,0.12091332813854021,,288,gradual,0.0,0
3,33,0.7077692927723093,0.16349387923124728,44.625367731816695,287,gradual,0.0,0
3,34,0.7561269181714281,0.1550695615334938,46.82676126110086,286,gradual,0.0,0
3,35,0.7193396400422706,0.17700769654147402,45.3840874035365,285,gradual,0.0,0
3,36,0.5638833769928431,0.11103300419684978,43.79059223093457,284,gradual,0.0,0
3,37,0.5663374813634277,0.11274993538112153,43.577454423672236,283,gradual,0.0,0
3,38,0.611488634486287,0.13604957735487475,44.26159090835997,282,gradual,0.0,0
3,39,0.6738859637743163,0.12397487654371786,44.142313841116184,281,gradual,0.0,0
3,40,0.5132074821752111,0.09451236229200133,41.68835674051657,280,gradual,0.0,0
3,41,0.42970196340508193,0.09233326461406155,41.10198216381314,279,gradual,0.0,0
3,42,0.6006698493324355,,44.29568759048907,278,gradual,0.0,0
3,43,0.6791798942483229,0.19790626379961004,46.54147290242906,277,gradual,0.0,0
3,44,0.7248043792087369,0.11705795668281334,44.49772293285319,276,gradual,0.0,0
3,45,0.6566512560804881,,45.616386195131945,275,gradual,0.0,0
3,46,0.6282257079940372,0.1174175041380786,42.89668636046547,274,gradual,0.0,0
3,47,0.601937171060045,0.08012987511988742,43.75521023391922,273,gradual,0.0,0
3,48,0.6763254106966985,0.15590158526954626,45.776856514737204,272,gradual,0.0,0
3,49,0.5418411148739064,0.13896777550262004,44.28171696850797,271,gradual,0.0,0
3,50,0.5199509690395232,0.175709185097792,43.00284657899563,270,gradual,0.0,0
3,51,0.4440356041453742,0.08800051889880778,44.23876042134282,269,gradual,0.0,0
3,52,0.46523302499698604,0.1720968700355829,42.56583031430766,268,gradual,0.0,0
3,53,0.4805797495670776,0.05642364549284006,42.34185852494563,267,gradual,0.0,0
3,54,0.42321960917507806,0.05688061996207148,40.302084768440096,266,gradual,0.0,0
3,55,0.5657094629807174,0.14886635665215212,43.596585294591996,265,gradual,0.0,0
3,56,0.6057778446323789,0.17845964471352255,43.809139844319745,264,gradual,0.0,0
3,57,0.4674700000474314,0.14432457007891034,41.97559113917809,263,gradual,0.0,0
3,58,0.6168079567054239,0.09144198574037525,44.892667140954096,262,gradual,0.0,0
3,59,0.5332599755432705,,42.73027235970673,261,gradual,0.0,0
3,60,0.7358555390391901,0.17976008639983135,44.78897048048452,260,gradual,0.0,0
3,61,0.5248167798102242,0.1655955776136727,42.4880627762445,259,gradual,0.0,0
3,62,0.5891049447002588,0.16153642748004568,44.699165312998154,258,gradual,0.0,0
3,63,0.6286670206953313,0.17254354275196246,44.16614607636755,257,gradual,0.0,0
3,64,0.6716401482919349,0.14300519244296023,46.08794893354204,256,gradual,0.0,0
3,65,0.7472252451609662,0.10598123201983786,46.708307310278286,255,gradual,0.0,0
3,66,0.6433467298035099,0.16886861242556156,44.32017789509871,254,gradual,0.0,0
3,67,0.8820814073123611,0.18240676522229513,45.21292335778452,253,gradual,0.0,0
3,68,0.6098654724280269,0.15814376204226246,44.52836060796158,252,gradual,0.0,0
3,69,0.6417301105415825,0.049674813723276146,44.87213720815404,251,gradual,0.0,0
3,70,0.8723509695562117,0.1208282497830696,,250,gradual,0.0,0
3,71,0.6760405352585168,0.17656192001749665,46.688442698028446,249,gradual,0.0,0
3,72,0.6780607841853589,0.10929267059353348,45.61182644360415,248,gradual,0.0,0
3,73,0.7679206360330317,0.18293571948616622,45.53742473499031,247,gradual,0.0,0
3,74,0.6316442161875157,0.09038960112981985,43.725847327252566,246,gradual,0.0,0
3,75,0.8500687701969344,0.16343990098757674,46.748163360376104,245,gradual,0.0,0
3,76,0.6651497095068446,0.05671486016132861,44.59746894150197,244,gradual,0.0,0
3,77,0.6147270402244602,0.15131321281079985,,243,gradual,0.0,0
3,78,0.6830691076587473,,45.02134782721956,242,gradual,0.0,0
3,79,0.8128256481273152,0.11515742823090934,48.72151089673069,241,gradual,0.0,0
3,80,0.8944014565620024,0.13595365231473935,46.12442914389739,240,gradual,0.0,0
3,81,0.8768794916238901,0.14164283816525491,44.834005650626466,239,gradual,0.0,0
3,82,0.9222376825518102,0.12186418373787895,47.79497481045432,238,gradual,0.0,0
3,83,0.8014160342296869,0.11504058870671137,46.17471076816187,237,gradual,0.0,0
3,84,0.7756907432207143,0.18989302706185798,44.9066486755274,236,gradual,0.0,0
3,85,0.933548035407508,0.16419187651585057,49.332041892485066,235,gradual,0.0,0
3,86,0.6884006719720936,0.12182504412704087,45.754350423377794,234,gradual,0.0,0
3,87,0.8623361627189577,0.17545534069411403,48.5366788892642,233,gradual,0.0,0
3,88,0.8216513520154346,0.15331256696250004,47.9135825584513,232,gradual,0.0,0
3,89,0.8725177956171127,0.0956606614865822,48.22131341602159,231,gradual,0.0,0
3,90,0.6299426509667495,0.08002099361280116,44.385639188862875,230,gradual,0.0,0
3,91,0.748672985988676,0.14187546927731717,45.28998094751925,229,gradual,0.0,0
3,92,0.8400799486803416,0.10521143851847051,47.34473822812695,228,gradual,0.0,0
3,93,0.8512389120599776,0.15192862613488134,48.0915712829776,227,gradual,0.0,0
3,94,0.6205910556695913,0.10755077574009365,43.13576887870424,226,gradual,0.0,0
3,95,0.8892192724173538,0.10951094622191777,46.8463168369866,225,gradual,0.0,0
3,96,0.8745110803021681,0.12086358809258965,46.908271601049535,224,gradual,0.0,0
3,97,0.8215172788217645,0.06715260432272674,46.35619165237973,223,gradual,0.0,0
3,98,0.7489233466958586,0.17176985512524567,44.44164468078342,222,gradual,0.0,0
3,99,0.7542168755450562,0.1389982097959152,45.770630316240194,221,gradual,0.0,0
3,100,1.006356509493364,0.14781701426803323,48.78817554316654,220,gradual,0.0,0
3,101,0.7783140800359959,0.19191432420368576,46.62764843219104,219,gradual,0.0,0
3,102,0.7889917286929804,0.14436870097425872,44.94710405365245,218,gradual,0.0,0
3,103,0.9192756708095495,0.0948375081243672,46.83475824836332,217,gradual,0.0,0
3,104,0.8055904463928892,0.16158852409704907,47.393885767192366,216,gradual,0.0,0
3,105,0.7478570156140347,0.15720889695495432,47.39302804635144,215,gradual,0.0,0
3,106,0.5659713051592853,0.10746080171284057,45.859754477298395,214,gradual,0.0,0
3,107,0.7834782857593703,0.18571964394491322,,213,gradual,0.0,0
3,108,0.5774315728833758,0.10076961103463863,43.74079699524086,212,gradual,0.0,0
3,109,0.6117472384473515,0.11105512942674267,45.366444093986885,211,gradual,0.0,0
3,110,0.7474170913382275,0.14788965457215558,44.730755308610284,210,gradual,0.0,0
3,111,0.6461946976695518,0.11628818630965995,45.996543495215555,209,gradual,0.0,0
3,112,0.5792927468270802,0.07816388343360733,43.59986305071921,208,gradual,0.0,0
3,113,0.6879720790769104,0.11169179275271326,,207,gradual,0.0,0
3,114,0.7672982050445747,0.12014057025345662,47.94708107166729,206,gradual,0.0,0
3,115,0.6851299452416524,0.17241607489581876,45.331650496596644,205,gradual,0.0,0
3,116,0.6309075925659927,0.11591558800504134,45.95177444770573,204,gradual,0.0,0
3,117,0.566398609460572,0.05960303870140418,43.842447866422695,203,gradual,0.0,0
3,118,0.6510494462191925,0.10004429182034048,46.21163391938335,202,gradual,0.0,0
3,119,0.6599220739060621,0.09962391195566314,46.0127444495795,201,gradual,0.0,0
3,120,0.4467960131508051,0.10375171053008607,43.25550725070789,200,gradual,0.0,0
3,121,0.6778526270111701,0.08855409138217615,43.65720887001864,199,gradual,0.0,0
3,122,0.35914160352240254,0.061167869877354834,40.689773840011,198,gradual,0.0,0
3,123,0.6450612502443148,0.13483384500376092,43.16330939499063,197,gradual,0.0,0
3,124,0.4907312864173217,0.07694371892753275,43.66439476284409,196,gradual,0.0,0
3,125,0.49497425188661676,0.13982731280868263,42.387814358507114,195,gradual,0.0,0
3,126,0.6669896129310443,0.12078780065990397,46.23908891336278,194,gradual,0.0,0
3,127,0.639746430970908,0.11030873867265734,44.36512156086593,193,gradual,0.0,0
3,128,0.5651990602475303,0.10079026222924173,43.89586103042164,192,gradual,0.0,0
3,129,0.5046627341296847,0.11506606035241394,44.00445716569351,191,gradual,0.0,0
3,130,0.52457241437464,0.11614980806551724,42.56609881909675,190,gradual,0.0,0
3,131,0.6802114345241804,0.08696864063487814,45.72515901633141,189,gradual,0.0,0
3,132,0.4810231361950888,0.1366026962826584,40.37384775901668,188,gradual,0.0,0
3,133,0.43364601310985523,0.08623436901866854,41.68954597829766,187,gradual,0.0,0
3,134,0.5808469069413393,0.127946764991033,45.18759450678621,186,gradual,0.0,0
3,135,0.610120390085043,0.10978891255405585,47.23139189918956,185,gradual,0.0,0
3,136,0.5800671218624465,0.16661981101088383,42.23280114735787,184,gradual,0.0,0
3,137,0.4373140385061145,0.09465458770067862,44.137312244446505,183,gradual,0.0,0
3,138,0.702086770043041,0.09462910622154055,47.15743650856951,182,gradual,0.0,0
3,139,0.5306415809402428,0.10501697926731435,43.294758861204926,181,gradual,0.0,0
3,140,0.5788021726510407,0.13842844819966468,43.38572095971921,180,gradual,0.0,0
3,141,0.7493527538086611,0.11538113604788261,46.183527351359,179,gradual,0.0,0
3,142,0.6749256512084606,0.06299353477360407,45.26556198649748,178,gradual,0.0,0
3,143,0.5711233297942735,0.10820702816860024,44.62893314374528,177,gradual,0.0,0
3,144,0.7490990192470598,0.10309947254387643,44.87322211407339,176,gradual,0.0,0
3,145,0.7038344558229077,0.15818607703935353,45.95668961528225,175,gradual,0.0,0
3,146,0.8108677998535938,0.13592888119320318,46.587414295350015,174,gradual,0.0,0
3,147,0.8100106162658554,0.12620814123327737,46.807977348216156,173,gradual,0.0,0
3,148,0.9788539302570133,0.17430626404683833,49.878500192385836,172,gradual,0.0,0
3,149,0.8338903503932482,0.12514931509269178,47.837063986065566,171,gradual,0.0,0
3,150,0.9011041095579074,0.07035246163860856,46.0511426765233,170,gradual,0.0,0
3,151,0.7790841659881451,0.11164747517902274,46.92451806751312,169,gradual,0.0,0
3,152,0.7937536286258918,0.1041039388507192,47.023368430876815,168,gradual,0.0,0
3,153,0.7439830528280509,0.12583827218820196,47.0217392773355,167,gradual,0.0,0
3,154,0.8130389428689153,0.0858861451807881,47.427254075183846,166,gradual,0.0,0
3,155,0.8262435012644687,0.1194148714850893,47.61222721228883,165,gradual,0.0,0
3,156,0.8763115809630823,,47.674495366731,164,gradual,0.0,0
3,157,0.5956490762642274,0.0898629362630574,44.66345232124359,163,gradual,0.0,0
3,158,0.8831067291259886,0.09778319758122136,48.94764278023522,162,gradual,0.0,0
3,159,0.7661797819553791,0.14602343093039633,45.25163341157666,161,gradual,0.0,0
3,160,0.98783040397287,,49.105684435100294,160,gradual,0.0,0
3,161,0.7460783189779493,0.15677386070750648,46.095574155748956,159,gradual,0.0,0
3,162,0.820617570784851,0.14125158187744605,46.66401663499001,158,gradual,0.0,0
3,163,0.7600402850680996,0.12617140280603967,44.44635125861256,157,gradual,0.0,0
3,164,0.9110461523073135,0.11288555935160924,49.62710840236798,156,gradual,0.0,0
3,165,0.7609840883371464,0.11333913781794319,46.299001401963736,155,gradual,0.0,0
3,166,0.731222238357043,0.11267095458600396,47.8406405056261,154,gradual,0.0,0
3,167,0.7576128015623832,0.09329892290218039,49.116895375398826,153,gradual,0.0,0
3,168,0.8466656394794907,0.100209681947929,46.72130821567113,152,gradual,0.0,0
3,169,0.8182735621402085,0.13075481830502006,48.22089817064484,151,gradual,0.0,0
3,170,0.7009777907111164,0.08497755671805596,46.04131879946642,150,gradual,0.0,0
3,171,0.5766448292539392,0.10697563358970202,45.08577778873666,149,gradual,0.0,0
3,172,0.8430039555563243,0.10248709525452934,48.411302255417006,148,gradual,0.0,0
3,173,0.8482698238722907,0.09069128281599195,48.59649343482016,147,gradual,0.0,0
3,174,0.6472220787163696,0.12569839383217407,45.94472421463864,146,gradual,0.0,0
3,175,0.7351823811085736,0.09608735323247303,46.592198085099874,145,gradual,0.0,0
3,176,0.7588713486838581,0.08489657885909248,45.81984985345656,144,gradual,0.0,0
3,177,0.645190382910034,0.0889165343556311,44.82575462494544,143,gradual,0.0,0
3,178,0.6871988307176637,0.1261736080000652,44.703344648960424,142,gradual,0.0,0
3,179,0.5081104737965496,0.07068232141831479,42.40789922276123,141,gradual,0.0,0
3,180,0.5859772222244342,0.0917595178841737,44.72555778729779,140,gradual,0.0,0
3,181,0.6738367150320048,0.0581609357093648,45.00349972552873,139,gradual,0.0,0
3,182,0.5888774578236757,0.10301902435142617,42.959934168918544,138,gradual,0.0,0
3,183,0.7271352518877333,0.10482967928479492,44.47265483933243,137,gradual,0.0,0
3,184,0.6941240774913758,0.07248959941484892,45.539343083278716,136,gradual,0.0,0
3,185,0.628569302038355,0.11716268986398601,44.19928989821577,135,gradual,0.0,0
3,186,0.6502648616699821,0.1194989999438491,45.93671401216255,134,gradual,0.0,0
3,187,0.6932851811464907,0.13162653995832535,46.0694867805779,133,gradual,0.0,0
3,188,0.5795546357806187,0.07821302731203701,45.162594728868214,132,gradual,0.0,0
3,189,0.6783811264250164,0.06782091251283939,47.29782940615122,131,gradual,0.0,0
3,190,0.5912962682870797,0.13916836840068766,44.010918960209885,130,gradual,0.0,0
3,191,0.6453303292871431,0.04450021105205073,45.93779029547996,129,gradual,0.0,0
3,192,0.4472137008562587,0.08935467029065504,42.50343714871601,128,gradual,0.0,0
3,193,0.4511875873566622,0.08793397187839865,42.446062517835756,127,gradual,0.0,0
3,194,0.5562046129815649,0.10596168744113817,44.313106835730494,126,gradual,0.0,0
3,195,0.43998543843652255,0.0871538126078071,41.39648310095412,125,gradual,0.0,0
3,196,0.5822707422986505,0.10188004843807816,45.09526739508782,124,gradual,0.0,0
3,197,0.5348985948498702,0.08332757538701102,44.23138346148636,123,gradual,0.0,0
3,198,0.5357058770915837,0.10042228594992691,43.956783043978,122,gradual,0.0,0
3,199,0.7138620014625261,0.10109031966959758,46.54912238089662,121,gradual,0.0,0
3,200,0.32784113146453586,0.08517539427993417,41.03170331855087,120,gradual,0.0,0
3,201,0.6446939405314202,0.1785459847043503,46.09096678075097,119,gradual,0.0,0
3,202,0.5740986935736778,0.05346750598237777,42.46362840233103,118,gradual,0.0,0
3,203,0.7053294583718576,0.02764589051397088,44.944240646286225,117,gradual,0.0,0
3,204,0.4685628584311311,0.09423596676815946,,116,gradual,0.0,0
3,205,0.4407106030542488,0.1533879733129872,42.72982365882757,115,gradual,0.0,0
3,206,0.5104884996966255,0.059190765902720585,44.3686929036266,114,gradual,0.0,0
3,207,0.5123270152197772,0.128680756729187,41.74123204114597,113,gradual,0.0,0
3,208,0.6786682296898932,0.10646851364518753,45.64792721512659,112,gradual,0.0,0
3,209,0.5508253308424034,0.1089377489252843,43.93763801449677,111,gradual,0.0,0
3,210,0.6123306769650814,0.0832410699540228,45.14772116883192,110,gradual,0.0,0
3,211,0.6229369268251962,0.14378290301121197,43.85158999570637,109,gradual,0.0,0
3,212,0.6441893127038961,0.09708486572826411,46.72515555625855,108,gradual,0.0,0
3,213,0.6463839419943344,0.14621928274694115,,107,gradual,0.0,0
3,214,0.6030101521182405,0.1728268060943635,45.45528381200943,106,gradual,0.0,0
3,215,0.6586185908044598,0.16646379113484472,46.09791475918743,105,gradual,0.0,0
3,216,0.7889601185177711,0.1443217096053853,46.95670395941874,104,gradual,0.0,0
3,217,0.7546754711788511,0.050928602680433935,46.137364856820376,103,gradual,0.0,0
3,218,0.6769136089371348,0.11035046397688571,47.30663721545696,102,gradual,0.0,0
3,219,0.7459990194310315,0.1333045281845559,47.77213634875347,101,gradual,0.0,0
3,220,0.8275794231042225,0.10542495267600784,47.768572054625125,100,gradual,0.0,0
3,221,0.5524963564227462,0.07972927440671668,43.544757371369805,99,gradual,0.0,0
3,222,0.6908071514393834,0.07595442603476443,46.00809051418906,98,gradual,0.0,0
3,223,0.7696439252309055,0.1809363881260553,48.53962274341494,97,gradual,0.0,0
3,224,0.7574479377288967,0.12005204098601732,47.663438678737606,96,gradual,0.0,0
3,225,0.9006137971931979,0.10820145556265931,50.45839807261417,95,gradual,0.0,0
3,226,0.8013120484171936,0.10193725738916165,48.9622427888381,94,gradual,0.0,0
3,227,0.7939400889266944,0.12858633554997698,48.956327542959016,93,gradual,0.0,0
3,228,0.6507494617381032,0.11905858569645716,46.38478681548898,92,gradual,4.393811579867126e-06,0
3,229,1.0190882867712714,0.09825393288141981,50.21868794149067,91,gradual,9.590352796778743e-05,0
3,230,0.8969891542902074,0.11710297270609431,48.626434428780485,90,gradual,0.0003267054557217722,0
3,231,0.6785312587088999,0.11322602719665285,45.2527561338227,89,gradual,0.0007118591248152788,0
3,232,0.7750289217252269,0.11022048660909119,46.36801900642698,88,gradual,0.0012613973492737972,0
3,233,0.7304115506227921,0.1696408199893722,47.26715665856949,87,gradual,0.001983030456576865,0
3,234,0.9916109167740833,0.1395498832074491,49.32125198055682,86,gradual,0.002883086280435699,0
3,235,0.8364637782115799,0.12379288580046735,46.11577523245949,85,gradual,0.003966963956169943,0
3,236,0.8514885969055389,0.02746332405080122,48.964697551507335,84,gradual,0.005239391129656846,0
3,237,0.7486184164323051,0.09889418579604106,46.013300163065516,83,gradual,0.006704585014105385,0
3,238,0.48105373297364046,0.13400313895907034,43.67974908281908,82,gradual,0.008366360425040752,0
3,239,0.8459440084336594,0.18011392141479962,47.980380363451346,81,gradual,0.010228206018977082,0
3,240,0.7673122569304285,0.14185829627759544,46.938933343704306,80,gradual,0.012293340236235102,0
3,241,0.7965534739061574,0.1555822415331212,49.30806880222995,79,gradual,0.014564753645534868,0
3,242,0.7425386305149131,0.11233170389539045,47.7717589291954,78,gradual,0.017045241817334657,0
3,243,0.7564539369774401,0.1095885327414776,45.90226302898334,77,gradual,0.019737431387121366,0
3,244,0.7044033803978687,0.11526429014971824,49.94070534409894,76,gradual,0.022643801090178526,0
3,245,0.7802922417151167,0.1720523639608384,48.13204491171943,75,gradual,0.025766698998556534,0
3,246,0.779269447079648,0.15038246837944022,49.47020997279278,74,gradual,0.029108356833548156,0
3,247,0.870757961773619,0.12589434282051748,50.502994143731755,73,gradual,0.032670901987842824,0
3,248,0.8150867943687349,0.19672685593764322,48.99969789971962,72,gradual,0.036456367727260644,0
3,249,0.6909730493858034,0.13668619526903172,46.021945479647464,71,gradual,0.04046670192647796,0
3,250,0.6390181784354486,0.12883818565316713,44.87467220564216,70,gradual,0.04470377461029161,0
3,251,0.9441675397297414,0.18345487934896665,52.72726900857181,69,gradual,0.04916938451142383,0
3,252,0.6821719895171322,0.19215155245506857,46.18178989842921,68,gradual,0.05386526481090937,0
3,253,0.8709528587240172,0.1867161190143927,51.112503472784155,67,gradual,0.05879308819322655,0
3,254,0.9521467411370028,0.2325637425683248,49.60557016543661,66,gradual,0.06395447132246412,0
3,255,0.6955842138469084,0.19745744505566937,47.201136665175824,65,gradual,0.06935097882582349,0
3,256,0.5161042148171213,0.2281840631940989,47.17266726173519,64,gradual,0.07498412685513339,0
3,257,0.43467099643678564,0.1925608156829311,44.81820266451639,63,gradual,0.08085538628472391,0
3,258,0.6302884894240575,0.24351904555735884,47.94489080702279,62,gradual,0.08696618559418297,0
3,259,0.6793045563535993,0.22029214013787154,48.0689923259275,61,gradual,0.09331791347662517,0
3,260,0.44933323076688536,0.24101838048397797,45.049707241723596,60,gradual,0.09991192120670868,0
3,261,0.42985500784678937,0.23604035151758304,47.213996409964096,59,gradual,0.10674952479741905,0
3,262,0.566615122885011,0.22334702063629538,48.11164334202285,58,gradual,0.11383200697035241,0
3,263,0.49685012143206875,0.3015044207882772,47.09141532919543,57,gradual,0.12116061896068506,0
3,264,0.6250230973706914,0.2713486796247387,48.05659773365926,56,gradual,0.12873658217506848,0
3,265,0.5038988523035799,0.2944669557250381,46.45474423568398,55,gradual,0.1365610897182206,0
3,266,0.6087938627324815,0.2892051081193024,48.68338924686202,54,gradual,0.14463530780190947,0
3,267,0.5720442141921193,0.31451452866016666,49.2760818176098,53,gradual,0.1529603770482707,0
3,268,0.6149679737111691,0.32789218709457657,50.247178414628664,52,gradual,0.16153741369791025,0
3,269,0.583483635108431,0.32322071278743186,50.0101340718307,51,gradual,0.17036751073197298,0
3,270,0.5676257953311142,0.3557502119791789,50.4123273702844,50,gradual,0.17945173891626812,0
3,271,0.5760875620517351,0.36632405613118674,48.41493927575133,49,gradual,0.188791147774606,0
3,272,0.51127143569214,0.39408240162342195,50.48175387814709,48,gradual,0.19838676649769105,0
3,273,0.5344469722997313,0.38614907611946336,49.42700386596209,47,gradual,0.20823960479321585,0
3,274,0.3864488610351851,0.42029001046488645,48.05079456645289,46,gradual,0.21835065368219078,0
3,275,0.7240759155520902,0.42807122820374993,54.205919364829455,45,gradual,0.22872088624601153,0
3,276,0.6070303410233202,0.43358157726924845,52.46721642828072,44,gradual,0.2393512583283026,0
3,277,0.5290889033169703,0.4469982493297609,50.831426365834176,43,gradual,0.2502427091951641,0
3,278,0.3,0.44268205278050654,,42,gradual,0.2613961621570931,0
3,279,0.5014537784587577,0.4842449377520858,50.332469066570695,41,gradual,0.27281252515552723,0
3,280,0.593797105420504,0.5231299127635884,52.249863785604624,40,gradual,0.28449269131668586,0
3,281,0.780289522090585,0.5495501297636545,55.822978945212725,39,gradual,0.29643753947512436,0
3,282,0.6746397507051038,0.5263795065410488,54.22764613400754,38,gradual,0.308647934669206,0
3,283,0.6493367293334534,0.5219869298850064,55.47181593789263,37,gradual,0.32112472861048824,0
3,284,0.7030072300915601,0.5406045848405973,54.94712659159097,36,gradual,0.3338687601288526,0
3,285,0.8397217976636131,0.6734084045361631,57.706084796398365,35,gradual,0.3468808555950416,0
3,286,0.4785341573997437,0.5753677302431252,51.77068247485761,34,gradual,0.36016182932212903,0
3,287,0.682073333606038,0.642176437949581,56.14866802973156,33,gradual,0.3737124839473214,0
3,288,0.7643329843899185,0.7290459149086752,57.80511240282742,32,gradual,0.38753361079537096,0
3,289,0.9190069927536066,0.7237785694436673,59.54842164059153,31,gradual,0.40162599022478185,0
3,290,0.8646907464495808,0.7315201628195523,57.68292549012575,30,gradual,0.4159903919578909,0
3,291,0.620466744314305,0.7111300065829208,57.13364708907405,29,gradual,0.43062757539582686,0
3,292,0.8331530653807854,0.7497344053459277,58.098853897457516,28,gradual,0.44553828991926697,0
3,293,0.8044593558179025,0.7918413005132204,59.49678841191058,27,gradual,0.46072327517584893,0
3,294,0.746176566700427,0.8264091450767238,60.17615748686424,26,gradual,0.47618326135502237,0
3,295,0.5729313013423326,0.8402974635089426,57.903169693377365,25,gradual,0.49191896945107616,0
3,296,0.8495380558236563,0.8794494133762184,,24,gradual,0.5079311115150167,0
3,297,0.7691788660023325,0.8488327039541835,,23,gradual,0.5242203908959283,0
3,298,0.891790956161095,0.8982749703376198,61.26929515678086,22,gradual,0.5407875024724038,0
3,299,0.686848315219765,0.918095468625314,62.0905761874123,21,gradual,0.5576331328745856,0
3,300,0.717640023231602,0.9591762830774109,62.3293211562345,20,gradual,0.5747579606973315,1
3,301,0.913682531553473,1.0382719023767404,61.868670814697694,19,gradual,0.5921626567049737,1
3,302,0.644381971820203,0.9966473571188863,62.043019941680924,18,gradual,0.609847884028117,1
3,303,0.8476794425720581,1.0259056396388233,65.83512052821285,17,gradual,0.6278142983528873,1
3,304,0.8386405245131311,1.07583232398924,65.54293958685426,16,gradual,0.6460625481030194,1
3,305,0.809583878928824,1.0974390286667226,65.17044180807301,15,gradual,0.6645932746151447,1
3,306,0.9188423316464651,1.1534926208951297,65.91366014444253,14,gradual,0.6834071123076159,1
3,307,1.0363580837028326,1.1631902495049655,67.59966164818604,13,gradual,0.7025046888431936,1
3,308,0.8213982636657174,1.1633852381233665,67.1266920698251,12,gradual,0.7218866252858852,1
3,309,0.8313986311352214,1.16460336831441,67.76159542425978,11,gradual,0.7415535362522233,1
3,310,0.8351662121530539,1.227934819859135,69.55396081347705,10,gradual,0.7615060300572425,1
3,311,0.8540163111015115,1.2741366049121876,67.81351643630786,9,gradual,0.7817447088554079,1
3,312,0.8830668993937015,1.2921735227479583,71.45424455694098,8,gradual,0.8022701687767231,1
3,313,0.9180954544951667,1.3555926180214921,71.82568067166491,7,gradual,0.823083000058244,1
3,314,0.859139951175388,1.3737949767861708,71.2748785956045,6,gradual,0.8441837871712011,1
3,315,0.853185534896005,1.4068547924850034,71.43962586884378,5,gradual,0.8655731089439289,1
3,316,0.7760534025422182,1.370667572725473,70.37272835257251,4,gradual,0.8872515386807883,1
3,317,1.0000042121480248,1.504675060500197,73.22083930788718,3,gradual,0.9092196442772531,1
3,318,0.7210478886714987,1.4998165315923966,71.7145167180833,2,gradual,0.9314779883313313,1
3,319,0.6860620868402869,1.4365439079346893,70.71295715759392,1,gradual,0.9540271282514725,1
3,320,0.7290722352119116,1.5301913869497543,73.13781289930604,0,gradual,0.9768676163611135,1
4,0,0.7611485747020658,0.4224514358952457,46.88812389885581,162,abrupt,0.0,0
4,1,0.7614492282853319,0.4012923545533036,47.56528430588426,161,abrupt,0.0,0
4,2,0.6954142685526392,0.41943152231468817,47.42591889174316,160,abrupt,0.0,0
4,3,0.517788534644403,0.3890515499818698,46.27960117446661,159,abrupt,0.0,0
4,4,0.6410017722337519,0.43154940987472645,47.498125615343206,158,abrupt,0.0,0
4,5,0.7032384906359403,0.3982154001124727,46.907748876074535,157,abrupt,0.0,0
4,6,0.8372664990123011,0.42220184691959567,49.72229878283808,156,abrupt,0.0,0
4,7,0.8449391460047635,0.5030904344178357,50.05215119425933,155,abrupt,0.0,0
4,8,0.829756230665555,0.4962331201655185,49.93559601433769,154,abrupt,0.0,0
4,9,0.7731107390672058,0.44383505238730475,48.64391244123647,153,abrupt,0.0,0
4,10,0.9559095364448597,0.5027558218827827,50.00713117878781,152,abrupt,0.0,0
4,11,0.8929280183692744,0.5038226364513094,48.95706708009847,151,abrupt,0.0,0
4,12,0.8597507231542526,0.45883444859997935,49.774622252329976,150,abrupt,0.0,0
4,13,0.7789014120718871,0.430031148575821,49.152055473687106,149,abrupt,0.0,0
4,14,0.8639106776069327,0.46963907133328775,48.66919015268627,148,abrupt,0.0,0
4,15,0.9243508241599434,0.471350580539885,49.70642722477616,147,abrupt,0.0,0
4,16,0.9335607945374188,0.47181448015252886,51.78755151989479,146,abrupt,0.0,0
4,17,0.8312806449896265,0.4880895996204585,50.20884212075583,145,abrupt,0.0,0
4,18,0.8931838597528075,0.5112269838011779,50.45189058981199,144,abrupt,0.0,0
4,19,0.8297008223045581,0.47266260009982103,49.32139347830641,143,abrupt,0.0,0
4,20,0.907925065662786,0.5029492569446375,49.793014973118034,142,abrupt,0.0,0
4,21,0.806645615204135,0.42206232440305136,48.127417757259686,141,abrupt,0.0,0
4,22,1.0255976237468847,0.5187011106872262,52.5871124447019,140,abrupt,0.0,0
4,23,0.9772156933233246,0.5160557656606652,50.0344869975214,139,abrupt,0.0,0
4,24,0.6904928048321791,0.44075815499648585,49.46733258140736,138,abrupt,0.0,0
4,25,0.8189321955837082,0.40980512190093155,50.72579280857593,137,abrupt,0.0,0
4,26,0.8398827853510066,0.43179994847827813,48.29386455376872,136,abrupt,0.0,0
4,27,0.853184772173087,0.4806383223244395,47.592665455625834,135,abrupt,0.0,0
4,28,0.6054376483928497,0.36246736357139037,46.60534833094925,134,abrupt,0.0,0
4,29,0.6453088725883425,0.42726863709788765,45.824473071353566,133,abrupt,0.0,0
4,30,0.8158333756332992,0.4552890936762575,48.47260716693929,132,abrupt,0.0,0
4,31,0.7419697422048879,0.49978287310562836,48.46712429364103,131,abrupt,0.0,0
4,32,0.8409627612849399,0.44391435068923535,47.946261144641674,130,abrupt,0.0,0
4,33,0.800079988258316,0.43781508167928257,49.10666661173936,129,abrupt,0.0,0
4,34,0.5820381998326845,0.44176395779559285,47.55392937466179,128,abrupt,0.0,0
4,35,0.6562471493696305,0.45921215948974187,48.4831980738113,127,abrupt,0.0,0
4,36,0.5894249967117218,0.374671357719838,47.4274567853309,126,abrupt,0.0,0
4,37,0.6625427789875634,0.4205609255711409,46.99875564413143,125,abrupt,0.0,0
4,38,0.7938508998035676,0.4606063125996957,48.39471321645637,124,abrupt,0.0,0
4,39,0.5820741061729133,0.39831579773907777,45.75135131104711,123,abrupt,0.0,0
4,40,0.7020165802368692,0.4335800492034997,47.90966306548725,122,abrupt,0.0,0
4,41,0.6243188106385217,0.43445774030364015,47.56450308390389,121,abrupt,0.0,0
4,42,0.613782123167954,0.34722663770966866,46.602045446060764,120,abrupt,0.0,0
4,43,0.5763707372832145,0.42619554335128484,44.891626498084364,119,abrupt,0.0,0
4,44,0.5657158278805285,0.40025174967268806,44.83151263810562,118,abrupt,0.0,0
4,45,0.6344371713465082,0.42489758262084615,46.18367488178962,117,abrupt,0.0,0
4,46,0.5127177833821579,0.4170862458349885,45.55865383695207,116,abrupt,0.0,0
4,47,0.6341625299099352,0.4263376317691404,47.59999709596396,115,abrupt,0.0,0
4,48,0.5713073250665448,0.3975250436055301,46.133902892984146,114,abrupt,0.0,0
4,49,0.4742676984065765,0.43121986433297493,45.76026492337748,113,abrupt,0.0,0
4,50,0.45714412616946604,0.3566014316730437,44.70536448065694,112,abrupt,0.0,0
4,51,0.6961751653719378,0.3964818307329742,47.94176102787241,111,abrupt,0.0,0
4,52,0.42409062387406776,0.29108598423433063,44.899950871583215,110,abrupt,0.0,0
4,53,0.6304237314903983,0.4489053606003315,46.739544484953626,109,abrupt,0.0,0
4,54,0.9424450672807312,0.46151924106964276,51.54661043853576,108,abrupt,0.0,0
4,55,0.4910973542944477,0.4224360928880643,46.69671302001287,107,abrupt,0.0,0
4,56,0.6576271431947195,0.4536225963284687,47.82461613756401,106,abrupt,0.0,0
4,57,0.4884052299658428,0.4166476214262856,44.91122639123095,105,abrupt,0.0,0
4,58,0.6976409869139283,0.4056026038488173,47.90615700121946,104,abrupt,0.0,0
4,59,0.7195411622530777,0.45520353474512737,49.07186467857979,103,abrupt,0.0,0
4,60,0.6941840989077929,0.4808470098224258,47.87473044350927,102,abrupt,0.0,0
4,61,0.7499856289381431,0.43209905918364583,48.18112687724397,101,abrupt,0.0,0
4,62,0.5927141343997073,0.38564223615846416,46.010408158652666,100,abrupt,0.0,0
4,63,0.7171448507211612,0.44395480614841903,,99,abrupt,0.0,0
4,64,0.6193887766497673,0.3908791589364287,46.82281800659336,98,abrupt,0.0,0
4,65,0.8020393818319762,0.4458198264591686,47.47984443371512,97,abrupt,0.0,0
4,66,0.6094468721092597,0.4151700357719805,47.41395841192131,96,abrupt,0.0,0
4,67,0.815023460581356,0.45875593994083425,48.03216878341914,95,abrupt,0.0,0
4,68,0.9097696757851522,0.49201974007032856,51.29990207048788,94,abrupt,0.0,0
4,69,0.9248524487584682,0.4622943649163662,47.37988054947072,93,abrupt,0.0,0
4,70,0.8182865352897948,0.43946129877639967,49.24125714404744,92,abrupt,0.0,0
4,71,0.831771560528857,0.4650160240793183,50.54548340814109,91,abrupt,0.0,0
4,72,0.7706411306142161,0.48712442758086855,49.742846450184544,90,abrupt,0.0,0
4,73,0.8461779762398716,0.4801786501494953,48.076619664901116,89,abrupt,0.0,0
4,74,0.7505353114436951,0.37389655361300556,47.17472872508493,88,abrupt,0.0,0
4,75,0.6540590103422167,0.4285381201952873,47.79529379373901,87,abrupt,0.0,0
4,76,0.7902965559174715,0.4433426678973374,47.75687136083427,86,abrupt,0.0,0
4,77,0.9131700473606754,0.4704583399506299,51.40287913677318,85,abrupt,0.0,0
4,78,0.7388801347624624,0.4398450688233345,49.87359296099624,84,abrupt,0.0,0
4,79,0.9199934590497564,0.4758963934441778,49.52226060414029,83,abrupt,0.0,0
4,80,1.066217236531448,0.5131781524914788,51.13628861680906,82,abrupt,0.0,0
4,81,0.8748928058670753,0.49840477761745805,49.669504587193984,81,abrupt,0.0,0
4,82,0.8650038619197716,0.5137672062429111,50.70028857492345,80,abrupt,0.0,0
4,83,0.6350230300071076,0.40809402753676655,47.72416154818616,79,abrupt,0.0,0
4,84,0.7883388444966688,0.4562085708821027,49.33989083469934,78,abrupt,0.0,0
4,85,0.6767435559577288,0.47818683688457814,46.26239790801092,77,abrupt,0.0,0
4,86,0.8738021156129676,0.4432226732935811,51.332835661904646,76,abrupt,0.0,0
4,87,0.7198710655953232,0.4379833566117029,48.20373203729554,75,abrupt,0.0,0
4,88,0.7806176266156359,0.46599587180020063,49.545639156967205,74,abrupt,0.0,0
4,89,0.7051585416112256,0.42075316195878104,48.200053987042686,73,abrupt,0.0,0
4,90,0.7543916184855964,0.44040746007242554,49.42817653759255,72,abrupt,0.0,0
4,91,0.7233748731446764,0.49008412713346033,49.49185833944178,71,abrupt,0.0,0
4,92,0.8044664403872556,0.48150946674631423,49.97536497689771,70,abrupt,0.0,0
4,93,0.9429506487939754,0.45601297777051014,48.0832961269009,69,abrupt,0.0,0
4,94,0.7450540708384507,0.5407108792153815,47.75963859194045,68,abrupt,0.0,0
4,95,0.6108987377240818,0.43327963503689354,47.61963119003098,67,abrupt,0.0,0
4,96,0.6250070854409973,0.4364331059050265,45.96908279464264,66,abrupt,0.0,0
4,97,0.621068752600243,0.41105546973144597,49.18363945911047,65,abrupt,0.0,0
4,98,0.515976770345179,0.42055714732177996,44.80676003761574,64,abrupt,0.0,0
4,99,0.6320779666676943,0.4420320434434805,47.38651854335352,63,abrupt,0.0,0
4,100,0.5323574919004794,0.4038639491769266,46.56633046994184,62,abrupt,0.0,0
4,101,0.5857486798465161,0.41635453333671524,47.52902921719266,61,abrupt,0.0,0
4,102,0.6202779850709035,0.42546036504588725,49.16810481408989,60,abrupt,0.0,0
4,103,0.7764620489567584,0.4310821916729316,47.07811912999071,59,abrupt,0.0,0
4,104,0.5648357605866852,0.4391905508218997,47.476137867900036,58,abrupt,0.0,0
4,105,0.6788728341295172,0.41881258120189074,48.489183642148014,57,abrupt,0.0,0
4,106,0.686606782979047,0.38584258371172336,47.961675021639415,56,abrupt,0.0,0
4,107,0.4506338716006707,0.31320265819365023,44.85976048052548,55,abrupt,0.0,0
4,108,0.542256502246122,0.4116814531193862,45.47000042334931,54,abrupt,0.0,0
4,109,0.48824189818037744,0.3402890794800492,46.41344679711784,53,abrupt,0.0,0
4,110,0.7099763898167221,0.44225812495338135,47.78949476731351,52,abrupt,0.0,0
4,111,0.6342138861908581,0.43321378412217826,47.96375915226466,51,abrupt,0.0,0
4,112,0.6044016548797538,0.4166173492401961,49.121201704826966,50,abrupt,0.0,0
4,113,0.5627014359791509,0.45864196085938247,47.75250473790975,49,abrupt,0.0,0
4,114,0.3961657480180215,0.36218880622515875,45.26628386175103,48,abrupt,0.0,0
4,115,0.5404235793330064,0.4091115521284182,47.163209328812485,47,abrupt,0.0,0
4,116,0.5029226346448843,0.41288049455185627,42.59282604763151,46,abrupt,0.0,0
4,117,0.5867059362160364,0.4561373197607221,47.58928238743461,45,abrupt,0.0,0
4,118,0.47540403838447887,0.3468233528319343,45.0085532049733,44,abrupt,0.0,0
4,119,0.45313341292024734,0.45578191835017196,,43,abrupt,0.0,0
4,120,0.5156088030350607,0.38997635764514027,46.78527990987476,42,abrupt,0.0,0
4,121,0.6998948515052485,0.49572364701553795,50.39745991778187,41,abrupt,0.0,0
4,122,0.7051240048087087,0.4210337200528067,47.23177462907225,40,abrupt,0.0,0
4,123,0.6853126905200396,0.4270050999129079,48.11546119982069,39,abrupt,0.0,0
4,124,0.6957732212326576,0.4572295649450124,47.31660066391729,38,abrupt,0.0,0
4,125,0.6524199994927706,0.4254071985723181,47.125485247681766,37,abrupt,0.0,0
4,126,0.7801847014119091,0.4743278637220713,50.308637769093856,36,abrupt,0.0,0
4,127,0.6501631961747271,0.42601439387793166,47.09379415229519,35,abrupt,0.0,0
4,128,0.7252045015440327,0.5109303813806757,48.25630978380045,34,abrupt,0.0,0
4,129,0.822035931929339,0.4482991152509997,49.601605117688194,33,abrupt,0.0,0
4,130,0.8419183051816561,0.4885268496100638,48.33074883279555,32,abrupt,0.0,0
4,131,0.6864450773168123,0.4809675105728626,47.59275274339974,31,abrupt,0.0,0
4,132,0.7613402540968114,0.4696389090941261,49.60661007774568,30,abrupt,0.0,0
4,133,0.8742339056558528,0.43105164966458426,50.99998733119327,29,abrupt,0.0,0
4,134,0.827346262027838,0.512747482124598,49.62887968078277,28,abrupt,0.0,0
4,135,0.8604159557873633,0.445524079417401,51.19588665409784,27,abrupt,0.0,0
4,136,0.9175088295603221,0.4702534439396653,52.163539271419246,26,abrupt,0.0,0
4,137,0.866902327440881,0.5314592334731532,48.28874296587003,25,abrupt,0.0,0
4,138,0.7475693752927308,0.5033770749132255,48.497325478148184,24,abrupt,0.0,0
4,139,0.7447099646827913,0.4533248464741651,49.12165533421077,23,abrupt,0.0,0
4,140,0.8690151319264524,0.5284044791528384,51.02664455480385,22,abrupt,0.0,0
4,141,1.0085369808733764,0.4719286344261131,52.017593002030445,21,abrupt,0.0,0
4,142,0.8146286801790679,0.4782128817048143,50.67291477741565,20,abrupt,0.0,1
4,143,0.9413455118958545,0.4834216432705668,50.676017610442244,19,abrupt,0.0,1
4,144,0.8285957559617306,0.43875706531504927,50.7768150786807,18,abrupt,0.0,1
4,145,1.0074666609411844,0.45220053226273754,51.114544575117115,17,abrupt,0.0,1
4,146,0.6421666403959012,0.473086985961801,46.32725069518125,16,abrupt,0.0,1
4,147,0.6989113131181672,0.44655861608943653,49.74067135260191,15,abrupt,0.0,1
4,148,0.9290887610954898,0.528274349928329,51.326259924776316,14,abrupt,0.0,1
4,149,0.9148093988275107,0.514183707816339,50.90567214654761,13,abrupt,0.0,1
4,150,0.7528818462012518,0.4558627504706355,47.528880859982756,12,abrupt,0.0,1
4,151,0.8788539490474929,0.48822358472686406,,11,abrupt,0.0,1
4,152,0.7311810080573385,0.4096842058397813,48.39063333146107,10,abrupt,0.0,1
4,153,0.7452534620010278,0.45066879618855116,49.60135603481919,9,abrupt,0.0,1
4,154,0.7972815020763668,0.7834439665031243,52.934798641949754,8,abrupt,0.14010008968795684,1
4,155,0.7204160986381155,1.0053214391667,55.022164448476005,7,abrupt,0.25315473454351267,1
4,156,0.6746578434667553,1.1335726796126988,56.91397049464897,6,abrupt,0.3578415682957737,1
4,157,0.548262235157896,1.3781654342624898,58.25926183236357,5,abrupt,0.45743953315474134,1
4,158,0.5612624966628397,1.4882513244108397,61.583682693755925,4,abrupt,0.5534168260395549,1
4,159,0.5890553782512673,1.7234001276694964,64.49446285799357,3,abrupt,0.6466040630831802,1
4,160,0.8036750445002603,1.952772282674119,69.48570856379095,2,abrupt,0.7375333060209703,1
4,161,0.5299861207804333,2.0926218956623286,68.10486723796845,1,abrupt,0.8265732294920255,1
4,162,0.6879666135851538,2.250749945498345,73.08914872401155,0,abrupt,0.9139936190303969,1
5,0,0.5596955136604747,0.24365128002668152,27.62976668881748,311,abrupt,0.0,0
5,1,0.7560460535169559,0.26725839241620974,30.439486693798386,310,abrupt,0.0,0
5,2,0.8285452955294759,0.26014005865307227,31.498910901433064,309,abrupt,0.0,0
5,3,0.7895466168872437,0.244402000713273,30.380290356889414,308,abrupt,0.0,0
5,4,0.9116358109672238,0.3595917611385625,32.743926060661416,307,abrupt,0.0,0
5,5,0.8206301616554362,0.3415459406346464,31.323948425655235,306,abrupt,0.0,0
5,6,0.6540918121626675,0.3172841513403315,30.459441081489132,305,abrupt,0.0,0
5,7,0.7075254845377067,0.3195915330392362,28.60325114675708,304,abrupt,0.0,0
5,8,0.7046684962444375,,28.656735298414425,303,abrupt,0.0,0
5,9,0.9156652463126416,0.35471832887918675,31.186693550294635,302,abrupt,0.0,0
5,10,0.8453268906433219,0.34982678823594415,30.147187398846548,301,abrupt,0.0,0
5,11,0.8826014115692172,0.36780848871743527,31.162359396707096,300,abrupt,0.0,0
5,12,0.7986137783950008,0.3527661218621273,29.78057043771506,299,abrupt,0.0,0
5,13,0.6890907627398314,0.3299248843641898,29.284467979143365,298,abrupt,0.0,0
5,14,0.8201307438316853,0.34169360750394945,30.06371963137351,297,abrupt,0.0,0
5,15,0.8592038912401845,0.3025671003799063,34.106392163622104,296,abrupt,0.0,0
5,16,0.859873914251069,0.31026473351550804,31.016943169461893,295,abrupt,0.0,0
5,17,0.70435181962575,0.318563875762078,30.715102578621558,294,abrupt,0.0,0
5,18,0.8419753540706779,0.36306504153384267,31.085624620902998,293,abrupt,0.0,0
5,19,0.7168389581340422,0.2523371858431709,29.266870585847357,292,abrupt,0.0,0
5,20,0.6580231611090874,0.33970443701415565,28.21648511370773,291,abrupt,0.0,0
5,21,0.8235104130195151,0.33581662235606224,31.391720988532885,290,abrupt,0.0,0
5,22,0.6386698702024559,0.32564396090815084,28.877440980554475,289,abrupt,0.0,0
5,23,0.5754416355476838,0.26206240008719167,27.16326916130953,288,abrupt,0.0,0
5,24,0.6535528276191813,0.28639012426672306,29.534456136157655,287,abrupt,0.0,0
5,25,0.6589346715402192,0.2741039938969479,29.538017327153433,286,abrupt,0.0,0
5,26,0.5702036191758286,0.29338406023026736,,285,abrupt,0.0,0
5,27,0.5488526527819775,0.2632931261655327,26.95226520956596,284,abrupt,0.0,0
5,28,0.38106433770860715,0.20946648265622841,26.151856201101698,283,abrupt,0.0,0
5,29,0.5656001818998475,0.27537069701139644,29.112933460740788,282,abrupt,0.0,0
5,30,0.3960612082022036,0.25295411457694283,26.033898615931605,281,abrupt,0.0,0
5,31,0.4204310278377117,0.2660430048175986,25.535286289445864,280,abrupt,0.0,0
5,32,0.5729104974089161,0.2653399263248474,27.526616801869984,279,abrupt,0.0,0
5,33,0.494836282544262,0.27640318214984066,29.787364840306495,278,abrupt,0.0,0
5,34,0.5107109004105396,0.289998576939224,27.550789436419024,277,abrupt,0.0,0
5,35,0.562275574163296,0.33037144162669113,28.03593673782522,276,abrupt,0.0,0
5,36,0.6219288049548765,0.2932456243836437,29.259320255309348,275,abrupt,0.0,0
5,37,0.6779369559043947,0.2887961827138413,28.99905748705951,274,abrupt,0.0,0
5,38,0.5929030677799928,0.292950486864816,27.40431056746703,273,abrupt,0.0,0
5,39,0.7680110644749472,0.2719314309795012,30.865864911893986,272,abrupt,0.0,0
5,40,0.8425300599327091,0.2635122785126017,31.984351106363967,271,abrupt,0.0,0
5,41,0.7902799840441312,0.33209623213113204,31.738113245638502,270,abrupt,0.0,0
5,42,0.7511050306729632,0.3252310931838733,30.661737878106926,269,abrupt,0.0,0
5,43,0.8044786432725958,0.3170801318688126,31.283885595955873,268,abrupt,0.0,0
5,44,0.8842921178436198,0.28697808809998326,32.36324358338965,267,abrupt,0.0,0
5,45,0.7704235780756081,0.34374170365613177,31.48735757842197,266,abrupt,0.0,0
5,46,0.8467521446318838,0.3009956379864486,31.583429750568314,265,abrupt,0.0,0
5,47,0.6856005233333918,0.3560386316235749,28.39007504097711,264,abrupt,0.0,0
5,48,0.8354463901083904,0.3466713706636386,31.173063279263687,263,abrupt,0.0,0
5,49,0.8561085816267584,0.3313803934795863,32.886774798205394,262,abrupt,0.0,0
5,50,1.0126650116682185,0.3697117786379112,34.303863425597164,261,abrupt,0.0,0
5,51,0.9534418802487251,0.33351576061647836,33.57351813674708,260,abrupt,0.0,0
5,52,0.9431373160307998,0.330971613122953,32.440858975848094,259,abrupt,0.0,0
5,53,0.6883821509721255,0.293165161001302,29.91756679491754,258,abrupt,0.0,0
5,54,0.6957695182085916,0.28213416527259494,29.844444357588614,257,abrupt,0.0,0
5,55,0.8576805266921519,0.3076166264649736,31.62795882257044,256,abrupt,0.0,0
5,56,0.7418168792867413,0.28681048555275035,30.92943719705245,255,abrupt,0.0,0
5,57,0.6236089969033072,0.2906487300006082,28.75758335504864,254,abrupt,0.0,0
5,58,0.4825687191474475,0.1813147743131459,27.877035402417402,253,abrupt,0.0,0
5,59,0.698399651518935,0.26008590973365664,30.082655188100382,252,abrupt,0.0,0
5,60,0.5858353218339506,0.2697858218099164,28.243447940643392,251,abrupt,0.0,0
5,61,0.4970265416540138,0.28629345883173896,27.598518969886626,250,abrupt,0.0,0
5,62,0.6351587361718546,0.27879372377774864,28.614179524276153,249,abrupt,0.0,0
5,63,0.5900515673851116,0.2852027507081436,27.8885966211177,248,abrupt,0.0,0
5,64,0.6321801656440094,0.22660466965747228,29.263450777538083,247,abrupt,0.0,0
5,65,0.6018107885756878,0.3139726986271627,29.77138437183358,246,abrupt,0.0,0
5,66,0.5060442468443697,0.26351966409228134,25.598513093614887,245,abrupt,0.0,0
5,67,0.4416530899766753,0.23583557443786513,26.716617351151623,244,abrupt,0.0,0
5,68,0.6334282634983572,0.2855094214625786,30.87155773466619,243,abrupt,0.0,0
5,69,0.680645332763628,0.3291977356084665,29.79792938592251,242,abrupt,0.0,0
5,70,0.593025491601077,0.3013855304915703,,241,abrupt,0.0,0
5,71,0.5645971711129765,0.30270824277305053,27.263950524347138,240,abrupt,0.0,0
5,72,0.6879362015848852,0.3312032710504018,29.296611512841412,239,abrupt,0.0,0
5,73,0.6759181685471997,0.278408543462049,30.52489694085833,238,abrupt,0.0,0
5,74,0.7444717271273039,0.3386127775566254,31.518366895154866,237,abrupt,0.0,0
5,75,0.6440520097321543,0.2299338272514009,28.671524320228464,236,abrupt,0.0,0
5,76,0.7094986232880256,0.2750656757959882,28.316791743054143,235,abrupt,0.0,0
5,77,0.620821730062245,0.3071135660402459,28.62184354196345,234,abrupt,0.0,0
5,78,0.6432859093906218,0.3168930126129071,28.645354822132372,233,abrupt,0.0,0
5,79,0.6913458334917064,0.2697100348469762,29.545356995147635,232,abrupt,0.0,0
5,80,0.8098325578262413,0.32542325879512146,29.747824290591158,231,abrupt,0.0,0
5,81,0.8655449154894858,0.35448070030651135,30.86398629651756,230,abrupt,0.0,0
5,82,1.0374218330597227,0.35045454744900123,35.75081082552316,229,abrupt,0.0,0
5,83,0.7813119378041674,0.32356569618303255,29.318686943554745,228,abrupt,0.0,0
5,84,0.7867506653626672,0.32624139004319136,31.225230906083993,227,abrupt,0.0,0
5,85,0.9611646080927234,0.38177449137079605,33.711649759335565,226,abrupt,0.0,0
5,86,0.6973259322139316,0.28211655357795246,30.05447727350682,225,abrupt,0.0,0
5,87,0.7422713634779496,0.26952784462961676,29.781444701186636,224,abrupt,0.0,0
5,88,0.8627412192100786,0.3719482162365957,30.44180668408123,223,abrupt,0.0,0
5,89,0.8376840753420386,,30.248377115049205,222,abrupt,0.0,0
5,90,0.706966541110658,0.24582234922322121,30.345597999444124,221,abrupt,0.0,0
5,91,0.9269964280860932,0.3419624845267592,32.43367952640499,220,abrupt,0.0,0
5,92,0.8930269229365793,0.2957123776723782,31.302822130014647,219,abrupt,0.0,0
5,93,0.635539776591932,0.224124319682389,29.302496288387154,218,abrupt,0.0,0
5,94,0.6350918832428534,0.35551331082834675,30.39064772497169,217,abrupt,0.0,0
5,95,0.543733020287456,0.2785556334767345,27.672745503685352,216,abrupt,0.0,0
5,96,0.679520489552929,0.3319926066188465,30.025641849191853,215,abrupt,0.0,0
5,97,0.6161367614258092,0.23440869740509024,29.04887523684173,214,abrupt,0.0,0
5,98,0.5739974150378415,0.287700053466167,29.038110854311395,213,abrupt,0.0,0
5,99,0.8414439379153916,0.31111624217802847,31.95302421209349,212,abrupt,0.0,0
5,100,0.599411504498522,0.2794397949956538,29.845144912807452,211,abrupt,0.0,0
5,101,0.42434073864701116,0.3027905630920872,25.2876700602354,210,abrupt,0.0,0
5,102,0.4761159686498465,0.24025055721538346,27.111476379367122,209,abrupt,0.0,0
5,103,0.5657215203131829,0.21634549002441553,29.000658069990386,208,abrupt,0.0,0
5,104,0.5437034321216963,0.30197577045865154,26.361635952175344,207,abrupt,0.0,0
5,105,0.6211344781118383,0.246000668198243,29.49732968742324,206,abrupt,0.0,0
5,106,0.597752436540032,0.3173150075092479,26.941472041832874,205,abrupt,0.0,0
5,107,0.7017570311562317,0.3321689757573954,30.502302481636374,204,abrupt,0.0,0
5,108,0.7365786504955703,0.25915458524913476,31.501648346525048,203,abrupt,0.0,0
5,109,0.7152716900475902,0.3198009154004186,29.141674114964715,202,abrupt,0.0,0
5,110,0.7473200193580622,0.3142491049689755,31.989762346480408,201,abrupt,0.0,0
5,111,0.5105993210465856,0.2015836716365035,26.55183825886109,200,abrupt,0.0,0
5,112,0.6424198481145452,0.2501061691126865,30.043956459153414,199,abrupt,0.0,0
5,113,0.7472498079911278,0.30586039174882823,30.0015768433567,198,abrupt,0.0,0
5,114,0.8377383537108751,0.3283507664306913,30.843171146161193,197,abrupt,0.0,0
5,115,0.6564733269721624,0.2901678038204816,27.594648572169543,196,abrupt,0.0,0
5,116,0.892540106316142,0.35605846562555693,30.427167282431924,195,abrupt,0.0,0
5,117,0.6872730994302301,0.25613092793467557,30.041117913794913,194,abrupt,0.0,0
5,118,0.8152699350081165,0.3273052394452505,31.46283376345157,193,abrupt,0.0,0
5,119,0.957468027842493,0.340554806258736,35.692346446832545,192,abrupt,0.0,0
5,120,0.7929403600926012,0.2790626429467486,29.195273287520425,191,abrupt,0.0,0
5,121,0.8812150522870877,0.3007469817406079,32.205194893371164,190,abrupt,0.0,0
5,122,0.7177421692498515,0.3154517816860919,31.011851723152233,189,abrupt,0.0,0
5,123,0.8727725496615087,0.35001421317646764,31.993632547902816,188,abrupt,0.0,0
5,124,0.9156785372233786,0.3446941680120302,33.221834338973004,187,abrupt,0.0,0
5,125,0.8747484848823794,0.3474290205332234,30.05283384224095,186,abrupt,0.0,0
5,126,0.8390053486608668,0.3603897556379183,30.95301854344121,185,abrupt,0.0,0
5,127,0.7614566768215643,0.31317099325696596,29.859817980310453,184,abrupt,0.0,0
5,128,0.6637314703677438,0.2818758941322541,30.59273410403457,183,abrupt,0.0,0
5,129,0.7999639980975111,0.2549785434340439,30.596738588510078,182,abrupt,0.0,0
5,130,0.6680050157981922,0.34100253608013686,29.237389175874263,181,abrupt,0.0,0
5,131,0.7095271631982891,0.2879912095241885,30.11892705503539,180,abrupt,0.0,0
5,132,0.6449161604765932,0.29991795169511587,28.56983481742369,179,abrupt,0.0,0
5,133,0.7860686638350409,0.3111874603520455,30.2712458114175,178,abrupt,0.0,0
5,134,0.7540553284367246,0.2997559853013199,28.899864707380193,177,abrupt,0.0,0
5,135,0.787543121794547,0.30137896278615905,32.34522452297495,176,abrupt,0.0,0
5,136,0.6543753769455177,0.28628321178811716,28.617945214229756,175,abrupt,0.0,0
5,137,0.4593935992014241,0.26319163011697116,28.5664665635489,174,abrupt,0.0,0
5,138,0.5576491275462031,0.2801138732289874,28.37480679127915,173,abrupt,0.0,0
5,139,0.5001514713722722,0.21211837086626392,28.14667761684692,172,abrupt,0.0,0
5,140,0.3992511128269596,0.28166900781518533,26.722839686814694,171,abrupt,0.0,0
5,141,0.5303003225566937,0.2493929326456706,29.172955159080985,170,abrupt,0.0,0
5,142,0.43307884061778346,0.2614710779735192,24.910761319952755,169,abrupt,0.0,0
5,143,0.7661339278136835,0.30733579200644645,32.90355648981059,168,abrupt,0.0,0
5,144,0.8235480138152356,0.35565753950459295,31.936577761183823,167,abrupt,0.0,0
5,145,0.5052617631950557,0.27115104788029976,26.387410848240002,166,abrupt,0.0,0
5,146,0.6436216590544226,0.2934335880744451,29.801458981651603,165,abrupt,0.0,0
5,147,0.5840054544860545,0.2304941921003222,27.62435186273811,164,abrupt,0.0,0
5,148,0.634423419357556,0.28141564663313434,29.915483539798682,163,abrupt,0.0,0
5,149,0.647186691408967,0.319404639505073,28.67768504004773,162,abrupt,0.0,0
5,150,0.7118395350886474,0.29626109632682607,30.205576535360507,161,abrupt,0.0,0
5,151,0.6736020267985587,0.33656145031145085,30.077787173263705,160,abrupt,0.0,0
5,152,0.7904854335956386,0.3138486858149181,28.576460037946667,159,abrupt,0.0,0
5,153,0.5439493049435133,0.30899997083574643,28.83854784550048,158,abrupt,0.0,0
5,154,0.6813965085785487,0.34198818378935447,29.5190791494608,157,abrupt,0.0,0
5,155,0.9177017227550024,0.35993766692307766,32.7723586029877,156,abrupt,0.0,0
5,156,0.8251613651875815,0.29395011949314476,31.226380379071152,155,abrupt,0.0,0
5,157,0.8409844640798033,0.3840938948051099,31.869398745155348,154,abrupt,0.0,0
5,158,0.84956224658984,,31.81070231045554,153,abrupt,0.0,0
5,159,0.7030008270729472,0.27479734432081265,29.301029473709207,152,abrupt,0.0,0
5,160,0.7801236502534277,0.3695318474715369,30.53967672502192,151,abrupt,0.0,0
5,161,0.9264940925002795,0.3165530788663889,34.04754887094299,150,abrupt,0.0,0
5,162,0.8800170479867644,0.3242529518689441,31.788994708755034,149,abrupt,0.0,0
5,163,0.6774326060691289,0.33098521283490273,28.65485629093836,148,abrupt,0.0,0
5,164,0.9914767902885874,0.36329207253912965,33.72652398542682,147,abrupt,0.0,0
5,165,0.9565964114868991,0.3139038916568846,31.977857762025916,146,abrupt,0.0,0
5,166,0.6954777670007213,0.3782951151366718,27.57632599702034,145,abrupt,0.0,0
5,167,0.8214760858153829,0.278954625486203,34.66191993873186,144,abrupt,0.0,0
5,168,0.6144304223398082,0.2635624620787664,28.929692672077657,143,abrupt,0.0,0
5,169,0.5926935228422491,0.2979835767549952,28.213651381860572,142,abrupt,0.0,0
5,170,0.5125762602640487,0.329904646080122,28.96247504176249,141,abrupt,0.0,0
5,171,0.8385343180850802,0.26590340198984413,33.65830739036164,140,abrupt,0.0,0
5,172,0.7830248296755832,0.2861311058300205,30.23717561291485,139,abrupt,0.0,0
5,173,0.7849621840260694,0.31445534495859845,31.108760262514664,138,abrupt,0.0,0
5,174,0.43625244478990444,0.27194706937270285,27.415472265529793,137,abrupt,0.0,0
5,175,0.6586980035359344,0.2841180923629882,28.229201867574545,136,abrupt,0.0,0
5,176,0.4811743812647069,0.27550641261687064,27.407635659953225,135,abrupt,0.0,0
5,177,0.759159592957191,0.29128130630747373,31.93283500644494,134,abrupt,0.0,0
5,178,0.7041153440069216,0.2826597088770428,31.245942777651724,133,abrupt,0.0,0
5,179,0.6603057271619036,0.2442995515387071,30.157188580040643,132,abrupt,0.0,0
5,180,0.7062678097266323,0.32122293542823965,30.476158277911704,131,abrupt,0.0,0
5,181,0.6377415568342237,0.2637609751075533,29.587567388691678,130,abrupt,0.0,0
5,182,0.6246590657363156,0.29350041672335214,28.473442104485393,129,abrupt,0.0,0
5,183,0.5487420510514517,0.33056076949065655,27.648779132252642,128,abrupt,0.0,0
5,184,0.5886391881676841,0.3411242000768255,26.695605635510034,127,abrupt,0.0,0
5,185,0.6400029924246532,,29.67732665264235,126,abrupt,0.0,0
5,186,0.5841911944506971,0.27953038281224957,28.044733159024002,125,abrupt,0.0,0
5,187,0.5285238725375309,0.24259788121582906,,124,abrupt,0.0,0
5,188,0.713307598591408,0.30427242162527374,29.416669505120662,123,abrupt,0.0,0
5,189,0.5861706197923648,0.28421849285948503,28.793218190565153,122,abrupt,0.0,0
5,190,0.9029439861167651,0.28975845061579364,33.63880347806714,121,abrupt,0.0,0
5,191,0.944185201834726,0.3268680775846748,32.12219025081751,120,abrupt,0.0,0
5,192,0.871313709866424,0.3375055721443697,30.246681776501966,119,abrupt,0.0,0
5,193,0.781079465244584,0.3268862438831268,30.069518425953408,118,abrupt,0.0,0
5,194,0.8796808867164759,0.301632437078834,30.578411737776463,117,abrupt,0.0,0
5,195,0.8841556486210523,0.31355915167735837,30.553320590933087,116,abrupt,0.0,0
5,196,0.9724483095966753,0.3137699130542412,33.1207604196238,115,abrupt,0.0,0
5,197,0.6610438565141885,0.31471890971057276,29.986793508740032,114,abrupt,0.0,0
5,198,1.041895582205715,0.3315716725853861,32.395454846956014,113,abrupt,0.0,0
5,199,0.954714285871769,0.35308272387086415,33.54030053820278,112,abrupt,0.0,0
5,200,0.9173303777427284,0.33078309246043,31.96225588342311,111,abrupt,0.0,0
5,201,0.7958017273879702,0.33538618137600373,32.012062263332794,110,abrupt,0.0,0
5,202,0.7358076462236378,0.3674782599716999,30.755177081375194,109,abrupt,0.0,0
5,203,0.8830063766593802,0.30188613412038456,32.99013238987325,108,abrupt,0.0,0
5,204,0.7517321582378638,0.31452304028474926,31.802301872817644,107,abrupt,0.0,0
5,205,0.5402665818104483,0.2674991628896136,27.019713327142107,106,abrupt,0.0,0
5,206,0.6539873405970156,0.33686072593420274,30.155859313227815,105,abrupt,0.0,0
5,207,0.7050310221358169,0.32022632110311894,30.729470070665112,104,abrupt,0.0,0
5,208,0.5335125865981868,0.2696703725704498,28.47636784371248,103,abrupt,0.0,0
5,209,0.5301870079931801,0.2649424900505375,26.916758746745135,102,abrupt,0.0,0
5,210,0.7041136808176476,0.3490050042851434,28.91092014961584,101,abrupt,0.0,0
5,211,0.5378673642080756,0.3387729104120462,27.84230438917469,100,abrupt,0.0,0
5,212,0.5843703407648404,,28.193274280333263,99,abrupt,0.0,0
5,213,0.6670193433011736,0.29030499195792336,30.512930836011094,98,abrupt,0.0,0
5,214,0.512324405975016,0.2357949588511957,27.523844061128973,97,abrupt,0.0,0
5,215,0.5457192520365116,0.270460637744332,26.719011371929593,96,abrupt,0.0,0
5,216,0.6804006399839617,0.29457480533708574,29.88290922766834,95,abrupt,0.0,0
5,217,0.7071304860362853,0.281444520443429,29.891437322589343,94,abrupt,0.0,0
5,218,0.3307951737273302,0.277848984295032,24.996718405112105,93,abrupt,0.0,0
5,219,0.6134523236400823,0.2666604556333025,29.03939188428573,92,abrupt,0.0,0
5,220,0.6905138197365706,0.3200837938047153,29.603618824718865,91,abrupt,0.0,0
5,221,0.574601726461651,0.22736961494413524,28.101956108129322,90,abrupt,0.0,0
5,222,0.5899363240170019,0.25965857714605567,27.32460972538258,89,abrupt,0.0,0
5,223,0.5401947107605312,0.28123119305926897,29.514007737975483,88,abrupt,0.0,0
5,224,0.7720358260046938,0.33734264701166666,30.997243833968806,87,abrupt,0.0,0
5,225,0.6263546973782167,0.2704081317006175,28.593224744431105,86,abrupt,0.0,0
5,226,0.8103425929331318,0.34748640305524986,29.923410916766585,85,abrupt,0.0,0
5,227,0.807560688259831,0.3256687610745684,31.587764074631057,84,abrupt,0.0,0
5,228,0.624769584964593,0.24574926747018194,29.01092219078484,83,abrupt,0.0,0
5,229,0.7978510994959126,0.3760562283396218,30.129086225183,82,abrupt,0.0,0
5,230,0.7037876822309967,0.2693586288260562,29.9089763051788,81,abrupt,0.0,0
5,231,0.8644621381649427,0.3796618052398492,31.244155430242426,80,abrupt,0.0,0
5,232,0.7602036740384909,0.26841227730391337,31.12488471308583,79,abrupt,0.0,0
5,233,0.7402514487124752,0.3381597740237296,27.804324653230488,78,abrupt,0.0,0
5,234,0.9634873122215221,0.37278679301964307,32.98479298794887,77,abrupt,0.0,0
5,235,0.8793690858601749,0.3563926968192856,32.022852018081544,76,abrupt,0.0,0
5,236,0.8814338372671487,0.3216936870236575,30.474569551312776,75,abrupt,0.0,0
5,237,0.9387425600520923,0.3599347266714561,32.98447102209535,74,abrupt,0.0,0
5,238,0.9254737717040279,0.2631630528081233,31.657662137625707,73,abrupt,0.0,0
5,239,0.8462759692879781,0.3255733649517664,30.672808800012675,72,abrupt,0.0,0
5,240,0.8237440339929005,0.31608062027592326,31.413202386900583,71,abrupt,0.0,0
5,241,0.8183509971111426,0.3069676883477918,31.3575089421727,70,abrupt,0.0,0
5,242,0.8190610270663946,0.3699457377388554,30.795509853528827,69,abrupt,0.0,0
5,243,0.7865850461142515,0.33455097356045843,31.6035961567032,68,abrupt,0.0,0
5,244,0.9046060521032269,0.351406371304198,32.61813905995614,67,abrupt,0.0,0
5,245,0.7185020079561335,0.31542390495878525,29.42987651742799,66,abrupt,0.0,0
5,246,0.6863632411594988,0.3131922602319356,30.530806384345002,65,abrupt,0.0,0
5,247,0.8728040495697671,0.3461576816887785,31.396036995416086,64,abrupt,0.0,0
5,248,0.5739027553955115,0.23499326037076926,25.89983699394196,63,abrupt,0.0,0
5,249,0.67573301295061,0.29534888547006766,32.14278765619902,62,abrupt,0.0,0
5,250,0.43371774671447694,0.3050208073745651,25.615582889572515,61,abrupt,0.0,0
5,251,0.37717430260586715,0.2501306542140309,26.45589593594559,60,abrupt,0.0,0
5,252,0.4757328857461883,0.2438151645018582,26.47477665634801,59,abrupt,0.0,0
5,253,0.5983301142767243,0.2813096090075437,28.632758540038985,58,abrupt,0.0,0
5,254,0.5548666281246619,0.27897223754224754,28.151396791950475,57,abrupt,0.0,0
5,255,0.7206439000312548,0.3074094172776047,31.083286206917272,56,abrupt,0.0,0
5,256,0.5637376006004811,0.28937307142382335,29.460616585477666,55,abrupt,0.0,0
5,257,0.6400850495057,0.30515266110067274,27.73930618979235,54,abrupt,0.0,0
5,258,0.5527964645628681,0.3014483281893598,29.295635248275147,53,abrupt,0.0,0
5,259,0.5320597839641126,0.2456985168819999,28.104818966402743,52,abrupt,0.0,0
5,260,0.5622961790062224,0.2625829722370477,28.935083689460033,51,abrupt,0.0,0
5,261,0.5494989448912421,0.24133940064545117,27.164563007718893,50,abrupt,0.0,0
5,262,0.719023791708808,0.29732522844826803,29.48336899584179,49,abrupt,0.0,0
5,263,0.5707611378158035,0.3114083192388739,28.076159526512427,48,abrupt,0.0,0
5,264,0.6474351379470326,0.31131924017732926,29.685931676216207,47,abrupt,0.0,0
5,265,0.6876385557180811,0.2679260194620851,28.8398835798974,46,abrupt,0.0,0
5,266,0.6426655962996709,0.24542126624591648,29.33602659141056,45,abrupt,0.0,0
5,267,0.9261005985074349,0.304329361745151,33.25468208238434,44,abrupt,0.0,0
5,268,0.9284583057900491,0.3639551537264872,32.778332681199714,43,abrupt,0.0,0
5,269,0.8274575353182368,0.3505086123947498,30.690314095291278,42,abrupt,0.0,0
5,270,0.8997752537587477,0.37337806077115293,31.60629088369402,41,abrupt,0.0,0
5,271,0.6495501812581799,0.23415897205015276,28.083004607373773,40,abrupt,0.0,0
5,272,0.8310821954662582,0.2501002280163201,31.89178314727967,39,abrupt,0.0,0
5,273,0.9870478450326534,0.39344276729209043,32.88547690134187,38,abrupt,0.0,0
5,274,0.8539639639497696,0.3184873161902436,30.862267287955017,37,abrupt,0.0,0
5,275,0.745039389302819,0.3080661900561743,30.556207347312643,36,abrupt,0.0,0
5,276,0.7414387536163205,0.3094260587932995,30.50610053593539,35,abrupt,0.0,0
5,277,0.9314585674831262,0.32124969333549547,33.09937170906138,34,abrupt,0.0,0
5,278,0.7389713025908774,0.31745089587442954,27.962798502311173,33,abrupt,0.0,0
5,279,0.89738542756776,0.2811135023233781,33.292626244224664,32,abrupt,0.0,0
5,280,0.624873877199799,0.23174052959195937,29.620785816568304,31,abrupt,0.0,0
5,281,0.803527007493311,0.2850896871163951,31.373203822017004,30,abrupt,0.0,0
5,282,0.7960527084246835,0.2859000911723442,29.91438007598132,29,abrupt,0.0,0
5,283,0.7338144407247916,0.309862381420344,29.320909490289228,28,abrupt,0.0,0
5,284,0.6812662294405114,0.2793605859594584,28.238606563663467,27,abrupt,0.0,0
5,285,0.7286139007829303,0.2586825848576186,29.274970573111577,26,abrupt,0.0,0
5,286,0.5938182779062244,0.29498912170631125,28.381773685404188,25,abrupt,0.0,0
5,287,0.6417281346142387,0.24158816359585128,26.103227951720275,24,abrupt,0.0,0
5,288,0.620571863723538,0.30255063722653125,28.026024298216853,23,abrupt,0.0,0
5,289,0.6208571060098457,0.37020618247171694,31.061324581707105,22,abrupt,0.042096093478192084,0
5,290,0.5015179398900107,0.387822787343128,28.34056160335148,21,abrupt,0.08400411568638536,0
5,291,0.657081974565954,0.4051316937455719,31.584483779419713,20,abrupt,0.12584144379284132,1
5,292,0.3677516232753878,0.4545947712951045,,19,abrupt,0.1676329290723221,1
5,293,0.44289491166802314,0.4465386122415098,31.091232531632958,18,abrupt,0.2093903589963828,1
5,294,0.5914622728722347,0.5616000059547425,34.882408809673535,17,abrupt,0.2511206700923928,1
5,295,0.5414801120925231,0.5518346818704745,34.333648862327244,16,abrupt,0.2928284426554485,1
5,296,0.437654080746782,0.6081788893255416,34.97049729683851,15,abrupt,0.33451693026893564,1
5,297,0.5884895231243245,,36.26455454646153,14,abrupt,0.37618856448213484,1
5,298,0.48693289138947066,0.7284225973204412,37.09250115891213,13,abrupt,0.4178452318825792,1
5,299,0.5670687130409463,0.7628115251599437,40.09838542940398,12,abrupt,0.459488439056208,1
5,300,0.708937259699092,0.820381958850844,41.36173691949476,11,abrupt,0.5011194169979775,1
5,301,0.7524201466870186,0.8923377896377698,44.82273629188003,10,abrupt,0.5427391904463578,1
5,302,0.7673640255467561,0.9240870922713885,44.11647361685175,9,abrupt,0.584348625742096,1
5,303,0.61388569521032,0.9662671148944819,44.00938425761642,8,abrupt,0.6259484649343247,1
5,304,0.7194887472799981,0.983821741928141,47.0631423847117,7,abrupt,0.667539350745784,1
5,305,0.95311340737902,1.1337561106410003,51.027604814976584,6,abrupt,0.7091218452687557,1
5,306,0.7220686968986924,1.0697214459987445,48.09471337013291,5,abrupt,0.7506964442442532,1
5,307,0.9253296318519229,1.1779067141744277,51.62937705614795,4,abrupt,0.7922635881564957,1
5,308,0.7866097592458076,1.2522375741139726,49.88369691714333,3,abrupt,0.8338236709839277,1
5,309,0.8027897634213773,1.260755875898693,52.63976201332453,2,abrupt,0.8753770471946767,1
5,310,0.7532253042788093,1.2424319093668397,55.48976116170339,1,abrupt,0.9169240374057638,1
5,311,0.7890410616608245,1.3089915573678217,53.4827104220876,0,abrupt,0.9584649330106499,1
6,0,0.6102742201630768,0.3983078257798847,43.07399246754947,337,abrupt,0.0,0
6,1,0.6997715684120863,0.44152089859935933,46.16934762320281,336,abrupt,0.0,0
6,2,0.6742488885291846,0.4313184984268632,44.60448994464913,335,abrupt,0.0,0
6,3,0.7785521814633835,0.4155829513607489,44.326231426831626,334,abrupt,0.0,0
6,4,0.8789946619323263,0.43619262864560315,46.01434520110082,333,abrupt,0.0,0
6,5,0.7366538906669486,0.424502683777145,46.63890017859178,332,abrupt,0.0,0
6,6,0.8101650201280495,0.44476027417327074,47.575863037855136,331,abrupt,0.0,0
6,7,0.7830550617920409,0.43268040918138,45.454741980807135,330,abrupt,0.0,0
6,8,0.8104952980246796,0.4401955207023708,44.923464173901856,329,abrupt,0.0,0
6,9,0.7646069590785449,0.4463667025301129,44.67564133347553,328,abrupt,0.0,0
6,10,0.8561189144844826,0.4838395368192373,46.60752778337786,327,abrupt,0.0,0
6,11,0.7170461694992527,0.4702010850322002,45.680252170527275,326,abrupt,0.0,0
6,12,0.9844303429084265,0.43987447250218864,48.48185055379975,325,abrupt,0.0,0
6,13,0.9202152631450197,0.4477323203362087,47.1244262578908,324,abrupt,0.0,0
6,14,0.8564427754112405,0.47205342911465664,47.98614405271135,323,abrupt,0.0,0
6,15,0.9980461258834066,0.49870596960254737,49.3851610886042,322,abrupt,0.0,0
6,16,0.8185384664047701,0.4642567803021887,45.82084484342393,321,abrupt,0.0,0
6,17,0.7974836135027985,0.4511922642973527,46.53308154703621,320,abrupt,0.0,0
6,18,0.848688937225584,0.41982130088271163,48.2215169864317,319,abrupt,0.0,0
6,19,1.0217605050985754,0.5158450775014141,51.402528368551145,318,abrupt,0.0,0
6,20,0.7666510637030551,0.44626796808833713,43.8975753060172,317,abrupt,0.0,0
6,21,0.8430127722390224,0.43609758470980975,44.73603220087054,316,abrupt,0.0,0
6,22,0.7008722147773764,0.4625041420365538,44.47561211854971,315,abrupt,0.0,0
6,23,0.7640243296371942,0.45694924481340143,44.80915526409736,314,abrupt,0.0,0
6,24,0.7436842148127403,0.3933852430920179,43.67372860607242,313,abrupt,0.0,0
6,25,0.5378545675879223,0.32579355395765136,41.09326959349269,312,abrupt,0.0,0
6,26,0.8288816316358467,0.4910642756128436,44.92941989887893,311,abrupt,0.0,0
6,27,0.7224323222233735,0.41876630436682183,46.683783990807235,310,abrupt,0.0,0
6,28,0.8125908469442553,0.4460789201465898,45.24990488660599,309,abrupt,0.0,0
6,29,0.8896739426528368,,47.36225509286904,308,abrupt,0.0,0
6,30,0.9709856339543395,0.49294589933815297,47.93445062343281,307,abrupt,0.0,0
6,31,0.7529294286361807,0.4409347581150465,44.59100174265823,306,abrupt,0.0,0
6,32,0.6943830415369558,0.3950419626130112,46.00413833162223,305,abrupt,0.0,0
6,33,0.7763122912443959,0.4017709499313327,45.6786758424061,304,abrupt,0.0,0
6,34,0.7929681190451191,0.4591328024928209,45.23804654199445,303,abrupt,0.0,0
6,35,0.6649558149504077,0.39776856920393067,44.577914632042265,302,abrupt,0.0,0
6,36,0.7380376459406603,0.4676517951149315,44.61962968748192,301,abrupt,0.0,0
6,37,0.6900306223185843,0.4121623250156079,44.03157425551591,300,abrupt,0.0,0
6,38,0.6323252091900116,0.39810864335275464,42.33081143032149,299,abrupt,0.0,0
6,39,0.6847657822392246,0.4078232088432474,45.24714965859144,298,abrupt,0.0,0
6,40,0.8829240738878017,0.46353199944256485,46.360155249709585,297,abrupt,0.0,0
6,41,0.6597100897197021,0.3849992205589922,44.633963342047586,296,abrupt,0.0,0
6,42,0.7632337783813681,0.40159171900386836,45.82430077907919,295,abrupt,0.0,0
6,43,0.6123590031706707,0.4018350514321227,43.412709206763154,294,abrupt,0.0,0
6,44,0.5174259007372761,0.3481420514878613,42.63271976825029,293,abrupt,0.0,0
6,45,0.5101701060924724,0.4007670105796047,42.93468322523667,292,abrupt,0.0,0
6,46,0.5351204398316145,0.3585043672758389,42.468139285504996,291,abrupt,0.0,0
6,47,0.6241712680506353,0.3514352262384443,44.584839529854754,290,abrupt,0.0,0
6,48,0.5471435229501673,0.4063567460533194,44.23559869120008,289,abrupt,0.0,0
6,49,0.6118130233792998,0.4059141508750333,42.41584780613131,288,abrupt,0.0,0
6,50,0.5610476358596264,0.4108834906174519,42.295894175413785,287,abrupt,0.0,0
6,51,0.48355131728639306,0.35010552077627133,42.4004535608405,286,abrupt,0.0,0
6,52,0.6195317480901664,0.36676365100312414,42.55609134224236,285,abrupt,0.0,0
6,53,0.6250133025301108,0.37756779645169325,43.84254919635027,284,abrupt,0.0,0
6,54,0.45043019181090654,0.37225286700842636,40.16924654224667,283,abrupt,0.0,0
6,55,0.5434017600008462,0.36636795210723944,42.973918207610225,282,abrupt,0.0,0
6,56,0.5602724041331375,0.39481963573741796,40.989747874722134,281,abrupt,0.0,0
6,57,0.6211656054964885,0.39173913289540224,41.29242477187286,280,abrupt,0.0,0
6,58,0.5888674313625318,0.4518063849796039,42.497453448970234,279,abrupt,0.0,0
6,59,0.5331520900316843,0.3439533631988925,43.67737049442586,278,abrupt,0.0,0
6,60,0.5443990377512954,0.4101820308593502,42.05439095409085,277,abrupt,0.0,0
6,61,0.7245862566263573,0.37549727672274746,46.580551073083285,276,abrupt,0.0,0
6,62,0.5064777989116555,0.3940928091705936,42.365770485852146,275,abrupt,0.0,0
6,63,0.5011596212230709,0.37729769024943427,43.494452037143176,274,abrupt,0.0,0
6,64,0.6085178530378388,0.42899268440891136,43.61031079912318,273,abrupt,0.0,0
6,65,0.5527626384324408,0.33312397840153424,40.938430602746266,272,abrupt,0.0,0
6,66,0.6551041269614835,0.42668568561872966,45.72349632661978,271,abrupt,0.0,0
6,67,0.6552152585220657,0.39716594361984936,43.20134203807855,270,abrupt,0.0,0
6,68,0.7244728709553383,0.3805867924206727,45.99242587153335,269,abrupt,0.0,0
6,69,0.551591774504661,0.36889681855783474,42.046010495406634,268,abrupt,0.0,0
6,70,0.7151828516909431,0.47249119568870357,43.34557204301606,267,abrupt,0.0,0
6,71,0.5564864626291474,0.4117199916403859,42.33970040641274,266,abrupt,0.0,0
6,72,0.6844097037271005,0.414279846526275,43.19034309297978,265,abrupt,0.0,0
6,73,0.7573889826917679,0.3944227271806025,46.05584867415674,264,abrupt,0.0,0
6,74,0.5841329228816678,0.3850409695762424,41.9292406951318,263,abrupt,0.0,0
6,75,0.7310609368615292,0.44784706196412377,44.090032322026964,262,abrupt,0.0,0
6,76,0.583384316948649,0.42105071762416596,42.554559952649896,261,abrupt,0.0,0
6,77,0.6534919641413782,0.4513940680166797,44.49632328371319,260,abrupt,0.0,0
6,78,0.7437227855168665,0.4594741350582937,44.595145386781425,259,abrupt,0.0,0
6,79,0.8105428456765639,0.44735293478887767,46.86540941345308,258,abrupt,0.0,0
6,80,0.6642317349723847,,43.38852196511096,257,abrupt,0.0,0
6,81,0.7896024241465412,0.4319070561620686,45.135388380353234,256,abrupt,0.0,0
6,82,0.7891405733254923,0.4291124432794401,45.974113724544914,255,abrupt,0.0,0
6,83,0.6981197758901715,0.4280662992406017,45.048076166943126,254,abrupt,0.0,0
6,84,0.646528795182555,0.342662640544965,42.923099287271654,253,abrupt,0.0,0
6,85,0.8269293499774423,0.41816373315778876,45.407417552652426,252,abrupt,0.0,0
6,86,0.781824230861304,0.457034737111252,46.04199282489628,251,abrupt,0.0,0
6,87,0.79686337672033,0.4001761390246153,46.64037417595794,250,abrupt,0.0,0
6,88,0.7688868348251112,0.440692695750246,45.82405894927438,249,abrupt,0.0,0
6,89,0.78396211115751,0.4266500059786971,46.666479613268464,248,abrupt,0.0,0
6,90,0.9335171112685051,0.4725845895937936,45.084939933091086,247,abrupt,0.0,0
6,91,0.6992833876083252,0.3532913895396281,43.69333496555194,246,abrupt,0.0,0
6,92,0.904903260429443,0.4161675520761177,45.40335871933431,245,abrupt,0.0,0
6,93,0.9570953721502624,0.46825254548802187,46.419234231892375,244,abrupt,0.0,0
6,94,0.902202930721077,0.4430107377837017,47.38056181003019,243,abrupt,0.0,0
6,95,0.8423943755694246,0.45159784322183266,47.39588904316835,242,abrupt,0.0,0
6,96,1.0565968918920539,0.49971969809637407,48.66760400045326,241,abrupt,0.0,0
6,97,0.858608485051703,0.4746541980678551,46.62297450719701,240,abrupt,0.0,0
6,98,0.7698832493070638,0.4224844990362782,45.901846572485454,239,abrupt,0.0,0
6,99,0.9223573651052799,0.4815063428649035,47.86585518143031,238,abrupt,0.0,0
6,100,0.7450867198790652,0.4318095931461485,44.83873770711395,237,abrupt,0.0,0
6,101,0.8687628082494031,0.48233603045632795,45.30129126980159,236,abrupt,0.0,0
6,102,0.6727831916405905,0.4398287460079144,44.46272530910601,235,abrupt,0.0,0
6,103,0.986112147360779,0.5257115182464603,46.96325865534938,234,abrupt,0.0,0
6,104,0.6411756330997083,0.36269359250941496,42.80432789512482,233,abrupt,0.0,0
6,105,0.7911250319814322,0.44101206421146244,43.04159111536268,232,abrupt,0.0,0
6,106,1.0613667664563111,0.5341739215681727,48.089812494183256,231,abrupt,0.0,0
6,107,0.8016342981882453,0.40449315623842763,46.746419808082344,230,abrupt,0.0,0
6,108,0.5638504438055505,0.3824728396545023,42.214189879098406,229,abrupt,0.0,0
6,109,0.6598078617956785,0.40609635931974697,43.76124386919897,228,abrupt,0.0,0
6,110,0.8816792517893878,0.4823085349615058,47.3257143599768,227,abrupt,0.0,0
6,111,0.676904193254967,0.4126460824845421,43.06032524200431,226,abrupt,0.0,0
6,112,0.935420986462887,0.43463155737558723,46.129575155589464,225,abrupt,0.0,0
6,113,0.45734166233594503,0.3436763282788301,41.23263130198399,224,abrupt,0.0,0
6,114,0.5970197213877254,0.3561741748694327,43.51612931497629,223,abrupt,0.0,0
6,115,0.6353513406442618,0.39689313647226915,,222,abrupt,0.0,0
6,116,0.7012271038652582,0.4209212694635696,42.30340845172255,221,abrupt,0.0,0
6,117,0.7037221892170618,0.38919919857653873,44.21340936358527,220,abrupt,0.0,0
6,118,0.5581386937871451,0.3358502763991982,42.135076063868986,219,abrupt,0.0,0
6,119,0.6454746614793541,0.44557983679987817,41.830368988259735,218,abrupt,0.0,0
6,120,0.8104972989560644,0.4401677398502716,44.630555135372745,217,abrupt,0.0,0
6,121,0.6956120765355005,0.4326796039441117,43.703925297962094,216,abrupt,0.0,0
6,122,0.5532010435839672,,42.42816307950136,215,abrupt,0.0,0
6,123,0.7564222821145432,0.39062852570160234,43.860584396003134,214,abrupt,0.0,0
6,124,0.5746169855466786,0.36417041602178,42.82428587571027,213,abrupt,0.0,0
6,125,0.6749552576898697,0.41612287531781955,43.55664089018817,212,abrupt,0.0,0
6,126,0.5035551919182188,0.38055677398227195,40.219241027086056,211,abrupt,0.0,0
6,127,0.5822016255354061,0.39331815768421147,42.811100210871814,210,abrupt,0.0,0
6,128,0.6159198129192014,0.36167305887359197,42.592785713138724,209,abrupt,0.0,0
6,129,0.3714901487920882,0.3036327314773807,40.67362177752243,208,abrupt,0.0,0
6,130,0.6454347759092918,0.3636522461697986,44.58482944318426,207,abrupt,0.0,0
6,131,0.5284294523829322,0.3921482496900323,42.188209217861264,206,abrupt,0.0,0
6,132,0.7441797906820415,0.37587896184666264,44.36768171059498,205,abrupt,0.0,0
6,133,0.589286822935265,0.36524232065896733,41.88513050261783,204,abrupt,0.0,0
6,134,0.43162750105875497,0.3627534047611051,41.30720405739848,203,abrupt,0.0,0
6,135,0.429492606037562,0.3127822775987928,41.3951735636666,202,abrupt,0.0,0
6,136,0.6363599231105067,0.34410862010766796,43.66991997474364,201,abrupt,0.0,0
6,137,0.6072759744062505,0.39410793834435665,42.4726083098782,200,abrupt,0.0,0
6,138,0.713463405196102,0.40961396384418153,44.37228375160594,199,abrupt,0.0,0
6,139,0.68308025870076,0.4512735504364732,44.576114886471146,198,abrupt,0.0,0
6,140,0.4394713715743272,,42.23717503857139,197,abrupt,0.0,0
6,141,0.5991482992997278,0.4412891828378802,44.95964301893999,196,abrupt,0.0,0
6,142,0.5158282146530464,0.3380176283537892,40.66708582642265,195,abrupt,0.0,0
6,143,0.45786535296035524,0.375143317952756,41.44139317752705,194,abrupt,0.0,0
6,144,0.5550391450665245,0.32823227125100796,40.18809368119958,193,abrupt,0.0,0
6,145,0.6659467831037803,0.3848829713060923,43.85643873159081,192,abrupt,0.0,0
6,146,0.6679826257992248,0.4014131545055243,43.703217638152516,191,abrupt,0.0,0
6,147,0.6157896789236412,0.42663801853093264,42.377524853628366,190,abrupt,0.0,0
6,148,0.5373515592396204,0.3929348159591945,42.69487856639508,189,abrupt,0.0,0
6,149,0.6868835903251906,0.40055104081520976,43.605050360582105,188,abrupt,0.0,0
6,150,0.6142525100999972,0.35321197155832823,43.859972904293514,187,abrupt,0.0,0
6,151,0.5631144435408162,0.32751914706489366,41.380809246405725,186,abrupt,0.0,0
6,152,0.5954321134656234,0.3932232364583224,42.94865532878047,185,abrupt,0.0,0
6,153,0.5961717387022503,0.36250277519763197,41.604766650710715,184,abrupt,0.0,0
6,154,0.7384253793878214,0.46275565224791454,43.17969358354084,183,abrupt,0.0,0
6,155,0.7144314885985653,0.35137691893665335,44.240182568802325,182,abrupt,0.0,0
6,156,0.7591263320498721,0.4168718211306776,44.88565542334353,181,abrupt,0.0,0
6,157,0.6607786438711392,0.40034466468331975,45.32629614959864,180,abrupt,0.0,0
6,158,0.9035141008644333,0.4467317939539151,44.422552648842036,179,abrupt,0.0,0
6,159,0.918041637129874,,44.55427568903134,178,abrupt,0.0,0
6,160,0.6344767309741136,0.398710245020879,45.41887784517169,177,abrupt,0.0,0
6,161,0.646456223098654,0.40177953452520887,42.5514795387852,176,abrupt,0.0,0
6,162,0.7575617065085566,0.429065888147051,44.812145350334,175,abrupt,0.0,0
6,163,0.6156990224547065,0.3852161751880616,43.182623540376085,174,abrupt,0.0,0
6,164,0.7186634590480871,0.432178243648772,42.521656487208425,173,abrupt,0.0,0
6,165,0.6365280578023759,0.4238728240806566,42.12951216661331,172,abrupt,0.0,0
6,166,0.9524295133867243,0.46966324408169363,46.95907621498857,171,abrupt,0.0,0
6,167,0.7242572382292952,0.40077285388502204,44.760949148917994,170,abrupt,0.0,0
6,168,0.8157295785731968,0.42646018376259837,43.72812486000953,169,abrupt,0.0,0
6,169,0.8959631463416456,0.4716380393388906,47.08834893107362,168,abrupt,0.0,0
6,170,0.8923032708678147,0.43671261501939407,45.34000038821733,167,abrupt,0.0,0
6,171,0.8681238377867406,0.4588604121024947,46.326685565723686,166,abrupt,0.0,0
6,172,0.9745230080805521,0.538100105370336,45.930866579939284,165,abrupt,0.0,0
6,173,1.2,0.49977998965953707,51.21231250445406,164,abrupt,0.0,0
6,174,0.9116748096433371,0.43578489302287593,46.645286654459554,163,abrupt,0.0,0
6,175,0.7894050532778195,0.43311972438404195,45.83108668509028,162,abrupt,0.0,0
6,176,0.8550672259719427,0.4026528627428224,45.140574708397274,161,abrupt,0.0,0
6,177,0.7850582460934866,0.4279580628364798,46.48934479855774,160,abrupt,0.0,0
6,178,0.8825200360270968,,45.93330899561986,159,abrupt,0.0,0
6,179,0.6837917276030541,0.4105243251537755,43.74278172097603,158,abrupt,0.0,0
6,180,0.9133556135354872,0.4130409999581103,47.34240274870277,157,abrupt,0.0,0
6,181,0.9173647435341418,0.5001962708420807,46.03397811978157,156,abrupt,0.0,0
6,182,0.7952357131221315,0.4422345120577846,44.42692033183218,155,abrupt,0.0,0
6,183,0.8095104298461463,0.4180751527087673,43.183886252904436,154,abrupt,0.0,0
6,184,0.7199946800815815,0.41835687578129666,43.148217411038644,153,abrupt,0.0,0
6,185,0.6699340601262438,0.39937418552778925,42.44507532914687,152,abrupt,0.0,0
6,186,0.8406302063046178,0.4376123421678585,44.98422342944355,151,abrupt,0.0,0
6,187,0.665889362953078,0.38101033001062534,42.57460206159858,150,abrupt,0.0,0
6,188,0.882769695618454,0.40938328501038534,46.50462913135871,149,abrupt,0.0,0
6,189,0.7424850959570455,0.47525917792479344,43.3342207249117,148,abrupt,0.0,0
6,190,0.7386627268726524,0.41434764705105676,43.70204885197906,147,abrupt,0.0,0
6,191,0.6801489819904487,0.40707222910818647,44.904534270798564,146,abrupt,0.0,0
6,192,0.7639227804998376,0.4373016145166768,44.59411571814074,145,abrupt,0.0,0
6,193,0.6676393224563708,0.40525606065663117,44.49230907178169,144,abrupt,0.0,0
6,194,0.7581947096131433,0.46796851016527563,44.11796584774664,143,abrupt,0.0,0
6,195,0.7278296392158105,,44.71358771293141,142,abrupt,0.0,0
6,196,0.6722416905889605,0.36714117748120995,42.39266495310978,141,abrupt,0.0,0
6,197,0.5448633978382771,0.3501704451716956,42.66741049475597,140,abrupt,0.0,0
6,198,0.5386886312501645,0.33612040362428197,43.8390248389518,139,abrupt,0.0,0
6,199,0.6273741664463459,0.4179895880450826,40.42052543379971,138,abrupt,0.0,0
6,200,0.7107123153713958,0.37873239760164906,45.39974051805103,137,abrupt,0.0,0
6,201,0.5758439409635646,0.3870789030304151,43.493105547245705,136,abrupt,0.0,0
6,202,0.49413306019558345,0.39247429347323465,41.19238495447705,135,abrupt,0.0,0
6,203,0.7400892935366158,0.41209252231674826,42.47701637111177,134,abrupt,0.0,0
6,204,0.5217790344361192,0.3404250096274137,41.79351488093575,133,abrupt,0.0,0
6,205,0.8476239874898919,0.45080672488944107,46.13813839793275,132,abrupt,0.0,0
6,206,0.5752299031387464,0.39017263119421125,42.78011622375267,131,abrupt,0.0,0
6,207,0.571338940892048,0.40287282403209707,41.36589837108771,130,abrupt,0.0,0
6,208,0.6610008133469787,0.42128033996033626,43.931407102414234,129,abrupt,0.0,0
6,209,0.42315100321564053,0.3325132883958084,38.27665935267834,128,abrupt,0.0,0
6,210,0.5014197001394751,0.39799528955470576,41.69229971307953,127,abrupt,0.0,0
6,211,0.5946643095717946,0.33963823978317387,44.670404981879386,126,abrupt,0.0,0
6,212,0.666100004259549,0.37864448125302075,42.71058789185663,125,abrupt,0.0,0
6,213,0.7126007379341686,0.41866294989452485,43.058177737403675,124,abrupt,0.0,0
6,214,0.6036251966259643,0.3714361670662794,42.17956978090352,123,abrupt,0.0,0
6,215,0.5148982704730248,0.36516311037378474,41.7115034307461,122,abrupt,0.0,0
6,216,0.6368284137251696,0.36527671484082114,42.02797876787987,121,abrupt,0.0,0
6,217,0.4060594855983035,0.3256062934712822,39.10371275271179,120,abrupt,0.0,0
6,218,0.4623649475816558,0.37345010692869307,41.22244466918084,119,abrupt,0.0,0
6,219,0.5475907783493588,0.36908131624042306,41.36702004836475,118,abrupt,0.0,0
6,220,0.7260081829947325,0.35236070179616896,43.59568895223995,117,abrupt,0.0,0
6,221,0.5990083720115077,0.352117268458035,41.78572391941668,116,abrupt,0.0,0
6,222,0.458115796506123,0.34546186122008743,40.68208125584081,115,abrupt,0.0,0
6,223,0.5361895065193178,0.36615445477381836,43.03700444153998,114,abrupt,0.0,0
6,224,0.7912813847925035,0.4207562029355201,43.69878487442299,113,abrupt,0.0,0
6,225,0.5840662488299403,0.37410168880238737,42.93560694819487,112,abrupt,0.0,0
6,226,0.570622935453236,0.40753871898204486,41.83763202014815,111,abrupt,0.0,0
6,227,0.7418860057368836,0.41343195657204673,44.12498697861916,110,abrupt,0.0,0
6,228,0.6744948315418798,0.3564533550277551,43.73560418548867,109,abrupt,0.0,0
6,229,0.9028518100571461,0.4676406009557981,47.4634771173534,108,abrupt,0.0,0
6,230,0.6362213161427664,0.3841892351683314,,107,abrupt,0.0,0
6,231,0.797144109790303,0.4260154126295321,44.14548733145777,106,abrupt,0.0,0
6,232,0.6341157788253624,0.40041937069300126,42.23967948930829,105,abrupt,0.0,0
6,233,0.7651162884405365,0.38706891968570145,44.67279950500809,104,abrupt,0.0,0
6,234,0.7315445123749875,0.4031983535786723,43.394996869351885,103,abrupt,0.0,0
6,235,0.856591153212146,0.4027214293127434,47.006505394529086,102,abrupt,0.0,0
6,236,0.845059802411259,0.46517790011694843,45.278378636054505,101,abrupt,0.0,0
6,237,0.764671353817823,,42.73628034011495,100,abrupt,0.0,0
6,238,0.9548258159366595,0.4633136374714629,46.37571533116719,99,abrupt,0.0,0
6,239,0.7196936393527433,,45.54624202990106,98,abrupt,0.0,0
6,240,0.8838160387761094,,46.21813830184458,97,abrupt,0.0,0
6,241,0.8685476565839635,0.44881133866908474,46.190798965015425,96,abrupt,0.0,0
6,242,0.7780957916343608,0.39610533248379587,43.34059189744861,95,abrupt,0.0,0
6,243,0.8036417174001547,0.4837223648954717,44.23990592536717,94,abrupt,0.0,0
6,244,0.7835638302536262,0.4289849634745468,43.333636765084414,93,abrupt,0.0,0
6,245,0.8238818094647884,0.3957009551009699,45.98975012618678,92,abrupt,0.0,0
6,246,0.8905594932730736,0.4699960148950873,45.27559559021092,91,abrupt,0.0,0
6,247,0.842102081209811,0.4238664830588998,45.00032020438911,90,abrupt,0.0,0
6,248,0.8826776547360935,0.44480960777617407,44.8620721117703,89,abrupt,0.0,0
6,249,0.8772825103461687,0.4244213906911345,46.67329654888249,88,abrupt,0.0,0
6,250,1.0354994871779024,0.4866120188094959,47.366889221104415,87,abrupt,0.0,0
6,251,0.8854393233996084,0.4061687547929379,45.40995150507064,86,abrupt,0.0,0
6,252,0.8016989471497072,0.42189855234261286,44.55163917615594,85,abrupt,0.0,0
6,253,0.7861788010550002,0.46041669483624414,45.263600687278064,84,abrupt,0.0,0
6,254,0.8733716704045102,0.48377141857175243,43.87962261591138,83,abrupt,0.0,0
6,255,0.8164868624508065,0.45934800596769954,44.0843320707975,82,abrupt,0.0,0
6,256,0.9041727894222149,0.49253045915204435,45.26279654701701,81,abrupt,0.0,0
6,257,0.704773826675128,,,80,abrupt,0.0,0
6,258,0.8532323011634788,0.3941333823943816,44.7226741602405,79,abrupt,0.0,0
6,259,0.9298708643159977,0.4518563492486879,46.96351614087948,78,abrupt,0.0,0
6,260,0.8967264233225256,0.4577982892700891,45.43814949630524,77,abrupt,0.0,0
6,261,0.7476791429694152,0.35155866232346783,45.025407846531564,76,abrupt,0.0,0
6,262,0.9411708491166938,0.41302458660235003,46.08680523540399,75,abrupt,0.0,0
6,263,0.9764778106505526,0.4951533516707282,46.57112375393549,74,abrupt,0.0,0
6,264,0.8627522886132664,0.4494754223146324,45.11533844575393,73,abrupt,0.0,0
6,265,0.8380510842565385,0.4471405786869662,45.44528223249392,72,abrupt,0.0,0
6,266,0.7403721432305924,0.4463822167743283,42.55693875958379,71,abrupt,0.0,0
6,267,0.6613522636907164,0.4421554668747994,44.712404424759036,70,abrupt,0.0,0
6,268,0.6237781895640506,0.3760230206406077,42.330941885702636,69,abrupt,0.0,0
6,269,0.7485922486038876,0.38221290544107034,43.82792090595666,68,abrupt,0.0,0
6,270,0.5303817971300977,0.3944035454169295,39.70350034044965,67,abrupt,0.0,0
6,271,0.5839054671985305,0.40359479107516705,40.637830778012344,66,abrupt,0.0,0
6,272,0.7116208758888573,0.4050371748597871,,65,abrupt,0.0,0
6,273,0.7160890851781464,0.41777876866278174,44.24768594559677,64,abrupt,0.0,0
6,274,0.7564389942169748,0.4570737221860179,43.606997613556615,63,abrupt,0.0,0
6,275,0.8128040443277371,0.4665052670957727,43.155993999076266,62,abrupt,0.0,0
6,276,0.6720978614188825,0.43826144452433535,43.030225501961084,61,abrupt,0.0,0
6,277,0.5286662525806183,0.33750053311273964,41.67046299885658,60,abrupt,0.0,0
6,278,0.5240322271059953,0.3649724606672121,40.01201310291382,59,abrupt,0.0,0
6,279,0.5652309730559347,0.37849272473813245,40.927342795090205,58,abrupt,0.0,0
6,280,0.41343988476447,0.402658914070593,42.02812741345985,57,abrupt,0.0,0
6,281,0.3469594911952878,0.3623775092540601,39.07985838560429,56,abrupt,0.0,0
6,282,0.573169516192384,0.35630887901954444,41.61000769176777,55,abrupt,0.0,0
6,283,0.6706933474980742,0.4264904713108632,43.18848739384363,54,abrupt,0.0,0
6,284,0.5097263903375,0.3275754306656682,39.71786586392409,53,abrupt,0.0,0
6,285,0.4885961426648124,0.36606115966862696,37.20668658927261,52,abrupt,0.0,0
6,286,0.5270659926223188,0.3660850235666337,41.80924217364381,51,abrupt,0.0,0
6,287,0.7058501656366313,0.40430645459503745,42.057246893824896,50,abrupt,0.0,0
6,288,0.6515433132829206,0.35133238852326076,42.21504434529838,49,abrupt,0.0,0
6,289,0.6914470674625943,0.40164692078111236,44.026397663413526,48,abrupt,0.0,0
6,290,0.48578922724789064,0.3376107460268748,41.0419390193967,47,abrupt,0.0,0
6,291,0.3414183865308632,0.33781787610605307,38.30022900939347,46,abrupt,0.0,0
6,292,0.587431822462093,0.3941133818337229,41.23113336481143,45,abrupt,0.0,0
6,293,0.5801110296906632,0.45001172792920696,41.3582109887894,44,abrupt,0.0,0
6,294,0.5175251682917873,0.3281961747495177,41.46860292411284,43,abrupt,0.0,0
6,295,0.5964546645727069,0.3898601952640247,41.806858528621234,42,abrupt,0.0,0
6,296,0.5450154774444556,0.3274835088927854,40.777196871005856,41,abrupt,0.0,0
6,297,0.5521965869444031,0.35394160313866857,41.58817205297939,40,abrupt,0.0,0
6,298,0.708384466604438,0.43807904531914765,45.86114186029304,39,abrupt,0.0,0
6,299,0.48161701353115693,0.3726836825060153,41.84673262152606,38,abrupt,0.0,0
6,300,0.8263255372144449,0.4744902048782807,44.72877712993352,37,abrupt,0.0,0
6,301,0.6584501914704829,0.357926377911241,42.81273165394249,36,abrupt,0.0,0
6,302,0.5714668581899187,0.41652044215729606,40.287909401152355,35,abrupt,0.0,0
6,303,0.7094318446647102,0.3839820849814128,43.00657113624237,34,abrupt,0.0,0
6,304,0.6576607558271879,0.4537523829245249,42.31950194051631,33,abrupt,0.0,0
6,305,0.6894989539393734,0.43785669869260213,41.83611666736955,32,abrupt,0.0,0
6,306,0.6077976100807858,0.3935692587179859,43.06083964612208,31,abrupt,0.0,0
6,307,0.7735230677272293,0.38002665091961657,43.78250506429325,30,abrupt,0.0,0
6,308,0.6547248561167422,0.36361952791204905,41.96357926312126,29,abrupt,0.0,0
6,309,0.744086174657183,0.4503466182918628,43.22908102264093,28,abrupt,0.0,0
6,310,0.9032850999463924,0.4660991503115322,46.77860276090794,27,abrupt,0.0,0
6,311,0.8909438610602731,0.41179925668835776,46.1869457539546,26,abrupt,0.0,0
6,312,0.8874198309892238,0.41799034430649834,46.04358485759942,25,abrupt,0.0,0
6,313,0.7508519073538249,0.3818308412480239,43.300771239993516,24,abrupt,0.0,0
6,314,0.8770543572589056,0.48993278547672275,45.52070873897572,23,abrupt,0.0,0
6,315,0.5400513882594871,0.37653234478867537,40.21157098669332,22,abrupt,0.0,0
6,316,0.6636260292390097,0.3734730913153032,42.55902014677765,21,abrupt,0.0,0
6,317,0.8864318858742797,0.44561541056705234,,20,abrupt,0.0,1
6,318,0.8505725646336455,0.4134108718852927,46.24727610384942,19,abrupt,0.0,1
6,319,0.8863989951889594,0.5502423543138995,47.305049236650234,18,abrupt,0.05502296449323048,1
6,320,0.6343958594201224,0.4852203455376345,45.69984303369164,17,abrupt,0.10763528561173016,1
6,321,0.7335396257750267,0.5369711325261604,46.351616114862274,16,abrupt,0.15937455639982318,1
6,322,0.9115442295307131,0.6974968101238991,48.84606428210687,15,abrupt,0.21055489858500956,1
6,323,0.881347345251398,0.6628653201433612,49.726592196062285,14,abrupt,0.2613236018872079,1
6,324,0.9184130669073779,0.6799125054394158,51.11640962684864,13,abrupt,0.31176666061764585,1
6,325,0.9770244641354566,0.765152779840812,53.977936377690675,12,abrupt,0.36194051367905394,1
6,326,0.8267536417963816,0.7907609674003852,51.23683422521463,11,abrupt,0.411885052993367,1
6,327,0.9240414531728157,0.8523648050506687,53.77083119207184,10,abrupt,0.4616299659892996,1
6,328,0.804730351174302,0.8946903783368176,52.51547494671409,9,abrupt,0.5111982021556882,1
6,329,0.6704149885766023,0.8272804427088637,51.33546168904072,8,abrupt,0.560608029032464,1
6,330,0.9032773026912657,1.0086694151108673,54.65530622980448,7,abrupt,0.6098743291798503,1
6,331,0.8449974265236854,1.0016248858728092,53.58366275161469,6,abrupt,0.659009458867236,1
6,332,0.8907300195357337,1.030026645514279,56.60673170504455,5,abrupt,0.7080238391934386,1
6,333,0.8531522881806044,1.1111917833702782,56.95955555292398,4,abrupt,0.756926376307874,1
6,334,0.8751718933255054,1.0961056319907727,58.783712206624585,3,abrupt,0.8057247683119297,1
6,335,0.7673195160222094,1.1815782372934234,57.13824515227473,2,abrupt,0.8544257346103463,1
6,336,0.905858846351947,1.2324445648731883,59.47727168997666,1,abrupt,0.9030351907393986,1
6,337,0.6845519709285057,1.2448894008840712,59.76595114667447,0,abrupt,0.9515583839553622,1
7,0,0.6856251129589161,0.30993754332172513,45.80539959671454,201,gradual,0.0,0
7,1,0.8030765158373925,0.3353626031114511,48.74910085840751,200,gradual,0.0,0
7,2,0.8021603995716479,0.3396438700583303,50.06504450912305,199,gradual,0.0,0
7,3,0.8839471609540314,0.3128129825978408,49.44419972832684,198,gradual,0.0,0
7,4,0.8381031929267461,0.30248985530445116,48.17250141204683,197,gradual,0.0,0
7,5,0.8460628584383508,0.3508783046626444,49.95576158051643,196,gradual,0.0,0
7,6,0.6614027707515783,0.32421755177706263,,195,gradual,0.0,0
7,7,0.7875914598535205,0.2591699898314252,49.61087297007255,194,gradual,0.0,0
7,8,0.7864681141666757,0.2912037757649968,47.328441150466894,193,gradual,0.0,0
7,9,1.0730517954024994,0.3739955568077816,51.706100915986376,192,gradual,0.0,0
7,10,0.6977580236257592,0.26711981639227306,48.78849727856988,191,gradual,0.0,0
7,11,0.8920598647125056,0.33775836104067614,50.92324472041305,190,gradual,0.0,0
7,12,0.842677182537417,0.29095939940087817,48.90217101293908,189,gradual,0.0,0
7,13,0.7525887475260221,0.27833379532830377,46.823828708557244,188,gradual,0.0,0
7,14,0.8537598011143832,0.2798253939967435,50.098525721266064,187,gradual,0.0,0
7,15,1.0629166610608158,0.3351537476007081,,186,gradual,0.0,0
7,16,0.9990400430017989,0.28976311919024716,51.253184497082984,185,gradual,0.0,0
7,17,0.9739891522248766,0.23386690405839666,51.38775099985611,184,gradual,0.0,0
7,18,0.8866162044799902,0.3464237541932288,49.637529804678486,183,gradual,0.0,0
7,19,0.7547898756161606,,47.19586464447965,182,gradual,0.0,0
7,20,0.6266794992018094,0.26677592482659557,47.65937803262616,181,gradual,0.0,0
7,21,0.7793796481381059,0.32144120805056214,48.2730119834013,180,gradual,0.0,0
7,22,0.7083391452110848,0.28933895038989155,48.831960581997755,179,gradual,0.0,0
7,23,0.7415096032629376,0.26419567057520316,45.973032511511605,178,gradual,0.0,0
7,24,0.6902440978937231,0.2801964858714342,46.294180961781265,177,gradual,0.0,0
7,25,0.6293145936106195,0.2384483700240363,46.27079131291411,176,gradual,0.0,0
7,26,0.6817232315528019,0.3020789777726865,47.90385892314121,175,gradual,0.0,0
7,27,0.5948653094921604,0.2869168578873524,,174,gradual,0.0,0
7,28,0.7693847350990667,0.25707254340500846,47.96465789732562,173,gradual,0.0,0
7,29,0.46319603551216865,0.23005292746496986,42.930812535867744,172,gradual,0.0,0
7,30,0.6596152547868307,0.2786264068526366,47.557994604712405,171,gradual,0.0,0
7,31,0.5255255222648355,0.2927317509830216,43.75531966294133,170,gradual,0.0,0
7,32,0.6202923552852301,0.27003616593204793,44.69303371529545,169,gradual,0.0,0
7,33,0.6344452825532161,0.24678136886636104,47.219726249524975,168,gradual,0.0,0
7,34,0.38956162056159516,0.2389956928512782,44.96007071091498,167,gradual,0.0,0
7,35,0.5216467560775728,0.2958994460649397,46.38779599114907,166,gradual,0.0,0
7,36,0.47121344388120817,0.25221681434783516,44.897888954656025,165,gradual,0.0,0
7,37,0.670733145741251,0.2730898932645847,47.01043636305399,164,gradual,0.0,0
7,38,0.4700271130454089,0.2502766139657863,44.043283643946054,163,gradual,0.0,0
7,39,0.6268985182821339,0.2819919217894611,47.104176912820584,162,gradual,0.0,0
7,40,0.44925637113323935,0.2746957198618611,43.81832800414898,161,gradual,0.0,0
7,41,0.5002916695115964,0.2705800752830364,46.44659381617853,160,gradual,0.0,0
7,42,0.36136313683075183,0.23156481299817014,45.042457542898745,159,gradual,0.0,0
7,43,0.5226848837780519,0.27713136901126617,43.90023313205395,158,gradual,0.0,0
7,44,0.6573990091244035,0.2802278953330285,46.91168886362317,157,gradual,0.0,0
7,45,0.4147930447306486,0.2159082143176491,42.612403003011025,156,gradual,0.0,0
7,46,0.7187624652493823,0.2568877050629371,46.56736691926629,155,gradual,0.0,0
7,47,0.4662589901798459,0.27945499042098,43.462219839539195,154,gradual,0.0,0
7,48,0.48701834590987725,0.22826776325276962,46.165584578211444,153,gradual,0.0,0
7,49,0.45391797950990115,0.28487737942335484,44.59258765793492,152,gradual,0.0,0
7,50,0.5788873102824844,0.2979137458081368,47.62900148842925,151,gradual,0.0,0
7,51,0.5935150395390055,0.33252123911006165,47.41554343119094,150,gradual,0.0,0
7,52,0.5302618243832978,0.26929399655035924,45.56856920822035,149,gradual,0.0,0
7,53,0.8248235228724701,0.2722192985143069,47.79457909077686,148,gradual,0.0,0
7,54,0.5085441827632617,0.28791261336016166,46.078700850745214,147,gradual,0.0,0
7,55,0.6596639688509183,0.30786116745344017,46.645954033813894,146,gradual,0.0,0
7,56,0.8390229581372776,0.3654410404881771,50.1210468254704,145,gradual,0.0,0
7,57,0.612245213213611,0.24314954271397332,47.047187967325975,144,gradual,0.0,0
7,58,0.7412924399844117,0.3309168429755965,46.7951758974144,143,gradual,0.0,0
7,59,0.7872877319210355,0.3128838857853397,47.48714908152142,142,gradual,0.0,0
7,60,0.9186390218170836,0.3149796373299483,50.15635786041439,141,gradual,0.0,0
7,61,0.9824761824772146,0.31137464535503245,51.56418695129242,140,gradual,0.0,0
7,62,0.7873046844347641,0.27214810663873545,46.798463971805404,139,gradual,0.0,0
7,63,0.8013589753038833,0.3137281550657708,48.33718115065423,138,gradual,0.0,0
7,64,0.5932684502723576,0.2615582641960818,43.82475093279384,137,gradual,0.0,0
7,65,0.8914423784579726,0.2682484612143781,49.28902707966954,136,gradual,0.0,0
7,66,0.7905033329030402,0.30997321222353436,48.58565862321584,135,gradual,0.0,0
7,67,0.909146444412535,0.3261162289847238,50.66585537574176,134,gradual,0.0,0
7,68,0.843864125194952,0.3372917188559827,50.10580024525908,133,gradual,0.0,0
7,69,0.7699312273100891,0.2816986599850248,49.67649142607017,132,gradual,0.0,0
7,70,0.9772544943352656,0.3379218541236075,50.768808755519764,131,gradual,0.0,0
7,71,0.7933331580758537,0.30607998641994055,50.03391175420642,130,gradual,0.0,0
7,72,0.7862940403260951,0.29540880436160855,47.36874265692719,129,gradual,0.0,0
7,73,0.8095577827244269,0.30326275561221505,50.25435998528459,128,gradual,0.0,0
7,74,0.9152334040696697,0.31737518497421696,52.15893475192073,127,gradual,0.0,0
7,75,0.8877145104205063,0.3530662775639041,50.102766472460885,126,gradual,0.0,0
7,76,0.7901625443134629,0.2725937428837777,47.77948436426787,125,gradual,0.0,0
7,77,0.6888000188624612,0.3053774578855987,49.3525851602136,124,gradual,0.0,0
7,78,0.7740392932329996,0.290921649103059,48.9795888621055,123,gradual,0.0,0
7,79,0.7713529107914535,0.31265451637308633,,122,gradual,0.0,0
7,80,0.632295071550975,0.30661727538556777,46.417512199419804,121,gradual,0.0,0
7,81,0.7342110791888308,0.3400291058336534,47.124230402438315,120,gradual,0.0,0
7,82,0.7743635421752648,0.36637717730330716,49.72678946216587,119,gradual,0.0,0
7,83,0.5717274634877287,0.23843685994587113,46.74365008217255,118,gradual,0.0,0
7,84,0.6293616638262648,0.26164688972363026,44.068442679951964,117,gradual,0.0,0
7,85,0.8412568308055091,0.3371548208194464,49.687019237495726,116,gradual,0.0,0
7,86,0.6368505913343226,0.25322036461228176,47.1343670251134,115,gradual,0.0,0
7,87,0.5819351950364233,0.27066989273485753,45.97557555761786,114,gradual,0.0,0
7,88,0.521146674416859,0.2787330157965083,46.286538781132386,113,gradual,0.0,0
7,89,0.5468447064687129,0.25924465329902424,45.99408400512274,112,gradual,0.0,0
7,90,0.3794609285524219,0.24104694703501464,44.88764497406738,111,gradual,0.0,0
7,91,0.6195521451809721,0.32516340045607695,47.061739792042374,110,gradual,0.0,0
7,92,0.6896220909206205,0.2639844651023976,46.56909529976735,109,gradual,0.0,0
7,93,0.6317773684708053,0.2846523179443713,47.80847859929457,108,gradual,0.0,0
7,94,0.3490845270962487,0.28326365547481147,44.894976764024484,107,gradual,0.0,0
7,95,0.6274811642541984,0.2733631610700576,45.21264596415199,106,gradual,0.0,0
7,96,0.500379922877101,0.3064277342930069,43.74718473783302,105,gradual,0.0,0
7,97,0.6592202858923151,0.3140169960715712,46.97484777386269,104,gradual,0.0,0
7,98,0.6640286807388691,0.29946542640652934,47.260264872226955,103,gradual,0.0,0
7,99,0.43842836483057546,0.2490977949568396,44.2115326867646,102,gradual,0.0,0
7,100,0.578340290017554,0.2636070065532777,,101,gradual,0.0,0
7,101,0.5017802549142063,0.30778020338836654,45.10717369995418,100,gradual,0.0,0
7,102,0.5618239400055928,0.30144201614206395,47.232132078983945,99,gradual,0.0,0
7,103,0.7566877881485516,0.2917008839062341,49.41622538200531,98,gradual,0.0,0
7,104,0.6030311022883243,0.27733834041004796,45.70703561875798,97,gradual,0.0,0
7,105,0.56508803072655,0.27777943310730824,47.41804949595526,96,gradual,0.0,0
7,106,0.4926437772515593,0.3184400229666396,43.112996590924695,95,gradual,0.0,0
7,107,0.4550850096393406,0.24839777677138705,45.51262465272797,94,gradual,0.0,0
7,108,0.745822899720433,,48.41007866049974,93,gradual,0.0,0
7,109,0.730683091900312,0.3619953620819805,48.39502301200339,92,gradual,0.0,0
7,110,0.5529535342205962,0.2863117230034581,46.22923622317096,91,gradual,0.0,0
7,111,0.7450002657552821,0.299424126134403,48.840917426962676,90,gradual,2.7425541053947477e-05,0
7,112,0.47682133300340646,0.26876088841433576,45.618616567006086,89,gradual,0.0006975367427025142,0
7,113,0.7492744410659499,0.364352111896734,49.24963876051441,88,gradual,0.0019572737893083134,0
7,114,0.6875866208374488,0.24834508352112517,48.13421741588314,87,gradual,0.0036848376733438276,0
7,115,0.8227158160418756,0.3089828918243102,49.727546924829426,86,gradual,0.0058229915156480065,0
7,116,0.7543052887551889,0.2567101941733679,46.78002122945081,85,gradual,0.008335372711115938,0
7,117,0.8504810240874938,0.3468711328416533,50.18718783563563,84,gradual,0.011195919519271437,0
7,118,1.0144485756795265,0.30865775206165164,52.27976177578654,83,gradual,0.014384629084300158,0
7,119,0.8902543502202426,0.2843066322139955,48.56641299468761,82,gradual,0.017885447452895338,0
7,120,1.0114875052155718,0.3531638510945374,53.73936316973573,81,gradual,0.021685076492407415,0
7,121,0.6850259476496737,0.3630278052857044,47.45935686513858,80,gradual,0.025772238106237647,0
7,122,0.8427365569502794,0.3085734256745505,49.38672591209055,79,gradual,0.03013719089343779,0
7,123,0.8726909821581342,0.3681368555346836,49.56238537251001,78,gradual,0.03477139696190111,0
7,124,1.0784489364048364,0.4600516070106673,51.85584478768641,77,gradual,0.03966728333209299,0
7,125,0.8249261323191455,0.33526141183829794,51.335620202013054,76,gradual,0.044818065715341686,0
7,126,0.9319438427007587,0.34053114662197026,52.077399623450596,75,gradual,0.05021761498606289,0
7,127,0.8706395041337751,0.3635177282268357,50.292498425726734,74,gradual,0.0558603537987822,0
7,128,0.78534200408284,0.39681291005346947,49.160543608537985,73,gradual,0.06174117505620591,0
7,129,0.691573104017675,0.35315409056149427,51.39698107301267,72,gradual,0.06785537657755131,0
7,130,0.7741808675253107,0.3369518169108016,51.20408657113569,71,gradual,0.07419860801486473,0
7,131,0.7020719295553136,0.4026536747406313,47.395337848568,70,gradual,0.08076682718927587,0
7,132,1.0876683839194876,0.42208538611956875,55.56213332284067,69,gradual,0.0875562637826279,0
7,133,0.6833546267000629,,49.199255350988835,68,gradual,0.09456338885031447,0
7,134,0.446367059427898,,46.650911303858706,67,gradual,0.10178488899709734,0
7,135,0.8740844419217603,0.4468144395704698,53.068837369257146,66,gradual,0.10921764432898314,0
7,136,0.6482472010917447,0.3663191702943198,48.60503011678545,65,gradual,0.11685870949322062,0
7,137,0.7886768978335992,0.417172581053125,50.70126078843378,64,gradual,0.12470529726657033,0
7,138,0.7720536267260435,0.41464011949755003,51.5186811152996,63,gradual,0.1327547642636871,0
7,139,0.6255631663393827,0.3781847473420879,52.42909958852329,62,gradual,0.14100459842272325,0
7,140,0.5523186743239743,0.4065726245342036,49.21358508366838,61,gradual,0.14945240799107923,0
7,141,0.7310243836785534,0.4173785230073414,50.88757027574441,60,gradual,0.15809591178556365,0
7,142,0.6938750639849465,0.3914107176286916,51.273803583141,59,gradual,0.16693293054164116,0
7,143,0.404520686111843,0.35128428320193267,48.8757023226103,58,gradual,0.175961379198546,0
7,144,0.6719514419451367,0.4627647478060774,51.302261905121746,57,gradual,0.18517925999274257,0
7,145,0.5937980087447452,0.4118617338629315,52.48923186726552,56,gradual,0.19458465625295412,0
7,146,0.3992515927985918,0.3723107974473409,51.097330500172525,55,gradual,0.20417572680682872,0
7,147,0.5682364922545705,0.4601884718656757,49.90105615243574,54,gradual,0.21395070092309781,0
7,148,0.6957638844679831,0.49517539595975646,52.833194845126286,53,gradual,0.22390787372442492,0
7,149,0.4114232849399303,0.456639283659177,50.460182174691106,52,gradual,0.2340456020155332,0
7,150,0.5688981113698219,0.47682413284483116,50.61525835087636,51,gradual,0.24436230047901994,0
7,151,0.617177635715235,0.5239890771911272,53.60327135812166,50,gradual,0.25485643819780585,0
7,152,0.5303140936228968,0.45113916868412174,49.56420431521091,49,gradual,0.26552653546866734,0
7,153,0.547075296859832,0.4957193051319587,51.60983670790894,48,gradual,0.2763711608759485,0
7,154,0.5809295685497284,0.48517473720692483,51.65841538698896,47,gradual,0.287388928598489,0
7,155,0.6336994551377659,0.5415567958131268,54.449223323203725,46,gradual,0.29857849592616564,0
7,156,0.49782516775675945,0.49179541272691624,49.85671068368894,45,gradual,0.3099385609653182,0
7,157,0.4654427055991142,0.4895623053905552,50.81811193860913,44,gradual,0.3214678605147956,0
7,158,0.624419620213991,0.577426732230771,53.30062937181351,43,gradual,0.33316516809648816,0
7,159,0.6753811609273237,0.5561424694322643,51.71204831270927,42,gradual,0.34502929212604666,0
7,160,0.5888546514044818,0.5817052359008241,53.312160559838865,41,gradual,0.3570590742110847,0
7,161,0.6377017006482021,0.596723748125032,53.59838650587426,40,gradual,0.3692533875655503,0
7,162,0.6559966357525547,0.5972433313151166,53.433131618400495,39,gradual,0.3816111355301633,0
7,163,0.640555701134918,,52.43131867603625,38,gradual,0.394131250189873,0
7,164,0.7973614359344421,0.6644402342319197,56.53708515556343,37,gradual,0.4068126910802258,0
7,165,0.867973775670997,0.6177863127112296,57.793009574219596,36,gradual,0.4196544439753489,0
7,166,0.6264701667559363,0.6204609305906967,55.189008549014154,35,gradual,0.4326555197509789,0
7,167,0.638628593338675,0.6468325339569677,57.035602650870324,34,gradual,0.4458149533166036,0
7,168,0.703450699467782,0.5907006940085447,56.197750159488265,33,gradual,0.45913180261135456,0
7,169,0.7861464769786545,0.6912508165142772,56.7470555872956,32,gradual,0.47260514765878664,0
7,170,0.8246410843043941,0.628730076616934,57.356321626438145,31,gradual,0.4862340896761327,0
7,171,0.6774557709274451,0.6531787741463393,56.11006350908377,30,gradual,0.5000177502340224,0
7,172,0.7326337061594027,0.6865739468740568,59.17648472092518,29,gradual,0.5139552704630082,0
7,173,0.8315645367082524,0.688959039098241,59.30739167513244,28,gradual,0.5280458103035633,0
7,174,0.9314793892867268,0.7543306293303325,60.97707850377654,27,gradual,0.5422885477965104,0
7,175,0.8865951512176693,0.7575694160935348,60.003194509300485,26,gradual,0.556682678411084,0
7,176,0.9950958764999667,0.7367816855807202,61.68764340573515,25,gradual,0.5712274144080799,0
7,177,0.9486543914656174,0.7356143764257494,61.35807552401615,24,gradual,0.5859219842357419,0
7,178,0.8638711473154611,0.7721081264370427,61.503525630835505,23,gradual,0.6007656319562323,0
7,179,0.7236667888714791,0.7485251946862986,61.10037068103436,22,gradual,0.6157576167007026,0
7,180,0.7244566051120953,0.7981398192708258,59.98407370118976,21,gradual,0.6308972121511381,0
7,181,0.7839346169648473,0.722060644185714,61.123059110811724,20,gradual,0.646183706047292,1
7,182,0.8888956968345546,0.7639628450505703,62.62337509697963,19,gradual,0.6616163997171486,1
7,183,0.8789150511879066,0.7403586801071084,62.08989554811059,18,gradual,0.6771946076294795,1
7,184,0.6136527239056482,0.7532471169242527,59.31763902182105,17,gradual,0.6929176569671605,1
7,185,0.7581893407161684,0.8427249699504535,62.83805611076614,16,gradual,0.7087848872200104,1
7,186,0.749375886327694,0.8494663927788235,62.03628541536218,15,gradual,0.7247956497960097,1
7,187,0.6232493332772354,0.7567065837077073,61.77803400292859,14,gradual,0.7409493076498335,1
7,188,0.8510492853107484,0.8546794493813608,63.994807381975164,13,gradual,0.7572452349277087,1
7,189,0.8036277577846458,,64.1651681600541,12,gradual,0.7736828166276759,1
7,190,0.683520965592747,0.841359118916739,63.83396598923812,11,gradual,0.7902614482743993,1
7,191,0.799048226152645,0.8509332397149783,63.88999646257224,10,gradual,0.8069805356077213,1
7,192,0.7594017570594894,0.9038990660532138,65.37495117525236,9,gradual,0.8238394942842204,1
7,193,0.7035603095565205,0.9134308380447276,62.83115385042735,8,gradual,0.8408377495910723,1
7,194,0.5433752039137134,0.8956323726446284,61.25574259230635,7,gradual,0.8579747361715643,1
7,195,0.4266271516518092,0.8915680779793209,59.79917123648805,6,gradual,0.8752498977616525,1
7,196,0.5575820815175856,0.9052386966610995,62.19878525817027,5,gradual,0.8926626869369907,1
7,197,0.6831036726569841,0.9359106561385201,65.3204223938502,4,gradual,0.9102125648698993,1
7,198,0.5715420280264354,0.9810237805225475,63.55601120487193,3,gradual,0.9278990010957676,1
7,199,0.678021569483841,0.9963401027030858,65.67272455797065,2,gradual,0.9457214732884216,1
7,200,0.5549871917469279,1.0065355307586858,63.438367964668714,1,gradual,0.9636794670440167,1
7,201,0.5114488453775061,0.9558415277291581,64.86188867062788,0,gradual,0.9817724756730352,1
8,0,0.8214051872062559,0.22497310312862925,42.14354681378773,182,gradual,0.0,0
8,1,0.757221122649042,0.22861091536021058,43.92917812970526,181,gradual,0.0,0
8,2,0.7938476360465679,0.25983490723795166,44.89042408764223,180,gradual,0.0,0
8,3,0.838257886875092,0.23891710423724502,44.24035484412428,179,gradual,0.0,0
8,4,0.7273054360771989,0.1911822579781871,42.85874337464083,178,gradual,0.0,0
8,5,0.9584439588187883,0.2268569215802149,47.36354975652151,177,gradual,0.0,0
8,6,0.691050247289888,0.21245140868608325,43.09931986959546,176,gradual,0.0,0
8,7,0.7643641613084043,0.26013893432131213,44.61382636542548,175,gradual,0.0,0
8,8,0.6750738942724201,0.21853089412068047,41.71310362741875,174,gradual,0.0,0
8,9,0.9349685507446309,0.21270517409762335,45.453179470433064,173,gradual,0.0,0
8,10,0.9476127681790384,0.23700562197122096,44.53005906947857,172,gradual,0.0,0
8,11,0.8983141343044867,0.22849839124773344,43.94381334731052,171,gradual,0.0,0
8,12,0.8007017695701251,0.2639155768356283,44.63699642647119,170,gradual,0.0,0
8,13,0.9100323087976591,0.23394881952707666,44.09584340407056,169,gradual,0.0,0
8,14,0.7968865584990905,0.23910718065575956,43.079169516374584,168,gradual,0.0,0
8,15,0.8590283822780516,0.29998328771346644,44.00361621361784,167,gradual,0.0,0
8,16,1.0153214649048818,0.2057960918506493,46.73041027562243,166,gradual,0.0,0
8,17,0.763426568546259,0.2038477257226617,42.76853027933956,165,gradual,0.0,0
8,18,0.8184846889640138,0.17560513578563525,43.405836457476816,164,gradual,0.0,0
8,19,0.8786301079166343,0.2131811412430087,44.61395386932972,163,gradual,0.0,0
8,20,0.8794757313666837,0.23570808847375524,44.672307884825855,162,gradual,0.0,0
8,21,0.650020613276838,0.19454981690245848,42.00536189928173,161,gradual,0.0,0
8,22,0.809822546752887,0.23706415000283637,,160,gradual,0.0,0
8,23,0.7020552656113742,,41.785253504229665,159,gradual,0.0,0
8,24,1.0519530223166136,0.30066319755517695,48.23564781790552,158,gradual,0.0,0
8,25,0.8520702071480339,0.2612938477380653,44.437383912320655,157,gradual,0.0,0
8,26,0.8356143114069013,0.24246742674744998,43.76568164626983,156,gradual,0.0,0
8,27,0.8186179006748975,,44.19107868268817,155,gradual,0.0,0
8,28,0.7529229112815087,0.20041856938688632,44.664687422760096,154,gradual,0.0,0
8,29,0.6686703612082716,0.19815372661921318,42.12494668813633,153,gradual,0.0,0
8,30,0.781250226717937,0.19000748041038848,44.837286918064734,152,gradual,0.0,0
8,31,0.9124365839291655,0.2614998483919449,46.90131746884871,151,gradual,0.0,0
8,32,0.6945523384231032,0.18312747304161783,42.1211723189376,150,gradual,0.0,0
8,33,0.6188876234379752,0.22414531819780706,41.96608235664423,149,gradual,0.0,0
8,34,0.6737323428595738,0.21974945749995095,42.934930200922864,148,gradual,0.0,0
8,35,0.7723376990846832,0.21098372117685252,45.190258615071045,147,gradual,0.0,0
8,36,0.7908331819364057,0.22834505117511925,43.55288607229349,146,gradual,0.0,0
8,37,0.7466827366872376,0.2252852718711729,42.727208204973394,145,gradual,0.0,0
8,38,0.6640269718842403,0.20912571134070101,42.54021269866288,144,gradual,0.0,0
8,39,0.807748918053208,0.19259688951516168,45.43884212365983,143,gradual,0.0,0
8,40,0.6731993561398109,0.18207662235414482,43.33071952268876,142,gradual,0.0,0
8,41,0.7602572830726191,,42.839832823759934,141,gradual,0.0,0
8,42,0.7984308005764902,,44.650851253359676,140,gradual,0.0,0
8,43,0.7723132018099971,0.2742707818918328,43.70424858435161,139,gradual,0.0,0
8,44,0.7269510847420214,0.2670701622599534,42.15649073470761,138,gradual,0.0,0
8,45,0.7405456602386993,0.20347165278084178,44.91388096358484,137,gradual,0.0,0
8,46,0.5537461671187847,0.17307844711492085,41.39752660289115,136,gradual,0.0,0
8,47,0.7017858504887848,0.2384573870560903,43.25081237893452,135,gradual,0.0,0
8,48,0.6865280122357419,0.2417683735664295,43.85957244436899,134,gradual,0.0,0
8,49,0.5431236928097088,0.1987961837726445,40.53138933194176,133,gradual,0.0,0
8,50,0.44515003645125856,0.1559789918255975,39.71903387538079,132,gradual,0.0,0
8,51,0.6124569283500527,0.15570976021016628,42.74445232747018,131,gradual,0.0,0
8,52,0.581566058955342,0.1432329955185939,43.27215139589578,130,gradual,0.0,0
8,53,0.5127900572590858,0.17172746754859952,40.2905148736133,129,gradual,0.0,0
8,54,0.5660736185929526,0.21003539340210117,43.3755887856069,128,gradual,0.0,0
8,55,0.4624795776030013,0.2209043200171172,39.218024953795044,127,gradual,0.0,0
8,56,0.5681344635291551,0.2510999820893202,41.402124106653815,126,gradual,0.0,0
8,57,0.5214304058977939,0.2630182833521194,41.667862416482166,125,gradual,0.0,0
8,58,0.3349737856051915,0.14854179770318982,38.20699281051133,124,gradual,0.0,0
8,59,0.5292551767849956,0.19425901744402116,40.50863252690987,123,gradual,0.0,0
8,60,0.7116153475337523,0.24792234075988914,44.201763727584236,122,gradual,0.0,0
8,61,0.543366761960897,0.20786493026357358,41.789740192266,121,gradual,0.0,0
8,62,0.6023764574666549,0.17019486273588635,42.52151080834335,120,gradual,0.0,0
8,63,0.6059062382415977,0.25201210017597203,43.642136710425106,119,gradual,0.0,0
8,64,0.6534162426618929,0.19037114394327848,42.432359800997375,118,gradual,0.0,0
8,65,0.6718856716643624,0.19848123818213098,43.02928947862601,117,gradual,0.0,0
8,66,0.509363247359025,0.20261114923336193,41.93187946063646,116,gradual,0.0,0
8,67,0.5065141555476171,0.2547337901232704,41.2080357244339,115,gradual,0.0,0
8,68,0.6479894395107779,0.22540566939764903,41.48197195829276,114,gradual,0.0,0
8,69,0.7156362242527992,0.2287691529237631,43.85115291668349,113,gradual,0.0,0
8,70,0.4535252695289416,0.19758875744162532,39.84569973708749,112,gradual,0.0,0
8,71,0.359538490354502,0.15412291824460458,38.69349349800143,111,gradual,0.0,0
8,72,0.45046478767886966,0.248795977286416,40.91529766852304,110,gradual,0.0,0
8,73,0.6723676763071038,0.24404358424222686,43.80877698293886,109,gradual,0.0,0
8,74,0.5444035421011783,0.2148575531704198,41.890383753778856,108,gradual,0.0,0
8,75,0.45405761932293764,0.16943552749793475,41.246445796783135,107,gradual,0.0,0
8,76,0.6728506176072521,0.22649698632087298,41.69136811141516,106,gradual,0.0,0
8,77,0.5324773106430694,0.24300827734663694,43.44410243052691,105,gradual,0.0,0
8,78,0.7185630323588931,0.20066201223564123,43.745200631091116,104,gradual,0.0,0
8,79,0.5498883840947342,0.19046197971554507,41.96444282879935,103,gradual,0.0,0
8,80,0.7582297942254218,0.25134448490238137,45.76492448527296,102,gradual,0.0,0
8,81,0.5664340769096623,0.2479995435426784,42.95473322387278,101,gradual,0.0,0
8,82,0.5944528478376812,0.24763636951640508,41.22096497908571,100,gradual,0.0,0
8,83,0.5488959146621899,0.1986127104048706,40.52890655243478,99,gradual,0.0,0
8,84,0.7138151725885287,0.21352947760282665,44.83248977112487,98,gradual,0.0,0
8,85,0.6742278101060597,0.2102859371702516,43.05780678209654,97,gradual,0.0,0
8,86,0.5908107218307456,0.22209270252903793,42.51518098459751,96,gradual,0.0,0
8,87,0.6367361200495538,0.22679800060576333,42.68251308658431,95,gradual,0.0,0
8,88,0.7462998449642771,0.25865251786191884,43.856290286130495,94,gradual,0.0,0
8,89,0.6449592480598911,0.2053137786781736,42.704290945919205,93,gradual,0.0,0
8,90,0.9624644109339684,0.2958534727382463,46.45330535932108,92,gradual,0.0,0
8,91,0.881444132306413,0.23621950264511574,46.19842570159715,91,gradual,0.0,0
8,92,0.9819862388323237,0.24301848617087,48.59252121502758,90,gradual,0.0,0
8,93,0.7364353884251756,0.2624965160590611,44.29453396669216,89,gradual,0.0,0
8,94,0.9939159190933065,0.24473661109172715,45.62034754863553,88,gradual,0.0,0
8,95,0.794796982544934,0.2244256990366676,44.12056349498546,87,gradual,0.0,0
8,96,0.7936073803490856,0.27769184275536146,44.87729754027188,86,gradual,0.0,0
8,97,0.7678016992200383,0.2596596396408562,44.0777261564505,85,gradual,0.0,0
8,98,0.8737420275035338,0.28528085854256097,,84,gradual,0.0,0
8,99,0.9435261179018852,0.2907501788216939,44.75843834953574,83,gradual,0.0,0
8,100,0.8330897140390473,0.2550711812452099,46.36047421005763,82,gradual,0.0,0
8,101,0.7199915910071508,0.2232862091954548,42.991145331964084,81,gradual,0.0,0
8,102,0.6912413695518755,0.25002361475158424,44.53808905686123,80,gradual,0.0,0
8,103,0.8044443393987809,,43.257754556645146,79,gradual,0.0,0
8,104,0.8233258990472035,0.2694987627505662,,78,gradual,0.0,0
8,105,0.9135504034594438,0.23615949261750718,46.73705992854525,77,gradual,0.0,0
8,106,0.7962731506782446,0.19761836302177138,45.34891480328824,76,gradual,0.0,0
8,107,0.7368197310736009,0.20704406366314396,44.8551506383432,75,gradual,0.0,0
8,108,1.049546193106956,0.2535961211429649,47.454986190007816,74,gradual,0.0,0
8,109,0.8528810834516536,0.21506291728718782,47.75394558695224,73,gradual,0.0,0
8,110,1.0421567384462607,0.27418529987846446,48.04962784645799,72,gradual,0.0,0
8,111,0.8333585218005849,0.2219587506281326,47.891898834264715,71,gradual,0.0,0
8,112,0.6324061648529692,0.24943128415025825,43.49921760693622,70,gradual,0.0,0
8,113,0.9557124477843655,0.23319221768004614,46.066535630810996,69,gradual,0.0,0
8,114,0.5922279231369693,0.24156118702350526,42.142222340972616,68,gradual,0.0,0
8,115,0.9686462076979037,0.22292953808973492,47.86872571193445,67,gradual,0.0,0
8,116,0.8014874940428823,0.21101405960488956,45.91721327481943,66,gradual,0.0,0
8,117,0.6537699035165389,0.2252709831956905,42.20582543352044,65,gradual,0.0,0
8,118,0.7846419958895594,0.23583846664295954,44.78137144385995,64,gradual,0.0,0
8,119,0.8383020037590263,0.2763989287678601,43.5536365889753,63,gradual,0.0,0
8,120,0.8193058270585556,0.18980254581501965,44.391454392627395,62,gradual,0.0,0
8,121,0.8891212787190237,0.24389367405636164,46.60953229824039,61,gradual,0.0,0
8,122,0.6202326937292103,0.23408353034593202,44.17970143584156,60,gradual,0.0,0
8,123,0.6614060984580993,0.20345511832791735,42.7944385815423,59,gradual,0.0,0
8,124,0.8309903539098614,0.24472077515479942,47.286015953234745,58,gradual,0.0,0
8,125,0.5634162169465824,0.20687157305443593,43.05519948604704,57,gradual,0.0,0
8,126,0.4818442672789845,0.17186295001412583,40.28015999067908,56,gradual,0.0,0
8,127,0.681508821772678,0.24461449991560352,42.77929687637866,55,gradual,0.0,0
8,128,0.6489345020708004,0.1854438286031474,44.689004660712136,54,gradual,0.0,0
8,129,0.49576589655177417,0.22962750438871946,41.670600787386135,53,gradual,0.0,0
8,130,0.6460434744368369,0.23421832427748884,43.19254877723555,52,gradual,0.0,0
8,131,0.6735390173839814,0.2412626785004589,44.05892333795507,51,gradual,0.0,0
8,132,0.7521369610268631,0.23405632264616122,43.772314767316935,50,gradual,7.586457789686394e-07,0
8,133,0.6270911616424666,0.2957093717322197,44.45164271940642,49,gradual,0.0001397066556178994,0
8,134,0.42222253682436484,0.14964027527135196,40.21181410862257,48,gradual,0.0006157938275740419,0
8,135,0.8391299601864513,0.24227253418769928,45.74385631352714,47,gradual,0.0015114369988315935,0
8,136,0.6600049103949827,0.19696098466792442,42.67397444622874,46,gradual,0.0028833904269834933,0
8,137,0.6424074873624045,0.24037106104942318,42.99532322924316,45,gradual,0.004776732340660205,0
8,138,0.48117797519779754,0.22820311077422661,41.30115906668986,44,gradual,0.0072294989241822455,0
8,139,0.6021120961850053,0.20589563007320166,43.48080994454328,43,gradual,0.010274919560668137,0
8,140,0.42082786228613134,0.22566028976684793,41.024813153542325,42,gradual,0.013942693030890423,0
8,141,0.5721513120030685,0.2272304531466925,42.92329926002183,41,gradual,0.018259794369491166,0
8,142,0.656262922191202,0.21002209305791678,,40,gradual,0.023251021666627066,0
8,143,0.5401588000128432,0.25503144812086515,42.302488093221314,39,gradual,0.028939385895691023,0
8,144,0.556962916737965,0.22760959237618164,41.991816388341576,38,gradual,0.0353463998120824,0
8,145,0.7291282976279115,0.1934086707064561,44.84957642852649,37,gradual,0.042492298719126374,0
8,146,0.5305912460752414,0.25438323096904575,42.666707193534606,36,gradual,0.050396213420423615,0
8,147,0.5781548654527637,0.2618893193182168,43.140500402277226,35,gradual,0.05907630853743017,0
8,148,0.4763403603067943,0.2095217740516338,41.246714395920854,34,gradual,0.06854989506727102,0
8,149,0.6443411270447774,0.28075467396559967,42.894170091201545,33,gradual,0.07883352334849193,0
8,150,0.6791670157794812,0.27904691502704465,44.94787259257275,32,gradual,0.08994306083716483,0
8,151,0.5583929258992024,0.2771689368572626,44.48193711563996,31,gradual,0.10189375790890695,0
8,152,0.3673928713601692,0.2487482115680679,42.255717457399875,30,gradual,0.11470030408302398,0
8,153,0.8248468651275793,0.2983122746780051,48.173012104815434,29,gradual,0.12837687648613166,0
8,154,0.5348045530244369,0.28883971266646497,44.87501308301717,28,gradual,0.14293718195525734,0
8,155,0.5163755330745896,0.2227470445556071,43.706829997587235,27,gradual,0.15839449387402488,0
8,156,0.3840163735315544,0.3150805710276747,42.638010452812644,26,gradual,0.1747616846069258,0
8,157,0.3095240580736937,0.23434002184568367,40.80575678946592,25,gradual,0.19205125422362831,0
8,158,0.7492459410711778,0.37037787838377967,46.63143533560019,24,gradual,0.21027535607253925,0
8,159,0.4382832893507268,0.32438848894133543,42.748084735171396,23,gradual,0.22944581965979827,0
8,160,0.5843191899271946,0.37443292069283873,44.07802976818272,22,gradual,0.249574171209031,0
8,161,0.5035702523369512,0.37672227271650766,44.14749151347925,21,gradual,0.270671652213092,0
8,162,0.6624056675397465,0.400751330157964,46.81935063753977,20,gradual,0.29274923623776217,1
8,163,0.5795632283555104,0.36439188542942574,45.90026713116548,19,gradual,0.31581764419600145,1
8,164,0.5399676100249466,0.39845890939551265,47.1833403867497,18,gradual,0.3398873582777171,1
8,165,0.8123111991906562,0.4939919124661247,48.45553496084925,17,gradual,0.3649686346924596,1
8,166,0.6622318660654425,,46.268240118782124,16,gradual,0.3910715153597353,1
8,167,0.7963073626565184,0.5161183069185881,51.46983420741259,15,gradual,0.4182058386627603,1
8,168,0.7011372226983302,0.44315000767327006,48.6593548651161,14,gradual,0.4463812493657376,1
8,169,0.7419415548403082,0.5106379200910464,48.61243118421012,13,gradual,0.4756072077815178,1
8,170,0.7534901019963266,0.5484694331523889,48.98461049551689,12,gradual,0.5058929982653415,1
8,171,0.7344827017555096,0.5222175135854331,48.765161121323786,11,gradual,0.5372477371008983,1
8,172,0.7573256556461709,0.5563654467092881,47.767904590947964,10,gradual,0.569680379836875,1
8,173,0.8712975651470246,0.6123537112308446,51.18983177030194,9,gradual,0.6031997281252539,1
8,174,0.7737589005769026,0.5674598999616387,50.16990306211125,8,gradual,0.6378144361066944,1
8,175,0.8440172718940513,0.6213747337833169,51.39169252897514,7,gradual,0.6735330163832138,1
8,176,0.7343714314122732,0.6526106480243746,50.65091095155697,6,gradual,0.7103638456139384,1
8,177,0.8893313671224755,0.6295255804242867,,5,gradual,0.7483151697658503,1
8,178,0.8537737119128361,0.6114885242932676,54.00296175816288,4,gradual,0.7873951090480941,1
8,179,0.8104607988855766,0.7037109864543286,52.83430267566693,3,gradual,0.8276116625554568,1
8,180,0.7820171719593927,0.7130081270999874,52.27322612385082,2,gradual,0.8689727126440633,1
8,181,0.9316415813216712,0.7374722187069389,55.13106104245067,1,gradual,0.9114860290600518,1
8,182,0.8766010816832286,0.8982979612960726,55.189733319004254,0,gradual,0.9551592728399879,1
9,0,0.6846822721989471,0.41487516397504104,32.14513310424458,164,gradual,0.0,0
9,1,0.6704402051250681,0.43549221217899114,31.65726211770033,163,gradual,0.0,0
9,2,0.7499597032963855,0.4542447543623671,32.09219794881894,162,gradual,0.0,0
9,3,0.6372780464448502,0.40864596153374094,32.57886787082888,161,gradual,0.0,0
9,4,0.7840989833065916,0.4033703323188974,31.350273013610614,160,gradual,0.0,0
9,5,0.8178357363639288,0.39994098774769427,34.64685015915399,159,gradual,0.0,0
9,6,0.7428869702259917,0.36790346247274713,35.25397075992988,158,gradual,0.0,0
9,7,0.9976797579483682,0.4730123006088855,35.92023637370293,157,gradual,0.0,0
9,8,0.8625825499916322,0.4283922179873253,33.69488377237642,156,gradual,0.0,0
9,9,0.9707150308928482,0.43836753504663095,35.68879549517175,155,gradual,0.0,0
9,10,0.8805759118283951,0.4245452524259813,35.52148174179789,154,gradual,0.0,0
9,11,0.8401351643806608,0.4326804475708723,32.66021823228137,153,gradual,0.0,0
9,12,0.6769248583320142,0.45374286591082214,31.579604821905058,152,gradual,0.0,0
9,13,0.9686317279030848,0.48058893767463834,34.639257324770014,151,gradual,0.0,0
9,14,0.8543028356690924,0.45224108571072824,36.08348501169044,150,gradual,0.0,0
9,15,0.8939226061957448,0.4720460219896644,34.15175955389421,149,gradual,0.0,0
9,16,0.8606986337021789,0.40447321752550996,34.94916070580083,148,gradual,0.0,0
9,17,0.9740739628565015,0.4688675905989146,35.028737316847234,147,gradual,0.0,0
9,18,0.7025858061128664,0.4222843144308758,34.26395771577262,146,gradual,0.0,0
9,19,0.8512154134169989,0.32157957740230686,34.00496162019907,145,gradual,0.0,0
9,20,0.8962976295291047,0.4558341016993309,33.83150794414629,144,gradual,0.0,0
9,21,0.8375013541303385,0.43874813095525567,35.48621519434769,143,gradual,0.0,0
9,22,0.8517678079324815,0.37760859023360765,35.83580944043731,142,gradual,0.0,0
9,23,0.6814442454613084,0.3940161906212715,,141,gradual,0.0,0
9,24,0.7768539392753678,0.37763577874768467,33.36512320421405,140,gradual,0.0,0
9,25,0.6872512509292699,0.3994117565438924,30.52741993026844,139,gradual,0.0,0
9,26,0.8619295404859109,0.43970191942912273,33.389587014873314,138,gradual,0.0,0
9,27,0.7676483150023484,0.4327834915086621,30.676833058938822,137,gradual,0.0,0
9,28,0.7887695534907126,0.41884797120371076,34.12443179291129,136,gradual,0.0,0
9,29,0.7449492528653845,0.37668355815053595,31.426982006035207,135,gradual,0.0,0
9,30,0.6919405188214434,0.317892770087407,31.74864862958526,134,gradual,0.0,0
9,31,0.6674824275776403,0.35837285159005766,32.04269142558181,133,gradual,0.0,0
9,32,0.6175959012274362,0.3722854125142646,30.724388034742237,132,gradual,0.0,0
9,33,0.7513505302142035,0.4086934244295787,33.76567267452974,131,gradual,0.0,0
9,34,0.43799596181849004,0.33118452619055,29.96260334372229,130,gradual,0.0,0
9,35,0.538343706681248,0.37344116811148853,29.796581253218477,129,gradual,0.0,0
9,36,0.8919793247934784,0.4450751954252379,36.76255497364493,128,gradual,0.0,0
9,37,0.6047552924165499,0.38455121325628405,30.815146809069656,127,gradual,0.0,0
9,38,0.7087771056894181,0.35469314454391154,33.57039811096333,126,gradual,0.0,0
9,39,0.43408312224589246,0.31669099606322476,31.61117944340294,125,gradual,0.0,0
9,40,0.6377060242823887,0.365797713846788,31.966165469203823,124,gradual,0.0,0
9,41,0.6162174722416445,0.383935788873467,30.117504202869068,123,gradual,0.0,0
9,42,0.431601581390593,0.2914888325754717,29.04529944148845,122,gradual,0.0,0
9,43,0.6009395651494113,0.32470348547753713,31.089077418478677,121,gradual,0.0,0
9,44,0.536269580898242,0.304740385990593,,120,gradual,0.0,0
9,45,0.4269275634277189,0.39455318215955126,27.45779016523118,119,gradual,0.0,0
9,46,0.6438409227220522,0.3559250294049576,33.415219168908976,118,gradual,0.0,0
9,47,0.561777174206394,0.3469783575447194,32.29252455711743,117,gradual,0.0,0
9,48,0.40292662713974353,0.4167818465286648,29.4394706440114,116,gradual,0.0,0
9,49,0.7886584993488744,0.3949314781068645,31.65383138452334,115,gradual,0.0,0
9,50,0.6468429031657469,0.37057044767694175,31.9854153376913,114,gradual,0.0,0
9,51,0.5738005858519244,0.35494254946455306,29.86943214186119,113,gradual,0.0,0
9,52,0.5613144765524769,0.3407844714465119,30.264244999124948,112,gradual,0.0,0
9,53,0.5017436037427062,0.32284263122560974,29.898660244447896,111,gradual,0.0,0
9,54,0.5716501224021329,0.35874002860649773,31.374152430711,110,gradual,0.0,0
9,55,0.80168827062815,0.36052028839768885,36.55388014420908,109,gradual,0.0,0
9,56,0.7658184161888545,0.3622142573579986,32.804804963315064,108,gradual,0.0,0
9,57,0.5372359630987578,0.38116334738644814,30.17291630584175,107,gradual,0.0,0
9,58,0.6588527721337903,0.3018200629941801,30.4427106525789,106,gradual,0.0,0
9,59,0.6690430901040251,0.3543406470372288,33.55186040700871,105,gradual,0.0,0
9,60,0.7247854165258338,0.379213084569949,33.103459458813376,104,gradual,0.0,0
9,61,0.8875792252228799,0.44833259314640067,35.43967565221763,103,gradual,0.0,0
9,62,0.7479799581707046,0.3996025923933957,31.837877861273796,102,gradual,0.0,0
9,63,0.7163027608011585,0.41892469512175445,32.54426051865942,101,gradual,0.0,0
9,64,0.7684204940061682,0.3607993482545248,35.74043349204774,100,gradual,0.0,0
9,65,0.9924180907444021,0.4157042871026098,,99,gradual,0.0,0
9,66,0.7831170699166554,0.4460941048720889,,98,gradual,0.0,0
9,67,0.8545288419042717,0.39792994943744087,34.48705000325337,97,gradual,0.0,0
9,68,1.0023059085016126,0.44033762413561944,36.05796169874969,96,gradual,0.0,0
9,69,0.7864814045167097,0.3721386325023974,31.011952416971834,95,gradual,0.0,0
9,70,0.8532111901826004,0.38446160311258754,33.18171013519181,94,gradual,0.0,0
9,71,0.9119085652207181,0.4192817185719289,35.6841480454558,93,gradual,0.0,0
9,72,0.7819898379750887,0.39413787980893544,35.68743606048817,92,gradual,0.0,0
9,73,0.8638638858973091,0.4000448233545123,37.036044635657994,91,gradual,0.0,0
9,74,0.6960633590441452,0.371927259258398,35.56405632713717,90,gradual,0.0,0
9,75,0.9787599357757064,0.43030082565167554,36.8426326599367,89,gradual,0.0,0
9,76,0.7415817516390242,0.39430548657165454,35.69985780471538,88,gradual,0.0,0
9,77,0.7152368182928971,0.37537687977141543,33.955175995289686,87,gradual,0.0,0
9,78,0.7470728512348475,0.41506480648495414,34.94174736661715,86,gradual,0.0,0
9,79,0.9164348861297597,0.41098207843860923,37.63399168007086,85,gradual,0.0,0
9,80,0.7942505256073096,0.4195354743959737,34.97997039710782,84,gradual,0.0,0
9,81,0.7226795752706467,0.3391446304177157,34.73343382376946,83,gradual,0.0,0
9,82,0.8169310310835468,0.3716357039518259,35.796239958885806,82,gradual,0.0,0
9,83,0.7257601130243825,0.4246935877216759,34.85567264439094,81,gradual,0.0,0
9,84,0.8916897045041866,0.38674472029410795,36.06094800416644,80,gradual,0.0,0
9,85,0.77210277168398,0.39831866275477673,33.46020892483228,79,gradual,0.0,0
9,86,0.8644102545051096,0.432206180611988,34.03804878474016,78,gradual,0.0,0
9,87,0.717487608378717,0.31012927404354895,32.404763578265154,77,gradual,0.0,0
9,88,0.7770157824483159,0.33686087920140784,33.51768907113322,76,gradual,0.0,0
9,89,0.6558459288898945,0.33981112150677417,32.209763814170756,75,gradual,0.0,0
9,90,0.6034763394919085,0.36347030715165546,30.998614035974686,74,gradual,0.0,0
9,91,0.710788003222882,0.36273136811327367,33.44662185727821,73,gradual,0.0,0
9,92,0.5706102772434357,0.3328508693509276,32.722007274121346,72,gradual,0.0,0
9,93,0.7125628322281541,,35.13485236186451,71,gradual,0.0,0
9,94,0.5717577822068827,0.39579548390642705,32.20609844618483,70,gradual,0.0,0
9,95,0.4851297589896834,0.3855003190144573,30.727172771122923,69,gradual,0.0,0
9,96,0.7263525993701739,0.4060518697743503,34.89507423596285,68,gradual,0.0,0
9,97,0.5869815891738288,0.3568123909417927,32.096848007880524,67,gradual,0.00014399066963816955,0
9,98,0.6034838177619788,0.3485362430525541,31.19926344390997,66,gradual,0.0010454263150209164,0
9,99,0.537446984073759,0.3510490241625932,31.750338831832657,65,gradual,0.002620423644138906,0
9,100,0.5351892598119811,0.39289726342966724,33.71492136341851,64,gradual,0.0047975806620364205,0
9,101,0.43086177618898136,0.2848626886655518,30.151387541378,63,gradual,0.007535674456194044,0
9,102,0.6465681824566197,0.3900934109950684,32.59542782531434,62,gradual,0.01080609531682562,0
9,103,0.6675607451795873,0.43164315738296033,33.19702817280801,61,gradual,0.01458715989252628,0
9,104,0.6316942702184929,0.3938673254758971,32.31441760901979,60,gradual,0.018861539364637133,0
9,105,0.6355511522971391,0.3952289615860863,33.03588210769795,59,gradual,0.023614881349714466,0
9,106,0.5259975971536343,0.39589099506862613,31.923735949769494,58,gradual,0.028834988189206184,0
9,107,0.449792093126718,0.3440669706678111,32.0348662517962,57,gradual,0.03451128912004367,0
9,108,0.5875763041476992,0.3878203055747927,34.26113929933771,56,gradual,0.04063448198148826,0
9,109,0.4447774618660155,0.38425506906972023,33.27484534357818,55,gradual,0.04719627939708659,0
9,110,0.7556964882039859,0.5060834105080498,36.20469597972719,54,gradual,0.054189222737035456,0
9,111,0.7586499761688578,0.4819668070079674,35.1636332574572,53,gradual,0.061606541909828776,0
9,112,0.6808020900454176,0.4710005638910424,34.67716197879004,52,gradual,0.0694420472120397,0
9,113,0.6207092961416778,0.48690715196363726,36.18663944717755,51,gradual,0.07769004425050975,0
9,114,0.7759962383919594,0.5159330767068727,36.114884215862446,50,gradual,0.08634526587662969,0
9,115,0.7422195185718221,0.55239364234912,36.54166676344528,49,gradual,0.09540281692841322,0
9,116,0.6076996716410933,0.5657324977414,36.043109989896585,48,gradual,0.10485812879165614,0
9,117,0.9938801572875544,0.6225852663769303,42.60246280103335,47,gradual,0.11470692160987495,0
9,118,0.4496508982809844,0.5651452403358797,32.53034154050872,46,gradual,0.12494517253716605,0
9,119,0.7850540943657529,0.6265531842231492,37.46684670193085,45,gradual,0.13556908882581412,0
9,120,0.8023703192779951,0.6104303783453411,38.62703932998239,44,gradual,0.14657508482603582,0
9,121,0.8672750253665428,0.6698429171642817,38.43574006877965,43,gradual,0.15795976218380606,0
9,122,0.9383550543154483,0.685165533573658,41.12315759354351,42,gradual,0.16971989267738663,0
9,123,0.9859255935694129,0.7377292434818816,41.997931714371234,41,gradual,0.18185240324949367,0
9,124,0.869194219634259,0.7682907335970367,41.21273530350159,40,gradual,0.194354362880619,0
9,125,0.685863029453565,0.793567207429362,37.57893201561545,39,gradual,0.20722297101726495,0
9,126,1.0132685658020293,0.8508484065890184,42.79595689103573,38,gradual,0.2204555473219861,0
9,127,0.8414400774162593,0.792660778376837,41.71196548546558,37,gradual,0.23404952255391143,0
9,128,0.9352772360478194,0.8772431953139183,43.4513535886839,36,gradual,0.24800243042156742,0
9,129,0.8650767478052689,0.9006931289216739,41.25283637921695,35,gradual,0.2623119002763416,0
9,130,0.8708395669227689,0.9349336265544306,41.69118745494286,34,gradual,0.2769756505363121,0
9,131,0.674353474075104,0.8950925352572953,42.29333975744409,33,gradual,0.2919914827475342,0
9,132,0.819309177280664,0.9949893459118879,43.70565675105362,32,gradual,0.3073572762040801,0
9,133,0.7769972989290492,1.0243373670684766,43.24541321702571,31,gradual,0.3230709830598117,0
9,134,1.007058858526017,1.0650605203896224,46.4475362018694,30,gradual,0.33913062387454634,0
9,135,0.9350077554601759,1.1024931086809422,46.0248074265618,29,gradual,0.35553428354532673,0
9,136,0.9239625611567865,1.1381069329725848,45.62880817095104,28,gradual,0.37228010758024843,0
9,137,0.8072878596877301,1.1484393085652043,45.42070413249533,27,gradual,0.38936629867797035,0
9,138,0.8164499410129895,1.1299319946210074,46.36210962598077,26,gradual,0.406791113580824,0
9,139,0.7782846753193061,1.1618880873059034,46.779161924174005,25,gradual,0.42455286017350174,0
9,140,0.8061188674999917,1.177750368721823,45.136593272146634,24,gradual,0.4426498948027788,0
9,141,0.8273373530925784,1.2489767641141745,46.59672635774193,23,gradual,0.46108061979668347,0
9,142,0.7490494415028354,1.2554902991167625,46.80985715640267,22,gradual,0.479843481164084,0
9,143,0.6456815909205679,1.292973832158175,45.340194131010705,21,gradual,0.49893696645785895,0
9,144,0.6194312976317871,1.3065365924047476,45.48919258703268,20,gradual,0.518359602786717,1
9,145,0.746233130607701,1.3833180913379914,49.955253265654946,19,gradual,0.5381099549623884,1
9,146,0.6542733123428697,1.3825874039021162,48.8373799408954,18,gradual,0.5581866237703447,1
9,147,0.724381346315932,1.4532079211095998,49.203481825216265,17,gradual,0.5785882443534583,1
9,148,0.5869910230215021,1.501413039348187,48.97324447084426,16,gradual,0.5993134846991223,1
9,149,0.554956210269421,1.515722705808708,47.883283655822815,15,gradual,0.6203610442213057,1
9,150,0.8015107618038095,1.618656087441114,51.1426170198107,14,gradual,0.6417296524298811,1
9,151,0.6775550403581851,1.6113020285005044,50.74052275172684,13,gradual,0.6634180676803099,1
9,152,0.6653536661598932,1.656519827634991,50.97016888310905,12,gradual,0.685425075997432,1
9,153,0.6483100399698278,1.6662617794560017,50.5454701785665,11,gradual,0.7077494899677063,1
9,154,0.6556562048033817,1.7124778944114085,52.85234704591596,10,gradual,0.7303901476947671,1
9,155,0.5801176755236541,1.8118308878105909,52.406200128962,9,gradual,0.7533459118136283,1
9,156,0.6402892653328085,1.84140600143418,53.73131897963356,8,gradual,0.7766156685592933,1
9,157,0.6200523702598628,1.907438680202965,54.338416356538865,7,gradual,0.8001983268858955,1
9,158,0.6160755746092834,1.898597656322617,55.524705439196715,6,gradual,0.8240928176328315,1
9,159,0.4839858695706977,1.9293450109181913,52.134683153617544,5,gradual,0.848298092734653,1
9,160,0.4891440058791501,1.943800401436901,52.282431590771566,4,gradual,0.8728131244717532,1
9,161,0.6411185109245408,2.0520711372853304,55.25065541020878,3,gradual,0.8976369047591257,1
9,162,0.5906437663441869,2.059540996722983,54.46635402777258,2,gradual,0.9227684444707014,1
9,163,0.4802212774981035,2.0990683126463323,55.09705523791632,1,gradual,0.9482067727969583,1
9,164,0.5154849412684207,2.144163687727522,57.655281980965,0,gradual,0.9739509366336935,1
10,0,0.7647481161081359,0.07913060211755721,46.77876474465307,308,gradual,0.0,0
10,1,0.6635470797775174,0.14172952141414938,46.440388438344165,307,gradual,0.0,0
10,2,0.7639307880119593,0.14253801143410452,46.259151966344426,306,gradual,0.0,0
10,3,0.6635834682280572,0.06666435322486731,45.30894560101439,305,gradual,0.0,0
10,4,0.8295564725309907,0.08528570829122353,46.03804396949606,304,gradual,0.0,0
10,5,0.7248971988889241,0.16433891833577877,46.46925335555671,303,gradual,0.0,0
10,6,0.7335481383952913,0.12514452308044263,47.44743462048716,302,gradual,0.0,0
10,7,0.7570847918140405,0.13224629946733807,45.025686456490675,301,gradual,0.0,0
10,8,0.8749913802555958,0.14409306440869052,45.577717526019235,300,gradual,0.0,0
10,9,0.6625318905921574,0.1206819699531341,46.27868579928815,299,gradual,0.0,0
10,10,1.0413104584517452,0.08000421122224896,48.56844864244815,298,gradual,0.0,0
10,11,0.88916373971346,0.14175214678923825,46.939439156021685,297,gradual,0.0,0
10,12,0.8271320731500528,0.1171454480954677,47.970573131490866,296,gradual,0.0,0
10,13,0.8744731762780478,0.1355825587962341,45.80012447967832,295,gradual,0.0,0
10,14,1.0407342567416569,0.18035419054075233,50.31038753409086,294,gradual,0.0,0
10,15,0.9157182745852697,0.11178548464192668,47.177486194383576,293,gradual,0.0,0
10,16,0.7918257469477515,0.0913285809791918,48.667604035467484,292,gradual,0.0,0
10,17,0.9790271118714057,0.19422207093307556,48.777986934089796,291,gradual,0.0,0
10,18,0.7408246372662676,0.0840112313937899,46.27197905801905,290,gradual,0.0,0
10,19,0.7759372783599325,0.03339395139181307,47.29240627623359,289,gradual,0.0,0
10,20,0.7228916547272743,0.11518597973161611,45.46912617532687,288,gradual,0.0,0
10,21,0.7845385515843533,0.13718974249639426,45.26534006607325,287,gradual,0.0,0
10,22,0.5047498037545473,0.11625195426095478,44.41385391585819,286,gradual,0.0,0
10,23,0.7629311696390861,0.14229534835621976,45.59752474087832,285,gradual,0.0,0
10,24,0.6658623687156559,0.15373235362375703,44.31350303672042,284,gradual,0.0,0
10,25,0.7304727242628316,0.18070444987076312,44.782570513704066,283,gradual,0.0,0
10,26,0.5210685916827084,0.13753216681737537,43.157994408707104,282,gradual,0.0,0
10,27,0.6440851282218227,0.13773675822951661,44.776192336741744,281,gradual,0.0,0
10,28,0.7415712026521442,0.09720708314185854,46.43250075040848,280,gradual,0.0,0
10,29,0.5571512336928368,0.08649923347406435,43.19602526046384,279,gradual,0.0,0
10,30,0.4372788863467927,0.05837810061542037,,278,gradual,0.0,0
10,31,0.5352279154242772,0.07808742117545102,43.86508809134759,277,gradual,0.0,0
10,32,0.6117572440130763,0.0954415319507013,45.158328731769394,276,gradual,0.0,0
10,33,0.6509378066632809,0.08038699526695427,45.85864701610526,275,gradual,0.0,0
10,34,0.4620844707801183,0.13219495722012972,41.200410741887325,274,gradual,0.0,0
10,35,0.6428333783881249,0.10938187072957115,44.455646675845706,273,gradual,0.0,0
10,36,0.4153370547094859,0.1332659325770441,42.5423235966989,272,gradual,0.0,0
10,37,0.6217079477861079,0.17947176919730962,45.10836139088,271,gradual,0.0,0
10,38,0.6145773970588371,0.12933808480430456,42.62141192532622,270,gradual,0.0,0
10,39,0.562782397531097,0.12129876676536303,45.24622703897199,269,gradual,0.0,0
10,40,0.7306752661482797,0.10999895357850373,45.432328885769245,268,gradual,0.0,0
10,41,0.6332709464696257,0.09281162603890235,46.72633331370399,267,gradual,0.0,0
10,42,0.5312900468402464,0.05879764008983632,44.542336673636285,266,gradual,0.0,0
10,43,0.5661302581830007,0.09591323792044519,42.77491450244613,265,gradual,0.0,0
10,44,0.734173177562853,0.1268428185998437,44.94758442769672,264,gradual,0.0,0
10,45,0.3810371889589685,0.09856545683171265,40.622443708889506,263,gradual,0.0,0
10,46,0.6749415083926661,0.16739920137500008,45.814272059519624,262,gradual,0.0,0
10,47,0.548049719660146,,43.39824578800012,261,gradual,0.0,0
10,48,0.6305651132903964,0.13861356008322614,42.70847163776806,260,gradual,0.0,0
10,49,0.6538395406704253,0.08689087546149497,46.216001378403725,259,gradual,0.0,0
10,50,0.6279188653411281,0.12117213272517721,43.816115592537464,258,gradual,0.0,0
10,51,0.8708864518806474,0.1133019928616663,48.99799266452373,257,gradual,0.0,0
10,52,0.7075501331221337,0.07605539128370027,46.52551602312664,256,gradual,0.0,0
10,53,0.7398431973613331,0.04576954829468528,48.36304609356835,255,gradual,0.0,0
10,54,0.7060946684635261,0.07889255620228133,44.210337787274256,254,gradual,0.0,0
10,55,0.811110915377085,0.1674429551424009,48.09157481378341,253,gradual,0.0,0
10,56,0.7719664379797011,0.14400015781097744,45.877463314092566,252,gradual,0.0,0
10,57,0.7958987300853111,0.08646325079562901,47.73711787403214,251,gradual,0.0,0
10,58,0.7810106928667703,0.12789406811070372,46.624023822253655,250,gradual,0.0,0
10,59,0.8950008485038126,0.11748503741993288,48.41349584021282,249,gradual,0.0,0
10,60,0.9035349931527836,0.1330845526006435,47.91866667321365,248,gradual,0.0,0
10,61,0.699078086635543,0.11843160428052775,46.85386303311305,247,gradual,0.0,0
10,62,0.7523479203019083,0.11423824104249165,45.34826731821305,246,gradual,0.0,0
10,63,0.9246990412328931,0.09936068897397235,48.66381358301227,245,gradual,0.0,0
10,64,0.8545122062590363,0.11348065402478522,46.63382674184426,244,gradual,0.0,0
10,65,0.8757248553843889,0.09959310976787458,47.97115533408439,243,gradual,0.0,0
10,66,0.802008748584973,0.14624835754601703,46.957001997379265,242,gradual,0.0,0
10,67,0.886365589996377,0.12062521125922192,47.104273622815555,241,gradual,0.0,0
10,68,0.8073230815384564,0.09440514185208562,47.001884983228564,240,gradual,0.0,0
10,69,0.7881647547156206,0.11251274253173718,45.646704013624856,239,gradual,0.0,0
10,70,0.5880084804698603,0.13101456924705873,43.44945083263002,238,gradual,0.0,0
10,71,0.5837980608848463,0.06056015844081765,43.939525931171914,237,gradual,0.0,0
10,72,0.7638550209793282,0.12166000756448338,45.68880289069033,236,gradual,0.0,0
10,73,0.9703334423243357,0.13682067264493752,49.920492201693975,235,gradual,0.0,0
10,74,0.8041764082415725,0.14744224550350313,47.52194300423684,234,gradual,0.0,0
10,75,0.7428848257360181,0.0966782254182449,46.51051117010044,233,gradual,0.0,0
10,76,0.7790893767769981,0.18223131399434242,46.74854138216508,232,gradual,0.0,0
10,77,0.8099243187941094,0.136123830077581,46.35215391971089,231,gradual,0.0,0
10,78,0.694696915288325,0.13294853044281188,44.906681381498665,230,gradual,0.0,0
10,79,0.6249084683304701,0.13248140830729593,45.9930651909561,229,gradual,0.0,0
10,80,0.5926709610774447,0.16073510710588496,45.218039841493535,228,gradual,0.0,0
10,81,0.6290064508463593,0.06273474966533986,45.87827551660936,227,gradual,0.0,0
10,82,0.5730305435144936,0.16385972934294965,43.70354162001682,226,gradual,0.0,0
10,83,0.5334161249290296,0.09403488303424692,43.732634583748585,225,gradual,0.0,0
10,84,0.6489734857412727,0.07994545622194874,47.53556054306152,224,gradual,0.0,0
10,85,0.41165953568447855,0.11112353597782683,42.10268368847101,223,gradual,0.0,0
10,86,0.4323402964768149,0.08246560243342577,42.856490946422696,222,gradual,0.0,0
10,87,0.6148164855504393,0.1680102937973374,45.40731426771879,221,gradual,0.0,0
10,88,0.5729552849092285,0.10785741335473538,46.31527444746855,220,gradual,0.0,0
10,89,0.5717740646435081,0.1522332722425531,44.33008070520075,219,gradual,0.0,0
10,90,0.6015582356010961,0.14433357506640732,44.89324748610042,218,gradual,0.0,0
10,91,0.6045599474746681,0.12099743628534707,45.45712978652648,217,gradual,0.0,0
10,92,0.6855024871973385,0.10350192160181385,47.138557284255135,216,gradual,0.0,0
10,93,0.44107168068976166,0.1088803202926278,43.910412184571214,215,gradual,0.0,0
10,94,0.5867001307034135,0.11346061002216284,46.310293961514226,214,gradual,0.0,0
10,95,0.42842122613878475,0.1252421449895214,44.293303893000044,213,gradual,0.0,0
10,96,0.7064433512535797,0.13223351039748377,46.379468490551,212,gradual,0.0,0
10,97,0.6955391058843238,0.09787835422482699,46.97838938504001,211,gradual,0.0,0
10,98,0.6982503591604351,0.1761986462758487,45.31409074116685,210,gradual,0.0,0
10,99,0.5316696647746526,0.1194104689244305,43.90007239587474,209,gradual,0.0,0
10,100,0.748916523995556,0.13043759885478678,45.42261379777531,208,gradual,0.0,0
10,101,0.40466419612957605,0.09989683750092766,43.062034426902116,207,gradual,0.0,0
10,102,0.7477757041505666,0.11144824133974587,46.19403623386939,206,gradual,0.0,0
10,103,0.6829193226292288,0.11088893699901321,46.75953384375042,205,gradual,0.0,0
10,104,0.5972319585607271,0.1576036506856956,45.18031660153723,204,gradual,0.0,0
10,105,0.6391827308263102,0.11078719197873686,46.93786685562137,203,gradual,0.0,0
10,106,0.9004124971623468,0.18837689483973097,49.08911287072093,202,gradual,0.0,0
10,107,0.6952710091904245,0.15586355666219534,45.37343323427798,201,gradual,0.0,0
10,108,0.7831154768844516,0.16336452139086047,47.83221006699381,200,gradual,0.0,0
10,109,0.7800653163945273,0.09656443940114119,46.98456420470706,199,gradual,0.0,0
10,110,0.9784287321193051,0.22508985926911296,49.51061411850801,198,gradual,0.0,0
10,111,0.8454052337367978,0.13346424446576588,48.846902163176686,197,gradual,0.0,0
10,112,0.6938053555944552,0.1611588722194929,45.886622837717624,196,gradual,0.0,0
10,113,0.7638422905106684,0.1346263159332356,48.08736426049691,195,gradual,0.0,0
10,114,0.7654765441201925,0.16683166588210355,45.14604060163204,194,gradual,0.0,0
10,115,0.8824899455528635,0.197113932176641,47.24798222545802,193,gradual,0.0,0
10,116,0.8067756416155923,0.1388927052504438,46.08571220856753,192,gradual,0.0,0
10,117,1.0346654907535904,0.12916599781823945,49.32577723129355,191,gradual,0.0,0
10,118,0.7864873262855839,0.10263991156110948,48.28857359053939,190,gradual,0.0,0
10,119,0.7877859636582549,0.1121706395073454,49.04027717598281,189,gradual,0.0,0
10,120,0.8313390228492188,0.16885054319352444,48.27928201393367,188,gradual,0.0,0
10,121,0.7997085976161565,0.13565425248099416,47.25604110815676,187,gradual,0.0,0
10,122,0.8189486147462501,0.09884682314222022,48.57668472369608,186,gradual,0.0,0
10,123,0.7579019703090751,0.1088985645096239,46.265597411591195,185,gradual,0.0,0
10,124,0.5810962021225612,0.11885166094139676,42.58452666278022,184,gradual,0.0,0
10,125,0.5939866303581156,0.14313343280490068,43.676246151541605,183,gradual,0.0,0
10,126,0.8019046123212639,0.12630322551996145,46.247595809334115,182,gradual,0.0,0
10,127,0.6877233726530286,0.14215781788415546,46.67001591964532,181,gradual,0.0,0
10,128,0.4501340333069211,0.07370069918214381,43.3523299898449,180,gradual,0.0,0
10,129,0.859614140999981,0.15200444913721806,47.85095000994301,179,gradual,0.0,0
10,130,0.6062028419894792,0.11962974210975086,45.000483659683724,178,gradual,0.0,0
10,131,0.8099797127361912,0.18113607450741095,48.75267758135013,177,gradual,0.0,0
10,132,0.6830713910922783,0.11584350938974503,46.99022705805429,176,gradual,0.0,0
10,133,0.7163667185917905,0.16122651625488066,48.01625885336715,175,gradual,0.0,0
10,134,0.5573369411464639,0.1202920788202437,43.702425406614225,174,gradual,0.0,0
10,135,0.5409797131921095,0.1657924800957553,44.101152034288766,173,gradual,0.0,0
10,136,0.5171697671872164,0.12485590765316071,42.51471353965191,172,gradual,0.0,0
10,137,0.6204016200185489,0.12457319154075892,44.7478574122967,171,gradual,0.0,0
10,138,0.5460166079038946,0.12613340721855418,46.21109877923829,170,gradual,0.0,0
10,139,0.5645473304236226,0.13574844889997925,44.19798159808924,169,gradual,0.0,0
10,140,0.6635832716859793,0.1384828479665618,46.390182829652666,168,gradual,0.0,0
10,141,0.49494692882408287,0.09181129941407867,41.994208636134076,167,gradual,0.0,0
10,142,0.5261390240330898,0.1121320948206539,43.18470046730728,166,gradual,0.0,0
10,143,0.5095851245022639,0.1872321314036387,46.76156203424801,165,gradual,0.0,0
10,144,0.5576078714934174,0.11061242105771707,42.39716700103999,164,gradual,0.0,0
10,145,0.3843443368191915,0.1271464751571834,40.40696824672251,163,gradual,0.0,0
10,146,0.5795588936997168,0.1446056031442355,44.96170576340306,162,gradual,0.0,0
10,147,0.5009857297271099,0.13271704504295004,43.57241273139292,161,gradual,0.0,0
10,148,0.6125416266273201,0.126669590426962,47.62111522492568,160,gradual,0.0,0
10,149,0.6380117616247477,0.14597924534133344,,159,gradual,0.0,0
10,150,0.5876610380603379,0.10862567768572447,45.18974799861734,158,gradual,0.0,0
10,151,0.6544253202612784,0.18886986435282382,43.68538441877849,157,gradual,0.0,0
10,152,0.5609981205665504,0.12212523021517549,44.81296908659809,156,gradual,0.0,0
10,153,0.4945565723977292,0.13942073653960374,45.41982706381097,155,gradual,0.0,0
10,154,0.8143396477153468,0.13555326432018985,46.49604519610387,154,gradual,0.0,0
10,155,0.7960823689291534,0.11499187111533915,47.55119129937994,153,gradual,0.0,0
10,156,0.8204071517265998,0.15880244066883664,46.62742142942125,152,gradual,0.0,0
10,157,0.8402258414710295,0.1985620171442027,50.07629759939655,151,gradual,0.0,0
10,158,0.6628724981095702,0.1487611567699547,45.959932757213735,150,gradual,0.0,0
10,159,0.9062765968488615,0.14855151218338258,48.187646672497166,149,gradual,0.0,0
10,160,0.7247852001824304,0.18456860181812224,47.475798701603054,148,gradual,0.0,0
10,161,0.8014905657943941,0.1687334532677199,48.40660146578891,147,gradual,0.0,0
10,162,0.7485093478706125,0.13793812601105448,46.81846522745724,146,gradual,0.0,0
10,163,0.8558541374733486,0.10756143807184784,48.49724210556243,145,gradual,0.0,0
10,164,0.8115806906960983,0.1315453273938959,47.62249417566704,144,gradual,0.0,0
10,165,0.9990693430994513,0.1453619195764285,49.512270663521015,143,gradual,0.0,0
10,166,0.8218568271889902,0.17540417949762932,47.88331171861964,142,gradual,0.0,0
10,167,0.8481333014786429,0.13671444894873047,,141,gradual,0.0,0
10,168,0.972207780203462,0.12223844118858551,48.383184561260464,140,gradual,0.0,0
10,169,0.7255198244571561,0.15017378591195255,44.72791106377989,139,gradual,0.0,0
10,170,0.8455897668595834,0.12818070064096443,48.97037171970146,138,gradual,0.0,0
10,171,0.6184793176882422,0.10190144716326507,44.36688239105435,137,gradual,0.0,0
10,172,0.8261047199095896,0.13910517732005687,48.472122550456014,136,gradual,0.0,0
10,173,0.8238112139937248,0.17257993997130372,47.794404053845206,135,gradual,0.0,0
10,174,0.8273384470123272,0.14588559128793865,47.084831912950776,134,gradual,0.0,0
10,175,0.6545468798138143,0.14436461892556646,47.60767784913579,133,gradual,0.0,0
10,176,0.798718512125997,0.16303396483012553,46.58640556666544,132,gradual,0.0,0
10,177,0.7923292993570215,0.1897019049127462,47.93177408547771,131,gradual,0.0,0
10,178,0.6202139882343181,0.160630413283206,46.031734373785,130,gradual,0.0,0
10,179,0.6960623057374448,,47.18177289314239,129,gradual,0.0,0
10,180,0.7546239742765041,0.1260161793627838,44.65476443830323,128,gradual,0.0,0
10,181,0.7407513529640424,0.16254792175544933,48.00639604793275,127,gradual,0.0,0
10,182,0.6953969714121522,0.09415248812872098,45.99752500591802,126,gradual,0.0,0
10,183,0.8106822209737186,0.07266593228426609,48.93505212610566,125,gradual,0.0,0
10,184,0.6392824109937342,0.162335868063037,45.12481134431117,124,gradual,0.0,0
10,185,0.6225804664099793,0.14394566454948687,44.84990745610574,123,gradual,0.0,0
10,186,0.6284840029303992,0.14678652778998716,47.49542675586579,122,gradual,0.0,0
10,187,0.456110180961198,0.11610059449891294,43.69653216289433,121,gradual,0.0,0
10,188,0.4815388902603482,0.17674223964686406,44.18756321693257,120,gradual,0.0,0
10,189,0.45065247270572306,0.0635809367894706,43.28771224925964,119,gradual,0.0,0
10,190,0.45641194186565626,0.1328920190489607,42.16979342144173,118,gradual,0.0,0
10,191,0.6138719582646465,0.1430570951047948,43.95622817597635,117,gradual,0.0,0
10,192,0.5757761098286109,0.14085285271354145,45.71872796718818,116,gradual,0.0,0
10,193,0.5941346274212271,0.10434033035796468,44.842044927967805,115,gradual,0.0,0
10,194,0.7225087698808249,0.12300899753269737,47.2364554361361,114,gradual,0.0,0
10,195,0.5845266690901051,0.14231412180672678,45.53216402160467,113,gradual,0.0,0
10,196,0.3902507205379365,0.14867914235877056,43.50350984721482,112,gradual,0.0,0
10,197,0.5123621930384432,0.15060567759721213,45.326087988529316,111,gradual,0.0,0
10,198,0.5624560513848683,0.10530656772586938,45.74756633042543,110,gradual,0.0,0
10,199,0.484973242531947,0.07771495013566496,45.30542155133184,109,gradual,0.0,0
10,200,0.6768548366078792,0.12343107903541367,47.693996013510755,108,gradual,0.0,0
10,201,0.5437174184603054,0.136014368081251,46.04389894815672,107,gradual,0.0,0
10,202,0.7132970058701031,0.17591896289353906,46.64763115960541,106,gradual,0.0,0
10,203,0.7165178823419912,0.1614680511218413,46.052323572156986,105,gradual,0.0,0
10,204,0.5576633305555263,0.09368277250052756,45.43742396272415,104,gradual,0.0,0
10,205,0.7038243986314042,0.19839089816152647,47.95734455498137,103,gradual,0.0,0
10,206,0.6845198244656402,0.1183900226321295,46.322693528136405,102,gradual,0.0,0
10,207,0.8691397497566581,0.13370615863772523,50.98437284974772,101,gradual,0.0,0
10,208,0.6927974836533677,0.1551178791266125,47.0422984009787,100,gradual,0.0,0
10,209,0.6918421581365821,0.17749668905758115,,99,gradual,0.0,0
10,210,0.90121600433047,0.18311411770766503,49.2346715634095,98,gradual,0.0,0
10,211,0.8592007978517415,0.14610159207580023,50.12047711846578,97,gradual,0.0,0
10,212,0.868151364455949,0.15750905343270888,47.28143057153682,96,gradual,0.0,0
10,213,0.639422222675239,0.11433714518893755,45.12613197503666,95,gradual,0.0,0
10,214,0.8522069670792738,0.14656921440977522,47.55560190266675,94,gradual,0.0,0
10,215,0.8826137704098298,0.14413546181248071,48.7742120407205,93,gradual,0.0,0
10,216,0.630703069930834,0.12746319390256,47.7306122808251,92,gradual,0.0,0
10,217,0.7793570168834243,0.17595182693062864,46.74425969664141,91,gradual,0.0,0
10,218,0.7673008618934144,0.15204257640352137,48.38304578121814,90,gradual,0.0,0
10,219,0.6603770483823239,0.16443382180562957,44.72381298889974,89,gradual,0.0,0
10,220,0.7708738968795321,0.09958980907139454,46.92213273811241,88,gradual,0.0,0
10,221,0.6972626772224706,0.12241395457444121,47.08788296390338,87,gradual,0.0,0
10,222,0.7598171984607579,0.09996925904358238,47.988264725240185,86,gradual,0.0,0
10,223,0.7742036329861632,0.1323357988469701,47.25268449545558,85,gradual,0.0,0
10,224,0.7583370074408391,0.1748583739150603,46.19164562692763,84,gradual,0.0,0
10,225,0.7893804585801996,0.14348129044498834,48.49706204199623,83,gradual,0.0,0
10,226,0.7339119580732273,0.1715951085013808,46.35933925321977,82,gradual,0.0,0
10,227,0.6972227887151511,0.1475305842345668,45.71818406797439,81,gradual,0.0,0
10,228,0.6982625238898182,0.1630312470415907,46.569140357499215,80,gradual,0.0,0
10,229,0.7299538019560379,0.22009539551611262,48.949983986515804,79,gradual,1.8458571177297659e-06,0
10,230,0.6691503446574131,0.14406991635286334,43.56672011050616,78,gradual,5.747030362557462e-05,0
10,231,0.6627432038447101,0.10575351605951384,46.37311244311406,77,gradual,0.00022116027559394537,0
10,232,0.6703121900991724,0.15412058184402055,45.70306754108156,76,gradual,0.0005194589887119287,0
10,233,0.6368530422006612,0.15130774504875052,46.2114363256742,75,gradual,0.0009718994596288821,0
10,234,0.4913756660442525,0.1079177053633894,44.188218360890495,74,gradual,0.0015944745178466722,0
10,235,0.6315249750340197,0.1315821360601695,45.142315465777116,73,gradual,0.0024009457231487104,0
10,236,0.5644265296386235,0.1530989705677387,46.045521549129184,72,gradual,0.0034035094102899907,0
10,237,0.4472107584422488,0.13337759848310382,42.95091616783674,71,gradual,0.004613189700311454,0
10,238,0.5542582498648231,0.10954476160257653,45.658838448902515,70,gradual,0.006040092825665242,0
10,239,0.46521584347730943,0.08327726130160301,42.22262698992361,69,gradual,0.007693582565028242,0
10,240,0.6538847722806662,0.1611535180511066,47.8197188225714,68,gradual,0.009582407097055257,0
10,241,0.46818635434786154,0.13492959901387708,45.363847534345226,67,gradual,0.011714794116348043,0
10,242,0.6856915988996397,0.16821870094103034,45.9590955761719,66,gradual,0.01409852424121665,0
10,243,0.5723334670006909,0.09428390046418887,46.55124267574252,65,gradual,0.01674098901712621,0
10,244,0.5471142815207349,0.14536144619282287,45.54615925773775,64,gradual,0.019649237654374537,0
10,245,0.5369478226618378,0.17529937876123797,45.19973654249633,63,gradual,0.02283001531630263,0
10,246,0.6217243477597113,0.1520561245786671,44.955500766999926,62,gradual,0.026289794933199606,0
10,247,0.5899660499846666,0.16794948907184673,46.08568656395505,61,gradual,0.03003480396319401,0
10,248,0.4599296427714074,0.14810271880781664,45.2188797353198,60,gradual,0.03407104714579549,0
10,249,0.35052159716096654,0.15553019541486085,44.282263759030414,59,gradual,0.03840432603241435,0
10,250,0.3242198797291634,0.160236793866011,42.35782547476292,58,gradual,0.0430402558922612,0
10,251,0.5979216036245397,0.11524826034551722,46.33344566693233,57,gradual,0.04798428045712007,0
10,252,0.6446307374765013,0.28618169830733836,47.030961323239424,56,gradual,0.05324168486887027,0
10,253,0.7273507165127706,0.18214152951375356,46.60043873537645,55,gradual,0.05881760711890642,0
10,254,0.7677521922187989,0.2521451607911698,48.09730768523119,54,gradual,0.06471704821175968,0
10,255,0.7420120574721039,0.2846357565808474,48.33607047566714,53,gradual,0.07094488124141758,0
10,256,0.7179779434009577,0.26302878187669976,49.27591499703028,52,gradual,0.07750585953469082,0
10,257,0.7250487035344793,0.2749529279324851,49.67849628922223,51,gradual,0.0844046239890693,0
10,258,0.7333824439502089,0.27399371294351316,49.5875005018371,50,gradual,0.09164570971110138,0
10,259,0.8137487013632735,0.30833352298913685,48.959843896519246,49,gradual,0.09923355204414348,0
10,260,0.7216176020937847,0.25930788329005555,46.59976003292682,48,gradual,0.10717249206041557,0
10,261,0.8686633027996996,0.2735626536358731,49.39026438032335,47,gradual,0.11546678158094743,0
10,262,0.9292505702511401,0.2726670554838417,52.09869636149591,46,gradual,0.12412058777767634,0
10,263,0.7286842547009134,0.21531381774935113,48.86167846486037,45,gradual,0.1331379974042451,0
10,264,0.8821422199101047,0.272477933913071,49.69510150342982,44,gradual,0.14252302069562847,0
10,265,0.7951438997491822,0.3321036323425091,49.784906275475784,43,gradual,0.1522795949713451,0
10,266,0.9190627145519629,0.3443667332803947,51.610269191072376,42,gradual,0.1624115879724874,0
10,267,0.7186845233286969,0.3312047601204801,47.346515106189386,41,gradual,0.17292280095897544,0
10,268,0.9242904991645797,0.3113794755971518,51.8618301353482,40,gradual,0.18381697159018903,0
10,269,0.8161351886596375,0.38320585355136605,49.88137908961371,39,gradual,0.19509777660935226,0
10,270,0.8157328964845061,0.3671976414475206,51.847529736388765,38,gradual,0.20676883434966192,0
10,271,0.7700524327298641,0.3462821057920887,51.41057478887322,37,gradual,0.21883370707810035,0
10,272,0.760245489059234,0.3899549925070387,49.925983323396906,36,gradual,0.23129590319109544,0
10,273,1.0506106968915145,0.3954121520548175,53.72730404637162,35,gradual,0.24415887927465532,0
10,274,0.7852456523650342,0.41327702174065395,50.15211211660242,34,gradual,0.25742604204025876,0
10,275,0.9228429586892978,0.4132677269261432,52.09227087221417,33,gradual,0.271100750146615,0
10,276,0.6151718918851472,0.4325145454737044,47.80626274342515,32,gradual,0.2851863159163788,0
10,277,0.788081982912924,0.45520974261259517,52.92931000195437,31,gradual,0.2996860069560019,0
10,278,0.7465850060816541,0.4223871764056758,50.73017734289432,30,gradual,0.3146030476861072,0
10,279,0.8197829776394541,0.4997386087540314,53.8868873354535,29,gradual,0.3299406207890706,0
10,280,0.6169134544628923,0.4942023542446817,50.14307760049735,28,gradual,0.3457018685798665,0
10,281,0.830805320035195,0.5134865749690914,54.981402233446985,27,gradual,0.3618898943056825,0
10,282,0.5441691347213433,0.4905895106368757,50.60647321126694,26,gradual,0.3785077633793151,0
10,283,0.7413283267661912,0.5646303010800775,51.720935813644296,25,gradual,0.3955585045509132,0
10,284,0.6956304162364787,0.5711230073806806,51.99309900530117,24,gradual,0.4130451110222458,0
10,285,0.5564936392539183,0.5934369431136906,50.3663367317889,23,gradual,0.4309705415073153,0
10,286,0.5900724334768593,0.6247702328372278,50.547634840823484,22,gradual,0.44933772124281635,0
10,287,0.9233543775139208,0.6384289273780253,54.23929582125107,21,gradual,0.4681495429516582,0
10,288,0.43740534843457335,,50.180813702541336,20,gradual,0.48740886776250875,1
10,289,0.6338631497060715,0.6841955991996922,53.508477174106915,19,gradual,0.5071185260880814,1
10,290,0.36977590775864105,0.6566871777706753,50.824754809042275,18,gradual,0.5272813184646792,1
10,291,0.6128021567696219,0.6704984833519059,54.65201235398337,17,gradual,0.5479000163553169,1
10,292,0.5269777001529309,0.7089188783041481,51.022596800808785,16,gradual,0.568977362918565,1
10,293,0.5473625550780465,0.7143077379448409,54.859195624415555,15,gradual,0.5905160737451038,1
10,294,0.5516896121337104,0.7001990714882839,53.04657205330841,14,gradual,0.6125188375638306,1
10,295,0.6638809641703806,0.7736697870032634,55.970202398504334,13,gradual,0.6349883169192307,1
10,296,0.4845746975203613,0.825544573910375,52.861225960378114,12,gradual,0.6579271488216011,1
10,297,0.6473914709082654,0.7570805781382532,55.68502931694184,11,gradual,0.6813379453716052,1
10,298,0.5560314764828684,0.8081734185758163,52.58876521761717,10,gradual,0.7052232943605412,1
10,299,0.645550456270126,,55.78995200698428,9,gradual,0.7295857598476028,1
10,300,0.6906860146530958,0.8965775181437023,56.05416210060779,8,gradual,0.7544278827153351,1
10,301,0.6988577089980379,0.9681221380849071,55.30905574882735,7,gradual,0.7797521812044095,1
10,302,0.6718505532517566,0.9322926843272114,56.62912887056515,6,gradual,0.8055611514287585,1
10,303,0.3072167697934148,0.9260236268543958,54.74180642622129,5,gradual,0.8318572678720585,1
10,304,0.7941140627419244,0.9508470219403062,57.60790410050032,4,gradual,0.858642983866479,1
10,305,0.6142202472172805,1.0804136637751176,56.69637866483,3,gradual,0.8859207320545579,1
10,306,0.7067562563900769,1.0605522216170682,56.63408507579111,2,gradual,0.9136929248350163,1
10,307,0.7606651869501989,1.075727177891145,60.46413360660772,1,gradual,0.9419619547932727,1
10,308,0.6563984196385787,1.0869229339878186,58.19005330456142,0,gradual,0.9707301951173719,1
11,0,0.5998167559184253,0.3928144586645046,32.7346987231816,338,gradual,0.0,0
11,1,0.7358906896621433,0.37300884612812063,33.37021993132199,337,gradual,0.0,0
11,2,0.7303460554004542,0.39983222573331006,33.76638581963881,336,gradual,0.0,0
11,3,0.6990867698722787,0.4121088230286591,34.60491654357109,335,gradual,0.0,0
11,4,0.7273515466653189,0.37462383156002693,33.779434991514684,334,gradual,0.0,0
11,5,0.6991015945272957,0.3994771700793572,34.65027228996167,333,gradual,0.0,0
11,6,0.7913694963742464,0.4329628646825577,35.67606579992382,332,gradual,0.0,0
11,7,0.8878003586486691,0.4521955772508727,34.92699427011399,331,gradual,0.0,0
11,8,0.8348159759541232,0.4569076296027817,35.35355428439763,330,gradual,0.0,0
11,9,0.7239001286145854,0.3944399073388539,34.51382064958715,329,gradual,0.0,0
11,10,0.799119042603174,0.4360882068826172,34.24881425957438,328,gradual,0.0,0
11,11,0.8873961820791683,0.38614959606844856,35.77689493540669,327,gradual,0.0,0
11,12,0.9141553966171218,0.49881528908601785,36.68749365273311,326,gradual,0.0,0
11,13,0.8032887620327369,0.4243543345212131,36.258368731210034,325,gradual,0.0,0
11,14,1.0215041890685825,0.48604462312341723,40.245578442333084,324,gradual,0.0,0
11,15,0.8095120662474219,0.4482623090659759,35.321990012679485,323,gradual,0.0,0
11,16,1.0623227594439575,0.4529340917583794,38.19414894737397,322,gradual,0.0,0
11,17,0.8026759441171555,0.3607939695943951,34.66026461165168,321,gradual,0.0,0
11,18,0.8854411937449426,0.49349085411521415,35.687724895474304,320,gradual,0.0,0
11,19,0.8237670626325789,0.4431262226550637,34.3363097761181,319,gradual,0.0,0
11,20,0.8428108180268026,0.45388699846090796,33.70646308435707,318,gradual,0.0,0
11,21,0.8383011997516066,0.4202079681605119,36.29096332858884,317,gradual,0.0,0
11,22,0.8009599121584053,0.416517903626084,35.0173130047402,316,gradual,0.0,0
11,23,0.8258209214921469,0.4380824376301403,34.72679113092282,315,gradual,0.0,0
11,24,0.8499865338791501,0.4234645694811744,35.74787192730443,314,gradual,0.0,0
11,25,0.8458674792769564,0.4800074439764961,35.31941051630991,313,gradual,0.0,0
11,26,0.9405972838580533,0.4269121877914664,36.813292495768394,312,gradual,0.0,0
11,27,0.7733296728683127,0.4561575966993127,34.773668707908264,311,gradual,0.0,0
11,28,0.8386452393378889,0.4296217844197614,37.515134057554604,310,gradual,0.0,0
11,29,0.6965621290078932,0.3848996897743379,34.67646650519591,309,gradual,0.0,0
11,30,0.6533393303715136,0.3873042605088613,33.87718491982422,308,gradual,0.0,0
11,31,0.8183160341622714,0.4728118123991048,32.75984607774213,307,gradual,0.0,0
11,32,0.6451036239510931,,,306,gradual,0.0,0
11,33,0.7961909925528117,0.4545718296393972,35.132255742348626,305,gradual,0.0,0
11,34,0.7761902878872435,0.3964491170636941,34.4542239314739,304,gradual,0.0,0
11,35,0.7035294067828834,0.44588518316973724,32.578432536877266,303,gradual,0.0,0
11,36,0.5948386823366814,0.4316984748225057,32.83282630241799,302,gradual,0.0,0
11,37,0.7689927054400391,0.4342645964098976,33.43689738458877,301,gradual,0.0,0
11,38,0.6533232398060801,0.43337607781999876,34.197635643189926,300,gradual,0.0,0
11,39,0.5633350000276067,0.3784225819567465,32.4124555848298,299,gradual,0.0,0
11,40,0.5886987345806486,0.37630902853729714,32.83692562473018,298,gradual,0.0,0
11,41,0.7501141234739565,0.35471063572338124,34.29413457791344,297,gradual,0.0,0
11,42,0.733811964274865,0.42597582395209466,34.623799029130716,296,gradual,0.0,0
11,43,0.56676874116476,0.4029488720354328,33.72119073106243,295,gradual,0.0,0
11,44,0.5952159660979333,0.4032010729428203,32.82875030689033,294,gradual,0.0,0
11,45,0.6389832552879884,0.4240651916455745,33.08723294861614,293,gradual,0.0,0
11,46,0.5473085206590662,0.39504434287359924,33.19346241209053,292,gradual,0.0,0
11,47,0.463236840361411,0.3965299361653245,30.913712415777677,291,gradual,0.0,0
11,48,0.7887233272417062,0.49714352724883804,35.675856362814514,290,gradual,0.0,0
11,49,0.7086364259768271,0.3598676009405428,,289,gradual,0.0,0
11,50,0.600961709006691,0.3706079813078261,31.63817583652499,288,gradual,0.0,0
11,51,0.44110161035401496,0.29006567274466954,31.362761286572905,287,gradual,0.0,0
11,52,0.553142914150985,0.37612688892538204,30.038378023495817,286,gradual,0.0,0
11,53,0.5505466908300152,0.38472464079068835,32.01850958558665,285,gradual,0.0,0
11,54,0.6379545759938565,0.4401793789334722,34.739173832023425,284,gradual,0.0,0
11,55,0.4616711236041529,0.3856099537852465,31.371399721491766,283,gradual,0.0,0
11,56,0.4719447127780404,0.3258620684718152,31.293422213084224,282,gradual,0.0,0
11,57,0.6179865837094108,0.4169397556690546,34.69624731681191,281,gradual,0.0,0
11,58,0.6597986707235185,0.402622259917044,33.70717793380516,280,gradual,0.0,0
11,59,0.6407937304538387,0.4282712325104557,31.99304583671673,279,gradual,0.0,0
11,60,0.5135927388524143,0.4161557051478423,31.973864725445186,278,gradual,0.0,0
11,61,0.557965746492186,0.3595691150717458,32.28360275220053,277,gradual,0.0,0
11,62,0.6183696852108722,,34.08542851154656,276,gradual,0.0,0
11,63,0.45756175951294514,0.3909804382737962,29.422230690316947,275,gradual,0.0,0
11,64,0.6005566464615671,0.3796300930520851,33.55175488774482,274,gradual,0.0,0
11,65,0.4917351657519636,0.3263573996162952,32.0181916783458,273,gradual,0.0,0
11,66,0.4962837839291614,0.36119924945755644,31.12293416819068,272,gradual,0.0,0
11,67,0.6661221239593984,0.3695167496068929,34.41112587239826,271,gradual,0.0,0
11,68,0.5882039494290195,0.3795250473993513,33.236161216903994,270,gradual,0.0,0
11,69,0.5662277973084487,0.38479447045067716,31.559941489950432,269,gradual,0.0,0
11,70,0.630617985183886,0.3622224705853205,33.91261579448826,268,gradual,0.0,0
11,71,0.6948752041725095,0.44013111433466695,33.945672192998295,267,gradual,0.0,0
11,72,0.48470962930421363,0.40198715056748113,32.137178892122144,266,gradual,0.0,0
11,73,0.6165427282197226,0.3627445310424367,32.751308339419005,265,gradual,0.0,0
11,74,0.5912671850326492,,33.47459643329097,264,gradual,0.0,0
11,75,0.770225510304928,0.4200869147570334,33.11306536302328,263,gradual,0.0,0
11,76,0.45308695610370964,0.36139520481332543,31.09840131491172,262,gradual,0.0,0
11,77,0.530525782115515,0.3703414454392741,31.468698039333574,261,gradual,0.0,0
11,78,0.7143152854494654,0.42101469067099173,33.505334210636526,260,gradual,0.0,0
11,79,0.7394580680970354,0.4838279726757727,35.16533678986601,259,gradual,0.0,0
11,80,0.7757151808565346,0.4374339256171123,35.22916628249631,258,gradual,0.0,0
11,81,0.7788981560241276,,35.45575872583105,257,gradual,0.0,0
11,82,0.6861200400296524,0.3947980456840098,36.084753666125835,256,gradual,0.0,0
11,83,0.7986698857842787,0.4588427542902004,34.645561020926394,255,gradual,0.0,0
11,84,0.6550024730492575,0.3722087445063234,33.67751865614432,254,gradual,0.0,0
11,85,0.565484833187793,0.3901999352658436,34.356750973771,253,gradual,0.0,0
11,86,0.7331789567275591,0.4197236685810818,34.21277574211935,252,gradual,0.0,0
11,87,0.5965756703759699,0.3522270329065273,32.77771412705596,251,gradual,0.0,0
11,88,0.9689230137444342,0.47783198032812435,36.14589118241421,250,gradual,0.0,0
11,89,0.8094809719446941,0.42480522044368807,36.57140585264299,249,gradual,0.0,0
11,90,0.802399026532022,0.42457984287315514,35.44689869022989,248,gradual,0.0,0
11,91,0.9294677271812846,0.43052958180907563,35.20171024874222,247,gradual,0.0,0
11,92,0.802819233948501,0.4916624161396304,36.3352461958631,246,gradual,0.0,0
11,93,0.8084078856929828,0.48326974610952167,37.73750114769716,245,gradual,0.0,0
11,94,0.705767629596409,0.3517730505137209,33.73930178221632,244,gradual,0.0,0
11,95,0.8437902092595572,0.47282417985422903,37.23023044165748,243,gradual,0.0,0
11,96,0.8163262671018626,0.46756704276236594,35.86463794700893,242,gradual,0.0,0
11,97,0.8172127429794469,0.4325654721019027,35.72463008013381,241,gradual,0.0,0
11,98,0.7150736021113502,0.4466893451902109,34.16964563949111,240,gradual,0.0,0
11,99,0.87941213489642,0.44078981468326983,35.720932322842835,239,gradual,0.0,0
11,100,0.713589931835815,0.40127504904414063,33.70942645010486,238,gradual,0.0,0
11,101,0.7715034740443854,0.44379426315545595,35.74981672683969,237,gradual,0.0,0
11,102,0.8371970017377188,,36.15885635515394,236,gradual,0.0,0
11,103,0.735370791437618,0.4148822236315472,35.135702108532755,235,gradual,0.0,0
11,104,0.9028296158512542,0.4447638005128171,36.70283123118577,234,gradual,0.0,0
11,105,0.9980989150173828,0.4521562028197259,39.38230390281291,233,gradual,0.0,0
11,106,0.902957138491237,0.4653772178442493,36.93589388838092,232,gradual,0.0,0
11,107,0.8306118783557828,0.46178942325287226,36.30011997529886,231,gradual,0.0,0
11,108,0.8779302181127733,0.5505215374307268,36.50125318443594,230,gradual,0.0,0
11,109,0.8174766700896006,0.43271569450130637,35.63853847353108,229,gradual,0.0,0
11,110,0.7720232606792661,0.4265650827103986,32.57990827129849,228,gradual,0.0,0
11,111,0.8302707565858924,0.45749694160742244,37.56335191030547,227,gradual,0.0,0
11,112,0.8817976266162272,0.44381512973220627,37.57616549940912,226,gradual,0.0,0
11,113,0.8127739706396452,0.4292496237687699,36.13992490336228,225,gradual,0.0,0
11,114,0.9014905558747726,0.46168305023895995,37.10042932869073,224,gradual,0.0,0
11,115,0.70898292931332,0.39961697400347346,32.555881138562114,223,gradual,0.0,0
11,116,0.7029677166581397,0.3968706450950673,34.73694493936289,222,gradual,0.0,0
11,117,0.729568985959284,0.43596163121984455,36.66220287653765,221,gradual,0.0,0
11,118,0.6883677835269673,0.40599892215064565,35.17945692332025,220,gradual,0.0,0
11,119,0.6372620681176322,0.36986914223454304,33.59405577631878,219,gradual,0.0,0
11,120,0.8532774978088601,0.46971625912001613,36.867727505838076,218,gradual,0.0,0
11,121,0.5964770929118967,0.4276799829511306,31.925503029203277,217,gradual,0.0,0
11,122,0.724412946082485,0.4223434983165318,34.02385588260182,216,gradual,0.0,0
11,123,0.6918210613469525,0.5256539254865708,34.6553397881655,215,gradual,0.0,0
11,124,0.6139855842710712,0.4017288357142808,34.283519894938635,214,gradual,0.0,0
11,125,0.6191583926555068,0.4450086446509409,35.71816412280426,213,gradual,0.0,0
11,126,0.6025489194178161,0.3619471675078697,33.704745049939014,212,gradual,0.0,0
11,127,0.5501493451852355,0.3381920865020413,32.87295410045003,211,gradual,0.0,0
11,128,0.614218244857689,0.44363751558532155,32.77685159015034,210,gradual,0.0,0
11,129,0.5760144822169802,0.4363063904916955,32.2767697416621,209,gradual,0.0,0
11,130,0.5756239944028255,0.42432827878569973,32.19249576638984,208,gradual,0.0,0
11,131,0.5711738496303648,0.4194207589474268,33.750802026226026,207,gradual,0.0,0
11,132,0.46913812555108964,0.324026906416757,32.062849240260235,206,gradual,0.0,0
11,133,0.5391477416633677,0.36445306198156335,34.22000899122433,205,gradual,0.0,0
11,134,0.5955339080370097,0.4030867969399373,34.915074942899935,204,gradual,0.0,0
11,135,0.4639983016896153,0.35187128312893196,33.138762441757436,203,gradual,0.0,0
11,136,0.5725401715627046,0.404553168477034,33.94044152739571,202,gradual,0.0,0
11,137,0.6564510022079031,0.45336870771170973,34.736284131658664,201,gradual,0.0,0
11,138,0.5518903212344064,0.42040645219611755,34.21956672177498,200,gradual,0.0,0
11,139,0.5461192664997551,0.3664646421048526,32.6812968179072,199,gradual,0.0,0
11,140,0.4753462869618452,0.31533614005223387,32.285601065740224,198,gradual,0.0,0
11,141,0.6620465520751866,0.42634910382429436,34.62635227336335,197,gradual,0.0,0
11,142,0.5746099072964802,0.43871857721336427,33.8657425775232,196,gradual,0.0,0
11,143,0.33016935091784955,0.29631212033666254,30.010976259105764,195,gradual,0.0,0
11,144,0.33826654530542843,0.3871702612351001,30.20033246548628,194,gradual,0.0,0
11,145,0.610519232637593,0.4290134099246491,33.13296463023026,193,gradual,0.0,0
11,146,0.659903084968503,0.4644037435499706,34.480099730897116,192,gradual,0.0,0
11,147,0.5528984827567163,0.3852448171318687,,191,gradual,0.0,0
11,148,0.4958685050645326,0.3717760835560259,32.71411205170771,190,gradual,0.0,0
11,149,0.7187865546324604,0.39209039692735437,38.05330728306861,189,gradual,0.0,0
11,150,0.511658284180674,0.3826514049734473,34.047611456721484,188,gradual,0.0,0
11,151,0.7491120583439215,,36.20652526936579,187,gradual,0.0,0
11,152,0.6578532077390291,0.4222782527490899,35.257727754369874,186,gradual,0.0,0
11,153,0.4500561904724012,0.37607978774007045,32.23486494953657,185,gradual,0.0,0
11,154,0.644490831088931,0.4198174958583129,34.64809957080221,184,gradual,0.0,0
11,155,0.5539530962962428,0.45069257999252754,32.22722704413912,183,gradual,0.0,0
11,156,0.6205607646704946,0.414218577309772,35.3316700735039,182,gradual,0.0,0
11,157,0.5969109345518886,0.37452909580508215,32.70902208784155,181,gradual,0.0,0
11,158,0.6836185125702505,0.45860414013375866,34.925871882649616,180,gradual,0.0,0
11,159,0.6680997429099211,0.45914045826882377,32.54479978337633,179,gradual,0.0,0
11,160,0.7512672736852585,0.43885104379688183,,178,gradual,0.0,0
11,161,0.5845445054980368,0.4174315815117999,32.399369866893004,177,gradual,0.0,0
11,162,0.7162376516717556,0.37093914093026953,34.71820212193967,176,gradual,0.0,0
11,163,0.7708350977713853,0.44342519201260744,37.29905074770927,175,gradual,0.0,0
11,164,0.6474374774920446,0.42505957668857774,33.847923316515704,174,gradual,0.0,0
11,165,0.5670679704034302,0.4046066927848884,32.90970511364014,173,gradual,0.0,0
11,166,0.6833520972692321,0.4158610208364504,33.52904495031785,172,gradual,0.0,0
11,167,0.9370705188950441,0.4481263092521117,37.874392926775265,171,gradual,0.0,0
11,168,1.0104248686333968,0.507575695371419,37.66119544386123,170,gradual,0.0,0
11,169,0.7445872794978755,0.44411826264837284,33.70026988200823,169,gradual,0.0,0
11,170,0.8574376776392474,0.49344227800962415,38.241281817239994,168,gradual,0.0,0
11,171,0.8111705968339225,0.45174272088301515,37.10200716914209,167,gradual,0.0,0
11,172,0.7892696018416873,0.4661933242631691,34.28658789547972,166,gradual,0.0,0
11,173,0.7598558337803599,0.3898729206908015,37.183373505501464,165,gradual,3.6014661735822677e-07,0
11,174,0.6615024016270464,0.47779300218997456,,164,gradual,7.082618337818228e-06,0
11,175,0.8212340264660125,0.5073685787575831,37.96381089646576,163,gradual,2.649465333768847e-05,0
11,176,0.9417771660570347,0.5087461872673168,37.38675329018914,162,gradual,6.25098743320589e-05,0
11,177,0.9444736883444745,0.5112520328825063,38.88550765368842,161,gradual,0.00011824352071562825,0
11,178,0.8191870795897389,0.4721661207592086,35.055535084719324,160,gradual,0.00019636733194044553,0
11,179,0.8088229647138854,0.5001697535691365,36.83382759693189,159,gradual,0.00029925843735859384,0
11,180,0.9205275983944291,0.4255519202470961,37.35645972690024,158,gradual,0.00042907954457194224,0
11,181,0.706668253643751,0.4362111346342033,34.04405912079614,157,gradual,0.0005878281509835728,0
11,182,0.8187162676710029,0.46279783121146634,39.01403745279596,156,gradual,0.0007773693608333904,0
11,183,0.969841096880232,0.4842321629207482,39.38308956838531,155,gradual,0.0009994590798312456,0
11,184,0.8779069764803605,0.4360810211830798,37.862893538054884,154,gradual,0.0012557611326998086,0
11,185,0.8051924451904103,0.44119187078620525,37.97140152907209,153,gradual,0.0015478603257286546,0
11,186,0.5808853201809807,0.41048509753693324,32.27608245277527,152,gradual,0.0018772726849033464,0
11,187,1.016442735440632,0.518534176464724,38.76988307528356,151,gradual,0.002245453657628941,0
11,188,0.7229175205216872,0.38255056341491017,36.99218871408637,150,gradual,0.002653804803908164,0
11,189,0.827600527597367,0.4604779097910923,35.55667163357985,149,gradual,0.003103679340056518,0
11,190,0.884668622730475,0.507180128719214,37.60826006855597,148,gradual,0.003596386792940314,0
11,191,0.7222913891063206,0.45324557954196465,34.931677461332214,147,gradual,0.004133196952593032,0
11,192,0.8784455514197946,0.498722879741452,40.36235124628284,146,gradual,0.004715343262925405,0
11,193,0.8246645768493561,0.4550110511564205,36.470140044082235,145,gradual,0.005344025756379925,0
11,194,0.7382656563664123,0.4602786829576067,36.557788656902744,144,gradual,0.006020413614040902,0
11,195,0.7340411653907412,0.47308698841585106,,143,gradual,0.006745647414882989,0
11,196,0.589015989785816,0.4240034592334248,32.075710575194606,142,gradual,0.0075208411245599426,0
11,197,0.6045650510021195,0.3939154148685956,33.811155501070054,141,gradual,0.008347083864090901,0
11,198,0.6471353124049015,0.41157168738020605,34.48299195621283,140,gradual,0.009225441491100621,0
11,199,0.950293833271077,0.47193369342248964,38.40101078526588,139,gradual,0.010156958020292817,0
11,200,0.8054608716646938,0.4764767070067204,39.018960402461346,138,gradual,0.011142656905143511,0
11,201,0.8728403649433231,0.4901193822642128,37.091829531796044,137,gradual,0.012183542199080272,0
11,202,0.6124105405989355,0.46158972075280436,35.78610366139183,136,gradual,0.013280599611433897,0
11,203,0.694560142884056,0.4327592135288357,34.247369410777274,135,gradual,0.014434797471043127,0
11,204,0.6082881182753506,0.4125283750202329,32.793300247471116,134,gradual,0.015647087608434338,0
11,205,0.5042981701183774,0.4220601312203933,33.81424523913458,133,gradual,0.016918406165891502,0
11,206,0.4788193553688139,0.3726395502425178,32.01259971329489,132,gradual,0.018249674343404975,0
11,207,0.7432294536735862,0.4630214972618936,35.4539448892393,131,gradual,0.019641799087384806,0
11,208,0.7036028366911737,0.495023954037756,36.67591502264014,130,gradual,0.021095673728101765,0
11,209,0.7365210009530084,0.4508145017782023,36.54306984146581,129,gradual,0.02261217857104376,0
11,210,0.7121123154262942,0.46026974163705275,37.68198636685529,128,gradual,0.02419218144671951,0
11,211,0.47877610976307117,0.3983867548831473,33.53356428555154,127,gradual,0.02583653822288381,0
11,212,0.6698085094018313,0.4691177553768663,36.66155245617249,126,gradual,0.02754609328268347,0
11,213,0.49914620161405593,0.43726192595261804,31.973545467611807,125,gradual,0.029321679971814542,0
11,214,0.48140626011667675,0.4578657240541776,32.14483576773328,124,gradual,0.03116412101743055,0
11,215,0.4471581902669296,0.4177183641081252,33.8621331718441,123,gradual,0.03307422892123766,0
11,216,0.5559292556444059,0.4180135118254591,35.8664247702187,122,gradual,0.0350528063289491,0
11,217,0.4104754493429489,0.3953093586131555,33.94181985187448,121,gradual,0.037100646378041724,0
11,218,0.533702852492279,0.4341053021562625,32.100944779338256,120,gradual,0.03921853302555699,0
11,219,0.6577812466189639,0.4683642724951083,36.23849760161028,119,gradual,0.04140724135751311,0
11,220,0.5468880250702478,0.4642126137046889,33.28868906050309,118,gradual,0.043667537881339875,0
11,221,0.5653518099407581,0.5061582519681055,35.80627920006616,117,gradual,0.046000180802612034,0
11,222,0.5358981624338127,0.432484211520221,34.80913233603393,116,gradual,0.048405920287235955,0
11,223,0.44923040814255794,,32.403314168317294,115,gradual,0.0508854987101377,0
11,224,0.5179306545002833,0.47303183703968016,32.70697326173874,114,gradual,0.05343965089140518,0
11,225,0.5978378891544336,0.4536743999944331,33.945339824532155,113,gradual,0.05606910432075291,0
11,226,0.6883011098877106,0.4926720130312002,35.88680391520006,112,gradual,0.05877457937110129,0
11,227,0.6378188043358733,0.5137886689286829,,111,gradual,0.06155678950199534,0
11,228,0.6588516264189426,0.49501838371163204,35.28150550776649,110,gradual,0.06441644145352664,0
11,229,0.4914135329501671,0.5174577140672161,34.38718378610508,109,gradual,0.06735423543136719,0
11,230,0.8043399976541818,0.5144754572384336,37.09474903516566,108,gradual,0.0703708652834756,0
11,231,0.6163138515719407,0.49669622635355876,35.21384868395146,107,gradual,0.07346701866898993,0
11,232,0.6222012113925663,0.5256940667175298,35.08563198441105,106,gradual,0.07664337721978304,0
11,233,0.5980001263157013,0.4674473775740383,37.00043504636326,105,gradual,0.07990061669511825,0
11,234,0.7528218292146068,0.5158194047767954,36.409916548173626,104,gradual,0.08323940712981114,0
11,235,0.6283070003047967,0.5533050931613847,34.65365946415018,103,gradual,0.08666041297627233,0
11,236,0.6372765911812693,0.544937099504929,37.18700308245796,102,gradual,0.09016429324077974,0
11,237,0.7903082004822974,0.5829002859314089,37.65005170629124,101,gradual,0.09375170161430225,0
11,238,0.628229112463576,0.5557384073179893,36.93725707397648,100,gradual,0.09742328659817559,0
11,239,0.5224796057589972,0.4846100038108232,35.59419020472265,99,gradual,0.10117969162490902,0
11,240,0.6670401048405606,0.5264555324757076,36.21146065255981,98,gradual,0.10502155517438275,0
11,241,0.7025762707026907,0.5437454229974711,37.66793640614783,97,gradual,0.10894951088567906,0
11,242,0.6846917020308144,0.5610719829710668,37.31863002531696,96,gradual,0.11296418766477237,0
11,243,0.9472670785629979,0.6467143701982823,39.285921958161,95,gradual,0.1170662097882904,0
11,244,0.7264478948858769,0.5281952638491239,37.76325239222432,94,gradual,0.12125619700354393,0
11,245,0.7922681731574739,0.6051999057392851,39.32354059570123,93,gradual,0.12553476462500993,0
11,246,0.6268666775123081,0.5895972756262937,36.4315333454731,92,gradual,0.1299025236274422,0
11,247,0.6420660560918319,0.5499128179503487,36.24103819127997,91,gradual,0.1343600807357716,0
11,248,0.7890715904429104,0.5511208785087864,40.454382572109196,90,gradual,0.13890803851194872,0
11,249,0.97644548845426,0.6888459210256977,41.65134033020532,89,gradual,0.143546995438873,0
11,250,0.815612895040324,0.6710589981860253,38.6994891787077,88,gradual,0.14827754600154278,0
11,251,0.8589956493932909,0.6727547918557097,39.56252128234828,87,gradual,0.15310028076555338,0
11,252,0.6202585896562912,0.6061386991929093,37.940293230751905,86,gradual,0.15801578645306336,0
11,253,0.8180269204668184,,41.526501751497065,85,gradual,0.16302464601634123,0
11,254,0.9779735317971813,0.6883620150605414,41.678153225388236,84,gradual,0.16812743870899943,0
11,255,0.9114303903086097,0.677313473079704,41.87778452979039,83,gradual,0.17332474015501578,0
11,256,0.910267328274838,0.6980164090699942,41.34887797762726,82,gradual,0.17861712241563754,0
11,257,0.9338227845631146,0.7359349673299336,40.1526024460664,81,gradual,0.18400515405425846,0
11,258,0.6801551885050805,0.6215703690159858,37.55927688708768,80,gradual,0.1894894001993522,0
11,259,0.8861715753181111,0.6526331752253813,42.60679014832563,79,gradual,0.19507042260554391,0
11,260,0.9399003554375257,0.66844471236905,40.44022054318698,78,gradual,0.2007487797128964,0
11,261,0.7279932581239795,0.6298044307640378,39.24998642152003,77,gradual,0.20652502670448164,0
11,262,0.6886667320241889,0.6717687355685091,38.391827889124826,76,gradual,0.21239971556230738,0
11,263,0.8630622088096808,0.6724688707469756,40.367327199580465,75,gradual,0.21837339512166354,0
11,264,0.9547538519163506,0.7457745484727362,43.720025413625095,74,gradual,0.22444661112395012,0
11,265,0.8596860419639026,0.6657207582772864,42.6547711565634,73,gradual,0.2306199062680454,0
11,266,0.774578943048546,0.7034739948241151,38.8027438648172,72,gradual,0.2368938202602702,0
11,267,1.0045602079879115,0.7904665054624952,42.80186256946708,71,gradual,0.24326888986300124,0
11,268,0.7681940442762579,0.6663462204518414,41.252620407554076,70,gradual,0.2497456489419845,0
11,269,0.7645742628983894,0.7495040138058513,42.66880595950815,69,gradual,0.25632462851239624,0
11,270,0.74014813590954,0.7053218163711118,40.981670829712144,68,gradual,0.26300635678369727,0
11,271,0.772889547507447,0.7337741856971168,42.42435652389456,67,gradual,0.26979135920332636,0
11,272,0.7019766737867449,0.6876657364330077,39.72685289793243,66,gradual,0.27668015849927097,0
11,273,0.8386474204996833,0.7865448815493761,41.51795893796953,65,gradual,0.28367327472155807,0
11,274,0.774940037200128,0.7278424584060066,41.667649267733715,64,gradual,0.2907712252827019,0
11,275,0.8220164370221373,0.7131505571402638,42.1218199106226,63,gradual,0.2979745249971448,0
11,276,0.7903564296191713,0.773773236564201,39.99378954981979,62,gradual,0.3052836861197266,0
11,277,0.807209479635347,0.8044340340506104,41.83259526435536,61,gradual,0.3126992183832148,0
11,278,0.8218455717217736,0.7979331838771461,42.44580770138168,60,gradual,0.32022162903492807,0
11,279,0.718496406645779,0.8221650674877783,40.89690631408874,59,gradual,0.3278514228724829,0
11,280,0.6167378739012879,0.8117665628164457,40.95609994070436,58,gradual,0.3355891022786932,0
11,281,0.6507626231368888,0.7543661648974299,40.35411962111694,57,gradual,0.34343516725564915,0
11,282,0.6052589376143648,0.7719657398821279,39.80354233693893,56,gradual,0.35139011545800447,0
11,283,0.7847653622871368,0.9124157649721945,42.77211137628485,55,gradual,0.3594544422254954,0
11,284,0.48153681517071306,0.7423506838156881,39.747875212324885,54,gradual,0.3676286406147167,0
11,285,0.6934131521320605,0.7975804889256669,43.23114978857965,53,gradual,0.37591320143017865,0
11,286,0.5746402321843396,0.827845481189034,42.041456914729295,52,gradual,0.38430861325466736,0
11,287,0.7371565959098421,0.8658047077460996,44.08571202604797,51,gradual,0.3928153624789296,0
11,288,0.6139782591972371,0.830840604333642,43.56864902484698,50,gradual,0.4014339333307036,0
11,289,0.7005684523361724,0.8242655642060477,40.21461545781764,49,gradual,0.4101648079031153,0
11,290,0.6460660896126971,0.851834010005779,43.135700475920395,48,gradual,0.41900846618246024,0
11,291,0.6518232747924495,0.8167285820140259,40.68943568148,47,gradual,0.4279653860753879,0
11,292,0.7557989065217422,0.8700327210285727,44.42214092624711,46,gradual,0.4370360434355077,0
11,293,0.4612102404778689,0.8872993267633005,40.27707503869371,45,gradual,0.4462209120894339,0
11,294,0.6673173552811673,0.9114342824845242,42.5532505085529,44,gradual,0.45552046386228384,0
11,295,0.46028790687632837,0.8854173087960038,40.076437948874904,43,gradual,0.4649351686026484,0
11,296,0.5700718297417933,0.901262463544532,40.31631305545755,42,gradual,0.47446549420704665,0
11,297,0.6099037822267055,0.9480078130731109,43.30305655110216,41,gradual,0.48411190664388254,0
11,298,0.4923283206196716,0.9259638419746221,39.85662268245999,40,gradual,0.4938748699769151,0
11,299,0.5515727952185046,0.9360243656403474,42.198863898024634,39,gradual,0.5037548463882578,0
11,300,0.5195393978015885,0.9547691582922481,42.78675107023592,38,gradual,0.5137522962009189,0
11,301,0.34051934480057044,0.88338067770431,40.744178787180765,37,gradual,0.5238676779008961,0
11,302,0.6073409351262977,0.9549927646722253,,36,gradual,0.5341014481588373,0
11,303,0.7089572565097065,1.0115735672281556,44.29778906601563,35,gradual,0.544454061851281,0
11,304,0.6470529254856083,1.0114225815426332,44.721534221249435,34,gradual,0.5549259720814841,0
11,305,0.5817230712132253,0.954117601317192,44.3726996785259,33,gradual,0.5655176301998522,0
11,306,0.5151124483960854,1.0274409816671644,41.45799390245187,32,gradual,0.5762294858239801,0
11,307,0.7095452597343133,1.1097193110862182,47.59192911051931,31,gradual,0.5870619868583146,0
11,308,0.5243689966481828,1.0661713474426442,41.93560744864948,30,gradual,0.5980155795134476,0
11,309,0.7098718247420795,1.0961838998672278,45.05456461973668,29,gradual,0.6090907083250524,0
11,310,0.6248697021811938,1.0989020334214592,44.34089949867134,28,gradual,0.6202878161724675,0
11,311,0.6528212316087222,1.0223471404901951,46.406170655927596,27,gradual,0.6316073442969422,0
11,312,0.6566362132554145,1.1156374569397536,47.29760024927429,26,gradual,0.6430497323195489,0
11,313,0.4768630906541653,1.078239885299053,43.37105968711963,25,gradual,0.6546154182587711,0
11,314,0.6267174381507639,1.1124017153751187,46.78844592653597,24,gradual,0.6663048385477789,0
11,315,0.7250833489692593,1.175090841974999,46.29438777006368,23,gradual,0.6781184280513926,0
11,316,0.532689313234608,1.0855397371765718,44.260440108028014,22,gradual,0.6900566200827498,0
11,317,0.5132601364123529,1.1598815167448593,46.62785877961027,21,gradual,0.7021198464196781,0
11,318,0.5338135755262464,1.1297552598319949,46.27660804552112,20,gradual,0.7143085373207823,1
11,319,0.770497091102143,1.1899724491626493,48.79587103176301,19,gradual,0.7266231215412539,1
11,320,0.6641340531512023,1.1644406964900524,47.38352515752202,18,gradual,0.739064026348408,1
11,321,0.7151680445103434,1.2151294985698902,48.35039300813681,17,gradual,0.7516316775369547,1
11,322,0.5780333306557186,1.1948189699429348,48.09111650545276,16,gradual,0.7643264994440121,1
11,323,0.712573385210224,1.2120961921295237,50.83071249566221,15,gradual,0.7771489149638655,1
11,324,0.8067965484495774,1.2777432000976083,50.34142799699157,14,gradual,0.7900993455624797,1
11,325,0.7183813132528317,1.2150355102637107,48.79322686539479,13,gradual,0.803178211291771,1
11,326,0.7392663140654525,1.2822422292636815,49.42234860788713,12,gradual,0.816385930803642,1
11,327,0.7420041093763841,1.2971321262465272,50.88472083055715,11,gradual,0.8297229213637867,1
11,328,0.76899194212247,1.3526943452837017,50.98865760217135,10,gradual,0.8431895988652708,1
11,329,0.6941065881072367,1.310581268693499,50.85219299299013,9,gradual,0.8567863778418919,1
11,330,0.6357576652319482,1.3006590942974445,50.44805197805082,8,gradual,0.8705136714813242,1
11,331,0.9646086660134789,1.4541532464690132,54.13848806915354,7,gradual,0.8843718916380532,1
11,332,0.8067752904079148,1.4462939336078926,51.61374182814562,6,gradual,0.8983614488461056,1
11,333,0.778036340390631,1.3946043723574404,51.02556110750236,5,gradual,0.9124827523315772,1
11,334,0.7147274544480101,1.3957839817325854,50.65552935813115,4,gradual,0.9267362100249649,1
11,335,0.7807779602176228,1.4135324224827643,52.95228372373492,3,gradual,0.9411222285733053,1
11,336,0.7155149665516136,1.4372979016293534,50.97259316899434,2,gradual,0.9556412133521273,1
11,337,0.7236243005059481,1.5022923577286236,53.12505484102097,1,gradual,0.9702935684772185,1
11,338,0.9557899589754697,1.4912787478009988,56.279578456729155,0,gradual,0.9850796968162125,1
12,0,0.6453711213660819,0.19235558147970097,32.93675772565786,269,abrupt,0.0,0
12,1,0.5923972227249856,0.22383466449744216,32.57323337433181,268,abrupt,0.0,0
12,2,0.6479265962683284,0.21921818010510583,32.959091000435144,267,abrupt,0.0,0
12,3,0.6373350749491868,0.1996784829541128,34.04188518258901,266,abrupt,0.0,0
12,4,0.6225690705602878,0.21197416103959488,33.28383515120786,265,abrupt,0.0,0
12,5,0.8281171105301892,,34.88338592294678,264,abrupt,0.0,0
12,6,0.7373161226639868,0.2312647988494151,34.00451120127093,263,abrupt,0.0,0
12,7,0.7860890959386283,0.2367279317360975,34.159268396364574,262,abrupt,0.0,0
12,8,0.8275969764549597,0.21122493222217487,35.40867961290949,261,abrupt,0.0,0
12,9,0.7050491583401195,0.25365918993910486,32.934761388521885,260,abrupt,0.0,0
12,10,0.6946927455198869,0.2278730202418156,33.27055374185664,259,abrupt,0.0,0
12,11,0.751886476005692,0.27878866828825305,35.86883005324958,258,abrupt,0.0,0
12,12,0.8496156238352183,0.22288468402083408,34.36473200819671,257,abrupt,0.0,0
12,13,0.744333791778682,0.19774636794599126,34.45825411314578,256,abrupt,0.0,0
12,14,0.862311747514475,,36.48117301328251,255,abrupt,0.0,0
12,15,0.7586311153994577,0.25656169105669596,35.761326217744774,254,abrupt,0.0,0
12,16,0.8179519630658164,0.251635415887791,34.282512480127586,253,abrupt,0.0,0
12,17,0.8145507038079991,0.2053349616888429,35.38644177894987,252,abrupt,0.0,0
12,18,0.8647942386058871,0.25114182047317585,35.724452581781144,251,abrupt,0.0,0
12,19,0.7743091803415412,0.29914049418236377,32.79442145959482,250,abrupt,0.0,0
12,20,0.8703537866168082,0.29037469385797776,35.65568699883062,249,abrupt,0.0,0
12,21,0.7196629866638353,0.26939468477251144,35.520828583282395,248,abrupt,0.0,0
12,22,0.7063327016890651,0.26139945327961833,34.16192107016697,247,abrupt,0.0,0
12,23,0.9783944123821798,0.27749117338108875,38.60590393120135,246,abrupt,0.0,0
12,24,0.7582007408323872,0.23951122683945586,35.73165931944608,245,abrupt,0.0,0
12,25,0.7972918545217289,0.21728621940098064,35.596592393481906,244,abrupt,0.0,0
12,26,0.6827430848544772,0.21478199795522174,34.7157627211361,243,abrupt,0.0,0
12,27,0.8217419671951134,0.23922338152090913,36.380759991084915,242,abrupt,0.0,0
12,28,0.8027674842953142,0.2515053947470065,33.299981654220325,241,abrupt,0.0,0
12,29,0.8652614018330382,0.2223442715983654,37.18710244869423,240,abrupt,0.0,0
12,30,0.874459410687532,0.2871899631788946,35.93285937012927,239,abrupt,0.0,0
12,31,0.7054877961365924,0.24641057705805738,33.422186883898995,238,abrupt,0.0,0
12,32,0.6082408672292072,0.25719828086577007,32.24709414590558,237,abrupt,0.0,0
12,33,0.8774474807788416,0.2585941142035185,35.49502837137852,236,abrupt,0.0,0
12,34,0.5849004847546913,0.22775307556983357,30.99827302022069,235,abrupt,0.0,0
12,35,0.9045326051411782,0.2462650441151283,36.634487760405484,234,abrupt,0.0,0
12,36,0.6496551583496956,0.22881106948940372,32.76061742046543,233,abrupt,0.0,0
12,37,0.7410121941051189,0.2582150056213276,34.260802219778284,232,abrupt,0.0,0
12,38,0.7025074774766468,0.2537084168514887,35.411787035247286,231,abrupt,0.0,0
12,39,0.6570063568415548,0.25078706115562205,32.66389124871124,230,abrupt,0.0,0
12,40,0.798669667636551,0.23605182573144323,34.33609607907023,229,abrupt,0.0,0
12,41,0.665026363199904,0.26375032725574815,33.38208285890158,228,abrupt,0.0,0
12,42,0.565540319937421,0.2514050660764752,30.9179208935406,227,abrupt,0.0,0
12,43,0.5969530728688766,0.18833409433804948,31.748471987573843,226,abrupt,0.0,0
12,44,0.4774128220937478,0.19383918277102372,29.81016575284397,225,abrupt,0.0,0
12,45,0.7652820707370496,0.27899682131265463,33.278589118573954,224,abrupt,0.0,0
12,46,0.6165582780345702,0.2033952733339085,33.26615554864607,223,abrupt,0.0,0
12,47,0.7613904043254582,0.23841564567762355,34.02932325808773,222,abrupt,0.0,0
12,48,0.7811728041118831,0.2389014629799501,34.486639216119265,221,abrupt,0.0,0
12,49,0.7176768988029516,0.23299871582833512,34.8023565083575,220,abrupt,0.0,0
12,50,0.6235588094602658,0.22379703053691008,35.370205734167506,219,abrupt,0.0,0
12,51,0.8125168678218521,0.2279041096303708,34.45752077435507,218,abrupt,0.0,0
12,52,0.6409598658683808,0.19247003888471478,32.48824005963849,217,abrupt,0.0,0
12,53,0.8040867817386754,0.25077475073342753,35.90152478864425,216,abrupt,0.0,0
12,54,0.7059916096468076,0.23181148269113572,32.93468390133488,215,abrupt,0.0,0
12,55,0.6212485906977682,0.22743968094887287,32.420428820166855,214,abrupt,0.0,0
12,56,0.6062302779078255,0.22378887883524357,31.403951156010088,213,abrupt,0.0,0
12,57,0.5757621332371669,0.2237792115981981,32.038784191518246,212,abrupt,0.0,0
12,58,0.6899819759853782,0.24072965952369763,34.05777018432362,211,abrupt,0.0,0
12,59,0.7102516784071237,0.2432029979307994,33.87880400461223,210,abrupt,0.0,0
12,60,0.5341836081387099,0.24308019881489817,30.278417966310528,209,abrupt,0.0,0
12,61,0.5775440150192551,0.23002720088845707,32.290725536547555,208,abrupt,0.0,0
12,62,0.7155355639124701,0.24249004636082247,32.981711884260214,207,abrupt,0.0,0
12,63,0.5108468634859942,0.19214904100649172,31.902653330121154,206,abrupt,0.0,0
12,64,0.6457699955027577,0.26893146096142445,31.062707480642082,205,abrupt,0.0,0
12,65,0.6296170759388977,0.20596494109553973,31.718143202057536,204,abrupt,0.0,0
12,66,0.5991970857450217,0.23465062914068147,33.98073473548131,203,abrupt,0.0,0
12,67,0.5277224780788026,0.18768580501346388,31.084657985080405,202,abrupt,0.0,0
12,68,0.6713109302933432,0.27179257440579146,34.129001834353964,201,abrupt,0.0,0
12,69,0.5036088011514653,0.2053545044544637,29.98672440226977,200,abrupt,0.0,0
12,70,0.5744785468521135,0.1917252937786711,30.742188095382108,199,abrupt,0.0,0
12,71,0.5376583599139445,0.22308041266472942,29.847678869495024,198,abrupt,0.0,0
12,72,0.33472183147201695,0.17943436557105202,29.974812868956253,197,abrupt,0.0,0
12,73,0.4788671216412861,0.15307692561622602,31.12578687341486,196,abrupt,0.0,0
12,74,0.6624331149375712,,31.900313248167926,195,abrupt,0.0,0
12,75,0.7167583641618673,0.22754833848040784,34.36128960658633,194,abrupt,0.0,0
12,76,0.6658169349886018,0.24330299866356064,33.19395649356763,193,abrupt,0.0,0
12,77,0.5821893228580375,0.2021925284815611,32.81759735267359,192,abrupt,0.0,0
12,78,0.7336964891069373,0.2622167109298706,33.739633736556016,191,abrupt,0.0,0
12,79,0.6470439472040045,0.2662577656709158,31.390653889059216,190,abrupt,0.0,0
12,80,0.7825251298853081,0.24403143101501001,34.992338546745096,189,abrupt,0.0,0
12,81,0.6777618277661628,0.22285914038220436,31.84092928924216,188,abrupt,0.0,0
12,82,0.6969648751310893,0.236109149416972,34.5871734192594,187,abrupt,0.0,0
12,83,0.702681991380873,,35.93287808013428,186,abrupt,0.0,0
12,84,0.7910545615944042,0.22790935103750415,35.52548164808931,185,abrupt,0.0,0
12,85,0.5723699638148024,0.21132833892653352,32.86421624059791,184,abrupt,0.0,0
12,86,0.7394856628766688,0.28119988820826985,34.56230357535533,183,abrupt,0.0,0
12,87,0.7555728581921061,0.22757775755145349,34.275328005190815,182,abrupt,0.0,0
12,88,0.7030244412469703,0.2741652911948212,33.00278357613863,181,abrupt,0.0,0
12,89,0.6040883238237946,0.20862664181585266,31.141320326105053,180,abrupt,0.0,0
12,90,0.6788698822163076,0.22360358210070883,33.1051855528254,179,abrupt,0.0,0
12,91,0.8039230635793456,0.23188634306277436,36.853044699035664,178,abrupt,0.0,0
12,92,0.7994553362604184,0.2675137802988179,35.286688545856926,177,abrupt,0.0,0
12,93,0.5895335078953667,0.19524339472283014,32.28461032581841,176,abrupt,0.0,0
12,94,0.7091961260405091,0.2493857322249187,33.08201383812964,175,abrupt,0.0,0
12,95,0.7519711702722744,0.24806227965812633,33.11739408381165,174,abrupt,0.0,0
12,96,0.8185910336243613,0.26917226141055584,35.63161250640157,173,abrupt,0.0,0
12,97,0.8021715736188277,0.23668695344741836,34.50935754796986,172,abrupt,0.0,0
12,98,0.9464498840942639,0.2470142039484234,36.64916323634491,171,abrupt,0.0,0
12,99,0.9055438971817384,0.26955936522307145,34.75455291592007,170,abrupt,0.0,0
12,100,0.7313748114590897,0.2561475648924961,33.65812488803326,169,abrupt,0.0,0
12,101,0.8886012248509813,0.24594455258295658,35.79840975439538,168,abrupt,0.0,0
12,102,0.9601848345742311,0.2419594196504892,38.46325812602493,167,abrupt,0.0,0
12,103,1.0333199959365698,0.27777845423954245,38.02848419264873,166,abrupt,0.0,0
12,104,0.810328142499261,0.2217472835895117,34.13584023835106,165,abrupt,0.0,0
12,105,0.8503595605618133,0.25060108744682874,33.448687259466254,164,abrupt,0.0,0
12,106,0.620616886000513,0.2259043301206766,31.50345637809738,163,abrupt,0.0,0
12,107,0.6408907573262168,,31.95243827663015,162,abrupt,0.0,0
12,108,0.8518841356496245,0.2765345177377374,35.272409815593086,161,abrupt,0.0,0
12,109,1.0198591653962668,0.24436429497184847,37.51731240469538,160,abrupt,0.0,0
12,110,0.9695574771426061,0.2487687298805049,35.66561874344142,159,abrupt,0.0,0
12,111,0.9012038727064642,0.24593780923999087,36.88164293035209,158,abrupt,0.0,0
12,112,0.8590996029108704,0.20335569693813357,35.053733804987836,157,abrupt,0.0,0
12,113,0.700112071123257,0.18373548062797732,34.448244060521716,156,abrupt,0.0,0
12,114,0.6997835138647881,0.18769750411358865,33.08999556273093,155,abrupt,0.0,0
12,115,0.9146743523513623,0.2590732673924888,35.53126421117261,154,abrupt,0.0,0
12,116,0.7197123344924629,0.23635254232770214,34.10546716660691,153,abrupt,0.0,0
12,117,0.7573666024695265,0.2644399578055282,33.20564094723718,152,abrupt,0.0,0
12,118,0.8430470162775501,0.21486441137556458,35.947511116280666,151,abrupt,0.0,0
12,119,0.7754124368173223,0.22412493825594348,35.3637337795508,150,abrupt,0.0,0
12,120,0.7073232813586972,0.21630621630010352,33.85790519352574,149,abrupt,0.0,0
12,121,0.9197174493130089,0.29310516308609036,36.08007809143507,148,abrupt,0.0,0
12,122,0.7651257449032407,0.2528980976476995,32.52867624859722,147,abrupt,0.0,0
12,123,0.8017756869717124,0.25089099198711196,34.07385864056591,146,abrupt,0.0,0
12,124,0.9553859334694095,0.22578527346155786,35.19869328344163,145,abrupt,0.0,0
12,125,0.7095403576288791,0.2805006258916681,,144,abrupt,0.0,0
12,126,0.7086488089942714,0.2040507910231951,33.23695124369726,143,abrupt,0.0,0
12,127,0.7448985232917748,0.19620689501080432,32.69314786734566,142,abrupt,0.0,0
12,128,0.5968137461723284,0.1715571830838032,33.67039622953036,141,abrupt,0.0,0
12,129,0.5953443361814266,0.20466527883579494,30.39084532797538,140,abrupt,0.0,0
12,130,0.7210439029880202,0.27954212802561307,33.49622844751689,139,abrupt,0.0,0
12,131,0.7087222232620458,0.21496338698110135,32.97317694102418,138,abrupt,0.0,0
12,132,0.810734092523527,0.20837555596115037,34.84925020560717,137,abrupt,0.0,0
12,133,0.7702550155010319,0.18952491817969772,33.797465747564935,136,abrupt,0.0,0
12,134,0.8005796847952433,0.2506274698655561,33.91041016507065,135,abrupt,0.0,0
12,135,0.8238067066284235,0.2533695876019447,35.33211297902767,134,abrupt,0.0,0
12,136,0.7208000556437821,0.25309889959221715,35.05496313047648,133,abrupt,0.0,0
12,137,0.4090567314270257,0.1550184724455896,29.285645715334887,132,abrupt,0.0,0
12,138,0.5803355126576399,0.22464353830522477,30.80417453626429,131,abrupt,0.0,0
12,139,0.6591587617708604,0.18230817676889943,33.372611470794475,130,abrupt,0.0,0
12,140,0.6043463712143005,0.23845286112916514,33.366351137656125,129,abrupt,0.0,0
12,141,0.5929663138775447,0.23543488890302147,32.67820502030067,128,abrupt,0.0,0
12,142,0.6502887696524409,0.19059982100882636,33.138107697027806,127,abrupt,0.0,0
12,143,0.6861845579787252,0.2634434309440432,33.38442630098133,126,abrupt,0.0,0
12,144,0.4322236326957363,0.18304904613202497,30.733458793180535,125,abrupt,0.0,0
12,145,0.6935784876225519,0.23907042574773021,33.02200321134548,124,abrupt,0.0,0
12,146,0.48324401017256047,0.23838381236093548,,123,abrupt,0.0,0
12,147,0.4299324909258163,0.2314274571208832,31.15458161741962,122,abrupt,0.0,0
12,148,0.49500744428529825,0.15641448246163817,31.68260459899629,121,abrupt,0.0,0
12,149,0.45052102297725194,0.20717165766923334,29.839057331858392,120,abrupt,0.0,0
12,150,0.6210917212378252,0.20030844728743277,31.209550742896347,119,abrupt,0.0,0
12,151,0.34920755581306195,0.18595187653020265,28.189964881735225,118,abrupt,0.0,0
12,152,0.5027863582333634,0.21256285139992565,31.225880517996696,117,abrupt,0.0,0
12,153,0.38748394678942866,0.21442529810196656,28.574948990844042,116,abrupt,0.0,0
12,154,0.5914519354020712,0.2563431238360318,30.726121845826626,115,abrupt,0.0,0
12,155,0.5909481350726804,0.18839783646494743,31.6299244356449,114,abrupt,0.0,0
12,156,0.35143512693901185,0.2163908633637467,27.774313798428985,113,abrupt,0.0,0
12,157,0.40398199352340813,0.1845788263903334,30.56378079897307,112,abrupt,0.0,0
12,158,0.7082402762042946,0.18515119515158746,34.3609050331745,111,abrupt,0.0,0
12,159,0.6712511282855604,0.2627139869853314,33.974946735408906,110,abrupt,0.0,0
12,160,0.47620276673955586,0.20063639088101307,30.70322543038509,109,abrupt,0.0,0
12,161,0.5251072033676314,0.2505559505189259,31.426897151200038,108,abrupt,0.0,0
12,162,0.5991991177340182,0.19849308584109393,31.549866759425186,107,abrupt,0.0,0
12,163,0.5881467204224716,0.26872420921520423,31.521334607038746,106,abrupt,0.0,0
12,164,0.6399358474112141,0.2531614390086497,33.395367683538055,105,abrupt,0.0,0
12,165,0.5093549947493781,0.23864770363877597,30.641792087867643,104,abrupt,0.0,0
12,166,0.5042638593587135,0.17521782505649086,30.560122304815504,103,abrupt,0.0,0
12,167,0.6691869713736349,0.2777766174962344,33.14237014041707,102,abrupt,0.0,0
12,168,0.7028811287066097,0.17090657860708383,32.489123786185324,101,abrupt,0.0,0
12,169,0.6993507693939768,0.22271727677469677,32.455619124452106,100,abrupt,0.0,0
12,170,0.5557746242545084,0.18765160412308673,29.879703403501594,99,abrupt,0.0,0
12,171,0.6151612779860646,0.24694596111896014,32.634196399452,98,abrupt,0.0,0
12,172,0.6221808154337672,0.221261710585221,31.48286821203419,97,abrupt,0.0,0
12,173,0.7999337300439016,0.24839292750024639,33.146593976378,96,abrupt,0.0,0
12,174,0.7365059299190913,0.2582740691084816,34.07976021649433,95,abrupt,0.0,0
12,175,0.8497973586044706,0.28046902907919824,,94,abrupt,0.0,0
12,176,0.8120754153177305,0.254486074575227,34.08580033309441,93,abrupt,0.0,0
12,177,0.9725677123595928,0.2812542890815983,38.72910172377366,92,abrupt,0.0,0
12,178,0.7798482738516685,0.20211380342287458,33.49567168211974,91,abrupt,0.0,0
12,179,0.7277383859778239,0.25001915010538284,34.352380764371695,90,abrupt,0.0,0
12,180,0.8348884358263936,0.269721513830077,36.240400547866486,89,abrupt,0.0,0
12,181,0.6671325312102827,0.24150882345339603,33.77586543942848,88,abrupt,0.0,0
12,182,0.6495967198631551,0.2913966708393901,32.23753644637862,87,abrupt,0.0,0
12,183,0.6091024876056814,0.2079781926345004,32.21055648548381,86,abrupt,0.0,0
12,184,0.771353260171657,0.2540615796189735,34.811036407356674,85,abrupt,0.0,0
12,185,0.7793336541976076,0.2627838960085075,34.70381263429274,84,abrupt,0.0,0
12,186,0.9352528900747915,0.2700795221715509,34.68586347566832,83,abrupt,0.0,0
12,187,0.7789920133412592,0.2514402501761935,33.66948857483785,82,abrupt,0.0,0
12,188,0.7999851433969875,0.2697887122347954,34.58474737410048,81,abrupt,0.0,0
12,189,1.0152751554401862,0.2616808711165921,37.94087651719531,80,abrupt,0.0,0
12,190,0.7379472702664982,0.22269102411142894,33.19814502272935,79,abrupt,0.0,0
12,191,0.8245870071795852,0.24247417106905716,36.040117120824576,78,abrupt,0.0,0
12,192,0.9647460800760804,0.29968356309326877,37.40356820567436,77,abrupt,0.0,0
12,193,0.6920273692023777,0.1803721738843289,33.01355211503589,76,abrupt,0.0,0
12,194,0.9314379341946978,0.23164728595135745,34.02152570477933,75,abrupt,0.0,0
12,195,0.8553371157438978,0.2838643867155306,35.47874955803962,74,abrupt,0.0,0
12,196,0.782907124571494,0.2135784160295626,36.05947942530528,73,abrupt,0.0,0
12,197,1.084918750745754,0.2892701091264557,38.41847525148667,72,abrupt,0.0,0
12,198,0.7676436865540245,0.269000937664782,33.307782001525325,71,abrupt,0.0,0
12,199,0.7166810915051782,0.23669540409208373,33.65920983940515,70,abrupt,0.0,0
12,200,0.8513888090749705,0.2883987671360617,36.07164027687933,69,abrupt,0.0,0
12,201,0.9592824092543444,0.22022615374181922,33.80459003535191,68,abrupt,0.0,0
12,202,0.9127886354849785,0.27096172835263854,36.83456470995182,67,abrupt,0.0,0
12,203,0.6535560674916316,0.20319426569760815,31.902245501075377,66,abrupt,0.0,0
12,204,0.8589025874558647,0.2879222265082866,36.296996382312585,65,abrupt,0.0,0
12,205,0.7145453587465019,0.23875919639630788,31.900382724377778,64,abrupt,0.0,0
12,206,0.7604031334395087,0.2902506974430568,33.76948868106705,63,abrupt,0.0,0
12,207,0.7925750546807669,0.2710684909806316,32.25500521537362,62,abrupt,0.0,0
12,208,0.8079518539314643,0.23517155614415067,37.391993485328946,61,abrupt,0.0,0
12,209,0.7781420034676048,0.22459755664239986,34.108781229356254,60,abrupt,0.0,0
12,210,0.9885051033036015,0.26098503156816155,36.08521505097146,59,abrupt,0.0,0
12,211,0.7120251604190392,0.20308021009233101,33.46751784525985,58,abrupt,0.0,0
12,212,0.5923523414189542,0.21674348615609743,32.81195365775435,57,abrupt,0.0,0
12,213,0.7131620712682997,0.2785019256692735,32.2292286375918,56,abrupt,0.0,0
12,214,0.6613848898789157,0.24794004483385618,32.561164831014054,55,abrupt,0.0,0
12,215,0.799544518488142,0.20140339836331955,35.242376781326,54,abrupt,0.0,0
12,216,0.4899130973150798,0.24530209931554103,30.591451427905362,53,abrupt,0.0,0
12,217,0.8701013160322401,0.2877756825954366,35.05336085627383,52,abrupt,0.0,0
12,218,0.7260058600446002,0.2506561702781561,32.75436738222196,51,abrupt,0.0,0
12,219,0.7846392889266341,0.2424495043947181,34.032348754310256,50,abrupt,0.0,0
12,220,0.6515249836176195,0.22965910044632776,33.01818853383868,49,abrupt,0.0,0
12,221,0.5843247310622333,0.21380728701744914,32.601742265323665,48,abrupt,0.0,0
12,222,0.6340976419486906,0.19851786350858144,32.891342166265964,47,abrupt,0.0,0
12,223,0.5289527985238796,0.24343244281133689,32.157671667147675,46,abrupt,0.0,0
12,224,0.60678142081723,0.18642141348534863,32.3244240791571,45,abrupt,0.0,0
12,225,0.5012474066577622,0.18568517700653747,30.4728827437122,44,abrupt,0.0,0
12,226,0.7432970646409744,0.26086514160268526,33.32297678127138,43,abrupt,0.0,0
12,227,0.7251240055563809,0.24152555976965256,32.080771654037754,42,abrupt,0.0,0
12,228,0.6030795044145111,0.15291839881633987,31.318786381570224,41,abrupt,0.0,0
12,229,0.4263863573481905,0.19191969057818253,28.892429954316498,40,abrupt,0.0,0
12,230,0.46066392726040817,0.21154026769692144,31.539744456106444,39,abrupt,0.0,0
12,231,0.7548930215002756,0.2294857598955389,35.31617911411591,38,abrupt,0.0,0
12,232,0.46482949280808006,0.18138877215036306,30.82828922096972,37,abrupt,0.0,0
12,233,0.4148099953229827,0.23369373340841276,29.823602958602493,36,abrupt,0.0,0
12,234,0.5132991276823895,0.21122809429576492,30.832009374057943,35,abrupt,0.0,0
12,235,0.7830919571780551,0.26213029266048626,34.87852606384375,34,abrupt,0.0,0
12,236,0.4529338766405319,0.21187361117670037,30.49113147768851,33,abrupt,0.0,0
12,237,0.42921796128257866,0.2171820673386165,30.288293249148342,32,abrupt,0.0,0
12,238,0.3527911641443887,0.15879544132692872,26.857025798816057,31,abrupt,0.0,0
12,239,0.3640272678106874,0.17347460017010413,29.79768242581858,30,abrupt,0.0,0
12,240,0.6070626693304647,0.25182319898649413,32.97853492306515,29,abrupt,0.0,0
12,241,0.5229653201518051,0.27799891707951335,29.636577006283233,28,abrupt,0.0,0
12,242,0.6230029109076465,0.21657824844211984,32.412500343941495,27,abrupt,0.0,0
12,243,0.4527185448536232,0.2112245660461887,31.527228116767102,26,abrupt,0.0,0
12,244,0.548240838745166,0.1747887249992681,32.104467483389826,25,abrupt,0.0,0
12,245,0.6662636363398245,0.24418306444891352,31.77707058747013,24,abrupt,0.0,0
12,246,0.638006684353383,0.2440814207104247,32.934420874111915,23,abrupt,0.0,0
12,247,0.6573537288007107,0.24618478787915754,33.73526552987329,22,abrupt,0.0,0
12,248,0.37568164386905034,0.1854219488432952,28.126750206082445,21,abrupt,0.0,0
12,249,0.43962210193855134,0.20531879415095028,31.657159180825055,20,abrupt,0.0,1
12,250,0.6457582925348995,0.26254825398327175,32.26436050249762,19,abrupt,0.0,1
12,251,0.7417638331637049,0.25903813700266926,33.86395939467862,18,abrupt,0.0,1
12,252,0.6656825498883614,0.3137211973280121,32.69000911401936,17,abrupt,0.0,1
12,253,0.43917260083221354,0.1683516972174104,29.39593133906238,16,abrupt,0.0,1
12,254,0.661280587040417,0.2702973605870545,33.30877493624038,15,abrupt,0.0,1
12,255,0.4858720884595992,0.1797137995632523,30.02809846066837,14,abrupt,0.0,1
12,256,0.5404612046239632,0.2139373695698202,31.684770637559648,13,abrupt,0.0,1
12,257,0.7260018556049345,0.23695061071145068,32.534198210530604,12,abrupt,0.0,1
12,258,0.7382362880166534,0.2828961674755884,33.08706121545618,11,abrupt,0.0,1
12,259,0.647872386791343,0.19025096279705517,34.28578792169485,10,abrupt,0.0,1
12,260,0.7535893688687463,0.25539539276577583,32.89169937961593,9,abrupt,0.0,1
12,261,0.639626758624457,0.20413847230943963,32.54257651706177,8,abrupt,0.0,1
12,262,0.8195870921138186,0.1722947854133754,34.285358073593414,7,abrupt,0.0,1
12,263,0.8843677974509633,0.5089219581643705,40.03069516637501,6,abrupt,0.16249248131859204,1
12,264,0.857668761736139,0.7012914749182856,42.293316883526096,5,abrupt,0.29777542080229225,1
12,265,0.6026547258593368,0.887551190921982,43.89005373056424,4,abrupt,0.42439132206644437,1
12,266,0.6150615873052327,1.0209102624686577,48.284072051293414,3,abrupt,0.5456880251593325,1
12,267,0.8273320684451421,1.2063851278410829,53.13468394841235,2,abrupt,0.6631769210596647,1
12,268,0.7844254935598268,1.3285367236436296,54.75197312961516,1,abrupt,0.7777178580060076,1
12,269,0.8656103001130203,1.517842136691572,57.31412327181424,0,abrupt,0.8898640010094623,1
13,0,0.7135913674516526,0.16525691538601323,50.777577848953804,271,abrupt,0.0,0
13,1,0.8319662567918529,0.21254436944434224,51.94837982067509,270,abrupt,0.0,0
13,2,0.9412929851044242,,52.49577587599952,269,abrupt,0.0,0
13,3,0.971558817856428,0.16263441893521524,52.87539223335989,268,abrupt,0.0,0
13,4,0.6636432470040975,0.22829547818243828,49.710917099907704,267,abrupt,0.0,0
13,5,0.7277375765352223,0.21323042804719722,49.93817306333258,266,abrupt,0.0,0
13,6,0.7525770152059992,0.18053012860685452,50.130324884459554,265,abrupt,0.0,0
13,7,0.9158114397268482,0.24123565895053445,50.57238560565141,264,abrupt,0.0,0
13,8,0.8889984815200617,0.19669169960687383,50.95687884617891,263,abrupt,0.0,0
13,9,0.8623474888952429,0.2160849136560527,52.07149195419485,262,abrupt,0.0,0
13,10,0.9732859643548128,0.1852336941477377,52.350148916736586,261,abrupt,0.0,0
13,11,1.1195323564732562,0.20356813280036132,54.734096709200166,260,abrupt,0.0,0
13,12,0.9340591754076467,0.19693511346713385,51.08637932107915,259,abrupt,0.0,0
13,13,0.9269522490309277,0.19579416611703784,53.201287460296655,258,abrupt,0.0,0
13,14,0.8993747035438543,0.1875338166872182,50.62971027396722,257,abrupt,0.0,0
13,15,0.8470004421126702,0.13383430123684312,51.955084620786224,256,abrupt,0.0,0
13,16,0.8976586500554178,0.21198039124729426,51.911417772191896,255,abrupt,0.0,0
13,17,0.6454336605313576,0.15781381502161038,50.41646282581401,254,abrupt,0.0,0
13,18,0.7908990767747229,0.16046050627602126,50.15366508596147,253,abrupt,0.0,0
13,19,0.8451928914155267,0.1551032633627533,51.69130566390105,252,abrupt,0.0,0
13,20,0.7422360894604147,0.15387343856192187,48.97417914639294,251,abrupt,0.0,0
13,21,0.4467897964283185,0.18683546351975736,46.64989122875149,250,abrupt,0.0,0
13,22,0.5454910659875235,0.14271245160551702,48.963504192867155,249,abrupt,0.0,0
13,23,0.6500982040823179,0.1706243634339456,49.662554602574865,248,abrupt,0.0,0
13,24,0.7407640443667785,0.22216361269181653,50.0199089762883,247,abrupt,0.0,0
13,25,0.6431052855409688,0.1561240292505784,48.25772288076915,246,abrupt,0.0,0
13,26,0.6235232044752507,0.11808219771133752,49.91512825777367,245,abrupt,0.0,0
13,27,0.6664171785982927,0.1793644547923427,48.94971896684146,244,abrupt,0.0,0
13,28,0.5820015079132436,0.15369413895739556,,243,abrupt,0.0,0
13,29,0.6373283763615467,0.18313450409550253,47.92563836029291,242,abrupt,0.0,0
13,30,0.5497562423495299,0.2013906456205572,48.333208676440734,241,abrupt,0.0,0
13,31,0.5651194117549536,0.1604253255672305,48.625433150186815,240,abrupt,0.0,0
13,32,0.47074563494417193,0.14839968969168568,46.63935139039096,239,abrupt,0.0,0
13,33,0.5400241840172747,0.16415727763137916,49.18554256327665,238,abrupt,0.0,0
13,34,0.4991775230192763,0.1783389827816227,46.45526995975188,237,abrupt,0.0,0
13,35,0.7433604553751404,0.20317040197681674,49.76753073294957,236,abrupt,0.0,0
13,36,0.5541883645110784,0.1548306558974693,47.3039100400931,235,abrupt,0.0,0
13,37,0.5159773642662029,0.14048900613137827,47.93596868331954,234,abrupt,0.0,0
13,38,0.5711836998480775,0.15018531016570782,47.33552312851817,233,abrupt,0.0,0
13,39,0.7416183585226989,0.22377337213774803,51.06408379134305,232,abrupt,0.0,0
13,40,0.7746818836278604,0.17747637667297692,52.10532696459123,231,abrupt,0.0,0
13,41,0.9719127169610671,0.1967541256761879,52.084294694966175,230,abrupt,0.0,0
13,42,0.7939662196202641,0.23055751937928376,49.20327334991557,229,abrupt,0.0,0
13,43,0.7790178714881479,0.20554562064707732,49.8632739888776,228,abrupt,0.0,0
13,44,0.88434716001687,0.18158752570022255,51.198437774287015,227,abrupt,0.0,0
13,45,0.8781862410543363,0.21906356709626734,52.6537152823441,226,abrupt,0.0,0
13,46,0.9444534030575218,0.22148827335721552,52.698297042561826,225,abrupt,0.0,0
13,47,0.8975341402936975,0.22922043428376596,51.08907388322175,224,abrupt,0.0,0
13,48,0.7906338026204032,0.15806531015794267,50.02077474545576,223,abrupt,0.0,0
13,49,0.7935759700708827,0.18195910820379196,51.97375538006016,222,abrupt,0.0,0
13,50,0.8553042704259253,0.257539381826971,52.42141833568687,221,abrupt,0.0,0
13,51,0.8039001411107218,0.16064691069862894,50.03893023231066,220,abrupt,0.0,0
13,52,0.9046210587492416,0.14542967557904465,52.20895156441684,219,abrupt,0.0,0
13,53,0.8868340086617632,0.21761238228793536,53.080318287944486,218,abrupt,0.0,0
13,54,0.6727710978470118,0.14003382265181316,49.07650759562721,217,abrupt,0.0,0
13,55,0.7687953035477814,,50.05747483136545,216,abrupt,0.0,0
13,56,0.7216113098999603,0.12949929472695398,49.083015667080275,215,abrupt,0.0,0
13,57,0.8985273171396935,0.19605486699117966,51.219253170652486,214,abrupt,0.0,0
13,58,0.767952280001311,0.1797603209441132,50.352319892884566,213,abrupt,0.0,0
13,59,0.6194455302415157,0.17500683918687301,49.53158750532507,212,abrupt,0.0,0
13,60,0.6748941197337069,0.16427274565528358,48.87986879042349,211,abrupt,0.0,0
13,61,0.6354914809881616,0.13167026164360895,49.45595564505808,210,abrupt,0.0,0
13,62,0.6487708246102724,0.15567057881018653,48.52777934078427,209,abrupt,0.0,0
13,63,0.3949939507674116,0.11567117319446646,46.44230117141141,208,abrupt,0.0,0
13,64,0.4325768826785069,0.1747144366895639,46.77966004380377,207,abrupt,0.0,0
13,65,0.6221441264981061,0.22386356353930975,48.70687974307361,206,abrupt,0.0,0
13,66,0.5568057768205039,0.1411043795483607,46.73378388317656,205,abrupt,0.0,0
13,67,0.639676149421278,0.2280360257983176,49.82094357354188,204,abrupt,0.0,0
13,68,0.5956656204880442,0.16310901668991631,50.2833339800564,203,abrupt,0.0,0
13,69,0.5574460693295789,0.1891901327079958,48.950540175062315,202,abrupt,0.0,0
13,70,0.4275107509150824,0.15069466767934486,44.5701868339225,201,abrupt,0.0,0
13,71,0.7157434913505017,0.14082773748941727,49.80161871829666,200,abrupt,0.0,0
13,72,0.52466741425492,0.1691329525290703,47.98021679727283,199,abrupt,0.0,0
13,73,0.5728805644246378,0.19564197736496972,46.323918530639816,198,abrupt,0.0,0
13,74,0.6264423960484078,0.11263804222131735,50.02866429091311,197,abrupt,0.0,0
13,75,0.6083927412143209,0.1715906867798647,49.32842623352964,196,abrupt,0.0,0
13,76,0.5792118739675168,0.14947932390312033,48.124368679796866,195,abrupt,0.0,0
13,77,0.641012335192657,0.1688076175394477,48.07612949110268,194,abrupt,0.0,0
13,78,0.573641307440347,0.13895835779540777,46.560853957251446,193,abrupt,0.0,0
13,79,0.7705411404234889,0.19127497613486788,51.21348664436647,192,abrupt,0.0,0
13,80,0.64770057348617,0.08544239716735379,47.54958438458466,191,abrupt,0.0,0
13,81,0.5275266298104484,0.15239185187504414,48.551314987523256,190,abrupt,0.0,0
13,82,0.8006343877930423,0.22718516106552536,50.5271124432725,189,abrupt,0.0,0
13,83,0.8767910989230154,0.17254032462788446,51.543615238769014,188,abrupt,0.0,0
13,84,0.7905748195314128,0.1911610127375465,50.07913112741927,187,abrupt,0.0,0
13,85,0.8972387200823362,0.19140055080837548,51.00561488734496,186,abrupt,0.0,0
13,86,0.9608315589517477,0.1620816089836204,52.34675163233907,185,abrupt,0.0,0
13,87,0.9280003780817758,0.23107956229801968,52.31631274080182,184,abrupt,0.0,0
13,88,0.8694915788537614,0.22291844806225194,51.2843747450578,183,abrupt,0.0,0
13,89,0.6574076045694495,0.21720689704002655,49.165009991920776,182,abrupt,0.0,0
13,90,1.0529307674045667,0.2261907833255002,53.739615759220456,181,abrupt,0.0,0
13,91,0.786852742263277,0.18141345580408322,49.59205777228724,180,abrupt,0.0,0
13,92,0.7150680870338132,0.20618468180826838,49.97229778965043,179,abrupt,0.0,0
13,93,0.9818930827390644,0.21149073598802653,53.45639037494834,178,abrupt,0.0,0
13,94,0.8613006405529025,0.21835152204663183,51.37685205869736,177,abrupt,0.0,0
13,95,0.8213499124148089,0.1553764323026328,49.00655942914984,176,abrupt,0.0,0
13,96,0.8238017104027022,0.20689726170398645,52.730336921884515,175,abrupt,0.0,0
13,97,0.7509695202747847,0.12948112329455913,49.39238882118893,174,abrupt,0.0,0
13,98,0.783590154438183,0.20613733601929113,50.810938223489465,173,abrupt,0.0,0
13,99,0.6596375180315891,0.15350353800803646,51.126742320838865,172,abrupt,0.0,0
13,100,0.6372407643285078,0.1432765715857915,49.078583936481024,171,abrupt,0.0,0
13,101,0.7463484884458641,0.19915568150709093,50.043715311395545,170,abrupt,0.0,0
13,102,0.8067654390830576,0.16945604695679195,51.62204699398969,169,abrupt,0.0,0
13,103,0.4702438592061634,0.12345764488605633,48.3537439141479,168,abrupt,0.0,0
13,104,0.5464778087950986,0.1444644933957708,49.28661809599876,167,abrupt,0.0,0
13,105,0.42585969779964383,0.16644407037381,46.656563521948556,166,abrupt,0.0,0
13,106,0.4908786644614802,0.18511944486407317,46.462303704611024,165,abrupt,0.0,0
13,107,0.5880616984264744,0.16266540355938475,48.33325642859681,164,abrupt,0.0,0
13,108,0.6064675373148379,0.15210924115150662,49.4182552546323,163,abrupt,0.0,0
13,109,0.5643181288363706,0.1424892908303543,46.899103486200715,162,abrupt,0.0,0
13,110,0.6211512010016481,0.16911631235373714,,161,abrupt,0.0,0
13,111,0.6113202994857497,0.13701721520823126,47.74757768354974,160,abrupt,0.0,0
13,112,0.6488597564484484,0.181746417661744,49.21801129144961,159,abrupt,0.0,0
13,113,0.8350309348695573,0.18937798420349414,51.374004878946444,158,abrupt,0.0,0
13,114,0.4697967944105148,0.1902787437917299,46.42045247221517,157,abrupt,0.0,0
13,115,0.5723415072754297,0.12809877404051764,48.4956178598945,156,abrupt,0.0,0
13,116,0.7528486761042918,0.18650914911447963,50.04202922444301,155,abrupt,0.0,0
13,117,0.8327952097793287,0.17195240344422194,51.2942813181104,154,abrupt,0.0,0
13,118,0.49167494791204663,0.17336283991151574,45.35986817448661,153,abrupt,0.0,0
13,119,0.707757779887453,0.1445197021693183,48.255288681579536,152,abrupt,0.0,0
13,120,0.650011733931378,0.09718936649918104,49.23528182813513,151,abrupt,0.0,0
13,121,0.7169707109440507,0.20526483336197046,49.297617578002075,150,abrupt,0.0,0
13,122,0.8367564487503255,0.23000402345078177,53.00689426312483,149,abrupt,0.0,0
13,123,0.7929793197616501,0.14703018510127008,50.17972597847969,148,abrupt,0.0,0
13,124,0.8254319396318562,0.20195860022871717,49.712869193615624,147,abrupt,0.0,0
13,125,1.0020666884505922,0.16136439143287395,52.24082630641708,146,abrupt,0.0,0
13,126,0.865277677319922,0.1894439270473538,51.11455381810479,145,abrupt,0.0,0
13,127,0.7165168685939114,0.16982983860534123,50.93374253578262,144,abrupt,0.0,0
13,128,0.7074587252304722,0.19625078370899504,50.9030185672373,143,abrupt,0.0,0
13,129,0.9048281334226702,,51.73497679277655,142,abrupt,0.0,0
13,130,0.8043264853386184,0.16174665032763916,52.02096137697285,141,abrupt,0.0,0
13,131,0.7810662198620981,0.17070959289583093,52.80511051698531,140,abrupt,0.0,0
13,132,0.8661910515198272,0.17168127265308528,51.865334868633745,139,abrupt,0.0,0
13,133,0.8119097045434677,0.21181630584599273,51.26575953904741,138,abrupt,0.0,0
13,134,0.7464931118852136,0.17319765039264376,49.876654466299605,137,abrupt,0.0,0
13,135,0.8610791945494862,0.22534158757633216,50.60733447308029,136,abrupt,0.0,0
13,136,0.7740713612885037,0.1552217470974473,49.01574556463667,135,abrupt,0.0,0
13,137,0.8171888403076585,0.18735205589932225,50.53937195327231,134,abrupt,0.0,0
13,138,0.8233275538142062,0.1877681813072558,51.53034432151027,133,abrupt,0.0,0
13,139,0.8319581657772012,0.21755078901846583,51.05805947071353,132,abrupt,0.0,0
13,140,0.6965563382146163,0.18837208600108085,49.51990886566139,131,abrupt,0.0,0
13,141,0.7930946276252772,0.17177014970458862,50.792706183796334,130,abrupt,0.0,0
13,142,0.5193526932034273,0.19642983647360707,50.02177414174019,129,abrupt,0.0,0
13,143,0.5413456850201935,0.17925333439583296,47.0120130157358,128,abrupt,0.0,0
13,144,0.5484071266298377,0.135508338475575,47.35681077719536,127,abrupt,0.0,0
13,145,0.5979280364558162,0.09152008332606687,48.51811952531668,126,abrupt,0.0,0
13,146,0.5845873915537293,0.1792762302761454,49.64546461669522,125,abrupt,0.0,0
13,147,0.5355256043027579,0.11856107923997444,46.202308088399796,124,abrupt,0.0,0
13,148,0.5220479746561532,0.1761486908684199,47.781509911634046,123,abrupt,0.0,0
13,149,0.617188484714724,0.18224020359356938,49.17265958493691,122,abrupt,0.0,0
13,150,0.5105651000546916,0.18000971200441573,47.14807230333834,121,abrupt,0.0,0
13,151,0.5226481462737795,0.15319287487117011,46.83944920316407,120,abrupt,0.0,0
13,152,0.6940785141809309,0.17592513990300337,48.64759607917347,119,abrupt,0.0,0
13,153,0.66568959838722,0.12196609978498223,50.73299427678575,118,abrupt,0.0,0
13,154,0.43220350910434935,0.20194200489556163,45.82860423733273,117,abrupt,0.0,0
13,155,0.47928598351747187,0.16738414456921108,48.07258967442279,116,abrupt,0.0,0
13,156,0.6100139171982322,0.13330516605058176,47.429453989299525,115,abrupt,0.0,0
13,157,0.5473522696759654,0.11866469344339804,46.78901320400371,114,abrupt,0.0,0
13,158,0.7659870846667559,0.22494708369507777,50.64695822291406,113,abrupt,0.0,0
13,159,0.7005503378357154,0.18404222975354192,49.77579196382988,112,abrupt,0.0,0
13,160,0.6511251939868384,0.1621401856914956,48.59316659814793,111,abrupt,0.0,0
13,161,0.7424883892809185,0.15178220395763137,48.74209326525166,110,abrupt,0.0,0
13,162,0.9964961202104283,0.2598710409056475,53.65277600167204,109,abrupt,0.0,0
13,163,0.8547336545688539,0.21284985848144916,51.82858574889656,108,abrupt,0.0,0
13,164,0.8293582056747827,0.13965913759583068,52.841974741400854,107,abrupt,0.0,0
13,165,0.8140853806728039,0.17602258788496425,52.2445435973079,106,abrupt,0.0,0
13,166,0.8015951054023396,0.1625912992295488,50.29927970250179,105,abrupt,0.0,0
13,167,0.9137013790253614,,52.46212786596233,104,abrupt,0.0,0
13,168,0.8189114290743765,,52.13005792992138,103,abrupt,0.0,0
13,169,0.9557956822459687,0.1766817615387523,54.59225391123721,102,abrupt,0.0,0
13,170,0.8322169809082571,0.2150222699398964,51.534951565877066,101,abrupt,0.0,0
13,171,0.784650240363276,0.1964018800807847,,100,abrupt,0.0,0
13,172,0.7660062542695133,0.14773719841264077,50.766063227909726,99,abrupt,0.0,0
13,173,0.8176688538012193,0.19791529557202517,49.872253580789554,98,abrupt,0.0,0
13,174,0.8530920441625486,0.1855226916543748,51.25787862174249,97,abrupt,0.0,0
13,175,0.695666102507737,0.2063032979781689,48.83885936134949,96,abrupt,0.0,0
13,176,0.6816816923534721,0.15309964637073467,50.09279839409667,95,abrupt,0.0,0
13,177,0.7990430156597723,0.16544637101580895,51.32907462812925,94,abrupt,0.0,0
13,178,0.8241660560472052,0.17735739922196012,50.88984226671739,93,abrupt,0.0,0
13,179,0.6564491983112036,0.17135798345457556,49.274755118912346,92,abrupt,0.0,0
13,180,0.6587813018288756,0.1557955437290095,48.93620399492439,91,abrupt,0.0,0
13,181,0.3778470491793253,0.15739607633281114,45.05388122795353,90,abrupt,0.0,0
13,182,0.38879975572813036,0.11964236494389209,46.20659076939604,89,abrupt,0.0,0
13,183,0.5814938272604765,0.19373992947868662,48.15966249400982,88,abrupt,0.0,0
13,184,0.5970919832592135,0.19672958427193415,48.23174043963701,87,abrupt,0.0,0
13,185,0.4810567976326039,0.15086422890306478,46.99264540486362,86,abrupt,0.0,0
13,186,0.48053358967259785,0.15050682006688418,48.45715420239141,85,abrupt,0.0,0
13,187,0.6414493152023434,0.2025580415444773,49.31108143405085,84,abrupt,0.0,0
13,188,0.536957654232075,0.22265348911357685,45.937545210036426,83,abrupt,0.0,0
13,189,0.47776877107617977,0.12811231401134254,45.63789721655646,82,abrupt,0.0,0
13,190,0.42052860453254004,0.13333022465929484,45.61668556958375,81,abrupt,0.0,0
13,191,0.5431383153136968,0.1471952918023202,46.902565756039564,80,abrupt,0.0,0
13,192,0.6816847460463284,0.18892723306521556,49.996250740349666,79,abrupt,0.0,0
13,193,0.8753673286654944,0.19165527279672892,52.392380282569476,78,abrupt,0.0,0
13,194,0.512017757586902,0.1542945724139562,47.16938286311515,77,abrupt,0.0,0
13,195,0.6967099302704731,0.21981190355979496,50.80267984101355,76,abrupt,0.0,0
13,196,0.6093510772058198,0.17151681607627764,47.812438728270685,75,abrupt,0.0,0
13,197,0.6302942064051346,0.15054838845765103,48.97447049280754,74,abrupt,0.0,0
13,198,0.5999931299019703,0.14497073245795375,48.63062279021462,73,abrupt,0.0,0
13,199,0.5840883243052701,0.14663605506475955,47.63283893655991,72,abrupt,0.0,0
13,200,0.8370065738062314,0.1663633819735645,52.23716043886204,71,abrupt,0.0,0
13,201,0.7156662823036757,0.21040085754375565,49.23163769565862,70,abrupt,0.0,0
13,202,0.8807603015614927,0.1450817942141773,52.91408961081218,69,abrupt,0.0,0
13,203,0.7653726031307201,0.1553035338452109,50.48890028178669,68,abrupt,0.0,0
13,204,0.873123549121016,0.15809096814762652,51.11111020776633,67,abrupt,0.0,0
13,205,0.7885867402923048,0.11079560652898686,52.94014612869338,66,abrupt,0.0,0
13,206,1.0021201263212811,0.16925723251889743,53.81618885239918,65,abrupt,0.0,0
13,207,0.8602740046345075,0.22655243111389292,51.45371728772946,64,abrupt,0.0,0
13,208,0.7291811790070732,0.17038498363129848,49.67738060920165,63,abrupt,0.0,0
13,209,0.9342449440116752,0.13206507894184644,53.05887936460894,62,abrupt,0.0,0
13,210,0.7142005664003391,0.19999560980203834,49.65413287442072,61,abrupt,0.0,0
13,211,0.8633096457555878,0.1749214199527962,51.735547026708424,60,abrupt,0.0,0
13,212,0.6900923356194711,0.1903269332656154,,59,abrupt,0.0,0
13,213,0.8880013646262692,0.19446574175267906,52.72475203614831,58,abrupt,0.0,0
13,214,0.7757064835977289,0.11153990513007093,49.98018732613857,57,abrupt,0.0,0
13,215,0.8474475928196555,0.17475055150489946,50.94873108448818,56,abrupt,0.0,0
13,216,0.5247193287608959,0.1652220133578391,50.048662847771695,55,abrupt,0.0,0
13,217,0.5175801803138371,0.16029435220937316,49.04034456227793,54,abrupt,0.0,0
13,218,0.7439029170338409,0.16494002704059313,50.999332775682795,53,abrupt,0.0,0
13,219,0.5131735806397764,0.1358488363405983,48.630075442089826,52,abrupt,0.0,0
13,220,0.7565292588477733,0.14860204475444336,51.66156400836118,51,abrupt,0.0,0
13,221,0.6073753581758481,0.12881608635276845,48.24449728150624,50,abrupt,0.0,0
13,222,0.6708449195727232,0.23241237305574905,51.38945456435345,49,abrupt,0.0,0
13,223,0.6851130542848838,0.2939423797473461,50.65840551273151,48,abrupt,0.0,0
13,224,0.5488870877799116,0.18309065105711889,48.81606264788838,47,abrupt,0.0,0
13,225,0.5635204203366629,0.11308891368364711,46.33863284160132,46,abrupt,0.0,0
13,226,0.6534647103958208,0.1326014996020107,50.137571755027345,45,abrupt,0.0,0
13,227,0.5425127439132462,0.15936248284832266,48.336770631947786,44,abrupt,0.0,0
13,228,0.6358299273233523,0.0859328718570884,49.071564130619095,43,abrupt,0.0,0
13,229,0.5560720745055894,0.15118376760902721,48.71182898340174,42,abrupt,0.0,0
13,230,0.7272749716126046,0.1996572029341239,50.6350996623924,41,abrupt,0.0,0
13,231,0.5296881097611952,0.1639739802787229,48.258469424548586,40,abrupt,0.0,0
13,232,0.5175716388505904,0.16539526363470503,45.81042511106545,39,abrupt,0.0,0
13,233,0.6257363024299314,0.12944832916011162,48.81260952986229,38,abrupt,0.0,0
13,234,0.7266875332289028,0.2229268184338892,49.934322168149826,37,abrupt,0.0,0
13,235,0.7310554796627223,0.1818479133614834,50.09749505930974,36,abrupt,0.0,0
13,236,0.8235959320624702,0.178169951724226,52.05381279970082,35,abrupt,0.0,0
13,237,0.5560237636618197,0.13700037840549595,47.381250280949054,34,abrupt,0.0,0
13,238,0.7712352650251039,0.20403859035094413,49.54074972874327,33,abrupt,0.0,0
13,239,0.7959902333264985,0.17282205127775552,51.43056056548997,32,abrupt,0.0,0
13,240,0.7834947286322346,0.1732681921734062,50.762513973304465,31,abrupt,0.0,0
13,241,0.6272192773308309,0.1569050615416527,49.956195604413864,30,abrupt,0.0,0
13,242,0.9902847716825561,0.1855913433108633,54.27962606990158,29,abrupt,0.0,0
13,243,0.906108216085932,0.13173638150846437,53.75326813578416,28,abrupt,0.0,0
13,244,0.8865987969270127,0.18873641836222965,51.72006743090411,27,abrupt,0.0,0
13,245,0.7437731570403843,0.19634741682241405,48.85564789060037,26,abrupt,0.0,0
13,246,0.8932308157068938,0.196128755923235,52.241379770293385,25,abrupt,0.0,0
13,247,0.8652318563969287,0.22294828691092217,51.966324128174534,24,abrupt,0.0,0
13,248,0.871782424749967,0.13711451934232208,52.92432896476399,23,abrupt,0.0,0
13,249,0.7475026667123736,0.17548585496242708,49.90344431587419,22,abrupt,0.0,0
13,250,0.9269000028939435,0.13526878982282137,51.59203549060498,21,abrupt,0.0,0
13,251,0.6821290286088584,0.15609630535007507,49.39035137870093,20,abrupt,0.0,1
13,252,0.7408386537335098,0.18676172182523498,53.50325649464692,19,abrupt,0.037553640718612585,1
13,253,0.7196581260042911,0.25730859486782787,50.553945387681395,18,abrupt,0.07927958533358058,1
13,254,0.7641035457773471,0.3126085845859933,52.710624367872185,17,abrupt,0.12274029280588344,1
13,255,0.7045429688962874,0.3477506047698368,50.675841530676024,16,abrupt,0.16736733191222514,1
13,256,0.762629759349272,0.3605553390372264,55.29852447372391,15,abrupt,0.21288220552132486,1
13,257,0.7758318563556914,0.4827632289117327,54.716658394202916,14,abrupt,0.25911734072030623,1
13,258,0.49870978300186486,0.47455952939902923,52.52895507034946,13,abrupt,0.3059601689072432,1
13,259,0.753133560542392,0.5379056098975,56.52678396828711,12,abrupt,0.35332959517324725,1
13,260,0.704059148927899,0.5529185653687991,57.55879595242616,11,abrupt,0.4011642863326244,1
13,261,0.6569635707534869,0.5604280218948369,56.67567783492044,10,abrupt,0.44941615927703965,1
13,262,0.5887858722138767,0.6635572794041517,59.108599805111176,9,abrupt,0.49804646199259994,1
13,263,0.6696594503111217,0.7176586257930504,57.383603008255285,8,abrupt,0.5470232694340199,1
13,264,0.648618334118128,0.7004779533554611,60.38007861980191,7,abrupt,0.596319806534544,1
13,265,0.6035839776601464,0.7782816524353978,59.2291237991316,6,abrupt,0.6459132817856565,1
13,266,0.43319969016755505,0.8267789432535375,58.94860094336713,5,abrupt,0.6957840501972777,1
13,267,0.5402178150801923,0.9009730706556864,62.001374752977306,4,abrupt,0.7459149966659167,1
13,268,0.3,0.9241731680819155,57.77589839378866,3,abrupt,0.7962910714512481,1
13,269,0.49137064608267195,0.9911678759204782,63.659153750059744,2,abrupt,0.8468989334322856,1
13,270,0.5607141906486646,1.01224631033593,62.19066111911529,1,abrupt,0.8977266714967478,1
13,271,0.4787212863766349,1.1291299670548374,64.6514564047697,0,abrupt,0.9487635837138733,1
14,0,0.8180461918865448,0.4063282677489975,46.02129495623503,306,gradual,0.0,0
14,1,0.7227881512092599,0.36939414963878264,43.84572774939097,305,gradual,0.0,0
14,2,0.8147921315445701,0.34676742177305137,44.95399210937645,304,gradual,0.0,0
14,3,0.5401599079278758,0.34381546336708385,39.80068778606604,303,gradual,0.0,0
14,4,0.8787803108314425,0.44567261827610466,43.287194310223704,302,gradual,0.0,0
14,5,0.7097702903771,0.4031326079887875,40.7816708120144,301,gradual,0.0,0
14,6,0.9050111938872276,0.4110713377139533,45.92870126348995,300,gradual,0.0,0
14,7,0.6450301618137865,0.3696942763275402,42.82062849914476,299,gradual,0.0,0
14,8,0.7061732690198956,0.3597959271103744,,298,gradual,0.0,0
14,9,0.838072859471419,0.3886694141832593,42.675782144399996,297,gradual,0.0,0
14,10,0.9301479260869362,0.46650507635440186,46.646462180676814,296,gradual,0.0,0
14,11,0.7879332142107757,0.36638798778980985,44.45379993515516,295,gradual,0.0,0
14,12,0.7555612064397935,0.39123067751113777,43.02921505427229,294,gradual,0.0,0
14,13,0.6348501452127254,0.3644524428622581,41.48949210899843,293,gradual,0.0,0
14,14,0.9112462477737269,0.480649012171516,46.58362419835307,292,gradual,0.0,0
14,15,0.7771047219037984,0.3705113118938242,45.41635791676793,291,gradual,0.0,0
14,16,0.8502449548235238,0.4014010237635902,43.8072226024232,290,gradual,0.0,0
14,17,0.8516111425956413,0.42013705106108895,44.98357554418029,289,gradual,0.0,0
14,18,0.9235756942215334,0.43464421099915895,45.03400170679378,288,gradual,0.0,0
14,19,0.9004235831659032,0.4488739240375196,44.400763071340435,287,gradual,0.0,0
14,20,0.7744585287522681,0.36127150432789834,43.87478984583513,286,gradual,0.0,0
14,21,0.8828132833595724,0.39392277666135866,44.51612064415515,285,gradual,0.0,0
14,22,0.6890059659056439,0.4307967430539961,41.58469622048753,284,gradual,0.0,0
14,23,0.8323211150634662,0.39428944533523,44.649437138392805,283,gradual,0.0,0
14,24,0.8221358986114666,0.3984324853336274,43.85272107878561,282,gradual,0.0,0
14,25,0.9004901059530976,0.4447361367432087,45.471484014853566,281,gradual,0.0,0
14,26,0.7822442277711239,0.4000133802339761,44.65347308744188,280,gradual,0.0,0
14,27,0.8903964201661624,0.46803754195581565,45.02565838343506,279,gradual,0.0,0
14,28,0.9403582264789307,0.39034091429841594,45.21873559264602,278,gradual,0.0,0
14,29,0.8937304924723418,0.4174082062091488,44.48993966534785,277,gradual,0.0,0
14,30,0.7274036610749266,0.3579627848776174,,276,gradual,0.0,0
14,31,0.5950172550924054,0.3687492932972272,40.86870895040393,275,gradual,0.0,0
14,32,0.7007281325099878,0.4149789336604122,43.33791762147607,274,gradual,0.0,0
14,33,0.6417655923687776,0.40627744511462427,41.04766712820132,273,gradual,0.0,0
14,34,0.6742945643357939,0.372595303181051,41.92266234212628,272,gradual,0.0,0
14,35,0.6221006692922284,0.34027129639898723,42.2680610304282,271,gradual,0.0,0
14,36,0.8071869665587978,0.38514249310750565,41.96002215501606,270,gradual,0.0,0
14,37,0.6125616004344744,0.3191639646698815,41.08164554971619,269,gradual,0.0,0
14,38,0.6248195258829026,0.3132061082890944,41.16596399792748,268,gradual,0.0,0
14,39,0.6739020599026476,0.4256011815600248,44.46428467680337,267,gradual,0.0,0
14,40,0.4804617008912726,0.3392744733104044,40.88351778075571,266,gradual,0.0,0
14,41,0.6659784059558365,0.3815665669915574,39.64177021353066,265,gradual,0.0,0
14,42,0.6539298012465481,0.34892507023040403,42.68693618661962,264,gradual,0.0,0
14,43,0.6871558968890769,0.39831513582936545,41.442035360800965,263,gradual,0.0,0
14,44,0.6059524627056956,0.4032103416934225,41.285201857514785,262,gradual,0.0,0
14,45,0.5404023617734686,0.4081513316755441,40.44287207352268,261,gradual,0.0,0
14,46,0.38855963642337554,0.3281744528724686,39.3907276726521,260,gradual,0.0,0
14,47,0.5330462869988428,0.3404774965220373,41.75837680908277,259,gradual,0.0,0
14,48,0.5819076179057663,0.33914284252528376,39.9128485808758,258,gradual,0.0,0
14,49,0.4527452351659244,0.3039313681059153,40.251654232812456,257,gradual,0.0,0
14,50,0.6823849260579397,0.30247641684986665,41.61761715891411,256,gradual,0.0,0
14,51,0.5755115559630705,0.40206622570958694,40.40720189635892,255,gradual,0.0,0
14,52,0.6636107641138381,0.3265997778904812,42.54096938554153,254,gradual,0.0,0
14,53,0.7335438997421717,0.4484235667906716,44.10101747508692,253,gradual,0.0,0
14,54,0.5633974351458068,0.3459334017996952,42.07780355111885,252,gradual,0.0,0
14,55,0.5347916144406486,0.32932482148926323,42.51351652655228,251,gradual,0.0,0
14,56,0.5434148580418949,0.38096101988996206,41.003568739535204,250,gradual,0.0,0
14,57,0.662756761367194,0.36500976622502923,40.895960336883995,249,gradual,0.0,0
14,58,0.6914932207974758,0.41589939352060395,40.097944203135846,248,gradual,0.0,0
14,59,0.7533321802196294,0.44960091234150035,43.80767708731312,247,gradual,0.0,0
14,60,0.7570936123611384,0.3907509504263733,,246,gradual,0.0,0
14,61,0.5747149911539844,0.3450154180700341,40.95350318305597,245,gradual,0.0,0
14,62,0.5779514327557408,0.321293851119492,41.812854567388165,244,gradual,0.0,0
14,63,0.8249526630012877,0.42714393819062113,46.339169200275876,243,gradual,0.0,0
14,64,0.8267181026568037,0.3958951113444732,44.96894516124658,242,gradual,0.0,0
14,65,0.7218279288269512,0.36342930694955716,44.00835842998614,241,gradual,0.0,0
14,66,0.8367711954578247,0.4191219303027859,44.02692854416024,240,gradual,0.0,0
14,67,0.6918703168754579,0.3902147840919679,42.148021282649765,239,gradual,0.0,0
14,68,0.7571429244890017,0.38032883961775266,45.73139590160377,238,gradual,0.0,0
14,69,0.8003051460172557,0.39569606597966,43.74263344952303,237,gradual,0.0,0
14,70,0.8101858123870019,0.43981471093410585,44.12336460081957,236,gradual,0.0,0
14,71,0.9485733541094117,0.46025695753741747,44.33515737150377,235,gradual,0.0,0
14,72,0.8334151043919638,0.45303674085100765,,234,gradual,0.0,0
14,73,0.8675888557206177,0.42624908691270824,46.05435463027547,233,gradual,0.0,0
14,74,0.8276470777605283,0.399999330304013,44.19088110892223,232,gradual,0.0,0
14,75,0.978114968478162,0.48293342437083525,44.62652635837615,231,gradual,0.0,0
14,76,0.7868934356658475,0.40074484755194184,42.341465782616744,230,gradual,0.0,0
14,77,0.833372767697181,0.3482858635336151,43.85763688923723,229,gradual,0.0,0
14,78,0.8501618845949777,0.40872406155014757,46.84201632727401,228,gradual,0.0,0
14,79,0.8643142185002226,0.41835741236960855,43.29076385974025,227,gradual,0.0,0
14,80,0.726687064918758,,43.7552847847031,226,gradual,0.0,0
14,81,0.734769545685815,0.4353207117636684,41.7646604215178,225,gradual,0.0,0
14,82,0.8446348733669431,0.4127608624500008,42.74869249507005,224,gradual,0.0,0
14,83,0.8969428043920307,0.4533145049725533,43.725967104665585,223,gradual,0.0,0
14,84,0.8282857621678686,0.4112914094423199,44.56339204450168,222,gradual,0.0,0
14,85,0.8999080575608814,0.43653142880246465,44.2810266507758,221,gradual,0.0,0
14,86,0.7569544264584218,0.3604789776496559,41.693450589166005,220,gradual,0.0,0
14,87,0.9960336474342971,0.43465198413007394,47.13286586150807,219,gradual,0.0,0
14,88,0.6832396595714241,0.42296113744294,42.79927719419942,218,gradual,0.0,0
14,89,0.5876120205567962,0.3265353673413148,44.410784089794234,217,gradual,0.0,0
14,90,0.9421205151384138,0.40612755551906177,44.27097066361464,216,gradual,0.0,0
14,91,0.9785858208819109,0.4260524249118668,48.07704778259869,215,gradual,0.0,0
14,92,0.6527375982121408,0.3465203361145769,40.94360398876575,214,gradual,0.0,0
14,93,0.6650466613891779,0.36980546901598216,41.635667171433376,213,gradual,0.0,0
14,94,0.8187662799226975,0.4586271883403131,44.869256240725164,212,gradual,0.0,0
14,95,0.6199393272714281,0.35085993171339125,39.72226724836497,211,gradual,0.0,0
14,96,0.6198610789110247,0.36171044597387825,43.438733612288615,210,gradual,0.0,0
14,97,0.5112434332035855,0.35392856195132055,39.30011007877654,209,gradual,0.0,0
14,98,0.6163674919266298,0.3058568807749447,40.36102505370269,208,gradual,0.0,0
14,99,0.5309882216210543,0.32026483996609273,40.23247251028709,207,gradual,0.0,0
14,100,0.6375211921109771,0.3205880205591904,43.528798343424,206,gradual,0.0,0
14,101,0.6573850769496555,0.31121934987014227,41.36555893653419,205,gradual,0.0,0
14,102,0.5038221742259459,0.3589473592938426,40.60023605337426,204,gradual,0.0,0
14,103,0.5748912419512089,0.4002411879706655,42.43051560310516,203,gradual,0.0,0
14,104,0.572271170736015,0.34023211210074034,39.135657540180276,202,gradual,0.0,0
14,105,0.5557681806551955,0.3696686470271835,42.024035759099206,201,gradual,0.0,0
14,106,0.5166882371013556,0.3662132426866076,40.57461279732785,200,gradual,0.0,0
14,107,0.6106569707964626,0.3710144293143028,41.48669136762666,199,gradual,0.0,0
14,108,0.6650599989167251,0.40166990714633977,43.56733191163066,198,gradual,0.0,0
14,109,0.5160630335258841,0.332442280608967,,197,gradual,0.0,0
14,110,0.6927806860162696,0.3668367178016786,42.589864005632386,196,gradual,0.0,0
14,111,0.7218700264222756,0.35181176576011536,41.46790598677589,195,gradual,0.0,0
14,112,0.5004444521413169,0.3598057827339268,41.16543883386347,194,gradual,0.0,0
14,113,0.7696696621450849,0.34321853901152066,43.28132632824706,193,gradual,0.0,0
14,114,0.4294976199586128,0.3396552778039348,40.1881339739675,192,gradual,0.0,0
14,115,0.5183378589394312,0.3594018601803966,40.5819539860005,191,gradual,0.0,0
14,116,0.6372270102819886,0.3476826531743383,42.781985344634556,190,gradual,0.0,0
14,117,0.7278811238792047,0.3408935014655803,,189,gradual,0.0,0
14,118,0.5212946762823264,0.32654422026183516,40.25308604415601,188,gradual,0.0,0
14,119,0.700876484778648,0.3561011831368844,,187,gradual,0.0,0
14,120,0.5762136107550301,0.3780395108752101,41.121369037834306,186,gradual,0.0,0
14,121,0.5872282102048967,0.3659494040883866,41.51723892788155,185,gradual,0.0,0
14,122,0.4879315311614095,0.28312391319266095,39.88999497499373,184,gradual,0.0,0
14,123,0.6546863833554768,0.3221108604378644,43.457253226781525,183,gradual,0.0,0
14,124,0.6501305939028722,0.32556798970731776,42.21321988514338,182,gradual,0.0,0
14,125,0.6799917753224264,0.3400559664001828,42.48038845066073,181,gradual,0.0,0
14,126,0.779045367825678,0.3544995791918077,42.85803746571722,180,gradual,0.0,0
14,127,0.6248393070767333,0.3532977391755999,42.76242813790306,179,gradual,0.0,0
14,128,0.5525046216177303,0.3859297202524324,41.720620341538044,178,gradual,0.0,0
14,129,0.6090995216627867,0.3813161899712431,42.593785987144024,177,gradual,0.0,0
14,130,0.6464516730580729,0.3493290669131428,44.339171508157605,176,gradual,0.0,0
14,131,0.8693229791889027,0.39869646885470933,44.05137969663743,175,gradual,0.0,0
14,132,0.7232739322431772,0.3863871260991735,43.196665334486376,174,gradual,0.0,0
14,133,0.8024022948483055,0.4090792177658487,44.044924366165105,173,gradual,0.0,0
14,134,1.0313706904302515,0.41708781951532653,45.647963177631745,172,gradual,0.0,0
14,135,0.7057362837381765,0.28456395207099744,43.92049729868437,171,gradual,0.0,0
14,136,0.7819244275207785,0.36218898087483187,42.824559618485374,170,gradual,0.0,0
14,137,0.7726373233125058,0.39178469876370103,43.09901927322858,169,gradual,0.0,0
14,138,0.8665848022206529,0.4163146583274444,45.41635840578983,168,gradual,0.0,0
14,139,0.765872110556054,0.3794103390365303,43.99083929560819,167,gradual,0.0,0
14,140,0.667599837238824,0.34321807104213753,41.04517447115131,166,gradual,0.0,0
14,141,0.8271678967940744,0.36468253092895636,44.373350610127595,165,gradual,0.0,0
14,142,0.618358194175792,0.32124289960876623,40.23005024325975,164,gradual,0.0,0
14,143,0.7213418822300854,0.3691796775694026,44.16723061020108,163,gradual,0.0,0
14,144,0.7864407690312284,0.39459952879003407,44.43436143361081,162,gradual,0.0,0
14,145,0.9549041875796017,0.41452909744879574,44.50271081579392,161,gradual,0.0,0
14,146,0.8996703179228942,0.35945385657066214,44.1632696961693,160,gradual,0.0,0
14,147,0.6563155871909453,0.3721432107268031,40.52013160833195,159,gradual,0.0,0
14,148,0.9038035718724531,0.3643772612075134,45.09678594308538,158,gradual,0.0,0
14,149,0.8787499072575312,0.4351392881057113,43.53736957844462,157,gradual,0.0,0
14,150,0.8574959510819715,0.3802441991956725,44.99052219376178,156,gradual,0.0,0
14,151,0.8522828831809455,0.33694085371141036,44.26726775165805,155,gradual,0.0,0
14,152,0.6316613012694035,0.3240507103692088,41.61704690002645,154,gradual,0.0,0
14,153,0.798429059558466,0.38973961624455233,43.830345882453706,153,gradual,0.0,0
14,154,0.6237178893513586,0.38839136440850885,42.07350146602779,152,gradual,0.0,0
14,155,0.7046918085478153,0.36415698024357257,42.29698765989941,151,gradual,0.0,0
14,156,0.6499586268870038,0.3601593123613894,42.362968859213154,150,gradual,0.0,0
14,157,0.6333797193812796,0.37469861685946254,40.95707748260775,149,gradual,0.0,0
14,158,0.5940294128590549,0.32760621648966015,41.61927280859718,148,gradual,0.0,0
14,159,0.7524584602783294,0.3636053079623496,45.04004737492561,147,gradual,0.0,0
14,160,0.6870595006377584,0.37186053618295384,41.50725597605205,146,gradual,0.0,0
14,161,0.6750424051247828,0.3440324858480382,42.81369879274644,145,gradual,0.0,0
14,162,0.7744433496439023,0.3545975142257051,42.60130630135159,144,gradual,0.0,0
14,163,0.6334103119741666,0.3665536385946866,42.41799551763709,143,gradual,0.0,0
14,164,0.6477288601447747,0.35610095664608055,42.60403455654727,142,gradual,0.0,0
14,165,0.58663505385817,0.35223030909630604,41.54689070904909,141,gradual,0.0,0
14,166,0.4542861004703612,0.32235011874227393,38.54770740615955,140,gradual,0.0,0
14,167,0.628290703266283,0.3426369203771397,41.117213486599745,139,gradual,0.0,0
14,168,0.5833871248758156,0.342033559579303,43.212720401026914,138,gradual,0.0,0
14,169,0.42475725419512567,0.29814408987370244,40.202576317769044,137,gradual,0.0,0
14,170,0.3277031214846249,0.2529788209390856,36.91800072707795,136,gradual,0.0,0
14,171,0.5992487834423753,0.35614892145201404,41.39438534794224,135,gradual,0.0,0
14,172,0.4570576265248767,0.2807431343330744,38.17782437284479,134,gradual,0.0,0
14,173,0.5715749346555402,0.29624154141939923,43.19058556597153,133,gradual,0.0,0
14,174,0.6454386854841534,0.35079182586408825,42.48837853589192,132,gradual,5.320247991055195e-06,0
14,175,0.4950123185003143,0.2990731051297046,40.123050579414205,131,gradual,0.000643177240193937,0
14,176,0.6451406700845901,0.3367840976194863,42.45398544512311,130,gradual,0.0017808840388822066,0
14,177,0.5051768510344568,0.3625509027419355,38.15827575711818,129,gradual,0.003257184605280444,0
14,178,0.5416967579309402,0.32047671815532985,41.449239917061476,128,gradual,0.005010319711838512,0
14,179,0.6514200045239698,0.333736833252919,41.765539063203796,127,gradual,0.0070040302807160984,0
14,180,0.5821177932765527,0.34135532028625903,42.4499537534301,126,gradual,0.009213630032917024,0
14,181,0.4806673548367919,0.33861264511877076,41.05806430462421,125,gradual,0.011620883291783584,0
14,182,0.5552031487697332,0.3848672640614528,40.615575207820235,124,gradual,0.014211594611385235,0
14,183,0.6533584540189895,0.3836500698815584,42.19337994944205,123,gradual,0.016974300422918663,0
14,184,0.5689026877531868,0.36780428821468447,43.64190464759581,122,gradual,0.019899487865314095,0
14,185,0.6109788662384996,0.3928629664906327,39.39384108821018,121,gradual,0.022979095199664047,0
14,186,0.6207860707306821,0.3680637648287021,41.333339533752685,120,gradual,0.02620617520422937,0
14,187,0.7091080528322049,0.41780119214237876,43.006600416765124,119,gradual,0.029574658882636416,0
14,188,0.6535312164860061,0.4300294915091429,44.0345624668382,118,gradual,0.033079183995553645,0
14,189,0.7414475438319236,0.4210601149139992,43.866656284984984,117,gradual,0.03671496717504224,0
14,190,0.7625288816600573,0.4357726180804921,45.073871550483645,116,gradual,0.04047770632097785,0
14,191,0.6712716023300984,0.4539768453005612,43.415030266332394,115,gradual,0.04436350463087592,0
14,192,0.635066646680979,0.4329154670456566,44.100013796876816,114,gradual,0.04836881045664831,0
14,193,0.7767963459036636,0.47352816486955734,44.54167998990662,113,gradual,0.05249036898141202,0
14,194,0.6395810878591084,0.4885524481570392,44.9285707895397,112,gradual,0.056725182884515765,0
14,195,0.7794816157018168,0.4775172827018677,47.69181457839877,111,gradual,0.06107047995104254,0
14,196,0.6978495067236989,0.4637133216674864,43.23609792304425,110,gradual,0.06552368612322433,0
14,197,0.8023525300863841,0.5175500666972138,47.03167715560649,109,gradual,0.07008240287068247,0
14,198,0.9880426250487526,0.5637154541252314,48.471499919239676,108,gradual,0.07474438802751414,0
14,199,0.8473922788470543,0.5067682483860781,46.00340449608813,107,gradual,0.07950753944121071,0
14,200,0.8484702289924652,0.5246563422480994,47.02780570688236,106,gradual,0.08436988092367953,0
14,201,0.7863726572346637,0.5357540831652372,46.88585834891649,105,gradual,0.08932955010329524,0
14,202,0.9962398560937175,0.6101084518379842,50.78447464068067,104,gradual,0.09438478785919277,0
14,203,0.8843053971029363,0.5760839313742107,48.240636811940384,103,gradual,0.09953392908205565,0
14,204,0.8237278927402294,0.6305894686327991,47.12352062726989,102,gradual,0.10477539455446246,0
14,205,0.9403987622170012,0.5424794041866395,49.138509437991964,101,gradual,0.11010768378201904,0
14,206,0.7129158725139919,0.575186928525794,47.17185719881034,100,gradual,0.11552936863661456,0
14,207,0.8903128886345721,0.5577482726844798,47.24911777537427,99,gradual,0.12103908769709781,0
14,208,0.8407224974370376,0.6297967028241843,45.20090738807389,98,gradual,0.12663554119188292,0
14,209,0.6838025837914914,0.5527088451001173,44.7335447963097,97,gradual,0.13231748646351243,0
14,210,0.858726449283093,0.6480959933105855,48.16502790031519,96,gradual,0.13808373388782944,0
14,211,0.6779924822395966,0.6334065608653324,46.564358419472576,95,gradual,0.14393314319074196,0
14,212,0.7497918135654202,0.661011012461459,46.50840406176631,94,gradual,0.14986462011407314,0
14,213,0.736903443861209,0.6149088997424889,47.36107022985584,93,gradual,0.15587711338903604,0
14,214,0.7422169555255269,0.6314644850448942,45.631995759854256,92,gradual,0.16196961198174176,0
14,215,0.7978687169160629,0.6460486883026395,47.36538309003571,91,gradual,0.16814114258005816,0
14,216,0.6932431568346074,0.671057978912891,47.58680112210821,90,gradual,0.17439076729526662,0
14,217,0.627200245638731,0.594038487408775,44.92061526644653,89,gradual,0.18071758155545126,0
14,218,0.9103780317566749,0.7462611141692682,49.8818833369041,88,gradual,0.18712071217051435,0
14,219,0.8385172133678791,0.7538400016430059,48.13612367999831,87,gradual,0.19359931555123086,0
14,220,0.7473706014050436,0.7422602974455333,48.17596830203198,86,gradual,0.2001525760669112,0
14,221,0.7818927052474249,0.714701444805101,48.775196601311876,85,gradual,0.20677970452808964,0
14,222,0.9414401261051855,0.7858774001964902,50.9857699046001,84,gradual,0.2134799367822498,0
14,223,0.6574283734199211,0.7340241185360264,48.40121025279079,83,gradual,0.2202525324119749,0
14,224,0.6694281723361912,0.7591272560854362,47.60748018505474,82,gradual,0.22709677352610388,0
14,225,0.5852119090883592,0.8003502591778218,45.083244913854514,81,gradual,0.2340119636355134,0
14,226,0.5421027553425828,0.7115963941249086,46.395659792208406,80,gradual,0.2409974266060501,0
14,227,0.6078475366742294,0.8211074996245444,47.11295616675856,79,gradual,0.2480525056819302,0
14,228,0.63469796262075,0.7745127810851327,49.56627427009264,78,gradual,0.255176562573618,0
14,229,0.6240525267576158,0.8300217396569485,47.61118835518912,77,gradual,0.2623689766048056,0
14,230,0.6627675521699523,0.8103533472948206,48.28680279782747,76,gradual,0.2696291439136556,0
14,231,0.7369861359607752,0.8480259881154453,51.454033460132905,75,gradual,0.27695647670394163,0
14,232,0.5109199460717199,0.8539282491669843,47.83666905765843,74,gradual,0.2843504025421478,0
14,233,0.5308405405163031,0.7735370938269225,47.36357565814632,73,gradual,0.2918103636969576,0
14,234,0.7230763038145205,0.8693111373765965,49.70462158215215,72,gradual,0.29933581651789887,0
14,235,0.6798058716676489,0.8738359171603692,49.04311894062331,71,gradual,0.30692623085020676,0
14,236,0.4602162014648171,0.821791509927257,45.01440719225926,70,gradual,0.3145810894832323,0
14,237,0.5774949178008417,0.8736830623234901,49.1120657480744,69,gradual,0.3222998876299617,0
14,238,0.5170085409870238,0.9399682347791908,49.16617977465688,68,gradual,0.33008213243542295,0
14,239,0.4598667013407573,0.9030551846462231,48.16233977233454,67,gradual,0.3379273425119497,0
14,240,0.5670603837530993,0.9382869053449737,49.767300049364685,66,gradual,0.34583504749944216,0
14,241,0.5566066796957294,1.0038822996971606,49.31093450513741,65,gradual,0.35380478764892087,0
14,242,0.5443778157565724,0.9734742673978894,48.575548976324,64,gradual,0.3618361134278097,0
14,243,0.64626863089404,0.977491975339086,50.87401321610818,63,gradual,0.36992858514550964,0
14,244,0.7042765070258865,1.0145906705180918,51.41355561346953,62,gradual,0.37808177259794074,0
14,245,0.48958250468638487,1.0127981204828784,50.80880873745931,61,gradual,0.3862952547298329,0
14,246,0.6991062210124656,1.070768351510432,52.33353056514812,60,gradual,0.39456861931364134,0
14,247,0.6830649586437598,1.1046366765843014,51.29290581147842,59,gradual,0.4029014626440479,0
14,248,0.6704499262416043,1.1013079766291616,51.711273622311445,58,gradual,0.4112933892470875,0
14,249,0.6086464292299356,1.096434005370005,50.89797619190696,57,gradual,0.4197440116030108,0
14,250,0.502224468224549,1.0424551332487857,51.83105892401478,56,gradual,0.4282529498820608,0
14,251,0.569913612494837,1.1143153178500993,51.88762786499574,55,gradual,0.4368198316923966,0
14,252,0.7669768312397935,1.184017031026225,52.2392980889702,54,gradual,0.4454442918394568,0
14,253,0.4561504461971603,1.0693644693255573,50.95462467939267,53,gradual,0.4541259720961023,0
14,254,0.7156054420667041,1.1956680017898282,51.65323343406477,52,gradual,0.4628645209829251,0
14,255,0.6724900166009673,1.1199131330149872,51.67192943046404,51,gradual,0.4716595935581511,0
14,256,0.7095474438120758,1.2073888542003037,54.10679568014762,50,gradual,0.4805108512166056,0
14,257,0.7608703750652343,1.149232713328745,55.246311844407494,49,gradual,0.4894179614972423,0
14,258,0.6674258053107571,1.2138219438686588,51.73114074402313,48,gradual,0.4983805978987749,0
14,259,0.7865661448949959,1.3123706379690603,56.67033981548803,47,gradual,0.5073984397029749,0
14,260,0.9346476770090968,1.3201974699707175,56.06838702751175,46,gradual,0.5164711718052314,0
14,261,0.9385900424091796,1.2993898445767205,,45,gradual,0.5255984845519934,0
14,262,0.7103422533625108,1.2702059875414904,54.59176587002479,44,gradual,0.5347800735847382,0
14,263,0.6708706101976386,1.331217656674511,55.13366654955537,43,gradual,0.5440156396901336,0
14,264,1.0362499966244858,1.3773822276834204,59.40475511765299,42,gradual,0.5533048886560789,0
14,265,0.9294439889733357,1.3519963849810426,59.07815733045016,41,gradual,0.5626475311333349,0
14,266,0.8982798145999741,1.4223430739860987,58.17672366756441,40,gradual,0.5720432825024616,0
14,267,0.7951757059036306,1.3507886760779793,57.40400654802111,39,gradual,0.58149186274581,0
14,268,0.9393204581755858,1.412450203667488,56.90812574738547,38,gradual,0.5909929963243187,0
14,269,0.8336183118710189,1.4063959669098522,57.004816867469906,37,gradual,0.6005464120588886,0
14,270,0.8752034556227427,1.442348080064703,59.47395621713764,36,gradual,0.6101518430161186,0
14,271,0.8570000481676415,1.5220775677430889,61.00688806643081,35,gradual,0.6198090263981965,0
14,272,0.940520413157796,,59.22437525351106,34,gradual,0.6295177034367553,0
14,273,0.9608475162035872,1.5521725748129167,59.81827222927084,33,gradual,0.6392776192905103,0
14,274,0.9205398370318069,1.4985597622676068,59.23230896072158,32,gradual,0.6490885229465078,0
14,275,0.7161621203776384,1.477906500083185,58.38349353251975,31,gradual,0.6589501671248204,0
14,276,0.9236042059939691,1.6209104512516066,60.78539734249353,30,gradual,0.6688623081865388,0
14,277,0.7233202106680576,1.5766215025250057,59.28488687893351,29,gradual,0.6788247060449121,0
14,278,0.8208973217527397,1.6066329918613258,60.0944352607508,28,gradual,0.6888371240794999,0
14,279,0.7143997824371712,1.5561367122292222,58.63620045680249,27,gradual,0.6988993290532076,0
14,280,0.8115830615318335,1.6275039973030971,59.60591736086992,26,gradual,0.7090110910320797,0
14,281,0.7339246706449614,1.6663921122111487,58.35117552771255,25,gradual,0.7191721833077345,0
14,282,0.8711812347507056,1.673637220403802,60.74322792923095,24,gradual,0.7293823823223301,0
14,283,0.690924760654774,1.6878214871951809,59.045558509311434,23,gradual,0.7396414675959557,0
14,284,0.6374958858847791,1.6556818205963255,59.29287025157611,22,gradual,0.7499492216563489,0
14,285,0.5409641650946677,1.67152445221523,58.62486187797976,21,gradual,0.7603054299708426,0
14,286,0.5565264896373835,1.728183223941558,59.43065811857339,20,gradual,0.7707098808804524,1
14,287,0.5927044244126223,1.6797518417449164,59.792522282807994,19,gradual,0.7811623655360196,1
14,288,0.5042538034397352,1.730605655699636,58.998633060815926,18,gradual,0.7916626778363247,1
14,289,0.47244160996276735,1.757369362680305,59.656192136424224,17,gradual,0.802210614368098,1
14,290,0.534717820487799,1.7657770723969728,59.8185674698885,16,gradual,0.8128059743478497,1
14,291,0.6012557673074287,1.7745051021047074,61.32983003716477,15,gradual,0.8234485595654509,1
14,292,0.5597975352008472,1.8177515557554793,59.39522740976028,14,gradual,0.8341381743293982,1
14,293,0.6975082182276662,1.8306649914502675,61.44488287321591,13,gradual,0.8448746254136962,1
14,294,0.4465721649044668,1.787984258830171,58.36408144890076,12,gradual,0.8556577220062997,1
14,295,0.739214340504307,1.899133896125016,62.388357422677366,11,gradual,0.8664872756590541,1
14,296,0.48473763583119966,1.774813084507193,58.58893573674614,10,gradual,0.8773631002390803,1
14,297,0.41795085225904793,1.8633477051370335,60.98943621629852,9,gradual,0.8882850118815506,1
14,298,0.59179878855615,1.9324057547153963,62.03000890575176,8,gradual,0.8992528289438046,1
14,299,0.5433660324068138,1.8658343506317132,62.0982517694061,7,gradual,0.9102663719607562,1
14,300,0.47521348670935415,1.9731881285421402,60.41078880184552,6,gradual,0.9213254636015458,1
14,301,0.39623845997907503,1.9028408827839653,61.34387720636423,5,gradual,0.9324299286273936,1
14,302,0.6621044261676252,2.0609323890233116,63.13211215617852,4,gradual,0.943579593850611,1
14,303,0.5251863453969876,1.9485470437913597,62.002010274082906,3,gradual,0.9547742880947286,1
14,304,0.6915812424657564,2.0589654511396986,64.49893089911431,2,gradual,0.9660138421557045,1
14,305,0.5478581882006963,2.0459687343871473,63.12651583470644,1,gradual,0.9772980887641727,1
14,306,0.6480981366162365,2.1366335604038675,64.41752933452062,0,gradual,0.9886268625486976,1
15,0,0.6529180362112668,0.4095774783187727,42.131590204087296,149,gradual,0.0,0
15,1,0.7721132623018475,0.4597403916017341,42.36768511195806,148,gradual,0.0,0
15,2,0.754338737758003,0.40166031501083765,41.3090769345942,147,gradual,0.0,0
15,3,0.7349342937523674,0.40450960735975566,41.5912374492995,146,gradual,0.0,0
15,4,0.9298395419124756,0.45050731779208797,,145,gradual,0.0,0
15,5,0.6848247406834348,0.3774316961774881,44.26704082810397,144,gradual,0.0,0
15,6,0.8863631927584169,0.4141248781463543,45.25119016057782,143,gradual,0.0,0
15,7,0.8696522691905726,0.44397998884082374,44.73324613669981,142,gradual,0.0,0
15,8,0.6216434653341999,0.38861436632725044,41.86161065396355,141,gradual,0.0,0
15,9,0.724768740134806,0.3849121787032508,42.26749205986255,140,gradual,0.0,0
15,10,0.8750229586138665,0.46219785493415455,43.554956234498746,139,gradual,0.0,0
15,11,0.6475591034659194,0.38571919813416694,41.44222894023361,138,gradual,0.0,0
15,12,0.838806201484643,0.49725759671813474,43.636225443119535,137,gradual,0.0,0
15,13,0.9810975877957477,0.4836137867078782,46.548414535988364,136,gradual,0.0,0
15,14,0.8218460002126267,0.4524551146273402,44.67775889087415,135,gradual,0.0,0
15,15,0.8719862989607459,0.5321191744068428,44.77539069896119,134,gradual,0.0,0
15,16,0.8211743247611246,0.45931774613491955,44.363336578367154,133,gradual,0.0,0
15,17,0.7365677960792435,0.42061539564185985,42.80729203761697,132,gradual,0.0,0
15,18,0.846919570219363,0.45847856224356953,42.06715865906984,131,gradual,0.0,0
15,19,0.9208704359563208,0.4529653126815816,44.414709927009966,130,gradual,0.0,0
15,20,0.8593561465969658,0.42868714185991563,43.53042030500173,129,gradual,0.0,0
15,21,1.1437056632919773,0.4968736661391407,48.736934755968356,128,gradual,0.0,0
15,22,0.8454553998611549,0.5175376084108821,42.99735707637653,127,gradual,0.0,0
15,23,0.7180696331283856,0.46075357684329166,43.401815335296746,126,gradual,0.0,0
15,24,0.7650443827170532,0.4209339100776537,42.489561207934486,125,gradual,0.0,0
15,25,0.7372851809501579,0.4687901382182922,40.97783364120754,124,gradual,0.0,0
15,26,1.012654288535278,0.4766496865226468,46.11322701970321,123,gradual,0.0,0
15,27,0.7826010656537403,0.46806708491904175,43.1246006397463,122,gradual,0.0,0
15,28,0.8765871521640105,0.4216159649611787,43.98059204571848,121,gradual,0.0,0
15,29,0.8580306409988778,0.4798715853611087,43.343062183826916,120,gradual,0.0,0
15,30,0.8440490801823205,0.39562215904448195,,119,gradual,0.0,0
15,31,1.014148926519328,0.540283171870435,45.01834653528622,118,gradual,0.0,0
15,32,0.7194985394218443,0.4444583491367693,41.87755917590373,117,gradual,0.0,0
15,33,0.8196254956619381,0.4250286727365008,44.222894439518214,116,gradual,0.0,0
15,34,0.8911960930896027,0.5220650033184339,45.17893447263636,115,gradual,0.0,0
15,35,0.7790795536055507,0.44946305444615126,41.82105614434652,114,gradual,0.0,0
15,36,0.7970285686602113,0.44461149514957043,42.88558963056409,113,gradual,0.0,0
15,37,0.76469051483402,0.4799255338242112,43.77349322379424,112,gradual,0.0,0
15,38,0.7492945470442555,0.47683050003329946,43.19513672901214,111,gradual,0.0,0
15,39,0.8731269684386131,0.4389675410442094,44.460323897181496,110,gradual,0.0,0
15,40,0.7843654425715768,0.40922910098222876,,109,gradual,0.0,0
15,41,0.8498487627815315,0.4273488031823191,43.28123558433641,108,gradual,0.0,0
15,42,0.8683174668175194,0.47758191839832564,44.891285775969315,107,gradual,0.0,0
15,43,0.96314099028193,0.4223305423809752,44.07816890338296,106,gradual,0.0,0
15,44,0.7463794132007774,0.42990364941664583,43.59354272557557,105,gradual,0.0,0
15,45,0.8705040362218149,0.4189263456525471,43.783308870755185,104,gradual,0.0,0
15,46,0.6898617103140704,0.43974959334199926,39.78800649645219,103,gradual,0.0,0
15,47,0.8074786483344509,0.46182401922563027,43.525351238289936,102,gradual,0.0,0
15,48,0.5834206595574725,0.4390656091777969,41.64441505209132,101,gradual,0.0,0
15,49,0.6862881792995835,0.3888823949289254,41.14797755682574,100,gradual,0.0,0
15,50,0.7462339753396602,0.45688275569480763,44.30461520252195,99,gradual,0.0,0
15,51,0.6077159039999753,0.42527645098731287,40.17385617702343,98,gradual,0.0,0
15,52,0.6768531650623143,0.4220980705037896,43.39656326827923,97,gradual,0.0,0
15,53,0.7164826070062699,0.438566454230455,42.711797935972406,96,gradual,0.0,0
15,54,0.6162709682431965,0.4363672296706197,42.19522560793641,95,gradual,0.0,0
15,55,0.37463316981670247,0.3826564662581607,39.006711122958635,94,gradual,0.0,0
15,56,0.5676981106033645,0.410155219331072,40.654221290688064,93,gradual,0.0,0
15,57,0.5533429257145034,0.38532798069424273,41.54434886306524,92,gradual,0.0,0
15,58,0.5025713395190016,0.44326852052067545,37.843216230879406,91,gradual,0.0,0
15,59,0.7516902128685321,0.43386756126313714,41.78572499287365,90,gradual,0.0,0
15,60,0.44872577680047393,0.3561796871573582,40.11008690460895,89,gradual,0.0,0
15,61,0.5725529961916239,0.36972181823213074,41.2431519883628,88,gradual,0.0,0
15,62,0.5501061504706262,0.4151465773462231,39.47795760371792,87,gradual,0.0,0
15,63,0.49435806780848135,0.3964886547301161,39.730501798247936,86,gradual,0.0,0
15,64,0.727409927882608,0.4106423503952839,43.68395607238912,85,gradual,0.0,0
15,65,0.5729362552577675,0.38445007108940554,38.86315633317895,84,gradual,0.0,0
15,66,0.6121353937184216,0.44411976825015476,40.95118941561947,83,gradual,0.0,0
15,67,0.4963756975636211,0.44500835587668597,40.23685885511245,82,gradual,0.0,0
15,68,0.5161198143602194,0.4302803440555265,39.9945080980955,81,gradual,0.0,0
15,69,0.571377295918976,0.40294960172472355,39.302198382708156,80,gradual,0.0,0
15,70,0.42206502238309473,0.4046505151962664,37.00808306881768,79,gradual,0.0,0
15,71,0.441341054651381,0.396095167848449,38.74292933660835,78,gradual,0.0,0
15,72,0.6087738979641143,0.4332726981592454,41.41879867609087,77,gradual,0.0,0
15,73,0.6380742527148416,0.43657549012439945,41.401035284338086,76,gradual,0.0,0
15,74,0.5126719832858754,0.33294852844545536,41.275394030766826,75,gradual,0.0,0
15,75,0.6548659478912655,0.39374776387534766,41.389914954664704,74,gradual,0.0,0
15,76,0.3310033072467734,0.289251398783643,36.30886256848616,73,gradual,0.0,0
15,77,0.4849863492247336,0.40952439273223884,40.48891809734802,72,gradual,0.0,0
15,78,0.453969119366994,0.38777190129520195,38.36823045131878,71,gradual,0.0,0
15,79,0.5917428836774996,0.45094356182416956,40.74894601518136,70,gradual,0.0,0
15,80,0.6978082802818709,0.4528702007972442,42.953595334758184,69,gradual,0.0,0
15,81,0.6577671666164702,0.43879753816090883,41.02111843752983,68,gradual,0.0,0
15,82,0.7360611285295388,0.4191287541199922,41.41958894244733,67,gradual,0.0,0
15,83,0.5271440223728744,0.46852165459125233,38.861238090744536,66,gradual,0.0,0
15,84,0.8160227897235195,0.5190796720601545,43.219052692521345,65,gradual,0.0,0
15,85,0.6472627836653034,0.40538038041898605,41.5469593672763,64,gradual,0.0,0
15,86,0.5003450879080277,0.417017288271378,37.494676198921354,63,gradual,0.0001165858256376103,0
15,87,0.6355361352929636,,41.86231489749958,62,gradual,0.0009719767228484011,0
15,88,0.7026006635913896,0.5059478201500951,,61,gradual,0.002528982668060268,0
15,89,0.595170536888355,0.44083161666249226,41.29085929395628,60,gradual,0.004724353988867079,0
15,90,0.7817891864789628,0.484112341434481,42.048746715908116,59,gradual,0.0075213385563108436,0
15,91,0.7843542142041534,0.4796700820862729,43.25806948173394,58,gradual,0.010894255777826751,0
15,92,0.8000605664253913,0.41808645208924355,44.87016917795076,57,gradual,0.01482352658443866,0
15,93,0.6731717979567723,0.4307836224097471,40.920804064202564,56,gradual,0.019293422956621533,0
15,94,0.6303533763094998,0.4427703749500135,39.68511123569621,55,gradual,0.024290859107398644,0
15,95,0.8461415739020935,0.5465202130669398,44.12614382678406,54,gradual,0.029804668770542133,0
15,96,0.7046729612588932,0.5152330995748449,40.76055813872363,53,gradual,0.03582513971223855,0
15,97,0.6537995521062455,0.4774200338862018,39.94039261728554,52,gradual,0.04234369693081818,0
15,98,0.6778308510495895,0.5815360599872512,41.65598631301715,51,gradual,0.04935267767325085,0
15,99,0.592158817949402,0.4921190133677479,39.036246464678285,50,gradual,0.05684516614147785,0
15,100,0.7539216785217484,0.5182834014710507,41.539937490002195,49,gradual,0.06481486863806432,0
15,101,0.6108876275435452,0.552429832618142,40.957816051785265,48,gradual,0.07325601705415064,0
15,102,0.9109679587375776,0.6106475737931596,42.82030533660041,47,gradual,0.08216329279335452,0
15,103,0.8908356885366432,0.6494274663651513,44.57548805539522,46,gradual,0.0915317657906897,0
15,104,0.8587394948252823,0.5486204900238848,45.27508435801096,45,gradual,0.10135684491545156,0
15,105,0.8294366920604865,0.5741885278089974,44.609284919862496,44,gradual,0.11163423711597786,0
15,106,0.7324956782233882,0.5712207863432872,43.92100968599415,43,gradual,0.12235991338484553,0
15,107,0.8068906239458759,0.5742743305674404,45.03235796854249,42,gradual,0.13353008012075343,0
15,108,1.0029402464976076,0.6994131999521075,45.42649932279553,41,gradual,0.1451411548144464,0
15,109,0.8914129131605423,0.5995091727058103,46.02020104573091,40,gradual,0.15718974523846244,0
15,110,0.8669673612706982,0.6081530567738226,45.32130689395953,39,gradual,0.1696726315050747,0
15,111,1.0105070241494571,0.7111804737894345,49.30763868450488,38,gradual,0.1825867504938591,0
15,112,0.789795221543566,0.6381187753128916,44.084216299975324,37,gradual,0.19592918225350814,0
15,113,0.9219080283921309,0.6053353063693458,47.57533684713078,36,gradual,0.20969713806118287,0
15,114,0.9336195730912449,0.6583887241788389,46.31012092798962,35,gradual,0.223887949883374,0
15,115,0.6933206829481217,0.5953583506904926,45.65424504636067,34,gradual,0.2384990610295358,0
15,116,0.7606191637336893,0.6846327088822712,46.42275497300735,33,gradual,0.25352801782698414,0
15,117,0.8897502445382769,0.7662289138247247,48.333421357495126,32,gradual,0.2689724621751126,0
15,118,0.854270269902069,0.7206911901070928,46.851568408264555,31,gradual,0.28483012486066034,0
15,119,0.7859769043517588,0.7714650658588819,47.34491532122596,30,gradual,0.30109881953487205,0
15,120,0.8796594442417838,0.81379987273199,48.48513302174394,29,gradual,0.31777643726893057,0
15,121,0.8501154455164529,0.8039573791998237,47.24359137051853,28,gradual,0.3348609416167545,0
15,122,0.9417879784115449,0.8163134787458319,49.02939008300384,27,gradual,0.35235036412472803,0
15,123,0.9979566933021262,0.8186079681472248,51.96233849405688,26,gradual,0.3702428002366104,0
15,124,0.8132751018164444,0.8345228872425848,47.77584606493453,25,gradual,0.38853640554909985,0
15,125,0.7243841281328645,0.824749635667873,47.20956594323098,24,gradual,0.40722939237958655,0
15,126,0.7395303530180156,0.8161538584166113,46.93941743167879,23,gradual,0.426320026612726,0
15,127,1.0298040503263794,0.9376867884774556,51.40538795872845,22,gradual,0.4458066247967767,0
15,128,0.9489683423074111,0.8860664295791929,51.68747828881531,21,gradual,0.46568755146430907,0
15,129,0.8123228758282792,0.8852079341852457,50.01902571907378,20,gradual,0.48596121665501835,1
15,130,0.8231563745921204,0.9456656943692416,50.20983670935012,19,gradual,0.5066260736210493,1
15,131,0.7347426358164697,0.9399563955187805,50.07831860870742,18,gradual,0.5276806166975434,1
15,132,0.9130958176840747,0.9575541230940341,52.20564251684973,17,gradual,0.549123379323105,1
15,133,0.6736534848072381,0.993105208498801,49.43234526109362,16,gradual,0.5709529321966004,1
15,134,0.6013763718319135,0.9901455314425259,47.82149526156396,15,gradual,0.5931678815582011,1
15,135,0.8933150800516645,1.0792585466677338,53.67096267832331,14,gradual,0.6157668675838812,1
15,136,0.7535236437240015,1.063703802729206,50.02080355577498,13,gradual,0.6387485628837186,1
15,137,0.5791769690032917,1.0577913031921038,49.461382288369194,12,gradual,0.6621116710953466,1
15,138,0.6774186414169937,1.0915831026308174,51.09424775221903,11,gradual,0.6858549255647799,1
15,139,0.5798363847826644,1.0631274066421939,49.477819396184785,10,gradual,0.7099770881076107,1
15,140,0.9811467578568902,1.1726752826129707,54.833561874459804,9,gradual,0.7344769478442557,1
15,141,0.7619666167413776,1.1422741834799428,52.877023340661,8,gradual,0.7593533201035366,1
15,142,0.7450749184251713,1.1528344267089814,55.066236794979716,7,gradual,0.7846050453894181,1
15,143,0.6505772535955326,1.1562823117536163,53.03469193984536,6,gradual,0.8102309884061994,1
15,144,0.5236160920432816,1.203622079359343,52.0863131929998,5,gradual,0.8362300371378878,1
15,145,0.7328913508052275,1.2606151073856404,55.04787663831898,4,gradual,0.8626011019778592,1
15,146,0.6387947431329732,1.2194753475024662,53.08592548045559,3,gradual,0.8893431149052539,1
15,147,0.6029755753455864,1.2409399785105244,52.043520113630414,2,gradual,0.9164550287048595,1
15,148,0.7130078173167453,,53.415779043025346,1,gradual,0.9439358162275124,1
15,149,0.6990903686964738,1.35097498064568,54.67128667522453,0,gradual,0.9717844696882905,1
16,0,0.5506965159893065,0.0399891325962972,50.73359787287409,316,gradual,0.0,0
16,1,0.6802139083209529,0.08910000687497027,54.423286531187024,315,gradual,0.0,0
16,2,0.7705275451539173,0.1184880673082473,56.257496857481,314,gradual,0.0,0
16,3,0.8672809727776102,0.11917641575316935,57.05174975124906,313,gradual,0.0,0
16,4,0.685671137079369,0.09762254137316484,53.825854327214394,312,gradual,0.0,0
16,5,0.7172127921506235,0.1343174910572886,52.9355301132332,311,gradual,0.0,0
16,6,0.6843461423068135,0.12363059249158535,53.74125846583796,310,gradual,0.0,0
16,7,0.7125576503273992,0.035329611756836195,54.89829609110562,309,gradual,0.0,0
16,8,0.8755647468703712,0.16040812741708654,55.189605978818065,308,gradual,0.0,0
16,9,0.9900397145881874,0.09839532612787999,57.719778205229446,307,gradual,0.0,0
16,10,0.8269910562924311,0.08112102364836618,55.75224576130259,306,gradual,0.0,0
16,11,0.8398948092619957,0.1234022697864435,55.92892958899889,305,gradual,0.0,0
16,12,0.7936966515853484,0.05517239090209417,55.35348091991917,304,gradual,0.0,0
16,13,0.8889432815857233,,56.565436848416624,303,gradual,0.0,0
16,14,0.7806323041142763,0.12570277893618656,55.906289083868025,302,gradual,0.0,0
16,15,0.7918382672903947,0.09408986004849014,54.002221532222066,301,gradual,0.0,0
16,16,0.9270911021719312,0.07902576852603692,57.12941266456762,300,gradual,0.0,0
16,17,0.9093724093022779,0.10116051960724995,57.20104228559969,299,gradual,0.0,0
16,18,0.7901491582380074,0.09313771782395822,56.261192367996266,298,gradual,0.0,0
16,19,0.8591378413110322,0.07405928110300618,55.53455194833027,297,gradual,0.0,0
16,20,0.8435000366822393,0.12473394663828358,56.92474111147635,296,gradual,0.0,0
16,21,0.793398987587122,0.12629337926009704,54.945444117997035,295,gradual,0.0,0
16,22,0.9371992033743852,0.08636317455195862,56.80113748713632,294,gradual,0.0,0
16,23,0.7448446077355159,0.08718227541600984,54.197490358441755,293,gradual,0.0,0
16,24,0.8404413696628938,0.11688934717565394,57.37335346332346,292,gradual,0.0,0
16,25,0.6482913178313526,0.039171012247257574,54.55270573291414,291,gradual,0.0,0
16,26,0.8298454599748186,0.0935862100970154,,290,gradual,0.0,0
16,27,0.9488744452116645,0.11175217073720828,57.45659537893394,289,gradual,0.0,0
16,28,0.6924147907654966,0.09917190630809873,52.92308801973442,288,gradual,0.0,0
16,29,0.8557368999448033,0.08970895920383938,55.74207042167396,287,gradual,0.0,0
16,30,0.6974901542755993,0.04816655545621367,54.197471763156074,286,gradual,0.0,0
16,31,0.6604298246612041,0.0812398576992607,53.772747753074206,285,gradual,0.0,0
16,32,0.7692512443165015,0.08677917652396218,53.95659719844318,284,gradual,0.0,0
16,33,0.7711120199478788,0.07263841818767808,53.83696916209601,283,gradual,0.0,0
16,34,0.8496449646155484,0.12753856439678662,57.68986395806036,282,gradual,0.0,0
16,35,0.6151530109442328,0.06420005549945322,52.29549252143376,281,gradual,0.0,0
16,36,0.7460088364238051,0.08208799540672314,54.26775825265115,280,gradual,0.0,0
16,37,0.7094550263996541,0.08829423632342073,54.35333137337873,279,gradual,0.0,0
16,38,0.7522341888665065,0.14362236968333786,55.53601747031079,278,gradual,0.0,0
16,39,0.6156694378426808,0.09412191980960993,53.37938705720456,277,gradual,0.0,0
16,40,0.8129737650885548,0.05523563707555613,56.416816879313835,276,gradual,0.0,0
16,41,0.7264560843909214,0.05963422122173466,52.20001428019315,275,gradual,0.0,0
16,42,0.8136367096785949,0.1239404191843851,55.47929908103285,274,gradual,0.0,0
16,43,0.49943543546015146,0.04593799472944531,51.9621204254885,273,gradual,0.0,0
16,44,0.6430360011810595,0.07152889814523856,53.349512675737685,272,gradual,0.0,0
16,45,0.68217865474995,0.12437133202990357,53.21852946491758,271,gradual,0.0,0
16,46,0.3994422707017241,0.04475546547246872,50.794400616179836,270,gradual,0.0,0
16,47,0.6972604036982231,0.13739823548962773,54.198918191808175,269,gradual,0.0,0
16,48,0.8168589174916736,0.15106398385203712,55.30379589367708,268,gradual,0.0,0
16,49,0.6523590137757551,0.08958519630280878,54.21986346498332,267,gradual,0.0,0
16,50,0.4976312828649432,0.06904601999417988,51.333296637053294,266,gradual,0.0,0
16,51,0.4330855627280539,0.11581942437230984,50.772568046630305,265,gradual,0.0,0
16,52,0.34108053781951675,0.08117893258123664,50.133367104802325,264,gradual,0.0,0
16,53,0.6760694134686684,0.09991253153535277,54.33253525083094,263,gradual,0.0,0
16,54,0.5806488052169354,0.08677739598995919,51.511092427818774,262,gradual,0.0,0
16,55,0.47660691365840296,0.0510372655007841,51.42128295842671,261,gradual,0.0,0
16,56,0.7200521003513101,0.1333060068234309,53.07989757700522,260,gradual,0.0,0
16,57,0.7736087910067347,0.1324354593496155,55.71984851915833,259,gradual,0.0,0
16,58,0.5358258517743878,-0.004209865018492354,52.62389257570533,258,gradual,0.0,0
16,59,0.45122430640214095,0.0971662753938925,51.31900660661974,257,gradual,0.0,0
16,60,0.3526388732761978,0.06283899875604902,50.827223960645355,256,gradual,0.0,0
16,61,0.7856400063261662,0.1363386543734857,54.38478050989139,255,gradual,0.0,0
16,62,0.4121626785215341,0.0536735899062909,48.802394079113625,254,gradual,0.0,0
16,63,0.5649072239079638,0.05238234885272428,53.401303018036245,253,gradual,0.0,0
16,64,0.538375989626748,0.06466340495441496,49.80212756259323,252,gradual,0.0,0
16,65,0.6189142806039146,0.10873579367072504,52.87672149160202,251,gradual,0.0,0
16,66,0.5683017116778322,0.0745107258655347,52.025802445727834,250,gradual,0.0,0
16,67,0.7390143066566087,0.04782216485863771,56.48446624912598,249,gradual,0.0,0
16,68,0.5904012381264571,0.10975310651282459,52.58950354825095,248,gradual,0.0,0
16,69,0.9531375609176924,0.112379296021309,57.90701269160862,247,gradual,0.0,0
16,70,0.5717586236705724,0.11824849031369634,52.501331264315624,246,gradual,0.0,0
16,71,0.7778891696423139,0.09435659780935558,56.072281550896385,245,gradual,0.0,0
16,72,0.660052481956092,0.029249163672716443,54.23324058807302,244,gradual,0.0,0
16,73,0.6389776796219784,0.1147904377456077,53.71843229083027,243,gradual,0.0,0
16,74,0.6273709034842987,0.0745597321013295,53.51610069013754,242,gradual,0.0,0
16,75,0.6237041984366263,0.13413464613885132,53.11433211881129,241,gradual,0.0,0
16,76,0.6454578729973073,,52.905443826499,240,gradual,0.0,0
16,77,0.6330550371228797,0.08284518373265237,52.78466530028342,239,gradual,0.0,0
16,78,0.6745896643358507,0.08795811649099193,54.524216254955384,238,gradual,0.0,0
16,79,0.8469902203059466,0.1199815305560355,56.406378141208535,237,gradual,0.0,0
16,80,0.7505547481995439,0.1622362557159793,53.385303627984314,236,gradual,0.0,0
16,81,0.9093858206492097,0.13255856138273334,53.91174756046188,235,gradual,0.0,0
16,82,0.574472844219437,0.15232021887691843,52.910168104428415,234,gradual,0.0,0
16,83,0.8316526846077835,0.08609244769092879,54.939172156660874,233,gradual,0.0,0
16,84,0.6342537245168144,0.12984475257756892,53.63840361067175,232,gradual,0.0,0
16,85,0.8231244142210518,0.10916499513394134,56.28155204339122,231,gradual,0.0,0
16,86,0.9065196949148975,0.09479295129049212,56.74246158891525,230,gradual,0.0,0
16,87,0.9233640622269468,0.13609439416555236,57.517205234403825,229,gradual,0.0,0
16,88,0.8113312719443174,0.11301999579565215,56.72711134150195,228,gradual,0.0,0
16,89,0.799664909943594,0.13204968668395278,54.18865575071822,227,gradual,0.0,0
16,90,0.9122228632480105,0.116148158827442,56.44991601432653,226,gradual,0.0,0
16,91,0.8365001223699362,0.07003760974350343,55.98635492521699,225,gradual,0.0,0
16,92,0.7546210866806579,0.09151868263786511,55.883106632539096,224,gradual,0.0,0
16,93,0.82891139752519,0.1118669109558899,55.41336193372204,223,gradual,0.0,0
16,94,0.9617285475297855,0.103879170954115,57.85363431084864,222,gradual,0.0,0
16,95,0.7316861404683522,0.06652719536180807,53.97883876377874,221,gradual,0.0,0
16,96,0.806197336324709,0.08813949066598428,54.33120756412639,220,gradual,0.0,0
16,97,0.6873420707566387,0.10554037355031388,52.95937180260051,219,gradual,0.0,0
16,98,0.7974064476630036,0.10593303145917905,53.939988693990166,218,gradual,0.0,0
16,99,0.9122458872573435,0.0938488964611221,56.835780619137125,217,gradual,0.0,0
16,100,0.9350358958979654,0.07618367122455552,56.10367321235613,216,gradual,0.0,0
16,101,0.79236964956383,0.030628655947526517,54.88985015649429,215,gradual,0.0,0
16,102,0.8894419467148673,0.13424603762502485,55.16220484660612,214,gradual,0.0,0
16,103,0.6010646597844113,0.07705032226678014,52.67283521420569,213,gradual,0.0,0
16,104,0.8119248993234426,0.08086014384791532,55.85549026457935,212,gradual,0.0,0
16,105,0.8791908282659784,0.10688668100387795,55.48957228277485,211,gradual,0.0,0
16,106,0.712640765189706,0.08769355734634003,54.60658472769642,210,gradual,0.0,0
16,107,0.8864179797132028,0.10650703934344848,55.77565801452104,209,gradual,0.0,0
16,108,0.7522118777402038,0.09726001417117687,54.663247235708404,208,gradual,0.0,0
16,109,0.9315601337178423,0.12018415803329316,55.58563647785222,207,gradual,0.0,0
16,110,0.6455475771974856,0.015391355519073268,52.57548238810079,206,gradual,0.0,0
16,111,0.7082319171569202,0.08207388777661555,54.89565619561786,205,gradual,0.0,0
16,112,0.8309806208831341,0.12947470969415317,55.13596835803564,204,gradual,0.0,0
16,113,0.6701721686338953,0.09569984888005359,53.08895561455753,203,gradual,0.0,0
16,114,0.4953298474695139,0.10853136647779606,52.69458091306164,202,gradual,0.0,0
16,115,0.6635834045976354,0.07599494321567885,53.264887490425416,201,gradual,0.0,0
16,116,0.5346138543128749,0.03166858610798551,51.640750623876386,200,gradual,0.0,0
16,117,0.6227278733577396,0.07702248868010497,53.85461747169015,199,gradual,0.0,0
16,118,0.49565134384653703,0.08440958797927915,50.61817077495169,198,gradual,0.0,0
16,119,0.5959701897199279,0.12038414103773881,51.598203752056314,197,gradual,0.0,0
16,120,0.5879937216770716,0.06136158822947595,53.342534617448095,196,gradual,0.0,0
16,121,0.5737426882686951,0.08813683302793696,52.705968693910485,195,gradual,0.0,0
16,122,0.6282354540298711,0.0674570372970076,52.28315910473848,194,gradual,0.0,0
16,123,0.681454292624925,0.11906648276695875,53.37240895303181,193,gradual,0.0,0
16,124,0.6230045412797776,0.12945995231017968,52.59320007208817,192,gradual,0.0,0
16,125,0.501667340163458,0.08613652173363137,51.532456340450615,191,gradual,0.0,0
16,126,0.7230357190109822,0.09484571382703035,55.06152256502355,190,gradual,0.0,0
16,127,0.6398514178050037,0.0749451751807391,54.23735566756973,189,gradual,0.0,0
16,128,0.4912851167447459,0.06379558395041823,52.09496492126855,188,gradual,0.0,0
16,129,0.6503606280809978,0.10884889206432545,52.744468063076496,187,gradual,0.0,0
16,130,0.5317754685544314,0.14822641826507368,52.33732150842431,186,gradual,0.0,0
16,131,0.5791885248186398,0.08525231694397567,53.28577246825086,185,gradual,0.0,0
16,132,0.5578924082580361,0.09170117237973642,50.65422493204433,184,gradual,0.0,0
16,133,0.5698893677561688,0.10269847241219791,53.130875306637876,183,gradual,0.0,0
16,134,0.6054033918020603,0.0653495514182354,51.7120550459817,182,gradual,0.0,0
16,135,0.4541136190923475,0.05300509393978066,52.32819891656862,181,gradual,0.0,0
16,136,0.6149977891204412,0.061977320296094325,51.566574568523684,180,gradual,0.0,0
16,137,0.4480690215072445,0.08162150250373144,52.19542902233727,179,gradual,0.0,0
16,138,0.6546296473488757,0.11138994836848518,52.47759135425793,178,gradual,0.0,0
16,139,0.8034451318306501,0.09774055798664726,54.726123213089394,177,gradual,0.0,0
16,140,0.6108465914424032,0.07158947161234495,52.421809921530325,176,gradual,0.0,0
16,141,0.4978089185210409,0.15030501612734035,52.300823888181824,175,gradual,0.0,0
16,142,0.6611460265318742,0.061753905097430825,53.099465613268286,174,gradual,0.0,0
16,143,0.8179900980562788,0.1560545322803134,54.30545080254749,173,gradual,0.0,0
16,144,0.6609255652709566,0.1241732331958238,53.96676830995169,172,gradual,0.0,0
16,145,0.6430399349128152,0.08728553465612204,51.55939329602827,171,gradual,0.0,0
16,146,0.647066534345273,0.13051076001101086,53.253066279185646,170,gradual,0.0,0
16,147,0.6963058639237353,0.15113461744874382,52.123256693933456,169,gradual,0.0,0
16,148,0.5242385472087057,0.03711661264864086,52.982167732709215,168,gradual,0.0,0
16,149,0.6162062482754959,0.037422550077504696,50.50695143338439,167,gradual,0.0,0
16,150,0.7759237544234564,0.12706594658279696,53.38581064553187,166,gradual,0.0,0
16,151,0.7646971307241521,0.08240809391231568,53.78783135009377,165,gradual,0.0,0
16,152,0.7829470089405183,0.08013835368608484,54.51190238248255,164,gradual,0.0,0
16,153,0.7254817030434256,0.1401533766187655,55.00950627289123,163,gradual,0.0,0
16,154,0.698719854644265,0.09733783274538076,53.20044179743567,162,gradual,0.0,0
16,155,0.8323369031114514,0.14665244510666747,54.04831291321084,161,gradual,0.0,0
16,156,0.7061196155591926,0.13616726835706017,53.998780922845114,160,gradual,0.0,0
16,157,0.7326848251476599,0.18097844797204954,53.480390546837015,159,gradual,0.0,0
16,158,0.6937664407399621,0.1015739418998065,51.64408651556732,158,gradual,0.0,0
16,159,0.8043800930289439,0.09701214444063201,54.985942188706936,157,gradual,0.0,0
16,160,0.9233752897837468,0.09459550922831438,56.602783968526545,156,gradual,0.0,0
16,161,0.8506794107035818,0.1585600690558345,54.87883990346269,155,gradual,0.0,0
16,162,0.643730534287357,0.08416285656460253,52.86069793497072,154,gradual,0.0,0
16,163,0.9395002964705557,0.06872398091553562,55.994301936430475,153,gradual,0.0,0
16,164,0.6412593867155826,0.12866548014400275,54.866882329906446,152,gradual,0.0,0
16,165,0.8090751228857083,0.1324379380077544,54.49370195292833,151,gradual,0.0,0
16,166,0.792721493989623,0.14978295874654035,55.01696563575402,150,gradual,0.0,0
16,167,0.8249332746190406,0.07508801993654964,55.209829268353985,149,gradual,0.0,0
16,168,0.9716507507998149,0.10632709014321201,57.22975308157136,148,gradual,0.0,0
16,169,0.7645625300054554,0.17946858281796918,53.04954135205234,147,gradual,0.0,0
16,170,0.8666525624823975,0.09932511404615643,55.753781263588095,146,gradual,0.0,0
16,171,0.8980598839727473,0.10957967119287766,55.184581164774364,145,gradual,0.0,0
16,172,0.8362078558350516,0.11413514131090059,54.83693053731031,144,gradual,0.0,0
16,173,0.839441022979939,0.10154112772625142,56.076256630759765,143,gradual,0.0,0
16,174,0.6680433187759428,0.1652526450159565,53.00931825613007,142,gradual,0.0,0
16,175,0.6801300926372922,0.07458643805738904,54.25225067368505,141,gradual,0.0,0
16,176,0.6499087488626991,0.12511457525802505,52.19080292954934,140,gradual,0.0,0
16,177,0.711992171898007,0.13613451673650703,53.53317017858897,139,gradual,0.0,0
16,178,0.7859639566080443,0.12520519313550182,54.91999511598914,138,gradual,0.0,0
16,179,0.6441392247285984,0.07748585228954646,53.229707812998285,137,gradual,0.0,0
16,180,0.5981941031698091,0.07811103240189503,50.65639197341568,136,gradual,0.0,0
16,181,0.7747535995495276,0.07138114061018118,53.65414017073793,135,gradual,0.0,0
16,182,0.635897920999887,0.0804665848936101,53.13675379477145,134,gradual,0.0,0
16,183,0.7788678336949516,0.10833967556556906,54.993745583477974,133,gradual,0.0,0
16,184,0.7811925877452384,0.06912721177206904,54.67764636781524,132,gradual,0.0,0
16,185,0.7035238234924551,0.12828208195089255,51.894912018116834,131,gradual,0.0,0
16,186,0.6437557236565954,,53.957119546320556,130,gradual,0.0,0
16,187,0.5802358421649998,0.0969343482937006,50.56300719369531,129,gradual,0.0,0
16,188,0.6263383835907781,0.1326713399602141,52.66709258191798,128,gradual,0.0,0
16,189,0.7024720413406045,0.12334875547453604,54.38869637114397,127,gradual,0.0,0
16,190,0.6280438137375611,0.08811857753310146,51.190573657244364,126,gradual,0.0,0
16,191,0.42388280947656787,0.11740674581463366,51.016491847591425,125,gradual,0.0,0
16,192,0.5778919608482154,0.03251345266843548,52.78712034169232,124,gradual,0.0,0
16,193,0.6109558750806084,0.06391351158608684,53.91798286786,123,gradual,0.0,0
16,194,0.4825214144136225,0.10306490658132024,53.63641316300951,122,gradual,0.0,0
16,195,0.4279930667442029,0.11186438305124449,50.10499854180741,121,gradual,0.0,0
16,196,0.5219732929074696,0.09926916354133572,50.86844318905821,120,gradual,0.0,0
16,197,0.495742143140884,0.06445534999546733,50.21203620397923,119,gradual,0.0,0
16,198,0.684604849235836,0.05496478531352254,53.97400659490688,118,gradual,0.0,0
16,199,0.5913587642635165,0.08863827827370713,50.83294568938988,117,gradual,0.0,0
16,200,0.5559133807443348,0.05664949372694909,49.848216702438364,116,gradual,0.0,0
16,201,0.42639278791846336,0.11057207651599144,51.372961601612104,115,gradual,0.0,0
16,202,0.6237840864257573,0.10425652183024853,51.427585622710176,114,gradual,0.0,0
16,203,0.39554341605271304,0.07373522354545373,50.488115844223344,113,gradual,0.0,0
16,204,0.5042002632598115,0.13427258423414207,49.95403156167181,112,gradual,0.0,0
16,205,0.5764547180822198,0.11083457321577454,51.011591183957414,111,gradual,0.0,0
16,206,0.47065223509509213,0.0743843084619251,49.29758294255311,110,gradual,0.0,0
16,207,0.7117965602313912,0.06199472777889904,53.0170045782308,109,gradual,0.0,0
16,208,0.548836434682894,0.11671156849561404,50.84752540858071,108,gradual,0.0,0
16,209,0.6826446291527944,0.10002022792823252,53.010653440271334,107,gradual,0.0,0
16,210,0.6719156914566793,0.035306195666287066,51.29885623768593,106,gradual,0.0,0
16,211,0.42914215753242946,0.11437295083552441,50.45264638111169,105,gradual,0.0,0
16,212,0.663701064887378,0.16013136717740556,54.65667954097448,104,gradual,0.0,0
16,213,0.76358815807981,0.0989876308046336,56.076116915394344,103,gradual,0.0,0
16,214,0.6872758195809949,0.08799919414166928,53.4393674517293,102,gradual,0.0,0
16,215,0.4490306637039534,0.06699167756850322,50.230275722221954,101,gradual,0.0,0
16,216,0.6587690551977375,0.09726683637038122,52.999126176019125,100,gradual,0.0,0
16,217,0.7627194007241614,0.12626182647299836,53.29445164970036,99,gradual,0.0,0
16,218,0.694247038395173,0.11151084530818377,52.574105231287604,98,gradual,0.0,0
16,219,0.6644654521347354,0.09898296779215802,53.215073362722116,97,gradual,8.502268261415266e-06,0
16,220,0.619156569623077,0.11745170639581258,52.0470935925378,96,gradual,0.00020984035733350516,0
16,221,0.6385361140136687,0.03846063447717395,54.60459043830073,95,gradual,0.0006610746677531795,0
16,222,0.6801853466517211,0.14977021929887174,54.23285595049399,94,gradual,0.0013520547839927413,0
16,223,0.6765064744848602,0.08928732466434978,54.814130427441924,93,gradual,0.002276985050694817,0
16,224,0.758007246599412,0.10689210114871639,53.55967358409689,92,gradual,0.003431784774032282,0
16,225,0.681964437304339,0.128087516817206,52.88138841760206,91,gradual,0.004813308846758871,0
16,226,0.6619392552073372,0.12322925401422845,52.91035862421712,90,gradual,0.006419002766886002,0
16,227,0.9342230670685793,0.12389518273939265,56.58104397963012,89,gradual,0.008246718774473114,0
16,228,0.8510188342859955,0.1421070040363441,57.48105814872376,88,gradual,0.010294606132398023,0
16,229,0.8445783073732956,0.1271191189187962,54.078330221696326,87,gradual,0.012561040390997504,0
16,230,0.6793053980670991,0.06431838032736341,54.163451871651795,86,gradual,0.015044575130686433,0
16,231,0.6979658640891031,0.0878137595435269,54.96331738364902,85,gradual,0.01774390758027025,0
16,232,0.8750402699679283,0.12521818493953094,55.55241024871317,84,gradual,0.020657853264472937,0
16,233,0.7420513497192427,0.12462798779100134,54.930933656646154,83,gradual,0.02378532677950292,0
16,234,0.6404903097653225,0.1520715388120329,52.99819710315667,82,gradual,0.0271253268733187,0
16,235,0.8629557365957045,0.15077625234989422,55.662893017623276,81,gradual,0.030676924637854867,0
16,236,0.8156626631763365,0.16605294661129474,54.856783431856634,80,gradual,0.03443925400636431,0
16,237,0.8298280587754313,0.12230472453619115,55.675654568270105,79,gradual,0.03841150399427774,0
16,238,0.8731805844453804,0.11586186719613596,55.93201196057676,78,gradual,0.042592912282952484,0
16,239,0.6849944632122664,0.1495962496440317,54.37782913601525,77,gradual,0.04698275985432644,0
16,240,0.8033169013675999,0.1854493184442817,55.37471400212784,76,gradual,0.051580366459629774,0
16,241,0.7347912660923863,0.09841765361528723,55.422295197131376,75,gradual,0.056385086758396805,0
16,242,0.7610373109743829,0.16404566546307967,56.98927259961473,74,gradual,0.06139630700225718,0
16,243,0.9210981134576492,0.1935977861213783,56.63933806249497,73,gradual,0.06661344216599649,0
16,244,0.6375167021416126,0.1773744318488413,53.196429351079836,72,gradual,0.07203593344921601,0
16,245,0.8078923536891088,0.19505735589464185,57.263861790631694,71,gradual,0.07766324608764076,0
16,246,0.8247518055071372,0.20413809209781514,56.74489383563851,70,gradual,0.08349486742513468,0
16,247,0.8063328394954152,0.09478260825830909,57.96390586332891,69,gradual,0.08953030520676239,0
16,248,0.7031709537827233,0.1995343681136575,55.88076127149265,68,gradual,0.09576908606048605,0
16,249,0.8537636011611824,0.1866899164065309,57.93214408928392,67,gradual,0.10221075414080326,0
16,250,0.8058894667870806,0.16772924797431238,55.903736576731205,66,gradual,0.10885486991218088,0
16,251,0.79933560597984,0.24603657236070295,56.61990077570683,65,gradual,0.11570100905379277,0
16,252,0.6505911855643278,0.14142107946312277,54.88901853301294,64,gradual,0.12274876147001983,0
16,253,0.6436593834134852,0.19060317375860253,54.01455301775668,63,gradual,0.12999773039357887,0
16,254,0.5535291783411658,0.19310512581571385,53.92406816507179,62,gradual,0.13744753157011716,0
16,255,0.6250406173230599,0.22679057261488195,52.817134454392765,61,gradual,0.1450977925147395,0
16,256,0.8375761111616924,0.31031398624190315,56.31482752310284,60,gradual,0.15294815183228463,0
16,257,0.6548301321037303,0.18681153145199,54.05275712239816,59,gradual,0.1609982585942981,0
16,258,0.5653993373832928,0.2045118856919918,54.15004618702432,58,gradual,0.16924777176659306,0
16,259,0.8287343392299557,0.3219581636036309,56.10357308908321,57,gradual,0.17769635968209235,0
16,260,0.6781143276648653,0.21398699562557125,58.60362780708088,56,gradual,0.1863436995543184,0
16,261,0.5376074505064454,0.23635319917712827,54.67776282517768,55,gradual,0.19518947702747688,0
16,262,0.5114411343599261,0.21066403511667942,54.66589732531331,54,gradual,0.20423338575956898,0
16,263,0.6408533377922511,0.3032556907843546,57.126531041883844,53,gradual,0.21347512703539268,0
16,264,0.5626324622130674,0.26084909503223486,55.026621421780256,52,gradual,0.22291440940665397,0
16,265,0.6924778166884951,0.3063872910490221,56.507754212277945,51,gradual,0.23255094835672677,0
16,266,0.6305278033992482,0.2759969402486616,56.93994649807132,50,gradual,0.24238446598786947,0
16,267,0.6524822824025029,0.2786628411025355,57.68648391020631,49,gradual,0.25241469072894723,0
16,268,0.6128361400951418,0.31030629219864975,56.19682557088194,48,gradual,0.26264135706191216,0
16,269,0.4916491997730166,0.36467812898506247,55.98208623388352,47,gradual,0.27306420526547937,0
16,270,0.6397139931799853,0.30536487542900975,57.69467904990845,46,gradual,0.2836829811745919,0
16,271,0.6143789007534479,0.3743069386867397,58.102548551344256,45,gradual,0.2944974359544108,0
16,272,0.6432403818100835,0.39195590172106093,57.93586674718253,44,gradual,0.3055073258876901,0
16,273,0.6268839115136099,0.3636369747424629,57.65423544903228,43,gradual,0.3167124121745027,0
16,274,0.6171677904500751,0.4102666957215346,56.994343010595145,42,gradual,0.32811246074338646,0
16,275,0.4520137715366064,,54.77386570302104,41,gradual,0.33970724207305997,0
16,276,0.4482305292466092,0.3936676797147927,54.85302615944528,40,gradual,0.3514965310239391,0
16,277,0.42157766470575914,0.4228341381061399,56.748894008921795,39,gradual,0.3634801066787501,0
16,278,0.4774282049785149,0.4127018606885433,57.496240989773504,38,gradual,0.3756577521916023,0
16,279,0.6775990606667173,0.4358733257591017,60.86307924725951,37,gradual,0.38802925464493176,0
16,280,0.4696250411278312,0.44614531303169036,58.169298126357695,36,gradual,0.4005944049137832,0
16,281,0.5303540042717451,0.4148906190875743,58.70758188104703,35,gradual,0.4133529975369362,0
16,282,0.4848935775050106,0.4664408488567053,57.356955245919536,34,gradual,0.4263048305944289,0
16,283,0.5478661416864514,0.47883157449367697,59.34114560737884,33,gradual,0.4394497055910611,0
16,284,0.4663565615886019,0.48511258108583677,58.93715120707667,32,gradual,0.45278742734549865,0
16,285,0.4946449557025788,0.5012408759480143,57.50955551189848,31,gradual,0.4663178038846245,0
16,286,0.8330550213845033,0.4817133180113968,62.5575853729487,30,gradual,0.4800406463428151,0
16,287,0.5766640818964015,0.48550539863328696,59.73826573428195,29,gradual,0.49395576886583975,0
16,288,0.7250799960634509,0.5374022977327326,61.00003028513279,28,gradual,0.5080629885191077,0
16,289,0.5801391960174671,0.48789792257955183,61.60548722682602,27,gradual,0.5223621252000032,0
16,290,0.8023000515981903,0.5144507348221651,63.638213177717475,26,gradual,0.5368530015540738,0
16,291,0.6325312541764594,0.5849551560719792,62.64167488062803,25,gradual,0.5515354428948468,0
16,292,0.5617382634144523,0.5338534715770167,60.70483563838876,24,gradual,0.5664092771270726,0
16,293,0.557506233335884,0.5928465709410811,62.327365087853444,23,gradual,0.5814743346731982,0
16,294,0.683911168084641,0.5850209948519631,61.89959864709276,22,gradual,0.5967304484028978,0
16,295,0.6019427638283178,0.6111353635329395,63.39526277690122,21,gradual,0.6121774535654917,0
16,296,0.6943122527537909,0.636154535027669,,20,gradual,0.6278151877250993,1
16,297,0.6317628565590444,0.6364539874155514,64.72846239866362,19,gradual,0.6436434906983792,1
16,298,0.8966390509396105,0.679962135548643,67.01157129706186,18,gradual,0.6596622044947269,1
16,299,0.772946709428731,0.696050679724781,67.22707046969906,17,gradual,0.675871173258795,1
16,300,0.6234449700411799,0.6425759160027485,65.16189159910036,16,gradual,0.6922702432152262,1
16,301,0.8617532865958775,0.6975235166985422,65.83186919190378,15,gradual,0.7088592626154799,1
16,302,0.7157519288349316,0.6890688813250759,67.15014300237814,14,gradual,0.7256380816866546,1
16,303,0.620199734879953,0.7294524014028784,65.70947787868171,13,gradual,0.7426065525822036,1
16,304,0.7333721357432826,0.7419460293790162,67.77976638692974,12,gradual,0.7597645293344562,1
16,305,0.7875836452678918,0.7956237267745018,69.63371545190985,11,gradual,0.7771118678088517,1
16,306,1.0618653484510794,0.8106141971590921,71.07716366660821,10,gradual,0.7946484256598132,1
16,307,0.8084484370129953,0.8259053496590893,69.74967377718406,9,gradual,0.812374062288177,1
16,308,0.7743452618755768,0.805174695481444,70.92875578770015,8,gradual,0.8302886388001106,1
16,309,0.8365578018189908,0.8106354310915524,69.22238561679032,7,gradual,0.8483920179674469,1
16,310,0.9601528375383775,0.8526588460642156,72.88583194880758,6,gradual,0.8666840641893745,1
16,311,0.9206754557399767,0.8252384547740909,72.55852802267852,5,gradual,0.885164643455421,1
16,312,0.6809978147172411,0.9185029443457052,68.56674549170685,4,gradual,0.903833623309673,1
16,313,0.7750691967043175,0.8743185468214184,69.8136442448525,3,gradual,0.9226908728161768,1
16,314,0.8807576611258702,,72.75044784432801,2,gradual,0.9417362625254712,1
16,315,0.8582445432186276,0.8843993324047751,72.55331127891425,1,gradual,0.9609696644422023,1
16,316,1.0327077590807003,1.0216042998600519,74.63686405998824,0,gradual,0.9803909519937761,1
17,0,0.7287476348577338,0.38997440432344466,45.71381672413444,331,gradual,0.0,0
17,1,0.5620609865844614,0.33769012192381515,43.79147673297605,330,gradual,0.0,0
17,2,0.8144616833434991,0.3924804055127051,46.93683359558241,329,gradual,0.0,0
17,3,0.8740556798495285,0.39523576981332503,46.52481164672876,328,gradual,0.0,0
17,4,0.7970107648127144,0.39831899930385367,47.291714229347775,327,gradual,0.0,0
17,5,0.9172195572520174,0.41489176633887986,47.56344527119696,326,gradual,0.0,0
17,6,0.854450821988577,0.4243450245044385,47.49601824110156,325,gradual,0.0,0
17,7,0.9188799509093338,0.4106995116520903,47.580995731772326,324,gradual,0.0,0
17,8,0.8574647011611728,0.4432806647557113,47.20833916423107,323,gradual,0.0,0
17,9,0.8367424462488408,0.4194044801251243,47.709111222657036,322,gradual,0.0,0
17,10,0.7935087504804014,0.36535797460477965,45.141255264252926,321,gradual,0.0,0
17,11,0.8053517122264419,0.30445276666080046,45.777236377780504,320,gradual,0.0,0
17,12,1.0585508155032157,0.462870181892486,49.584032361299776,319,gradual,0.0,0
17,13,0.8022846265525302,0.3717828145748113,46.56824972648891,318,gradual,0.0,0
17,14,0.9264758627216272,0.44021037228075965,46.082914408131444,317,gradual,0.0,0
17,15,0.613927274370452,0.34160812345102665,44.49707990778844,316,gradual,0.0,0
17,16,0.7673832201305739,0.3521403929293999,44.71508106771549,315,gradual,0.0,0
17,17,0.9082454377330875,0.448911898304149,48.3356205744948,314,gradual,0.0,0
17,18,0.863136965509105,0.4165458561974731,47.20123840362129,313,gradual,0.0,0
17,19,0.9037777737884434,0.38159062464064886,47.49647385162217,312,gradual,0.0,0
17,20,0.8094770316267476,0.3955300386358322,,311,gradual,0.0,0
17,21,0.7561468305728594,0.33303410892498114,44.28497726031538,310,gradual,0.0,0
17,22,0.8882652641358955,0.38845276365235293,47.307877837851436,309,gradual,0.0,0
17,23,0.7000041157518555,0.4074049687680046,43.90495499292386,308,gradual,0.0,0
17,24,0.9145882197864982,0.4219446115987463,48.47660240410874,307,gradual,0.0,0
17,25,0.871188976191359,0.38496432593492635,47.1983521292436,306,gradual,0.0,0
17,26,0.7651670156591871,0.43183100679097736,45.20660192944877,305,gradual,0.0,0
17,27,0.6002047348682891,0.34376662918375206,42.25706930823014,304,gradual,0.0,0
17,28,0.8069137952509297,0.38906149010311125,46.665291062265524,303,gradual,0.0,0
17,29,0.5271452812127368,0.2863247384565434,42.547128346099164,302,gradual,0.0,0
17,30,0.6691950637664589,0.3805341314176554,43.37674903098974,301,gradual,0.0,0
17,31,0.5190435777205014,0.2763927500482351,43.147852076660264,300,gradual,0.0,0
17,32,0.6465058024278435,0.3606951650404497,45.51835985323162,299,gradual,0.0,0
17,33,0.6411518130510967,0.44293110462883356,44.92302542098637,298,gradual,0.0,0
17,34,0.5156503695453416,0.36768576947869996,40.46974322505146,297,gradual,0.0,0
17,35,0.6118517782559068,0.36605317922073055,44.88668797735478,296,gradual,0.0,0
17,36,0.6447277334277408,0.40075306391858767,45.072850429279256,295,gradual,0.0,0
17,37,0.7328453338382881,0.34792987693998834,42.20720992555843,294,gradual,0.0,0
17,38,0.5958906435831668,0.37046703707640083,45.80544995513913,293,gradual,0.0,0
17,39,0.6328632300957562,0.33706673358301015,44.47699751367877,292,gradual,0.0,0
17,40,0.7095600684190112,0.391657401220917,45.34077637847805,291,gradual,0.0,0
17,41,0.5094597002472804,0.3182587507850712,43.37512975970086,290,gradual,0.0,0
17,42,0.6329965865075917,0.3821235440012054,42.8970863988879,289,gradual,0.0,0
17,43,0.420535448494641,0.35745161097770345,40.27070790036343,288,gradual,0.0,0
17,44,0.5600170382601464,0.33010028913868567,42.39339179693002,287,gradual,0.0,0
17,45,0.3893742159527264,0.3330354398026033,42.48196140673725,286,gradual,0.0,0
17,46,0.4126228338998431,0.29237288362790453,42.27554556672152,285,gradual,0.0,0
17,47,0.6451292200753435,0.3348133747367586,44.09223750976348,284,gradual,0.0,0
17,48,0.3942857080419392,0.3042963019652805,42.41308438391505,283,gradual,0.0,0
17,49,0.5165804156273013,0.3294859781000905,43.652820124952214,282,gradual,0.0,0
17,50,0.5797814154693575,0.3388122947449617,43.0126748129658,281,gradual,0.0,0
17,51,0.5592872118116476,0.3087132445755865,43.044952930891846,280,gradual,0.0,0
17,52,0.5190710959384488,0.37957609804733083,44.969484869309206,279,gradual,0.0,0
17,53,0.6804861748065325,0.40585246363661365,43.54021697121579,278,gradual,0.0,0
17,54,0.5505572363080594,0.35369413524129656,40.71264529496559,277,gradual,0.0,0
17,55,0.6624719325042796,0.3372224341310426,44.00113661683166,276,gradual,0.0,0
17,56,0.5054242084536749,0.31700298380336095,41.232240626507256,275,gradual,0.0,0
17,57,0.5348433041875966,0.35477102715680064,43.188781268593516,274,gradual,0.0,0
17,58,0.7600550872481774,0.37852823784089545,47.344716638240484,273,gradual,0.0,0
17,59,0.7295082770605918,0.38908981311360374,43.63960621268068,272,gradual,0.0,0
17,60,0.7483900467987844,0.4063986920464057,44.24889698483206,271,gradual,0.0,0
17,61,0.7626731597577469,0.3644660355440028,43.2675090186682,270,gradual,0.0,0
17,62,0.9255640891835561,0.4041013342366076,46.69344356040457,269,gradual,0.0,0
17,63,1.0408980294777894,0.44541046338218837,47.08832263866295,268,gradual,0.0,0
17,64,0.8047691117982282,0.38104340576317636,45.34620278664871,267,gradual,0.0,0
17,65,0.8450583656212914,0.36835820158201343,45.872944496964664,266,gradual,0.0,0
17,66,0.7207392129652417,0.38760028298991434,44.50579453397856,265,gradual,0.0,0
17,67,0.6802831189576591,0.42223042462594335,43.825860798382735,264,gradual,0.0,0
17,68,0.8903586660409241,0.37218663647498573,45.029313327302305,263,gradual,0.0,0
17,69,0.842787540813723,0.4032453340783844,45.772935526405625,262,gradual,0.0,0
17,70,0.7912136237424017,0.42997660639606994,45.59825942198026,261,gradual,0.0,0
17,71,0.8896586878214907,0.34777878166940107,45.63313750660929,260,gradual,0.0,0
17,72,0.9532595604454187,0.4440762024416848,48.53095484585077,259,gradual,0.0,0
17,73,0.8534830234123817,0.4106393913095978,47.84091680109051,258,gradual,0.0,0
17,74,0.8295027403653117,0.3831377396494561,47.0012803735614,257,gradual,0.0,0
17,75,0.6974062638110433,0.429883833117918,44.21042570731261,256,gradual,0.0,0
17,76,0.6818732934170597,0.3828418129039797,43.260796750557496,255,gradual,0.0,0
17,77,0.7244391442689418,0.35592535761298844,45.86404380945649,254,gradual,0.0,0
17,78,0.7663326129632527,0.3708415396182001,46.41773366557398,253,gradual,0.0,0
17,79,0.7904806823362188,0.3570600522255948,45.18280665580036,252,gradual,0.0,0
17,80,0.9418106217915474,0.3839489026049079,47.98891563805085,251,gradual,0.0,0
17,81,0.7423074829524099,0.3698915611653645,45.773927546149054,250,gradual,0.0,0
17,82,0.8117567623312503,0.4055268627838244,45.16467563996793,249,gradual,0.0,0
17,83,0.7838095376445557,0.3582436861708191,44.84042699579117,248,gradual,0.0,0
17,84,0.7412645414219907,0.4253293199617366,44.290939968298794,247,gradual,0.0,0
17,85,0.8241972900231986,0.4329691320213013,46.26831487307124,246,gradual,0.0,0
17,86,0.7953432019540774,0.35193732876488215,44.877490710837996,245,gradual,0.0,0
17,87,0.8434056359140003,0.4151740862981592,47.47657903519279,244,gradual,0.0,0
17,88,0.5459339802899605,0.28214710177402147,43.6862640412525,243,gradual,0.0,0
17,89,0.5980041059243375,0.3522787275162663,42.62842108888769,242,gradual,0.0,0
17,90,0.48975897349339514,0.3196839376226258,42.076033424655236,241,gradual,0.0,0
17,91,0.5099872029795546,0.3323281972767604,42.49514020139776,240,gradual,0.0,0
17,92,0.671952272841317,0.3982718755959285,45.84572821183584,239,gradual,0.0,0
17,93,0.6747372810760389,0.400550315207307,43.99315936442334,238,gradual,0.0,0
17,94,0.5606746101559832,0.35148338876101587,41.82099405712054,237,gradual,0.0,0
17,95,0.6491419058854165,0.3450409730997975,44.02146903870942,236,gradual,0.0,0
17,96,0.6461447637729749,0.4260998799410434,45.202360413375885,235,gradual,0.0,0
17,97,0.4694953378098964,0.2517124544937369,41.60301055974933,234,gradual,0.0,0
17,98,0.5420650956350958,0.2922429684819727,43.02206232658466,233,gradual,0.0,0
17,99,0.5498400754591658,0.31150503997673434,44.08920430457779,232,gradual,0.0,0
17,100,0.6209676533091506,0.31978496546753565,45.035813605056276,231,gradual,0.0,0
17,101,0.5407104276879946,0.3879653765184647,43.22582739684114,230,gradual,0.0,0
17,102,0.406754269894911,0.2697525433976155,41.06233800996575,229,gradual,0.0,0
17,103,0.5415741385386273,0.3246871785930057,42.62187317752687,228,gradual,0.0,0
17,104,0.668698402200431,0.3561893026436646,44.27214902961221,227,gradual,0.0,0
17,105,0.4300777978445628,0.317450865509624,41.346319807697654,226,gradual,0.0,0
17,106,0.5836121495543992,0.3596049450280515,44.106920560029444,225,gradual,0.0,0
17,107,0.4941255367143331,0.29909715673500775,44.30599233155045,224,gradual,0.0,0
17,108,0.7548701191980303,,45.2129717837536,223,gradual,0.0,0
17,109,0.5392639059836732,0.3357473959005767,42.204158729893784,222,gradual,0.0,0
17,110,0.6468008108262053,0.3278678414770908,44.910724678619815,221,gradual,0.0,0
17,111,0.6363939180152237,0.36003450751907445,44.08540146287497,220,gradual,0.0,0
17,112,0.658253781183497,0.35962026351097054,45.12282439204114,219,gradual,0.0,0
17,113,0.7571708357244418,0.37291007797952497,45.953510082470586,218,gradual,0.0,0
17,114,0.7299040158362455,0.36994446221320143,43.130337198079225,217,gradual,0.0,0
17,115,0.9027329904185849,0.4405365236568745,47.718196148290765,216,gradual,0.0,0
17,116,0.4551713758609175,0.2959571172977098,42.2035601146737,215,gradual,0.0,0
17,117,0.9188359559556367,0.45430935070586465,48.94778315294094,214,gradual,0.0,0
17,118,0.7515128282738802,0.31098663725214337,45.521179558193964,213,gradual,0.0,0
17,119,0.7979910575057705,0.36292026277431627,46.22091126129477,212,gradual,0.0,0
17,120,0.8186132748898031,0.40914860781574547,46.6585387750438,211,gradual,0.0,0
17,121,0.7836344244291527,0.3748784949350924,45.338617621819886,210,gradual,0.0,0
17,122,0.7455254069926531,0.38489938259983403,46.74997087758685,209,gradual,0.0,0
17,123,0.7026613735226487,0.33988468718242065,46.09287769874955,208,gradual,0.0,0
17,124,0.940104001254866,0.39979231758263,49.16699339545948,207,gradual,0.0,0
17,125,0.7199923327548958,0.3619921606719758,46.082401632618904,206,gradual,0.0,0
17,126,0.8820555093204401,0.417711208898057,46.823145203367204,205,gradual,0.0,0
17,127,0.8111072314174869,0.38529251933402875,46.02510324562701,204,gradual,0.0,0
17,128,0.9491082882670706,0.40565887122969024,45.352705269127696,203,gradual,0.0,0
17,129,0.8735971728255818,0.3540471762166077,47.189310923852965,202,gradual,0.0,0
17,130,0.628451613303508,0.3134131656667555,43.881681796016885,201,gradual,0.0,0
17,131,0.6677106299846226,0.356788074173115,44.56593010108537,200,gradual,0.0,0
17,132,0.8992594672320499,0.39697048892017484,48.22922411458489,199,gradual,0.0,0
17,133,0.8047433936616085,0.43810302963019665,46.033626426850724,198,gradual,0.0,0
17,134,0.9113398153862079,0.3776093088795018,46.902326386528074,197,gradual,0.0,0
17,135,0.5806414774723739,0.363426029757533,42.82684743921077,196,gradual,0.0,0
17,136,0.8218045629032767,0.411552597584364,48.04508659487287,195,gradual,0.0,0
17,137,0.7963990139191266,0.34649559992979007,46.83406081761486,194,gradual,0.0,0
17,138,0.6040936810070168,0.33483915686906207,43.73929529684747,193,gradual,0.0,0
17,139,0.8155431124347458,0.39092715627674546,46.6247393322277,192,gradual,0.0,0
17,140,0.6998443975580351,0.3455468467277712,44.890292953204884,191,gradual,0.0,0
17,141,0.8113348399409184,0.40344160799419365,45.4459295202505,190,gradual,0.0,0
17,142,0.6859927840666526,0.30832483782469683,44.98685284372275,189,gradual,0.0,0
17,143,0.6846593295593969,0.32070841243202447,45.56978704686719,188,gradual,0.0,0
17,144,0.7897214086365499,0.3844299446309242,46.76192925166448,187,gradual,0.0,0
17,145,0.6718897811094169,0.3679639332515623,44.53971675834407,186,gradual,0.0,0
17,146,0.5981921363077711,0.3342908699270667,44.609940426437745,185,gradual,0.0,0
17,147,0.5941098924824503,0.33817530177720234,43.85353427112542,184,gradual,0.0,0
17,148,0.7673586818575991,0.3526352624351566,43.15702355057751,183,gradual,0.0,0
17,149,0.6434277173408331,0.33313045263778507,44.51921543279202,182,gradual,0.0,0
17,150,0.676223978041864,0.3375525737888882,44.983612568805775,181,gradual,0.0,0
17,151,0.5429946794901719,0.33149881391496977,42.54308933295211,180,gradual,0.0,0
17,152,0.6206233112294499,0.3136980551502669,46.19507603733794,179,gradual,0.0,0
17,153,0.7647145291122835,0.4022800067538558,44.162725563391,178,gradual,0.0,0
17,154,0.5664327572425992,0.38116126008573264,41.17434745475851,177,gradual,0.0,0
17,155,0.5325399100566172,0.3641826164796346,42.41941363155976,176,gradual,0.0,0
17,156,0.6366331302508603,0.3388397284035629,44.53530317865134,175,gradual,0.0,0
17,157,0.5411058739787975,0.3522506997935037,44.82700565753637,174,gradual,0.0,0
17,158,0.6261722681112097,0.30980061632219996,44.64194681003264,173,gradual,0.0,0
17,159,0.6079365630326724,0.3606639066884877,43.72651697682104,172,gradual,0.0,0
17,160,0.6752067930527064,0.353083838307746,44.251982677765525,171,gradual,0.0,0
17,161,0.6192687710622742,0.3697724680354031,43.0819725714373,170,gradual,0.0,0
17,162,0.6051862421247444,0.3512463461400232,43.08914204375401,169,gradual,0.0,0
17,163,0.6259518098720943,,44.49358859876192,168,gradual,0.0,0
17,164,0.38361330598550014,0.3280851647748701,39.49870810048081,167,gradual,0.0,0
17,165,0.47099179507997313,0.295068575340559,42.27297998778586,166,gradual,0.0,0
17,166,0.6290639186889567,0.35293291823689377,43.465792350580486,165,gradual,0.0,0
17,167,0.5515795463666258,0.374269485507238,42.2551185919869,164,gradual,0.0,0
17,168,0.7099106291631393,0.37747883613443645,45.47098693228864,163,gradual,0.0,0
17,169,0.7165846557113167,0.30939612361900054,46.5966993439668,162,gradual,0.0,0
17,170,0.6556781084439162,0.39979746625666496,42.30516041614514,161,gradual,0.0,0
17,171,0.8123181904919466,0.3816870416371277,46.50101893504411,160,gradual,0.0,0
17,172,0.7647192097861885,0.36862558986744454,45.27121229016749,159,gradual,0.0,0
17,173,0.7284648866919585,0.36699437692275827,45.52929207156852,158,gradual,0.0,0
17,174,0.5691657917710882,0.29527174845106874,44.43763677803241,157,gradual,0.0,0
17,175,0.7952216765696556,0.3691777201621941,46.06321000740661,156,gradual,0.0,0
17,176,0.9343759645560005,0.36423994804039506,47.1323338620623,155,gradual,0.0,0
17,177,0.6489968426568123,0.37947250323097603,43.93027017875702,154,gradual,0.0,0
17,178,0.966383544437958,0.43497505200200826,47.759637418327344,153,gradual,0.0,0
17,179,0.7906561763952757,0.3747358075999003,46.58424573116246,152,gradual,0.0,0
17,180,0.6622573117822068,0.3271732075532071,45.24613828639659,151,gradual,0.0,0
17,181,0.7415658967035661,0.3572113811922875,44.35416734526581,150,gradual,0.0,0
17,182,0.7242557991634566,0.3488272183330409,44.7878477126694,149,gradual,0.0,0
17,183,0.9780165787940798,0.390850605349943,49.215755627445866,148,gradual,0.0,0
17,184,0.8648711652020483,0.3824733981138014,45.242867991368655,147,gradual,0.0,0
17,185,0.9429152291061904,0.3873726806230367,47.904974680490184,146,gradual,0.0,0
17,186,0.8853462692665139,0.3804090856048582,46.38860090793752,145,gradual,0.0,0
17,187,1.0431798671474628,0.4214350621046318,48.822062882934866,144,gradual,0.0,0
17,188,0.8317793030294979,0.4092773404272142,46.10127002985589,143,gradual,0.0,0
17,189,0.9842633188676334,0.42414053467427876,47.330937684218675,142,gradual,0.0,0
17,190,0.9299312507055696,0.435002412858225,48.74733413096715,141,gradual,0.0,0
17,191,0.7572934019868571,0.4610130202926958,47.37866901263469,140,gradual,0.0,0
17,192,0.7311014390944932,0.3822217840033664,45.69815138970917,139,gradual,0.0,0
17,193,0.8311664087538013,0.34924766958348863,46.03371896429824,138,gradual,0.0,0
17,194,0.7830676239732081,0.41479143686514924,46.99913182995718,137,gradual,0.0,0
17,195,0.742241576576761,0.3924677682813039,46.39988027262188,136,gradual,0.0,0
17,196,0.5559300239772956,0.30468073441128307,43.52449644015633,135,gradual,0.0,0
17,197,0.6833802429039016,0.3295752988251083,43.264797519856415,134,gradual,0.0,0
17,198,0.6474139506764426,0.31416189775231657,,133,gradual,0.0,0
17,199,0.7487877849126117,0.39448041106395054,45.896788685231634,132,gradual,0.0,0
17,200,0.5799858062264129,0.30998784983451777,42.704559480361624,131,gradual,0.0,0
17,201,0.6888871353456862,0.3540365214618888,43.91382460365168,130,gradual,0.0,0
17,202,0.5148989728260017,0.2926670527233116,40.54225848225051,129,gradual,0.0,0
17,203,0.46740301785148863,0.3079756878369622,41.56658555617566,128,gradual,0.0,0
17,204,0.637064800934727,0.30305164809822677,43.85540394840556,127,gradual,0.0,0
17,205,0.6103090532568473,0.29419019654535494,42.71402125220278,126,gradual,0.0,0
17,206,0.5924395946338324,0.30655563647930917,43.862044344185676,125,gradual,0.0,0
17,207,0.42694108135940934,0.2917567190106899,42.924846342121214,124,gradual,0.0,0
17,208,0.6433399384405241,0.3851562879624716,44.21288214972249,123,gradual,0.0,0
17,209,0.558340197421045,0.32655634156937124,44.18808433931749,122,gradual,0.0,0
17,210,0.6016664766965875,0.2923796515108117,43.08447003850216,121,gradual,0.0,0
17,211,0.5838314338899273,0.3130485090172422,43.96898233045317,120,gradual,0.0,0
17,212,0.6743489845576267,0.2620373817151387,41.864236233622414,119,gradual,0.0,0
17,213,0.4200948307992396,,40.50522395950423,118,gradual,0.0,0
17,214,0.6737206259882365,0.3500781698542315,44.64043302598734,117,gradual,0.0,0
17,215,0.6994198805077204,0.29647611113310174,45.80641089388341,116,gradual,0.0,0
17,216,0.46169922365466864,0.32408672189924725,41.37059438263586,115,gradual,0.0,0
17,217,0.37325906616555615,0.28726169341318514,39.48792666029961,114,gradual,0.0,0
17,218,0.3,0.30356771313108005,39.63192600675219,113,gradual,0.0,0
17,219,0.7999272252851644,0.3740326629312962,44.360163370042564,112,gradual,2.865613843645696e-05,0
17,220,0.6131981631711222,0.31936097316134654,44.893704012417295,111,gradual,0.00015089200986878577,0
17,221,0.6278496650046353,0.36468590839823045,44.72179586871581,110,gradual,0.00037976945826701566,0
17,222,0.7216439439969614,0.33499028555240185,45.77525336167673,109,gradual,0.0007219368246017728,0
17,223,0.4065443135478449,0.30827190571641383,39.75517448660841,108,gradual,0.0011821832519843777,0
17,224,0.7241386546466508,0.30202266137369865,46.14368669261509,107,gradual,0.0017643000940058351,0
17,225,0.7250365791764475,0.35212757808893835,44.70417066577057,106,gradual,0.002471445921412861,0
17,226,0.6272867329134016,0.3556750745629919,44.0043396309044,105,gradual,0.003306338801308189,0
17,227,0.6429744375990202,0.3419024998708784,44.01470403039774,104,gradual,0.004271370988393496,0
17,228,0.7446881333211723,0.3569682908863809,44.33003540552896,103,gradual,0.0053686831994243425,0
17,229,0.5891431286083015,0.35353214640193487,42.68967942103952,102,gradual,0.00660021563497423,0
17,230,0.7171139348339342,0.3820526342728493,44.579872725427606,101,gradual,0.007967744624492547,0
17,231,0.7507603187213905,0.41141296738252986,45.546909692001364,100,gradual,0.009472909880962147,0
17,232,0.8248537002476344,0.39272930212661433,47.24174344783436,99,gradual,0.011117235350268912,0
17,233,0.7734634034758237,0.4083996152054722,46.32883117603649,98,gradual,0.012902145535020929,0
17,234,0.9647181010261184,0.4115961567785601,47.35775624013934,97,gradual,0.01482897852633253,0
17,235,0.7341079723136267,0.3556161764729977,45.389853831945125,96,gradual,0.01689899658130307,0
17,236,0.7700264122596558,0.4154662333257487,45.29012446434301,95,gradual,0.019113394831902993,0
17,237,0.8161578837172719,0.4189443606756016,47.77467481847745,94,gradual,0.021473308545116452,0
17,238,0.9147125329516724,0.39299035971400137,48.145461258132386,93,gradual,0.023979819241879436,0
17,239,0.9637391588398725,0.4139286623181854,47.29588080693429,92,gradual,0.02663395990439736,0
17,240,0.6846383196406444,0.3406332253280652,45.49027874896935,91,gradual,0.02943671944612859,0
17,241,0.8442004909587753,0.36135388917040995,47.99149858584254,90,gradual,0.0323890465787307,0
17,242,0.8034313001328276,0.45598272811702684,44.744785591355345,89,gradual,0.035491853180846376,0
17,243,0.789707675846049,0.4023917694317553,,88,gradual,0.03874601725162398,0
17,244,0.8484923690875983,0.4777191606825051,46.45727601129989,87,gradual,0.0421523855152139,0
17,245,0.7191344949413672,0.37248562738804514,45.23466442711322,86,gradual,0.045711775729702836,0
17,246,0.8232415343117185,0.4576220485845709,47.97446902225768,85,gradual,0.0494249787440291,0
17,247,0.8932525613495795,0.4220472030153209,48.34721302611023,84,gradual,0.05329276033864096,0
17,248,0.7346596140372296,0.3898491105801612,47.937991461493205,83,gradual,0.05731586287949608,0
17,249,0.8556431449759629,0.3849955877470702,47.778418952622104,82,gradual,0.061495006810074235,0
17,250,0.9261305074614503,0.4354273845868902,48.62035367947113,81,gradual,0.06583089200210447,0
17,251,0.8773554186403969,0.4342259124547377,46.50372586125335,80,gradual,0.0703241989824839,0
17,252,0.8130796154698342,0.40381422100628017,46.36536107510975,79,gradual,0.0749755900512278,0
17,253,0.6696427309513588,0.3983550131761329,43.88765725651498,78,gradual,0.07978571030311783,0
17,254,0.8474999395312619,0.37556984480395134,50.82383499322962,77,gradual,0.08475518856391626,0
17,255,0.8154416059323135,0.3838673480428144,46.90516390059444,76,gradual,0.08988463825051338,0
17,256,0.5734608493493565,0.3766823913496238,44.85383210399751,75,gradual,0.09517465816311753,0
17,257,0.8146116035445806,0.42616526819989914,48.6631579290636,74,gradual,0.1006258332165388,0
17,258,0.6806350206019636,0.43976136247032716,44.77470229683829,73,gradual,0.10623873511671943,0
17,259,0.7210535230129527,0.403569278074717,46.73094223393774,72,gradual,0.11201392298790193,0
17,260,0.7825367304866316,0.45998575485945004,47.43772463633207,71,gradual,0.11795194395517444,0
17,261,0.6064375017027631,0.4349624508672092,47.28481453373158,70,gradual,0.12405333368657298,0
17,262,0.7805351381071535,0.45828588215134414,48.30114334992472,69,gradual,0.13031861689843965,0
17,263,0.7821461015105022,0.48874793037372805,50.1669908137753,68,gradual,0.1367483078273202,0
17,264,0.7563856244548292,0.482042744860873,46.75938478524303,67,gradual,0.14334291067132185,0
17,265,0.6136936163451285,0.41793646480614344,46.74074460782354,66,gradual,0.1501029200035402,0
17,266,0.4026838542501731,0.42082199908042417,43.121896713012774,65,gradual,0.157028821159888,0
17,267,0.5559622192066537,0.4583782639640665,45.70490462108768,64,gradual,0.16412109060341937,0
17,268,0.5884980081967774,0.4488374369685663,,63,gradual,0.17138019626703185,0
17,269,0.5350756772965516,0.4904698768337994,44.04124037648776,62,gradual,0.17880659787624237,0
17,270,0.43069310134758104,0.4658629155470731,45.04154327493817,61,gradual,0.18640074725356903,0
17,271,0.4624970091068331,0.4721418478708696,45.72435067026172,60,gradual,0.1941630886059064,0
17,272,0.5391934288267961,0.46216912120970804,46.628236131283074,59,gradual,0.20209405879615078,0
17,273,0.6926445661194385,0.5002001736257188,48.43648209950821,58,gradual,0.21019408760021865,0
17,274,0.4651575745826737,0.47438009456523716,44.90764385990206,57,gradual,0.21846359795049913,0
17,275,0.6237145759629376,0.49126613844071454,46.59605457291858,56,gradual,0.22690300616668801,0
17,276,0.5783858205140339,0.5169393898009754,46.46274535664364,55,gradual,0.23551272217487132,0
17,277,0.474907811975796,0.46557284839104557,46.95224320341862,54,gradual,0.24429314971565017,0
17,278,0.7638850546586229,0.5474734319735346,50.00554717304228,53,gradual,0.253244686542035,0
17,279,0.6618560202319718,0.5652384484860954,51.00384439277844,52,gradual,0.2623677246077753,0
17,280,0.650067604827831,0.5474631096615239,50.70093180577206,51,gradual,0.27166265024673875,0
17,281,0.5938067698068368,0.49077911279658876,46.89932237147805,50,gradual,0.2811298443439041,0
17,282,0.583209102510835,0.5273754662187428,48.96798752655266,49,gradual,0.29076968249848817,0
17,283,0.6811345610585086,0.5798573594442793,49.56663846340256,48,gradual,0.3005825351796882,0
17,284,0.9978352649324991,0.6917888297947163,53.20530401675921,47,gradual,0.31056876787548265,0
17,285,0.5134535240976017,0.5861205505719839,47.56927120723589,46,gradual,0.32072874123490164,0
17,286,0.919897970373492,0.6767406262183242,53.18689006972979,45,gradual,0.33106281120414865,0
17,287,0.9664176075326895,0.6974466825679585,55.42841624595524,44,gradual,0.3415713291569253,0
17,288,0.7633098671682391,0.6911083193173794,50.37570112740096,43,gradual,0.35225464201928935,0
17,289,0.8414392371923607,0.6428486033041976,52.810383106030194,42,gradual,0.363113092389349,0
17,290,0.6884547952187051,0.6426393510911211,50.58758024117,41,gradual,0.37414701865207833,0
17,291,0.7591175611200375,0.6687095624280535,51.94021885108636,40,gradual,0.38535675508951844,0
17,292,0.7313176405521038,0.7309744548368828,52.04411662541873,39,gradual,0.3967426319866112,0
17,293,0.8773240263521498,0.7350154386117007,52.09749961293894,38,gradual,0.4083049757328947,0
17,294,0.7862111058732553,0.7143116927319696,53.88446636755003,37,gradual,0.42004410892027877,0
17,295,0.6942659077151263,0.6982854957228721,51.62755070482381,36,gradual,0.4319603504370975,0
17,296,0.7343392685266116,0.7594481538940238,53.67384976471568,35,gradual,0.44405401555863105,0
17,297,0.8671850383206792,0.6995986154660205,55.6076489094509,34,gradual,0.45632541603427185,0
17,298,0.860910381743701,0.7832273481803185,54.13959778719506,33,gradual,0.4687748601715001,0
17,299,0.9116561042459489,0.7319348688710969,56.70103502005911,32,gradual,0.4814026529168266,0
17,300,0.7555561979647937,0.7946740373785343,55.43834345201574,31,gradual,0.49420909593384577,0
17,301,1.006386944053288,0.7815142711838752,57.6335832170671,30,gradual,0.5071944876785387,0
17,302,0.802456681629756,0.8037329164774907,53.644511447782534,29,gradual,0.520359123471954,0
17,303,0.710196033424333,0.8105797370107095,53.945835002072116,28,gradual,0.5337032955703895,0
17,304,0.7589602917383959,0.8003046901606407,56.224560805931894,27,gradual,0.5472272932331871,0
17,305,0.7228904195375089,0.7643890838086642,54.537438255534624,26,gradual,0.5609314027882519,0
17,306,0.7102192915979758,0.8403750787533085,56.315524179418745,25,gradual,0.5748159076953958,0
17,307,0.7890868184152598,0.845669533674698,57.06640771077756,24,gradual,0.5888810886076008,0
17,308,0.8562717452812606,0.81031305335058,57.42809802395835,23,gradual,0.6031272234302965,0
17,309,0.6548639814823441,0.8093038026087376,56.07668452818766,22,gradual,0.6175545873787333,0
17,310,0.6584267760880611,0.8399751679447709,55.72215060818761,21,gradual,0.6321634530335379,0
17,311,0.7618791836851557,0.9290232787736442,56.351464589548335,20,gradual,0.6469540903945235,1
17,312,0.7416027672484473,0.8476515121796178,58.9526628993934,19,gradual,0.6619267669328297,1
17,313,0.6908491324544095,0.9081515461599864,56.80206506702261,18,gradual,0.6770817476414621,1
17,314,0.6748719872183045,0.8720663860131349,56.77179639771861,17,gradual,0.6924192950842966,1
17,315,0.7075489978635111,0.8704315276446937,57.184318023970086,16,gradual,0.7079396694436081,1
17,316,0.7338190181569422,0.9136607595467447,58.973151152980684,15,gradual,0.7236431285661888,1
17,317,0.7816086056517403,0.9012481758313339,57.9021990400266,14,gradual,0.7395299280081057,1
17,318,0.5910197772222937,0.9013560770433513,57.17940061228355,13,gradual,0.7556003210781543,1
17,319,0.7837567557152202,0.9684962236369545,60.97946491675896,12,gradual,0.7718545588800597,1
17,320,0.42757477449586645,0.9391449666085463,55.14504188849059,11,gradual,0.7882928903534697,1
17,321,0.659025123294409,0.9067656662241995,58.26500845830968,10,gradual,0.804915562313792,1
17,322,0.5380682920974702,0.9952231677844913,58.8678595366196,9,gradual,0.8217228194909124,1
17,323,0.3,0.9372733719142752,54.49272361673575,8,gradual,0.8387149045668416,1
17,324,0.3,0.9420318548459927,56.375943210833306,7,gradual,0.8558920582123264,1
17,325,0.49310674022075923,0.9816791166111503,56.85477660345509,6,gradual,0.873254519122465,1
17,326,0.46038914668138375,1.0310293797548182,57.667177197047025,5,gradual,0.8908025240513636,1
17,327,0.6075730005452245,1.0290999933341225,59.9799572303721,4,gradual,0.9085363078458661,1
17,328,0.6105492463264647,1.0447259900572357,60.380983898176716,3,gradual,0.9264561034783925,1
17,329,0.6664771890793091,1.072681321516312,61.4562324796335,2,gradual,0.944562142078916,1
17,330,0.7413924858833072,1.107105623971242,60.9639908963918,1,gradual,0.9628546529661103,1
17,331,0.4882287261414517,1.035298753337466,60.784963783548704,0,gradual,0.9813338636776933,1
18,0,0.7815350205058528,0.35407612784027515,40.9103338701021,175,gradual,0.0,0
18,1,0.8069601433000141,0.3581952201901323,39.578931891677854,174,gradual,0.0,0
18,2,0.7610625556886825,0.3211376656736772,40.033943596987044,173,gradual,0.0,0
18,3,0.5926759790387174,0.2949669419807141,38.2503812442545,172,gradual,0.0,0
18,4,0.6894880559456179,0.32162244890989156,38.36735582065065,171,gradual,0.0,0
18,5,0.5444416336882048,0.3156650120178194,38.590434218315174,170,gradual,0.0,0
18,6,0.8770652431010952,0.3890463855942212,,169,gradual,0.0,0
18,7,0.8584745937202379,0.38603312176103516,40.9113732625635,168,gradual,0.0,0
18,8,0.8639259926266312,0.37396340631694996,39.40327067882535,167,gradual,0.0,0
18,9,0.6767523209790615,0.32852657816257685,39.59624836032038,166,gradual,0.0,0
18,10,0.829945402306167,0.3367028947193237,40.17013960800445,165,gradual,0.0,0
18,11,0.7609883954666204,0.3903578446632968,39.43701036469536,164,gradual,0.0,0
18,12,0.7499714023792207,0.34053476444862335,40.30319232557807,163,gradual,0.0,0
18,13,0.9373349280813812,0.37816111846974876,40.979294064899406,162,gradual,0.0,0
18,14,0.8036475390536242,0.4115787067723793,38.85347162555509,161,gradual,0.0,0
18,15,0.8909992278124479,0.3667073036419762,41.91135877748269,160,gradual,0.0,0
18,16,0.8340258013959679,0.386782288983943,41.287265992238375,159,gradual,0.0,0
18,17,0.6981630020266694,0.402109976442547,38.93979030805357,158,gradual,0.0,0
18,18,0.9751140730565234,0.4233870203634795,40.34485357854173,157,gradual,0.0,0
18,19,0.8094249760123993,0.3742955891073751,39.64873216553879,156,gradual,0.0,0
18,20,0.8324723417310944,0.3945314801870272,37.22351433132096,155,gradual,0.0,0
18,21,0.8890123030148862,0.39657234049607437,40.991725998536566,154,gradual,0.0,0
18,22,0.7942879596636003,0.3735606707341733,,153,gradual,0.0,0
18,23,0.9187726055471771,0.4105074813727287,41.29339519356445,152,gradual,0.0,0
18,24,0.6345184218830203,0.39195811869592206,36.79268080878876,151,gradual,0.0,0
18,25,0.7692626500911229,0.39050112800219783,39.38461850305999,150,gradual,0.0,0
18,26,0.776268689755749,0.4088248844648715,38.1158192505788,149,gradual,0.0,0
18,27,0.9209394559717351,0.4116044758728408,40.751027273052294,148,gradual,0.0,0
18,28,0.8421758233397791,0.36562243725018617,40.28003758544441,147,gradual,0.0,0
18,29,0.5832786863139263,0.3656552188315869,36.321515193688654,146,gradual,0.0,0
18,30,0.6314706660912892,0.3451430914046051,40.21327596093628,145,gradual,0.0,0
18,31,0.6922231789013051,0.32081264122839354,38.92087672266294,144,gradual,0.0,0
18,32,0.7420013628612084,0.3553378336486323,40.49125535149877,143,gradual,0.0,0
18,33,0.6725300947353078,0.34935276258212444,37.53465855879494,142,gradual,0.0,0
18,34,0.5686341051747767,0.3453856262879307,35.470726468111756,141,gradual,0.0,0
18,35,0.7762129747250079,0.41040208957151714,37.811276522240526,140,gradual,0.0,0
18,36,0.5269448691786699,0.3428325594598006,35.852126996836894,139,gradual,0.0,0
18,37,0.5673749304154404,0.3787552007364552,35.55955639003012,138,gradual,0.0,0
18,38,0.7128206615755825,0.3346488662201659,38.91418172875506,137,gradual,0.0,0
18,39,0.6834906672185879,0.35003328791426636,37.09436419377223,136,gradual,0.0,0
18,40,0.5132397472667048,0.2962461795931852,37.97467979226607,135,gradual,0.0,0
18,41,0.5296254368706863,0.35848145444359,36.58302478521719,134,gradual,0.0,0
18,42,0.6553106545319938,0.39891763105263733,37.945687056708756,133,gradual,0.0,0
18,43,0.6380728038530626,0.3945644989737025,37.44094116415459,132,gradual,0.0,0
18,44,0.6732587565247208,0.3852762948108112,39.25153774580028,131,gradual,0.0,0
18,45,0.7070623431855569,0.38085175344943456,37.35825728028539,130,gradual,0.0,0
18,46,0.5343139842197228,0.3699948830320218,37.37625833614328,129,gradual,0.0,0
18,47,0.48370980796875834,0.3267251453665353,35.8610132408432,128,gradual,0.0,0
18,48,0.3945711056489976,0.3405036411393132,35.0335280708271,127,gradual,0.0,0
18,49,0.6180258371482883,0.36868721178040725,37.396784067714684,126,gradual,0.0,0
18,50,0.485323953026375,0.31132952505764355,35.50467164820665,125,gradual,0.0,0
18,51,0.597943102639966,0.32046242549982185,36.676037299310266,124,gradual,0.0,0
18,52,0.4628695829887878,0.3486845696142051,36.427275464699456,123,gradual,0.0,0
18,53,0.3522942311319618,0.35891925571228533,34.19143000776928,122,gradual,0.0,0
18,54,0.5051429909016975,0.3664458814660338,35.123343162207874,121,gradual,0.0,0
18,55,0.561269832917918,0.27879664757292216,,120,gradual,0.0,0
18,56,0.5982356273619372,0.3969572591045232,38.09602842352339,119,gradual,0.0,0
18,57,0.5076201720460015,0.3461054838156926,37.123971803660794,118,gradual,0.0,0
18,58,0.5030821934221376,0.32504676102979796,34.95475111557403,117,gradual,0.0,0
18,59,0.5940726213522192,0.2924545931240598,36.41908445186618,116,gradual,0.0,0
18,60,0.5686394156271503,0.38994772464684346,36.77910487848061,115,gradual,0.0,0
18,61,0.6231414771830273,0.38641906603270515,37.836689044849855,114,gradual,0.0,0
18,62,0.5978204015620547,0.3451251283443029,38.75754388033545,113,gradual,0.0,0
18,63,0.7328761594758001,0.3534448012596643,38.220501591840865,112,gradual,0.0,0
18,64,0.5323144139207391,0.3430881744027403,36.12386919918662,111,gradual,0.0,0
18,65,0.7283400001681786,0.3564425167641529,39.952441182623026,110,gradual,0.0,0
18,66,0.7233512223608396,0.3725041274342564,37.1842778297015,109,gradual,0.0,0
18,67,0.7626154145759488,0.3380101954138074,38.36796784652317,108,gradual,0.0,0
18,68,0.761841902616119,0.379806028014976,40.13681173082841,107,gradual,0.0,0
18,69,0.6475410293297441,0.32964693748297524,37.78252395079343,106,gradual,0.0,0
18,70,0.8385216393748754,0.4229794548562634,39.52739459526176,105,gradual,0.0,0
18,71,0.8344406011131981,0.4404760271942948,37.97422556853964,104,gradual,0.0,0
18,72,0.9277281867200453,0.4260845225384783,41.08751279825947,103,gradual,0.0,0
18,73,0.6495488092163679,0.32291457867546236,39.355304089103655,102,gradual,0.0,0
18,74,0.8493347616136795,0.3987327309819227,40.84418816045445,101,gradual,0.0,0
18,75,1.0918377784123428,0.46528758245105656,42.74998116080289,100,gradual,0.0,0
18,76,0.8136334194881832,0.3731978724846481,39.8830385098567,99,gradual,0.0,0
18,77,1.0251284751600331,0.4283012111966021,42.74729353699491,98,gradual,0.0,0
18,78,0.8042346507359814,0.3865312759550135,39.04465747441497,97,gradual,0.0,0
18,79,0.7274907820629098,0.3364952946885235,39.07551310120039,96,gradual,0.0,0
18,80,0.9055361212617358,0.43973324402774266,41.082444593981684,95,gradual,0.0,0
18,81,0.643425657547139,0.35935750982392756,36.973472687514445,94,gradual,0.0,0
18,82,0.8092918211459561,0.3899277834498188,40.29612931138486,93,gradual,0.0,0
18,83,0.9367690361285919,0.4180077022239818,40.38366200178691,92,gradual,0.0,0
18,84,0.9413300759999693,0.403716953670588,42.53208260412731,91,gradual,0.0,0
18,85,0.8798439620123609,0.420246348518182,39.678338563284775,90,gradual,0.0,0
18,86,0.9545116254639002,0.42371757727309234,42.91212280329736,89,gradual,0.0,0
18,87,1.0815984255987003,0.3942784364120849,42.67937122368972,88,gradual,0.0,0
18,88,0.9495672939028431,0.42366452228838275,41.00422514569724,87,gradual,0.0,0
18,89,0.8754189431158965,0.41918295247384746,,86,gradual,0.0,0
18,90,0.7895552703843296,0.4186820176222003,38.132236512699016,85,gradual,0.0,0
18,91,0.6643934230104127,0.3393343726960654,38.68143363489691,84,gradual,0.0,0
18,92,0.7625099088737665,0.4058672917634414,39.06521399898076,83,gradual,0.0,0
18,93,0.8825877534758052,0.42321494970427453,40.11120228949851,82,gradual,0.0,0
18,94,0.8136766579289295,0.4018607494073246,38.61033319933327,81,gradual,0.0,0
18,95,0.6701855647464536,0.4001232728846022,39.02610209352931,80,gradual,0.0,0
18,96,0.7336441650905341,0.3913133721350728,39.426660079146565,79,gradual,0.0,0
18,97,0.8199628116108909,0.37891482458787806,37.562858156976304,78,gradual,0.0,0
18,98,0.6580754518428219,0.35072284060736153,38.77217527825859,77,gradual,0.0,0
18,99,0.9153400767122123,0.38935465644720674,41.655455253994084,76,gradual,0.0,0
18,100,0.884484543823388,0.42408244626776764,39.60043380028966,75,gradual,0.0,0
18,101,0.6094434329919792,0.31916145001032936,36.770517553186416,74,gradual,0.0,0
18,102,0.6904255847802554,0.40674103572309145,37.86924621438106,73,gradual,0.0,0
18,103,0.7633541945235152,0.378746622236716,39.84143452214956,72,gradual,0.0,0
18,104,0.6131382355128787,0.3594596807173151,37.518603514059116,71,gradual,0.0,0
18,105,0.524484708869936,0.30564681837736324,33.329027408006795,70,gradual,0.0,0
18,106,0.6823567432926088,0.40475604244370084,37.476766292282505,69,gradual,0.0,0
18,107,0.48398613376114596,0.3526903847161499,36.43929390035495,68,gradual,0.0,0
18,108,0.738720363998166,0.4030900737324846,39.40539054536799,67,gradual,0.0,0
18,109,0.6137982016692763,0.3416295171700368,37.444245910285844,66,gradual,0.0,0
18,110,0.5514564312759764,0.339153249206556,36.58678910951151,65,gradual,0.0,0
18,111,0.5443654541111634,0.3349192429477903,37.127028879199386,64,gradual,0.0,0
18,112,0.6948107951604011,0.3447536313954278,37.4820675461237,63,gradual,0.0,0
18,113,0.35443717138952013,0.36016158871463627,32.73998936159754,62,gradual,0.0,0
18,114,0.4300723861392694,0.33795628660805943,36.14593013854037,61,gradual,0.0,0
18,115,0.49400785558888055,0.34066129049487437,34.6819633398502,60,gradual,0.0,0
18,116,0.5839925666990392,0.3168654580381018,35.47000008455181,59,gradual,0.0,0
18,117,0.4852029438917558,0.3381657791701113,34.00888312973794,58,gradual,0.0,0
18,118,0.682020219174599,0.4297967448211129,36.69984256000808,57,gradual,0.0,0
18,119,0.575357073620202,0.3657229852642521,34.76163032466163,56,gradual,0.0,0
18,120,0.6671730029206692,0.36396032747180007,37.684440634069034,55,gradual,0.0,0
18,121,0.5630254823505746,0.31993395734299584,35.4589814863795,54,gradual,0.0,0
18,122,0.46611138395613005,0.38128424356199464,33.09182705679911,53,gradual,0.0,0
18,123,0.6555179061356259,0.3964572820652767,36.88011607260022,52,gradual,0.00015819698113217213,0
18,124,0.6081253180411198,0.36066592684754767,36.58598168309545,51,gradual,0.000766914989701204,0
18,125,0.6234876652216923,0.42209287698766595,35.75833602268759,50,gradual,0.0018877418151354017,0
18,126,0.45647772021523203,0.29569083384485323,34.45477907804261,49,gradual,0.0035552886335832026,0
18,127,0.5774271077853387,0.35235430772041,36.32795815067303,48,gradual,0.005794887953812634,0
18,128,0.5803704162912433,0.3190934907246094,36.58288368092496,47,gradual,0.008626778501556562,0
18,129,0.771079787976265,0.41495211792218617,39.24659215662763,46,gradual,0.012067927468670346,0
18,130,0.7033784250822996,0.40618134660952043,40.160390541522936,45,gradual,0.016133005123812435,0
18,131,0.7268968418531548,0.43465295006889254,39.7434533474955,44,gradual,0.020834972109179895,0
18,132,0.8159719054477067,0.4086097501292392,40.45929224125669,43,gradual,0.026185462645053108,0
18,133,0.553732934551056,0.3367403831645636,35.41239806560412,42,gradual,0.032195049314813554,0
18,134,0.7784020113082964,0.47421857297360825,38.13862783928765,41,gradual,0.03887343414699197,0
18,135,0.7912887517525015,0.44964040270540245,39.5697327979099,40,gradual,0.0462295912978057,0
18,136,0.7171599753703769,0.4192562837295518,40.490944243902256,39,gradual,0.05427187657178824,0
18,137,0.7023301799950239,0.4702884527069775,39.22316073787838,38,gradual,0.06300811342288683,0
18,138,0.5919372196408124,0.4770861015524468,36.52760041858329,37,gradual,0.07244566179001839,0
18,139,0.7401060122971953,0.472610180716115,38.19121322474325,36,gradual,0.08259147409798849,0
18,140,0.6095091335163241,0.5088142325157937,37.84170236012661,35,gradual,0.09345214146143979,0
18,141,0.8810800330403775,0.5785008623711738,42.0318213817425,34,gradual,0.10503393227544539,0
18,142,0.7461388347140987,0.5306028271763342,40.055663988359804,33,gradual,0.11734282479629857,0
18,143,0.7410289659154341,,41.44671217727077,32,gradual,0.13038453491232907,0
18,144,0.9317483985048912,0.5577540664724567,44.65272387480933,31,gradual,0.14416454001748757,0
18,145,0.7522151238048795,0.5985535102667354,42.503583159177005,30,gradual,0.15868809969236186,0
18,146,0.9057970437370841,0.6486383518344971,44.61527959307119,29,gradual,0.17396027374388762,0
18,147,0.7872545011813491,0.6669319077016908,43.2293272766132,28,gradual,0.18998593804018973,0
18,148,0.8931292849154625,0.6455327196283334,43.83606269952925,27,gradual,0.20676979848983482,0
18,149,1.0797625464863043,0.6967275490220783,45.84992586639241,26,gradual,0.22431640344779577,0
18,150,0.8279625325929633,0.6575738978929562,43.771636152835924,25,gradual,0.24263015477835834,0
18,151,0.8172834724716371,0.6966621473757407,43.598223912705976,24,gradual,0.2617153177642926,0
18,152,1.0004235055121193,0.7468329005588356,45.93300130177485,23,gradual,0.2815760300191675,0
18,153,0.6844644836681245,0.7491160734999878,43.37271076925873,22,gradual,0.30221630953372147,0
18,154,0.8723976948217526,0.7615018068067981,,21,gradual,0.32364006196624967,0
18,155,0.7753410781306589,0.8411799151978078,43.69949981461737,20,gradual,0.3458510872699338,1
18,156,0.8525781468019368,0.8666142088962536,46.059385172540516,19,gradual,0.36885308573609404,1
18,157,0.7590464060602757,0.844144323590685,44.334922362458386,18,gradual,0.3926496635208401,1
18,158,0.7381232092130685,0.8875508321098055,45.10614318611272,17,gradual,0.4172443377130625,1
18,159,0.7981575553747619,0.8397238746430705,48.23491971437681,16,gradual,0.4426405409937498,1
18,160,0.8998626842790999,0.9680506520875134,48.273874455320076,15,gradual,0.4688416259299386,1
18,161,0.8206992832553252,0.9969641347994508,50.09962279085528,14,gradual,0.49585086894097774,1
18,162,0.8169231306454396,0.9982299432300846,49.603566254058215,13,gradual,0.5236714739700181,1
18,163,0.9370049356052553,1.1050449674506282,52.24219240076959,12,gradual,0.5523065758895811,1
18,164,0.7742657952507513,1.0551817128081777,50.123603127690025,11,gradual,0.5817592436665849,1
18,165,0.715981351576795,1.1155693360047951,50.01309949857833,10,gradual,0.6120324833092355,1
18,166,0.682609853861083,1.133652874908975,50.212639067686794,9,gradual,0.6431292406156168,1
18,167,0.8721711594423666,1.2092903397266133,54.519697450050664,8,gradual,0.6750524037415933,1
18,168,0.7197089499469049,1.267843350566769,53.00062128833707,7,gradual,0.7078048056037181,1
18,169,0.7486092430745036,1.2456172149485574,54.600031715669324,6,gradual,0.7413892261311529,1
18,170,0.6208093971293503,1.2887490171016938,53.495263761759894,5,gradual,0.7758083943791453,1
18,171,0.6797275882545066,1.3271815768368325,55.79385908660135,4,gradual,0.8110649905153182,1
18,172,0.6563038814092227,1.3712291661512062,54.746235364647795,3,gradual,0.8471616476889047,1
18,173,0.6552347956911876,1.4681224164944615,56.13994968131685,2,gradual,0.8841009537920571,1
18,174,0.6203791941096143,1.4238156266750528,57.49951879593266,1,gradual,0.9218854531214845,1
18,175,0.6095717656043468,1.508415164051349,57.58781197186728,0,gradual,0.9605176479478914,1
19,0,0.7835393860573305,0.40452175337522356,35.45356998798926,345,abrupt,0.0,0
19,1,0.699355005464324,,35.30118692324462,344,abrupt,0.0,0
19,2,0.7096534008073043,0.3895933466070623,34.60469494243142,343,abrupt,0.0,0
19,3,0.7101285133574682,0.41235686983366565,35.2917269215541,342,abrupt,0.0,0
19,4,0.774491412953788,0.4235789939520005,36.89972464007042,341,abrupt,0.0,0
19,5,1.0439367555080545,0.5044066311472195,41.104668949371664,340,abrupt,0.0,0
19,6,0.7753970550692136,0.40505662109757284,35.341892120084744,339,abrupt,0.0,0
19,7,0.7967984308849394,0.3956364767400819,37.70096472862884,338,abrupt,0.0,0
19,8,0.8095220088037975,0.3830622591314492,35.85402428431703,337,abrupt,0.0,0
19,9,0.7602955607297197,0.3844886849367289,36.521524679518286,336,abrupt,0.0,0
19,10,0.9462612893917576,0.4298004128349187,35.60656071306305,335,abrupt,0.0,0
19,11,0.8329299512358095,0.4210815912722258,36.352628144597745,334,abrupt,0.0,0
19,12,0.7886683370017934,0.41361469292113545,36.38280365695189,333,abrupt,0.0,0
19,13,0.8573121584321994,0.4550192872549549,35.47033558268206,332,abrupt,0.0,0
19,14,0.7338620912757251,0.4210567434875201,36.44334509464155,331,abrupt,0.0,0
19,15,0.8522330682114373,0.42012933312263306,37.09105326572049,330,abrupt,0.0,0
19,16,0.8589738098005772,0.433559876700563,34.915730057524726,329,abrupt,0.0,0
19,17,0.7901896640940425,0.3649404871380503,37.97199123696236,328,abrupt,0.0,0
19,18,0.829965680529087,0.4509261772788806,36.473906879446666,327,abrupt,0.0,0
19,19,0.9707812075902551,0.4017071742333112,38.00927647041053,326,abrupt,0.0,0
19,20,0.725695885972091,0.35800829340028545,35.032762299539996,325,abrupt,0.0,0
19,21,0.7842852825319102,0.3669278629231663,36.719406632151006,324,abrupt,0.0,0
19,22,0.8894865542011698,0.42109297148891706,39.06618722932094,323,abrupt,0.0,0
19,23,0.832575712680689,0.4058960905077405,36.53364605747056,322,abrupt,0.0,0
19,24,0.8513557150208233,0.3850221677635165,39.14605519097493,321,abrupt,0.0,0
19,25,0.7390849554068621,0.3772600122065244,34.83045241316791,320,abrupt,0.0,0
19,26,0.7487988510704394,0.38472443060991035,34.40980806120831,319,abrupt,0.0,0
19,27,0.8297334275825345,0.4103010214513107,36.708182928116244,318,abrupt,0.0,0
19,28,0.7446321849988007,0.3748161209954707,35.80093649355006,317,abrupt,0.0,0
19,29,0.8765297211998618,0.40849268035885516,36.37178142530759,316,abrupt,0.0,0
19,30,0.6142520937501591,0.37250393569467727,34.39066211598084,315,abrupt,0.0,0
19,31,0.9654785457911207,0.4370836739351519,37.91623156602651,314,abrupt,0.0,0
19,32,0.8399289046338413,0.43267864471228323,38.17154078829008,313,abrupt,0.0,0
19,33,0.7422741978127263,0.43257485653498257,,312,abrupt,0.0,0
19,34,0.8010339772748267,0.4009134973371297,36.74448351555615,311,abrupt,0.0,0
19,35,0.8108716442293182,0.367874997236901,37.093782902088115,310,abrupt,0.0,0
19,36,0.8493328754107502,0.4271999104696171,35.39623810106371,309,abrupt,0.0,0
19,37,0.6990716102718476,0.3508056933475286,,308,abrupt,0.0,0
19,38,0.6287754816931044,0.37223281020521853,35.36336714171004,307,abrupt,0.0,0
19,39,0.7272460229538834,0.39640033012722375,35.1488331722729,306,abrupt,0.0,0
19,40,0.709401379057388,0.3730049216753044,35.730653217450424,305,abrupt,0.0,0
19,41,0.6520582007005448,0.3643908506348236,35.80914815030693,304,abrupt,0.0,0
19,42,0.6368104226917974,0.3916152313618023,33.72891333115242,303,abrupt,0.0,0
19,43,0.5317698520459817,0.39563563270688246,33.13770487415973,302,abrupt,0.0,0
19,44,0.7045384872956236,0.4290147162721501,36.466091978921085,301,abrupt,0.0,0
19,45,0.6829091963879145,0.410634942846952,36.2260153240714,300,abrupt,0.0,0
19,46,0.5708689055435515,0.42695738753684365,33.93244399588496,299,abrupt,0.0,0
19,47,0.7372160152015291,0.35647937172520666,35.51325931550919,298,abrupt,0.0,0
19,48,0.5986863973405376,0.39315851549078873,34.452545149217016,297,abrupt,0.0,0
19,49,0.418380265532425,0.3495027686127668,31.830540435343746,296,abrupt,0.0,0
19,50,0.6659131853009848,0.41250202888988136,33.903875240937055,295,abrupt,0.0,0
19,51,0.566119325313826,0.3778289486896801,,294,abrupt,0.0,0
19,52,0.48159354576402746,0.33225011780018415,31.74305641701065,293,abrupt,0.0,0
19,53,0.5352269160953418,0.3468288651168348,33.45295195257315,292,abrupt,0.0,0
19,54,0.5799665956706848,0.37831724764991387,34.579885608244915,291,abrupt,0.0,0
19,55,0.7017307620779228,0.3516845390041317,35.89200112314065,290,abrupt,0.0,0
19,56,0.5392701445992412,0.3493507304474393,33.682682171836326,289,abrupt,0.0,0
19,57,0.4056374159811035,0.278109567287868,31.871314634300834,288,abrupt,0.0,0
19,58,0.5748747455888228,0.32319119483959335,34.193348207288786,287,abrupt,0.0,0
19,59,0.5234570861528,0.354971265756838,32.6908751725136,286,abrupt,0.0,0
19,60,0.5571529609360468,0.35661979765957463,33.69129565355916,285,abrupt,0.0,0
19,61,0.3,0.3386108320746594,30.076180743425933,284,abrupt,0.0,0
19,62,0.4676461143344614,0.32138633927179683,34.69304224140629,283,abrupt,0.0,0
19,63,0.5702290279902039,0.37583525552110275,33.02901935983143,282,abrupt,0.0,0
19,64,0.5647979368366484,0.4024045141167818,33.60362003557725,281,abrupt,0.0,0
19,65,0.4411706512296646,0.2795219013071801,32.032261580577945,280,abrupt,0.0,0
19,66,0.6220282368150138,0.3417148591077639,35.493735009613786,279,abrupt,0.0,0
19,67,0.5031537132162917,0.34324833113911873,33.248860623032904,278,abrupt,0.0,0
19,68,0.4733188120957036,0.33011208166450806,34.42298863330448,277,abrupt,0.0,0
19,69,0.6424291819851898,0.38745902438339663,35.45674870031088,276,abrupt,0.0,0
19,70,0.6238609704586794,0.3601210811056345,35.236558328351364,275,abrupt,0.0,0
19,71,0.5864412641129804,0.377850146630325,35.90428515501451,274,abrupt,0.0,0
19,72,0.7113647474915411,0.34312440952024964,34.27695011726406,273,abrupt,0.0,0
19,73,0.6746164964551915,0.4328283184043827,36.41329385498634,272,abrupt,0.0,0
19,74,0.8052617810184716,0.43854560695298067,37.51550942027646,271,abrupt,0.0,0
19,75,0.6069510474268938,0.4044046799714083,34.360847601819614,270,abrupt,0.0,0
19,76,0.6769610585530533,0.3970954219116904,35.80699539686075,269,abrupt,0.0,0
19,77,0.5559134194645763,0.32207177085160155,33.695519348858845,268,abrupt,0.0,0
19,78,0.7596201547031344,0.4108493311401079,37.02181411852739,267,abrupt,0.0,0
19,79,0.9002354928356534,0.39995097745253216,38.10067583697952,266,abrupt,0.0,0
19,80,0.7407342830207247,0.34719377048701755,34.76167924407657,265,abrupt,0.0,0
19,81,0.7189380158840474,0.3984713202007581,35.22820288902491,264,abrupt,0.0,0
19,82,0.7464252494388273,0.3358508535470605,35.213338830280875,263,abrupt,0.0,0
19,83,0.9358684971098346,0.4917503859358743,36.09481656570155,262,abrupt,0.0,0
19,84,0.9327885720502688,0.4406868861192147,37.40121976934926,261,abrupt,0.0,0
19,85,0.8458601084788078,0.44874106971454086,37.2678488204485,260,abrupt,0.0,0
19,86,0.8434820795447318,0.3969286806880153,38.12210250071149,259,abrupt,0.0,0
19,87,0.8948956880104354,0.43744316182667353,38.01998758009351,258,abrupt,0.0,0
19,88,0.8088213706553933,0.3868796445553763,36.80438163766263,257,abrupt,0.0,0
19,89,0.8389646881405153,0.37665481756565095,37.56132968402152,256,abrupt,0.0,0
19,90,0.8249025696618417,0.4321180728076811,36.338603208654476,255,abrupt,0.0,0
19,91,0.7025796389413032,0.38699590455292515,36.64482599084096,254,abrupt,0.0,0
19,92,0.9997204736074367,0.43637638742100665,39.6350910946349,253,abrupt,0.0,0
19,93,0.7101269463912336,0.4040977671093129,35.79088247625664,252,abrupt,0.0,0
19,94,0.8404203279366076,0.45065389394435534,35.64837641920252,251,abrupt,0.0,0
19,95,0.953519116559081,0.47329655597324216,,250,abrupt,0.0,0
19,96,0.8079712423895085,0.36031083593426794,37.39763264223828,249,abrupt,0.0,0
19,97,0.8524102872679657,0.41825040845464395,38.15082063370035,248,abrupt,0.0,0
19,98,0.8480686059501894,0.4248001325587642,37.05933773683785,247,abrupt,0.0,0
19,99,0.8024062499906054,0.39723697744081277,36.99029860689663,246,abrupt,0.0,0
19,100,0.8541631061520485,0.3790305241334948,37.070270692638026,245,abrupt,0.0,0
19,101,0.8670199304992954,0.4329310099042058,37.0249079968584,244,abrupt,0.0,0
19,102,0.8653738538326278,0.414097188887149,38.466121244463885,243,abrupt,0.0,0
19,103,0.8578310133766024,0.42184418324887907,37.583015152044254,242,abrupt,0.0,0
19,104,0.8652854896705405,0.41127181723645667,37.4254465660686,241,abrupt,0.0,0
19,105,0.6568854733602884,0.38041968551948374,34.98209572051074,240,abrupt,0.0,0
19,106,0.792970557023745,,35.19004683995883,239,abrupt,0.0,0
19,107,0.850210441066365,0.4080428601836589,38.01207183555581,238,abrupt,0.0,0
19,108,0.7188463067134494,0.37259544595641764,36.29352058646753,237,abrupt,0.0,0
19,109,0.7064011327619995,0.3571804525480491,35.32161133750718,236,abrupt,0.0,0
19,110,0.7994927764900068,0.3905985479004536,37.138577978428714,235,abrupt,0.0,0
19,111,0.7097073127879286,0.3399330198252904,36.06156551106795,234,abrupt,0.0,0
19,112,0.7694106014688443,0.37833096627509905,37.72042118174091,233,abrupt,0.0,0
19,113,0.5719798457632362,0.33651473229739687,33.25300760385668,232,abrupt,0.0,0
19,114,0.6325940458295081,0.3916894172035112,33.6881348353015,231,abrupt,0.0,0
19,115,0.8419661479539872,0.3917409571707415,35.06240787590203,230,abrupt,0.0,0
19,116,0.7477222004378495,0.4036746028944952,36.37939023198827,229,abrupt,0.0,0
19,117,0.6962684148195906,0.374265183244677,35.98497614927137,228,abrupt,0.0,0
19,118,0.4210444335386363,0.29982086241012196,32.906281095087046,227,abrupt,0.0,0
19,119,0.7203860146729044,0.42567624687058997,37.014573058879435,226,abrupt,0.0,0
19,120,0.48639668521790314,0.34887991080684144,33.12350055385489,225,abrupt,0.0,0
19,121,0.5787169785321868,0.3493869228664186,34.255534543192226,224,abrupt,0.0,0
19,122,0.6963006495788541,0.432373250045765,37.0240239550647,223,abrupt,0.0,0
19,123,0.6877752676365051,0.3643440485971122,35.048500233621695,222,abrupt,0.0,0
19,124,0.658552983377909,0.3789900039194949,33.81231721299824,221,abrupt,0.0,0
19,125,0.49256046480112936,0.3189014432471814,34.12594680647593,220,abrupt,0.0,0
19,126,0.6050465491386557,0.3233977529120623,35.05930715026051,219,abrupt,0.0,0
19,127,0.5272539727730885,0.3649393644182992,32.78406360680771,218,abrupt,0.0,0
19,128,0.4832522522088345,0.3090982615165595,33.210596928379076,217,abrupt,0.0,0
19,129,0.5781682417526104,0.34137822009410024,32.99348869699598,216,abrupt,0.0,0
19,130,0.7203243033482438,0.3490415224583194,35.04091275889339,215,abrupt,0.0,0
19,131,0.6235976980249688,0.3184237275524853,36.81463446907404,214,abrupt,0.0,0
19,132,0.48758838965155354,0.34429129797924496,33.563270912831776,213,abrupt,0.0,0
19,133,0.5221891866032707,0.34715347402119207,32.134328302703345,212,abrupt,0.0,0
19,134,0.3,0.32187717259957616,32.35656964164384,211,abrupt,0.0,0
19,135,0.7162407930686849,,37.45240564169133,210,abrupt,0.0,0
19,136,0.7089128980991722,0.3809868618793727,33.41243145289985,209,abrupt,0.0,0
19,137,0.564301761514199,0.37167624245894687,37.125197500919285,208,abrupt,0.0,0
19,138,0.5879756341643264,0.34926962962193314,33.825811239848086,207,abrupt,0.0,0
19,139,0.7055820472163701,0.3475464612151844,35.926187985948886,206,abrupt,0.0,0
19,140,0.4959835665354844,0.36039824754749106,33.914376528011346,205,abrupt,0.0,0
19,141,0.5931907426535307,0.32520247467315716,33.69712448823488,204,abrupt,0.0,0
19,142,0.7020100442979079,0.380900284229302,36.06017197033083,203,abrupt,0.0,0
19,143,0.3969552095611667,0.3727987217076006,33.97940833867753,202,abrupt,0.0,0
19,144,0.4072380800150859,,33.03655285126305,201,abrupt,0.0,0
19,145,0.5453220434170871,0.3641092321564653,34.61303079257985,200,abrupt,0.0,0
19,146,0.8146325612067928,0.4243516822611425,37.234256787257,199,abrupt,0.0,0
19,147,0.7494158719809465,0.3780937431898867,37.9537787479329,198,abrupt,0.0,0
19,148,0.6135711480835648,0.3690111322712513,35.4232782528556,197,abrupt,0.0,0
19,149,0.6472922395124029,0.3939427800492345,34.74978435677767,196,abrupt,0.0,0
19,150,0.6371037246077018,0.34159239767689303,34.54120535717718,195,abrupt,0.0,0
19,151,0.6054086101435798,0.33718548421231925,34.875794304094704,194,abrupt,0.0,0
19,152,0.5308623186380376,0.358936284060698,32.26933489314855,193,abrupt,0.0,0
19,153,0.7687362616116227,0.4008847469541765,36.332991577548526,192,abrupt,0.0,0
19,154,0.7092150927330445,0.41018779330948135,36.4747584045754,191,abrupt,0.0,0
19,155,0.7564651924435888,0.4159833850123956,36.17434116449232,190,abrupt,0.0,0
19,156,0.8584830921166386,0.38587557088764085,38.118832985307726,189,abrupt,0.0,0
19,157,0.9565733644581265,0.404922075319468,38.35516475422696,188,abrupt,0.0,0
19,158,0.7454576349033804,0.35397082018253967,36.90655154133594,187,abrupt,0.0,0
19,159,0.5453284516039991,0.3673908261807128,35.376548386877346,186,abrupt,0.0,0
19,160,0.8590131857730182,0.4253415165950757,37.19174000280901,185,abrupt,0.0,0
19,161,0.8518824467296074,0.43229845446903487,37.28994658894742,184,abrupt,0.0,0
19,162,0.8011810187248004,0.42106580346120986,,183,abrupt,0.0,0
19,163,0.8055000196591012,0.37636485789550267,36.29921273774597,182,abrupt,0.0,0
19,164,0.6984664087978603,0.38857934286116486,34.82331951294694,181,abrupt,0.0,0
19,165,0.8978804146530979,0.4311228817518661,38.02488958434216,180,abrupt,0.0,0
19,166,0.8309187912880764,0.43767110304469947,38.0695717639875,179,abrupt,0.0,0
19,167,0.7059801858289781,0.4036072241752979,36.620998751090276,178,abrupt,0.0,0
19,168,0.8057001074088954,0.38853470091732195,38.44107779990365,177,abrupt,0.0,0
19,169,0.8670385895753101,0.46177021895813647,37.52505135972471,176,abrupt,0.0,0
19,170,0.8454317295084296,0.4340987800686534,36.35672226537198,175,abrupt,0.0,0
19,171,0.8355206486456488,0.4442055334116668,37.596005429741844,174,abrupt,0.0,0
19,172,0.723701338896947,0.34627353427503266,35.67359159712864,173,abrupt,0.0,0
19,173,1.077209121614787,0.42055032647165524,37.86047366138558,172,abrupt,0.0,0
19,174,0.9346026547013866,0.38733530797985233,38.91221826831012,171,abrupt,0.0,0
19,175,0.5283041178788661,0.3623038464463098,34.518695037552156,170,abrupt,0.0,0
19,176,1.0239484016360587,0.41574680862366126,40.2092121527509,169,abrupt,0.0,0
19,177,0.9314130435317893,0.4030466751161427,39.27831182205157,168,abrupt,0.0,0
19,178,0.8757555012863232,0.4336944564725526,38.61452196282716,167,abrupt,0.0,0
19,179,0.6826892240386491,0.3708558450874669,36.80705082954642,166,abrupt,0.0,0
19,180,0.8203441722980608,0.425078995300725,37.26497701938681,165,abrupt,0.0,0
19,181,0.7965893054285043,0.4191564206907746,37.654334564050544,164,abrupt,0.0,0
19,182,0.6430701120728801,0.35328146844775815,35.75579533088762,163,abrupt,0.0,0
19,183,0.7892003396596727,0.38190341353833607,37.379175386161506,162,abrupt,0.0,0
19,184,0.8662495295706021,0.4059422531860424,38.226513923354105,161,abrupt,0.0,0
19,185,0.700128631157472,0.382583238247816,36.165070214901256,160,abrupt,0.0,0
19,186,0.7643475590675448,0.35311299088105214,37.88156208513223,159,abrupt,0.0,0
19,187,0.7516977629556417,0.3297980745595936,33.963084039370095,158,abrupt,0.0,0
19,188,0.7688945267735291,0.4056150980090741,35.849147909915395,157,abrupt,0.0,0
19,189,0.8395759875170503,0.37709640914343784,38.176448518199315,156,abrupt,0.0,0
19,190,0.9794277268282747,0.45175448401338997,39.963928164355245,155,abrupt,0.0,0
19,191,0.7735846982059764,0.40823031706647417,36.49130983898497,154,abrupt,0.0,0
19,192,0.5187309983581293,0.37257869507878266,35.06824684575098,153,abrupt,0.0,0
19,193,0.7573241580699764,0.40712050059294436,36.25726651474671,152,abrupt,0.0,0
19,194,0.6905317092708306,0.3648777166367467,34.38365023146312,151,abrupt,0.0,0
19,195,0.5564865951595381,0.3891912272024236,33.872021719539006,150,abrupt,0.0,0
19,196,0.9317141718595107,0.41135094345866074,39.89670448457194,149,abrupt,0.0,0
19,197,0.6510168744094134,0.37665346523770266,36.072529402318324,148,abrupt,0.0,0
19,198,0.6303149980411726,0.3442019373022296,35.141822155091596,147,abrupt,0.0,0
19,199,0.6394064760053788,0.4028777169884431,33.53550458465219,146,abrupt,0.0,0
19,200,0.5387558748487046,0.3844894966224357,35.561137148527386,145,abrupt,0.0,0
19,201,0.6052484383321822,0.3417933797125861,36.370500789810315,144,abrupt,0.0,0
19,202,0.5962170912598252,0.37378734468894215,34.49029461765837,143,abrupt,0.0,0
19,203,0.38303943878699265,0.3147669252489009,32.79416794454656,142,abrupt,0.0,0
19,204,0.6527594588076313,0.3861616986904806,36.25205008393405,141,abrupt,0.0,0
19,205,0.5408343392872847,,34.905690938243744,140,abrupt,0.0,0
19,206,0.618150536762019,0.3602131865172551,35.95982802933885,139,abrupt,0.0,0
19,207,0.4346835303976743,0.36336250521314517,32.27055886687531,138,abrupt,0.0,0
19,208,0.4406696188911015,0.29710417427710234,31.41827239782819,137,abrupt,0.0,0
19,209,0.6617645944501445,0.36440694562376713,34.51383638563352,136,abrupt,0.0,0
19,210,0.5908397040447692,0.37491823345739067,36.07455944860544,135,abrupt,0.0,0
19,211,0.6758396821114301,0.39014061071726364,36.16677374676454,134,abrupt,0.0,0
19,212,0.5039005822002179,0.32914480040206046,35.24477215524452,133,abrupt,0.0,0
19,213,0.576650300034937,0.3530236122291617,35.18918649864314,132,abrupt,0.0,0
19,214,0.5005730406516693,0.3170399214908895,34.34545832834899,131,abrupt,0.0,0
19,215,0.5056728179230295,0.34566009822913524,33.04194595001605,130,abrupt,0.0,0
19,216,0.5971606617077502,0.3619967369336893,33.61693257797847,129,abrupt,0.0,0
19,217,0.3801058964973716,0.29581069379421354,32.08963367039338,128,abrupt,0.0,0
19,218,0.5746641360268756,0.36789571816393585,34.29814845525849,127,abrupt,0.0,0
19,219,0.6503562789918405,0.3084242291976235,35.07756980450936,126,abrupt,0.0,0
19,220,0.6288887213460816,,35.196921577910786,125,abrupt,0.0,0
19,221,0.7630948771789527,0.3955167696928713,38.000039041728506,124,abrupt,0.0,0
19,222,0.7858638382219439,0.36602276282599355,37.17963909347083,123,abrupt,0.0,0
19,223,0.8207973702225607,0.4154588649352153,37.67167792991043,122,abrupt,0.0,0
19,224,0.7019305880232649,0.40501415402489876,35.42838893930558,121,abrupt,0.0,0
19,225,0.586028515296348,0.31753398756951773,33.97006851284165,120,abrupt,0.0,0
19,226,0.5862432960535492,0.39422965821201866,35.970706727311715,119,abrupt,0.0,0
19,227,0.6392048202351358,0.346841564484216,36.96175374381374,118,abrupt,0.0,0
19,228,0.789437746366499,0.41369359582846327,36.692994055633925,117,abrupt,0.0,0
19,229,0.694555573336197,0.38171419758186775,36.14213900843298,116,abrupt,0.0,0
19,230,0.7727432084564348,0.3965417758400448,38.22906879606274,115,abrupt,0.0,0
19,231,0.6792803582862065,0.34214092486070724,35.71812263074004,114,abrupt,0.0,0
19,232,0.8203517549676019,0.39381015889151877,37.29874949311703,113,abrupt,0.0,0
19,233,0.7446908459333916,0.3852568765067294,35.655651244635386,112,abrupt,0.0,0
19,234,0.6401414818175832,0.34381569488506836,36.26267843592139,111,abrupt,0.0,0
19,235,0.8645967509251565,0.4387038722891824,37.007927295931424,110,abrupt,0.0,0
19,236,0.8502337841898517,0.42252879386108455,38.34225074274651,109,abrupt,0.0,0
19,237,0.7524677814931957,0.3874191321880638,38.11393448650408,108,abrupt,0.0,0
19,238,1.002053204047505,0.4607723239714772,40.284544671774235,107,abrupt,0.0,0
19,239,0.8008985860433502,0.3410971781831832,40.16214790384769,106,abrupt,0.0,0
19,240,0.6988145442576367,0.3880574137510578,34.689139034356124,105,abrupt,0.0,0
19,241,0.8822478954140809,0.4225361856928293,37.54480356215559,104,abrupt,0.0,0
19,242,0.9885633115335364,0.40970468512148106,39.25049921765804,103,abrupt,0.0,0
19,243,0.8336432409436684,0.37056123467667423,37.505763688745674,102,abrupt,0.0,0
19,244,0.8840654727627206,0.42834851238690763,37.19992042676016,101,abrupt,0.0,0
19,245,0.7733651460387911,0.39920621452879446,37.87404559159801,100,abrupt,0.0,0
19,246,0.814805376814826,0.3498117252440164,37.97522879488669,99,abrupt,0.0,0
19,247,1.0008162126379776,0.4501765009639645,40.028092819809174,98,abrupt,0.0,0
19,248,0.9665252942706275,0.39518430679660604,39.97058940362924,97,abrupt,0.0,0
19,249,0.9266531577622491,0.41373504664055116,37.81943424336529,96,abrupt,0.0,0
19,250,0.7798771907610789,0.4209511756736272,37.82111026630024,95,abrupt,0.0,0
19,251,0.8182018905894174,0.41803326730032264,38.251894872169046,94,abrupt,0.0,0
19,252,0.7714832891492541,0.34539485168416095,37.03697190539784,93,abrupt,0.0,0
19,253,0.9881811146179792,0.4330953941377836,40.0746976896547,92,abrupt,0.0,0
19,254,0.9889357262901787,0.43612507542818846,39.419160626342745,91,abrupt,0.0,0
19,255,0.9142455607479681,0.399725943601954,39.878270945758054,90,abrupt,0.0,0
19,256,0.725554551766811,0.3919825991448493,37.76177240874763,89,abrupt,0.0,0
19,257,0.8504212281034496,0.4573340469740418,39.202954846337114,88,abrupt,0.0,0
19,258,0.8501860962751403,0.4126105157366775,37.59080315241352,87,abrupt,0.0,0
19,259,0.6955542648772653,0.37463726877217707,36.091374584979135,86,abrupt,0.0,0
19,260,0.5732061020166299,0.3596586756353315,33.000537809688915,85,abrupt,0.0,0
19,261,0.7793340228680932,0.3881773694167415,,84,abrupt,0.0,0
19,262,0.7928236825566373,0.3839009642269802,35.6865346137516,83,abrupt,0.0,0
19,263,0.7507010780712398,0.3493985383136859,36.00200583609755,82,abrupt,0.0,0
19,264,0.6768874367161941,0.37423015567622037,36.11313445961535,81,abrupt,0.0,0
19,265,0.7535855976404285,0.3898049161828833,36.82010112468685,80,abrupt,0.0,0
19,266,0.6661098933669535,0.3972381254616218,36.36759266178355,79,abrupt,0.0,0
19,267,0.8308882894709698,0.41265106103108695,37.95261386945356,78,abrupt,0.0,0
19,268,0.7300317311805351,0.393683617976662,36.275943172161654,77,abrupt,0.0,0
19,269,0.7119106895074784,0.39119743901976434,34.42794610359856,76,abrupt,0.0,0
19,270,0.6398461421472084,0.3266399986173431,33.49033899689595,75,abrupt,0.0,0
19,271,0.8747300640425943,0.4032501322445443,39.83261555269135,74,abrupt,0.0,0
19,272,0.6841291735259356,0.35219242518007904,36.81988861903913,73,abrupt,0.0,0
19,273,0.5422327123168836,0.3562786282728926,34.65571014107179,72,abrupt,0.0,0
19,274,0.7203146739884778,0.3610916691867607,35.33213590271221,71,abrupt,0.0,0
19,275,0.5588904022579967,0.3504091312093062,34.8517598846134,70,abrupt,0.0,0
19,276,0.4811059202162895,0.32396082977137053,34.38873959371059,69,abrupt,0.0,0
19,277,0.4319274150868957,0.30760758046330755,35.55030154973374,68,abrupt,0.0,0
19,278,0.579465137258178,0.34594517536696767,33.994418387701785,67,abrupt,0.0,0
19,279,0.42185328506923575,0.3326171539100102,32.90893940024912,66,abrupt,0.0,0
19,280,0.547345987030894,0.3376180879299551,35.619340475674235,65,abrupt,0.0,0
19,281,0.5279287689464859,0.3368648444856541,34.198132796145934,64,abrupt,0.0,0
19,282,0.3599964955012356,0.2745432542830811,30.928933471084978,63,abrupt,0.0,0
19,283,0.6305899816394326,0.3318427619398155,35.166553838157164,62,abrupt,0.0,0
19,284,0.6120931490713784,0.2931429931949872,35.87598360247897,61,abrupt,0.0,0
19,285,0.3434987380110978,0.27743130042100317,33.86149210015126,60,abrupt,0.0,0
19,286,0.563037267035619,0.34461167321505454,36.18546266427624,59,abrupt,0.0,0
19,287,0.5788628699233613,0.3746399545883106,34.653880842423575,58,abrupt,0.0,0
19,288,0.45356908477431196,0.3189634735093699,32.994342412918165,57,abrupt,0.0,0
19,289,0.38159061463257593,0.2630584284885631,31.71429464155247,56,abrupt,0.0,0
19,290,0.7395775813909893,0.396811834797811,,55,abrupt,0.0,0
19,291,0.5081744692242455,0.32883995796259546,32.87190627532965,54,abrupt,0.0,0
19,292,0.5569615201863117,0.34684075104824197,32.759569344512734,53,abrupt,0.0,0
19,293,0.534262764894022,0.32460170627964924,35.943739919664615,52,abrupt,0.0,0
19,294,0.48947647430645685,0.2966303760685416,33.788264714768445,51,abrupt,0.0,0
19,295,0.6482944630924549,0.415367361776164,37.19946580210697,50,abrupt,0.0,0
19,296,0.6529047058381208,0.36199545030278607,34.00842741954338,49,abrupt,0.0,0
19,297,0.6261300019711961,0.3572020338724015,35.68031086749613,48,abrupt,0.0,0
19,298,0.4927434976835666,0.28425250664703333,34.03267232431392,47,abrupt,0.0,0
19,299,0.4877475105877508,0.29474326388955707,34.86874972104571,46,abrupt,0.0,0
19,300,0.5639367967790042,0.3174715942328455,35.68772857478658,45,abrupt,0.0,0
19,301,0.5036388560539733,0.3426458686720156,35.12139185015222,44,abrupt,0.0,0
19,302,0.6174674300637547,0.33488640245907253,34.830040175629264,43,abrupt,0.0,0
19,303,0.8098657376593055,0.4201187036037865,38.0794413822625,42,abrupt,0.0,0
19,304,0.7960274796252949,0.3470225790919681,36.89991290674925,41,abrupt,0.0,0
19,305,0.658857986566842,0.3915861408644419,33.60366859575599,40,abrupt,0.0,0
19,306,0.8451070683296817,0.39456192221712383,37.82297073688691,39,abrupt,0.0,0
19,307,0.8900955592031696,0.4182385633823606,39.79522460283658,38,abrupt,0.0,0
19,308,0.8043212896559985,0.4180797314041044,37.997474178220145,37,abrupt,0.0,0
19,309,0.8253974661249674,0.3930661790475927,37.21724135785457,36,abrupt,0.0,0
19,310,0.8317560227133673,0.42285961508922254,38.9739299247748,35,abrupt,0.0,0
19,311,0.938097938827382,0.4464095788388985,39.77647891401078,34,abrupt,0.0,0
19,312,0.7357259248189314,0.3532938842442594,36.9298705329588,33,abrupt,0.0,0
19,313,0.9139322858395895,0.3839674002794406,39.07519845168842,32,abrupt,0.0,0
19,314,0.8027121692425595,0.4308321411146144,38.08735910043174,31,abrupt,0.0,0
19,315,0.7018530411993197,0.3959795078936739,36.73813883707764,30,abrupt,0.0,0
19,316,0.9597084142352427,0.47751362471833514,39.21640482874868,29,abrupt,0.0,0
19,317,0.6723143136237109,0.35181348633000403,37.680807783970465,28,abrupt,0.0,0
19,318,0.7459922898413207,0.38659367581951465,37.13154775290691,27,abrupt,0.0,0
19,319,0.7859667312487061,0.362034820582023,37.980149060340494,26,abrupt,0.0,0
19,320,0.8053656245987629,0.3521176972611271,36.743248305777364,25,abrupt,0.0,0
19,321,0.8932765533509672,0.35660455315229417,38.279561919178434,24,abrupt,0.0,0
19,322,0.632830612899798,0.3813163957901964,35.307262760025544,23,abrupt,0.0,0
19,323,0.7452546487474407,0.3710528113947136,37.99237696871448,22,abrupt,0.0,0
19,324,0.7942290196013537,0.38635457653512645,39.47217560246194,21,abrupt,0.0,0
19,325,0.6781177638353428,0.34889480249325067,36.82447781674496,20,abrupt,0.0,1
19,326,0.825043777158487,0.40827689272722734,37.68217248572903,19,abrupt,0.0,1
19,327,0.854422977108854,0.39651770217611776,37.669206059736396,18,abrupt,0.0,1
19,328,0.6574305685472879,0.4006746839775881,36.06126245928312,17,abrupt,0.0,1
19,329,0.9669467155044995,0.42862728385679544,40.505025731921656,16,abrupt,0.0,1
19,330,0.5872035072194346,0.30116427921273425,34.17073247333317,15,abrupt,0.0,1
19,331,0.7401183754773625,0.3392711949061415,37.427106195247724,14,abrupt,0.0,1
19,332,0.7614266205520356,0.3570190402813621,36.7841879315778,13,abrupt,0.0,1
19,333,0.999253519808089,0.6320726471321354,41.426559693180295,12,abrupt,0.11826933350039952,1
19,334,0.7856814770225875,0.7138863985682621,41.301854017816325,11,abrupt,0.20719622963847165,1
19,335,0.7270678230395996,0.7844303389445907,43.552297109220746,10,abrupt,0.28762450924836913,1
19,336,0.7371463295658632,0.9606860679444353,45.715235089565674,9,abrupt,0.36298739754251896,1
19,337,0.779914278494995,1.0967641594274202,45.855685510185126,8,abrupt,0.4347946189614507,1
19,338,0.6882037632844139,1.1545848631140851,47.81652156748028,7,abrupt,0.5038898259088989,1
19,339,0.6905500242621969,1.2988331444866241,47.87544549785676,6,abrupt,0.5708083284467237,1
19,340,0.702744440530929,1.4386510568555366,50.11960539255228,5,abrupt,0.6359181873366767,1
19,341,0.7299101280400755,1.4784122664051493,50.71233687023228,4,abrupt,0.6994869749569168,1
19,342,0.8240578962851058,,56.000495269725754,3,abrupt,0.7617173704255652,1
19,343,0.7278184994970481,,55.86097370405761,2,abrupt,0.8227678273307573,1
19,344,0.6572438401533505,1.812399908246932,56.06339295928879,1,abrupt,0.8827653711361874,1
19,345,0.6940015541721439,1.941181136640631,57.772958121719775,0,abrupt,0.9418139327207654,1
20,0,0.7724879256942884,0.16662044755182387,37.39954319990202,318,gradual,0.0,0
20,1,0.7545428388204809,0.1944309989845891,37.436140471146764,317,gradual,0.0,0
20,2,0.7861003916605737,0.19233668644414756,37.95443437230432,316,gradual,0.0,0
20,3,0.6486897341175479,0.12301754772996386,35.26774752729421,315,gradual,0.0,0
20,4,0.8089480584950615,0.17435546150898865,35.74992623336903,314,gradual,0.0,0
20,5,0.8971672009507445,0.10647423790862558,38.544145180322886,313,gradual,0.0,0
20,6,0.6641593379643591,0.15938903253340794,35.58040521183243,312,gradual,0.0,0
20,7,0.870644790378815,0.16152179785207604,38.76332544889471,311,gradual,0.0,0
20,8,0.8253512541464652,0.1655599165094462,38.81065086702399,310,gradual,0.0,0
20,9,0.7000214523087611,0.11459262300513834,37.23547205580404,309,gradual,0.0,0
20,10,0.872864754372564,0.1679214312149408,38.883515800273315,308,gradual,0.0,0
20,11,0.867921805532085,0.1431349462820508,37.584156339054935,307,gradual,0.0,0
20,12,1.085728693511977,0.16064146938066906,41.244178092680336,306,gradual,0.0,0
20,13,0.9038376551491594,0.1528986694540108,38.86072878991935,305,gradual,0.0,0
20,14,0.7387717076117634,0.15199987103428747,38.06281899512734,304,gradual,0.0,0
20,15,0.9002477843352686,0.15832953943137926,37.83387231852592,303,gradual,0.0,0
20,16,0.8546468581296627,0.14489842130125657,39.57150555430725,302,gradual,0.0,0
20,17,0.838425919050434,0.1079186460029754,37.78129048051484,301,gradual,0.0,0
20,18,0.7658871136655765,0.1711395948143202,37.59845698946141,300,gradual,0.0,0
20,19,0.7452571323208161,0.10148707440874996,36.44841002586343,299,gradual,0.0,0
20,20,0.6935479257594808,0.13496987185110135,36.41666957157887,298,gradual,0.0,0
20,21,0.9453861540956073,0.1641659770072635,39.91192334304286,297,gradual,0.0,0
20,22,0.8767512122825136,0.13971798218976186,37.930349106117,296,gradual,0.0,0
20,23,0.7385045929950457,0.07878679586184298,34.680436895356785,295,gradual,0.0,0
20,24,1.0346760338800052,0.10788583419982609,40.314010782222645,294,gradual,0.0,0
20,25,0.9057024022914931,0.13818938278737875,38.31079440229502,293,gradual,0.0,0
20,26,1.103435707680452,0.11497301158646271,42.69913755780092,292,gradual,0.0,0
20,27,1.0495289465312856,0.1818076880101453,41.62073289183502,291,gradual,0.0,0
20,28,0.95970669981173,0.16021742321920754,38.589908734818245,290,gradual,0.0,0
20,29,1.0600378357125362,0.12330103727361233,39.4240723968569,289,gradual,0.0,0
20,30,0.8057514816529824,0.13034312049418642,38.06019926730536,288,gradual,0.0,0
20,31,0.9497165925362097,0.13924172745214466,40.722369836084,287,gradual,0.0,0
20,32,0.8319617850509726,0.15510292846717025,38.17860341345087,286,gradual,0.0,0
20,33,0.7505646442891855,0.15080866639495236,37.23151068866424,285,gradual,0.0,0
20,34,0.9030163624068381,0.18059315646144133,38.9942425881946,284,gradual,0.0,0
20,35,0.7138669471026766,0.1206158111688211,38.10551316015813,283,gradual,0.0,0
20,36,1.0063652781987642,0.20803619853700187,39.18751875257204,282,gradual,0.0,0
20,37,0.6338581048733605,0.15172275466295693,35.24172450980477,281,gradual,0.0,0
20,38,0.8105105026918016,0.15164108232020476,37.32740607649225,280,gradual,0.0,0
20,39,0.8798388088771479,0.17454774862469485,36.89130879809561,279,gradual,0.0,0
20,40,0.7680781961727675,0.14532771072076692,36.6687818430157,278,gradual,0.0,0
20,41,0.637819868255176,0.14898958051235583,36.935934221286914,277,gradual,0.0,0
20,42,0.8597895501730647,0.12692847606180285,37.94012533135086,276,gradual,0.0,0
20,43,0.5780262081548018,0.15390422081310087,35.92439153867093,275,gradual,0.0,0
20,44,0.5788840017036201,0.12685250850258448,35.59812189357114,274,gradual,0.0,0
20,45,0.678767092384978,0.11916323164401756,35.260520982019266,273,gradual,0.0,0
20,46,0.7505191161595318,0.14109396083483286,35.73715313584004,272,gradual,0.0,0
20,47,0.6035582089363651,0.14990708401700842,35.90024857138265,271,gradual,0.0,0
20,48,0.6121477273079021,,35.336874922941384,270,gradual,0.0,0
20,49,0.7334515782274789,0.13385301326202556,36.02685744274796,269,gradual,0.0,0
20,50,0.5303476285330502,0.1382316960645889,35.81294967301294,268,gradual,0.0,0
20,51,0.6919284958414513,0.14773169098907293,35.97192708760868,267,gradual,0.0,0
20,52,0.8463896084196401,0.16027984143063623,37.75363833973297,266,gradual,0.0,0
20,53,0.5564518031203283,0.07115878454609773,34.471939622741914,265,gradual,0.0,0
20,54,0.43990542027552926,0.13899747647203067,33.609481611658325,264,gradual,0.0,0
20,55,0.6800796513074414,0.15589712686332413,34.3721830964743,263,gradual,0.0,0
20,56,0.40949963688786106,0.14880191884353478,,262,gradual,0.0,0
20,57,0.4841804086999903,0.16539763910918692,33.436904881941445,261,gradual,0.0,0
20,58,0.6227066068974892,0.1153935039935106,35.795960560050695,260,gradual,0.0,0
20,59,0.5590742102999495,0.09786505657185265,33.840660339520426,259,gradual,0.0,0
20,60,0.46395361684024217,0.08452109566171492,33.566700769117354,258,gradual,0.0,0
20,61,0.6785152821994055,0.0949853778135218,35.18793468299657,257,gradual,0.0,0
20,62,0.48208665478931295,0.11862441015540946,37.12754685095623,256,gradual,0.0,0
20,63,0.44745794037877673,0.1235154888956481,33.192523816941836,255,gradual,0.0,0
20,64,0.5689300947533763,0.11676733089178198,34.78275897885007,254,gradual,0.0,0
20,65,0.6531149118508901,0.10627393548321275,36.037433694203344,253,gradual,0.0,0
20,66,0.6032857710977134,0.13319573726527323,35.71589493725454,252,gradual,0.0,0
20,67,0.6913042210155442,0.10747856195540643,35.681981705729804,251,gradual,0.0,0
20,68,0.6215491401858803,0.11864024740750362,35.75893218936647,250,gradual,0.0,0
20,69,0.6165848033579087,0.15037248214178636,35.877866514973206,249,gradual,0.0,0
20,70,0.6332765483416556,0.1510346682280181,34.523701862481985,248,gradual,0.0,0
20,71,0.48945746895267095,0.12380262583645488,35.95750268189319,247,gradual,0.0,0
20,72,0.5471717551183273,0.08684665528987026,32.880645528677285,246,gradual,0.0,0
20,73,0.5741202679791299,0.09202953418586464,34.999933470206585,245,gradual,0.0,0
20,74,0.5174571650518005,0.1336945731485661,34.607624198106954,244,gradual,0.0,0
20,75,0.5827452670170791,0.1739879995348978,33.48344135635719,243,gradual,0.0,0
20,76,0.6140793262203069,0.13881976134816515,35.99923413212732,242,gradual,0.0,0
20,77,0.37697806479828,0.0825068371681875,33.94118217330864,241,gradual,0.0,0
20,78,0.5525335144066248,0.16612830028467884,35.238435696505256,240,gradual,0.0,0
20,79,0.5082924439206202,0.11064877052245127,33.42894870938044,239,gradual,0.0,0
20,80,0.448189735024215,0.09509471766546806,32.60723348866859,238,gradual,0.0,0
20,81,0.4760583929212017,0.10600710824368588,33.85546529529329,237,gradual,0.0,0
20,82,0.3949740705987189,0.17549542371306884,31.69790189295206,236,gradual,0.0,0
20,83,0.6681308434934672,0.1318090925736771,34.58453445351629,235,gradual,0.0,0
20,84,0.5009703660442717,0.15159370152415677,33.6739005815644,234,gradual,0.0,0
20,85,0.7281652323628302,0.15684177452766956,34.3903216478008,233,gradual,0.0,0
20,86,0.6174730940057088,0.16842740075437948,36.167337305950774,232,gradual,0.0,0
20,87,0.6318380806146702,0.11743973634240795,34.665550220071566,231,gradual,0.0,0
20,88,0.6799882886737142,0.14149742982445127,37.68847985152658,230,gradual,0.0,0
20,89,0.7280261322170186,0.1636017366269099,33.83092939715561,229,gradual,0.0,0
20,90,0.5331734787928044,0.13237683381656704,34.56712224411725,228,gradual,0.0,0
20,91,0.8048359658744773,0.14118675935543684,35.63299523210067,227,gradual,0.0,0
20,92,0.6921682513892139,0.13796350437422483,36.28130452229432,226,gradual,0.0,0
20,93,0.9814706610284991,0.1471701331975688,37.62500820837478,225,gradual,0.0,0
20,94,0.8205644556811078,0.07350293189764211,36.718543157744925,224,gradual,0.0,0
20,95,0.5662062625561268,0.13804211290563925,34.11534721633611,223,gradual,0.0,0
20,96,0.5635452902952035,0.16439594531039137,33.649715281800844,222,gradual,0.0,0
20,97,0.7873612473069422,0.12657558482403236,38.07755815102338,221,gradual,0.0,0
20,98,0.811448199342925,0.2037035169038401,38.217663098827074,220,gradual,0.0,0
20,99,0.7702722268089065,0.12077404924447124,35.989668036381794,219,gradual,0.0,0
20,100,0.7831369116527246,0.21286823386383275,36.243304315862815,218,gradual,0.0,0
20,101,0.7304018064207449,0.14228877343405688,35.1842749582834,217,gradual,0.0,0
20,102,0.9882752268213842,0.1801424493760262,41.139284474447926,216,gradual,0.0,0
20,103,0.9298138780342464,0.19943613210599015,37.70970266381461,215,gradual,0.0,0
20,104,0.8552644123495138,0.1213679214085086,39.17241042087902,214,gradual,0.0,0
20,105,0.7719597866091946,0.17737367461589493,38.51379413982703,213,gradual,0.0,0
20,106,0.8457538270006644,0.07648682128807138,37.91913725721665,212,gradual,0.0,0
20,107,0.5853415736071552,0.13191863811464974,33.111014033961,211,gradual,0.0,0
20,108,0.7025061251740548,0.1294192683622319,35.64252619152105,210,gradual,0.0,0
20,109,0.8205074570951455,0.15055987501787133,36.7499516258198,209,gradual,0.0,0
20,110,0.8401662774356147,,38.77025115337684,208,gradual,0.0,0
20,111,0.8726468597098795,0.2055616813880267,39.91281409792256,207,gradual,0.0,0
20,112,0.8208179699966459,0.14727486001644374,39.090037451347406,206,gradual,0.0,0
20,113,0.7559474775779625,,36.23169554767859,205,gradual,0.0,0
20,114,0.7753170823371551,0.14175845572144075,38.206826727179426,204,gradual,0.0,0
20,115,1.0107955236748825,0.14463353149941627,39.811592518845345,203,gradual,0.0,0
20,116,0.6534207939235903,0.1502887974082209,35.2616184073395,202,gradual,0.0,0
20,117,0.6771710447452448,0.14761705262748345,36.175607107037955,201,gradual,0.0,0
20,118,0.872577224554815,0.131445469954416,37.914431266915,200,gradual,0.0,0
20,119,0.9182378965927472,0.17816516687566253,38.40612716267054,199,gradual,0.0,0
20,120,0.8266691231125864,0.1271912989368073,36.99482092178282,198,gradual,0.0,0
20,121,0.969597497037934,0.15435822968871357,38.15582368074526,197,gradual,0.0,0
20,122,0.9316304323815141,0.15017096282805364,39.10209401719799,196,gradual,0.0,0
20,123,0.6995751489091762,0.16855785768476594,34.59950048312545,195,gradual,0.0,0
20,124,1.0722153689179412,0.2015466967373271,39.51271138142248,194,gradual,0.0,0
20,125,0.6390467850874959,0.1421844195180933,36.064745164145386,193,gradual,0.0,0
20,126,0.898853399242325,0.0997520944141809,38.35203525919021,192,gradual,0.0,0
20,127,0.9335415960344127,0.12516183973818734,38.764583677425854,191,gradual,0.0,0
20,128,0.7777750977103418,0.19151619891246496,37.374817048356604,190,gradual,0.0,0
20,129,0.8294168052101191,0.20024080805852748,36.63955344779664,189,gradual,0.0,0
20,130,0.7416071286143221,0.11460720377069022,37.64500114766111,188,gradual,0.0,0
20,131,0.7966682863484743,0.10306365360662764,37.13185553685319,187,gradual,0.0,0
20,132,0.775517638254866,0.11240216347647404,38.021212559613275,186,gradual,0.0,0
20,133,0.9331271935444357,0.19261827184377023,39.2193360020797,185,gradual,0.0,0
20,134,0.6693017232608773,0.13710131297179448,36.566346594096665,184,gradual,0.0,0
20,135,0.5003932934349875,0.19911555203746892,33.893154693333095,183,gradual,0.0,0
20,136,0.7920704625808077,0.14050739081592342,34.78067730835611,182,gradual,0.0,0
20,137,0.6953255282532942,0.13494407954528057,36.44157902290304,181,gradual,0.0,0
20,138,0.6335476203267505,0.14960434149105428,36.58667009612131,180,gradual,0.0,0
20,139,0.6684076524905515,0.17162095322066126,37.13186630049367,179,gradual,0.0,0
20,140,0.7167179151876221,0.20492269141429809,35.97117664439453,178,gradual,0.0,0
20,141,0.6670520384577368,0.18190931597998666,36.01294350444596,177,gradual,0.0,0
20,142,0.6214624881967663,0.15826697043778,34.36986959267606,176,gradual,0.0,0
20,143,0.5365869965130341,0.08184582752342122,34.87312626080674,175,gradual,0.0,0
20,144,0.8495729550112497,0.12518299903603541,36.842314724201756,174,gradual,0.0,0
20,145,0.5863189955472476,0.11862624024670176,32.47213613369643,173,gradual,0.0,0
20,146,0.6862597972993583,0.17862605067958395,34.73234061361273,172,gradual,0.0,0
20,147,0.8286931047517718,0.21383904576738075,37.80980228858553,171,gradual,0.0,0
20,148,0.5371239147928719,0.1035503998220795,34.38462864269352,170,gradual,0.0,0
20,149,0.6591497469183792,0.1754493772724037,35.46723071561236,169,gradual,0.0,0
20,150,0.5023885657749068,0.12953681299982983,33.53467848892486,168,gradual,0.0,0
20,151,0.6899462182528706,0.19760419739243246,34.83065699191917,167,gradual,0.0,0
20,152,0.3838000812146255,0.15343433554445846,31.553192462409854,166,gradual,0.0,0
20,153,0.43874477751726415,0.14354243759128643,34.861774156766344,165,gradual,0.0,0
20,154,0.6696710188146213,0.12423678446487268,37.54223389218101,164,gradual,0.0,0
20,155,0.8333182300653683,0.19828106769910916,38.00382343877137,163,gradual,0.0,0
20,156,0.688659883970105,0.1733777030528818,34.85148094338257,162,gradual,0.0,0
20,157,0.4604210787341213,0.15276144235227085,33.37223802633997,161,gradual,0.0,0
20,158,0.6072698368007916,0.1656541028885748,35.24433346212579,160,gradual,0.0,0
20,159,0.3810547209836421,0.1571203331365335,31.644635450573578,159,gradual,0.0,0
20,160,0.64205080795825,0.15654084121347478,33.994429044175185,158,gradual,0.0,0
20,161,0.5913166511933959,0.1913357222289763,34.89581311003853,157,gradual,0.0,0
20,162,0.5564348400321032,0.14992990175154977,34.49868010912113,156,gradual,0.0,0
20,163,0.6125024357096287,0.13635076197732965,34.89010344075535,155,gradual,0.0,0
20,164,0.4551815853984482,0.11829782126020505,33.3751795532141,154,gradual,0.0,0
20,165,0.648662393577103,0.17708044367308487,35.87867762825946,153,gradual,0.0,0
20,166,0.45077776640232436,0.18546977945559057,30.9010993791516,152,gradual,0.0,0
20,167,0.4817687350657652,0.1199456165029927,32.995962186688935,151,gradual,0.0,0
20,168,0.46463724774725024,0.10572538618104374,32.579123648267526,150,gradual,0.0,0
20,169,0.46032050744165076,0.13313579673703724,33.02512871575533,149,gradual,0.0,0
20,170,0.5334872385469465,0.17733631782312903,33.60299786668108,148,gradual,0.0,0
20,171,0.5982978215628274,0.1454611717042154,35.303191268692906,147,gradual,0.0,0
20,172,0.5104831889616899,0.16216954850691717,,146,gradual,0.0,0
20,173,0.55797608645017,0.1577538095710611,33.76623014286857,145,gradual,0.0,0
20,174,0.6176528727431647,0.15375666208504496,33.73802427551488,144,gradual,0.0,0
20,175,0.5177663305974904,0.14106098562938824,34.64626521432426,143,gradual,7.015550437234438e-05,0
20,176,0.5082069773479119,0.13385798713580108,31.906586166871172,142,gradual,0.0003023310150784501,0
20,177,0.5425465853669972,0.16558984437192217,33.7301965878729,141,gradual,0.0006775752482053718,0
20,178,0.6062098012887629,0.16466304116634484,35.066450338029696,140,gradual,0.0011867901734537677,0
20,179,0.6177987259200515,0.17783977864344966,35.38096674869255,139,gradual,0.0018241299665206771,0
20,180,0.7194617337393497,0.19201741818641302,36.07953565550453,138,gradual,0.0025853179066600393,0
20,181,0.5945983985258468,0.18278423357162327,35.16346461127441,137,gradual,0.0034670015805353858,0
20,182,0.755574716641922,0.17209131419026807,34.37026972945017,136,gradual,0.004466436147626974,0
20,183,0.4871253148707192,0.1732321710634565,35.2481921210938,135,gradual,0.005581305445090228,0
20,184,0.6328720514557892,0.14386107070842497,35.15943265850633,134,gradual,0.0068096112387452615,0
20,185,0.66782596903162,0.140333803908286,35.682366500290286,133,gradual,0.008149600019006666,0
20,186,0.6330460042850659,0.1186164006174743,34.38625029521115,132,gradual,0.009599712164774265,0
20,187,0.7399074537890808,0.21748669534912365,37.06376899465119,131,gradual,0.011158545249774858,0
20,188,0.7421791819262232,0.20740127638753397,35.95413368733863,130,gradual,0.012824826719885026,0
20,189,0.8274230541770948,0.20196521008957694,37.716034542890945,129,gradual,0.01459739302025171,0
20,190,0.8217284899465889,0.23684919513992014,37.15674513631075,128,gradual,0.016475173303488296,0
20,191,0.7333792255773639,0.23196038839940275,36.09039065278888,127,gradual,0.018457176479007905,0
20,192,0.7109562172061542,0.13333629117280185,36.51563578954148,126,gradual,0.02054248075494552,0
20,193,0.8091237024962884,0.1949293756006152,37.677297538128144,125,gradual,0.022730225076374184,0
20,194,0.6739684790073407,0.16229490456799087,35.463606776895915,124,gradual,0.02501960203104225,0
20,195,0.7755097391639312,0.19434772444465276,37.05819315290321,123,gradual,0.027409851908046474,0
20,196,0.948219223906727,0.22765985337431816,39.43537013061101,122,gradual,0.029900257674490678,0
20,197,0.7771199178277334,0.20916316561588855,37.39053048393555,121,gradual,0.0324901406918547,0
20,198,0.9395502445468935,0.253110187323976,38.339213967480575,120,gradual,0.03517885703486894,0
20,199,0.9500231919718267,0.24944400862721233,39.22410852646207,119,gradual,0.0379657943059389,0
20,200,0.8616690324761996,0.20757225392229017,40.33697612158973,118,gradual,0.04085036886077251,0
20,201,0.9278390761035284,0.23521006844473455,36.92822065902044,117,gradual,0.04383202337798691,0
20,202,0.8210657490311408,0.27409746921658157,38.16736654274984,116,gradual,0.04691022471859913,0
20,203,0.8691168316646234,0.24354562835922475,38.92350006576556,115,gradual,0.05008446203148197,0
20,204,0.9460948304849679,0.3014322783140843,40.36590936838064,114,gradual,0.0533542450688369,0
20,205,0.8711941392684709,0.24482672270662725,37.89862197235328,113,gradual,0.05671910268203666,0
20,206,0.9879930701182893,0.26499205676119936,39.99284125495109,112,gradual,0.06017858147321532,0
20,207,0.8293018475150086,0.31792003278533626,38.65753827727124,111,gradual,0.06373224458202384,0
20,208,0.8055690825936243,0.28357443486991185,39.4689962356504,110,gradual,0.06737967059024136,0
20,209,0.8139577603281443,0.29129697343530125,,109,gradual,0.07112045252960235,0
20,210,0.7584093315888731,0.2731265362349861,38.802632462685416,108,gradual,0.07495419698039173,0
20,211,0.8246316396368256,0.29448829930933373,40.84180193922555,107,gradual,0.07888052325017113,0
20,212,0.8976191964883281,0.3298006254008615,40.96542001682749,106,gradual,0.0828990626235043,0
20,213,0.9491705358414099,0.34158171922096897,42.41576643361553,105,gradual,0.08700945767480744,0
20,214,0.8644140115610518,0.33617378176898854,40.743048607101215,104,gradual,0.0912113616375056,0
20,215,0.7749113549221742,0.2962925381827006,40.588134503350815,103,gradual,0.09550443782356811,0
20,216,0.7033052188088058,0.3373821699978521,38.656157040177675,102,gradual,0.09988835908825096,0
20,217,0.9105723541093116,0.39015346825765396,40.20986676803758,101,gradual,0.10436280733551721,0
20,218,0.8671290510509199,0.3433893205313764,40.84467747380677,100,gradual,0.10892747306015708,0
20,219,0.8837333423030187,0.3807600133112969,40.83505924295279,99,gradual,0.11358205492310036,0
20,220,0.6912136675442734,0.3265544018750537,39.83348628758683,98,gradual,0.11832625935682134,0
20,221,0.6935610676942842,0.3556444575578712,41.13185701875363,97,gradual,0.12315980019808741,0
20,222,0.8314168663581643,0.37083790036743064,41.567751360566355,96,gradual,0.12808239834560756,0
20,223,0.7553237408120346,0.39929309295606286,41.16022654035409,95,gradual,0.13309378144040276,0
20,224,0.6593207588867405,0.41062379169345575,37.87996002281229,94,gradual,0.13819368356695105,0
20,225,0.8802166650486497,0.4106765232262781,43.13614774518216,93,gradual,0.14338184497336412,0
20,226,0.5857011330454898,0.41899909831371623,39.8329935041418,92,gradual,0.14865801180902916,0
20,227,0.6661464856196998,0.433638349534381,40.623711119198006,91,gradual,0.1540219358783074,0
20,228,0.7680496865473064,0.42432422447439705,40.10364159621963,90,gradual,0.15947337440901876,0
20,229,0.8495294379901699,0.4516794017042288,41.966331417332235,89,gradual,0.16501208983456428,0
20,230,0.6913441472210091,0.4250081450037574,40.15570594012233,88,gradual,0.17063784958864722,0
20,231,0.711837704731591,0.48401084433414016,41.69134841645508,87,gradual,0.17635042591164984,0
20,232,0.6550663090368003,0.420361167378407,39.175068944034315,86,gradual,0.1821495956678089,0
20,233,0.5346028613305147,0.5074794650185567,39.09788314494618,85,gradual,0.18803514017241013,0
20,234,0.6222289357823821,0.4715375233701805,40.503034065785336,84,gradual,0.19400684502829013,0
20,235,0.6977774347801503,0.49861994806304577,40.59950716905178,83,gradual,0.20006449997099615,0
20,236,0.8384795342618363,0.5146987865788821,43.03036439994474,82,gradual,0.20620789872200979,0
20,237,0.7980245268960704,0.5595836350502414,43.126775824831455,81,gradual,0.21243683884948938,0
20,238,0.7678037884840258,0.49626201391283986,42.85360890710421,80,gradual,0.21875112163603244,0
20,239,0.609768229408339,0.5050960531524056,41.5917208605883,79,gradual,0.22515055195299835,0
20,240,0.7276385873193448,0.615342726953898,44.99907283483756,78,gradual,0.23163493814096942,0
20,241,0.6847693772917071,0.519420000613515,41.36303530455495,77,gradual,0.238204091895961,0
20,242,0.48721894223456746,0.5867803463214765,40.11418850917513,76,gradual,0.2448578281610219,0
20,243,0.5586007005458415,0.6182367207822574,41.86500661182083,75,gradual,0.2515959650228933,0
20,244,0.6351252157866915,0.5830605860139887,41.72781699217064,74,gradual,0.2584183236134196,0
20,245,0.7434419448514012,0.618592495910084,,73,gradual,0.26532472801542806,0
20,246,0.4933646531685142,0.5889422890991071,41.33652978875904,72,gradual,0.27231500517281243,0
20,247,0.7695468731018897,0.6447082183373052,44.29736827086564,71,gradual,0.2793889848045786,0
20,248,0.4751396772271249,0.6125227812502201,41.706718776704435,70,gradual,0.28654649932262366,0
20,249,0.3589192832758612,0.5981894797122996,40.011880591029794,69,gradual,0.2937873837530382,0
20,250,0.46530078308075473,0.6507910571873762,41.67509383857328,68,gradual,0.30111147566073626,0
20,251,0.6922259727235545,0.6569754370040909,44.60991246764827,67,gradual,0.30851861507722783,0
20,252,0.44181237360080533,0.7318505628736446,42.630625965918284,66,gradual,0.3160086444313666,0
20,253,0.5150174715840466,0.7040692848034367,42.43896906298686,65,gradual,0.32358140848291,0
20,254,0.507406238132169,0.7022202465138767,44.36981676134763,64,gradual,0.3312367542587464,0
20,255,0.43150579491418534,0.7093480623937772,,63,gradual,0.3389745309916463,0
20,256,0.5620839815159309,0.7234311316461991,45.002284597022225,62,gradual,0.34679459006141244,0
20,257,0.7100793085139564,0.7623641495636506,46.456438051416725,61,gradual,0.35469678493830026,0
20,258,0.8239008695836968,0.7974074341885391,45.99993336961217,60,gradual,0.3626809711286015,0
20,259,0.6766195836997875,0.8274483301252937,46.99421421611423,59,gradual,0.3707470061222768,0
20,260,0.3481693761723993,0.7984628176564258,42.37447004787553,58,gradual,0.37889474934254236,0
20,261,0.5877681188181447,0.8214554498180981,45.62606382790644,57,gradual,0.3871240620973111,0
20,262,0.6897819902572655,0.8289243736423157,46.86545682471562,56,gradual,0.39543480753240334,0
20,263,0.6517360963631067,0.8285700147974091,45.33057485335648,55,gradual,0.40382685058643913,0
20,264,0.631970277930349,0.8821114688187313,46.88196600199175,54,gradual,0.41230005794733793,0
20,265,0.6040370610485363,0.8716456370867133,46.45326322830764,53,gradual,0.4208542980103459,0
20,266,0.5937611402928441,0.8567184601763125,47.821273882465505,52,gradual,0.42948944083752627,0
20,267,0.721754020598216,0.8755111084889672,50.40933224026121,51,gradual,0.4382053581186407,0
20,268,0.4008955662261064,0.958981972972324,45.638858163298835,50,gradual,0.4470019231333652,0
20,269,0.4840537659405202,0.8736807443004184,46.786126227335565,49,gradual,0.4558790107147754,0
20,270,0.4423555761494947,0.9551196365600454,45.47741775924045,48,gradual,0.4648364972140512,0
20,271,0.47841061879868185,0.9421381556632619,46.34001909653142,47,gradual,0.47387426046634223,0
20,272,0.8190850193582917,0.9637533903974381,50.86838615727197,46,gradual,0.48299217975774966,0
20,273,0.4194904502390598,0.9857664254574171,45.99294595320569,45,gradual,0.4921901357933717,0
20,274,0.6397055094985106,0.9889907130379803,52.06316300824933,44,gradual,0.5014680106663724,0
20,275,0.5118277704184186,1.0048471957556424,47.12265486881245,43,gradual,0.5108256878280277,0
20,276,0.8201344875434837,0.9864202498343955,52.954304007198175,42,gradual,0.5202630520587112,0
20,277,0.6468312792386958,1.0000116417950136,51.65531548149344,41,gradual,0.5297799894397777,0
20,278,0.6107865757119693,1.1205821493190944,50.96009300769768,40,gradual,0.5393763873263134,0
20,279,0.5061370654266769,1.0624916020308615,48.807203038540834,39,gradual,0.5490521343207114,0
20,280,0.6269118265616689,1.1120916809217203,47.92822634982752,38,gradual,0.5588071202470465,0
20,281,0.7718218971539553,1.1214665672050927,52.271318169553176,37,gradual,0.5686412361262115,0
20,282,0.7697001004622694,1.1263437116832935,51.51217379466938,36,gradual,0.5785543741517922,0
20,283,0.6746213765108804,1.1234242309515075,53.5912202932289,35,gradual,0.5885464276666444,0
20,284,0.7692446180306567,1.1800210154389683,53.668514435073526,34,gradual,0.5986172911401549,0
20,285,0.7786093866269824,1.2771761259395542,53.56023069868033,33,gradual,0.6087668601461521,0
20,286,0.6806833575232805,1.2823335007297054,53.095143670675114,32,gradual,0.6189950313414497,0
20,287,0.8971934824626441,1.2636913402317558,56.959732290419815,31,gradual,0.629301702444993,0
20,288,0.6442353311376278,1.255149140876112,54.448790915711314,30,gradual,0.6396867722175908,0
20,289,0.7078803230039256,1.2647216223052795,53.14501747766243,29,gradual,0.6501501404422079,0
20,290,0.7861262526500638,1.2778512690978636,55.28839389555531,28,gradual,0.660691707904801,0
20,291,0.7471251323509395,1.359331564781343,56.17405067114879,27,gradual,0.6713113763756752,0
20,292,0.8776119878877018,1.3599392936021597,57.06997112400733,26,gradual,0.6820090485913454,0
20,293,0.6692838519874927,1.337089838291112,56.0298789215736,25,gradual,0.6927846282368828,0
20,294,0.8006942383856663,1.3351188174335362,55.631767670601846,24,gradual,0.703638019928732,0
20,295,0.5625812752017416,1.347522202949096,54.726736003071224,23,gradual,0.7145691291979773,0
20,296,0.7102785859091019,1.3856703839845557,,22,gradual,0.7255778624740505,0
20,297,0.8115510373190563,1.4420490950609723,58.13481628381457,21,gradual,0.7366641270688568,0
20,298,0.9718088319235042,1.442504356484215,60.02237232513375,20,gradual,0.7478278311613112,1
20,299,0.8152088341824649,1.4851684160673946,59.421281178528346,19,gradual,0.7590688837822678,1
20,300,0.7190501744642189,1.4126342580232347,58.699154410514346,18,gradual,0.7703871947998306,1
20,301,0.9507174318340231,1.5951928947227172,61.8009772568277,17,gradual,0.7817826749050321,1
20,302,0.7051056180919557,1.4954683392945456,57.09634323506131,16,gradual,0.7932552355978691,1
20,303,1.087906010091131,1.595003127119507,63.47471756087233,15,gradual,0.804804789173682,1
20,304,0.9594381778917824,1.594943742125185,63.10110679321438,14,gradual,0.81643124870987,1
20,305,0.9462259611281734,1.5796812514564034,62.01808675155846,13,gradual,0.8281345280529254,1
20,306,0.7237814283700416,1.6515046937309725,60.48233376832384,12,gradual,0.8399145418057851,1
20,307,0.9891791998507795,1.5970010427557388,63.04465722983146,11,gradual,0.8517712053154807,1
20,308,1.0072955170697369,1.7156167736971855,,10,gradual,0.8637044346610856,1
20,309,0.7973328001132478,1.6372089786170627,62.25400782495124,9,gradual,0.8757141466419427,1
20,310,0.8427983968163616,1.694360682630298,61.098684339069266,8,gradual,0.8878002587661711,1
20,311,0.9331311593356092,1.7505481902665885,66.0150336428164,7,gradual,0.8999626892394365,1
20,312,0.7854177242806629,1.6886001404753892,63.373071277169046,6,gradual,0.912201356953983,1
20,313,0.6624374892318622,1.7444706986736624,61.7652941727962,5,gradual,0.9245161814779147,1
20,314,0.7447687251831527,1.7731270218921311,64.73642502945216,4,gradual,0.9369070830447213,1
20,315,0.9092648098056537,1.8097557574387155,66.81575516940181,3,gradual,0.9493739825430392,1
20,316,0.6420036063948631,1.8377347938481896,61.67943440419452,2,gradual,0.9619168015066442,1
20,317,0.8333097761510726,1.7678333453605402,63.8828889803366,1,gradual,0.9745354621046628,1
20,318,0.7926453675867184,1.8999220733574502,63.834176347022556,0,gradual,0.9872298871320045,1
21,0,0.6843980542038579,0.20012630840992415,31.15532923241618,206,abrupt,0.0,0
21,1,0.7214295679501664,0.24169617896311876,33.517990846783164,205,abrupt,0.0,0
21,2,0.6265307208468832,0.23909055303462978,32.46842147594737,204,abrupt,0.0,0
21,3,0.7206105469917,0.2268830152330091,34.608153272900964,203,abrupt,0.0,0
21,4,0.7830764738457023,0.1832950377019597,33.94975158660537,202,abrupt,0.0,0
21,5,0.7443495883077043,0.2504449019785053,34.81707889811696,201,abrupt,0.0,0
21,6,0.6770976995879654,0.24887041773883367,32.882190929473936,200,abrupt,0.0,0
21,7,0.5664133402554604,0.18307422692646877,31.36854102431987,199,abrupt,0.0,0
21,8,0.7926188939827458,0.2562095926628441,34.121503690176844,198,abrupt,0.0,0
21,9,0.797963792189582,0.2050558200250778,34.27316215359138,197,abrupt,0.0,0
21,10,0.8170423265761548,0.29830863142465036,36.186343410085314,196,abrupt,0.0,0
21,11,0.9467183042311608,0.24087545379528733,35.57885609392104,195,abrupt,0.0,0
21,12,0.6696651923354041,0.2767866228407413,31.25230809456645,194,abrupt,0.0,0
21,13,0.8853431574050836,0.2641996918032551,35.97968706903026,193,abrupt,0.0,0
21,14,0.9463978159220463,0.20937119134249213,36.942361444010324,192,abrupt,0.0,0
21,15,0.6520499737057205,0.2131250370172041,31.892302145421592,191,abrupt,0.0,0
21,16,0.8349269668517115,0.2994202198007575,,190,abrupt,0.0,0
21,17,0.8191171187029161,0.21533432458671697,33.01968529052159,189,abrupt,0.0,0
21,18,0.856205421208664,0.278493329586653,35.139752858944036,188,abrupt,0.0,0
21,19,1.0037126006570953,0.2829332224106819,35.71790108326161,187,abrupt,0.0,0
21,20,0.7665469666225759,0.2608880801970836,32.96536366823504,186,abrupt,0.0,0
21,21,0.835156695376469,0.23331414836073458,33.97541165144196,185,abrupt,0.0,0
21,22,1.011284340196869,0.2673404688178607,34.582341592275185,184,abrupt,0.0,0
21,23,0.7284192259011041,0.24348334011101117,31.722282596201236,183,abrupt,0.0,0
21,24,0.9330118002754818,0.24474392594019043,35.72852474093106,182,abrupt,0.0,0
21,25,0.8135407648538276,0.25009349576276807,35.186396034507084,181,abrupt,0.0,0
21,26,0.8255138731260327,0.2721597980398638,35.913708118241644,180,abrupt,0.0,0
21,27,0.9432193490485095,0.27670623201557604,35.729612651715286,179,abrupt,0.0,0
21,28,0.6836887630652513,0.19239817630146724,33.83570989159595,178,abrupt,0.0,0
21,29,0.9288239115445733,0.320817889940144,35.217062566966575,177,abrupt,0.0,0
21,30,0.7669164380797949,0.21979594512973855,33.3786820591522,176,abrupt,0.0,0
21,31,0.7233411279403719,0.25494797609711195,32.93060630948759,175,abrupt,0.0,0
21,32,0.47317028878920075,0.16186200627082203,28.977221058666704,174,abrupt,0.0,0
21,33,0.6884457512062983,0.2553174236051966,32.330768807525885,173,abrupt,0.0,0
21,34,0.6622874978046025,0.2679526159530841,31.84682085328435,172,abrupt,0.0,0
21,35,0.48067919800624703,0.23467534947769908,30.434403608951605,171,abrupt,0.0,0
21,36,0.6481562097828086,0.2048535625195012,,170,abrupt,0.0,0
21,37,0.4454074326330373,0.20163131240288734,,169,abrupt,0.0,0
21,38,0.9073878323226375,0.2210244944826328,34.40299252722523,168,abrupt,0.0,0
21,39,0.6887257601216833,0.2180875377915568,33.605871061804926,167,abrupt,0.0,0
21,40,0.6282184089419658,0.19534911959445064,31.313976539840112,166,abrupt,0.0,0
21,41,0.751115276386689,0.2221953429196079,32.849118522158584,165,abrupt,0.0,0
21,42,0.6314439793465205,0.25774361139894386,32.05143276258086,164,abrupt,0.0,0
21,43,0.8013051453430867,0.27821868631024244,34.06334249559198,163,abrupt,0.0,0
21,44,0.5945533960293392,0.2564472950714511,32.44293450033987,162,abrupt,0.0,0
21,45,0.697603201593238,0.17061953404631353,31.647178263748575,161,abrupt,0.0,0
21,46,0.6623101409571128,0.21394059550153555,30.16637031706424,160,abrupt,0.0,0
21,47,0.4820768056630355,0.22624492246035294,28.459870408804,159,abrupt,0.0,0
21,48,0.5225567177626451,0.23929423492677387,29.541800127599117,158,abrupt,0.0,0
21,49,0.6115413651975657,0.2282460451133578,31.666033710210865,157,abrupt,0.0,0
21,50,0.7896043931316671,0.19714043989536353,34.82915017385693,156,abrupt,0.0,0
21,51,0.5169520981323059,0.2009159236959419,31.834360114992627,155,abrupt,0.0,0
21,52,0.5041427408485348,0.1827372355507811,29.95875071229089,154,abrupt,0.0,0
21,53,0.5451719728035482,0.18734977930391836,31.79124978912162,153,abrupt,0.0,0
21,54,0.7524562988806809,0.20758798263928274,34.191241500665015,152,abrupt,0.0,0
21,55,0.6236566163784725,0.18960381354245667,31.562324659190885,151,abrupt,0.0,0
21,56,0.5021137024149996,0.21688533589055095,29.904663344645723,150,abrupt,0.0,0
21,57,0.6369386258188107,0.22369484478865517,32.2057236885838,149,abrupt,0.0,0
21,58,0.6943181334510251,0.2196571194215709,33.41624509633806,148,abrupt,0.0,0
21,59,0.6798118873997883,0.24641802597316728,30.88756688853342,147,abrupt,0.0,0
21,60,0.8127467662653708,0.25413811646608125,31.048808376298346,146,abrupt,0.0,0
21,61,0.5724008217947931,0.21187940055264612,31.685538885451912,145,abrupt,0.0,0
21,62,0.5338171105780297,0.18792760998116967,32.609544858840465,144,abrupt,0.0,0
21,63,0.7887183782972887,0.27896148807418597,33.67577132811027,143,abrupt,0.0,0
21,64,0.6068546389416591,0.22424299525304375,31.51105939137169,142,abrupt,0.0,0
21,65,0.5668091292569163,0.25294470035683364,28.86092583432823,141,abrupt,0.0,0
21,66,0.3608637996355962,0.21000193981523244,27.7272116377151,140,abrupt,0.0,0
21,67,0.48545118379805674,0.19857077427914466,29.906047790153675,139,abrupt,0.0,0
21,68,0.553872698395691,0.2249652793616994,31.11982181870531,138,abrupt,0.0,0
21,69,0.6068486605687868,0.2551811217422163,30.180842367690108,137,abrupt,0.0,0
21,70,0.6584129607158604,0.2065430334203684,32.03893438466108,136,abrupt,0.0,0
21,71,0.5064718528516278,0.210893139326521,30.246491310343682,135,abrupt,0.0,0
21,72,0.7204143559019395,0.22440022829597356,32.022619774652334,134,abrupt,0.0,0
21,73,0.8392185369014683,0.23087680066897193,32.91544091212895,133,abrupt,0.0,0
21,74,1.040989452888896,0.20051249024520496,35.27557287843252,132,abrupt,0.0,0
21,75,0.8257026462326352,0.2550839494954225,33.303975349278815,131,abrupt,0.0,0
21,76,0.7512071262451879,0.18926169419433078,33.2313798912119,130,abrupt,0.0,0
21,77,0.6580261740979856,0.22257555016852928,31.665782763032468,129,abrupt,0.0,0
21,78,0.5405627425038242,0.21001319232251006,29.34434370948146,128,abrupt,0.0,0
21,79,0.675672900477859,0.21492387594755452,32.85436888030345,127,abrupt,0.0,0
21,80,0.8530627335806936,0.20883260127912526,34.54559183239595,126,abrupt,0.0,0
21,81,0.8938999835209782,0.23185820403254453,35.18884873941292,125,abrupt,0.0,0
21,82,0.821856172760751,0.2090600464301833,34.586802311773035,124,abrupt,0.0,0
21,83,0.7714566899473341,0.2990033771150061,32.21994836768421,123,abrupt,0.0,0
21,84,0.9359799590883939,0.2603982841368178,36.327519007206206,122,abrupt,0.0,0
21,85,0.8954402577503608,0.24937446252433088,33.49174529052827,121,abrupt,0.0,0
21,86,0.7399371538806931,0.2501472452286482,33.1405128570876,120,abrupt,0.0,0
21,87,0.8708032670110735,0.23993517819506233,34.58636457884387,119,abrupt,0.0,0
21,88,0.6096880677041634,0.21022246563588917,29.08410498713068,118,abrupt,0.0,0
21,89,0.7901481486550916,0.29532343612419476,33.23647788051029,117,abrupt,0.0,0
21,90,0.8834707105741091,0.2729550116625515,35.335690373432854,116,abrupt,0.0,0
21,91,1.1300868266276711,0.2776791722310441,36.32990672505353,115,abrupt,0.0,0
21,92,0.8850872185288212,0.31099615493037736,32.82525599474813,114,abrupt,0.0,0
21,93,0.68618511573731,0.2859775054872422,31.193058641546354,113,abrupt,0.0,0
21,94,0.7968375908426637,0.2507981745251917,33.04517265882823,112,abrupt,0.0,0
21,95,0.9729510723654108,0.3362466114734681,36.08758481602504,111,abrupt,0.0,0
21,96,0.9937139124617385,0.2697939928914056,35.79337440135034,110,abrupt,0.0,0
21,97,0.6759473715528481,0.15630360519353212,30.09179806294723,109,abrupt,0.0,0
21,98,0.7956479168460271,0.25939641880751846,32.77591284234452,108,abrupt,0.0,0
21,99,0.7625691151658736,0.19196299907273312,34.10650444086518,107,abrupt,0.0,0
21,100,0.7360354570413408,0.16877612732030525,32.17835448617271,106,abrupt,0.0,0
21,101,0.6612463131880802,0.23527860236155212,28.833812686310672,105,abrupt,0.0,0
21,102,0.7350081754131802,0.22021237728950682,32.99981656410684,104,abrupt,0.0,0
21,103,0.6706393451076899,0.17682288742384905,31.096030685691943,103,abrupt,0.0,0
21,104,0.8130452802576743,0.2444888662460114,35.394754960271925,102,abrupt,0.0,0
21,105,0.7276352442241548,0.22097574043727516,30.80973483907996,101,abrupt,0.0,0
21,106,0.7065606061207145,0.23005373005200153,34.125043619976935,100,abrupt,0.0,0
21,107,0.6285475268466503,0.21956236713619143,30.357142207729378,99,abrupt,0.0,0
21,108,0.7001564649777227,0.23124217024953964,32.150378682260374,98,abrupt,0.0,0
21,109,0.7412956122180909,0.22291819335710097,30.94304926266599,97,abrupt,0.0,0
21,110,0.7216773264937816,0.24578470466065283,30.97977976560397,96,abrupt,0.0,0
21,111,0.48122221520695463,0.21197743631957222,30.14788745331167,95,abrupt,0.0,0
21,112,0.585157101131979,0.20182234378136543,28.135023467649404,94,abrupt,0.0,0
21,113,0.5556807626336255,0.222304692231074,31.541084195186123,93,abrupt,0.0,0
21,114,0.681868039682421,0.24480658399239055,31.237235344098618,92,abrupt,0.0,0
21,115,0.7577066953140464,0.26735720369660426,32.109496045474806,91,abrupt,0.0,0
21,116,0.45243666380303804,0.24478029792431355,28.93361952337395,90,abrupt,0.0,0
21,117,0.6036471496009441,0.27082012103526953,29.756779803050062,89,abrupt,0.0,0
21,118,0.5393620735463079,0.23794289043899758,28.864695922124657,88,abrupt,0.0,0
21,119,0.6021726520260166,0.1724455547721755,32.43044048294263,87,abrupt,0.0,0
21,120,0.6331738447190275,0.24548678535540538,31.51529576481998,86,abrupt,0.0,0
21,121,0.475569970851268,0.20331521561152008,30.017157528813428,85,abrupt,0.0,0
21,122,0.6432580991619112,,32.3118523939916,84,abrupt,0.0,0
21,123,0.5262991056242591,0.12744105045445225,28.464621161741224,83,abrupt,0.0,0
21,124,0.4755934861707024,0.15621254731847004,28.045708128818227,82,abrupt,0.0,0
21,125,0.40888078832315156,0.2370280768925478,27.729182460224294,81,abrupt,0.0,0
21,126,0.44622137259698336,0.1966631808177728,28.875065914605038,80,abrupt,0.0,0
21,127,0.5421375812245459,0.1997538077744602,31.989548175460964,79,abrupt,0.0,0
21,128,0.5504382163425888,0.1555049613367377,30.411232000909322,78,abrupt,0.0,0
21,129,0.6633211075653129,0.20201723369005353,30.343844600952522,77,abrupt,0.0,0
21,130,0.7061045471799265,0.24470654934470829,30.465770634670918,76,abrupt,0.0,0
21,131,0.48259412423623477,0.23534343683654105,28.48590280224188,75,abrupt,0.0,0
21,132,0.5779581831092183,0.21914318641158276,30.481729815144842,74,abrupt,0.0,0
21,133,0.3206443590917256,0.14963410649007447,25.95501406902942,73,abrupt,0.0,0
21,134,0.4309003851047185,0.2361925866253614,27.583778119948985,72,abrupt,0.0,0
21,135,0.7548549014843169,0.23101546262194428,33.556958146841346,71,abrupt,0.0,0
21,136,0.5125718388989412,0.18388903332100434,31.386815192630248,70,abrupt,0.0,0
21,137,0.74602513374271,0.23865732973800216,32.69349815340373,69,abrupt,0.0,0
21,138,0.57940485781832,0.2673281665366342,29.619299953492597,68,abrupt,0.0,0
21,139,0.6957520646813612,0.2072968382919402,32.11524523168275,67,abrupt,0.0,0
21,140,0.6224551818898195,0.24168075812888934,30.3220430246795,66,abrupt,0.0,0
21,141,0.7267411128327195,0.31430914660950227,32.436144355645204,65,abrupt,0.0,0
21,142,0.6153828852145703,0.2822110365738296,29.927777046993047,64,abrupt,0.0,0
21,143,0.8469463051556874,0.2539941278764718,32.46185077232499,63,abrupt,0.0,0
21,144,0.6742500965759927,0.2505802903243357,32.98893362289412,62,abrupt,0.0,0
21,145,0.7223348976696602,0.28060232132282514,30.411483347962555,61,abrupt,0.0,0
21,146,0.7892816845857984,0.2236391367366275,31.961410742791315,60,abrupt,0.0,0
21,147,0.6983163280520545,0.23860753059771786,29.842561908684836,59,abrupt,0.0,0
21,148,0.6734394605794265,0.2611685116880073,31.985134612484384,58,abrupt,0.0,0
21,149,0.7868379336789737,0.22421507433896182,31.166453758136026,57,abrupt,0.0,0
21,150,0.7860404746369143,,33.11000835125513,56,abrupt,0.0,0
21,151,0.6696568807522382,0.23992979608279252,29.986271554079817,55,abrupt,0.0,0
21,152,0.9612958127392962,,33.67584992252544,54,abrupt,0.0,0
21,153,0.9072955414938675,0.2402507983058341,33.2572862707224,53,abrupt,0.0,0
21,154,0.7458576729602354,0.25612609311521944,30.68751983390826,52,abrupt,0.0,0
21,155,0.8366849105782368,0.2910792815995193,31.63695157872383,51,abrupt,0.0,0
21,156,0.7429919424281546,,31.21866166163293,50,abrupt,0.0,0
21,157,0.6065885660081317,0.2202028386102508,28.54075091497485,49,abrupt,0.0,0
21,158,0.9557147076413721,0.2602010087726707,33.6713914439347,48,abrupt,0.0,0
21,159,0.8543608274441655,0.2870368596078986,33.0454971031005,47,abrupt,0.0,0
21,160,0.8758465565946609,0.25286034396418755,32.37441238162135,46,abrupt,0.0,0
21,161,0.9647546788813688,0.3056727227806124,34.39346274986859,45,abrupt,0.0,0
21,162,0.6076297824742809,0.20707809458547166,29.593157056023053,44,abrupt,0.0,0
21,163,0.7817427559823777,0.28142100736784026,30.903512147291927,43,abrupt,0.0,0
21,164,0.7746236081348329,0.31765157875807354,31.03882638830121,42,abrupt,0.0,0
21,165,0.8003485002664448,0.2550838203636566,29.626275945356916,41,abrupt,0.0,0
21,166,0.7849706703303118,0.23246184690614102,32.46372864070916,40,abrupt,0.0,0
21,167,0.8848704564659755,0.30257616972955603,32.43696286312173,39,abrupt,0.0,0
21,168,0.8410617706179067,0.26318965024668406,32.21033454718037,38,abrupt,0.0,0
21,169,0.914050371369599,0.33696290179096455,32.210222267021486,37,abrupt,0.0,0
21,170,0.6504233676452329,0.2621350209143118,29.601855072886877,36,abrupt,0.0,0
21,171,0.8938572174234842,0.2742479821840752,33.37933437300912,35,abrupt,0.0,0
21,172,0.7984614262744902,0.28052852470301204,32.720962385527294,34,abrupt,0.0,0
21,173,0.8023077993769951,0.24383664924134482,33.48307244806636,33,abrupt,0.0,0
21,174,0.9179680532884114,0.22711744717193755,34.97546852449283,32,abrupt,0.0,0
21,175,0.9540561636316601,,34.42851050157133,31,abrupt,0.0,0
21,176,0.7195460524721133,0.2546882373542787,31.956496765491032,30,abrupt,0.0,0
21,177,0.7437457575436123,0.19966020591874664,30.84786642156525,29,abrupt,0.0,0
21,178,0.6449206567028569,0.1785780033617177,,28,abrupt,0.0,0
21,179,0.7621065464284844,0.2363518158164194,31.345974436273043,27,abrupt,0.0,0
21,180,0.6191963868630861,0.17315011711077313,,26,abrupt,0.0,0
21,181,0.6010384831063991,0.24272336682100273,28.853835466212285,25,abrupt,0.0,0
21,182,0.6471993914968595,0.2663420539660507,29.692699357963388,24,abrupt,0.0,0
21,183,0.667249311169761,0.22663060682931774,29.85636678657148,23,abrupt,0.0,0
21,184,0.7051325761172326,0.28787338253893924,29.686872514432807,22,abrupt,0.0,0
21,185,0.7547637863791988,0.2808212755947069,32.28873037905001,21,abrupt,0.0,0
21,186,0.6571780344523079,0.24327563736552105,30.04736322750759,20,abrupt,0.0,1
21,187,0.8066019931617626,0.26047804653449286,33.61534311043884,19,abrupt,0.0,1
21,188,0.5757458615663668,0.26084915577221285,29.265545573686992,18,abrupt,0.0,1
21,189,0.5294399770121279,0.15976193823978443,27.826442597722743,17,abrupt,0.0,1
21,190,0.5715366558449285,0.1821353243184326,28.914222524311835,16,abrupt,0.0,1
21,191,0.5753062766929906,0.15049939108526655,30.203878053652186,15,abrupt,0.0,1
21,192,0.4746304273532214,0.19909074716065292,26.910174025541828,14,abrupt,0.0,1
21,193,0.7359817810568996,0.252888616411698,32.386086759799525,13,abrupt,0.0,1
21,194,0.515629705833298,0.3069004065162453,28.93203435698937,12,abrupt,0.05146062129848494,1
21,195,0.531529189777234,0.3636399531352583,28.719235308648308,11,abrupt,0.11217743638520966,1
21,196,0.6012056549952401,0.48495420679357404,31.49927604562414,10,abrupt,0.17695981429992003,1
21,197,0.36272546804678807,0.5621530947498261,28.548334566958005,9,abrupt,0.24453216685761706,1
21,198,0.556695600770395,0.7430148184578853,31.774606208030846,8,abrupt,0.3142579533033678,1
21,199,0.4445827559022834,0.7853480757630656,32.14917417482739,7,abrupt,0.38574929354675763,1
21,200,0.5022543283633348,0.9194253651146608,32.90967709221009,6,abrupt,0.4587430677393329,1
21,201,0.5185851919329592,1.0439494012214092,30.531047684700244,5,abrupt,0.533048200733935,1
21,202,0.5256774195316358,1.1108686561671661,33.731765937486855,4,abrupt,0.6085191955889605,1
21,203,0.5810428578239653,1.2682903021604912,37.97053445645092,3,abrupt,0.6850413126720762,1
21,204,0.47994525148926354,1.354294658607043,35.55531788563092,2,abrupt,0.7625215947778031,1
21,205,0.4867899940332778,1.4652611846110195,34.386758124145985,1,abrupt,0.8408831014007785,1
21,206,0.4125154438137031,1.6766395897204054,34.22331716430542,0,abrupt,0.9200610288713204,1
22,0,0.7104889743376402,0.15585674659370305,47.4225861967519,244,gradual,0.0,0
22,1,0.7790729395274455,0.14159633074028408,49.8891003666268,243,gradual,0.0,0
22,2,0.8796957128912308,0.2286209301258304,49.82648394786596,242,gradual,0.0,0
22,3,1.0189502330248716,0.12710587755099473,52.27499276861778,241,gradual,0.0,0
22,4,0.8904283542113238,0.18196463465669852,49.35820562168087,240,gradual,0.0,0
22,5,0.8414873254692533,0.1899205456630882,51.67398250040536,239,gradual,0.0,0
22,6,0.8388444090630836,0.1923105584940141,,238,gradual,0.0,0
22,7,0.879838073284772,0.188826828929003,49.258146718417805,237,gradual,0.0,0
22,8,0.862572357035945,0.14428848982519876,49.5290617248705,236,gradual,0.0,0
22,9,0.7178767418181875,0.18281934755484136,47.487283609375936,235,gradual,0.0,0
22,10,0.8303880178709312,0.22163325865652567,48.8893681283303,234,gradual,0.0,0
22,11,0.7529810725911971,0.20261878639556458,48.429821131936635,233,gradual,0.0,0
22,12,0.8176083258155162,0.20355207918638135,48.921984167774255,232,gradual,0.0,0
22,13,0.918216715922845,0.19399962081791625,50.200441642886574,231,gradual,0.0,0
22,14,0.6879125091584144,0.1452271275503181,47.12178284062508,230,gradual,0.0,0
22,15,0.8681865416959504,0.18231401202126188,51.86950106388991,229,gradual,0.0,0
22,16,0.863370420418357,0.182854282148187,50.976864640123,228,gradual,0.0,0
22,17,0.7500561852431614,0.16881774302513705,47.66157145849664,227,gradual,0.0,0
22,18,0.7657802835326781,0.16696718688827533,48.81797768050322,226,gradual,0.0,0
22,19,0.8794760815800245,0.20422220405556504,49.85180291823287,225,gradual,0.0,0
22,20,0.8066751354158552,0.18574573588207705,48.34580707052978,224,gradual,0.0,0
22,21,0.819389068526245,0.18122605089307023,50.286221167265026,223,gradual,0.0,0
22,22,0.7218926302035996,0.11664755829764752,48.029365297745315,222,gradual,0.0,0
22,23,0.6541746291590701,0.07703899025760574,47.46699997924938,221,gradual,0.0,0
22,24,0.6591048331323223,0.16432876547221786,49.317046775892386,220,gradual,0.0,0
22,25,0.6360491621449688,0.1295849583654301,47.03641650710973,219,gradual,0.0,0
22,26,0.6907056402016439,0.20034070381236957,46.45980828244465,218,gradual,0.0,0
22,27,0.5247709113482866,0.17679963716317385,47.13119653282911,217,gradual,0.0,0
22,28,0.4680547943566614,0.16532929246302341,45.42811857513718,216,gradual,0.0,0
22,29,0.47145287387629603,0.1111150779846217,44.525479274981016,215,gradual,0.0,0
22,30,0.7147082535878099,0.1586375166415091,47.751299346757555,214,gradual,0.0,0
22,31,0.6366547626874998,0.17950820451587418,48.15009504732989,213,gradual,0.0,0
22,32,0.5386648111084896,0.1367663181904085,46.095348095260874,212,gradual,0.0,0
22,33,0.46423127157009825,0.17055020156768527,44.389077382247606,211,gradual,0.0,0
22,34,0.42091208151696724,0.1687783724968569,45.85700108428245,210,gradual,0.0,0
22,35,0.46813318033113005,0.17468061263302387,45.57891246909001,209,gradual,0.0,0
22,36,0.4753292543913874,0.16199735601492446,46.840315385979515,208,gradual,0.0,0
22,37,0.41681872167951695,0.13690978217996577,43.68814075487178,207,gradual,0.0,0
22,38,0.6022460153067303,0.18307967858918758,47.82367853279893,206,gradual,0.0,0
22,39,0.6063906053133507,0.11859070955427296,45.84530415995722,205,gradual,0.0,0
22,40,0.6666318656820525,0.209545050715796,47.345706043393875,204,gradual,0.0,0
22,41,0.6018339566121598,0.19055984343517274,48.587375566710456,203,gradual,0.0,0
22,42,0.601133484931037,0.13237662167184008,47.55599403139738,202,gradual,0.0,0
22,43,0.8157805125653292,0.19899869587662536,49.10383938876645,201,gradual,0.0,0
22,44,0.7719490233398365,0.20356416191947352,47.45698382226119,200,gradual,0.0,0
22,45,0.7290602187747235,0.1843377431397419,48.92153366573529,199,gradual,0.0,0
22,46,0.7990948635343857,0.22499004571794368,49.80626891285595,198,gradual,0.0,0
22,47,0.7401691423134955,0.17496266342735223,48.44553191952692,197,gradual,0.0,0
22,48,0.7792384016634022,0.1750840296451421,47.503311182215796,196,gradual,0.0,0
22,49,0.7975640598978039,0.17885580261646375,48.98166592793446,195,gradual,0.0,0
22,50,0.9097314152137566,0.20443528586195917,50.98423153754924,194,gradual,0.0,0
22,51,0.7493686283596157,0.13808798742017095,47.660366069614255,193,gradual,0.0,0
22,52,0.8472642017811886,0.17487798186042466,48.358138438586714,192,gradual,0.0,0
22,53,0.7833905799798707,0.22597878554391387,47.71843810020507,191,gradual,0.0,0
22,54,0.7688994899575528,0.1849050686447764,51.31226826150902,190,gradual,0.0,0
22,55,0.9711526870708658,0.19660863247604116,51.153679054658,189,gradual,0.0,0
22,56,0.7502078349981285,0.1981744553890849,47.77200658500478,188,gradual,0.0,0
22,57,0.9191077702717976,0.23750455467361575,50.496077316089,187,gradual,0.0,0
22,58,0.8340225567735157,0.19898879556649615,,186,gradual,0.0,0
22,59,1.0192081861940978,0.18219725234176562,51.051988239771994,185,gradual,0.0,0
22,60,0.8102327022611856,0.18252576817553456,50.168990546842885,184,gradual,0.0,0
22,61,0.7838582739848654,0.2482557519892075,50.887548015453966,183,gradual,0.0,0
22,62,0.6926679797889606,0.2101509969741537,48.787854568048935,182,gradual,0.0,0
22,63,0.7922068232425132,0.20478983943725487,49.027602228582076,181,gradual,0.0,0
22,64,0.6241335535505659,0.13372929045424597,47.00883553716851,180,gradual,0.0,0
22,65,0.7249231943265221,0.13521018615247496,49.20904687687736,179,gradual,0.0,0
22,66,0.4672621249566191,0.14744469763656193,46.48104980330525,178,gradual,0.0,0
22,67,0.5300032176331811,0.17794875989422554,45.93972914657817,177,gradual,0.0,0
22,68,0.6413353920344221,0.20126699402492546,45.38320417175218,176,gradual,0.0,0
22,69,0.6651886405531697,0.1546740449271394,46.22641972574026,175,gradual,0.0,0
22,70,0.6773002864929059,0.21865202471784365,46.9260463132734,174,gradual,0.0,0
22,71,0.7554550456628333,0.1591963757139851,47.52226731925626,173,gradual,0.0,0
22,72,0.37773014489780765,0.17064027969662163,43.548352798063945,172,gradual,0.0,0
22,73,0.36115642817948634,0.1305826314003365,43.57846586657385,171,gradual,0.0,0
22,74,0.5354000568469384,0.15352667367889333,47.13826837826777,170,gradual,0.0,0
22,75,0.8847188586151755,0.1737946505661069,50.559434001843144,169,gradual,0.0,0
22,76,0.5440397489801538,0.21954454892225847,45.95403007342298,168,gradual,0.0,0
22,77,0.40864397992557877,0.16412790564060206,44.70365548787305,167,gradual,0.0,0
22,78,0.4080189752183607,0.13720522729800158,45.35400152230013,166,gradual,0.0,0
22,79,0.5786452904157203,0.15684254699505604,45.8979667831928,165,gradual,0.0,0
22,80,0.5452109999735939,0.1716473644523085,45.32711317055584,164,gradual,0.0,0
22,81,0.7204976930273276,0.23163303710551636,48.161710274957905,163,gradual,0.0,0
22,82,0.7419457604876175,0.18625126875156187,48.46149053984696,162,gradual,0.0,0
22,83,0.560429116500235,0.21524593094334593,48.81679350831167,161,gradual,0.0,0
22,84,0.7009419276664577,0.16653664567540816,46.50533624766171,160,gradual,0.0,0
22,85,0.571196055109709,0.19443284182356277,45.56954507548518,159,gradual,0.0,0
22,86,0.5989133250160409,0.2324866942240786,45.61792183339015,158,gradual,0.0,0
22,87,0.8380219920674155,0.16868359467847796,51.07666059279984,157,gradual,0.0,0
22,88,0.7789058836775945,0.22443902149531358,49.77830039918643,156,gradual,0.0,0
22,89,0.8928572235507832,0.20535900840031648,50.878195185030194,155,gradual,0.0,0
22,90,0.9698259888780258,0.2404245647817245,48.005582794188996,154,gradual,0.0,0
22,91,0.7847953044337034,0.20666996595082754,49.84862794127616,153,gradual,0.0,0
22,92,0.8412876930798354,0.22967162593930532,48.31480564362376,152,gradual,0.0,0
22,93,0.8522413457331389,0.1989312180819065,50.39188179032265,151,gradual,0.0,0
22,94,0.8313106742733655,0.17306384419282386,47.182691678665904,150,gradual,0.0,0
22,95,0.8767114801355034,0.21593450645738965,50.97380939010743,149,gradual,0.0,0
22,96,0.6895638659821235,0.17596904014744644,47.89974198088935,148,gradual,0.0,0
22,97,0.8037844063658215,0.17077097960920415,49.45827933694365,147,gradual,0.0,0
22,98,0.9265240209649191,0.15174698236205864,50.20264425328462,146,gradual,0.0,0
22,99,0.9661167360953178,0.19807752885725893,52.76208314167648,145,gradual,0.0,0
22,100,0.8491166382331035,0.16181323305745726,49.72533206576747,144,gradual,0.0,0
22,101,0.9283325098558957,0.23583437232337917,50.32574576878461,143,gradual,0.0,0
22,102,0.8267430569524991,0.22926418278337124,50.37305602221907,142,gradual,0.0,0
22,103,0.533813600661841,0.1963947928228372,48.237133598278625,141,gradual,0.0,0
22,104,0.6647152381086474,0.1659155314319042,46.91282966595705,140,gradual,0.0,0
22,105,0.7975396364945863,0.16493862045211574,47.81383731768807,139,gradual,0.0,0
22,106,0.7754972162741884,0.23890051374643492,48.79376774595018,138,gradual,0.0,0
22,107,0.6697032163614185,0.1537512747828862,46.57776163090526,137,gradual,0.0,0
22,108,0.7721056203039957,,51.115949915467276,136,gradual,0.0,0
22,109,0.6186538291746212,0.1806304532319513,46.43639277725923,135,gradual,0.0,0
22,110,0.7334939889261111,0.18977229049874725,48.69287155049381,134,gradual,0.0,0
22,111,0.6884433802748514,0.21243644856051397,47.95768152738295,133,gradual,0.0,0
22,112,0.7855937883165098,0.22388554913860378,48.89043860700048,132,gradual,0.0,0
22,113,0.5083549517490008,0.18270291959728574,46.752896540887676,131,gradual,0.0,0
22,114,0.6459256970657058,0.17058996477258398,47.75863537362255,130,gradual,0.0,0
22,115,0.6617673458389717,0.2486471365613342,48.46303180369271,129,gradual,0.0,0
22,116,0.5746279791733654,0.17819461424159996,46.21314731149966,128,gradual,0.0,0
22,117,0.7039195286131672,0.15788996879597836,48.535486060753456,127,gradual,0.0,0
22,118,0.5192160072387283,0.16864279341416674,45.587619503072105,126,gradual,0.0,0
22,119,0.6108831980260131,0.1597982233162365,47.83752507573404,125,gradual,0.0,0
22,120,0.5268989868148798,0.09760907396293184,45.12105426241037,124,gradual,0.0,0
22,121,0.4793830574956332,0.19830465027819258,43.61064911595214,123,gradual,0.0,0
22,122,0.6926198187135342,0.20281954902803445,44.85781704479785,122,gradual,0.0,0
22,123,0.5281697821101254,0.1393514153982161,,121,gradual,0.0,0
22,124,0.6197309185735398,0.18741903872466786,48.3652314221448,120,gradual,0.0,0
22,125,0.7055757428993954,0.18353228674576857,47.60432705788936,119,gradual,0.0,0
22,126,0.477640149595411,0.1585732756415659,43.86633031971576,118,gradual,0.0,0
22,127,0.5701026608324216,,48.22884409139709,117,gradual,0.0,0
22,128,0.7709934767644034,0.1263653831613832,47.725239780843275,116,gradual,0.0,0
22,129,0.6103914413465674,0.19460269238548114,46.959583893632505,115,gradual,0.0,0
22,130,0.6991000994268713,0.22482209472390696,46.540503740603384,114,gradual,0.0,0
22,131,0.6298086396908855,0.21123083622087013,49.13388467291574,113,gradual,0.0,0
22,132,0.8213992423193737,0.15057351834402957,49.22112299588825,112,gradual,0.0,0
22,133,0.8501347219348263,0.13953150772629708,50.09018014045984,111,gradual,0.0,0
22,134,0.6347010917070443,0.2454781968324802,48.12259524151916,110,gradual,0.0,0
22,135,0.8542268156657616,0.18766780094001972,51.0112556423195,109,gradual,0.0,0
22,136,0.8432544574442025,0.23436123920281463,48.72847582292904,108,gradual,0.0,0
22,137,0.6896913557958247,0.10414269597799804,48.322650373831344,107,gradual,0.0,0
22,138,0.8165843053902065,0.210056210011967,49.19802344645192,106,gradual,0.0,0
22,139,0.9127085757559987,0.23354075359883536,50.481195028359224,105,gradual,0.0,0
22,140,0.932578628377891,0.19943516538035258,51.9908675973316,104,gradual,0.0,0
22,141,0.8238438926218192,0.19305360183613662,49.10899095433637,103,gradual,0.0,0
22,142,0.7300711401282058,0.2358493062292149,47.112830313172985,102,gradual,0.0,0
22,143,0.8607065138012702,0.2337773671673568,49.99575389169449,101,gradual,0.0,0
22,144,0.7981792539731244,0.2442260287229586,49.737147220391215,100,gradual,0.0,0
22,145,1.0547982218101146,0.22330767278097308,52.216896877923126,99,gradual,0.0,0
22,146,0.8359646132857604,0.14363975260416822,48.91871655742322,98,gradual,0.0,0
22,147,0.9042219414733417,0.22049489285614066,49.51454140727412,97,gradual,0.0,0
22,148,0.9753245377752036,0.2590243244081778,51.969145655688536,96,gradual,0.0,0
22,149,0.47852870205738596,0.19618343714485645,43.77151245809059,95,gradual,0.0,0
22,150,0.7013523631243062,0.2204128282964369,49.614935446104006,94,gradual,0.0,0
22,151,0.7071241136034084,0.19969722949224605,47.79416337024396,93,gradual,0.0,0
22,152,0.8386879056749805,0.1799658135626308,49.919395265329484,92,gradual,0.0,0
22,153,0.7566847735666147,0.2165537783398817,48.42418123437873,91,gradual,0.0,0
22,154,0.7414959149752293,0.20290632091118388,48.897802632278236,90,gradual,0.0,0
22,155,0.630156561179717,0.14381099038057138,47.35578084368988,89,gradual,0.0,0
22,156,0.6605737174903095,0.2637338625425132,47.89033833180488,88,gradual,0.0,0
22,157,0.368216164259199,0.10925376448031959,44.730787462327356,87,gradual,0.0,0
22,158,0.6558189998265185,0.18724098006222975,49.27886120319965,86,gradual,0.0,0
22,159,0.6361570983116107,0.21093596850145485,47.105866770045026,85,gradual,0.0,0
22,160,0.4815028776646893,0.18626529561607894,47.42904558966971,84,gradual,0.0,0
22,161,0.5162697088958584,0.22201814318275967,45.31832930022245,83,gradual,0.0,0
22,162,0.5804421022369196,0.1863832590547137,46.53587316986809,82,gradual,0.0,0
22,163,0.5278199146202099,0.22151308413322757,45.811257578290125,81,gradual,0.0,0
22,164,0.6311342001281375,0.15133856932660114,45.87417145576642,80,gradual,0.0,0
22,165,0.46694905363486283,0.15935613354760933,44.74385275497435,79,gradual,0.0,0
22,166,0.514809541226297,0.16061633087396726,45.61915651482947,78,gradual,0.0,0
22,167,0.529049592206082,0.1622645840137416,46.862363325292684,77,gradual,0.0,0
22,168,0.7163170828658582,,48.79957780602876,76,gradual,0.0,0
22,169,0.5393868542134987,0.17952010446342961,,75,gradual,0.0,0
22,170,0.6013692814911676,0.19465063517270334,45.428298713010655,74,gradual,0.0,0
22,171,0.5654369559570297,0.18861514243769273,45.83828772131128,73,gradual,0.0,0
22,172,0.6490908250759867,0.1692270952028843,47.42847020106223,72,gradual,0.0,0
22,173,0.6534955831346931,0.19413013382696032,46.579994742735074,71,gradual,0.0,0
22,174,0.6655259056841342,0.1358602398716255,47.82136998349314,70,gradual,0.0,0
22,175,0.6884996723420482,0.22590334983336996,47.95566244776791,69,gradual,0.0,0
22,176,0.6817428079545474,0.20472356092570856,47.48564984391916,68,gradual,0.0,0
22,177,0.8098852210295823,0.18369655564893828,48.291904277997205,67,gradual,0.0,0
22,178,0.832313619428766,0.26069065404058545,50.13086624385444,66,gradual,0.0,0
22,179,0.8441397744993109,0.24431118417577583,49.429301723493886,65,gradual,0.0,0
22,180,0.7328047120878097,0.20880220728883198,47.63517392153311,64,gradual,0.0,0
22,181,0.8271577195056183,0.18114326764002073,50.24302592289256,63,gradual,0.0,0
22,182,0.8142941273626144,0.17973957811736985,47.79166255328151,62,gradual,0.0,0
22,183,0.8675561573973088,0.16910037667626138,51.37493603319758,61,gradual,4.2880341320705074e-05,0
22,184,0.9919411809095018,0.21043117739760273,50.68395017756865,60,gradual,0.00026153492096042316,0
22,185,1.0156359178338228,0.24893974580676143,51.67831970442971,59,gradual,0.0007168549676490591,0
22,186,0.8791541913637462,0.17227166149695383,51.45774909270487,58,gradual,0.001447413161154202,0
22,187,0.7535747571842699,0.1718629013916717,48.09940786843377,57,gradual,0.0024833596612136963,0
22,188,0.8682741950066916,0.2643601296893882,48.49961849063516,56,gradual,0.0038499683070994067,0
22,189,0.7946869896046399,0.20647744151922004,49.872412395321966,55,gradual,0.005569250872652692,0
22,190,0.7250501064094579,0.22322939008439213,48.86015702679574,54,gradual,0.007660851454819076,0
22,191,0.808438838041869,0.23011156058684437,47.718498847776644,53,gradual,0.0101426015436172,0
22,192,0.5771496245251007,0.19609247105982394,46.580073356498175,52,gradual,0.013030891499399474,0
22,193,0.7787299603128278,0.19203982250034554,49.32698336899253,51,gradual,0.016340933019599137,0
22,194,0.6150701418248546,0.17997008633980421,49.29741333008191,50,gradual,0.020086952354794754,0
22,195,0.7204626618550151,0.2409098754915707,49.40335984375943,49,gradual,0.024282337202954946,0
22,196,0.5610045045434928,0.22600732599469223,45.51326295897163,48,gradual,0.028939751328622074,0
22,197,0.7106483570331106,0.24940100158456135,49.29309774521409,47,gradual,0.034071225936595305,0
22,198,0.6259770907800948,0.19895573515150355,47.068480215383836,46,gradual,0.03968823383710245,0
22,199,0.6516176248867558,0.23161690658647593,48.97656599008531,45,gradual,0.04580175057298397,0
22,200,0.5126489679589473,0.218347248973185,46.08204100544194,44,gradual,0.052422305470986315,0
22,201,0.5383476005697228,0.28572810108631763,47.05403770011969,43,gradual,0.05956002477163886,0
22,202,0.6555064701446498,0.3262796523455591,49.366986186821926,42,gradual,0.06722466843747062,0
22,203,0.3998504755727882,0.2841991685125184,45.193445694912455,41,gradual,0.07542566184913474,0
22,204,0.5922369743551168,,48.05990861267757,40,gradual,0.08417212331874799,0
22,205,0.3750243880263431,0.33402253870561593,44.665898958221675,39,gradual,0.09347288814468085,0
22,206,0.5214705618662737,0.30993403141821513,48.160045691728754,38,gradual,0.10333652977947697,0
22,207,0.4887275384110816,0.3092913722116153,46.429966196767666,37,gradual,0.11377137856738853,0
22,208,0.4557820165453508,0.3024531923230975,46.84697554198605,36,gradual,0.12478553841986251,0
22,209,0.5708664729889615,0.4340311965418869,48.605309172320226,35,gradual,0.136386901729023,0
22,210,0.652441022997009,0.3588452577433441,49.83312286718052,34,gradual,0.14858316276570352,0
22,211,0.5807358554615039,0.4144956386677696,49.953012141799476,33,gradual,0.16138182976625198,0
22,212,0.5683370813792284,0.3984080724361346,48.30280325893503,32,gradual,0.17479023587851816,0
22,213,0.47653326672645335,0.36430280221749833,47.24622460533982,31,gradual,0.18881554911018913,0
22,214,0.5584673447859518,0.4698853253226092,49.73999265326972,30,gradual,0.20346478140051133,0
22,215,0.6873899410604086,0.5532847214986829,49.78408011451013,29,gradual,0.21874479691833354,0
22,216,0.570992480483313,0.4956604533793694,51.09832791687144,28,gradual,0.23466231967448567,0
22,217,0.6528613444266941,0.5366067108946645,49.945978244192275,27,gradual,0.25122394052414276,0
22,218,0.7809045293018617,0.5405206846189372,52.87036363171954,26,gradual,0.26843612362449853,0
22,219,0.6239291505254361,0.6024030231888774,51.28079924183588,25,gradual,0.2863052124044226,0
22,220,0.6972720022589497,0.6049429874307424,53.05093176180162,24,gradual,0.3048374350954651,0
22,221,0.6831583111460262,0.6548451319319614,,23,gradual,0.32403890986739026,0
22,222,0.8668171968928449,0.7034381229534254,55.96532466934571,22,gradual,0.3439156496061436,0
22,223,0.9240636630049781,0.71163312282909,57.011899923357,21,gradual,0.3644735663676498,0
22,224,0.7585680403731663,0.7328001204327116,55.046319478469606,20,gradual,0.38571847553696587,1
22,225,0.819606100493734,0.7567582396806339,53.83222029458351,19,gradual,0.40765609971896805,1
22,226,0.8898677895198924,0.7614196338228117,58.67109438091512,18,gradual,0.4302920723838653,1
22,227,0.866177610933547,,57.122848223548495,17,gradual,0.45363194128831164,1
22,228,0.6010784482959406,0.7683790772067624,54.76506750102289,16,gradual,0.47768117169070184,1
22,229,0.9879867695241724,0.9014938166053528,59.44967839515854,15,gradual,0.5024451493773191,1
22,230,0.832023788282259,0.9460430548288051,59.544485825327,14,gradual,0.5279291835143192,1
22,231,0.9551943755012122,0.939570376445145,61.21315108691808,13,gradual,0.5541385093390552,1
22,232,0.8131337143309811,0.9926934102692234,60.05560058752646,12,gradual,0.5810782907029456,1
22,233,0.6952764869943042,0.9882839786030213,57.8807507107131,11,gradual,0.6087536224769245,1
22,234,0.8309519261580791,1.0185536954558225,61.27889129896833,10,gradual,0.637169532829497,1
22,235,0.8954719690720453,1.1372921265566158,59.390280523553045,9,gradual,0.666330985386502,1
22,236,0.8024092819062899,1.1014890892461944,,8,gradual,0.6962428812808774,1
22,237,0.5696356878646273,1.128547382050711,59.07005401707601,7,gradual,0.7269100610999946,1
22,238,0.7733098920515676,1.2195368718334387,,6,gradual,0.7583373067374753,1
22,239,0.7294551692538088,1.2010833359002575,61.12725310834525,5,gradual,0.7905293431558273,1
22,240,0.7951099386486956,1.259597309728025,63.06842299675651,4,gradual,0.8234908400657021,1
22,241,0.7597992180006592,1.3546465386195317,63.48056518831342,3,gradual,0.8572264135271089,1
22,242,0.5823929308941367,1.412318054068225,59.556465152415676,2,gradual,0.8917406274774943,1
22,243,0.5544663983612874,1.4295775727785085,60.90924778834239,1,gradual,0.9270379951912048,1
22,244,0.6532511930538281,1.4022460576716254,62.526364325924895,0,gradual,0.9631229806745042,1
23,0,0.6719120462271153,0.2380197274935498,47.11972895361325,311,gradual,0.0,0
23,1,0.7108851971625108,0.2389794648745756,48.803288418115464,310,gradual,0.0,0
23,2,0.6702775749834582,0.27357702151926133,47.521143000200595,309,gradual,0.0,0
23,3,0.8009441005675616,0.21824705228268887,48.88881540739959,308,gradual,0.0,0
23,4,0.6075500832635823,0.2198714671082045,47.54765951719083,307,gradual,0.0,0
23,5,1.0714322405652323,0.27402478508426475,54.70253291608399,306,gradual,0.0,0
23,6,0.7195962396741105,0.2393245510291038,48.61094017764907,305,gradual,0.0,0
23,7,0.8317820845423741,,49.76798049693292,304,gradual,0.0,0
23,8,0.9751103825504381,0.2684665565525224,53.11142739409726,303,gradual,0.0,0
23,9,0.7874365212030202,0.2268383203238313,50.08605993584655,302,gradual,0.0,0
23,10,0.9265843574546097,0.2719779511640028,50.939884933919735,301,gradual,0.0,0
23,11,0.8580924887598125,0.2849578558178278,47.656801334922854,300,gradual,0.0,0
23,12,0.8749188338616787,0.2120321641573141,50.179938428280906,299,gradual,0.0,0
23,13,0.8931436173652523,0.2711710031484697,52.16446191342552,298,gradual,0.0,0
23,14,1.052541343814374,0.29772571479269794,52.64710868480047,297,gradual,0.0,0
23,15,0.8941989436784866,0.27213392076189546,51.345997959233834,296,gradual,0.0,0
23,16,0.8333907405098706,0.24026786162172373,49.311633877643864,295,gradual,0.0,0
23,17,0.7600585804579963,0.2324879518092937,49.41039236118717,294,gradual,0.0,0
23,18,0.9592981526960653,0.29259057388089577,51.68782412032763,293,gradual,0.0,0
23,19,0.9627621950496368,0.30775946732345316,51.1773767554828,292,gradual,0.0,0
23,20,0.9286621891591282,0.33481059303986554,50.16584583575287,291,gradual,0.0,0
23,21,0.9133445334222156,0.245917885854032,48.7444547508431,290,gradual,0.0,0
23,22,0.8345519967386383,0.24895346672653104,50.87959254917701,289,gradual,0.0,0
23,23,0.9681869167293082,0.3118820051373035,51.468813549532044,288,gradual,0.0,0
23,24,0.8817772807211859,0.19898763664896937,51.862454078195384,287,gradual,0.0,0
23,25,0.7249303050330316,0.23233158475534127,47.92247932791003,286,gradual,0.0,0
23,26,0.7461164315626742,0.24621967753752588,48.00798753307855,285,gradual,0.0,0
23,27,0.9583285552810772,0.21091902472935625,49.86530915961043,284,gradual,0.0,0
23,28,0.8997635998367601,0.28376594643395475,50.73890275981427,283,gradual,0.0,0
23,29,0.9545353129164178,0.24722307978533758,50.28635932430009,282,gradual,0.0,0
23,30,0.726881614066598,0.3083105494268056,48.492517155737104,281,gradual,0.0,0
23,31,0.8190348308826199,0.23344377813771916,50.4809325378837,280,gradual,0.0,0
23,32,0.7156246733316962,0.24464136861432914,46.93434699646908,279,gradual,0.0,0
23,33,0.9676885936156812,0.2640458120505461,50.00830514216312,278,gradual,0.0,0
23,34,0.6771547744922394,0.20992560057817314,48.218176764821784,277,gradual,0.0,0
23,35,0.6425783176504842,0.2553327137234864,46.05633181713806,276,gradual,0.0,0
23,36,0.6443339308642207,0.26465699942479465,45.36656397036936,275,gradual,0.0,0
23,37,0.816566457057932,0.18640381614701385,50.51284281740301,274,gradual,0.0,0
23,38,0.6973252014783934,0.19605489583564378,48.35721464179201,273,gradual,0.0,0
23,39,0.712250564200198,0.28055484217271875,47.73917494076375,272,gradual,0.0,0
23,40,0.7022464178547108,0.1942738599235362,47.52809495782463,271,gradual,0.0,0
23,41,0.6281399722976905,0.22897872940288838,47.60593980339981,270,gradual,0.0,0
23,42,0.8259725959878658,0.22282044868790354,48.91097976484474,269,gradual,0.0,0
23,43,0.5591364676695648,0.16357056140684634,44.66482833055074,268,gradual,0.0,0
23,44,0.7071680532404006,0.23886277369147402,47.63031778079072,267,gradual,0.0,0
23,45,0.6952142122692112,0.240095588870437,49.741927560123905,266,gradual,0.0,0
23,46,0.6532684365691012,0.2258681773337296,47.37328158315593,265,gradual,0.0,0
23,47,0.7058494623711173,0.2408074202733769,48.374617172107214,264,gradual,0.0,0
23,48,0.489763116779103,0.19614127559954536,45.74610498798682,263,gradual,0.0,0
23,49,0.5155949207449648,0.19103545983259507,44.62575111706136,262,gradual,0.0,0
23,50,0.5468165195900916,0.21739293760482936,46.467113114015184,261,gradual,0.0,0
23,51,0.8064818107377224,0.2445778474501847,48.002066853350094,260,gradual,0.0,0
23,52,0.7907267917727366,0.26584511817507184,48.30472139559355,259,gradual,0.0,0
23,53,0.3552869813530651,0.1919898931628902,44.33231679219307,258,gradual,0.0,0
23,54,0.6943679991819978,0.24636172336503992,47.39658994369284,257,gradual,0.0,0
23,55,0.43341913618830147,0.18578697543128536,42.86149139976541,256,gradual,0.0,0
23,56,0.5829446108591765,0.2205105403238472,47.25136740787078,255,gradual,0.0,0
23,57,0.6050809235707159,0.15163079024342865,46.23521647940321,254,gradual,0.0,0
23,58,0.4632796169678954,0.23363295811497686,45.0628540089803,253,gradual,0.0,0
23,59,0.7006056617624244,0.2744649227235244,48.890709349190836,252,gradual,0.0,0
23,60,0.579100317730329,0.26327999554350545,47.3721868458633,251,gradual,0.0,0
23,61,0.6728541018979497,0.23708882121113029,48.656211660337384,250,gradual,0.0,0
23,62,0.5632079119668174,0.22672472840265961,47.087695985870525,249,gradual,0.0,0
23,63,0.5937434265082348,0.3171454307702551,46.16368184661538,248,gradual,0.0,0
23,64,0.5839559064927419,0.23227101098749522,44.54143932840238,247,gradual,0.0,0
23,65,0.5482148690736266,0.22570395454721867,47.18762204952123,246,gradual,0.0,0
23,66,0.6347382181915698,0.2763247647526263,48.406961931936436,245,gradual,0.0,0
23,67,0.5283739567780972,0.25941645515199774,45.14291031112876,244,gradual,0.0,0
23,68,0.5370054665508721,0.20459519950335753,47.319138522708656,243,gradual,0.0,0
23,69,0.5321960373005548,0.24261787359195416,45.924468654707056,242,gradual,0.0,0
23,70,0.796465499716963,0.21969009649739854,48.73645822317285,241,gradual,0.0,0
23,71,0.6219895602024429,0.2593770958267648,46.81730329489235,240,gradual,0.0,0
23,72,0.6188980359641846,,47.32994722908021,239,gradual,0.0,0
23,73,0.554704585701582,0.2678009736048735,46.71136869180446,238,gradual,0.0,0
23,74,0.5628754496043441,0.21002635043153453,45.49947933911161,237,gradual,0.0,0
23,75,0.5993087028992535,0.24005647602276067,47.06863715095837,236,gradual,0.0,0
23,76,0.6940943439099219,0.23683503678852177,45.97016933691592,235,gradual,0.0,0
23,77,0.8216192302785833,0.24478956294274937,49.079662811141624,234,gradual,0.0,0
23,78,0.7812044077339647,0.26312957964739303,49.18836020311429,233,gradual,0.0,0
23,79,0.7233133047975485,0.25862891870552623,46.306065994107264,232,gradual,0.0,0
23,80,0.6859368551892172,0.2540984710720788,45.90482493314273,231,gradual,0.0,0
23,81,0.6148357155465026,0.24647240326516878,48.712185926089155,230,gradual,0.0,0
23,82,0.7998999052240822,0.2770225513981423,47.82360896808358,229,gradual,0.0,0
23,83,0.5894732610056808,0.24601417857778096,45.3539872679997,228,gradual,0.0,0
23,84,0.8782583681544861,0.3105009713903532,51.01213425617396,227,gradual,0.0,0
23,85,0.8408330420160766,0.30228493403367346,49.74591194958455,226,gradual,0.0,0
23,86,0.7389073622500828,0.24615562669820482,49.61371718414745,225,gradual,0.0,0
23,87,0.8323764488683821,0.2832418655218755,50.49717169032826,224,gradual,0.0,0
23,88,0.7021908731116179,0.18079631825205522,47.17362795242626,223,gradual,0.0,0
23,89,0.9559948570812075,0.2610921468111982,50.102450759632205,222,gradual,0.0,0
23,90,0.7778179053873184,0.2941601627979329,49.49573926564583,221,gradual,0.0,0
23,91,0.9678185151312447,0.25618590422738907,51.70407629636981,220,gradual,0.0,0
23,92,0.9421965638260865,0.3345272986135231,51.1023924304653,219,gradual,0.0,0
23,93,0.7771495235971262,0.24597385288759002,47.88769714629842,218,gradual,0.0,0
23,94,0.8420889318172384,0.23101946902900938,48.89399762044619,217,gradual,0.0,0
23,95,0.8301524785826624,0.2532478172197995,49.481201531543675,216,gradual,0.0,0
23,96,0.5301341589944437,0.21305384201073463,45.37279321515904,215,gradual,0.0,0
23,97,0.8324222659040817,0.32220443861924714,50.007506266248235,214,gradual,0.0,0
23,98,0.91857675811198,0.2856207934163879,50.15804482076538,213,gradual,0.0,0
23,99,0.8932349933928116,0.2648769271657551,50.03580231598589,212,gradual,0.0,0
23,100,0.7830250130029043,0.20238479435235726,47.548587520616486,211,gradual,0.0,0
23,101,0.7245604623274295,0.25421871557987397,47.39485150737758,210,gradual,0.0,0
23,102,1.1036034344467078,0.2451695039013922,52.61477817760821,209,gradual,0.0,0
23,103,0.9280532547234372,0.24922381994352347,50.922836461888416,208,gradual,0.0,0
23,104,0.8493893462576012,0.22019187735793552,49.54488707007734,207,gradual,0.0,0
23,105,0.7355129269105082,0.2918833925950312,47.99096663548183,206,gradual,0.0,0
23,106,0.9141991916892114,0.3255160620234994,50.49690403706683,205,gradual,0.0,0
23,107,0.9215937397587427,0.2568599877900631,49.99736100963001,204,gradual,0.0,0
23,108,0.9466112835452489,0.2721756048910766,49.251436430344896,203,gradual,0.0,0
23,109,0.8914347402801994,0.3290403729221023,48.03683258330936,202,gradual,0.0,0
23,110,0.7831589062357064,0.2922833965827276,48.74826085197838,201,gradual,0.0,0
23,111,0.8561503330560695,,48.007505507200904,200,gradual,0.0,0
23,112,0.6861284195651962,0.25072243349216927,48.785936548415926,199,gradual,0.0,0
23,113,0.870440969081431,0.2478524991038889,50.50763715135594,198,gradual,0.0,0
23,114,0.8202787699797089,0.24034774399002096,,197,gradual,0.0,0
23,115,0.6348404273879803,0.1945757574514065,45.807593059779634,196,gradual,0.0,0
23,116,0.6354740369352284,0.24807108216767698,45.96321206966665,195,gradual,0.0,0
23,117,0.6935592290515622,0.31057536098261584,46.31974353234463,194,gradual,0.0,0
23,118,0.8015664172916194,0.2562032817903991,49.032325660541424,193,gradual,0.0,0
23,119,0.6747020501123541,0.18965733069453555,49.03769299524899,192,gradual,0.0,0
23,120,0.7770145610423649,0.3166953252479594,,191,gradual,0.0,0
23,121,0.5091187678216971,0.21724379662916896,,190,gradual,0.0,0
23,122,0.6476064801053306,0.21913766999425277,45.41620476255052,189,gradual,0.0,0
23,123,0.7265083909998863,0.2845525926264155,48.89040196428665,188,gradual,0.0,0
23,124,0.7532600722255958,0.23607325460644282,48.548047789028814,187,gradual,0.0,0
23,125,0.5050589870537092,0.25600966406860376,45.13163477205448,186,gradual,0.0,0
23,126,0.735540250784371,0.2748036558511261,46.831669653213865,185,gradual,0.0,0
23,127,0.7035876312744983,0.20103624551465343,,184,gradual,0.0,0
23,128,0.5108876950757304,0.19690553629518612,46.80574193965347,183,gradual,0.0,0
23,129,0.5905803022013371,0.264414049586286,45.46372580302725,182,gradual,0.0,0
23,130,0.6621508388945477,0.2699059680854178,47.101832213562716,181,gradual,0.0,0
23,131,0.6797563691099499,0.2122075387509527,47.975391580421274,180,gradual,0.0,0
23,132,0.4172098745918895,0.2305181532827037,43.52155683965252,179,gradual,0.0,0
23,133,0.6630197728627152,0.239721424067092,46.082010386117304,178,gradual,0.0,0
23,134,0.4800788235556826,0.17729063495080322,45.275941653305594,177,gradual,0.0,0
23,135,0.5290118823921189,0.27919359291556195,45.44425373835292,176,gradual,0.0,0
23,136,0.6806520327038211,0.25436832540339455,49.53115610939558,175,gradual,0.0,0
23,137,0.3171517621663615,0.21156360710061303,44.09362739659466,174,gradual,0.0,0
23,138,0.5975457572238346,0.2351352330315192,46.301105019006386,173,gradual,0.0,0
23,139,0.5980905706884263,0.20976861465616792,46.54622198340397,172,gradual,0.0,0
23,140,0.5583871086750553,0.24412506905312076,46.20809891320077,171,gradual,0.0,0
23,141,0.6639394581109117,0.2476229051520074,46.17324568967966,170,gradual,0.0,0
23,142,0.5911234192597633,0.23071201807925282,46.65812979811782,169,gradual,0.0,0
23,143,0.7030437787764284,0.20156845223924663,47.149550722258184,168,gradual,0.0,0
23,144,0.45398334555536485,0.2530487729003684,44.66902253676086,167,gradual,0.0,0
23,145,0.5524820622966328,0.1687246215049169,45.38331287306214,166,gradual,0.0,0
23,146,0.6644046240923114,0.20732657916313463,49.00556199623916,165,gradual,0.0,0
23,147,0.5628186546004292,0.2421087882565497,47.225829535997086,164,gradual,0.0,0
23,148,0.6870215414657539,0.26680029312426357,48.88879343443714,163,gradual,0.0,0
23,149,0.6621702437386958,,46.08341243054212,162,gradual,0.0,0
23,150,0.5405103723516119,0.20912281644768274,44.40751681663254,161,gradual,0.0,0
23,151,0.6206977251295435,,46.6340893962035,160,gradual,0.0,0
23,152,0.4743044232871727,0.18786763689068448,42.25822674031796,159,gradual,0.0,0
23,153,0.6692562090932543,0.2566722901370539,47.15609707885371,158,gradual,0.0,0
23,154,0.7161675952363268,0.2538980889496236,45.93288646434888,157,gradual,0.0,0
23,155,0.5424354443931091,0.21700526673384005,46.76274573707223,156,gradual,0.0,0
23,156,0.6874604793875401,0.21934586416103943,47.018028931119794,155,gradual,0.0,0
23,157,0.5710651005345911,0.24289529132667453,45.855985299133735,154,gradual,0.0,0
23,158,0.4241168307817609,0.2768326559197281,45.40645949254459,153,gradual,0.0,0
23,159,0.6855861215005129,0.23721616802857265,46.143110550552805,152,gradual,0.0,0
23,160,0.6611514034152004,0.17935769670337673,46.61116235406499,151,gradual,0.0,0
23,161,0.5437321412421332,0.2581248923458521,45.18149877847277,150,gradual,0.0,0
23,162,0.6429182665090093,0.21391101124867365,46.217553536441216,149,gradual,0.0,0
23,163,0.6951785052625175,,47.9175407872382,148,gradual,0.0,0
23,164,0.8366231687389073,0.27485162199941343,48.974608668482986,147,gradual,0.0,0
23,165,0.7330317376090559,0.25461388670413854,47.357331057225,146,gradual,0.0,0
23,166,0.8676662316442423,0.25833164581842416,48.68592750042563,145,gradual,0.0,0
23,167,0.7145609564327505,,46.819562767499924,144,gradual,0.0,0
23,168,0.7095213977300391,0.31315946321012045,48.0903394243886,143,gradual,0.0,0
23,169,0.8145622955732695,0.25213616215572143,51.00700878614523,142,gradual,0.0,0
23,170,0.7315300747647132,0.31116657258686276,47.60168935043085,141,gradual,0.0,0
23,171,0.8073070139256396,,48.68518272956117,140,gradual,0.0,0
23,172,0.8485035428585527,0.23933265144770982,49.422738502399014,139,gradual,0.0,0
23,173,0.9873235378128524,0.29408027582951773,52.00422706031338,138,gradual,0.0,0
23,174,0.7658788246607985,0.2694993533195651,47.84766918850465,137,gradual,0.0,0
23,175,0.867056367112908,0.2214144660409087,48.32444834947688,136,gradual,0.0,0
23,176,0.76433726169015,0.27620662387012446,47.826166896698275,135,gradual,0.0,0
23,177,0.867415527250761,0.2654352547218159,49.07510241509692,134,gradual,0.0,0
23,178,0.7781211179666564,0.25535158896922383,49.94915388772288,133,gradual,0.0,0
23,179,0.9564910337259502,0.2845635696404729,48.11053875760932,132,gradual,7.432692326067557e-06,0
23,180,0.9863826777785923,0.25107697269460366,51.24755975562587,131,gradual,0.00011255714727715073,0
23,181,0.839268341906543,0.32370706762034185,48.66694768313481,130,gradual,0.0003390301961594785,0
23,182,0.7667941921718346,0.25748644603884085,45.754636296631844,129,gradual,0.0006851180540355658,0
23,183,0.9004468483857169,0.24094787607661727,48.78486700249816,128,gradual,0.0011497733473680544,0
23,184,0.9358845512118553,0.2905896365540802,50.82788799788316,127,gradual,0.0017322396290433437,0
23,185,0.9512066269377165,0.27659319910947816,50.410110833870284,126,gradual,0.002431924266341303,0
23,186,0.8736164730561243,0.2735809868044522,47.09992343500647,125,gradual,0.0032483401170863824,0
23,187,0.7657419916756698,0.26321096400888405,48.18553637161769,124,gradual,0.004181073737508329,0
23,188,0.9451275890266359,0.2542014388113093,50.27460197870425,123,gradual,0.005229766102191728,0
23,189,0.7608036137987998,0.2956426930233711,46.788042243046284,122,gradual,0.00639410001901817,0
23,190,0.7662643026008279,0.29505641856265724,49.078325056773956,121,gradual,0.007673791456836489,0
23,191,0.5790484705700658,0.27874290882753244,46.62807090023222,120,gradual,0.009068583314864046,0
23,192,0.7606176875288228,0.2449758725697586,49.121564405498894,119,gradual,0.01057824079541817,0
23,193,0.92218543580331,0.29422049628938535,50.82555272724823,118,gradual,0.012202547873240151,0
23,194,0.642270346958669,0.23373895665681776,47.10585684421019,117,gradual,0.013941304540311589,0
23,195,0.8917140693727973,0.2935896267982557,48.94251650062735,116,gradual,0.015794324614613407,0
23,196,0.773417722820703,0.3461769675646901,48.913944664795345,115,gradual,0.017761433968821343,0
23,197,0.7587038423094212,0.22166141014852592,48.95098749351608,114,gradual,0.019842469078141245,0
23,198,0.6789650410039213,0.240719727543958,46.0671167657694,113,gradual,0.022037275815015866,0
23,199,0.6824793301236742,0.28518301500570115,47.11058008971999,112,gradual,0.024345708437791647,0
23,200,0.69313457720814,,47.553725027558094,111,gradual,0.02676762873388512,0
23,201,0.6273065631846485,,47.93456689047749,110,gradual,0.029302905287534497,0
23,202,0.5026396485238699,0.268463832415492,45.746322820858374,109,gradual,0.031951412849125435,0
23,203,0.6823709246049662,0.2863936009062194,47.79462992097183,108,gradual,0.034713031788155435,0
23,204,0.6524235073834774,0.31842068383861255,45.85556198722026,107,gradual,0.037587647615691146,0
23,205,0.6615635922710618,0.2579570355710645,48.62516597957998,106,gradual,0.04057515056504021,0
23,206,0.6719651986281175,0.21824255926071087,45.33808941334528,105,gradual,0.04367543522155692,0
23,207,0.65036450822324,0.31253825651238,48.57506664688872,104,gradual,0.04688840019420414,0
23,208,0.469293983687357,0.3164372263832217,46.723898688025486,103,gradual,0.05021394782282739,0
23,209,0.7890969353372085,0.28623258359524784,,102,gradual,0.053651983916151946,0
23,210,0.5513096321777109,0.27930368157374064,47.081162866881925,101,gradual,0.057202417516354735,0
23,211,0.4281355732859922,0.25864138369443107,42.895449511590954,100,gradual,0.06086516068673994,0
23,212,0.8811959869880808,0.3145658964147548,51.11858184079407,99,gradual,0.06464012831959533,0
23,213,0.4488215735612553,0.2581921676447433,43.32258843611309,98,gradual,0.06852723796175406,0
23,214,0.5280790661068779,0.2905739134917075,46.740717626682496,97,gradual,0.07252640965575476,0
23,215,0.5670303884309622,0.278007039839781,47.36727037173613,96,gradual,0.07663756579479684,0
23,216,0.614757240257756,0.2887872253496645,47.77520828128705,95,gradual,0.08086063098994092,0
23,217,0.6375759246568931,0.3497099539907041,47.8995438214299,94,gradual,0.08519553194821584,0
23,218,0.6202250914848788,0.3089833516221763,48.06326819123447,93,gradual,0.08964219736047155,0
23,219,0.43134420103395327,0.2682747357143231,45.25743290851224,92,gradual,0.0942005577979678,0
23,220,0.497073073643846,0.3849169461344613,47.80775927612456,91,gradual,0.09887054561681541,0
23,221,0.5278446339629412,0.3641096030020887,45.98030491983233,90,gradual,0.10365209486949624,0
23,222,0.44294690912606466,0.26167648726371995,46.273167466698446,89,gradual,0.10854514122278058,0
23,223,0.6054757860283921,0.3466663827170499,48.19109350942685,88,gradual,0.11354962188144048,0
23,224,0.48807512084870674,0.29903454788451217,48.2566904732288,87,gradual,0.11866547551722732,0
23,225,0.5592837852540553,0.286012658489476,47.600381809913195,86,gradual,0.12389264220264058,0
23,226,0.6701664813175278,0.3585540391312172,47.865218380026924,85,gradual,0.12923106334906706,0
23,227,0.6210578881396669,0.2855491493096661,48.86508687445447,84,gradual,0.13468068164891522,0
23,228,0.6520927433232051,0.3360612527186744,49.859286486319164,83,gradual,0.14024144102140798,0
23,229,0.5139786378726853,0.28989421106175955,47.60973967859818,82,gradual,0.14591328656173297,0
23,230,0.6734855157009811,0.3780827104777663,47.60541283380783,81,gradual,0.1516961644932787,0
23,231,0.573861673058359,0.33135809766952945,47.05796612232443,80,gradual,0.1575900221227125,0
23,232,0.5779770544057379,0.32857026072247864,47.257214948808816,79,gradual,0.16359480779767954,0
23,233,0.6182377786442049,0.3833336726608495,50.312503852931336,78,gradual,0.16971047086692295,0
23,234,0.5272610704111362,0.37228099946115556,46.7033984626907,77,gradual,0.17593696164264477,0
23,235,0.6570557188849531,0.3941927535468366,48.18319247804404,76,gradual,0.18227423136494242,0
23,236,0.6702972494438,0.3931500893734718,48.93962886564454,75,gradual,0.18872223216817177,0
23,237,0.6820379414480048,0.3646449101552652,49.367944504301626,74,gradual,0.19528091704909972,0
23,238,0.47960422703119726,0.365907006766377,46.29110905910075,73,gradual,0.20195023983672247,0
23,239,0.6081857158282601,,49.5001119103021,72,gradual,0.20873015516363505,0
23,240,0.6799825805549794,0.37207206018449296,51.669319253346835,71,gradual,0.2156206184388478,0
23,241,0.6549405568762587,0.40875391518818177,47.64153103748212,70,gradual,0.22262158582195446,0
23,242,0.6683841014373127,0.4076364559016337,50.246091642147164,69,gradual,0.22973301419856332,0
23,243,0.6492192055916803,0.4125249666591231,49.94115838995345,68,gradual,0.23695486115691106,0
23,244,0.8261492781272264,0.4442457107318767,51.409236152559146,67,gradual,0.24428708496558438,0
23,245,0.5480444714041864,0.41656171168138306,48.42416584297355,66,gradual,0.25172964455228086,0
23,246,0.8592283982540271,0.4765089000886326,51.992108050989955,65,gradual,0.25928249948354554,0
23,247,0.6614288923141958,0.4251509099762867,50.675681984070344,64,gradual,0.266945609945424,0
23,248,0.6684572106460575,0.4297928112525145,49.75996415273222,63,gradual,0.2747189367249783,0
23,249,0.8042306223304149,0.4665866498239163,53.56237253955245,62,gradual,0.2826024411926151,0
23,250,0.648178791308192,0.46298012297899316,51.06851941269804,61,gradual,0.2905960852851781,0
23,251,0.8188269800253825,0.5200189916297141,53.92475137811227,60,gradual,0.29869983148976387,0
23,252,0.8903358332645737,0.4587366504116504,53.66612611912712,59,gradual,0.30691364282821737,0
23,253,0.7595402001035505,,53.2418785645508,58,gradual,0.3152374828422726,0
23,254,0.7546346446513218,0.4635520715147265,53.054731097310686,57,gradual,0.32367131557930073,0
23,255,0.9955006274776119,0.48704275052772267,55.538778541211826,56,gradual,0.3322151055786346,0
23,256,0.8219910451493965,0.5216390558312008,54.412532963002434,55,gradual,0.3408688178584388,0
23,257,0.943814088189996,0.5191734612827329,56.63207191579779,54,gradual,0.3496324179030964,0
23,258,0.8302481986495346,0.540301300596499,54.978248977609326,53,gradual,0.3585058716510852,0
23,259,0.9004486820182591,0.5316017119154116,57.25305762944857,52,gradual,0.3674891454833198,0
23,260,0.856664068016018,0.5029699846870477,55.58911162536288,51,gradual,0.3765822062119346,0
23,261,0.9049692958922895,0.4683949427188555,55.47005831676009,50,gradual,0.385785021069487,0
23,262,0.9204646014713196,0.5684752192776235,54.07946150918952,49,gradual,0.3950975576985594,0
23,263,0.8544180358885609,0.5152784260415613,54.072584596302576,48,gradual,0.4045197841417403,0
23,264,0.9114167880345203,0.5845695832598755,57.446344491604385,47,gradual,0.4140516688319673,0
23,265,0.9046447471406687,0.5580177541285491,55.31348881253278,46,gradual,0.42369318058321453,0
23,266,0.9400723748803597,0.6051265481055556,57.816065415867335,45,gradual,0.4334442885815075,0
23,267,0.8217608485149096,0.516744721023385,55.91455476860023,44,gradual,0.44330496237625144,0
23,268,0.892657583606274,0.5669573954521666,56.60395583861121,43,gradual,0.4532751718718578,0
23,269,0.7901275259929826,0.548475662620907,55.658569215254964,42,gradual,0.463354887319656,0
23,270,0.9522984892164146,0.6118080487688133,58.5311693997676,41,gradual,0.47354407931007747,0
23,271,0.6901921742314181,0.5623019451296991,55.92631813760542,40,gradual,0.4838427187651,0
23,272,0.6130841164430931,0.603500591343357,54.8359091450974,39,gradual,0.49425077693094005,0
23,273,0.9115399560282393,0.6133371931401139,58.74811266921021,38,gradual,0.5047682253709844,0
23,274,0.8029567714286299,0.6306857576641081,56.30687309426527,37,gradual,0.5153950359589488,0
23,275,0.7082411051040589,0.5975109682562701,54.91610026304459,36,gradual,0.5261311808722545,0
23,276,0.7884568616169827,0.5968815749337417,56.56688297179458,35,gradual,0.5369766325856149,0
23,277,0.5958756577579173,0.597792972913175,54.48073490930805,34,gradual,0.547931363864821,0
23,278,0.786430633746236,0.5929660138871022,57.97604277423517,33,gradual,0.5589953477607205,0
23,279,0.5824547002837447,0.6045541955787849,54.895349416262434,32,gradual,0.5701685576033795,0
23,280,0.525575616336004,0.6003384460766832,54.80743794407654,31,gradual,0.5814509669964223,0
23,281,0.7078734487887541,0.6190622350516327,56.90281953734977,30,gradual,0.5928425498115408,0
23,282,0.5451494651834682,0.6777307360733456,54.397302335435924,29,gradual,0.6043432801831661,0
23,283,0.4991572797629123,0.5918918258686776,56.287775766601264,28,gradual,0.6159531325032972,0
23,284,0.6323192186598379,0.6958579641016706,56.24898282577651,27,gradual,0.6276720814164812,0
23,285,0.7311359660728101,0.6640292013445204,59.475083817805036,26,gradual,0.639500101814937,0
23,286,0.6882479791891706,0.6892292167277689,55.38505071429832,25,gradual,0.6514371688338187,0
23,287,0.43481529804772034,0.6420864383008067,56.200231878415224,24,gradual,0.6634832578466138,0
23,288,0.5684150947381298,0.6918874579586024,57.54350130621469,23,gradual,0.6756383444606693,0
23,289,0.4701297037199723,0.6839522159905176,57.275553843986586,22,gradual,0.6879024045128429,0
23,290,0.5750373249263606,0.6765727451019522,58.00843007636417,21,gradual,0.7002754140652743,0
23,291,0.4994197777881961,0.7209733898391633,56.65143070082552,20,gradual,0.71275734940127,1
23,292,0.7145397874788866,0.7901672319126696,58.692904274418034,19,gradual,0.7253481870213019,1
23,293,0.6600003250747201,0.7065734544528164,58.607040702474606,18,gradual,0.738047903639111,1
23,294,0.45101429184817843,0.711499102042384,54.583668582987166,17,gradual,0.7508564761779162,1
23,295,0.6324845967069543,0.7767821593073727,58.550662933099495,16,gradual,0.7637738817667217,1
23,296,0.6164127178534633,0.7501545506633992,58.43055696144605,15,gradual,0.7768000977367217,1
23,297,0.5764311070959549,0.721131702015888,58.296077553440405,14,gradual,0.7899351016177975,1
23,298,0.6497316961631127,0.7960877017286283,60.1059826233385,13,gradual,0.8031788711351046,1
23,299,0.42340276119447307,0.7937209170292658,59.39056165601543,12,gradual,0.816531384205748,1
23,300,0.36527371811029563,0.7574653790939063,58.34224710966056,11,gradual,0.8299926189355387,1
23,301,0.53342396990475,0.8047883442072545,57.09130881787797,10,gradual,0.8435625536158334,1
23,302,0.7253511762670724,0.7975298960295659,63.880273891313074,9,gradual,0.8572411667204529,1
23,303,0.4058276444443535,0.7835297986151639,58.314063018923015,8,gradual,0.8710284369026743,1
23,304,0.5172740019380925,0.8011867172033444,60.056225015776,7,gradual,0.8849243429922992,1
23,305,0.5470213398541551,0.839817686824254,59.615388773509814,6,gradual,0.8989288639927904,1
23,306,0.6289731144095625,0.8711434912952652,60.44209775909892,5,gradual,0.91304197907848,1
23,307,0.45493906071433443,0.8076499956087041,60.881734912517096,4,gradual,0.9272636675918415,1
23,308,0.6462446429586439,0.8863304864998712,62.51396459005214,3,gradual,0.9415939090408286,1
23,309,0.4972346758919887,0.833398762695728,60.86244985840218,2,gradual,0.9560326830962754,1
23,310,0.70504012195754,0.8953620595877463,64.50219178885096,1,gradual,0.9705799695893564,1
23,311,0.6698268355074879,0.8757296957955292,63.94606612217117,0,gradual,0.9852357485091072,1
24,0,0.6248221403263463,0.3540133035744826,48.1669213926521,329,abrupt,0.0,0
24,1,0.7221861505370423,0.38677820983390754,48.93370020521545,328,abrupt,0.0,0
24,2,0.7682888494677408,0.39600740904115117,51.14996640172566,327,abrupt,0.0,0
24,3,0.6784284067002402,,49.053374824755764,326,abrupt,0.0,0
24,4,0.9213185174098504,0.4524042888232588,51.05717750371856,325,abrupt,0.0,0
24,5,0.8165114477650481,0.4473593308928441,52.24554503999638,324,abrupt,0.0,0
24,6,0.7169649597911496,0.4214571716270693,50.147508068659086,323,abrupt,0.0,0
24,7,0.5438497099604055,0.3244886301399592,46.549338159254326,322,abrupt,0.0,0
24,8,0.8384079537749476,0.35084974561722837,51.700995443813405,321,abrupt,0.0,0
24,9,0.7236103314076994,,48.75784734397993,320,abrupt,0.0,0
24,10,0.9049589783127432,0.4308207515300836,52.79729453554599,319,abrupt,0.0,0
24,11,0.7331039564831141,0.37562661739320197,50.30962485582509,318,abrupt,0.0,0
24,12,0.9666460975205451,0.4187754603983749,51.68672604679676,317,abrupt,0.0,0
24,13,0.7438246065014082,0.4051402876222626,50.78556346244709,316,abrupt,0.0,0
24,14,0.7203739979377055,0.35439368451508063,49.064392411100464,315,abrupt,0.0,0
24,15,0.7572557523234594,0.32950336318633633,50.158498451070386,314,abrupt,0.0,0
24,16,0.7419051939753922,0.378233380491306,49.715939730205136,313,abrupt,0.0,0
24,17,0.6958576017223512,0.39318409873295385,49.89307524815489,312,abrupt,0.0,0
24,18,0.8634442901813429,0.3821513529174803,51.911143638393256,311,abrupt,0.0,0
24,19,0.6892670641322428,0.32684524494782485,50.93371160559615,310,abrupt,0.0,0
24,20,0.9369747909080253,0.375864404588111,53.08773241655812,309,abrupt,0.0,0
24,21,0.8687427625831362,0.44993620142178525,52.247311402108224,308,abrupt,0.0,0
24,22,0.8029117198214284,0.3596744785170031,49.97124485971423,307,abrupt,0.0,0
24,23,0.8321174451747801,0.41982853750339844,51.12825393991196,306,abrupt,0.0,0
24,24,0.6752482904950295,0.3238846674661868,49.1361854694648,305,abrupt,0.0,0
24,25,0.7979106534018767,0.39698739528631855,50.05869636443568,304,abrupt,0.0,0
24,26,0.8949358989641931,0.43210802016995714,52.37552604598229,303,abrupt,0.0,0
24,27,0.9194411450512437,0.3501446069534456,52.97039681329073,302,abrupt,0.0,0
24,28,0.7833757323062674,0.3917595263192581,51.342211973613544,301,abrupt,0.0,0
24,29,0.8228642576543568,0.359614002842894,50.43532134342736,300,abrupt,0.0,0
24,30,0.7158177786201474,0.35210893934368764,52.269843481708094,299,abrupt,0.0,0
24,31,0.7887390392988842,0.36763822297300697,49.32798702147843,298,abrupt,0.0,0
24,32,0.835074727246945,0.36647191557354997,50.992592063346144,297,abrupt,0.0,0
24,33,0.742331102523141,0.33641034314895485,50.953252766654266,296,abrupt,0.0,0
24,34,0.7982082255464447,0.37446238001270366,52.24560881827834,295,abrupt,0.0,0
24,35,0.5857521943817565,0.36777913761196074,48.7967213146372,294,abrupt,0.0,0
24,36,0.8262022092516814,0.39352128793127383,51.577988073080945,293,abrupt,0.0,0
24,37,0.7400530782241652,0.38067542775633717,50.54444085405394,292,abrupt,0.0,0
24,38,0.7932174804545372,0.42411241376564823,51.57404061000607,291,abrupt,0.0,0
24,39,0.6030088794336108,0.3596475576356709,48.061559465014,290,abrupt,0.0,0
24,40,0.6483971350109778,0.33897567944076074,48.17611223153446,289,abrupt,0.0,0
24,41,0.629200265724239,0.3415693367545064,45.97250097392552,288,abrupt,0.0,0
24,42,0.8365536589370177,0.43330663721818136,51.03805551209469,287,abrupt,0.0,0
24,43,0.6961016720504355,0.3721718118124266,48.017739349116944,286,abrupt,0.0,0
24,44,0.5925339903153296,0.3559623534803021,48.39554371402501,285,abrupt,0.0,0
24,45,0.6450570754027614,0.36527916130161114,48.98699043289076,284,abrupt,0.0,0
24,46,0.685112226286982,0.32764307775969553,48.866237343505546,283,abrupt,0.0,0
24,47,0.46802455862290865,0.32139152482367106,48.182219353885415,282,abrupt,0.0,0
24,48,0.6686312536330273,0.4039887525108479,48.06351064734769,281,abrupt,0.0,0
24,49,0.6331998303434285,0.3212606427603335,48.12367021500643,280,abrupt,0.0,0
24,50,0.705614407827192,0.3696443910806135,49.749290928174936,279,abrupt,0.0,0
24,51,0.4901838516333399,0.29561865377692026,45.60517390897889,278,abrupt,0.0,0
24,52,0.41864072217246606,0.3057703312793542,46.231293564731615,277,abrupt,0.0,0
24,53,0.5870798419310282,0.37008416427205626,47.36524732341621,276,abrupt,0.0,0
24,54,0.5413313454861816,0.37980317393167645,46.37416874664883,275,abrupt,0.0,0
24,55,0.5247610142523842,0.32279469947830125,48.056626790996766,274,abrupt,0.0,0
24,56,0.4254331259651104,0.29286052271395263,46.270159373570046,273,abrupt,0.0,0
24,57,0.6452636633684957,0.31814289807931045,49.33853292417749,272,abrupt,0.0,0
24,58,0.6354610515331852,0.35644614747632614,47.58681778692121,271,abrupt,0.0,0
24,59,0.48168146048189764,0.34997378699499554,48.432065740343226,270,abrupt,0.0,0
24,60,0.62432265568435,0.35295258708988214,49.131505449805346,269,abrupt,0.0,0
24,61,0.500468253516296,0.34822099316488236,46.593146828138856,268,abrupt,0.0,0
24,62,0.6252719183040151,0.31524168332946284,51.03866886915,267,abrupt,0.0,0
24,63,0.42676723660796784,0.2804796497680813,45.14566117021944,266,abrupt,0.0,0
24,64,0.47623360903525136,0.2676308061605993,46.15363702123495,265,abrupt,0.0,0
24,65,0.49133251761393204,0.333057611416758,45.09886025539507,264,abrupt,0.0,0
24,66,0.674661402130833,0.35583127091358896,50.25122958559964,263,abrupt,0.0,0
24,67,0.7741254282863517,0.4714694311643658,52.12662941491907,262,abrupt,0.0,0
24,68,0.5993455767292462,0.382416230513698,49.31640446683045,261,abrupt,0.0,0
24,69,0.6460534055759521,0.32075011920207447,49.56573830130252,260,abrupt,0.0,0
24,70,0.5028573587581605,0.3208600284873042,,259,abrupt,0.0,0
24,71,0.7005200777147831,0.34577080973242075,49.55666888888192,258,abrupt,0.0,0
24,72,0.7420746921376493,0.3600557444765468,50.546270067256195,257,abrupt,0.0,0
24,73,0.6053707407475251,0.3917029404855888,48.51464030970162,256,abrupt,0.0,0
24,74,0.5880180400672476,0.36717480715312,47.579057322319585,255,abrupt,0.0,0
24,75,0.3671182320971284,0.28297703174935235,46.723521865921974,254,abrupt,0.0,0
24,76,0.7232187206889005,0.3731412074249631,49.155452695096834,253,abrupt,0.0,0
24,77,0.6052061248915248,0.37292711838174364,48.150495573360566,252,abrupt,0.0,0
24,78,0.8560605958563479,0.4332156563579602,52.93738180134574,251,abrupt,0.0,0
24,79,0.6810131579236468,0.35166533712977716,49.40294247011498,250,abrupt,0.0,0
24,80,0.8382211526164947,0.40305697220950865,52.205704915555245,249,abrupt,0.0,0
24,81,0.8068527064991544,0.3698239051219477,50.325993453134984,248,abrupt,0.0,0
24,82,0.9471347256624825,0.39772727802923513,52.91613454101426,247,abrupt,0.0,0
24,83,0.7319695209908109,0.40209518380372666,50.69679287493512,246,abrupt,0.0,0
24,84,0.8499331695185806,0.4179100096797504,50.92929096670679,245,abrupt,0.0,0
24,85,0.8145544608459915,0.379021951339292,50.52361393114436,244,abrupt,0.0,0
24,86,0.9872582108333167,0.44512381281537605,52.87486864836321,243,abrupt,0.0,0
24,87,0.7754924722097507,0.35641335397843543,52.24054719102898,242,abrupt,0.0,0
24,88,0.8969204862570371,0.41620835866899075,52.59666112904709,241,abrupt,0.0,0
24,89,0.8947811445216864,0.4157517778840609,53.41201901545993,240,abrupt,0.0,0
24,90,0.9447177719861256,0.4357164638249995,52.53282498339235,239,abrupt,0.0,0
24,91,0.8665307142860073,0.4193920744384064,50.54598581822701,238,abrupt,0.0,0
24,92,1.05469245961943,0.4469176287751178,52.77616637240445,237,abrupt,0.0,0
24,93,0.8227468606604211,0.36480071735224273,50.324833275828034,236,abrupt,0.0,0
24,94,0.7806353307100218,0.4092728040437309,49.55109308041687,235,abrupt,0.0,0
24,95,0.9849179072906955,0.4420063692842626,53.7146366965312,234,abrupt,0.0,0
24,96,0.9890890123707352,0.4107604006157241,53.25464216662212,233,abrupt,0.0,0
24,97,1.0024419900280876,0.4337062083850133,55.16803775124416,232,abrupt,0.0,0
24,98,0.9279237134197268,0.4328826483930378,51.3924478435587,231,abrupt,0.0,0
24,99,0.7374110874121129,0.40498407412779336,51.19153454039425,230,abrupt,0.0,0
24,100,0.8602322226223287,0.40460275828844094,51.01706445257915,229,abrupt,0.0,0
24,101,0.8252557048848708,0.38071438900920984,50.803489746438835,228,abrupt,0.0,0
24,102,0.7908628055943125,0.43280939993542006,50.142187240088866,227,abrupt,0.0,0
24,103,0.9473813904542029,0.48053011949732566,51.47677967251806,226,abrupt,0.0,0
24,104,0.974274146461695,0.500750926211572,52.411749471933625,225,abrupt,0.0,0
24,105,0.8399679112599896,0.36219273565026183,50.8516458015772,224,abrupt,0.0,0
24,106,0.8709810530709448,0.3994286955404401,52.293261219558936,223,abrupt,0.0,0
24,107,0.9996581487495645,0.43854330498648864,53.780096788054166,222,abrupt,0.0,0
24,108,0.7075420883602328,0.36667486208880745,51.15579605417054,221,abrupt,0.0,0
24,109,0.8199704757685137,0.3900931464343379,50.99685671608771,220,abrupt,0.0,0
24,110,0.9598267010773982,0.449634208369109,51.30727397656382,219,abrupt,0.0,0
24,111,0.6142576634812893,0.38277922169084005,48.05860156312052,218,abrupt,0.0,0
24,112,0.6711647331231417,0.3558165478823707,49.2572324439422,217,abrupt,0.0,0
24,113,0.8715807195691169,0.4313696224758436,52.37868588231827,216,abrupt,0.0,0
24,114,0.7745123802803864,0.39063190445490364,50.230417104093,215,abrupt,0.0,0
24,115,0.6865587271878579,0.3920491376711128,50.085590082850274,214,abrupt,0.0,0
24,116,0.6693009729381458,0.375578559194327,49.95804083036813,213,abrupt,0.0,0
24,117,0.7432270957428548,0.4063058506486518,49.647149835452566,212,abrupt,0.0,0
24,118,0.6436576464163275,0.3208466451512732,47.95957153594078,211,abrupt,0.0,0
24,119,0.6173552792214607,0.3024421054451276,51.47992667287198,210,abrupt,0.0,0
24,120,0.6833264650444593,0.4101872321295726,49.41509909557118,209,abrupt,0.0,0
24,121,0.6869113914418308,0.37544646186635866,50.64110445430479,208,abrupt,0.0,0
24,122,0.7092212814121567,0.32889301213248395,51.03400885779367,207,abrupt,0.0,0
24,123,0.6265148514954305,0.33747976926625284,50.26358433102125,206,abrupt,0.0,0
24,124,0.6009469091366365,0.3425902060791185,49.35737917822721,205,abrupt,0.0,0
24,125,0.7611900551872448,0.3429360763700211,52.03167245637485,204,abrupt,0.0,0
24,126,0.5541659070074818,0.37988863890814256,46.27265688998449,203,abrupt,0.0,0
24,127,0.556229987295937,0.36010707669174963,47.73668765179227,202,abrupt,0.0,0
24,128,0.6572272486509334,0.39611998282149286,49.04671187946825,201,abrupt,0.0,0
24,129,0.6683984149753082,0.33128599046335944,50.19514830527651,200,abrupt,0.0,0
24,130,0.4153348450271276,0.29364956620168237,47.48732594700968,199,abrupt,0.0,0
24,131,0.5184920666346803,0.352671738790248,47.47505084542963,198,abrupt,0.0,0
24,132,0.695184838025505,0.4450316353602813,51.26248897633069,197,abrupt,0.0,0
24,133,0.6255801701934685,0.3604561946334166,49.06563395443308,196,abrupt,0.0,0
24,134,0.580917504553907,0.34675263191517863,47.18467712484266,195,abrupt,0.0,0
24,135,0.6043355994966889,0.4207566971780994,48.793557344918774,194,abrupt,0.0,0
24,136,0.4800435774341236,0.334669698994877,47.14791410269142,193,abrupt,0.0,0
24,137,0.5639320391719463,0.3954319280311425,49.374812978644925,192,abrupt,0.0,0
24,138,0.4212738757771197,0.2709529907427455,48.12004399967108,191,abrupt,0.0,0
24,139,0.5448948381099755,0.28888655715559775,48.907345829598945,190,abrupt,0.0,0
24,140,0.5769483792306007,0.34199227615087835,46.430966052366244,189,abrupt,0.0,0
24,141,0.5908336544948807,0.3421999638281114,48.75891542677505,188,abrupt,0.0,0
24,142,0.3,0.293921967186542,43.51908804500962,187,abrupt,0.0,0
24,143,0.5602413206792601,0.3465311473568616,49.6411173574071,186,abrupt,0.0,0
24,144,0.6073158745841466,0.30683749217347256,47.58663924187901,185,abrupt,0.0,0
24,145,0.5202542169467218,0.3213398174099192,46.73290413185041,184,abrupt,0.0,0
24,146,0.5324587432571325,0.31430274239156053,47.49783098862121,183,abrupt,0.0,0
24,147,0.7608505480257934,0.3646461976738041,48.69332294054371,182,abrupt,0.0,0
24,148,0.5678906408175967,0.3525839645859323,47.29371036798621,181,abrupt,0.0,0
24,149,0.6931769462499773,0.3608184726320326,49.29992558397244,180,abrupt,0.0,0
24,150,0.6688748516570239,0.2901017882347967,49.76197899906004,179,abrupt,0.0,0
24,151,0.5902738665733085,0.36880386735920506,,178,abrupt,0.0,0
24,152,0.653026610427316,0.40337486772402104,49.378439999116395,177,abrupt,0.0,0
24,153,0.5942488642798626,0.3408805007502319,49.82204208564001,176,abrupt,0.0,0
24,154,0.5827272658746431,0.35277039699243734,48.86860114590601,175,abrupt,0.0,0
24,155,0.7807809859133006,0.4440201804870303,50.42290114911213,174,abrupt,0.0,0
24,156,0.6590244533735238,0.364418034270763,,173,abrupt,0.0,0
24,157,0.8090337365188545,0.35835411276103607,51.57380945814379,172,abrupt,0.0,0
24,158,0.7369453166429603,0.3960456992141508,50.543763727683825,171,abrupt,0.0,0
24,159,0.6794252454979635,0.37455950338769395,49.82105170022469,170,abrupt,0.0,0
24,160,0.7802638521372746,0.39132218895092746,50.4356775924791,169,abrupt,0.0,0
24,161,0.8104147456367599,0.42147487275604817,49.56609477134866,168,abrupt,0.0,0
24,162,0.8446309021285162,0.3870715590594477,51.321719779365516,167,abrupt,0.0,0
24,163,0.8996169169308035,0.39621704180069645,53.18951602024747,166,abrupt,0.0,0
24,164,0.6583642241750921,0.33476384456900327,50.84786936630874,165,abrupt,0.0,0
24,165,0.7567629302563227,0.3991996233441184,51.64482030247322,164,abrupt,0.0,0
24,166,0.7821804841248572,0.39822494182154256,51.904428053076956,163,abrupt,0.0,0
24,167,0.7152308352748005,0.3969277798512358,50.2667455102456,162,abrupt,0.0,0
24,168,0.8886912648023555,0.3884583234885373,52.138451765297035,161,abrupt,0.0,0
24,169,0.7621872624155602,0.35227865448780543,50.52046166878644,160,abrupt,0.0,0
24,170,0.8221569277972619,0.32425260403478656,50.771535569598846,159,abrupt,0.0,0
24,171,0.8056273145796894,0.4360193091695113,49.94082526305332,158,abrupt,0.0,0
24,172,0.9259496368535667,0.4306425111447201,51.70836747470862,157,abrupt,0.0,0
24,173,0.8828383260073119,0.4591222523951325,52.28927526019408,156,abrupt,0.0,0
24,174,0.9020540598081512,0.38232890685960214,54.25581415289059,155,abrupt,0.0,0
24,175,0.9140602110043794,0.3863929110745591,51.67798033973732,154,abrupt,0.0,0
24,176,0.7543383199002562,0.4471425748123104,51.30042439971544,153,abrupt,0.0,0
24,177,0.9667568342359452,0.38397439180858645,54.13735217267688,152,abrupt,0.0,0
24,178,0.9380975150982727,0.4889573891053776,54.411837011894875,151,abrupt,0.0,0
24,179,1.073878188594244,0.5182547813761232,54.41751261990043,150,abrupt,0.0,0
24,180,0.8285202698039484,0.36285600257044254,50.44708984086605,149,abrupt,0.0,0
24,181,0.8358881608594881,0.4211869210714734,52.32609228910702,148,abrupt,0.0,0
24,182,0.8610201455747104,0.34640226003325686,50.87436909825052,147,abrupt,0.0,0
24,183,0.7037190011833856,0.36995211279883783,52.82060899617567,146,abrupt,0.0,0
24,184,0.9620975049958436,0.44514005603615875,51.94737701942403,145,abrupt,0.0,0
24,185,0.7336652676769955,0.3867825092973541,49.11644159536974,144,abrupt,0.0,0
24,186,0.819527606169182,0.4451276239708294,51.01636801575228,143,abrupt,0.0,0
24,187,0.7522747578134461,0.36089217401945284,50.0726889368825,142,abrupt,0.0,0
24,188,0.7135054822522948,,51.389597104336794,141,abrupt,0.0,0
24,189,0.7217428238356416,0.3835151283703641,50.21797318671089,140,abrupt,0.0,0
24,190,0.8635887055954259,0.37829428257120906,53.319786815414446,139,abrupt,0.0,0
24,191,0.9296565223973158,0.45185330928783446,51.36668960867263,138,abrupt,0.0,0
24,192,0.7870332658293467,0.3443100767572258,51.98353092471342,137,abrupt,0.0,0
24,193,0.7929464825632484,,,136,abrupt,0.0,0
24,194,0.8676439300397623,0.43403662171553653,51.41980277065468,135,abrupt,0.0,0
24,195,0.6157173537904167,0.36310196953661555,49.13110577986217,134,abrupt,0.0,0
24,196,0.7571079981274671,0.4123229181793115,48.66254727987195,133,abrupt,0.0,0
24,197,0.6447255289584588,0.35873457973848377,50.32308028754553,132,abrupt,0.0,0
24,198,0.6530553202067274,0.398230985622779,48.076783409135224,131,abrupt,0.0,0
24,199,0.7772327056602527,0.4214936466256222,50.37210333791263,130,abrupt,0.0,0
24,200,0.6252190321115627,0.3817759576151915,46.73010775913338,129,abrupt,0.0,0
24,201,0.8664929784387615,0.4157563123042268,52.246322836352775,128,abrupt,0.0,0
24,202,0.6154028314389512,0.36349410017646183,48.40088999939659,127,abrupt,0.0,0
24,203,0.5097837650526551,0.333993472470284,47.65103085883767,126,abrupt,0.0,0
24,204,0.5982176466360695,0.4064064652012408,49.8234223573478,125,abrupt,0.0,0
24,205,0.579673293578017,0.38200989854121126,49.598272535523705,124,abrupt,0.0,0
24,206,0.5991095627046957,0.2884203895209593,46.13578469165954,123,abrupt,0.0,0
24,207,0.44433614403029975,0.33581878464237075,48.1005431596207,122,abrupt,0.0,0
24,208,0.5203460294268683,0.3517167863176882,46.23841092357338,121,abrupt,0.0,0
24,209,0.6091603167458993,0.3100404648125504,48.763758740063004,120,abrupt,0.0,0
24,210,0.5065193247359833,0.301098168665863,45.199377487837594,119,abrupt,0.0,0
24,211,0.5637830431786969,0.39462949967464844,47.50351722627406,118,abrupt,0.0,0
24,212,0.5595581523487423,0.3435382679549096,47.540835806886264,117,abrupt,0.0,0
24,213,0.3851506176612387,0.2971056516606502,46.33466763021786,116,abrupt,0.0,0
24,214,0.6265493872357761,,49.241842105696314,115,abrupt,0.0,0
24,215,0.4796842729134235,0.28829708972465307,45.210820774943556,114,abrupt,0.0,0
24,216,0.42965421091802064,0.36603145662748127,46.582778519365135,113,abrupt,0.0,0
24,217,0.4011312381324974,0.25862683066822456,47.01250063046849,112,abrupt,0.0,0
24,218,0.5908187394142178,0.3711187116050211,48.7099285640114,111,abrupt,0.0,0
24,219,0.5061811403371486,0.3131917593140733,47.4054271754212,110,abrupt,0.0,0
24,220,0.6206653595185648,0.3381918945787158,47.934831840384575,109,abrupt,0.0,0
24,221,0.6746770615407798,0.3433561115938644,48.567282404236735,108,abrupt,0.0,0
24,222,0.5683583919263252,0.3475843997524786,49.70850565852974,107,abrupt,0.0,0
24,223,0.7743372806046525,0.3846037971912968,,106,abrupt,0.0,0
24,224,0.6903593672031605,0.3813522801237289,50.510871071546696,105,abrupt,0.0,0
24,225,0.4920197360293074,0.3958404023226901,47.101184252207204,104,abrupt,0.0,0
24,226,0.42986077885040597,0.3488755631358433,47.29307238156146,103,abrupt,0.0,0
24,227,0.6833734690752159,0.3250698710149234,50.40032466698716,102,abrupt,0.0,0
24,228,0.6153611804500878,0.3171835634384277,48.89614898715394,101,abrupt,0.0,0
24,229,0.7153961988935288,0.370349716539284,51.38596503913433,100,abrupt,0.0,0
24,230,0.6275001420480766,0.33959361541458405,48.62324262025258,99,abrupt,0.0,0
24,231,0.5854525218899646,0.327158789412582,47.48134046255385,98,abrupt,0.0,0
24,232,0.5758762229765606,0.3106175603547476,48.43785752198459,97,abrupt,0.0,0
24,233,0.6302784028278083,0.3881237144820965,49.34454142039613,96,abrupt,0.0,0
24,234,0.7724392849083032,0.3972383881979648,53.01414435898406,95,abrupt,0.0,0
24,235,0.7825372310415933,0.38811941799526184,50.268038158420296,94,abrupt,0.0,0
24,236,0.6993873800855809,0.34489029548010025,48.516462642559645,93,abrupt,0.0,0
24,237,0.8633079046991233,0.3778626261800135,51.224617490590525,92,abrupt,0.0,0
24,238,0.5683354720531586,0.2982136171433698,48.45844434313949,91,abrupt,0.0,0
24,239,0.6489062972911839,0.36385242207014373,49.4029562490927,90,abrupt,0.0,0
24,240,0.8305480702393445,0.3746821680038977,51.36339009948205,89,abrupt,0.0,0
24,241,0.7129054441816024,0.39412465179109707,50.290718153653785,88,abrupt,0.0,0
24,242,0.7157824857228184,0.3947073650157249,50.6657944263451,87,abrupt,0.0,0
24,243,0.8549186538973378,0.4212390723599113,51.510355212796675,86,abrupt,0.0,0
24,244,0.9735833339968423,0.4090831403943248,,85,abrupt,0.0,0
24,245,0.804101206479276,0.38702765819058293,50.80462741916648,84,abrupt,0.0,0
24,246,0.8069460787080746,0.372540241901089,50.402630716059704,83,abrupt,0.0,0
24,247,0.950588617921237,0.4382212114004957,51.42689780013101,82,abrupt,0.0,0
24,248,0.7867452743428738,0.4269457707245605,,81,abrupt,0.0,0
24,249,0.6863073041870343,,49.77168326122737,80,abrupt,0.0,0
24,250,0.93205784808561,0.46482065118981014,53.24761544952312,79,abrupt,0.0,0
24,251,0.7882246478197386,0.39775151282263055,52.40709199965364,78,abrupt,0.0,0
24,252,0.8589127907285248,0.38815767973503057,50.66446141179446,77,abrupt,0.0,0
24,253,0.9073536650493617,0.41464325535726354,52.35201388363935,76,abrupt,0.0,0
24,254,0.8776965484753126,0.41948845057088086,52.588577123945626,75,abrupt,0.0,0
24,255,0.921046861754955,0.3949150627867951,53.256443184458114,74,abrupt,0.0,0
24,256,1.0088178893333444,0.3852590064137144,53.92115316956472,73,abrupt,0.0,0
24,257,0.829722174993432,0.399127709888513,53.15204544267145,72,abrupt,0.0,0
24,258,1.0134486637180513,0.4377985431418037,55.3060858631768,71,abrupt,0.0,0
24,259,0.726508534279393,0.381243206622103,49.465042176396004,70,abrupt,0.0,0
24,260,0.8235373581521733,0.43371643667448007,51.31263696683938,69,abrupt,0.0,0
24,261,0.6740026060312734,0.3702573756449012,50.03489654905824,68,abrupt,0.0,0
24,262,0.7727131831442426,0.38429119834519115,51.20496136844367,67,abrupt,0.0,0
24,263,0.8765948072625271,0.416671405494233,50.77102069916066,66,abrupt,0.0,0
24,264,0.8891205488916337,0.42095864140758465,52.88295978449099,65,abrupt,0.0,0
24,265,1.013478016730159,0.4130201732397413,53.21000444467847,64,abrupt,0.0,0
24,266,0.8773230907197267,0.4397862319070409,51.90976350573671,63,abrupt,0.0,0
24,267,0.7072186151807385,0.3494579639879612,50.27787739527253,62,abrupt,0.0,0
24,268,0.7206798979679887,0.4180750941069469,50.691038655174104,61,abrupt,0.0,0
24,269,0.7871084707459602,0.399474942238369,50.6607118753656,60,abrupt,0.0,0
24,270,0.6266394762781705,0.4044409122523272,49.67934055557736,59,abrupt,0.0,0
24,271,0.5646769214724656,0.33541803843370516,48.9431890340597,58,abrupt,0.0,0
24,272,0.6701079245644447,0.42539455735716636,50.32461000850506,57,abrupt,0.0,0
24,273,0.5327434456848552,0.3677787919915274,48.02967524212487,56,abrupt,0.0,0
24,274,0.7004781942476472,0.37047888505119664,51.346911891486855,55,abrupt,0.0,0
24,275,0.7830920019987437,0.38589498386428633,50.61484525247614,54,abrupt,0.0,0
24,276,0.6401882938510403,0.4015865522691263,48.985227784088416,53,abrupt,0.0,0
24,277,0.5144730589674494,0.3306056535125788,49.32103947538773,52,abrupt,0.0,0
24,278,0.6495643092542834,0.4012442565970134,50.16157803637747,51,abrupt,0.0,0
24,279,0.6099100864910468,0.35549782482083264,48.54465418899527,50,abrupt,0.0,0
24,280,0.6403739783320637,0.2851980812584085,50.01477635419744,49,abrupt,0.0,0
24,281,0.44554222933189314,0.3597939103670499,47.25260511889307,48,abrupt,0.0,0
24,282,0.6217310347450246,0.3617752318479314,48.62645518014441,47,abrupt,0.0,0
24,283,0.6164324511325331,0.31604492899856057,50.692640498099884,46,abrupt,0.0,0
24,284,0.6378459769128209,0.3439422406622693,51.98314764298644,45,abrupt,0.0,0
24,285,0.6014725004971244,0.3261674449734114,49.51773642559938,44,abrupt,0.0,0
24,286,0.6654604776810176,0.37630206785619724,50.30880263599776,43,abrupt,0.0,0
24,287,0.6112225595166672,0.34566158538962166,49.426480592117784,42,abrupt,0.0,0
24,288,0.6519162946507427,0.40255253059224533,47.98816736710531,41,abrupt,0.0,0
24,289,0.5625653715437533,0.30230718440959325,47.79115630096266,40,abrupt,0.0,0
24,290,0.41419731190788706,,46.9783803648508,39,abrupt,0.0,0
24,291,0.4678540919259441,0.3282673027149827,48.00543321654353,38,abrupt,0.0,0
24,292,0.6130855701697483,0.37207032596076545,47.76821984310561,37,abrupt,0.0,0
24,293,0.5691103785636904,0.31886442406228643,45.090291401360396,36,abrupt,0.0,0
24,294,0.5749727078127771,0.3425534461684846,48.5831509615026,35,abrupt,0.0,0
24,295,0.5565337250529698,0.3825580810117758,49.24368973653648,34,abrupt,0.0,0
24,296,0.5385912387258396,0.35975085005902563,46.789425629250154,33,abrupt,0.0,0
24,297,0.5831125274738775,0.357982881606933,50.3106244032601,32,abrupt,0.0,0
24,298,0.6082736053160257,,47.96706753099976,31,abrupt,0.0,0
24,299,0.5842778659553166,0.37770608449500737,47.143081008708975,30,abrupt,0.0,0
24,300,0.7036476724063893,0.3761919293886731,47.49068622545731,29,abrupt,0.0,0
24,301,0.5645837403207622,0.38995830042889745,48.98316183846382,28,abrupt,0.0,0
24,302,0.6100710781926263,0.33729566730624383,50.49563368735905,27,abrupt,0.0,0
24,303,0.6755533997659188,0.33148154005427394,49.40273333663487,26,abrupt,0.0,0
24,304,0.6146533542244772,0.3626760604447563,47.61681100389898,25,abrupt,0.0,0
24,305,0.48768221377161625,0.32419579634679097,47.34020221976938,24,abrupt,0.0,0
24,306,0.6938214838451751,0.3676922439497323,49.979864687097255,23,abrupt,0.0,0
24,307,0.500646723190857,0.3317211434444315,48.50792980254257,22,abrupt,0.0,0
24,308,0.6118071118157957,0.3918104473384096,47.82256407072193,21,abrupt,0.0,0
24,309,0.7172742222240707,,51.69327438925258,20,abrupt,0.0,1
24,310,0.7051053384216985,0.40636313910205674,49.31184798977602,19,abrupt,0.0,1
24,311,0.621245273050043,0.3119669926421816,51.036092042651525,18,abrupt,0.0,1
24,312,0.7852362004157545,,51.27008750238439,17,abrupt,0.0,1
24,313,0.9079129352112137,0.40766715934803144,52.512594355851746,16,abrupt,0.0,1
24,314,0.7216976491955805,0.46164555455885736,49.90139901106394,15,abrupt,0.05901517257171557,1
24,315,0.8535379350669322,0.49939601496203784,53.11491418993829,14,abrupt,0.11793645871337988,1
24,316,0.8011189227239409,0.5744202752568459,56.339473525978335,13,abrupt,0.17682235994465745,1
24,317,0.8197489317250776,0.6342516437381778,55.245007077009085,12,abrupt,0.23568529392929338,1
24,318,0.7575423997426071,0.6457095488774706,55.90805950804788,11,abrupt,0.2945311555205538,1
24,319,0.9090951195638897,0.7519280533096259,56.5847546729537,10,abrupt,0.3533634156178029,1
24,320,0.8482503735639815,0.8305764739145622,57.881342358350274,9,abrupt,0.41218436711769624,1
24,321,0.8514305274565781,0.8722195652820932,58.18577105568627,8,abrupt,0.47099563935130734,1
24,322,0.8704356335278985,0.9444507643822285,61.283348680331386,7,abrupt,0.5297984503629672,1
24,323,0.8126327118154045,0.9644968608696948,62.647226040745466,6,abrupt,0.5885937454582977,1
24,324,0.5586260833778953,1.0680552319066698,58.785394676156436,5,abrupt,0.647382279714187,1
24,325,0.8085939391097465,1.1214960631552278,64.2901999222856,4,abrupt,0.7061646702156958,1
24,326,0.8547477556715278,1.1805793481934446,65.42279757267258,3,abrupt,0.7649414307517927,1
24,327,0.9847066970071747,1.2892069178224101,68.57328152631769,2,abrupt,0.8237129957690753,1
24,328,0.8507635443677509,1.2760988054166496,68.12650250335801,1,abrupt,0.8824797374452088,1
24,329,0.8562010837301957,1.3326945724250943,,0,abrupt,0.9412419781885025,1
25,0,0.7481141578730587,0.38726135741091455,29.849056274818718,165,gradual,0.0,0
25,1,0.721043458987305,0.420907856277167,33.60007961439392,164,gradual,0.0,0
25,2,0.5419800215889281,0.39214136214727796,30.662598302907625,163,gradual,0.0,0
25,3,0.6375738041412006,0.3764063561764405,29.369693735453637,162,gradual,0.0,0
25,4,0.7116150074597297,0.4216204598743198,32.74734609000977,161,gradual,0.0,0
25,5,0.7531759996178458,0.37970715825543017,33.30982290996669,160,gradual,0.0,0
25,6,0.7521858300502641,0.3921181146388213,34.26041928989327,159,gradual,0.0,0
25,7,0.6635861887459845,0.4019139606385634,,158,gradual,0.0,0
25,8,0.6703580911203673,0.3717185099904681,32.02165144260558,157,gradual,0.0,0
25,9,0.8553695810856399,0.4154503275000159,32.942579559633316,156,gradual,0.0,0
25,10,0.7784048913919946,0.4330568443972047,33.60120469505022,155,gradual,0.0,0
25,11,0.9727914637057454,0.4500204934971321,34.59612874334395,154,gradual,0.0,0
25,12,0.6766563352011816,0.3843871723673018,30.308731920515182,153,gradual,0.0,0
25,13,0.7596660947853685,0.4272299877593489,33.54931525471692,152,gradual,0.0,0
25,14,0.8975152521972595,0.44402122966707047,33.30267884626317,151,gradual,0.0,0
25,15,0.7591432838759872,0.40654680833297846,31.51357371930672,150,gradual,0.0,0
25,16,0.9187428794804081,,34.3497007860636,149,gradual,0.0,0
25,17,0.9397435164405934,0.49349774248972683,34.615438692597195,148,gradual,0.0,0
25,18,0.943434750500818,0.40002090620808156,33.76554368272484,147,gradual,0.0,0
25,19,0.6145583806993842,0.41450101053599725,29.904352349969855,146,gradual,0.0,0
25,20,0.7645686692709355,0.4345482794001346,31.038852960694904,145,gradual,0.0,0
25,21,0.8606524869801614,0.39756087461037953,34.66967322680609,144,gradual,0.0,0
25,22,0.9038853331634449,0.4326409154129251,33.00045525753116,143,gradual,0.0,0
25,23,0.8372991122212257,0.405790990117005,31.93703370683141,142,gradual,0.0,0
25,24,0.9112308643892101,0.49057227888096183,34.28443808880123,141,gradual,0.0,0
25,25,0.8776420559969541,0.4316280830651787,32.47221144851266,140,gradual,0.0,0
25,26,0.9945459813530129,0.45043603966516893,34.165241014039445,139,gradual,0.0,0
25,27,0.8405282950221258,0.4270248843527897,32.03788549476432,138,gradual,0.0,0
25,28,0.6599618463729735,0.42549383287928516,29.620865264305802,137,gradual,0.0,0
25,29,0.8945841878502554,0.4493531816561626,31.701089354001503,136,gradual,0.0,0
25,30,0.8470648159969311,0.46981118672640615,33.47967034077824,135,gradual,0.0,0
25,31,0.9454449198126756,0.4578908838741831,35.6841009286012,134,gradual,0.0,0
25,32,0.8312521552937407,0.44883886523471966,32.34732700816481,133,gradual,0.0,0
25,33,0.6930668809732509,0.43638350162754536,30.083843593873322,132,gradual,0.0,0
25,34,0.7992017444572238,0.4263130137159943,31.747372511186647,131,gradual,0.0,0
25,35,0.8117682734040442,0.43573910048076697,31.161332976996547,130,gradual,0.0,0
25,36,0.6569188129153498,0.3813733163014027,29.165562577735237,129,gradual,0.0,0
25,37,0.591774095616731,0.36798021312775236,30.210585951763097,128,gradual,0.0,0
25,38,0.80311096832114,0.4548259553988344,29.827423092713385,127,gradual,0.0,0
25,39,0.509469437328229,0.37962343705497165,27.17703447522292,126,gradual,0.0,0
25,40,0.6867580612114946,0.4203773874024655,29.361005575417657,125,gradual,0.0,0
25,41,0.6654108265175138,0.37829103820764987,29.181311915207736,124,gradual,0.0,0
25,42,0.5758282218227989,0.37273734631311406,28.490887020020924,123,gradual,0.0,0
25,43,0.5604493627587979,0.37854544302125887,29.151050836063742,122,gradual,0.0,0
25,44,0.6225573631086995,0.38164785750686836,30.385977373170235,121,gradual,0.0,0
25,45,0.4133341485948161,0.34168882803135003,25.89763734635276,120,gradual,0.0,0
25,46,0.7089680786135957,0.3886610574927488,31.807745644237666,119,gradual,0.0,0
25,47,0.6855641423456982,0.4221389481119021,32.32050462957187,118,gradual,0.0,0
25,48,0.6287821750900022,0.4041208653413269,28.214057622672335,117,gradual,0.0,0
25,49,0.655876783900134,0.46588460063527287,30.20329701522092,116,gradual,0.0,0
25,50,0.5280889471052319,0.3574277067858162,28.345352833181956,115,gradual,0.0,0
25,51,0.6650222502121037,0.3680970637319737,30.78489127872195,114,gradual,0.0,0
25,52,0.6352929603707731,0.3434341990489793,30.556466304301356,113,gradual,0.0,0
25,53,0.5094235270089754,0.35019521793801983,26.474396627655686,112,gradual,0.0,0
25,54,0.5252727475029754,0.4063834406284221,28.6469808186454,111,gradual,0.0,0
25,55,0.5643294316652772,0.32295740696661646,29.172221740725337,110,gradual,0.0,0
25,56,0.6887426324661078,0.4237416135030877,30.23560667221706,109,gradual,0.0,0
25,57,0.5349969402566287,0.3967373187984811,27.69910623012449,108,gradual,0.0,0
25,58,0.3,0.35854474537163317,25.012259532930265,107,gradual,0.0,0
25,59,0.7031956988977263,0.3880494404075964,30.46651089283182,106,gradual,0.0,0
25,60,0.4966322713747596,0.4030117727519965,28.333884369593687,105,gradual,0.0,0
25,61,0.5355716851527711,0.40888142512310516,31.0365868271881,104,gradual,0.0,0
25,62,0.5011437300850018,0.3679060475692744,27.77978942080286,103,gradual,0.0,0
25,63,0.5148789933999289,0.39006104327762764,26.56279155194247,102,gradual,0.0,0
25,64,0.33288140738753524,0.34881995212690864,24.617463303975658,101,gradual,0.0,0
25,65,0.5147257642603256,0.3725836949366034,27.421691007050775,100,gradual,0.0,0
25,66,0.668517148493144,0.3957500341592624,29.993268287679783,99,gradual,0.0,0
25,67,0.5009542411426636,0.4281240098731699,26.747829961853895,98,gradual,0.0,0
25,68,0.6619635473824401,0.3834994942878834,29.90271863157239,97,gradual,0.0,0
25,69,0.6297636255128803,0.37008001166253185,30.223633836592636,96,gradual,0.0,0
25,70,0.5606231271629598,0.3630440726430711,27.639403757541988,95,gradual,0.0,0
25,71,0.5102693578701982,0.3455615521080509,26.166275562501248,94,gradual,0.0,0
25,72,0.4113339102961624,0.288989032622052,27.113899263275222,93,gradual,0.0,0
25,73,0.6612311776037224,0.3972702765055025,29.42619925788674,92,gradual,0.0,0
25,74,0.5900693242812698,0.40316779841533185,27.870154187368954,91,gradual,0.0,0
25,75,0.7859717262837582,0.41898793505595616,30.888525083736603,90,gradual,0.0,0
25,76,0.8649039629201116,0.4359691984585045,32.907162997892634,89,gradual,0.0,0
25,77,0.5603270460929349,0.364818735669485,28.3271150586438,88,gradual,0.0,0
25,78,0.7185933306427393,0.38855670453039415,29.958137197606163,87,gradual,0.0,0
25,79,0.9467822167581622,0.46759095907168263,31.992545680663923,86,gradual,0.0,0
25,80,0.6151603326034307,0.42081211804933016,28.815579168172576,85,gradual,0.0,0
25,81,0.7797715121380748,0.44184024600621935,32.015799629897785,84,gradual,0.0,0
25,82,0.7829837177951297,0.4833350221591998,30.803670113487293,83,gradual,0.0,0
25,83,0.7047895980401883,0.4197345404426034,28.949907760556027,82,gradual,0.0,0
25,84,0.8286727582530433,0.4398185612478292,29.289681536226663,81,gradual,0.0,0
25,85,0.6125955216127582,0.3913670966234488,28.750285569036997,80,gradual,0.0,0
25,86,0.476397506761685,0.39175788056574085,25.323852278831787,79,gradual,0.0,0
25,87,0.7479493319435045,0.4395777412682675,29.182923537939672,78,gradual,0.0,0
25,88,0.7315514307542715,0.4665681590662678,30.53169976334346,77,gradual,0.0,0
25,89,0.7720998995204224,0.4147983325600948,31.1032549182799,76,gradual,0.0,0
25,90,0.8592880871162906,0.42623212586197023,32.214410932018595,75,gradual,0.0,0
25,91,0.8541532450818654,0.5014470815008552,32.717421282784976,74,gradual,0.0,0
25,92,0.8005366470669824,0.4680023567925385,29.931759381131926,73,gradual,0.0,0
25,93,0.9034041158683066,0.4753234137866013,31.753341821143355,72,gradual,0.0,0
25,94,0.9085586419329944,0.4803242154596625,31.52413771609511,71,gradual,0.0,0
25,95,0.9606023524054349,0.48645972125919756,34.21001741642378,70,gradual,0.0,0
25,96,0.8311889790735324,0.4708301990736214,32.17185410430391,69,gradual,0.0,0
25,97,0.7757639696402716,0.4094298155297944,31.561970499211903,68,gradual,0.0,0
25,98,0.7480975337874021,0.4117534061072221,30.485253740199774,67,gradual,0.0,0
25,99,0.7511084479259191,0.4220349084494963,31.07280498005481,66,gradual,0.0,0
25,100,0.8803145817215082,0.45341453434495904,29.6511663297289,65,gradual,0.0,0
25,101,0.7834976708944161,0.41760581120063994,29.91618242027696,64,gradual,0.0,0
25,102,0.7125798650357865,0.4394283103910545,28.738069076253062,63,gradual,0.0,0
25,103,0.8856584166243462,0.4547675134595559,30.667648173041666,62,gradual,0.0,0
25,104,1.044800012462039,0.45284364974523,32.61273050652016,61,gradual,0.0,0
25,105,0.8285095055084462,0.44838178087037023,30.01006025131693,60,gradual,0.0,0
25,106,0.9167693094347132,0.4099267783795994,31.79893101204497,59,gradual,0.0,0
25,107,0.8366369369732743,0.46327690511692854,31.0413080396701,58,gradual,0.0,0
25,108,0.7553636197860791,0.4279546596624625,29.730030955948195,57,gradual,0.0,0
25,109,0.7539354484335966,0.5119517574069501,29.8583152670469,56,gradual,0.0,0
25,110,0.8027615515177658,0.4425407089247392,30.299389618683108,55,gradual,0.0,0
25,111,0.7049151227843862,,,54,gradual,0.0,0
25,112,0.4678098159461293,0.34327762559259195,26.962191144622025,53,gradual,0.0,0
25,113,0.7510365207248463,0.4236385276941801,29.452277352645105,52,gradual,0.0,0
25,114,0.7941844671715422,0.407180127513979,30.0467097028558,51,gradual,0.0,0
25,115,0.6743757628478488,0.448966971689322,30.424106813574337,50,gradual,0.0,0
25,116,0.7257447611059266,0.45630023433004235,28.701429558967988,49,gradual,0.0,0
25,117,0.5710559047579148,0.3488387480477353,25.429327317579485,48,gradual,0.0,0
25,118,0.6542437334413604,0.38492840268417816,28.538119739813784,47,gradual,0.0,0
25,119,0.8788323768656167,0.4670501619778263,31.06834505322676,46,gradual,0.0,0
25,120,0.8326571199279837,0.3963873803873122,29.630525862516713,45,gradual,0.0,0
25,121,0.9534844626691062,0.4784616094239333,31.96503151603604,44,gradual,6.955819851946939e-05,0
25,122,0.5274571415579012,0.3679211243871039,26.939127762597437,43,gradual,0.00046633521755455544,0
25,123,0.7317104724583797,0.36628046616859533,27.41772503902446,42,gradual,0.0013231030256062614,0
25,124,0.5740193383449642,0.4031583210399888,27.94180271569103,41,gradual,0.0027243660053513346,0
25,125,0.5389444020062308,0.412857499090239,26.062136875574037,40,gradual,0.0047367211364733545,0
25,126,0.6361917132903516,0.3474023101590611,29.09713607817887,39,gradual,0.007416372855831079,0
25,127,0.6437335616019703,0.37956966804524284,27.215958735246275,38,gradual,0.010812548420849813,0
25,128,0.4237951617624199,0.35424682364952276,26.197889258941178,37,gradual,0.014969392647881915,0
25,129,0.6688182962751676,0.41805125483247735,28.429481332019357,36,gradual,0.01992714621999266,0
25,130,0.5017066640887249,0.3856692731719034,25.788555789260283,35,gradual,0.02572293604220922,0
25,131,0.513160701721651,0.44850430839118127,26.073960097939914,34,gradual,0.032391334936414606,0
25,132,0.5375166287621378,0.46842766634081956,25.17298235770417,33,gradual,0.03996477457728519,0
25,133,0.5271393660644179,0.43538770713685715,27.619888874273812,32,gradual,0.04847386010008184,0
25,134,0.46816409543082904,0.4681955092989405,25.62623287562818,31,gradual,0.0579476160841762,0
25,135,0.44980890271454027,0.46344993350578667,26.29712054491737,30,gradual,0.06841368303035808,0
25,136,0.5677368244954061,0.46741012999513043,29.125025845603247,29,gradual,0.079898477130331,0
25,137,0.68622704645647,0.4858433172546164,30.020351638927846,28,gradual,0.09242732218138432,0
25,138,0.5481124695227917,0.44902040225448586,26.40658679602914,27,gradual,0.10602455994217067,0
25,139,0.6078248226445058,0.5707206845861338,30.218965283976893,26,gradual,0.12071364351475561,0
25,140,0.6574199432820104,0.5485230524641918,29.947201202477043,25,gradual,0.13651721716181162,0
25,141,0.5652912236263542,0.565566935692279,27.88848680259675,24,gradual,0.1534571851395396,0
25,142,0.559298444107836,0.5156206117330663,28.88108974536815,23,gradual,0.1715547715313375,0
25,143,0.5098780355663717,0.5797943511365922,28.47813290633218,22,gradual,0.19083057263099573,0
25,144,0.4941123699260234,0.6030584939138937,28.163121155966614,21,gradual,0.2113046030993377,0
25,145,0.6674188546869002,0.6536406923443564,30.084742563319708,20,gradual,0.23299633687268423,1
25,146,0.7035936756052861,0.6043556614640699,30.284066735558596,19,gradual,0.25592474361342815,1
25,147,0.42665434834623406,0.6523644875920489,27.463505182972124,18,gradual,0.2801083213471618,1
25,148,0.716122689402683,0.7289479732214914,31.586712595624547,17,gradual,0.3055651258164391,1
25,149,0.6379443394492463,0.6849121436883632,29.392512338696747,16,gradual,0.33231279699068517,1
25,150,0.6930008379001414,0.7647138534407453,30.190883932584466,15,gradual,0.3603685830993407,1
25,151,0.6427685767437538,0.7913071784222917,32.05732230910165,14,gradual,0.3897493624969364,1
25,152,0.5526957087318262,0.8118298229541482,31.104668730485336,13,gradual,0.420471663621314,1
25,153,0.6066690609722686,0.8371716911680303,32.89891335184093,12,gradual,0.4525516832673388,1
25,154,0.6379055609582183,0.8143114075156757,33.959695337151615,11,gradual,0.4860053033663912,1
25,155,0.7236882624582655,0.8634687767132239,35.83215424986273,10,gradual,0.520848106435316,1
25,156,0.7297736004405276,0.9482720506572484,34.01294905398606,9,gradual,0.5570953898363048,1
25,157,0.5773197376534994,1.0031502411779203,33.874130368514486,8,gradual,0.5947621789705286,1
25,158,0.8018808372373357,1.102106446792259,36.76730038878962,7,gradual,0.6338632395126024,1
25,159,0.5955562999974533,1.0366518307800037,34.882418623734075,6,gradual,0.6744130887796057,1
25,160,0.6754629204584115,1.1762209279531237,35.801549406029345,5,gradual,0.7164260063170066,1
25,161,0.8594011650977219,1.1871498883832423,38.093051936479746,4,gradual,0.7599160437740891,1
25,162,0.9361666147042564,1.2781730080671128,39.985262871820765,3,gradual,0.8048970341331095,1
25,163,0.649777476859386,1.2220121473708092,37.950791147117656,2,gradual,0.8513826003491856,1
25,164,0.9063367663582321,,41.440263997693634,1,gradual,0.8993861634516446,1
25,165,0.6816043971795516,1.3462939913732455,39.8113917523634,0,gradual,0.9489209501521304,1
26,0,0.6328096225942134,0.2669642044103247,51.932143773477485,280,gradual,0.0,0
26,1,0.6033461871349983,0.272806833711995,51.739082804076894,279,gradual,0.0,0
26,2,0.8147821225219667,0.3308565603584091,55.0346962330335,278,gradual,0.0,0
26,3,0.8490254483234012,0.3343612663932787,55.42920352704497,277,gradual,0.0,0
26,4,0.8317115339368075,0.26163043127629354,54.36195996369323,276,gradual,0.0,0
26,5,0.7180717590246007,0.2482183530366447,53.44708817886362,275,gradual,0.0,0
26,6,0.7200000495274854,0.2692131487794202,51.76597204542536,274,gradual,0.0,0
26,7,0.725388802889672,0.3013389267077736,53.465252925218365,273,gradual,0.0,0
26,8,0.9018695324865713,0.2871545517928194,56.137675498089365,272,gradual,0.0,0
26,9,0.7947081288145221,0.3363632096196223,54.009368746174616,271,gradual,0.0,0
26,10,0.7551548996107127,0.29141086242400377,52.24178461227445,270,gradual,0.0,0
26,11,0.9234733534281778,0.2572034868710029,55.36564678870524,269,gradual,0.0,0
26,12,0.7861316277930848,0.2800196567203499,53.46913918202677,268,gradual,0.0,0
26,13,0.8650119988798632,0.29759552145337276,53.06559762279628,267,gradual,0.0,0
26,14,0.751466311554552,0.28838630338966903,52.905032695246916,266,gradual,0.0,0
26,15,0.8739824452225786,0.2948302390579852,52.111963343574416,265,gradual,0.0,0
26,16,0.7855867150292974,,52.6477592472051,264,gradual,0.0,0
26,17,0.8088527947202973,0.2904449655987301,53.026931763655135,263,gradual,0.0,0
26,18,0.77184403272848,0.28535315527625577,54.43692383634978,262,gradual,0.0,0
26,19,0.7545689833184093,,53.40860981224591,261,gradual,0.0,0
26,20,0.8271405982535627,0.3156610246040957,54.12422505382953,260,gradual,0.0,0
26,21,0.9819994056439241,0.3539207041322439,55.855304852097184,259,gradual,0.0,0
26,22,0.8799745252297012,0.29771348861101204,53.43593952198708,258,gradual,0.0,0
26,23,1.1542382396671451,0.31829519905776127,56.24364867867097,257,gradual,0.0,0
26,24,0.6295129395118764,0.28611190139254444,52.313209484189244,256,gradual,0.0,0
26,25,0.977943172032744,0.31867813867359596,56.453250627561935,255,gradual,0.0,0
26,26,0.7494059412395584,0.3066240406792817,52.571123602134676,254,gradual,0.0,0
26,27,1.0452778228971733,0.3444658506070536,56.474463259451454,253,gradual,0.0,0
26,28,0.7555948556772477,0.25024150791767724,53.36771654427625,252,gradual,0.0,0
26,29,0.6836006888251408,0.28892513367853234,53.03787507318969,251,gradual,0.0,0
26,30,0.8506120798599723,0.26665762218026556,54.11903426318593,250,gradual,0.0,0
26,31,0.7614133148662897,0.27581085782656034,54.5086432240362,249,gradual,0.0,0
26,32,0.858476604604245,0.22364534123384255,53.822037122508085,248,gradual,0.0,0
26,33,0.8092567965770765,0.3075371135304512,52.920201912432944,247,gradual,0.0,0
26,34,0.7983123834079433,0.2894234276171127,52.214359573250114,246,gradual,0.0,0
26,35,0.6605373366315276,0.26154917279490325,50.34000406109304,245,gradual,0.0,0
26,36,0.707021720855026,0.2983886338586209,52.07558122387956,244,gradual,0.0,0
26,37,0.7320717460755302,0.27114588256555294,54.40628117516685,243,gradual,0.0,0
26,38,0.7638527338426976,0.3132860940987991,52.97919538422941,242,gradual,0.0,0
26,39,0.6093757865130701,0.2673875336424657,52.95149816933683,241,gradual,0.0,0
26,40,0.728296707197709,0.2748576746411455,52.721581516490836,240,gradual,0.0,0
26,41,0.7455532344046493,0.2926546302856572,54.975098628812034,239,gradual,0.0,0
26,42,0.6334975824726943,0.26939484534688435,51.091065795680684,238,gradual,0.0,0
26,43,0.5888549531662192,0.27866591040591976,51.34214022931984,237,gradual,0.0,0
26,44,0.6263918460007672,0.2950164679069546,52.068593146086585,236,gradual,0.0,0
26,45,0.5966021956341028,0.25647333291492275,53.07336880745855,235,gradual,0.0,0
26,46,0.427589500222323,0.19344215377965363,49.75351319861185,234,gradual,0.0,0
26,47,0.5498576695149894,0.2282666961835613,51.91919931824214,233,gradual,0.0,0
26,48,0.6749511270818854,0.27386242749200884,52.52219148754395,232,gradual,0.0,0
26,49,0.5016408640267631,0.2272980608307928,52.20944650548879,231,gradual,0.0,0
26,50,0.5719234777657851,0.2819359296775946,49.82479221255234,230,gradual,0.0,0
26,51,0.4175539238586242,0.21915534439448456,50.61689687004199,229,gradual,0.0,0
26,52,0.4728893431115906,0.20115397954205944,50.40105584105701,228,gradual,0.0,0
26,53,0.6410962872008099,0.27376602905392344,52.18722401689165,227,gradual,0.0,0
26,54,0.6156225160916489,0.26580391565288025,52.31152756372723,226,gradual,0.0,0
26,55,0.4774321708174993,0.25392507327907443,48.46895816561994,225,gradual,0.0,0
26,56,0.4975751851971183,0.240094147875808,49.95201635284696,224,gradual,0.0,0
26,57,0.5020733460527019,0.21717544774833053,51.9714367400203,223,gradual,0.0,0
26,58,0.536745668536385,0.2738754489330687,51.28181819924099,222,gradual,0.0,0
26,59,0.7205427022790831,0.3031015136603067,54.060485521003145,221,gradual,0.0,0
26,60,0.764104811020159,0.3071209409347644,53.15883891698,220,gradual,0.0,0
26,61,0.476048119524217,0.22397822235662887,51.14522282444699,219,gradual,0.0,0
26,62,0.5092112229731853,0.27023540541010616,51.10296746801593,218,gradual,0.0,0
26,63,0.6600395947107535,0.19379647216784784,53.273540197931645,217,gradual,0.0,0
26,64,0.632154934630944,0.2561024200336047,53.57003284181549,216,gradual,0.0,0
26,65,0.46849818327093495,0.26124983079069686,51.0091881091771,215,gradual,0.0,0
26,66,0.6907274429845311,0.3235243876478163,51.4039574285438,214,gradual,0.0,0
26,67,0.7323470729386177,0.3109917722103573,54.37795313481632,213,gradual,0.0,0
26,68,0.4331331842876001,0.27264687239864266,49.346924022145124,212,gradual,0.0,0
26,69,0.4940986437443262,0.2814785087930728,50.69922388868251,211,gradual,0.0,0
26,70,0.5695591044623627,0.2846793937319665,,210,gradual,0.0,0
26,71,0.6650215411739054,0.28490455062526765,52.18007880613779,209,gradual,0.0,0
26,72,0.7934654368212841,0.2729865524420569,53.80886379120519,208,gradual,0.0,0
26,73,0.4280125719220446,0.2376209578656063,52.335198961880366,207,gradual,0.0,0
26,74,0.8899541627268157,0.32280619319974124,56.06068945211917,206,gradual,0.0,0
26,75,0.8234314089377806,0.31926470005797386,54.333842976359215,205,gradual,0.0,0
26,76,0.5958093602418436,0.23674151972591267,52.15262119781963,204,gradual,0.0,0
26,77,0.6435148079651991,0.2662747488017956,50.66058328866657,203,gradual,0.0,0
26,78,0.8862529262411494,0.3319955327277441,54.04206691828444,202,gradual,0.0,0
26,79,0.855385222036372,0.27629010802264586,54.44362586398045,201,gradual,0.0,0
26,80,0.793919400706643,0.33318893062057026,55.35284186913607,200,gradual,0.0,0
26,81,0.88376162177876,0.38464968628107915,53.15533678663097,199,gradual,0.0,0
26,82,0.9571886407933107,0.3511437511674416,56.15292899165472,198,gradual,0.0,0
26,83,0.8700680995839726,0.3134642789558916,55.75850813471094,197,gradual,0.0,0
26,84,0.7982376501882129,0.3359288704063297,53.22612599289568,196,gradual,0.0,0
26,85,0.9550395960453166,0.3398873793031996,55.53148841082214,195,gradual,0.0,0
26,86,0.9408412911141109,0.30051818101839395,55.65511133445494,194,gradual,0.0,0
26,87,0.8397544109511186,0.3153433483703155,55.052442595798716,193,gradual,0.0,0
26,88,0.8437995736129147,0.2813599595587669,54.89260188731219,192,gradual,0.0,0
26,89,0.7608653044384516,0.3301135871435523,55.36721669962978,191,gradual,0.0,0
26,90,0.9066673430697922,0.2921781845867243,54.738296451429946,190,gradual,0.0,0
26,91,0.7867524949657856,0.2667006808867709,53.76460438115395,189,gradual,0.0,0
26,92,0.8842825246320825,0.34690788346174684,53.37365443337632,188,gradual,0.0,0
26,93,0.8383034159486084,0.29233141290356524,54.81229751758028,187,gradual,0.0,0
26,94,0.9310866053466684,0.2849842757369518,53.595967900332944,186,gradual,0.0,0
26,95,0.8036132970499557,0.3266357589976065,54.895804470439856,185,gradual,0.0,0
26,96,0.9582623341896829,0.35029955271984087,54.930892401524865,184,gradual,0.0,0
26,97,0.7719420510326056,0.32174360118324596,56.29443015918146,183,gradual,0.0,0
26,98,0.9090524241432517,0.33462258808927053,55.153556123004975,182,gradual,0.0,0
26,99,0.8237496723746237,0.34900461707999914,53.77366995784682,181,gradual,0.0,0
26,100,1.0899751499126165,0.33596831507864555,57.60577741268151,180,gradual,0.0,0
26,101,0.6819528121197537,0.3227509899266001,53.33213926354948,179,gradual,0.0,0
26,102,0.8075335945041376,,56.298543629269,178,gradual,0.0,0
26,103,1.1636976881484298,0.3831086711266014,59.44806086658013,177,gradual,0.0,0
26,104,0.8766113920692872,0.3150793404287849,55.59506564815554,176,gradual,0.0,0
26,105,0.7214254120188661,0.2844823656456573,53.771422697645534,175,gradual,0.0,0
26,106,0.852531112075416,0.3108092818462257,56.25056747080421,174,gradual,0.0,0
26,107,0.764475735481962,0.3093640745526816,53.49716800754812,173,gradual,0.0,0
26,108,0.6054521608586041,0.28230931027625494,52.64011657101448,172,gradual,0.0,0
26,109,0.7508752940012824,0.2814473774399219,55.58641658162686,171,gradual,0.0,0
26,110,0.8357918300204688,0.31936244031992267,54.3124079765813,170,gradual,0.0,0
26,111,0.6886621650772554,0.3374295485372943,54.26263330613221,169,gradual,0.0,0
26,112,0.7618176335020013,0.3176665002961377,53.980948102340896,168,gradual,0.0,0
26,113,0.7082152116449728,0.29593442998977,52.791897910643435,167,gradual,0.0,0
26,114,0.48540317662529264,0.25758800174816526,50.85130930602781,166,gradual,0.0,0
26,115,0.5051914985956085,0.315000052840004,49.099517774601146,165,gradual,0.0,0
26,116,0.4782193024896566,0.24078986245228282,49.84553656749515,164,gradual,0.0,0
26,117,0.6492664738581541,0.2942916814410518,52.96574717485335,163,gradual,0.0,0
26,118,0.6693270764574296,0.3261625463078124,52.984880458746595,162,gradual,0.0,0
26,119,0.8263372835217357,0.28984264687685735,54.352013532402175,161,gradual,0.0,0
26,120,0.5694077844175413,0.3098617845810271,51.28803431465156,160,gradual,0.0,0
26,121,0.5621137676687523,0.25891707149227017,51.92214519423803,159,gradual,0.0,0
26,122,0.5462567818187737,0.31812772059718974,52.799053485488635,158,gradual,0.0,0
26,123,0.5402596273955594,0.2655677749321722,49.70040467144894,157,gradual,0.0,0
26,124,0.48452175581365725,0.2445729613903442,50.40608737142005,156,gradual,0.0,0
26,125,0.40566323656701886,0.23194087769876637,50.794826309192246,155,gradual,0.0,0
26,126,0.637808544636576,0.31600299481853755,52.32415005733385,154,gradual,0.0,0
26,127,0.7562189709087157,0.2530681023962901,53.25982649355729,153,gradual,0.0,0
26,128,0.5627407211893926,0.2815019507948664,52.76428778668637,152,gradual,0.0,0
26,129,0.6964159724314061,0.2891243596761508,52.77290812008456,151,gradual,0.0,0
26,130,0.5101728120011134,0.262619005171317,51.5013819927221,150,gradual,0.0,0
26,131,0.6103352051164042,0.28737385861606746,52.92254141400377,149,gradual,0.0,0
26,132,0.5558772023551842,0.2922410242613421,52.28209730929946,148,gradual,0.0,0
26,133,0.41498784344528594,0.2688091724704889,49.957358642788385,147,gradual,0.0,0
26,134,0.49318296735016504,0.2284330518692538,51.946890634882664,146,gradual,0.0,0
26,135,0.6055063413048095,0.3032261403032053,52.63690935688245,145,gradual,0.0,0
26,136,0.5936564478130998,0.2786166938000112,52.4252755544232,144,gradual,0.0,0
26,137,0.4919569368809922,0.29644395870452467,50.87891547143211,143,gradual,0.0,0
26,138,0.6947328832178594,0.3125302697785463,52.55169431826364,142,gradual,0.0,0
26,139,0.6705139974244493,0.27109914135306795,52.04609955528,141,gradual,0.0,0
26,140,0.7112116536246684,0.363322254854778,52.451403281736546,140,gradual,0.0,0
26,141,0.6241169084531996,0.3234434047576754,53.545852242506776,139,gradual,0.0,0
26,142,0.831352614986041,0.3488218425570328,55.20340836489281,138,gradual,0.0,0
26,143,0.49894764474218134,0.23715732938224154,49.25683932068936,137,gradual,0.0,0
26,144,0.39482863169841176,0.2985737890307206,49.649801999281244,136,gradual,0.0,0
26,145,0.8577890880837558,0.328610631834631,54.15425673667753,135,gradual,0.0,0
26,146,0.7825973524053492,0.3228583703559407,52.23455372636987,134,gradual,0.0,0
26,147,0.6548072395667774,0.2953691519970732,52.515223060436014,133,gradual,0.0,0
26,148,0.7416071306182537,0.2924957034575391,53.5159642059237,132,gradual,0.0,0
26,149,0.751120161952091,0.3462151563900241,52.24205665904117,131,gradual,0.0,0
26,150,0.6493379191291486,0.30328844446058456,53.35514427311335,130,gradual,0.0,0
26,151,0.6018399628762153,0.3095042556795384,51.81103930098576,129,gradual,0.0,0
26,152,0.9410309433883809,0.33737534602572716,56.97736789130048,128,gradual,0.0,0
26,153,0.6490981166426858,0.28290044593782276,52.569640396096695,127,gradual,0.0,0
26,154,0.893744631936022,0.3078893983265412,54.56279724381236,126,gradual,0.0,0
26,155,0.672669958116503,,53.338687617805796,125,gradual,0.0,0
26,156,0.8303246328249515,0.32287393724401037,56.44829676830163,124,gradual,0.0,0
26,157,0.8795170081411676,0.3074331137292975,56.34824012202122,123,gradual,0.0,0
26,158,0.9898567419648229,0.34625523916813455,,122,gradual,0.0,0
26,159,0.9201259904679957,0.3726894987233706,57.13274832513356,121,gradual,0.0,0
26,160,0.7137024548076046,0.3318432415469402,54.19729088443748,120,gradual,0.0,0
26,161,0.922045955551316,0.36249173763104997,54.48436856064126,119,gradual,0.0,0
26,162,0.7920819900149343,0.34502172657284697,52.86117890330091,118,gradual,0.0,0
26,163,0.9737867056587055,0.3334563580769791,55.43402396106236,117,gradual,0.0,0
26,164,0.8527447288360165,0.38441892821989565,55.23773930077714,116,gradual,0.0,0
26,165,0.8650949271171239,0.3664600255402393,54.22336854773966,115,gradual,0.0,0
26,166,0.7622953860628903,0.35226204360257807,55.68966651097709,114,gradual,0.0,0
26,167,0.770207609088414,0.31825411833019573,52.911247104140635,113,gradual,0.0,0
26,168,0.9647472191264416,0.3446025702738346,56.06457367821356,112,gradual,0.0,0
26,169,0.7501684657045387,0.32106487898508806,52.975538257845706,111,gradual,0.0,0
26,170,0.6797840545169813,0.3107873224034827,53.406083158299396,110,gradual,0.0,0
26,171,0.9809534077809716,0.3128741204140737,55.564178856847974,109,gradual,0.0,0
26,172,0.7422005683918659,0.3293212644402478,55.166487673288366,108,gradual,0.0,0
26,173,0.7548605698130131,0.35885840825448406,55.17614373140882,107,gradual,0.0,0
26,174,0.8453853081443468,0.31958092006788685,56.270267014312836,106,gradual,0.0,0
26,175,0.8660502746344676,,54.337508162748044,105,gradual,0.0,0
26,176,0.8705314629083202,0.2814734735724137,55.70155929902179,104,gradual,0.0,0
26,177,0.7703230367017445,0.2687834038449333,54.36082958219492,103,gradual,0.0,0
26,178,0.5030246441282846,0.2778427717321914,50.92860024835886,102,gradual,0.0,0
26,179,0.8107220914944727,0.31450708919558984,55.0250841237676,101,gradual,0.0,0
26,180,0.8178013054285765,0.36705780350664186,54.74896401924463,100,gradual,0.0,0
26,181,0.784471735156181,0.3275372411409316,55.82745647737524,99,gradual,0.0,0
26,182,0.5268759531261145,0.27379035096035986,51.65142868026339,98,gradual,0.0,0
26,183,0.7472753902676299,0.28672159132975505,54.784921303338855,97,gradual,0.0,0
26,184,0.7663667870159943,0.3410651579698124,54.29054034093345,96,gradual,0.0,0
26,185,0.5638397297818903,0.27052431316461956,51.87569140601287,95,gradual,0.0,0
26,186,0.6310193236726889,0.33559310657057767,54.205681852351155,94,gradual,0.0,0
26,187,0.774087835493067,0.3290565270069961,55.46018839915561,93,gradual,0.0,0
26,188,0.785870993212897,0.319628476352137,54.55310188121663,92,gradual,0.0,0
26,189,0.7504357950717774,0.30728374457161517,54.034782997143814,91,gradual,0.0,0
26,190,0.7185106749209325,0.31829766665013076,55.958491128564255,90,gradual,0.0,0
26,191,0.43293718134425274,0.31497494043813706,51.13216133424682,89,gradual,0.0,0
26,192,0.6945133612749282,0.3297730050011083,51.34308519499505,88,gradual,0.0,0
26,193,0.5744045622776749,0.30627926818335016,51.951347604644,87,gradual,0.0,0
26,194,0.5981210016132614,0.3020344504610658,53.11893065480179,86,gradual,0.0,0
26,195,0.41206868845160916,0.27536749997629273,48.93776795736442,85,gradual,0.0,0
26,196,0.5480294584585431,0.3001764093147902,51.04763903112219,84,gradual,0.0,0
26,197,0.652071036234481,0.30036023199784817,52.54294553334026,83,gradual,0.0,0
26,198,0.7038792481844123,0.31897829576017467,52.61710101701531,82,gradual,0.0,0
26,199,0.5932416699118771,0.3127160593219364,52.745570487325644,81,gradual,0.0,0
26,200,0.6246788670744965,0.25710458842260986,54.20884966963668,80,gradual,0.0,0
26,201,0.595489640464578,0.3123486568363825,52.66109325165951,79,gradual,0.0,0
26,202,0.4997359356551118,0.28351473299876456,48.840134811600024,78,gradual,0.0,0
26,203,0.5957701368783265,0.2711999150345776,52.161301516574376,77,gradual,0.0,0
26,204,0.5279119428440067,0.33293335197308566,51.222636572229895,76,gradual,0.0,0
26,205,0.6501928876544765,0.300778659535174,,75,gradual,0.00010313663811554617,0
26,206,0.5858535499927271,0.29975231228556776,51.99509811476783,74,gradual,0.0007304657191772526,0
26,207,0.4543932738632932,0.24056324458570047,51.26166015489149,73,gradual,0.0018486099500924949,0
26,208,0.5078866213931021,0.2344673985913763,52.70723367229154,72,gradual,0.0034188180850668846,0
26,209,0.6544735163582441,0.38201417364836115,53.4704370399434,71,gradual,0.005417938837222784,0
26,210,0.6119595534393073,0.3293915773068664,52.79059943224827,70,gradual,0.007829584838632294,0
26,211,0.6876296706853897,0.29263026548558746,54.92890792568236,69,gradual,0.010641160086884989,0
26,212,0.5290880495528771,0.2949044239216962,52.74246764726071,68,gradual,0.013842487000001952,0
26,213,0.4919457121238812,0.255522018478498,51.31892502075353,67,gradual,0.01742505976195241,0
26,214,0.6526862564578105,0.34247351781807966,55.155047485779015,66,gradual,0.02138159399203738,0
26,215,0.6849392581732837,0.2791435916680105,56.43006966071905,65,gradual,0.025705734755842383,0
26,216,0.6972833142150519,0.35670937825378324,54.47397295135508,64,gradual,0.030391856789046615,0
26,217,0.5720864388025342,0.3465884857751708,51.96522825001655,63,gradual,0.035434922002043144,0
26,218,0.8213138689375685,0.38334272883553333,57.513482807513654,62,gradual,0.0408303744044121,0
26,219,0.5840827391706601,0.3828354980878815,53.01198884116215,61,gradual,0.046574060485213335,0
26,220,0.7312946627427972,0.35414779434618116,53.02698108894987,60,gradual,0.052662167497204315,0
26,221,0.7479408478859552,0.430908757252473,56.295009416120685,59,gradual,0.05909117469023797,0
26,222,0.6013623259828662,0.38020632687594746,56.2807403400556,58,gradual,0.06585781413556241,0
26,223,0.7030983391006959,0.3772151596031887,56.509445615715435,57,gradual,0.07295903880067671,0
26,224,0.607436441619201,0.4324592705053629,54.30746474252632,56,gradual,0.08039199620412964,0
26,225,0.7575105822976498,0.44895861161089023,56.29786351403306,55,gradual,0.08815400643243439,0
26,226,0.7913397399984698,0.4556017834868725,59.6228025448969,54,gradual,0.09624254361477011,0
26,227,0.7669559430316177,0.37700666083697665,57.10384224782183,53,gradual,0.10465522017281285,0
26,228,0.729917818090299,0.3943061317259145,55.39837051915465,52,gradual,0.11338977332274766,0
26,229,0.8448053530682628,0.4729196447080027,59.522815068086295,51,gradual,0.12244405342352581,0
26,230,0.9169560475046553,0.5017996438701035,61.21174092056219,50,gradual,0.13181601385247207,0
26,231,0.6672569561295834,0.36396697387499566,57.222175556233914,49,gradual,0.14150370215498326,0
26,232,0.767727853097584,,58.28028117255774,48,gradual,0.1515052522651807,0
26,233,0.9264725950327013,0.5503537485677662,59.73460618077715,47,gradual,0.16181887763308972,0
26,234,0.7214134834886092,0.5811426850581405,58.15109008158788,46,gradual,0.172442865124135,0
26,235,0.9238187657632522,0.5642415957601652,61.45009784912533,45,gradual,0.18337556958055118,0
26,236,0.8779559817799112,0.5927799465029898,61.08830133560114,44,gradual,0.19461540895324156,0
26,237,0.7349251659372619,0.5699443989852682,59.01173669509306,43,gradual,0.20616085992780048,0
26,238,0.7349992597891345,0.5441878956508625,60.13830472208813,42,gradual,0.21801045398067775,0
26,239,0.9830063820622054,0.7073786060758878,63.59754485175509,41,gradual,0.23016277381144745,0
26,240,0.7945982203608286,0.6150886435391706,60.97339608554355,40,gradual,0.2426164501053183,0
26,241,0.8622612222630062,0.6842503529593655,64.35802080701382,39,gradual,0.25537015858676776,0
26,242,0.9582445186085753,0.5798620270892945,63.751791728460574,38,gradual,0.26842261733077083,0
26,243,0.7367500534695708,0.6182808084231006,61.34937648612406,37,gradual,0.2817725843027566,0
26,244,0.9423600974877001,0.6817942712081586,64.97108610371735,36,gradual,0.2954188551023374,0
26,245,0.7242711808072606,0.5839832919402893,61.75304394071516,35,gradual,0.30936026088914376,0
26,246,0.9121270500954276,0.7379707920579324,64.74709457459197,34,gradual,0.32359566647188936,0
26,247,0.8232709066918815,0.773027906512189,64.87169078153657,33,gradual,0.3381239685441556,0
26,248,0.9969860201576315,0.7509067910685637,65.83802312026036,32,gradual,0.35294409405241195,0
26,249,0.8122345086802243,0.7859051215318309,64.14689850728118,31,gradual,0.3680549986835176,0
26,250,0.9099996686530987,,65.35209645356755,30,gradual,0.38345566546044496,0
26,251,0.7969875678654298,0.8262572920915542,66.0440558967853,29,gradual,0.3991451034362513,0
26,252,0.6783008635347435,0.8100526200438207,66.52412603367227,28,gradual,0.4151223464774402,0
26,253,0.9398754578659053,0.8667387116721665,67.6449140991446,27,gradual,0.4313864521288262,0
26,254,0.6508274094884844,0.8434054048798405,64.76225231370755,26,gradual,0.44793650055286083,0
26,255,0.6366260102117556,0.8856094303336849,66.6556874049022,25,gradual,0.4647715935371157,0
26,256,0.9013659594396073,0.9601027231315875,69.2525043020248,24,gradual,0.48189085356427136,0
26,257,0.5775947547831375,0.9156343879829922,64.08501016353615,23,gradual,0.49929342293952667,0
26,258,0.7451206822707896,0.9390834293585804,67.7476338624457,22,gradual,0.5169784629708506,0
26,259,0.7681817404512353,0.9824483774483982,,21,gradual,0.5349451531979383,0
26,260,0.7052284232531608,0.977108136887159,68.07676123238411,20,gradual,0.553192690666134,1
26,261,0.5502510340327404,0.9454210312727055,66.59661353749658,19,gradual,0.5717202892419254,1
26,262,0.8075193646476305,1.0379091012105615,69.16254216895015,18,gradual,0.5905271789669342,1
26,263,0.7207211379558228,1.0682412844156495,71.39426407596304,17,gradual,0.6096126054475985,1
26,264,0.7061422387600685,1.0515654621521546,69.53393868624359,16,gradual,0.6289758292779951,1
26,265,0.5303187484494364,1.0712940587888873,67.85352032759388,15,gradual,0.648616125493473,1
26,266,0.6324266359320277,1.119672593068101,67.87565399485452,14,gradual,0.6685327830529655,1
26,267,0.6139994580377043,1.155943450205599,70.27299376198093,13,gradual,0.6887251043480322,1
26,268,0.5779859734907176,1.150224159015558,69.84501584633479,12,gradual,0.709192404736843,1
26,269,0.6670006284672954,1.2075052390746233,72.15384584547117,11,gradual,0.7299340121014589,1
26,270,0.5024602341524118,1.2169425989983258,70.60760187840786,10,gradual,0.7509492664269029,1
26,271,0.5235244357501574,1.1875892533084142,72.57468286813373,9,gradual,0.772237519400627,1
26,272,0.6535324181644651,1.2568634862821155,75.25350019153316,8,gradual,0.7937981340310973,1
26,273,0.5249870055813622,1.2992374001794786,73.48429323701603,7,gradual,0.8156304842843075,1
26,274,0.5727820418826136,1.3420393647620377,71.71680776068706,6,gradual,0.8377339547371326,1
26,275,0.382537769454289,1.3383000166043035,74.75774980991739,5,gradual,0.8601079402465076,1
26,276,0.710513542891596,1.4116906348889295,76.72376872707056,4,gradual,0.8827518456334928,1
26,277,0.42349713942268985,1.3205134535315874,73.61692340586195,3,gradual,0.9056650853813577,1
26,278,0.6790968101608187,1.467530139983735,75.16100158593757,2,gradual,0.9288470833468725,1
26,279,0.6547643569032219,1.4436675396853755,79.61696406546716,1,gradual,0.9522972724840613,1
26,280,0.585651447872628,1.5073199916178612,79.75532097205732,0,gradual,0.9760150945797121,1
27,0,0.624815854885372,0.15221293824665733,41.935635344899445,236,gradual,0.0,0
27,1,0.6124608145895789,0.11853950992944802,40.36423665357442,235,gradual,0.0,0
27,2,0.879909498006971,0.1254260447964855,45.167000420034846,234,gradual,0.0,0
27,3,0.7265568232715091,0.139349622472042,42.6113661050088,233,gradual,0.0,0
27,4,0.755121361924098,0.12828690890405697,44.53296919992736,232,gradual,0.0,0
27,5,0.9849765069663248,0.16047592751919346,45.20198682217316,231,gradual,0.0,0
27,6,0.8723776496262808,0.16298891303935228,43.03948133583399,230,gradual,0.0,0
27,7,0.6702880501430004,0.1369497075363841,41.9945399598606,229,gradual,0.0,0
27,8,0.8196448200486738,0.10222678763124696,43.51206237405628,228,gradual,0.0,0
27,9,0.7927189119627346,0.1657345969005899,42.638447178343306,227,gradual,0.0,0
27,10,0.9264354633716813,0.1810237537161329,45.04708797924243,226,gradual,0.0,0
27,11,0.7557170175848145,0.10702513617851026,42.87729263931268,225,gradual,0.0,0
27,12,0.8701752549291816,0.14969427067175464,45.84220709372077,224,gradual,0.0,0
27,13,0.8240074415027661,0.12452032367027391,43.86221216228928,223,gradual,0.0,0
27,14,0.7075241683462308,0.11781357290046061,41.72065146013823,222,gradual,0.0,0
27,15,0.8994901316040003,0.11410279328420324,45.68947314181877,221,gradual,0.0,0
27,16,0.7842711416624601,0.14613661570905673,42.898877920263764,220,gradual,0.0,0
27,17,0.7871214270626048,0.10255492822066944,42.315525080238686,219,gradual,0.0,0
27,18,0.604958512898537,0.062450000099943066,38.65736765292795,218,gradual,0.0,0
27,19,0.6303828331662703,0.1296017009306047,41.10721697884308,217,gradual,0.0,0
27,20,0.6952389569099549,0.1350792412808185,41.54541859657421,216,gradual,0.0,0
27,21,0.8821119374927447,0.16232500482821138,44.5288502209575,215,gradual,0.0,0
27,22,0.6639037548601052,0.10481237900423931,40.938095095068846,214,gradual,0.0,0
27,23,0.5777008298939033,0.119536274431661,40.82307591315741,213,gradual,0.0,0
27,24,0.6654284814184607,0.1264431724801752,41.78022518299944,212,gradual,0.0,0
27,25,0.5256527958221245,0.12643624086795874,40.79785880035922,211,gradual,0.0,0
27,26,0.7311224517751219,0.14580948323487364,43.09009802566856,210,gradual,0.0,0
27,27,0.5221402411258897,0.07949304160940746,40.31534340831935,209,gradual,0.0,0
27,28,0.5949975768865284,0.03192342465914998,40.88758172910771,208,gradual,0.0,0
27,29,0.5356599330170255,0.06911775963974266,41.071853299938084,207,gradual,0.0,0
27,30,0.5755143463761795,0.0475744150184175,40.47339620422064,206,gradual,0.0,0
27,31,0.5712760332383543,0.13691319249611983,40.488928801683095,205,gradual,0.0,0
27,32,0.5056004304667864,0.10167657526149167,41.705720183959905,204,gradual,0.0,0
27,33,0.4583492748291532,0.12360082399652367,38.15113720729689,203,gradual,0.0,0
27,34,0.6607757023262456,0.1575094548287584,42.96716585693333,202,gradual,0.0,0
27,35,0.5644428604695281,0.09653307488641368,39.65395900330112,201,gradual,0.0,0
27,36,0.425166981266246,0.10662645018021258,39.371732479202144,200,gradual,0.0,0
27,37,0.44036024994630685,0.10135444460262458,38.29299760185723,199,gradual,0.0,0
27,38,0.8531359644957184,0.11421730537242072,44.05483182452196,198,gradual,0.0,0
27,39,0.9011023948404018,0.1563374787124284,43.95887553413723,197,gradual,0.0,0
27,40,0.7721658000348275,0.17686944472889066,43.55753760289038,196,gradual,0.0,0
27,41,0.774680383247904,0.16505027098617528,43.111387477772375,195,gradual,0.0,0
27,42,0.6491154885257574,0.06409136676769674,41.23205779034053,194,gradual,0.0,0
27,43,0.8259366063408542,0.13330126314598115,42.103752735977274,193,gradual,0.0,0
27,44,0.7518189200814255,,43.36762761466445,192,gradual,0.0,0
27,45,0.6441448928822641,0.14921487291931793,41.37795398244777,191,gradual,0.0,0
27,46,0.8477184307032705,0.10287953394021994,44.50506572187219,190,gradual,0.0,0
27,47,0.7436635953734327,0.05936944758697803,44.98824312803897,189,gradual,0.0,0
27,48,0.870503543227612,0.1703967816970305,44.56906319745159,188,gradual,0.0,0
27,49,0.8533332940720713,0.1171663863867963,43.96722627809281,187,gradual,0.0,0
27,50,0.8570949514609939,0.07655586872667756,43.825996821739594,186,gradual,0.0,0
27,51,0.8959151678279715,0.1288296299557503,42.40432515223152,185,gradual,0.0,0
27,52,0.8065149580914174,0.12180753889001839,45.14925645628073,184,gradual,0.0,0
27,53,0.9025514578542377,0.09955659832304083,43.917523453356566,183,gradual,0.0,0
27,54,0.6449030873589119,0.19762168863388674,41.5700814648174,182,gradual,0.0,0
27,55,0.804640650061585,0.13862194940321254,43.67462753800567,181,gradual,0.0,0
27,56,0.8450783751246539,0.14339902918228453,44.90392975232702,180,gradual,0.0,0
27,57,0.8201318929667013,0.12300559116223228,43.67738441446963,179,gradual,0.0,0
27,58,0.8773808035783502,0.10575087895791191,45.31389749457661,178,gradual,0.0,0
27,59,0.768184289135172,0.15494843440270906,42.34187689235116,177,gradual,0.0,0
27,60,0.7239837022880461,0.12666504716392013,42.451266893798824,176,gradual,0.0,0
27,61,0.6075069073084092,0.09287707850218732,40.830550962336815,175,gradual,0.0,0
27,62,0.7795983655855091,0.12279583039995029,45.49963000513544,174,gradual,0.0,0
27,63,0.6899357780181627,0.13331192365840575,40.932044694706555,173,gradual,0.0,0
27,64,0.6325153445983734,0.16403597752659127,41.41231901317395,172,gradual,0.0,0
27,65,0.4814233300326777,0.1614000933920815,39.20125293439746,171,gradual,0.0,0
27,66,0.5008658758704744,0.06499078441769746,40.23658875733494,170,gradual,0.0,0
27,67,0.7079272642926941,0.1530085364782634,43.189897400595974,169,gradual,0.0,0
27,68,0.5098185714494378,0.10433692440576382,41.81183432664,168,gradual,0.0,0
27,69,0.48829100215297844,0.10873194478986924,39.36703938125813,167,gradual,0.0,0
27,70,0.536207013819683,0.15420222600632028,40.53693127229122,166,gradual,0.0,0
27,71,0.5975105691305764,0.10349078015562574,41.795196713197704,165,gradual,0.0,0
27,72,0.4317624939925256,0.12723757165591582,38.94823983949599,164,gradual,0.0,0
27,73,0.6461502482801674,0.1874301949342132,41.55187136268211,163,gradual,0.0,0
27,74,0.680345659156288,0.11472200129422763,42.79942418088062,162,gradual,0.0,0
27,75,0.6921878565210887,0.07154164074084293,42.53793946186438,161,gradual,0.0,0
27,76,0.759311399857236,0.15181351485744138,44.80141185991769,160,gradual,0.0,0
27,77,0.5867955395567732,0.12407478895293851,40.480307748450684,159,gradual,0.0,0
27,78,0.6046793729915241,0.14711640301046228,42.01510920536147,158,gradual,0.0,0
27,79,0.5469677782607769,0.10801210434111852,40.06257687964168,157,gradual,0.0,0
27,80,0.7327893509196446,0.171679094526512,42.27313376304814,156,gradual,0.0,0
27,81,0.4708045184148562,0.1479095549967031,37.36470070199785,155,gradual,0.0,0
27,82,0.6319677866823202,0.08875994296388855,42.61474056579966,154,gradual,0.0,0
27,83,0.6883943629955667,0.0693669068252676,41.67743094545299,153,gradual,0.0,0
27,84,0.6515332647418122,0.10249643757095384,42.32259058393549,152,gradual,0.0,0
27,85,0.9611817898532795,0.13338897710122152,44.96596063334066,151,gradual,0.0,0
27,86,0.7357463636897136,0.15770217815418616,,150,gradual,0.0,0
27,87,0.7897473383502948,0.1586315396899233,44.07775011179708,149,gradual,0.0,0
27,88,0.7578256539545408,0.16232843257651697,43.80366022340346,148,gradual,0.0,0
27,89,0.9256397962469378,0.12154748505327266,46.32070545014508,147,gradual,0.0,0
27,90,0.8102206176004797,0.12385622912105786,44.721361744256285,146,gradual,0.0,0
27,91,0.9797609802296396,0.14219565940497128,45.994533609804414,145,gradual,0.0,0
27,92,0.7298442682556645,0.1624037086358137,42.19947114903825,144,gradual,0.0,0
27,93,0.6875039085001201,0.11192260434203674,,143,gradual,0.0,0
27,94,0.8767400227242278,0.10830200367965709,43.79574724064466,142,gradual,0.0,0
27,95,0.8846401407065336,0.1118205772101246,44.7521781171705,141,gradual,0.0,0
27,96,0.8330597519359423,,44.65899119914585,140,gradual,0.0,0
27,97,0.9804658335370946,0.12149894768846113,44.860667935770486,139,gradual,0.0,0
27,98,0.8906607113301278,0.17480991496531736,46.56462025880206,138,gradual,0.0,0
27,99,0.6786703661900154,0.10187626325852656,40.84766251347189,137,gradual,0.0,0
27,100,0.8487897110118122,0.17006699932517438,43.13579095851462,136,gradual,0.0,0
27,101,0.6314079809667675,0.11709330365427614,40.901021137851856,135,gradual,0.0,0
27,102,0.7141100128027482,0.12917394102863755,42.62815304566605,134,gradual,0.0,0
27,103,0.6534584512776601,0.08749631681368943,41.7198256504481,133,gradual,0.0,0
27,104,0.7850521966632923,0.10661847339911687,45.587423817497374,132,gradual,0.0,0
27,105,0.5480895703947694,0.0646564040860114,39.282812486974244,131,gradual,0.0,0
27,106,0.7132621545391642,0.1772464650725128,43.4536452216186,130,gradual,0.0,0
27,107,0.7432511616062852,0.055615349072471405,43.7025531094506,129,gradual,0.0,0
27,108,0.5373963924270488,0.12008174692834407,39.698967825567514,128,gradual,0.0,0
27,109,0.6224117502745599,0.07301683328553349,42.768438964569036,127,gradual,0.0,0
27,110,0.40716291510442115,0.10255203572880188,38.52238612569418,126,gradual,0.0,0
27,111,0.3955416881060747,0.12498992547969573,39.76967069757379,125,gradual,0.0,0
27,112,0.6938457039828754,0.1277829589846074,42.50334288925537,124,gradual,0.0,0
27,113,0.5939418304820842,0.13305448280539514,40.15185709135033,123,gradual,0.0,0
27,114,0.45810425927419307,0.13814969476875344,39.9088983861247,122,gradual,0.0,0
27,115,0.699038755500425,0.13799013632300097,,121,gradual,0.0,0
27,116,0.40421609715421686,0.1990278077355282,38.56290643529006,120,gradual,0.0,0
27,117,0.4206713695788244,0.10500846050022267,38.94141525006593,119,gradual,0.0,0
27,118,0.6012625250858898,0.0970507200045855,42.052401581796346,118,gradual,0.0,0
27,119,0.6564424602611084,0.16323021859609196,40.681877701426245,117,gradual,0.0,0
27,120,0.4248882489307265,,38.40125285361613,116,gradual,0.0,0
27,121,0.6854708774677386,0.162717144915499,41.98949395251642,115,gradual,0.0,0
27,122,0.6307610212974307,0.14105041878219854,40.99151967800069,114,gradual,0.0,0
27,123,0.5885277843915726,0.11226484212853242,41.85801059156445,113,gradual,0.0,0
27,124,0.8550606937698932,0.14686867248656374,45.46551700208415,112,gradual,0.0,0
27,125,0.6408541523133839,0.14866167753658702,43.215913410597246,111,gradual,0.0,0
27,126,0.8781442758075372,0.20147209664253252,45.51412083530079,110,gradual,0.0,0
27,127,0.8383980788702536,0.14692102891286787,44.25267888995937,109,gradual,0.0,0
27,128,0.9964866878675445,0.1810362308457688,45.91424423147929,108,gradual,0.0,0
27,129,0.8376168973495765,0.13663599888205774,43.62335943065575,107,gradual,0.0,0
27,130,0.7852809518187106,0.19587220974229758,42.34282186362612,106,gradual,0.0,0
27,131,0.9591759538555747,0.1392814229797419,46.92334386926729,105,gradual,0.0,0
27,132,0.9083403087752242,0.1608705384910943,44.083265144437775,104,gradual,0.0,0
27,133,0.8887976579843186,0.194274871400565,45.19057954396261,103,gradual,0.0,0
27,134,0.7402208160946887,0.12849136458942229,41.33655878546117,102,gradual,0.0,0
27,135,0.8486760097675313,0.21136956980915908,43.9138685290843,101,gradual,0.0,0
27,136,0.9010161182352812,0.14774827965836185,45.13131032782612,100,gradual,0.0,0
27,137,0.8283205676417573,0.09180232668317193,44.999841602032106,99,gradual,0.0,0
27,138,0.7066646565280197,0.13092700699095947,41.16971367489737,98,gradual,0.0,0
27,139,0.916658036351595,0.14089972107361237,45.249476767892794,97,gradual,0.0,0
27,140,0.7566170055831848,0.1555421062959961,43.03160117413493,96,gradual,0.0,0
27,141,0.6424631779693215,0.15257409765105814,41.717731147867546,95,gradual,0.0,0
27,142,0.5730981261029978,0.13277890525036257,41.025706907854605,94,gradual,0.0,0
27,143,0.777443556310528,0.11476044196469058,43.573591585112695,93,gradual,0.0,0
27,144,0.8887135959171064,0.13364518146863255,44.929313041408996,92,gradual,0.0,0
27,145,0.5915470119051909,0.13826088137720766,40.21644825803289,91,gradual,0.0,0
27,146,0.7305398261697255,0.11670778402772705,43.17685996281955,90,gradual,0.0,0
27,147,0.5284308013149659,0.18573156134525765,41.47848877584412,89,gradual,0.0,0
27,148,0.6771470224624971,0.12494214512520875,42.0516996896993,88,gradual,0.0,0
27,149,0.7030110506428804,0.1353944382822876,43.21193082198263,87,gradual,0.0,0
27,150,0.4328996921784549,0.10255451211008904,39.98031804571284,86,gradual,0.0,0
27,151,0.3,0.055985570201404294,37.78407673134977,85,gradual,0.0,0
27,152,0.6679200999087415,0.14556850312735786,42.310415449748746,84,gradual,0.0,0
27,153,0.5671287330641861,0.16234253722412925,41.24782083551936,83,gradual,0.0,0
27,154,0.7621946423641324,0.19006289319761663,44.39353650429206,82,gradual,0.0,0
27,155,0.5708915040737935,0.15511875951319415,,81,gradual,0.0,0
27,156,0.6085439312526661,0.19655646142448124,40.65601593911177,80,gradual,0.0,0
27,157,0.6160516528078457,0.1512458384322506,41.64649285760253,79,gradual,0.0,0
27,158,0.5025691135794705,0.10110205976229697,40.165113171408585,78,gradual,0.0,0
27,159,0.4000362890830844,0.13751914285039313,41.414244185165074,77,gradual,0.0,0
27,160,0.5917495791900702,0.1884415423025052,40.98487568594157,76,gradual,0.0,0
27,161,0.7623839457317978,0.12172648265905017,43.552909876174056,75,gradual,0.0,0
27,162,0.6652700836648101,0.16941065903537333,,74,gradual,0.0,0
27,163,0.5843289176963118,0.1485497743708866,41.60645863921219,73,gradual,0.0,0
27,164,0.6925108657914414,0.12570622345709795,43.255168829720866,72,gradual,0.0,0
27,165,0.763405837470072,0.10691758437168247,42.77184670889914,71,gradual,0.0,0
27,166,0.5986710209956079,0.09240278558939302,41.83161622494554,70,gradual,0.0,0
27,167,0.7467701553844791,0.1722756176724056,44.50860603333353,69,gradual,0.0,0
27,168,0.6200261948205064,0.17241774166913792,41.47075523595352,68,gradual,0.0,0
27,169,0.8680233822688318,0.11802025833915007,46.571859968003,67,gradual,0.0,0
27,170,0.7523096060756682,0.1341960110374506,42.855553461600806,66,gradual,0.0,0
27,171,0.7588100064156479,0.14280259795614575,43.34363916930079,65,gradual,0.0,0
27,172,0.8084736071785983,0.16975047786908026,44.849499183185536,64,gradual,5.3453053245166e-05,0
27,173,0.817166771882287,0.19835179915092446,45.48439994261771,63,gradual,0.00031042838200372283,0
27,174,0.7636425201577369,0.1001620843651228,43.738012742675615,62,gradual,0.0008248873694687571,0
27,175,1.0001804142224597,0.16554114576772083,45.133158098366124,61,gradual,0.0016284333988454216,0
27,176,0.7482204086519713,0.11435459981538568,42.7544295692001,60,gradual,0.0027449727240228005,0
27,177,0.9725469241436464,0.2005442627083594,45.62514929549107,59,gradual,0.004194091767984555,0
27,178,0.7818715302003947,0.194802596739035,42.99699221861875,58,gradual,0.005992549210509603,0
27,179,0.5212886905180476,0.10312277899437394,40.552486328062706,57,gradual,0.00815508567135375,0
27,180,0.8458117026117971,0.12187293596209878,44.66311850255537,56,gradual,0.010694918125428787,0
27,181,0.6258462369891429,0.20005120438554974,40.815713535093245,55,gradual,0.013624066390281379,0
27,182,0.9075773554542526,0.19777008253538464,44.76355804685571,54,gradual,0.01695358118706173,0
27,183,0.8622492565954423,0.17043818633296104,44.02064470992524,53,gradual,0.020693710362938534,0
27,184,0.6978514145725095,0.18309555320918414,44.04762009126352,52,gradual,0.02485402414855518,0
27,185,0.7793480526298339,0.1702887916472466,45.089800521194945,51,gradual,0.0294435121179906,0
27,186,0.6198251786787027,0.18659228763504201,42.633055825486394,50,gradual,0.034470659925885494,0
27,187,0.7521015808571664,0.2602055705690772,45.64744788299591,49,gradual,0.03994351117941862,0
27,188,0.7759609963812157,0.2574706806187784,44.35100845195226,48,gradual,0.04586971812080303,0
27,189,0.6134867654831009,0.24675890096455838,43.050418461705945,47,gradual,0.05225658371434119,0
27,190,0.6247423114401552,0.2216240203000037,42.69699698362737,46,gradual,0.05911109701370132,0
27,191,0.7923708540198566,0.21239529252746975,44.73375513911943,45,gradual,0.06643996319451084,0
27,192,0.7077387967444271,0.2676707681696948,44.03375095189299,44,gradual,0.07424962929415686,0
27,193,0.628012116529897,0.2883904157923582,43.16133500682102,43,gradual,0.08254630645541336,0
27,194,0.44072652391576944,0.3004180295726224,39.920978867868705,42,gradual,0.09133598929189751,0
27,195,0.35284415086615956,0.2980956959065997,40.872041322510626,41,gradual,0.10062447286107656,0
27,196,0.7122580564964776,0.3210826637508555,44.485712275042545,40,gradual,0.11041736763108893,0
27,197,0.5851925604135397,0.33494933128663773,45.84918237921257,39,gradual,0.12072011275183735,0
27,198,0.7423963025159374,0.371476145295704,47.06961230496542,38,gradual,0.13153798788231494,0
27,199,0.7313235895318844,0.3847493042065834,47.17316565851274,37,gradual,0.1428761237804685,0
27,200,0.5636834143778131,0.40234770810860243,43.8383618003547,36,gradual,0.15473951182590254,0
27,201,0.42824214682534095,0.41660389270337633,44.991037394753455,35,gradual,0.16713301261706623,0
27,202,0.5584503277473228,0.452517694099715,45.24000256141308,34,gradual,0.1800613637615455,0
27,203,0.3821690441831188,0.4703175522759058,43.72348792640134,33,gradual,0.19352918695944799,0
27,204,0.8028867728870706,0.5150097331144818,48.16601480669794,32,gradual,0.2075409944646615,0
27,205,0.5297057520204351,,46.13379234683473,31,gradual,0.22210119499627878,0
27,206,0.6359844035400918,0.5421724895786144,47.2364896094151,30,gradual,0.23721409916215047,0
27,207,0.643765656496567,0.5691511756878325,48.278157976662555,29,gradual,0.25288392444793734,0
27,208,0.8570470045111067,0.5150125646751129,51.5873570520932,28,gradual,0.2691147998178378,0
27,209,0.7387305259511886,0.6290475838980119,50.72682940449724,27,gradual,0.28591076996712206,0
27,210,0.8151040882280862,0.6345231760668768,50.3011560198787,26,gradual,0.30327579926148474,0
27,211,0.9213468994254189,0.6942495412175652,52.152425329398866,25,gradual,0.3212137753938818,0
27,212,0.927958388577699,0.6928551132635763,53.27815538232846,24,gradual,0.3397285127858122,0
27,213,0.9382074053497538,0.7460304012803739,52.62078779954547,23,gradual,0.3588237557568171,0
27,214,0.817260787276087,0.8217434424249631,52.0576279929748,22,gradual,0.37850318148324297,0
27,215,0.8784365363858755,0.8009781746510355,53.9190593240361,21,gradual,0.3987704027649424,0
27,216,0.7322330843381541,0.8603614993643678,53.61905443087985,20,gradual,0.41962897061654036,1
27,217,0.72171946958802,0.8498023892727121,53.74793831603975,19,gradual,0.44108237669811245,1
27,218,0.9582036668406914,0.9305331086350006,57.270963905997085,18,gradual,0.46313405559855864,1
27,219,0.8226643210699721,0.9445283803406357,55.624088104148846,17,gradual,0.4857873869835991,1
27,220,0.7644654027582704,0.9302063414371985,54.30786732294123,16,gradual,0.5090456976191177,1
27,221,0.7317032144100282,1.0070278869615201,54.73037420201038,15,gradual,0.5329122632795218,1
27,222,0.797880147401443,1.0190587375292681,57.495733524883406,14,gradual,0.5573903105498633,1
27,223,0.8217951729221661,1.0608048331358944,,13,gradual,0.5824830185296276,1
27,224,0.8723331976325369,1.1190876361449473,59.37796266185403,12,gradual,0.6081935204453797,1
27,225,0.6863674043395002,1.2032491577263906,57.890035663974324,11,gradual,0.634524905178792,1
27,226,0.6017113346355558,1.2493563339140898,57.81574705152393,10,gradual,0.6614802187160013,1
27,227,0.5374783770289693,1.2530098003255983,57.13837190434698,9,gradual,0.6890624655237267,1
27,228,0.7255460268229169,1.3233870688591547,59.08579241910191,8,gradual,0.7172746098571039,1
27,229,0.8107120220061875,1.4097538136495218,61.99711344685534,7,gradual,0.7461195770037843,1
27,230,0.7070976508712914,1.4237250336057141,60.840041840459676,6,gradual,0.775600254468463,1
27,231,0.6728820035480829,1.4278834230652278,61.025800555138645,5,gradual,0.8057194931016615,1
27,232,0.5805901313202467,1.4942242034479054,59.45477513553072,4,gradual,0.8364801081762899,1
27,233,0.7168757254166409,,62.35903543228152,3,gradual,0.8678848804152278,1
27,234,0.7480472599278754,1.6131235944479527,63.221262389686395,2,gradual,0.8999365569729202,1
27,235,0.6177122980565507,1.6730236615640324,61.945127647462904,1,gradual,0.9326378523737506,1
27,236,0.6989223959943497,1.7517517908989868,64.24784156020525,0,gradual,0.9659914494097482,1
28,0,0.7711847994877779,0.36851311612310794,34.652617101449586,217,gradual,0.0,0
28,1,0.6939257024971751,0.3576384569256329,32.14030900189279,216,gradual,0.0,0
28,2,0.7105599688024306,0.39855086816922136,30.68540932347795,215,gradual,0.0,0
28,3,0.7112179775138588,0.45023924718586117,33.04162448209065,214,gradual,0.0,0
28,4,0.8010051065182565,0.43496149614072593,32.67701223142449,213,gradual,0.0,0
28,5,0.6873201026446638,0.42495045244323076,31.64481954823609,212,gradual,0.0,0
28,6,0.9244471268256585,0.49307262879327746,36.28882449867347,211,gradual,0.0,0
28,7,0.7422968855861921,0.4414379216459809,33.19648784657221,210,gradual,0.0,0
28,8,0.7591199814411463,0.3335394355714284,32.826413326490666,209,gradual,0.0,0
28,9,0.8611733447744276,0.4391444847535698,34.761953334830615,208,gradual,0.0,0
28,10,0.7461899246031551,0.40291728819954625,32.865836523525125,207,gradual,0.0,0
28,11,0.8318521211506226,0.42787215511809656,33.69217218123487,206,gradual,0.0,0
28,12,0.8954349076656192,0.43505447573827255,34.32577004310696,205,gradual,0.0,0
28,13,0.8518334811272075,0.39827121652884206,35.795173252192264,204,gradual,0.0,0
28,14,1.0206699447949037,0.5347159708860048,37.788672047223386,203,gradual,0.0,0
28,15,0.888716855169822,0.4376107812324102,34.90334750664414,202,gradual,0.0,0
28,16,0.8059401197253674,0.4384073967659982,33.36100185748345,201,gradual,0.0,0
28,17,0.9737011879120807,0.4976156293082255,36.76685062956009,200,gradual,0.0,0
28,18,0.6714303415704969,0.4191767771167607,32.47035051374197,199,gradual,0.0,0
28,19,0.7400732414076441,0.3781983498864944,,198,gradual,0.0,0
28,20,0.7488386262044231,0.3943475687439801,32.82649172609329,197,gradual,0.0,0
28,21,0.6022086589273994,0.3987723246459429,32.290478954214485,196,gradual,0.0,0
28,22,0.8672474488263862,0.4718177036470413,35.479330256777295,195,gradual,0.0,0
28,23,0.6804374601438841,0.406802727471391,32.294365237907606,194,gradual,0.0,0
28,24,0.6576247617499228,0.4254658250654091,33.71028516607529,193,gradual,0.0,0
28,25,0.8718420436506191,0.41580415494206546,35.40278028433796,192,gradual,0.0,0
28,26,0.6581451358636201,0.3831893708192922,33.003616206843034,191,gradual,0.0,0
28,27,0.7644524244899094,0.40180856828032824,34.68443580072573,190,gradual,0.0,0
28,28,0.7588071914569307,0.3962015422788762,33.00327766329333,189,gradual,0.0,0
28,29,0.7696189103557907,0.4048752686197542,34.401705327828026,188,gradual,0.0,0
28,30,0.7408036327461692,0.4351241224869405,,187,gradual,0.0,0
28,31,0.779732629827061,0.4263351186643287,33.52153068651689,186,gradual,0.0,0
28,32,0.7432455131647814,0.37803384206890533,31.058532981526977,185,gradual,0.0,0
28,33,0.5386876534647929,0.34118625028268396,30.91015322590516,184,gradual,0.0,0
28,34,0.5851239718402025,0.43627066840269,32.869011044850794,183,gradual,0.0,0
28,35,0.7123229215098874,0.4327509281866383,31.825261580296324,182,gradual,0.0,0
28,36,0.7382629557556204,0.3977844310609543,32.60366702996818,181,gradual,0.0,0
28,37,0.37233130169077344,0.31622969761428743,29.783707361244904,180,gradual,0.0,0
28,38,0.6021677971691699,0.3826726556814203,31.388169751279467,179,gradual,0.0,0
28,39,0.30333649525696277,0.32305427965616057,,178,gradual,0.0,0
28,40,0.5709013335365469,0.4164305394965169,,177,gradual,0.0,0
28,41,0.40817227168066905,0.3654452008369694,32.31623410628702,176,gradual,0.0,0
28,42,0.4685720528389706,0.33894153461142773,30.447295382372722,175,gradual,0.0,0
28,43,0.5345764210497714,0.3425084461474177,31.152518735514764,174,gradual,0.0,0
28,44,0.5834604624184746,0.37187541655734263,31.253841982064902,173,gradual,0.0,0
28,45,0.45827529618699736,0.36817305960781294,29.737605509650972,172,gradual,0.0,0
28,46,0.4793985386973627,0.34394585956474083,29.767730930614004,171,gradual,0.0,0
28,47,0.7765038614521184,0.37226623958998617,33.644052945723864,170,gradual,0.0,0
28,48,0.5927621928943652,0.3138348184361526,,169,gradual,0.0,0
28,49,0.667423730971419,0.32646369757743243,34.688917662437994,168,gradual,0.0,0
28,50,0.660188606106896,0.40720787256013125,33.49327651083544,167,gradual,0.0,0
28,51,0.9546941450607764,0.42525869493364765,35.49440948225627,166,gradual,0.0,0
28,52,0.634898918003688,0.40236175172887256,32.18956201524135,165,gradual,0.0,0
28,53,0.8268216681977631,0.39105831072819813,33.90581123274166,164,gradual,0.0,0
28,54,0.7763484124115242,0.34220308504410984,37.531919392722834,163,gradual,0.0,0
28,55,0.8611315639658028,0.4461757915685492,36.017613809001276,162,gradual,0.0,0
28,56,0.8610504813248813,0.36633984475144593,35.193052898272285,161,gradual,0.0,0
28,57,0.8119297655325793,0.428396766405098,34.03135203610191,160,gradual,0.0,0
28,58,0.8746039901470798,0.43879925211902254,33.72826434484432,159,gradual,0.0,0
28,59,0.9535871508845545,0.46298724224294446,35.69224907115293,158,gradual,0.0,0
28,60,0.8225946029371954,0.42059844342584385,34.85124493095819,157,gradual,0.0,0
28,61,0.8531369353158132,0.4135044934879741,35.92879850109771,156,gradual,0.0,0
28,62,0.909279179135378,0.49683363668562813,35.97774473318921,155,gradual,0.0,0
28,63,0.915931485226607,0.39479578225668094,35.4896752466399,154,gradual,0.0,0
28,64,0.882747566024228,0.45376689523873914,36.9981755505412,153,gradual,0.0,0
28,65,0.849546188149503,0.44786002581307066,33.923340013437524,152,gradual,0.0,0
28,66,0.9192676976971441,0.44386888566865873,35.47722906312768,151,gradual,0.0,0
28,67,0.8627171257072805,0.4577601800265352,35.211184920503335,150,gradual,0.0,0
28,68,0.8292269323135874,0.4460438019862738,35.20106005217767,149,gradual,0.0,0
28,69,0.6459484754710307,0.43012981189713345,33.791024228535036,148,gradual,0.0,0
28,70,0.7912563500417923,0.4321201696601177,34.467180256911284,147,gradual,0.0,0
28,71,0.7627171809921298,0.4287815209465554,34.0902599090369,146,gradual,0.0,0
28,72,0.8165614031207782,0.3670549580848795,36.178843282013545,145,gradual,0.0,0
28,73,0.8323720639653036,0.40579658097882043,35.8840464383349,144,gradual,0.0,0
28,74,0.7198706207020213,0.40656986355310704,34.140064777830005,143,gradual,0.0,0
28,75,0.6285278775102816,0.4156992668417602,33.34550446498543,142,gradual,0.0,0
28,76,0.7870783119626672,0.4951747097431842,33.64510753481126,141,gradual,0.0,0
28,77,0.7159469920433931,0.40366899070176826,32.263660687865496,140,gradual,0.0,0
28,78,0.7887684492875766,0.4691831510134629,35.251123888741766,139,gradual,0.0,0
28,79,0.7297291321530213,0.44568614144456964,32.43882705306335,138,gradual,0.0,0
28,80,0.6914537272786172,0.36484397815632413,33.446302779566416,137,gradual,0.0,0
28,81,0.5530540125884054,0.3417932559035545,30.791333178826857,136,gradual,0.0,0
28,82,0.5832177933513412,0.3673353801926275,34.095460875967014,135,gradual,0.0,0
28,83,0.8313905112369762,0.4039862279171309,35.511177091537945,134,gradual,0.0,0
28,84,0.6260702649262231,0.40072365732286264,34.2852427128623,133,gradual,0.0,0
28,85,0.5681144810952087,0.294818720166596,31.1025734845289,132,gradual,0.0,0
28,86,0.6335095450094709,0.34876178020516485,,131,gradual,0.0,0
28,87,0.49032979381874386,0.35409427738379723,31.14238659435426,130,gradual,0.0,0
28,88,0.6181302990706519,0.36367990616214996,34.295356816362265,129,gradual,0.0,0
28,89,0.6488248338259243,0.36800324011378216,34.04330375893159,128,gradual,0.0,0
28,90,0.5561035933170255,0.3401032393260983,32.39954773805156,127,gradual,0.0,0
28,91,0.4682897229954786,0.3490720190424339,,126,gradual,0.0,0
28,92,0.5179814426358983,0.3442929918811553,31.970248593668213,125,gradual,0.0,0
28,93,0.6488152265930974,0.3390273967410797,31.9319109927346,124,gradual,0.0,0
28,94,0.6021573459200181,0.3504453722983182,31.14140585186638,123,gradual,0.0,0
28,95,0.4971567616516438,0.3499908082471312,32.040161552397535,122,gradual,0.0,0
28,96,0.40340158037067375,0.2955170900656007,30.12322412987789,121,gradual,0.0,0
28,97,0.47919336563443743,0.3802705587985543,30.83068056667383,120,gradual,0.0,0
28,98,0.7738068210406639,0.3710092973686516,34.954934677452165,119,gradual,0.0,0
28,99,0.7640945342011903,0.4177492026570672,33.38718766877846,118,gradual,0.0,0
28,100,0.5384599086655552,0.2970050255788754,32.674577026553884,117,gradual,0.0,0
28,101,0.7149259749571983,0.424347673099979,35.4683812238047,116,gradual,0.0,0
28,102,0.795441472044,0.42148619535426757,36.80659098667894,115,gradual,0.0,0
28,103,0.7334943085464954,0.4165379011567173,35.21378112841085,114,gradual,0.0,0
28,104,0.791158751152123,0.39445284666356256,33.68938838890116,113,gradual,0.0,0
28,105,0.9007654108887523,0.43235424535337463,36.63459705462042,112,gradual,0.0,0
28,106,0.6992004377420009,0.3264109260005478,33.956773883870895,111,gradual,0.0,0
28,107,0.8162022883771661,0.44179635384294086,36.37282861036348,110,gradual,0.0,0
28,108,0.6130335824728944,0.3417128920792734,34.012228502436855,109,gradual,0.0,0
28,109,0.6922790863146319,0.3574040881047021,32.78522120226922,108,gradual,0.0,0
28,110,0.6601243789993624,0.3871257913146976,33.521227462321164,107,gradual,0.0,0
28,111,0.9570678933049179,0.4752030582401781,37.34389902656893,106,gradual,0.0,0
28,112,0.8808356658555937,0.44923672977961926,35.1173792731156,105,gradual,0.0,0
28,113,0.8802557578134482,0.41129622607637933,,104,gradual,0.0,0
28,114,0.9117987677323869,0.41271035889356067,36.70223183989628,103,gradual,0.0,0
28,115,0.9743491987953049,0.4648599369926461,38.705802089543745,102,gradual,0.0,0
28,116,0.7478641710476627,0.3722667172463971,33.96128941879869,101,gradual,0.0,0
28,117,0.9664389830341944,0.49782111089229186,35.38686913188317,100,gradual,0.0,0
28,118,0.8757778948513099,0.42795297922442394,35.50831799543132,99,gradual,0.0,0
28,119,0.8990315094877736,0.4364349723732965,36.04267512911407,98,gradual,0.0,0
28,120,0.7300908882170832,0.3873064259751581,33.24376251524547,97,gradual,0.0,0
28,121,0.7115882588331833,,34.47322068864065,96,gradual,0.0,0
28,122,0.8208429032676618,0.4075628018821408,34.9656698240741,95,gradual,0.0,0
28,123,0.794956659023391,0.4113295207119587,34.79377379184091,94,gradual,0.0,0
28,124,0.7365741741551783,0.3893117093345069,34.413145030752055,93,gradual,0.0,0
28,125,0.760355792633514,0.393948749178662,34.48251634496325,92,gradual,0.0,0
28,126,0.7629940705827997,0.4341141019808909,35.60177905795525,91,gradual,0.0,0
28,127,0.6431886453376816,0.383214370982746,34.17112848334708,90,gradual,0.0,0
28,128,0.586111075994996,0.4136207494251557,32.81402989174233,89,gradual,0.0,0
28,129,0.8092101301179647,0.3648417399621295,36.13831860726188,88,gradual,0.0,0
28,130,0.825133827450078,0.43482338098657036,36.0505446925513,87,gradual,0.0,0
28,131,0.6061337631370891,0.394900614898497,32.750460753154314,86,gradual,0.0,0
28,132,0.5923245279052906,0.38675371437023165,32.40210361859316,85,gradual,0.0,0
28,133,0.5446848962945016,0.3076724372616655,34.46383078513491,84,gradual,0.0,0
28,134,0.6446620913954819,0.36609905131426584,32.74143510635388,83,gradual,0.0,0
28,135,0.7747385849154839,0.38841804336198804,36.08269633711441,82,gradual,0.0,0
28,136,0.6151523042097689,0.394850992513824,32.90068169063182,81,gradual,0.0,0
28,137,0.542055622265625,0.35378257522313156,31.5226697068207,80,gradual,0.0,0
28,138,0.6642083730561674,0.34849332177002523,34.54694899670216,79,gradual,0.0,0
28,139,0.4867781716067773,0.3458362419256909,31.93463871273667,78,gradual,0.0,0
28,140,0.5233765000728889,0.36442855922148315,30.59701671201741,77,gradual,0.0,0
28,141,0.6375509391406724,0.3564641637174849,34.006566765919715,76,gradual,0.0,0
28,142,0.4859392882389143,0.37998575370122656,31.049268883462954,75,gradual,0.0,0
28,143,0.5195306385883935,0.39370151033719264,32.067136914301955,74,gradual,0.0,0
28,144,0.5439789242832818,0.3394064051566724,32.081551295552785,73,gradual,0.0,0
28,145,0.6609694174791343,0.3660369095610315,32.74367748829749,72,gradual,0.0,0
28,146,0.7016695544048318,,34.36227423864439,71,gradual,0.0,0
28,147,0.5442929863167386,0.3838621733624411,31.966675151773902,70,gradual,0.0,0
28,148,0.6565520317420644,0.38526886242453606,34.24066953061264,69,gradual,0.0,0
28,149,0.604368214774307,0.45876887544590905,32.88848394280359,68,gradual,0.0,0
28,150,0.657268321768691,0.340463280859189,33.027737129081764,67,gradual,0.0,0
28,151,0.8772146002451925,,35.62233335941128,66,gradual,0.0,0
28,152,0.47939645429519506,0.3254410949423668,30.888245468775086,65,gradual,0.0,0
28,153,0.7593227104933078,0.4625796982830706,35.130668143655555,64,gradual,0.0,0
28,154,0.7892173578191732,0.3919189905816069,34.153783842141635,63,gradual,0.0,0
28,155,0.7136993277133572,0.3843067861590318,35.21033538571291,62,gradual,0.00010153001641466453,0
28,156,0.8009208070391707,0.43284535715885625,38.15985355898653,61,gradual,0.0008271032574022413,0
28,157,0.6531334524517856,0.3602304197340106,34.05631749320103,60,gradual,0.002182766524859189,0
28,158,0.6702757524033545,0.386376152163558,32.56051639267106,59,gradual,0.004132768123415668,0
28,159,0.7975239347099274,0.3516599402375411,34.98609946487549,58,gradual,0.006655478157477984,0
28,160,0.8461236477617825,0.46236962318061003,35.40097822127998,57,gradual,0.009735425319939648,0
28,161,0.7906074705091292,0.3963777953867346,36.38118188130715,56,gradual,0.013360614860126385,0
28,162,0.9069717411309348,0.43971956335754886,38.14029250274696,55,gradual,0.017521284073252336,0
28,163,0.7783425863981177,0.3792684261449639,35.25741158818256,54,gradual,0.02220922218294387,0
28,164,0.97133764000729,0.5089873374745992,38.178929880609004,53,gradual,0.02741735822795545,0
28,165,0.6306280631390351,0.4811696165722594,35.68049686047092,52,gradual,0.03313949269083342,0
28,166,0.8321658766828889,0.4402550080664616,37.34358844240759,51,gradual,0.039370113139865194,0
28,167,0.8263398109335743,0.471353911298977,36.24856088009522,50,gradual,0.04610426223834672,0
28,168,1.0101914652204271,0.5006910930235475,,49,gradual,0.05333744007552749,0
28,169,0.795754613772252,0.47956042374784646,35.02109442919651,48,gradual,0.06106552991778075,0
28,170,0.7703131455416528,0.5074748340152507,37.353104174073195,47,gradual,0.06928474048002906,0
28,171,0.7452169839189218,0.46653529145457856,38.3404456840502,46,gradual,0.07799156017857665,0
28,172,0.745051275237447,0.48643700907457194,34.876426338726894,45,gradual,0.08718272028128053,0
28,173,0.7592470879435901,,36.68160718261984,44,gradual,0.09685516480068107,0
28,174,0.7105066826304465,0.46355683905779926,37.338862799462895,43,gradual,0.10700602558871776,0
28,175,0.818428656871496,0.5133860574485233,38.43483788482931,42,gradual,0.11763260150696056,0
28,176,0.7471612470863798,0.48061448115314015,37.473900948064596,41,gradual,0.12873234083441262,0
28,177,0.8522140145821634,0.5449386048987435,38.07154609055222,40,gradual,0.14030282627906904,0
28,178,0.6610791029211684,0.48930653714787975,35.41293506549185,39,gradual,0.1523417621067606,0
28,179,0.7229896615288409,0.6012338013438492,37.186942696651215,38,gradual,0.16484696300896065,0
28,180,0.73769694311016,0.5405177674801659,38.477209800039525,37,gradual,0.17781634441182087,0
28,181,0.817828426563173,0.5926221135210613,38.94936289281006,36,gradual,0.19124791398957444,0
28,182,0.7175528938799056,0.6104780012914248,38.236266577156464,35,gradual,0.20513976419200497,0
28,183,0.4851346916055055,0.5558501240023703,34.96635418288049,34,gradual,0.21949006563169632,0
28,184,0.616966857867574,0.6277653611956769,37.80854738988972,33,gradual,0.23429706120493293,0
28,185,0.5973425060255917,0.621618137818728,36.30271382824648,32,gradual,0.24955906084234183,0
28,186,0.6027030996051459,0.6162548744324164,39.09471276015849,31,gradual,0.2652744368030615,0
28,187,0.44068453403097363,0.6355643474127858,37.65787320563976,30,gradual,0.2814416194404305,0
28,188,0.6425713508883055,0.6393345616277951,39.64681741371155,29,gradual,0.29805909337868214,0
28,189,0.5065944199951932,0.6121732663960149,38.28671779747343,28,gradual,0.31512539404949896,0
28,190,0.48137811082085485,0.6943148063609169,38.59961785734105,27,gradual,0.3326391045449622,0
28,191,0.7396038865577675,0.733850671499484,41.4459079680577,26,gradual,0.35059885274977676,0
28,192,0.4862819850850315,0.6736425375137427,39.26750790072823,25,gradual,0.36900330872091436,0
28,193,0.521803474048836,0.7017061226633544,38.9006569245535,24,gradual,0.38785118228721854,0
28,194,0.805790580405062,0.8025658799248517,42.3140384665627,23,gradual,0.407141220845203,0
28,195,0.35628673040452774,0.699977335089335,37.84775218015114,22,gradual,0.4268722073303854,0
28,196,0.644640443694895,0.82192525305523,43.67834064812508,21,gradual,0.44704295834614144,0
28,197,0.6659726104192474,0.7857788795777305,43.49357924838161,20,gradual,0.4676523224342997,1
28,198,0.49068467371549407,0.7760559897976405,41.61196563199364,19,gradual,0.4886991784736255,1
28,199,0.5565539830496978,0.8528668321512111,42.6966821708855,18,gradual,0.5101824341939774,1
28,200,0.7399597329368189,0.8979455733552552,45.52110482785898,17,gradual,0.5321010247953473,1
28,201,0.43684297173491915,0.8934390056545327,41.95147517402573,16,gradual,0.5544539116622093,1
28,202,0.6188238778916086,0.9463968135402098,43.54139513940511,15,gradual,0.5772400811646746,1
28,203,0.693205803218571,0.9674205773171413,47.056372782582024,14,gradual,0.6004585435388683,1
28,204,0.8112075346431473,1.0864431710625149,47.456427711288626,13,gradual,0.6241083318397481,1
28,205,0.6489741124146403,0.9467743184832695,45.40404751394782,12,gradual,0.6481885009603023,1
28,206,0.8776167716729847,1.145156376208663,49.718665518595614,11,gradual,0.6726981267116677,1
28,207,0.624904216299209,1.1014408491827434,46.955064880583265,10,gradual,0.6976363049592705,1
28,208,0.8018820909923199,1.1045406322922728,50.80875010451174,9,gradual,0.7230021508105617,1
28,209,0.7234230901529293,1.1678189450348067,49.18081683734382,8,gradual,0.7487947978503539,1
28,210,0.7403708910750202,1.1847714916406573,49.11660459912559,7,gradual,0.7750133974201359,1
28,211,0.7879026010435011,1.2173194816697683,50.121090116728105,6,gradual,0.8016571179380879,1
28,212,0.8101763533353136,1.2380788782885712,51.387005692304946,5,gradual,0.8287251442568085,1
28,213,0.8316477740944314,1.234734729277716,52.82431324412743,4,gradual,0.8562166770560379,1
28,214,0.7087853110159852,1.316333771725345,52.557635957797295,3,gradual,0.8841309322679031,1
28,215,0.870689380093544,1.302307831906136,55.07168257629282,2,gradual,0.9124671405324172,1
28,216,1.0020233606987223,1.3723795888446633,55.53081613315327,1,gradual,0.9412245466811678,1
28,217,0.8343248187999266,1.3680233095944527,54.34922532941778,0,gradual,0.9704024092472917,1
29,0,0.5348255327060984,0.39564599301292286,36.68318869287679,312,gradual,0.0,0
29,1,0.7982492174097803,0.5348104713929185,41.72699757159897,311,gradual,0.0,0
29,2,0.7236821485555274,0.3723744107991165,38.661587131610055,310,gradual,0.0,0
29,3,0.7034875048614664,0.4172834868215754,40.361724817786815,309,gradual,0.0,0
29,4,0.782765871433729,0.42739565077892155,41.22232606517814,308,gradual,0.0,0
29,5,0.6420703161295723,0.3858118752860279,39.15356378335923,307,gradual,0.0,0
29,6,0.7396524252432202,0.4067772209328978,39.8066790126872,306,gradual,0.0,0
29,7,0.8413196060919375,0.4870344059264068,40.53194706604818,305,gradual,0.0,0
29,8,0.8552701472097224,0.397518663293779,42.00410687957791,304,gradual,0.0,0
29,9,0.8460319890317382,0.4707212281697563,40.884230458395876,303,gradual,0.0,0
29,10,0.761918395641018,0.4216698954699084,38.90727004177489,302,gradual,0.0,0
29,11,0.8057967603329885,0.4634448991956314,39.03049952687891,301,gradual,0.0,0
29,12,0.791890902321959,0.4621542043895538,41.499314579584805,300,gradual,0.0,0
29,13,0.9373025190116318,0.4674980777840924,43.14768993698936,299,gradual,0.0,0
29,14,0.9096098822089994,,40.690455243264324,298,gradual,0.0,0
29,15,0.7818044774036959,0.4264835384068445,41.06389909933349,297,gradual,0.0,0
29,16,0.8112456267464709,0.4216002110186551,40.947148891601195,296,gradual,0.0,0
29,17,0.8096037184892424,0.4113304264697447,39.39656237075574,295,gradual,0.0,0
29,18,0.7379540110838789,0.4406727295028008,38.923085591241595,294,gradual,0.0,0
29,19,0.8574349910769772,0.4541123687563118,41.44316923120491,293,gradual,0.0,0
29,20,0.9158040691988084,0.4177958102324049,41.99630982934715,292,gradual,0.0,0
29,21,0.7638475218928833,0.4105469633075074,39.2280393952733,291,gradual,0.0,0
29,22,0.73736292551614,0.4141609217298984,39.15624367041768,290,gradual,0.0,0
29,23,0.8771849989922261,0.45193049482487196,41.866763941293954,289,gradual,0.0,0
29,24,0.9341693757635163,0.4767039556758672,42.574030476099374,288,gradual,0.0,0
29,25,0.8145183108140358,0.4395603997463926,40.957039339800446,287,gradual,0.0,0
29,26,0.6971524611134122,0.3404173998942023,39.68003987450543,286,gradual,0.0,0
29,27,0.7980499356541956,0.48928696001652305,39.30242141336554,285,gradual,0.0,0
29,28,0.839823894220132,,41.24535973586286,284,gradual,0.0,0
29,29,0.534069631026894,0.3471047156694711,37.96556926283275,283,gradual,0.0,0
29,30,0.5786217986870252,0.36509504073547006,38.39952042346558,282,gradual,0.0,0
29,31,0.8417197458797123,0.4566477198094952,42.409973511513435,281,gradual,0.0,0
29,32,0.6984279898166615,0.46433616699520036,40.12151836077332,280,gradual,0.0,0
29,33,0.7229970327080881,0.4671082130190477,41.016317411576814,279,gradual,0.0,0
29,34,0.8870735230815889,0.4227728791913977,42.411068496422715,278,gradual,0.0,0
29,35,0.6498694526565805,0.41637384130645305,39.25639887079299,277,gradual,0.0,0
29,36,0.6054057089326339,,39.57939272808376,276,gradual,0.0,0
29,37,0.5782163559985185,0.33467249572235114,37.94576800420954,275,gradual,0.0,0
29,38,0.689222015488625,0.3905529908189045,40.53844146197037,274,gradual,0.0,0
29,39,0.8183389133926771,0.4291002290494867,40.00752345693336,273,gradual,0.0,0
29,40,0.5881781642074445,0.3955965940057314,37.292953816403326,272,gradual,0.0,0
29,41,0.6340611095981635,0.3957069591058483,38.92040536215457,271,gradual,0.0,0
29,42,0.6025785295662907,0.3812623588075703,39.5101147139549,270,gradual,0.0,0
29,43,0.4154361549204475,0.3913368429920862,35.500367362366056,269,gradual,0.0,0
29,44,0.5942984588546192,0.3933436695704103,38.67343926603756,268,gradual,0.0,0
29,45,0.6993157488692072,0.40705443168682526,37.63834160852015,267,gradual,0.0,0
29,46,0.5552783536451953,0.3353577429017236,37.39108236223121,266,gradual,0.0,0
29,47,0.5100879122462358,0.3650325164458431,37.14965322463105,265,gradual,0.0,0
29,48,0.5877076967921825,0.41554906071835246,37.618013513426284,264,gradual,0.0,0
29,49,0.4641823068236055,0.3337698098275932,34.796764219405766,263,gradual,0.0,0
29,50,0.6211132982871874,0.3638710374460075,36.74984841679594,262,gradual,0.0,0
29,51,0.6770288881555777,0.3893716458500464,38.72777763526823,261,gradual,0.0,0
29,52,0.5473557565352579,0.3730805965070273,34.556735858868734,260,gradual,0.0,0
29,53,0.5675379978849744,0.3657212337191404,,259,gradual,0.0,0
29,54,0.6703614643488759,0.3869981903282436,40.49701218517817,258,gradual,0.0,0
29,55,0.7033881746176631,0.42946016230546347,40.427138507905276,257,gradual,0.0,0
29,56,0.5573579597888273,,37.64645157460958,256,gradual,0.0,0
29,57,0.6775408158625271,0.4079679189341714,38.92643465699872,255,gradual,0.0,0
29,58,0.5261290898350782,0.3778797071887027,39.53096551109759,254,gradual,0.0,0
29,59,0.6170921105714366,,36.16633193213001,253,gradual,0.0,0
29,60,0.5990352881924639,0.42338491826810315,39.49472428717135,252,gradual,0.0,0
29,61,0.7934615675236251,0.4927119406290691,40.6541811076729,251,gradual,0.0,0
29,62,0.655822779809256,0.41347994078949,39.11882425933338,250,gradual,0.0,0
29,63,0.595239174354734,0.3795845336435984,38.67544224207409,249,gradual,0.0,0
29,64,0.7140669642713652,0.4629250042148687,40.07663035915841,248,gradual,0.0,0
29,65,0.61440905032706,0.3990198313396484,36.10475322618252,247,gradual,0.0,0
29,66,0.5610970074371692,0.39415987291960075,37.82402080567423,246,gradual,0.0,0
29,67,0.6026740384433877,0.3915829883532098,40.29480035066891,245,gradual,0.0,0
29,68,0.6778679381098136,0.4087098390274547,40.41199448089693,244,gradual,0.0,0
29,69,0.7897765165485539,0.437186460226687,40.5977679905364,243,gradual,0.0,0
29,70,0.5680663326599558,0.43302948266111146,38.05697668894823,242,gradual,0.0,0
29,71,0.9083408902630582,0.4441390773495177,41.562601608137555,241,gradual,0.0,0
29,72,0.7500995590431468,0.43710445455455105,39.169891889377396,240,gradual,0.0,0
29,73,0.9213500683063403,0.5253823615148544,43.00145196417951,239,gradual,0.0,0
29,74,0.6752588363279445,0.41333938041268586,40.0424145113253,238,gradual,0.0,0
29,75,0.9582098498750966,0.4392567870785071,41.798301141650654,237,gradual,0.0,0
29,76,0.7228570888523094,0.4407629939163661,39.83898083521362,236,gradual,0.0,0
29,77,0.8541509751541418,0.5048557462848027,40.30076716011888,235,gradual,0.0,0
29,78,0.9987243185972152,0.5029491506481144,42.31648105378843,234,gradual,0.0,0
29,79,0.9985528639041499,0.41883993928337815,42.02942130685368,233,gradual,0.0,0
29,80,0.8756631655179289,0.43556726525862544,42.567134604524824,232,gradual,0.0,0
29,81,0.9209291962393312,0.47437525388917,42.991570921158164,231,gradual,0.0,0
29,82,0.839063996649552,0.47994455584392814,40.863192434572184,230,gradual,0.0,0
29,83,0.8202673805908842,0.45771081375082845,39.756239351143535,229,gradual,0.0,0
29,84,0.6111009278915871,0.4192839006098268,37.87301787281554,228,gradual,0.0,0
29,85,0.7570679379512705,0.43216518333980825,38.97465738928191,227,gradual,0.0,0
29,86,0.99026797685072,0.4693583790697833,41.16645125743756,226,gradual,0.0,0
29,87,0.8502732732288585,0.48222980886419814,41.47427523715237,225,gradual,0.0,0
29,88,0.8671724695718269,0.4471669360983651,40.51101825320865,224,gradual,0.0,0
29,89,0.8183240398975029,0.466921385959895,41.58412694616956,223,gradual,0.0,0
29,90,0.9015279532962542,0.48608750332208306,42.886510797042604,222,gradual,0.0,0
29,91,0.9634182697103272,0.5099298863697469,42.18926006283343,221,gradual,0.0,0
29,92,1.0649646518729377,0.4818416465906953,44.19074092481786,220,gradual,0.0,0
29,93,0.9255245252011879,0.47459446714236986,40.6986753520197,219,gradual,0.0,0
29,94,0.8659954924936923,0.5051241654208393,41.82717779779442,218,gradual,0.0,0
29,95,0.6597847154801497,0.4432305609101345,38.7783332617858,217,gradual,0.0,0
29,96,0.8468909136809463,0.4119870746175861,40.04845807779194,216,gradual,0.0,0
29,97,0.9600737900907875,0.4781897560544054,42.77971127464944,215,gradual,0.0,0
29,98,0.8250187812550706,0.41219046865647524,40.37638263653027,214,gradual,0.0,0
29,99,0.8428111403114316,0.4207028045832397,41.096327430080535,213,gradual,0.0,0
29,100,0.9427399108841534,0.43578144880244146,41.64740292607977,212,gradual,0.0,0
29,101,0.8523812264595215,0.40915108762670827,41.34743686921944,211,gradual,0.0,0
29,102,0.5365142857680774,0.34451636994222157,36.74310032156389,210,gradual,0.0,0
29,103,0.7143320616049126,0.45917852654159613,40.3041146719824,209,gradual,0.0,0
29,104,0.5829914162688498,0.42558043107844157,36.627489775590675,208,gradual,0.0,0
29,105,0.5228285218468544,0.37779020721043255,37.39834559445735,207,gradual,0.0,0
29,106,0.5118025584432181,0.3758652965731,37.34113451286125,206,gradual,0.0,0
29,107,0.6482288526920102,0.3563998885977166,37.57655324812826,205,gradual,0.0,0
29,108,0.5501718460055218,0.41649430556908607,37.7923860553282,204,gradual,0.0,0
29,109,0.5637474404403938,0.3673480105335496,39.07749938374237,203,gradual,0.0,0
29,110,0.5170609433408985,0.40866469946329564,37.31677057541615,202,gradual,0.0,0
29,111,0.48412870295860977,0.36766145595422584,,201,gradual,0.0,0
29,112,0.7665563202802379,0.4054088475522005,37.98617794476096,200,gradual,0.0,0
29,113,0.46337731204583765,0.32076206867289037,35.5598326348576,199,gradual,0.0,0
29,114,0.507162378023599,0.35474036770500095,35.94594454938212,198,gradual,0.0,0
29,115,0.7037087645101606,0.4059745105429471,39.598084688562665,197,gradual,0.0,0
29,116,0.5303176719940959,0.41311638744209855,38.06497806559646,196,gradual,0.0,0
29,117,0.4098686154348764,0.31073708590764004,35.90272675078259,195,gradual,0.0,0
29,118,0.5728211784929405,0.37808593351747627,,194,gradual,0.0,0
29,119,0.5581806582592117,0.39408824818956806,38.327557520304,193,gradual,0.0,0
29,120,0.581758395003158,0.4080746013906486,39.72614076115236,192,gradual,0.0,0
29,121,0.5943008012015532,0.3946580885436047,38.74014278560519,191,gradual,0.0,0
29,122,0.4728910986654552,0.38455968871030205,36.39504356852866,190,gradual,0.0,0
29,123,0.5058181184288496,0.4336153984845005,36.94314861468832,189,gradual,0.0,0
29,124,0.6574324216042513,0.4041543282651813,39.18232645747372,188,gradual,0.0,0
29,125,0.5829697712182295,0.4303219063167249,38.10723415099214,187,gradual,0.0,0
29,126,0.3815494061701399,0.37769520613323604,34.47632063295179,186,gradual,0.0,0
29,127,0.6219665484195316,0.4008473774065459,39.23497449593411,185,gradual,0.0,0
29,128,0.5876170628228377,0.4082032242493028,37.444278805319264,184,gradual,0.0,0
29,129,0.6173273108935405,0.4143244067607067,38.8458613332154,183,gradual,0.0,0
29,130,0.5352262772042882,0.41089381547847176,36.496348247555005,182,gradual,0.0,0
29,131,0.6168669401723406,0.37765988424977237,37.54719202588811,181,gradual,0.0,0
29,132,0.6719609554692251,0.3831932416884335,,180,gradual,0.0,0
29,133,0.7123077670147264,0.43765479525902284,38.86644199511458,179,gradual,0.0,0
29,134,0.6442090334943554,0.39677772509885484,39.39446907385995,178,gradual,0.0,0
29,135,0.8409346597696168,0.4371336123436471,38.85301232407215,177,gradual,0.0,0
29,136,0.673205554932284,0.4025095867646569,38.530956390878316,176,gradual,0.0,0
29,137,0.5690083426505772,0.3809377245980522,37.621859512926505,175,gradual,0.0,0
29,138,0.7176205801604928,0.4482016705697587,39.128365215582804,174,gradual,0.0,0
29,139,0.7553751115591507,0.4061609747684243,39.19402309727725,173,gradual,0.0,0
29,140,0.7556748607195299,0.40296387636964626,41.11843984227677,172,gradual,0.0,0
29,141,0.7138353064140871,0.4015474066580095,38.693296793935424,171,gradual,0.0,0
29,142,0.9039377863105573,0.4630126185668409,41.81157237967936,170,gradual,0.0,0
29,143,0.8605067492480296,0.47543914044256935,41.135591416681386,169,gradual,0.0,0
29,144,0.7510403302819261,0.46027159623155395,39.360180881690994,168,gradual,0.0,0
29,145,0.914503823923027,0.45690293554503103,40.3275612171537,167,gradual,0.0,0
29,146,0.8253517684952054,0.4554688961015632,39.23998941782096,166,gradual,0.0,0
29,147,0.7117444533702092,0.4798150084990643,41.385962289547805,165,gradual,0.0,0
29,148,0.8186860437071654,0.4278815209458151,40.147528851414336,164,gradual,0.0,0
29,149,0.7781425117953714,0.42898032968834776,40.552454362857496,163,gradual,0.0,0
29,150,0.7246783772054444,0.44312561837187925,38.51032270342613,162,gradual,0.0,0
29,151,0.6967128667507071,0.37307111925299735,38.485061372581036,161,gradual,0.0,0
29,152,0.9779322296948156,0.5086321161941038,45.41253200186913,160,gradual,0.0,0
29,153,0.8721427604715605,0.5045216466518626,38.761688592381844,159,gradual,0.0,0
29,154,1.0595016926751257,0.5003741894956191,42.967223691159106,158,gradual,0.0,0
29,155,0.9914051327307308,0.5428815644969419,43.198154448388024,157,gradual,0.0,0
29,156,0.9238260120068171,0.5012522806175453,41.65262028876127,156,gradual,0.0,0
29,157,0.6869980864174632,0.4192082452024332,39.06751616885132,155,gradual,0.0,0
29,158,0.8442734863356608,0.4430051487852196,41.312825521665296,154,gradual,0.0,0
29,159,0.6345968217604238,0.39804733928623814,37.476763494609024,153,gradual,0.0,0
29,160,0.7313371257670704,0.4278444860401814,41.13729328161046,152,gradual,0.0,0
29,161,0.8833464892383249,0.45520489673395154,40.26478618796142,151,gradual,0.0,0
29,162,0.6768611133453195,0.41205861198852745,37.981219810495205,150,gradual,0.0,0
29,163,0.8338311136172789,0.4969197452009727,39.86294129019764,149,gradual,0.0,0
29,164,0.746360086359154,0.3987283941056857,39.78667338117115,148,gradual,0.0,0
29,165,0.719410962532525,0.4006744021511269,40.70636540906682,147,gradual,0.0,0
29,166,0.8348832666178116,0.43566546242858506,42.13262676554441,146,gradual,0.0,0
29,167,0.6795743009815015,0.38929415367901515,39.62822091413852,145,gradual,0.0,0
29,168,0.6250566321230322,0.3865775744995249,36.40513942652862,144,gradual,0.0,0
29,169,0.5528312947609666,0.4066782531371136,37.763283865286226,143,gradual,0.0,0
29,170,0.7695549826364667,0.41204412516961997,38.755689192496014,142,gradual,0.0,0
29,171,0.6540205427534702,0.4172052258073348,37.35789060170541,141,gradual,0.0,0
29,172,0.7282988226321544,0.44295960537329326,38.56964732430706,140,gradual,0.0,0
29,173,0.5463218829376768,0.4049267177612527,36.303855520111604,139,gradual,0.0,0
29,174,0.5868071871789493,0.4125344752851001,38.05153335131418,138,gradual,0.0,0
29,175,0.7361172990901252,0.4522749176230483,40.55488778443316,137,gradual,0.0,0
29,176,0.6475932394152492,0.3611531960373527,38.574363269589576,136,gradual,0.0,0
29,177,0.37113952918814885,0.3671766565983869,34.53142185459708,135,gradual,0.0,0
29,178,0.6163872734458682,0.39473551882525865,39.56052986453448,134,gradual,0.0,0
29,179,0.8265796630754484,0.4496142394449634,41.37820948931905,133,gradual,0.0,0
29,180,0.5931007344452695,0.4291084083496459,37.52574001732755,132,gradual,0.0,0
29,181,0.6233508659198403,0.4818121364145714,39.105414882710534,131,gradual,0.0,0
29,182,0.6251009427229232,0.3438308303314749,39.38853364468545,130,gradual,0.0,0
29,183,0.5579580603866899,0.4386541201900052,38.684243557147155,129,gradual,0.0,0
29,184,0.5938847035354731,0.39715113434897137,37.78117975737422,128,gradual,0.0,0
29,185,0.5349470818752045,0.4132348543830775,37.19375168571649,127,gradual,0.0,0
29,186,0.6353646411181251,0.4098991135683154,37.51962564700521,126,gradual,0.0,0
29,187,0.5827584853196376,0.4064633382830117,36.01892822400764,125,gradual,0.0,0
29,188,0.4974511446798646,0.39806086231620635,35.323586202546174,124,gradual,0.0,0
29,189,0.5808008908104073,0.39925132061478885,38.172236268302875,123,gradual,0.0,0
29,190,0.6904728202608572,,38.41590897744878,122,gradual,0.0,0
29,191,0.48389323365975156,0.35996712876892556,36.40576718863244,121,gradual,0.0,0
29,192,0.4613997789910691,0.3730968057816419,38.12437310579694,120,gradual,0.0,0
29,193,0.5421147013812113,0.4001609162434713,37.39194720945335,119,gradual,0.0,0
29,194,0.5012699674588099,0.3637859677262527,37.41914255888534,118,gradual,0.0,0
29,195,0.6777532909192053,0.356859148959976,38.445524585987286,117,gradual,0.0,0
29,196,0.5417743311670846,0.36910108425410104,35.88738485145288,116,gradual,0.0,0
29,197,0.8237037690314868,0.4322785026131926,40.71813713028189,115,gradual,0.0,0
29,198,0.750984472347501,0.4489117436614075,40.08846542239388,114,gradual,0.0,0
29,199,0.8317343651937869,0.49963112834652423,42.102409795764856,113,gradual,0.0,0
29,200,0.5848023767578435,0.45493188092661024,37.62188530056841,112,gradual,0.0,0
29,201,0.4760387536318246,0.3719074567324503,35.91794776625912,111,gradual,0.0,0
29,202,0.6427511448040462,0.46184166720904546,38.09560400037191,110,gradual,0.0,0
29,203,0.6959892050473354,0.3744766495015001,40.06877479056137,109,gradual,0.0,0
29,204,0.8965876752640454,0.4894905374586269,41.34204153369476,108,gradual,0.0,0
29,205,0.7659839334918332,0.39612275438071326,40.458923868614924,107,gradual,0.0,0
29,206,0.6377093048711626,0.438232662099758,37.380465420571724,106,gradual,0.0,0
29,207,0.7382235110031559,0.40712964796922857,41.06872919617902,105,gradual,0.0,0
29,208,0.8158400160071418,0.434870408876718,41.00414023620116,104,gradual,0.0,0
29,209,0.6583151462931435,0.45197126994930265,40.348471197358656,103,gradual,5.49889134916327e-06,0
29,210,0.9196720142668684,0.5126652809161749,43.5306556901277,102,gradual,0.00032809013591869737,0
29,211,0.8541839006531785,0.4722989760105128,41.87572325352066,101,gradual,0.001020666953326163,0
29,212,0.9853839601431829,0.5294542976120835,42.54135596130249,100,gradual,0.0020255190638117874,0
29,213,0.8039013417660258,0.4720667637937203,40.37798304965811,99,gradual,0.0033146961964045933,0
29,214,0.9003303072160094,0.4813591554015738,40.24550223232231,98,gradual,0.0048699799478574895,0
29,215,1.04042385453239,0.5169927113503474,42.71134433337799,97,gradual,0.006678043718264922,0
29,216,0.9019656171470916,0.47648522469676047,40.935658472036884,96,gradual,0.008728484885596303,0
29,217,0.9023648965450001,0.5326605536825693,41.963017726449024,95,gradual,0.011012833336645845,0
29,218,0.7661609439067827,0.4419906563528803,40.5432277173409,94,gradual,0.01352398425628292,0
29,219,0.9149928223237863,0.5328938039517732,41.094082599643315,93,gradual,0.016255844607242477,0
29,220,0.8118445142459475,0.4882607523383889,39.68158359242938,92,gradual,0.01920309866041931,0
29,221,0.7804938697573169,0.4707221426091544,40.55368671072841,91,gradual,0.022361044939627265,0
29,222,0.8753042954297884,0.489627023928656,42.854416520340756,90,gradual,0.02572547850985243,0
29,223,0.7845364694551579,0.538040647729882,42.415533407067656,89,gradual,0.029292603385403033,0
29,224,0.8482304580353657,0.47153485478956136,39.58318784985794,88,gradual,0.03305896569581077,0
29,225,0.6989250994333648,0.558286241839781,39.212087352607874,87,gradual,0.037021401602285176,0
29,226,0.9921422655461584,0.5481150161491397,42.02629475125573,86,gradual,0.04117699597100215,0
29,227,0.8337179613493648,0.512370113260665,40.518078293438634,85,gradual,0.04552304906691664,0
29,228,0.7397388141847814,0.5480556043639998,41.09771699465619,84,gradual,0.05005704934409142,0
29,229,0.9867132882611819,0.6214752920811047,42.95830909996839,83,gradual,0.054776650948857024,0
29,230,0.8292284900717921,0.5304415302050371,43.407648356135496,82,gradual,0.05967965492080947,0
29,231,0.8633461102166078,0.5578601067221548,41.852316517596556,81,gradual,0.06476399333394105,0
29,232,0.7519257253353383,0.5808313512784409,,80,gradual,0.07002771580335927,0
29,233,0.8271443331306647,0.576628590972745,43.37005990556103,79,gradual,0.07546897791577926,0
29,234,0.7785778539669972,0.6273347834455761,43.5598328792757,78,gradual,0.08108603123971261,0
29,235,0.7994467007801561,0.6075337581171649,43.60276012543123,77,gradual,0.08687721464429622,0
29,236,0.6888109934148611,0.616557478477806,42.08676528856315,76,gradual,0.09284094671097988,0
29,237,0.7340012959131044,0.574827761586349,40.75439311481436,75,gradual,0.09897571906464109,0
29,238,0.8225735219442372,0.5515551026609726,42.77746259458428,74,gradual,0.1052800904834999,0
29,239,0.7669009246711181,0.6339348500645772,42.529007477813565,73,gradual,0.11175268167287583,0
29,240,0.4566133399303404,0.6152948811124925,38.888340197652,72,gradual,0.11839217060810532,0
29,241,0.7512679064851611,0.6024966202487877,41.54694367692357,71,gradual,0.12519728836809144,0
29,242,0.6380591288170623,0.6321793982238245,42.266176304094294,70,gradual,0.13216681539393133,0
29,243,0.6710987216963002,0.6686725901248192,41.120740186132004,69,gradual,0.13929957811756713,0
29,244,0.701683450980274,0.693702666392758,40.581256108977925,68,gradual,0.14659444591395884,0
29,245,0.4698467573057744,0.6400172767080509,39.718519165540606,67,gradual,0.15405032833729715,0
29,246,0.7166230861603324,0.6953070376592666,42.70702302667344,66,gradual,0.1616661726075625,0
29,247,0.6483350219292519,0.6766995941285988,41.3132177256821,65,gradual,0.1694409613185464,0
29,248,0.6531466736502443,0.7554368333318618,43.62317295147354,64,gradual,0.17737371034245952,0
29,249,0.6267302529324407,0.6973055296098694,42.05047998007229,63,gradual,0.18546346690961799,0
29,250,0.32464436263755614,0.6848125161413745,36.099952595341435,62,gradual,0.19370930784453544,0
29,251,0.4984793923536772,0.7155981273521409,40.90062384213709,61,gradual,0.20211033794214914,0
29,252,0.6473590147067604,,41.554570137840116,60,gradual,0.21066568846995265,0
29,253,0.747813724629735,0.801918517775019,43.81865969150733,59,gradual,0.21937451578354977,0
29,254,0.5945908346253646,,41.188356827186816,58,gradual,0.2282360000446427,0
29,255,0.6580675624136256,0.8512606905294599,43.066056162708236,57,gradual,0.23724934403175066,0
29,256,0.4049739190842254,0.77689456700078,41.01529465767188,56,gradual,0.24641377203507012,0
29,257,0.746525931524501,0.8299702975720709,42.69046816396006,55,gradual,0.25572852882784713,0
29,258,0.5232442205973598,0.8546782440616615,44.3468087874896,54,gradual,0.26519287870747255,0
29,259,0.3,0.8197410288580067,40.30366998668149,53,gradual,0.2748061046002379,0
29,260,0.6511815928301928,0.8906864204226137,45.96087585698198,52,gradual,0.2845675072243299,0
29,261,0.42481848144279477,0.8480951056356046,43.55152917514391,51,gradual,0.29447640430620065,0
29,262,0.6523807703951794,0.9860122042741857,45.48714778377163,50,gradual,0.30453212984594324,0
29,263,0.46358009692489244,0.9377253797954836,41.9202052256419,49,gradual,0.3147340334277346,0
29,264,0.5664883593400047,0.9913984629300894,44.213344777097475,48,gradual,0.32508147957179584,0
29,265,0.643099010574796,0.984709122988331,45.44428931819463,47,gradual,0.33557384712465416,0
29,266,0.6332132263021389,0.9978141508757117,45.641246761507325,46,gradual,0.3462105286847959,0
29,267,0.5488697031127152,1.005138977688902,42.73701102597144,45,gradual,0.3569909300610711,0
29,268,0.578273019260791,1.0456024551220642,46.46379854516057,44,gradual,0.36791446976144215,0
29,269,0.6088642784759671,1.1378725259428495,46.951000200408046,43,gradual,0.37898057850989264,0
29,270,0.6247893890993013,1.051200795459408,47.83675059262349,42,gradual,0.39018869878949625,0
29,271,0.479953647346015,1.0994248993639708,46.612019543696235,41,gradual,0.40153828440982425,0
29,272,0.6998037519755581,1.1394716200124113,49.283659672352805,40,gradual,0.4130288000970195,0
29,273,0.7414822871871571,1.1399064164467076,48.602975755681086,39,gradual,0.4246597211050069,0
29,274,0.6822135181969784,1.1725691741214106,47.27743815698775,38,gradual,0.43643053284643807,0
29,275,0.8889207525684751,1.216498111319881,51.01948486853183,37,gradual,0.4483407305420757,0
29,276,0.9603625332977452,1.2852723419302525,52.83929966543174,36,gradual,0.46038981888743197,0
29,277,0.8422861898212255,1.2850047631318229,48.66105757578245,35,gradual,0.4725773117355644,0
29,278,0.8221412362923451,1.2995028997873177,49.941280526660954,34,gradual,0.4849027317950211,0
29,279,0.8074325859683252,1.2879770513238575,50.28537799046949,33,gradual,0.49736561034199916,0
29,280,0.6638702820990794,1.2853825303980742,49.11035098808693,32,gradual,0.5099654869458551,0
29,281,0.7312265572571239,1.2967477914718653,50.2390058269695,31,gradual,0.5227019092071665,0
29,282,0.7078420618187857,1.3579666319943078,51.32653977123097,30,gradual,0.5355744325076058,0
29,283,0.8691486136348053,1.4681103476998738,52.33767760673328,29,gradual,0.5485826197709359,0
29,284,0.9055586770518262,,53.06873874981005,28,gradual,0.5617260412344908,0
29,285,0.8699696078069912,1.4084585120748054,51.60426610333658,27,gradual,0.5750042742305461,0
29,286,0.8695135084294016,1.4691972848320025,52.33895091337228,26,gradual,0.5884169029770278,0
29,287,0.8229842151325163,1.5054714341176672,53.64462258316944,25,gradual,0.6019635183770408,0
29,288,0.915521213860962,1.483452881488125,54.59967040700183,24,gradual,0.6156437178267401,0
29,289,0.7952879608667924,1.4808431110727889,53.754808517433204,23,gradual,0.6294571050310955,0
29,290,0.8663707787349116,1.5653894700007227,54.36225937582011,22,gradual,0.6434032898271275,0
29,291,0.6170357416188825,1.4957999189558724,50.76569949951707,21,gradual,0.6574818880142257,0
29,292,0.9950946849073894,1.6678613697238713,55.42504682603947,20,gradual,0.6716925211911828,1
29,293,0.9759670594732904,1.7168364679770338,57.57090504536511,19,gradual,0.6860348165995974,1
29,294,0.7668337337129145,1.6661855216658132,53.49434778421163,18,gradual,0.7005084069733273,1
29,295,0.7547532510878814,1.6417900432972206,53.65052325653169,17,gradual,0.7151129303936873,1
29,296,0.7960986222369208,1.6933731887831511,56.445043602665365,16,gradual,0.7298480301501116,1
29,297,0.9171931959998877,1.7179788837150507,57.27287662145925,15,gradual,0.7447133546060108,1
29,298,0.7839979276037834,1.6750957570512695,54.65678089681096,14,gradual,0.7597085570695737,1
29,299,0.8364420558144195,1.772139238172071,59.26722312714834,13,gradual,0.7748332956692793,1
29,300,0.71433378061023,1.7460567426540312,55.235297271623416,12,gradual,0.7900872332338946,1
29,301,0.7239432007921254,1.7901861753921988,55.136111267160004,11,gradual,0.8054700371767508,1
29,302,0.580646504482725,1.8562235412169426,54.557193996360006,10,gradual,0.8209813793840978,1
29,303,0.7978944047723,1.92427921203859,56.64035072229574,9,gradual,0.8366209361073548,1
29,304,0.7115848606980297,1.866078817363195,57.53691778136858,8,gradual,0.852388387859077,1
29,305,0.6810159081073166,1.943837173145044,55.6495950040745,7,gradual,0.8682834193124747,1
29,306,0.7105533432676733,1.9587979716028951,58.936703552786255,6,gradual,0.8843057192043253,1
29,307,0.6106767968880825,1.916512165839591,56.94806592973269,5,gradual,0.9004549802411342,1
29,308,0.6080619212422494,1.918320414974302,56.96547501244593,4,gradual,0.9167308990083989,1
29,309,0.7056142307524699,2.0226134024366016,58.274739919714094,3,gradual,0.9331331758828443,1
29,310,0.5360995684556177,2.0304440647441404,56.13491741234738,2,gradual,0.9496615149475071,1
29,311,0.5368808068264534,2.08182936759006,58.67195123482675,1,gradual,0.9663156239095438,1
29,312,0.5731989557917099,2.1461391983239153,58.430893785063134,0,gradual,0.9830952140206528,1
30,0,0.8346586786924496,0.4577868582648756,36.9667083267829,286,gradual,0.0,0
30,1,0.7871267407623571,0.37279548742705737,38.0689094668331,285,gradual,0.0,0
30,2,0.7819999710202988,0.39355051978562744,36.678737598087395,284,gradual,0.0,0
30,3,0.6943745126837851,0.31762415039709263,36.54928061128381,283,gradual,0.0,0
30,4,0.5941779834115085,0.367920666842784,33.05663653193603,282,gradual,0.0,0
30,5,0.8320719892833721,0.41884070133489026,36.78217540070676,281,gradual,0.0,0
30,6,0.7363225476561133,0.4064241309167594,35.18248268006835,280,gradual,0.0,0
30,7,0.7836631639164123,0.38032411513766406,37.75453321570749,279,gradual,0.0,0
30,8,0.7571236599416095,0.41789159611325233,,278,gradual,0.0,0
30,9,0.6336161644377152,0.3970272447554485,33.5045371718255,277,gradual,0.0,0
30,10,0.8236719537892788,0.4704031199805716,37.41535775019443,276,gradual,0.0,0
30,11,0.9262212037372336,0.46792217169326633,36.79498606029238,275,gradual,0.0,0
30,12,0.8884136284936962,0.43796634426468745,37.21932413999806,274,gradual,0.0,0
30,13,0.9143783219671818,0.4149873091221415,38.55987881695759,273,gradual,0.0,0
30,14,0.8727587665101714,0.44944203163806273,36.99712446975804,272,gradual,0.0,0
30,15,0.6906406962937779,0.3926787919330236,36.12636205977986,271,gradual,0.0,0
30,16,0.8736104580157684,0.43349968871564837,,270,gradual,0.0,0
30,17,0.7298419061846826,0.4315610641807302,37.46008218687532,269,gradual,0.0,0
30,18,0.7772293578729984,0.4287898203416702,37.10112819975213,268,gradual,0.0,0
30,19,0.9106807436505184,0.4027101015165892,38.23996821666289,267,gradual,0.0,0
30,20,0.899282041169485,0.42850301141072,39.47472483283334,266,gradual,0.0,0
30,21,0.7456452151505852,0.4124617516529974,37.33607834851947,265,gradual,0.0,0
30,22,0.7839330346786977,0.4131714034969398,34.92511352231342,264,gradual,0.0,0
30,23,0.9282554565930646,0.41737723453876424,37.809144137875535,263,gradual,0.0,0
30,24,0.723913015644465,0.4073040218611683,34.926723218957,262,gradual,0.0,0
30,25,0.8929614421837805,0.4959066233430764,39.012896730157834,261,gradual,0.0,0
30,26,0.8945066643421652,0.4961542500842067,36.691547519330065,260,gradual,0.0,0
30,27,0.7994828015028108,0.37807097918887,37.9284649358218,259,gradual,0.0,0
30,28,0.8101377801108405,0.41277786903448777,36.194621356748314,258,gradual,0.0,0
30,29,0.7331738734306571,0.39989142964457347,33.34927307491357,257,gradual,0.0,0
30,30,0.7525256941376836,0.43437128135707154,35.46877265971102,256,gradual,0.0,0
30,31,0.6280355052288449,0.349809798058301,34.77204990568863,255,gradual,0.0,0
30,32,0.6550100181890425,0.3841076868646224,35.163945159513304,254,gradual,0.0,0
30,33,0.6805231842671111,0.38731465485499,34.362752250435875,253,gradual,0.0,0
30,34,0.8566733284791828,0.4231152485743017,35.283799582755655,252,gradual,0.0,0
30,35,0.5799454159615339,0.39361417813138994,32.99357008201817,251,gradual,0.0,0
30,36,0.6089888980666254,0.38776740130924453,35.88853322755291,250,gradual,0.0,0
30,37,0.5110044139933538,0.33176940043888153,31.20865932904222,249,gradual,0.0,0
30,38,0.6151945543222288,0.3518085436095843,33.71778385829024,248,gradual,0.0,0
30,39,0.5204107444628397,0.3456397563777837,32.65893610200635,247,gradual,0.0,0
30,40,0.5105778234616024,0.33870171462472576,33.14235305445053,246,gradual,0.0,0
30,41,0.6900225732663969,0.43001533084584925,37.54328706773385,245,gradual,0.0,0
30,42,0.5788348576638753,0.3193688508475006,33.412336515820776,244,gradual,0.0,0
30,43,0.5666357496729952,0.3964712918841306,32.44985085833484,243,gradual,0.0,0
30,44,0.5827965784681415,0.4258020446596499,32.97897898397769,242,gradual,0.0,0
30,45,0.5174045378362504,0.36719167453500234,33.19566263893263,241,gradual,0.0,0
30,46,0.6050743770103413,0.3625011645526824,34.10601469009717,240,gradual,0.0,0
30,47,0.5453941624822153,0.3879523666067465,34.526087087466586,239,gradual,0.0,0
30,48,0.6302460839361976,0.4226451244863303,34.76539912857855,238,gradual,0.0,0
30,49,0.5223731871282782,0.3461722009014506,33.04050214413948,237,gradual,0.0,0
30,50,0.5082720982044582,0.38516660606509334,32.35371200885637,236,gradual,0.0,0
30,51,0.7005323704686958,0.3903376065429316,35.889885047146535,235,gradual,0.0,0
30,52,0.6272102730841776,0.4061572917509206,35.29538846448085,234,gradual,0.0,0
30,53,0.6035914986084214,0.40382399852875056,35.936698539788416,233,gradual,0.0,0
30,54,0.5448204098003896,0.38047623942974956,32.759857772735295,232,gradual,0.0,0
30,55,0.4564640251501031,0.35190219998178074,33.25418388197,231,gradual,0.0,0
30,56,0.3669872678775483,0.35572594827070475,31.230722590893578,230,gradual,0.0,0
30,57,0.7001023938551658,0.39838980705701615,36.514965909066646,229,gradual,0.0,0
30,58,0.4737357634956408,0.3241384123657084,32.246387867815486,228,gradual,0.0,0
30,59,0.5795595868395662,0.38016312715846606,35.490705945243754,227,gradual,0.0,0
30,60,0.4375613175396793,0.3685132291361853,32.62662965396931,226,gradual,0.0,0
30,61,0.6449573406845163,0.40561316130578723,34.39431081196405,225,gradual,0.0,0
30,62,0.6546746350172615,0.4039045345463028,36.030828874374066,224,gradual,0.0,0
30,63,0.5164273074988089,0.3669255748774383,32.74243853775761,223,gradual,0.0,0
30,64,0.7336930354453289,0.39884446159961734,37.085847692571534,222,gradual,0.0,0
30,65,0.424364603007735,0.35600681875390333,30.65991505147785,221,gradual,0.0,0
30,66,0.6408169267439474,0.359081370316046,35.63312001985362,220,gradual,0.0,0
30,67,0.8304044127626607,0.4305005313941142,37.23976032663792,219,gradual,0.0,0
30,68,0.6829244012662151,0.43522080707738203,34.288752278825655,218,gradual,0.0,0
30,69,0.6586955576700805,0.3832745981255238,35.3738423372745,217,gradual,0.0,0
30,70,0.7605248183359848,0.39556171934518136,36.50836940886357,216,gradual,0.0,0
30,71,0.6968308153762244,0.44877297182616405,35.21749626703823,215,gradual,0.0,0
30,72,0.768915773028571,0.4117713917883512,37.43013933175476,214,gradual,0.0,0
30,73,0.8042614143651229,0.43192853037400597,36.775320639506866,213,gradual,0.0,0
30,74,0.8480361276408813,0.39663003124330265,,212,gradual,0.0,0
30,75,0.7964900331121487,0.43196743381760155,35.53915512495682,211,gradual,0.0,0
30,76,0.7463506709309601,0.4329776669964817,36.93774538257009,210,gradual,0.0,0
30,77,0.9811115432520647,0.43010693396031957,38.91435226932368,209,gradual,0.0,0
30,78,0.8091411302865286,0.46256640142954325,35.81357315171146,208,gradual,0.0,0
30,79,0.6683975151595355,0.41170400249146505,34.27045013495869,207,gradual,0.0,0
30,80,0.6738136718829629,0.37854521778387945,34.13124182868103,206,gradual,0.0,0
30,81,0.7050570873815024,0.4384356509637393,34.37186130187615,205,gradual,0.0,0
30,82,0.8953982873503706,0.43318160063890127,38.52485255151688,204,gradual,0.0,0
30,83,0.8789711370251382,0.37897619485411577,37.85390647995898,203,gradual,0.0,0
30,84,0.8730828394186396,0.43990970777001615,35.661579431832855,202,gradual,0.0,0
30,85,1.0453458914870077,0.5207770582348068,39.16729035576361,201,gradual,0.0,0
30,86,0.7896885815125002,0.423436245274074,34.30395475984418,200,gradual,0.0,0
30,87,0.7502518597127494,0.4133674682966378,35.20460501554504,199,gradual,0.0,0
30,88,0.8581764322863422,0.4825780140477567,35.686528270798775,198,gradual,0.0,0
30,89,0.9024234229320811,0.4627326397107264,,197,gradual,0.0,0
30,90,0.8819419448174266,0.44171091041337357,38.00692707184088,196,gradual,0.0,0
30,91,0.7303022405107737,0.38816853152056635,35.808130271069764,195,gradual,0.0,0
30,92,0.9066616549720949,0.42331224223565667,37.30505172595683,194,gradual,0.0,0
30,93,0.8461364624736916,0.45461198591156887,37.359980366902676,193,gradual,0.0,0
30,94,0.8297547774786526,0.4818628111837042,,192,gradual,0.0,0
30,95,0.6711484630299179,0.4032223574802498,34.52964795526661,191,gradual,0.0,0
30,96,0.8114070436099261,0.379690953905055,37.42153884023335,190,gradual,0.0,0
30,97,0.8417724273652426,0.4284431691770195,37.336759030551676,189,gradual,0.0,0
30,98,0.7056972390853885,,33.599803565588196,188,gradual,0.0,0
30,99,0.7595263972097033,0.4419608270165746,,187,gradual,0.0,0
30,100,0.8531086491666209,0.43365123206083395,37.113076962243554,186,gradual,0.0,0
30,101,0.6624975868577098,0.3519135226409183,33.926684722210574,185,gradual,0.0,0
30,102,0.8755217231947537,0.4374926336882877,35.21917482460367,184,gradual,0.0,0
30,103,0.5571354262618842,0.36314755631339923,33.2137052621738,183,gradual,0.0,0
30,104,0.5688844124002178,0.34075691175295925,34.17109909769968,182,gradual,0.0,0
30,105,0.6872797718538367,0.4221003287418444,35.93642854237745,181,gradual,0.0,0
30,106,0.6657429497388043,0.42671236130297574,34.96354010583051,180,gradual,0.0,0
30,107,0.7945743245397688,0.3908653955729411,37.552947962232345,179,gradual,0.0,0
30,108,0.6032186866782869,0.37231217101126846,33.12790845163993,178,gradual,0.0,0
30,109,0.6965107278813927,0.3895821461876949,34.72474679143187,177,gradual,0.0,0
30,110,0.7048769758284089,0.37646389537664315,36.27936823537966,176,gradual,0.0,0
30,111,0.6734407834355897,0.3955752113181988,35.409286322119776,175,gradual,0.0,0
30,112,0.4247668302739026,0.32007106840529376,31.581343459700946,174,gradual,0.0,0
30,113,0.6943878713328042,0.3447982286007675,35.90277817515089,173,gradual,0.0,0
30,114,0.7772768095470521,0.39559742456440816,37.39798762525291,172,gradual,0.0,0
30,115,0.5753172680848622,0.4203331907932936,34.24877203400368,171,gradual,0.0,0
30,116,0.3020501866657478,0.36897253062934643,30.120257798668597,170,gradual,0.0,0
30,117,0.491287499205062,0.3600228959181412,31.88248056903907,169,gradual,0.0,0
30,118,0.6410146281495495,0.3401560636625752,34.827804850950116,168,gradual,0.0,0
30,119,0.6733404329240469,0.38899144759563753,33.52117316680206,167,gradual,0.0,0
30,120,0.6359584066752532,0.40593343740597493,35.19085781284,166,gradual,0.0,0
30,121,0.6001504110253914,0.38764617325308065,33.550545748872075,165,gradual,0.0,0
30,122,0.5527075487994673,0.40721311064212584,33.09903824988071,164,gradual,0.0,0
30,123,0.5379399617817537,0.3320334068997589,31.65674473068531,163,gradual,0.0,0
30,124,0.5881832892242879,0.3160121226506013,34.47258008555772,162,gradual,0.0,0
30,125,0.7557860824499333,0.4096309269688499,37.73831818641316,161,gradual,0.0,0
30,126,0.5241797383619842,0.3984934675210912,34.874333369903155,160,gradual,0.0,0
30,127,0.610564021570639,0.3940313524258787,,159,gradual,0.0,0
30,128,0.6595214601650169,0.3721969327267892,34.793767874827566,158,gradual,0.0,0
30,129,0.603845554529202,0.38318244713829036,34.30551794953773,157,gradual,0.0,0
30,130,0.5716162010981974,0.37520955066708833,34.740010806144134,156,gradual,0.0,0
30,131,0.5107659282058998,0.41457661195840917,33.62209121004689,155,gradual,0.0,0
30,132,0.7406554963605088,0.3903182903318597,34.2595843513044,154,gradual,0.0,0
30,133,0.6365524067473917,0.35488353027271075,33.818201900625986,153,gradual,0.0,0
30,134,0.6523878258908583,0.3970389373115872,34.0460574057471,152,gradual,0.0,0
30,135,0.41997736194390056,0.32118804198177825,30.835082829169586,151,gradual,0.0,0
30,136,0.6909597030461125,0.39911049268046456,35.02001733006921,150,gradual,0.0,0
30,137,0.7593756854545901,0.4321458916002743,37.028456296235596,149,gradual,0.0,0
30,138,0.8020480979947743,0.4271689774273052,35.84017686030465,148,gradual,0.0,0
30,139,0.5298563206141397,0.3996392274290424,32.152588430475454,147,gradual,0.0,0
30,140,0.6431880678081819,0.41348802638814514,35.036791650529544,146,gradual,0.0,0
30,141,0.9041470488934398,0.489436887005939,37.14320123571563,145,gradual,0.0,0
30,142,0.8097283845633289,0.45857926481700356,35.17816453477064,144,gradual,0.0,0
30,143,0.6809605878132698,0.45494866740459167,34.99997835547106,143,gradual,0.0,0
30,144,0.7124923225025692,0.4382471193019839,35.30749341182531,142,gradual,0.0,0
30,145,0.7317517787838796,0.4043087975968468,36.09394400285066,141,gradual,0.0,0
30,146,0.6642849922698566,0.4181336919515888,34.36367568149753,140,gradual,0.0,0
30,147,0.9710530824297188,0.4894640396270192,38.20016347450666,139,gradual,0.0,0
30,148,0.90970892914866,0.461791479576602,37.13494769901565,138,gradual,0.0,0
30,149,0.6787149560538933,0.3800765889512802,35.17661168603613,137,gradual,0.0,0
30,150,0.9648464712818613,0.4275789877865303,36.99736823453418,136,gradual,0.0,0
30,151,0.8589338069884653,0.36792186147179196,36.75814761843077,135,gradual,0.0,0
30,152,0.7692021324720946,0.43795732789713737,35.34964099877082,134,gradual,0.0,0
30,153,0.7527109024780924,0.3829501670151843,33.81170595805621,133,gradual,0.0,0
30,154,0.6927455895386412,0.39385242310440666,34.18667414238503,132,gradual,0.0,0
30,155,0.9292877757590774,0.47510642642025414,37.487158075748425,131,gradual,0.0,0
30,156,0.9942361176481834,0.47579653701541624,39.827047614079845,130,gradual,4.700730779688257e-06,0
30,157,0.5843931285108055,0.36824345615280163,33.632859404512516,129,gradual,3.4149778264339985e-05,0
30,158,0.9845782596820546,0.44654055992994235,37.681862455450464,128,gradual,9.935869887775601e-05,0
30,159,0.8350967310038143,0.3872288713197191,35.88147177650287,127,gradual,0.00020725595383481074,0
30,160,0.7515671764323714,0.41939583023304,35.53213999788003,126,gradual,0.00036330257827885706,0
30,161,0.8523682697215683,0.4184177544595768,36.6573826253857,125,gradual,0.0005721121534095761,0
30,162,0.975252576518357,0.4636980862710168,38.90622347343001,124,gradual,0.0008377302332368698,0
30,163,0.8452006594620074,0.37637660300473086,36.79218294840932,123,gradual,0.001163788815325817,0
30,164,0.8488669437267564,0.4624771553916573,35.06863573763786,122,gradual,0.0015536022317892341,0
30,165,0.8735943522337177,0.4652200019112594,37.632524889015116,121,gradual,0.0020102314070862717,0
30,166,0.818707307395174,0.45089972182648996,36.99052857412222,120,gradual,0.002536529339878294,0
30,167,0.6231860681467318,0.4343958979227154,34.07590578563004,119,gradual,0.00313517465138931,0
30,168,0.7659916853460033,0.3994485320175974,35.00768841672496,118,gradual,0.003808697143844379,0
30,169,0.6674571772342783,0.4031745282774797,33.109408257084155,117,gradual,0.0045594977850762315,0
30,170,0.6507066681547173,0.36801443991156807,33.380828867939755,116,gradual,0.005389864673165108,0
30,171,0.605975138465395,0.41218712611102987,32.69448341222761,115,gradual,0.006301986020773895,0
30,172,0.7820405064490548,,36.01826428002521,114,gradual,0.007297960878068562,0
30,173,0.5984059802952306,0.3694290628431836,35.065609916013166,113,gradual,0.008379808105340744,0
30,174,0.6366762455614225,0.41972268966693077,35.37476868969683,112,gradual,0.009549473967503438,0
30,175,0.481413584174194,0.3789645707272534,31.476656072104287,111,gradual,0.01080883862712507,0
30,176,0.7444511082581615,0.4468225059450193,35.16879643907896,110,gradual,0.012159721745433498,0
30,177,0.7084653646677802,0.4044587739573056,35.33967636314185,109,gradual,0.013603887352386617,0
30,178,0.3,0.36365496553377474,30.423324304644368,108,gradual,0.015143048111506553,0
30,179,0.5698630066116175,0.42711709404490017,34.215559619674046,107,gradual,0.016778869078814533,0
30,180,0.3920753203316891,0.35431410208212655,30.79372448995052,106,gradual,0.018512971035280754,0
30,181,0.7387403912803219,0.4617991024564723,35.756724246995894,105,gradual,0.020346933456942533,0
30,182,0.5613586351811197,0.42922591552277944,32.17885457789326,104,gradual,0.022282297175009996,0
30,183,0.7353252542032307,0.464368111062297,32.83564694457298,103,gradual,0.024320566768999984,0
30,184,0.5268689179331225,0.34606409338769106,34.057822920954514,102,gradual,0.026463212728588648,0
30,185,0.6080418241351223,0.3873614450125491,34.61770937314547,101,gradual,0.02871167341399679,0
30,186,0.59058989549346,0.450627447959461,33.32081789039928,100,gradual,0.031067356839982463,0
30,187,0.37257996575724567,0.3641172598321263,31.441869740363106,99,gradual,0.033531642304662206,0
30,188,0.6293497661179669,0.4433566725384908,33.21362395109765,98,gradual,0.03610588188122681,0
30,189,0.666925458725537,0.451564816392257,35.21503386500758,97,gradual,0.03879140178801519,0
30,190,0.4801533879985497,0.3909650420698674,32.63844452868107,96,gradual,0.04158950365024991,0
30,191,0.6344651845338847,0.46064411698019964,34.327007368724246,95,gradual,0.04450146566493438,0
30,192,0.5093441092833518,0.46813814149278826,,94,gradual,0.04752854367889767,0
30,193,0.5153141822871673,0.4202027390725547,35.52669079774983,93,gradual,0.05067197218869348,0
30,194,0.5971533398101146,0.4438687612309693,35.65670632601027,92,gradual,0.05393296526997655,0
30,195,0.5764503080288074,0.4493588056359288,33.89885508448433,91,gradual,0.05731271744305396,0
30,196,0.5983153319586513,0.47446438970414767,34.87000937895388,90,gradual,0.06081240448051785,0
30,197,0.6596357913567489,0.4825612693072026,35.886533733987015,89,gradual,0.06443318416218562,0
30,198,0.49872835732319426,0.4484657866672119,34.05501013903931,88,gradual,0.06817619698198599,0
30,199,0.9222443186260549,0.5331925695050023,39.235433644721624,87,gradual,0.07204256681092,0
30,200,0.6401414870521135,0.48220000738404256,35.12369883227263,86,gradual,0.07603340151978434,0
30,201,0.6289809730701595,0.49004888007462233,34.35028804449522,85,gradual,0.08014979356495726,0
30,202,0.7192680101468715,0.4991339882652749,38.25297033896984,84,gradual,0.08439282054020952,0
30,203,0.455569469474712,0.4939279085087937,33.487610176065274,83,gradual,0.08876354569720664,0
30,204,0.6722267902053032,0.5461520360376451,37.42674293124555,82,gradual,0.09326301843710642,0
30,205,0.8509265768174611,0.5997959234175098,38.29191417875532,81,gradual,0.09789227477542506,0
30,206,0.5993013723765325,0.47459907302290955,35.96667396963053,80,gradual,0.10265233778214133,0
30,207,0.6971290618285038,0.5588840091105539,37.053595854627986,79,gradual,0.10754421799882634,0
30,208,0.823917847356449,0.5418729532094266,,78,gradual,0.1125689138344241,0
30,209,0.7605196467844211,0.5615303603093533,37.48501002278055,77,gradual,0.11772741194116615,0
30,210,0.6795322804021826,0.5415167727627076,36.80236197584406,76,gradual,0.12302068757197167,0
30,211,0.6918161847587208,0.5792956762004599,37.09309772517087,75,gradual,0.12844970492057195,0
30,212,0.6868840587168986,0.5618365129549793,36.72664165439419,74,gradual,0.13401541744549245,0
30,213,0.9388402061052225,0.6238527008981722,39.6911129453358,73,gradual,0.13971876817893242,0
30,214,0.7489031003401143,0.5680463150079695,38.44769400918353,72,gradual,0.14556069002149974,0
30,215,0.7516213958005431,0.51900855363375,39.075231789694826,71,gradual,0.1515421060236802,0
30,216,0.9214353079769771,0.6379412748007488,41.94116273966587,70,gradual,0.15766392965485315,0
30,217,0.898179951313321,0.6853893365865097,40.742826661924106,69,gradual,0.163927065060603,0
30,218,0.8115658056749487,0.6439303975612332,38.4936033068357,68,gradual,0.17033240730901905,0
30,219,0.7497690691887916,0.6173526332080987,39.039459372472855,67,gradual,0.17688084262662443,0
30,220,0.8928673906952594,0.6593208739295446,41.04135073781623,66,gradual,0.183573248624529,0
30,221,0.9424043237338887,0.6645145933444856,42.01416940548967,65,gradual,0.1904104945153575,0
30,222,0.8786545382683844,0.6792580355981128,41.076799962187174,64,gradual,0.19739344132146436,0
30,223,0.8550995171079525,0.670568282119549,40.851279467893335,63,gradual,0.20452294207491328,0
30,224,0.7757700978464472,0.6675769892354724,40.289251526009714,62,gradual,0.21179984200966426,0
30,225,0.8780882649180737,0.7384867055066577,39.989482168362215,61,gradual,0.21922497874638192,0
30,226,0.8267078333272178,0.7458370039977478,40.91289655013752,60,gradual,0.22679918247025088,0
30,227,0.8482274748731271,0.7611413512945229,39.45655773646225,59,gradual,0.23452327610216045,0
30,228,1.0095946558339841,0.7627494011236275,44.24192709066556,58,gradual,0.24239807546359327,0
30,229,0.7560670720505355,0.7633026600110949,39.941137867031266,57,gradual,0.25042438943553513,0
30,230,0.7620831058224946,0.7294852989510602,,56,gradual,0.25860302011170244,0
30,231,0.756855562378833,0.797881052652159,40.25603537736257,55,gradual,0.26693476294636204,0
30,232,0.7699856961208817,0.7680909499229883,40.979662219234186,54,gradual,0.27542040689700575,0
30,233,0.9008798025022797,0.7569535258524318,43.8031058275202,53,gradual,0.2840607345621242,0
30,234,0.6337516748344334,0.795089930947089,38.544593840263225,52,gradual,0.2928565223143079,0
30,235,0.7508055277654613,0.8291742856854036,40.574180333280985,51,gradual,0.3018085404288928,0
30,236,0.736192344107937,0.7327361773853831,41.38704152192438,50,gradual,0.31091755320835573,0
30,237,0.562428787359137,0.6775829345471014,37.484563368532456,49,gradual,0.32018431910264794,0
30,238,0.7034623341079365,0.7400913672514625,41.02260865169981,48,gradual,0.32960959082565044,0
30,239,0.6926569926936772,0.8049687051891796,39.69575531860814,47,gradual,0.33919411546792183,0
30,240,0.6078436063117427,0.8226301698763195,39.32656840549805,46,gradual,0.3489386346058983,0
30,241,0.5809347267672598,0.7428090043170484,40.510597228201426,45,gradual,0.3588438844076992,0
30,242,0.49283765137329316,0.7944018745880496,38.63547572553191,44,gradual,0.3689105957356837,0
30,243,0.6872772301329888,0.8452633607916525,42.63100075196106,43,gradual,0.37913949424589183,0
30,244,0.7484413759484285,0.8681793618425464,42.494574143311574,42,gradual,0.389531300484502,0
30,245,0.6243657325429539,0.8285226077073845,40.55560627912252,41,gradual,0.4000867299814267,0
30,246,0.45949151142917977,0.8002756540922806,38.98230934764552,40,gradual,0.4108064933411614,0
30,247,0.6148946439670139,0.9026551167413793,42.531596737595486,39,gradual,0.4216912963309976,0
30,248,0.5898333928726339,0.8729360449741503,41.85068734310406,38,gradual,0.43274183996670584,0
30,249,0.5056570768076756,0.8565133081161317,39.86177168149537,37,gradual,0.4439588205957854,0
30,250,0.5274974468200295,0.8801184818080924,39.876177967654684,36,gradual,0.45534292997837666,0
30,251,0.6039975387681071,0.9681024823389704,42.97025970559384,35,gradual,0.4668948553659271,0
30,252,0.5085282845585757,0.9034194837952384,40.85080025644885,34,gradual,0.47861527957769356,0
30,253,0.6018626409088695,,41.61242541589891,33,gradual,0.4905048810751634,0
30,254,0.43637738266974885,0.9577472952641225,41.24568082748029,32,gradual,0.502564334034474,0
30,255,0.5328014022665862,0.9815453408343771,39.527335227763864,31,gradual,0.5147943084169009,0
30,256,0.630560891217542,1.020462982474026,45.26285199673196,30,gradual,0.5271954700374865,0
30,257,0.4191057716155545,1.007791091718519,40.59523087997634,29,gradual,0.539768480631878,0
30,258,0.5395046132728994,1.0105459532796144,42.65206943586546,28,gradual,0.5525139979214369,0
30,259,0.513880985414176,1.0939623416433317,42.52142602508892,27,gradual,0.5654326756766794,0
30,260,0.4551944013186394,1.027630866144869,43.27675480684931,26,gradual,0.5785251637791122,0
30,261,0.5962614551568154,1.079713976648835,44.92981881344919,25,gradual,0.5917921082815125,0
30,262,0.4825879930668599,1.0655258262334482,43.073334441102176,24,gradual,0.6052341514667091,0
30,263,0.7480819679111611,1.1250253493081546,47.57169513651335,23,gradual,0.6188519319049178,0
30,264,0.5733261848425877,1.106104332116017,44.319960864483775,22,gradual,0.6326460845096749,0
30,265,0.5695447836655232,1.1644097196938739,44.79580860884664,21,gradual,0.6466172405924178,0
30,266,0.4890823099579441,1.16132693202351,42.49008783971054,20,gradual,0.6607660279157617,1
30,267,0.6063732338907295,1.198113971231339,,19,gradual,0.6750930707455068,1
30,268,0.7213272362624308,1.236475534165196,47.79221707281475,18,gradual,0.6895989899014257,1
30,269,0.7267392980705126,1.2625480448861917,47.71737130973224,17,gradual,0.7042844028068627,1
30,270,0.5749999959172913,1.2016947730607437,44.39402683519286,16,gradual,0.7191499235371915,1
30,271,0.5341743875466839,1.2363598037718444,45.67996873940699,15,gradual,0.7341961628671595,1
30,272,0.5244786752876401,1.1975182551563466,47.00224440850846,14,gradual,0.7494237283171564,1
30,273,0.7054551706715632,1.2953490884681669,47.42608513459515,13,gradual,0.7648332241984449,1
30,274,0.5945845118571389,1.3019359668207038,,12,gradual,0.7804252516573779,1
30,275,0.8133360226898629,1.3600894999627262,48.88557456463669,11,gradual,0.7962004087186384,1
30,276,0.6534959457279514,1.3637627831069963,48.80306858245487,10,gradual,0.8121592903275321,1
30,277,0.7878799389101258,1.4042493910001324,50.85004257134985,9,gradual,0.828302488391357,1
30,278,0.5846322738412099,1.3486913442202662,47.93975111899472,8,gradual,0.8446305918198809,1
30,279,0.7552909995634248,1.4333230165793414,50.027024250635634,7,gradual,0.8611441865649537,1
30,280,0.4907842580414905,1.4037151052563068,47.54806144597757,6,gradual,0.8778438556592775,1
30,281,0.8620603106117803,1.4534118585422457,51.733706406607595,5,gradual,0.894730179254359,1
30,282,0.6938832673955639,1.4576627795095856,51.65621930588228,4,gradual,0.9118037346576721,1
30,283,0.7589986615306643,1.4910262904195284,52.62090957881647,3,gradual,0.9290650963690469,1
30,284,0.618382429625844,1.4435499581941376,49.30974681397176,2,gradual,0.9465148361163117,1
30,285,0.5871402045839855,1.5041301137607779,50.87392527384194,1,gradual,0.9641535228902093,1
30,286,0.8170974773300708,1.5497543010976775,52.8078045066288,0,gradual,0.9819817229786035,1
31,0,0.9145623261200242,0.3121235829893036,36.467375737800396,230,abrupt,0.0,0
31,1,0.721126445522778,,34.59001005170301,229,abrupt,0.0,0
31,2,0.8808980665490846,0.2510011655855395,36.882848391986094,228,abrupt,0.0,0
31,3,0.9108397438292477,0.3198515378817257,38.47876203855801,227,abrupt,0.0,0
31,4,0.8226866704405643,0.33388417251584157,34.924655464447916,226,abrupt,0.0,0
31,5,0.8988906646293843,0.31267482734935453,,225,abrupt,0.0,0
31,6,0.7003241608373191,0.2884252376417288,32.243262764712746,224,abrupt,0.0,0
31,7,0.8722541493552737,0.28981210540403646,35.35597389688458,223,abrupt,0.0,0
31,8,1.0448792157428284,0.2801718655663152,,222,abrupt,0.0,0
31,9,1.0753481963522968,0.339978867770208,37.155515374723926,221,abrupt,0.0,0
31,10,0.8995785688387061,0.3048830720261263,35.258217344903024,220,abrupt,0.0,0
31,11,0.858178979928167,0.29092704021916094,35.26458506371422,219,abrupt,0.0,0
31,12,0.7709234719594118,0.3153878582837858,35.57632722040017,218,abrupt,0.0,0
31,13,0.9252288319899233,0.29289647381156436,35.44200892138604,217,abrupt,0.0,0
31,14,0.7297932120624523,0.31875700535290724,34.59680131401766,216,abrupt,0.0,0
31,15,0.8144709402928516,0.29979560250239407,34.22717621230778,215,abrupt,0.0,0
31,16,0.7656181154299676,0.30850013901777773,33.764880746280866,214,abrupt,0.0,0
31,17,0.8411418019210204,0.2738121873585064,34.665422543058654,213,abrupt,0.0,0
31,18,0.7209523963141893,0.34344398129043846,33.05577945511293,212,abrupt,0.0,0
31,19,0.6930645208281068,0.26364766730004896,35.2247294441122,211,abrupt,0.0,0
31,20,0.6509122043420986,0.29821046367016485,31.590840490729736,210,abrupt,0.0,0
31,21,0.596948783904373,0.21230725888648372,32.71495632152962,209,abrupt,0.0,0
31,22,0.7783120356307934,0.33563259971191006,34.24552188259355,208,abrupt,0.0,0
31,23,0.6375940251556355,0.2646142736500731,32.76645973876512,207,abrupt,0.0,0
31,24,0.7954298918082515,0.2930047825055756,35.32836751333304,206,abrupt,0.0,0
31,25,0.5911157193878762,0.2726622886464452,32.211545194236905,205,abrupt,0.0,0
31,26,0.6751787406591176,0.2765144559041549,30.96119529272295,204,abrupt,0.0,0
31,27,0.51267979762351,,31.710433913849894,203,abrupt,0.0,0
31,28,0.5442480636831389,0.25654114908916587,30.417018331213303,202,abrupt,0.0,0
31,29,0.67374806683577,0.2331442752135617,32.645954748700916,201,abrupt,0.0,0
31,30,0.5426495994531326,0.2796757577670114,31.973269675767344,200,abrupt,0.0,0
31,31,0.707710807051803,0.31439555596655205,32.83144933887378,199,abrupt,0.0,0
31,32,0.68562687207291,0.27275591955118117,34.251064895137205,198,abrupt,0.0,0
31,33,0.5852491866376173,0.3223906076466908,33.729968804477664,197,abrupt,0.0,0
31,34,0.4742553744913078,0.2729752872651795,29.672141978981255,196,abrupt,0.0,0
31,35,0.586844261700212,0.28248569705369997,32.885201849876026,195,abrupt,0.0,0
31,36,0.5334397269383565,0.23430183339990734,32.8909404751529,194,abrupt,0.0,0
31,37,0.49752627136848465,0.21834793912704448,32.90554878416525,193,abrupt,0.0,0
31,38,0.5812740497395736,0.2629821100022633,31.691380455208527,192,abrupt,0.0,0
31,39,0.3641743060576215,0.21557436625311535,30.851000261670524,191,abrupt,0.0,0
31,40,0.9406973556246792,0.34193917086099923,36.06675637432463,190,abrupt,0.0,0
31,41,0.771478923324754,0.252019655529172,34.35891870304911,189,abrupt,0.0,0
31,42,0.9016059457416579,0.31667453737247103,36.20133695467582,188,abrupt,0.0,0
31,43,0.4877353259334471,0.24260289707442678,32.26624084821089,187,abrupt,0.0,0
31,44,0.92515634785255,0.3183312225946172,37.41944558037128,186,abrupt,0.0,0
31,45,0.7526995358248307,0.3165849110483766,34.89209585833864,185,abrupt,0.0,0
31,46,0.686196937445161,0.2806227313809127,33.10867901002629,184,abrupt,0.0,0
31,47,1.0231530944570122,0.3446282921254998,37.21066698481004,183,abrupt,0.0,0
31,48,0.8182564507230563,0.29764816537578487,34.49134657025803,182,abrupt,0.0,0
31,49,0.8518527255574095,0.2936713003739571,34.84697233878378,181,abrupt,0.0,0
31,50,0.7060722795910997,0.23342226423963097,32.97990621114694,180,abrupt,0.0,0
31,51,0.8995675319599729,0.2621769443585483,36.2663509849668,179,abrupt,0.0,0
31,52,0.7864308000725538,0.2992122599037863,34.62755468675526,178,abrupt,0.0,0
31,53,0.7078823686311964,0.2624078521422482,33.79292879122202,177,abrupt,0.0,0
31,54,0.898265462189176,0.3308280697632481,36.75640383957274,176,abrupt,0.0,0
31,55,0.7236862416922105,0.28314320027206175,35.78196217638615,175,abrupt,0.0,0
31,56,0.7889883227314627,0.26118196622458223,34.94700494671604,174,abrupt,0.0,0
31,57,0.7188918094302397,0.2577681879627218,35.15692247010742,173,abrupt,0.0,0
31,58,0.9886182186721638,0.2732837591557452,37.450325474664034,172,abrupt,0.0,0
31,59,0.8964926157764805,0.2788617180044985,37.05984658293308,171,abrupt,0.0,0
31,60,0.6461288780308607,0.29485086586650666,32.9453736828928,170,abrupt,0.0,0
31,61,0.6500589546913468,0.3002759782462923,32.82892952256674,169,abrupt,0.0,0
31,62,0.6565884722872966,0.25437300679286395,33.9415631596892,168,abrupt,0.0,0
31,63,0.6885609305002804,0.24509384222235267,33.3292560844945,167,abrupt,0.0,0
31,64,0.5483577189368589,0.3088743321998247,31.862231757751445,166,abrupt,0.0,0
31,65,0.42568567554087444,0.2690842743421374,28.087423676049323,165,abrupt,0.0,0
31,66,0.6682513223476183,0.2923435298324993,34.2393191706356,164,abrupt,0.0,0
31,67,0.5253282358403885,0.2643044576245079,29.987403987457327,163,abrupt,0.0,0
31,68,0.6041531140963099,0.25807313532722004,33.367777415814686,162,abrupt,0.0,0
31,69,0.5022387632697991,0.25944873660377804,29.813647064165146,161,abrupt,0.0,0
31,70,0.37774206643609076,0.23973174414693355,28.13237179243478,160,abrupt,0.0,0
31,71,0.5855312612665164,0.29619181441323944,32.27290914376066,159,abrupt,0.0,0
31,72,0.5264010476703147,0.27316226945344485,32.02225906882044,158,abrupt,0.0,0
31,73,0.42302028218636023,0.22187178900181057,28.373507316267453,157,abrupt,0.0,0
31,74,0.53280430360264,0.33480149924958974,30.54333686035308,156,abrupt,0.0,0
31,75,0.41823657721739466,0.22015459522632985,29.314168807139808,155,abrupt,0.0,0
31,76,0.6221795431135948,0.2912775545489128,32.604996328893385,154,abrupt,0.0,0
31,77,0.5083469623071182,0.2601535763564142,31.388935427004668,153,abrupt,0.0,0
31,78,0.5345772499427677,0.2648608495088722,30.872319387469485,152,abrupt,0.0,0
31,79,0.643567622469632,0.2289267379455605,32.77654567277222,151,abrupt,0.0,0
31,80,0.5919935335502458,0.2537641215498061,32.487199877223276,150,abrupt,0.0,0
31,81,0.5429783811799221,0.27650468444905263,31.877254605928563,149,abrupt,0.0,0
31,82,0.6958226259162512,0.34873651355395474,31.629677622139578,148,abrupt,0.0,0
31,83,0.697086564530655,0.3105421996926673,33.1207119561704,147,abrupt,0.0,0
31,84,0.6580833961775673,0.221707937778727,33.743167966548455,146,abrupt,0.0,0
31,85,0.905110520029238,0.306404522658553,37.46839093139776,145,abrupt,0.0,0
31,86,0.7274132276343593,0.3104917468708646,34.355532213500034,144,abrupt,0.0,0
31,87,0.8497565080402254,0.26686444585589103,36.13866111542258,143,abrupt,0.0,0
31,88,0.7837250166809797,0.30087026363268493,35.23824742390028,142,abrupt,0.0,0
31,89,0.8735362032907285,0.27828002176148703,36.6136350527031,141,abrupt,0.0,0
31,90,0.7737146487028823,0.29739742186773804,33.523604923961685,140,abrupt,0.0,0
31,91,0.8283853246665704,0.26550090979175706,34.77062692967017,139,abrupt,0.0,0
31,92,0.8868096942988221,0.3000057042309556,36.65906274281524,138,abrupt,0.0,0
31,93,0.9218353006191284,0.31674251064651554,35.854183934858064,137,abrupt,0.0,0
31,94,0.7506217074573548,0.2765098393383243,33.985485605733366,136,abrupt,0.0,0
31,95,0.7849698487472069,0.3154857963717538,35.47996123601502,135,abrupt,0.0,0
31,96,0.7141398445447605,,32.446648857252335,134,abrupt,0.0,0
31,97,0.8863190776320894,0.3311021664519963,36.66622957062123,133,abrupt,0.0,0
31,98,0.8151790682133896,0.3016496986970916,34.944283573414125,132,abrupt,0.0,0
31,99,0.8100936618427833,0.2810491255755235,34.28022820963519,131,abrupt,0.0,0
31,100,0.7339341786332019,0.3017751564529469,32.2484060228708,130,abrupt,0.0,0
31,101,0.6589445090071676,0.3106131767868698,32.067356255841375,129,abrupt,0.0,0
31,102,0.8123528087213825,0.28365925218129867,35.616159030813044,128,abrupt,0.0,0
31,103,0.723322688688956,0.3580338776105095,32.79969569365785,127,abrupt,0.0,0
31,104,0.6716101727537719,0.2225235360085018,33.858171456280274,126,abrupt,0.0,0
31,105,0.5493329732979573,0.24871703896740996,31.934394654761423,125,abrupt,0.0,0
31,106,0.5471745388316935,0.24759962275169964,32.012775356978096,124,abrupt,0.0,0
31,107,0.42362121143298737,0.18985784648457504,29.618284642107934,123,abrupt,0.0,0
31,108,0.6849790018984037,0.3306719557040251,32.956165299754765,122,abrupt,0.0,0
31,109,0.4968367605177096,0.2612854318402423,29.13760036955301,121,abrupt,0.0,0
31,110,0.5433123644703874,0.27734017851535103,31.696538876471486,120,abrupt,0.0,0
31,111,0.594431869632019,0.25196013049438026,33.084358976563614,119,abrupt,0.0,0
31,112,0.6880263135962067,0.3094859966142273,33.47404342069076,118,abrupt,0.0,0
31,113,0.5527737687082508,0.21586648331797298,30.3854722060171,117,abrupt,0.0,0
31,114,0.5939266222351539,0.28173610941440685,30.705727036632908,116,abrupt,0.0,0
31,115,0.7353259248685636,0.2928847188063742,33.59852426477673,115,abrupt,0.0,0
31,116,0.4745674006205947,0.3010863199511687,28.451252430577846,114,abrupt,0.0,0
31,117,0.6378973842502188,0.2979778864572363,30.673957805712973,113,abrupt,0.0,0
31,118,0.6574596532189777,0.30252323578428464,32.02061634304029,112,abrupt,0.0,0
31,119,0.6761433644269664,0.2917178837956073,32.03984530302993,111,abrupt,0.0,0
31,120,0.6903260491801745,0.27469901382750955,33.458910687703415,110,abrupt,0.0,0
31,121,0.6625747758740718,0.2758840268086229,30.89595495994691,109,abrupt,0.0,0
31,122,0.7177278296388877,0.29467649716515376,33.086257548398166,108,abrupt,0.0,0
31,123,0.8880302782104389,0.36105613210236664,34.845322024012006,107,abrupt,0.0,0
31,124,0.7618812300748744,0.26290928768850214,32.67503829306636,106,abrupt,0.0,0
31,125,1.041933436253415,0.3535560310085614,39.53167417896605,105,abrupt,0.0,0
31,126,0.6408072163223546,0.3077579846772987,,104,abrupt,0.0,0
31,127,0.9388136049952422,0.3007357172841747,35.93506861245666,103,abrupt,0.0,0
31,128,0.7895283232348892,0.2856477325104424,33.361007070890366,102,abrupt,0.0,0
31,129,0.6915023616965219,0.25355792865001525,33.55284511352302,101,abrupt,0.0,0
31,130,0.6667723486651892,0.24591498862852543,31.627399209633577,100,abrupt,0.0,0
31,131,0.793402978042293,0.23416461311769426,34.66793941708874,99,abrupt,0.0,0
31,132,0.867661433592833,0.340320191031444,34.21193658794047,98,abrupt,0.0,0
31,133,0.926130780227242,0.34244145697696754,35.626713953561215,97,abrupt,0.0,0
31,134,0.9851538736747217,0.3537872737928962,34.8707646511352,96,abrupt,0.0,0
31,135,0.8618137613425776,0.3216995040068421,34.97515537989611,95,abrupt,0.0,0
31,136,1.001489778313192,0.30507394835795737,36.61262001736513,94,abrupt,0.0,0
31,137,0.7234136317853836,0.32013574964150376,33.61987700623201,93,abrupt,0.0,0
31,138,0.9548171132383008,0.4076354146115273,35.0204377718789,92,abrupt,0.0,0
31,139,0.9087791301472166,0.28811376678773326,33.840789118413134,91,abrupt,0.0,0
31,140,0.8880575200230693,0.30570018376369323,34.49058797614235,90,abrupt,0.0,0
31,141,0.6047748643674941,0.27079607202604866,32.12063406702963,89,abrupt,0.0,0
31,142,0.9738264575009075,0.3408963334832436,34.59459717178113,88,abrupt,0.0,0
31,143,0.5713636430086972,0.3012981252648295,31.738544066521797,87,abrupt,0.0,0
31,144,0.6836434874195876,0.28528757350907596,32.66501063642881,86,abrupt,0.0,0
31,145,0.8488028815950023,0.33666987773420426,34.37698534136566,85,abrupt,0.0,0
31,146,0.5955290699947834,0.2463244372422218,31.21664578161995,84,abrupt,0.0,0
31,147,0.6067736243214489,0.2622381006033682,33.56487332322066,83,abrupt,0.0,0
31,148,0.6713677579937593,0.2624760263260388,31.202749515025186,82,abrupt,0.0,0
31,149,0.7201993827389609,0.2539587479130017,32.02387780758631,81,abrupt,0.0,0
31,150,0.6512390745673016,0.2763867362176554,31.018111149257503,80,abrupt,0.0,0
31,151,0.38250502814205944,0.1859189397066785,29.16982913624359,79,abrupt,0.0,0
31,152,0.7590400105230325,0.28279658303965,33.96959333538283,78,abrupt,0.0,0
31,153,0.6009197306932718,0.3019302564162583,32.13497083532722,77,abrupt,0.0,0
31,154,0.43340634570091363,0.29423986782229267,28.839242886077862,76,abrupt,0.0,0
31,155,0.534883363026971,0.2303441537754081,31.05091191267953,75,abrupt,0.0,0
31,156,0.44882577098879584,0.27763845835424233,28.451546629183596,74,abrupt,0.0,0
31,157,0.6440916119312582,0.2306732158838905,31.475227720093038,73,abrupt,0.0,0
31,158,0.6330469510787566,0.2851042101657051,31.079826700801952,72,abrupt,0.0,0
31,159,0.5198299294339395,0.2214475923967509,29.619968583859926,71,abrupt,0.0,0
31,160,0.6073256162399288,0.30467635929249526,34.06749311467295,70,abrupt,0.0,0
31,161,0.7902343933082812,0.25608285747802195,33.10181134240347,69,abrupt,0.0,0
31,162,0.5335312561399336,0.25342632060537335,30.050046866588684,68,abrupt,0.0,0
31,163,0.662590549996472,0.2624976343881987,33.04658394475609,67,abrupt,0.0,0
31,164,0.7793241719483062,0.26187974387155466,32.88388954248125,66,abrupt,0.0,0
31,165,0.6273876390643109,0.21959646684794953,30.847722800991004,65,abrupt,0.0,0
31,166,0.8652888734035497,0.25551139680195445,35.40932564529584,64,abrupt,0.0,0
31,167,0.9116694990397463,0.3327726404345546,35.17108221166392,63,abrupt,0.0,0
31,168,0.7635626458357649,0.33882828323483183,34.910495843665835,62,abrupt,0.0,0
31,169,0.7233021782123303,0.269011593024455,33.17414492291591,61,abrupt,0.0,0
31,170,0.8862222834826982,0.2915280751684673,33.98438055371663,60,abrupt,0.0,0
31,171,0.8802418859775811,0.34346654011759886,35.362320981407265,59,abrupt,0.0,0
31,172,0.8258214420566575,0.3031934703267049,33.31886492225076,58,abrupt,0.0,0
31,173,0.8385498132879601,0.3205500388532835,34.16659390317009,57,abrupt,0.0,0
31,174,0.9281972005775614,0.3320102855112431,36.49907872600401,56,abrupt,0.0,0
31,175,0.7561662723250304,0.2945786877862755,33.96125524806628,55,abrupt,0.0,0
31,176,0.8152458068949577,0.2991085589318416,34.79346952589199,54,abrupt,0.0,0
31,177,0.7569808537050794,0.2090999778823131,34.194714762251266,53,abrupt,0.0,0
31,178,0.9562223175268421,0.34377747548736715,36.78386042306559,52,abrupt,0.0,0
31,179,0.6714623421470653,0.24337600392272046,33.67986631477812,51,abrupt,0.0,0
31,180,0.9499272225622788,0.33074644044735874,36.51702897954738,50,abrupt,0.0,0
31,181,0.7985078319992648,0.2801980464299939,34.058248097874696,49,abrupt,0.0,0
31,182,0.8084346705502681,0.23228577444926218,32.64241270079303,48,abrupt,0.0,0
31,183,0.4961696428365763,0.25086502551827294,31.39567669962565,47,abrupt,0.0,0
31,184,0.8259694858520397,0.3403057441815612,34.42384398866321,46,abrupt,0.0,0
31,185,0.6985928382603482,,32.98044818301349,45,abrupt,0.0,0
31,186,0.590629288994966,0.2838331275389573,29.622219340339146,44,abrupt,0.0,0
31,187,0.6063901789469938,0.3190721239706428,33.3766999526983,43,abrupt,0.0,0
31,188,0.560718026519672,0.26560486046030174,29.405387997380146,42,abrupt,0.0,0
31,189,0.7385176619188591,0.29042318709200343,31.939389928295398,41,abrupt,0.0,0
31,190,0.4515358104041303,0.29784450620224734,30.03347829169794,40,abrupt,0.0,0
31,191,0.5656144686917949,0.2637179299148206,31.203191087532495,39,abrupt,0.0,0
31,192,0.6345623596446408,0.24396372359713084,31.25377889403666,38,abrupt,0.0,0
31,193,0.6862988850067288,0.25247619324077214,31.556568757044047,37,abrupt,0.0,0
31,194,0.46042479118297236,0.2528521184367111,30.79300150474109,36,abrupt,0.0,0
31,195,0.5325970675574636,0.22748637242476344,29.777973694207013,35,abrupt,0.0,0
31,196,0.6680537207857393,0.335112458744052,32.657467285295816,34,abrupt,0.0,0
31,197,0.5200469546914178,0.26496430701803475,29.50711612944923,33,abrupt,0.0,0
31,198,0.6342964296864874,0.24612065643513054,31.618482713160493,32,abrupt,0.0,0
31,199,0.5910098975719458,0.2532383783101384,33.4815213413017,31,abrupt,0.0,0
31,200,0.7732167119733722,0.2792638073716203,33.0980923515704,30,abrupt,0.0,0
31,201,0.615099963056374,0.23992528586396486,31.474775227323228,29,abrupt,0.0,0
31,202,0.6314957104369167,0.28659370212118557,30.016272984264393,28,abrupt,0.0,0
31,203,0.6075569922543744,0.26558153609322016,30.16902730027479,27,abrupt,0.0,0
31,204,0.7255102165376804,0.2589903770478535,33.624469049817925,26,abrupt,0.0,0
31,205,0.9218492157660144,0.27652146146780954,35.23251862610096,25,abrupt,0.0,0
31,206,0.7973112845572391,0.293088954785649,32.232717535729925,24,abrupt,0.0,0
31,207,0.6650368382648092,0.279172401498472,33.64694082944167,23,abrupt,0.0,0
31,208,0.914144107474955,0.30391892781022084,33.86729323939423,22,abrupt,0.0,0
31,209,0.9470499097809018,0.31936437211496826,35.212030001994684,21,abrupt,0.0,0
31,210,0.7979152482597702,0.27163323647117954,32.04231145913981,20,abrupt,0.0,1
31,211,0.8331686427167045,0.295636937327615,34.0279445780782,19,abrupt,0.0,1
31,212,0.8331125623924437,0.24518811888450293,33.02113359771493,18,abrupt,0.0,1
31,213,0.6403841495114894,0.27535642005992733,30.746719161911123,17,abrupt,0.0,1
31,214,0.8765426897886984,0.3208641457724585,34.458262326344276,16,abrupt,0.0,1
31,215,0.8836580929703424,0.4004394965773049,36.82018174426491,15,abrupt,0.10007217607789472,1
31,216,0.9136053118162626,0.5352723229862687,40.51034678792673,14,abrupt,0.1757467190477291,1
31,217,0.7304443178262768,0.5508840088312397,38.13449856043761,13,abrupt,0.24431705004878965,1
31,218,0.734225703336323,0.6018987019315577,40.433677012066575,12,abrupt,0.30864632374936574,1
31,219,0.8230776180781945,0.6674698948884682,42.1459810416323,11,abrupt,0.36999538963479683,1
31,220,0.6892816538597211,0.7245019937217676,43.70771585484861,10,abrupt,0.42906951398830734,1
31,221,0.860296779136357,0.8361924673980468,48.439945744829224,9,abrupt,0.48631653526789126,1
31,222,0.7011388596004405,0.8174737358095641,48.37508347220854,8,abrupt,0.5420445609464094,1
31,223,0.8000679339295979,0.9730426386473935,52.6091494015114,7,abrupt,0.5964776952394871,1
31,224,0.9136833120763971,0.9962242712308035,55.09417616671606,6,abrupt,0.6497857680289356,1
31,225,0.6105924995315938,1.0384001603243052,53.602844079894325,5,abrupt,0.7021016046323799,1
31,226,0.6929771366316243,1.0847680321509352,53.81614829648768,4,abrupt,0.7535317236246825,1
31,227,0.6058195875431257,1.1657950971376503,53.816950403342204,3,abrupt,0.8041633057174283,1
31,228,0.6228072869632688,1.233231366520731,55.857659024428614,2,abrupt,0.8540689214698766,1
31,229,0.632657159613157,1.2822967536952645,59.15380264686588,1,abrupt,0.9033098476529879,1
31,230,0.5164198291010355,1.2887851343007304,58.06910712967424,0,abrupt,0.951938459795731,1
32,0,0.7434780874282473,0.42286183325768,51.76593885808892,325,abrupt,0.0,0
32,1,0.8708583928157401,0.3927464226277675,54.01811835848203,324,abrupt,0.0,0
32,2,0.769125678598766,0.37543822614402617,51.98364779851984,323,abrupt,0.0,0
32,3,0.8256519069747823,0.4123620558682243,53.04192787715101,322,abrupt,0.0,0
32,4,0.6852094075451354,0.3344797078134728,49.62829734328022,321,abrupt,0.0,0
32,5,0.8332459671147139,0.42838321429191817,51.06835511637242,320,abrupt,0.0,0
32,6,0.7355341205965551,,50.53807402780106,319,abrupt,0.0,0
32,7,0.7279136651267683,0.3704467309999835,50.75394677295279,318,abrupt,0.0,0
32,8,0.7589647594394792,0.3482585251819535,51.71714897960366,317,abrupt,0.0,0
32,9,0.9679096146582,0.3982695042582258,54.50907824321858,316,abrupt,0.0,0
32,10,0.7142187417397862,0.4312131024271266,51.75366151896382,315,abrupt,0.0,0
32,11,0.8590214642102988,0.39805284850480177,53.393422839379504,314,abrupt,0.0,0
32,12,0.8543012881698048,0.4091130694119509,51.00668334484444,313,abrupt,0.0,0
32,13,0.7070433635683309,0.36497034936516043,52.150337092319475,312,abrupt,0.0,0
32,14,0.7813609595866138,0.41860183280413393,52.27907200332537,311,abrupt,0.0,0
32,15,1.0008824719110985,,53.76178516728018,310,abrupt,0.0,0
32,16,0.8853000516580779,0.38806378778776146,52.925609840617234,309,abrupt,0.0,0
32,17,0.7170314304350539,0.37580209713766904,52.76279412249423,308,abrupt,0.0,0
32,18,0.9200612604690807,0.41831951402627526,53.17262237686804,307,abrupt,0.0,0
32,19,0.99410371909664,0.42995197898026916,56.15581051100233,306,abrupt,0.0,0
32,20,0.8791002181016413,0.4006926479679943,53.31493914861435,305,abrupt,0.0,0
32,21,0.8125783585051447,0.3981278386080093,53.43309285714289,304,abrupt,0.0,0
32,22,0.7057287717809618,0.4146051821845653,49.09162674357995,303,abrupt,0.0,0
32,23,0.8516337317049778,0.39204399997529044,55.17620492854867,302,abrupt,0.0,0
32,24,0.8390717147092382,0.387003365602039,53.661498852038406,301,abrupt,0.0,0
32,25,0.8838157189546386,0.42095493433789916,53.354254227060345,300,abrupt,0.0,0
32,26,0.9602652635872763,0.4990745461831414,54.7746209532051,299,abrupt,0.0,0
32,27,0.8964416397947426,0.37439150388787745,53.861284611178554,298,abrupt,0.0,0
32,28,0.7289074489200779,0.4117451315491616,50.333325827961865,297,abrupt,0.0,0
32,29,0.8411580216624199,0.37459504964255413,51.28390951932929,296,abrupt,0.0,0
32,30,0.800073597690982,0.41719430963752746,52.59542360217079,295,abrupt,0.0,0
32,31,0.7734490881013477,0.42169270964840266,51.99998283567705,294,abrupt,0.0,0
32,32,0.6273836131005743,0.4096244744537536,50.78068952130728,293,abrupt,0.0,0
32,33,0.6887526036036435,0.40699154549950056,52.78795880651976,292,abrupt,0.0,0
32,34,0.7705502797325743,0.43237705277106975,52.259059141515706,291,abrupt,0.0,0
32,35,0.6961551342521863,0.39656135473120796,51.82754646859381,290,abrupt,0.0,0
32,36,0.8680457222340632,0.43115062850946967,52.602257056409854,289,abrupt,0.0,0
32,37,0.605396826698671,0.29485647373116863,49.47353551306481,288,abrupt,0.0,0
32,38,0.7549251541629891,0.36599369110468105,52.31627858191692,287,abrupt,0.0,0
32,39,0.6908630621772756,0.39731674711827303,50.99712601452273,286,abrupt,0.0,0
32,40,0.7289862648207807,0.4124717321666166,49.73948803751241,285,abrupt,0.0,0
32,41,0.7065026790557839,0.377859483800484,52.01757495947387,284,abrupt,0.0,0
32,42,0.5679018521970337,0.3767036580546892,49.19823031557413,283,abrupt,0.0,0
32,43,0.6164799772400766,0.4422011383175489,49.44822186553269,282,abrupt,0.0,0
32,44,0.8181422720568008,0.39324967470050104,53.78461356176537,281,abrupt,0.0,0
32,45,0.821434105859586,0.4057868384552071,51.85508959511138,280,abrupt,0.0,0
32,46,0.48833243640086155,0.38076813471095056,47.390679038638694,279,abrupt,0.0,0
32,47,0.4824485448703505,0.3274211480380192,49.348758999418656,278,abrupt,0.0,0
32,48,0.5658906952394132,0.3535598867935275,,277,abrupt,0.0,0
32,49,0.6366351731632233,0.36307137002273604,52.52441890110167,276,abrupt,0.0,0
32,50,0.5514988236183815,0.2770358984348491,49.838266091675095,275,abrupt,0.0,0
32,51,0.563412335076387,0.34984251685186935,51.04117327514434,274,abrupt,0.0,0
32,52,0.6166940843271999,0.40092866956188455,51.01856471210106,273,abrupt,0.0,0
32,53,0.5690990914429612,0.35982266125468915,50.321250495860944,272,abrupt,0.0,0
32,54,0.8164276332165887,0.4052579723621789,51.952112520779316,271,abrupt,0.0,0
32,55,0.6700287834168833,0.40886988633997307,50.328377026497954,270,abrupt,0.0,0
32,56,0.4525082609004328,0.3246352083113981,50.07551419003887,269,abrupt,0.0,0
32,57,0.47294004935909933,0.33431012909503643,49.1071683555398,268,abrupt,0.0,0
32,58,0.5210192911107056,0.3423221253712565,48.988924250283034,267,abrupt,0.0,0
32,59,0.6163761498158229,0.36914775051397997,51.46682615263143,266,abrupt,0.0,0
32,60,0.5658433354220215,0.39155827423505263,47.40429033099053,265,abrupt,0.0,0
32,61,0.48874201429528974,0.3577316889412307,49.12484855460524,264,abrupt,0.0,0
32,62,0.4844139786606493,0.3352728644346925,48.415462565352115,263,abrupt,0.0,0
32,63,0.42908729209410423,0.3291608394560736,48.619017490113286,262,abrupt,0.0,0
32,64,0.49816624126924325,0.3380397712297289,51.099512400595344,261,abrupt,0.0,0
32,65,0.5169842638193036,0.36142781578644434,,260,abrupt,0.0,0
32,66,0.614788023002022,0.3558768888681376,50.30522143384658,259,abrupt,0.0,0
32,67,0.6729663886246263,0.3742617218071242,51.903672800260814,258,abrupt,0.0,0
32,68,0.4987725004765718,0.3610800171798537,49.761268832493315,257,abrupt,0.0,0
32,69,0.6458284142762177,0.42087464187859225,50.59992228060402,256,abrupt,0.0,0
32,70,0.39494417459282183,0.3211030026588895,47.65590294769572,255,abrupt,0.0,0
32,71,0.7709678324592529,0.41916167758540784,53.548325575843236,254,abrupt,0.0,0
32,72,0.7597424330605427,0.3699736825995957,53.302151724269066,253,abrupt,0.0,0
32,73,0.5363446176986599,0.35627215281110747,48.006138502594524,252,abrupt,0.0,0
32,74,0.8060069115993933,0.4390710567685232,54.272963857703544,251,abrupt,0.0,0
32,75,0.8319224980134361,0.39850270416531564,53.10746561541278,250,abrupt,0.0,0
32,76,0.690692860911426,0.39938843661721085,51.541167576520316,249,abrupt,0.0,0
32,77,0.47564524014583986,0.3923746360873676,49.00552772785555,248,abrupt,0.0,0
32,78,0.6810071475788417,0.3391739994589117,52.23973491154768,247,abrupt,0.0,0
32,79,0.7222519113248619,0.4291423722883288,53.72421524887527,246,abrupt,0.0,0
32,80,0.6391755052230285,0.34050958115610563,50.57926394243017,245,abrupt,0.0,0
32,81,0.8436344093404633,0.48242174482757544,53.597550496426024,244,abrupt,0.0,0
32,82,0.7774902747202257,0.4267867637528889,52.531736499885085,243,abrupt,0.0,0
32,83,0.668886950258087,0.33941706479400807,52.95863343143459,242,abrupt,0.0,0
32,84,0.9697598153921211,0.4339546880692372,55.755416905778645,241,abrupt,0.0,0
32,85,0.7476478210162595,0.3622238239661414,52.524685176141254,240,abrupt,0.0,0
32,86,0.6806698145741404,0.3884322610509906,50.07496897634298,239,abrupt,0.0,0
32,87,0.7743002073059102,0.4114622546869975,53.386411501720055,238,abrupt,0.0,0
32,88,0.8100549827210568,0.41008747807554835,54.19443605097288,237,abrupt,0.0,0
32,89,0.8661402781990712,0.4406798178435192,53.07518137163006,236,abrupt,0.0,0
32,90,0.8848581025034279,0.426938896278224,54.281998437345266,235,abrupt,0.0,0
32,91,0.8428283094619021,0.4166007876342711,54.494477430470475,234,abrupt,0.0,0
32,92,0.7868761671409826,0.4162726374672409,52.81500745699971,233,abrupt,0.0,0
32,93,0.7110230644777766,0.33741744648372796,54.2000836321097,232,abrupt,0.0,0
32,94,0.8286895815047843,0.45908710924699087,53.81609131702848,231,abrupt,0.0,0
32,95,0.7119782332922253,0.45252739530454805,51.69604892778853,230,abrupt,0.0,0
32,96,0.9992716510542636,0.4663197275068938,56.44034755299389,229,abrupt,0.0,0
32,97,0.88590469314471,0.4105950840183478,53.709541884171635,228,abrupt,0.0,0
32,98,0.8997853409870165,0.3766418538521395,52.80123914667319,227,abrupt,0.0,0
32,99,0.7925298085147627,0.4025725348588713,52.02909061470186,226,abrupt,0.0,0
32,100,0.6771877324837017,0.39726222123214955,50.176756869331456,225,abrupt,0.0,0
32,101,0.9603962057652866,0.3885717201671625,53.28044839857195,224,abrupt,0.0,0
32,102,0.8633289897620363,0.4725534614781334,51.8969199597548,223,abrupt,0.0,0
32,103,0.956772470276366,0.46707312066581885,56.610440834034506,222,abrupt,0.0,0
32,104,0.8819525642960139,0.40341251921425847,56.554096536503366,221,abrupt,0.0,0
32,105,0.9718459334586504,0.37538173225355975,55.20881973335484,220,abrupt,0.0,0
32,106,0.9318041334290567,0.44718596382746206,55.69780276623971,219,abrupt,0.0,0
32,107,0.8489592338110737,0.39154118258769216,52.615226705554534,218,abrupt,0.0,0
32,108,0.6735315965465649,0.31727115051237553,50.08541198068674,217,abrupt,0.0,0
32,109,0.7266088216562241,0.38831075692563705,53.078642004346946,216,abrupt,0.0,0
32,110,0.7883957059550132,0.43413731261726607,53.11382513679811,215,abrupt,0.0,0
32,111,0.8291482323403176,0.4143085198756161,52.199986104269975,214,abrupt,0.0,0
32,112,0.8129320243835593,0.462109877534526,54.64046154822125,213,abrupt,0.0,0
32,113,0.8782274243108724,0.43167749045280107,54.98540520632216,212,abrupt,0.0,0
32,114,0.6892640681440584,,52.10822064269625,211,abrupt,0.0,0
32,115,0.8557387443384312,0.44916091697577826,54.029855696957,210,abrupt,0.0,0
32,116,0.672839484316659,0.4312965787081361,52.171365207477756,209,abrupt,0.0,0
32,117,0.773891507904976,0.4013855201498924,53.35023547463635,208,abrupt,0.0,0
32,118,0.7527875333871257,0.4118700311176927,54.30822088555326,207,abrupt,0.0,0
32,119,0.7734940289163876,0.392915257039501,52.26884163639893,206,abrupt,0.0,0
32,120,0.6938920561685958,0.3703495118131586,51.697175004571754,205,abrupt,0.0,0
32,121,0.6203049101526507,0.42061102544499224,52.12652373969281,204,abrupt,0.0,0
32,122,0.6429197383054783,0.3409960271074772,53.48812952116617,203,abrupt,0.0,0
32,123,0.6567771716117923,0.37309690225418735,51.75277126465234,202,abrupt,0.0,0
32,124,0.6349712572581647,0.4044354297826925,52.073010976830595,201,abrupt,0.0,0
32,125,0.5423759084972887,0.37622903067208174,51.730622152109746,200,abrupt,0.0,0
32,126,0.6235883717612823,0.3533415273850928,51.47183021874627,199,abrupt,0.0,0
32,127,0.7509518538568741,0.3803406138581844,52.16447231560881,198,abrupt,0.0,0
32,128,0.500171708752555,0.3712661444004685,49.85462723913071,197,abrupt,0.0,0
32,129,0.5529854871792291,0.3743943633073986,51.14604580970096,196,abrupt,0.0,0
32,130,0.5304790761253351,0.3241790380406855,49.64302966754053,195,abrupt,0.0,0
32,131,0.5409519399439658,0.40804500921267606,51.69970353479078,194,abrupt,0.0,0
32,132,0.6815972838266253,0.3909588749430843,52.6790371205786,193,abrupt,0.0,0
32,133,0.663942948113094,0.4263328901248121,52.64925264742168,192,abrupt,0.0,0
32,134,0.5845998042555337,0.3888482254002673,52.86978673645086,191,abrupt,0.0,0
32,135,0.5373122095271481,0.36707659189032454,49.72222538088398,190,abrupt,0.0,0
32,136,0.5523578739014956,0.3783090311414804,50.2573643918876,189,abrupt,0.0,0
32,137,0.48574630046826833,0.3592102408408908,52.44268931670334,188,abrupt,0.0,0
32,138,0.4787584467228304,0.3255494112366002,51.718929402930456,187,abrupt,0.0,0
32,139,0.6061844982943548,0.39017625786918747,51.560430285510776,186,abrupt,0.0,0
32,140,0.3732163311361418,0.36601179182789095,48.804895468285345,185,abrupt,0.0,0
32,141,0.6138414259741592,0.37855852236495857,51.86226642551862,184,abrupt,0.0,0
32,142,0.5924091977227693,0.4145908789712368,53.04020150119008,183,abrupt,0.0,0
32,143,0.6641245401716339,0.35224250285025044,50.90915066351354,182,abrupt,0.0,0
32,144,0.679467681816514,0.34787629451527385,53.72231167859737,181,abrupt,0.0,0
32,145,0.45776045688511646,0.3870844539846075,50.156800146944505,180,abrupt,0.0,0
32,146,0.5186357681724435,0.3744174346222489,49.517371345726204,179,abrupt,0.0,0
32,147,0.6051161373410778,0.3237231932072313,51.604063189606336,178,abrupt,0.0,0
32,148,0.45943011997121747,0.3137984991933225,51.357381972212025,177,abrupt,0.0,0
32,149,0.5875544331721644,0.39835198296789864,50.78078728907935,176,abrupt,0.0,0
32,150,0.5223001986999525,0.4293755869132423,50.64933305051789,175,abrupt,0.0,0
32,151,0.6583101287290497,0.39181670346685826,51.54459030759782,174,abrupt,0.0,0
32,152,0.5985734387421751,0.44331040780932796,50.27451839274327,173,abrupt,0.0,0
32,153,0.5188121342741226,0.37937052144009525,49.526001208891415,172,abrupt,0.0,0
32,154,0.49182693465559146,0.34206999647598446,52.43254977567524,171,abrupt,0.0,0
32,155,0.6004856643960115,0.39110768081042124,51.7139066500605,170,abrupt,0.0,0
32,156,0.6517585666934964,0.37315348218605887,52.22938380685608,169,abrupt,0.0,0
32,157,0.625757475278202,0.42422251426949936,52.060939764992085,168,abrupt,0.0,0
32,158,0.6683028257661814,0.3903208158885483,50.57308930721158,167,abrupt,0.0,0
32,159,0.5143635242805882,0.3722072173023285,51.38893172588538,166,abrupt,0.0,0
32,160,0.8619526093216814,0.37743509043706036,55.17276626274832,165,abrupt,0.0,0
32,161,0.8016072871241126,0.4056897112622272,54.681713423603966,164,abrupt,0.0,0
32,162,0.903178475441976,0.46241872345706697,55.05154377027648,163,abrupt,0.0,0
32,163,0.6025526088130027,0.39167211466101154,51.57545863428589,162,abrupt,0.0,0
32,164,0.5919351362073234,0.44746908492531456,51.852647601182845,161,abrupt,0.0,0
32,165,0.8045389451445462,0.39726142245177615,53.57510741654772,160,abrupt,0.0,0
32,166,0.5711509302466914,0.3622230570214902,50.35980392643509,159,abrupt,0.0,0
32,167,0.8023726914915676,0.4227787905811318,53.74112144637693,158,abrupt,0.0,0
32,168,0.6051450880152323,0.40953403357726426,49.22365149509364,157,abrupt,0.0,0
32,169,1.0320868009228903,0.44387232433558854,56.366209279938474,156,abrupt,0.0,0
32,170,0.8417821495797286,0.4332690377879202,,155,abrupt,0.0,0
32,171,0.8265514304948058,0.43425815707949017,53.08478096132573,154,abrupt,0.0,0
32,172,0.7120167913570774,0.389410644389942,51.419205750043275,153,abrupt,0.0,0
32,173,0.9866821033995047,0.4545177855831564,53.63407411921256,152,abrupt,0.0,0
32,174,0.923485707412083,0.45294906333404167,56.90728730948199,151,abrupt,0.0,0
32,175,0.9745219852723515,0.43751274930911094,54.684741870844675,150,abrupt,0.0,0
32,176,0.8818438605056751,0.4442756938268023,54.89530057119248,149,abrupt,0.0,0
32,177,0.8570228753860858,0.44092211829876865,55.7241163771383,148,abrupt,0.0,0
32,178,0.919842809644673,0.4685183559881153,54.84773395396333,147,abrupt,0.0,0
32,179,0.850328720494213,0.3856141654197094,54.82044319167245,146,abrupt,0.0,0
32,180,0.9124778397697544,0.4154691474493363,55.25265494778688,145,abrupt,0.0,0
32,181,0.8784238164781588,0.46690434290055094,55.2271156665043,144,abrupt,0.0,0
32,182,0.9501972037332633,0.3829049914709207,54.80086970323397,143,abrupt,0.0,0
32,183,0.7711269201362039,0.3583368174662717,53.69320533506877,142,abrupt,0.0,0
32,184,0.8424379188854821,0.4411594977420584,54.38130808729293,141,abrupt,0.0,0
32,185,0.887272401849359,0.4632354112784425,55.585257489132545,140,abrupt,0.0,0
32,186,0.9358788224598065,0.45326113385227346,56.74506664009292,139,abrupt,0.0,0
32,187,0.6703968929006459,0.4094728715909102,51.108204323284404,138,abrupt,0.0,0
32,188,0.8411211008171683,0.42991662156292193,54.55185897616966,137,abrupt,0.0,0
32,189,0.7643218348937824,0.39050407373027374,51.86316083916928,136,abrupt,0.0,0
32,190,0.7483528990823671,0.3884363907652447,51.75257153287825,135,abrupt,0.0,0
32,191,1.0453722225781317,0.46275208831937964,56.70739106365508,134,abrupt,0.0,0
32,192,0.7997761969424102,0.4336785810403145,53.98602300999609,133,abrupt,0.0,0
32,193,0.6856552102726883,0.4285352226912257,52.81677336260651,132,abrupt,0.0,0
32,194,0.6536498710803365,0.3910365401832457,51.465161965553484,131,abrupt,0.0,0
32,195,0.8363581824691539,0.4258179433566035,53.85875272071597,130,abrupt,0.0,0
32,196,0.9956294046416259,0.4736665424538481,55.96687724266436,129,abrupt,0.0,0
32,197,0.8708822004733607,0.42456873793103656,54.39330406299298,128,abrupt,0.0,0
32,198,0.6827297823628061,,52.51881710427803,127,abrupt,0.0,0
32,199,0.8796484430778159,0.4133719149639305,53.75382482582159,126,abrupt,0.0,0
32,200,0.8212068309157168,0.3897558820171714,55.50690250183029,125,abrupt,0.0,0
32,201,0.8510323953726773,0.43984892239564377,54.24948902794021,124,abrupt,0.0,0
32,202,0.7143402686513697,0.45931329423574296,52.44609439055264,123,abrupt,0.0,0
32,203,0.8012384803352023,0.4036908855325063,54.19539757829929,122,abrupt,0.0,0
32,204,0.6148910431794024,,54.56648018794767,121,abrupt,0.0,0
32,205,0.8228482025485799,0.4712226629461859,53.76007077480571,120,abrupt,0.0,0
32,206,0.7057229936917165,0.3767574469797241,53.85588408688428,119,abrupt,0.0,0
32,207,0.6440659716006131,0.413600077461486,,118,abrupt,0.0,0
32,208,0.5064874916260782,0.33599584245877395,49.80033189749519,117,abrupt,0.0,0
32,209,0.5999718200804847,0.3565027062340377,51.88592797620748,116,abrupt,0.0,0
32,210,0.5823891934611171,0.4000469158103959,53.0808430644708,115,abrupt,0.0,0
32,211,0.7126912396007925,0.402265545746541,52.71564357399766,114,abrupt,0.0,0
32,212,0.6310027998789736,0.3846565276421242,49.976274468215856,113,abrupt,0.0,0
32,213,0.5161838444804,0.35028720749680164,51.25291563277863,112,abrupt,0.0,0
32,214,0.5048055762557843,0.3417642693171324,50.49746183083759,111,abrupt,0.0,0
32,215,0.5974369529649678,0.3719300022541943,52.02926104862021,110,abrupt,0.0,0
32,216,0.6181985961117121,0.41867475920208685,50.770774462519256,109,abrupt,0.0,0
32,217,0.498636223946767,0.36073525792746086,51.84012949644719,108,abrupt,0.0,0
32,218,0.496584359996075,0.3568449425199326,50.97151617070632,107,abrupt,0.0,0
32,219,0.6876481227369875,0.358202328343621,53.49508471045144,106,abrupt,0.0,0
32,220,0.5614663976204901,0.4034154872356673,50.32858704328771,105,abrupt,0.0,0
32,221,0.6931667881398107,0.3777509206472686,54.62705158668539,104,abrupt,0.0,0
32,222,0.4893790135722172,0.38838365301663086,52.196529361803144,103,abrupt,0.0,0
32,223,0.39799125931729185,0.3336839818153321,49.25206844697233,102,abrupt,0.0,0
32,224,0.6319066504442058,0.3874804619195402,51.570697418948406,101,abrupt,0.0,0
32,225,0.5313252511176692,0.4014107451955996,49.99325336907676,100,abrupt,0.0,0
32,226,0.7114195043458144,0.3801650026620205,53.49432761912096,99,abrupt,0.0,0
32,227,0.43820152635364773,0.37049778551420587,50.05953956753079,98,abrupt,0.0,0
32,228,0.6282404699843356,0.37492640937396615,50.53461455955473,97,abrupt,0.0,0
32,229,0.5440946795386312,0.42308905932734425,52.27834257671834,96,abrupt,0.0,0
32,230,0.5861683248206694,0.3535059253021898,53.20423129455982,95,abrupt,0.0,0
32,231,0.7614028958598796,0.4490556465865564,53.8469947130902,94,abrupt,0.0,0
32,232,0.651075612584718,0.37320026101231796,53.39292336753124,93,abrupt,0.0,0
32,233,0.6288467349614673,0.3644252836524369,51.816867558208905,92,abrupt,0.0,0
32,234,0.626611683919393,0.3845030551178469,52.35867540312076,91,abrupt,0.0,0
32,235,0.6411518765244264,0.447539633299848,53.553614813728416,90,abrupt,0.0,0
32,236,0.5428599794173872,0.4105108098203008,51.263339179497926,89,abrupt,0.0,0
32,237,0.7865805249384349,0.42710005699255904,55.90135350434019,88,abrupt,0.0,0
32,238,0.728394912430646,0.40555546740201004,54.39922464263429,87,abrupt,0.0,0
32,239,0.6657225696824007,0.4088677044736711,51.348605660931504,86,abrupt,0.0,0
32,240,0.5223713030599961,0.34760893629005396,52.04561764450486,85,abrupt,0.0,0
32,241,0.813736723687277,0.440879879325264,51.80945984325621,84,abrupt,0.0,0
32,242,0.6854944875914559,0.3776364557750547,52.85718681499522,83,abrupt,0.0,0
32,243,0.6159367070102919,0.38434192990050825,51.30467054455713,82,abrupt,0.0,0
32,244,0.7328407080185317,0.40267123665718385,54.319189494941135,81,abrupt,0.0,0
32,245,0.6528550623615682,0.3614270417759832,51.809675807731466,80,abrupt,0.0,0
32,246,0.7497539110972342,0.37698972509993167,54.89515254178994,79,abrupt,0.0,0
32,247,0.7169313467516358,0.45307428794502275,52.57104377458751,78,abrupt,0.0,0
32,248,0.8122454796221072,0.37286842731520004,53.92641312412854,77,abrupt,0.0,0
32,249,0.7417383043158029,0.4135187719228157,54.80120417651643,76,abrupt,0.0,0
32,250,0.7901219700432816,0.4312209356735136,53.45321884628589,75,abrupt,0.0,0
32,251,0.6804843202708182,0.416204357813831,53.65394520299777,74,abrupt,0.0,0
32,252,0.8978692306246239,0.45567395240589215,56.69088091329384,73,abrupt,0.0,0
32,253,0.8966965012033024,0.45914547895346175,55.162082752021455,72,abrupt,0.0,0
32,254,0.8513448279241421,,54.350071368154076,71,abrupt,0.0,0
32,255,1.0104468424873472,0.47972469687407,57.24864326070873,70,abrupt,0.0,0
32,256,0.8803342166409576,0.43866079170123845,55.556218635427946,69,abrupt,0.0,0
32,257,0.7801207096138295,0.39064790850193376,53.2111516656143,68,abrupt,0.0,0
32,258,0.9308726935402827,0.4313955221866279,56.75163824566392,67,abrupt,0.0,0
32,259,0.8718500217933485,0.4417451160562135,54.612869682013844,66,abrupt,0.0,0
32,260,0.9513069949298003,0.426719744560243,55.954920669518124,65,abrupt,0.0,0
32,261,0.78845225608922,0.42540907246771165,54.43572316332848,64,abrupt,0.0,0
32,262,1.0471005983635242,0.5155788772206655,56.38572997302779,63,abrupt,0.0,0
32,263,1.042735341711254,0.4940551256838107,57.95070493250835,62,abrupt,0.0,0
32,264,0.8432464080872768,0.41209397607381054,55.68641768708885,61,abrupt,0.0,0
32,265,0.8727286818995051,0.4207786614257604,54.274397649224994,60,abrupt,0.0,0
32,266,1.0211437539680532,0.4769783203303728,57.76491802551097,59,abrupt,0.0,0
32,267,0.8622489385980807,0.4401477970141628,54.99229665788726,58,abrupt,0.0,0
32,268,0.9730689347031869,0.46547169974291935,56.291041253050594,57,abrupt,0.0,0
32,269,0.9497199111222839,0.47810799367661244,55.6661404259056,56,abrupt,0.0,0
32,270,0.7263696462138607,,53.90388752445061,55,abrupt,0.0,0
32,271,0.7439438908515216,0.4455558672106819,54.83287378565324,54,abrupt,0.0,0
32,272,0.791454631729672,0.4331768179225217,52.69297312567148,53,abrupt,0.0,0
32,273,0.9198101418571748,0.4643746497061254,55.56442082943983,52,abrupt,0.0,0
32,274,0.7275558165986675,0.44946832454867214,53.66535688359144,51,abrupt,0.0,0
32,275,0.8604568972524118,0.44722264373313475,55.22871341828489,50,abrupt,0.0,0
32,276,0.5047425091387852,0.4043098254153524,50.062774974808846,49,abrupt,0.0,0
32,277,0.9002484869572895,0.46335557054971377,56.65414540909932,48,abrupt,0.0,0
32,278,0.7542365672692642,0.41280762939477106,52.93138229857338,47,abrupt,0.0,0
32,279,0.7484208548272752,0.42012715442478354,53.21954456465679,46,abrupt,0.0,0
32,280,0.7139687764512458,0.37043542104995675,54.012027687236525,45,abrupt,0.0,0
32,281,0.6656994333090792,0.4698215456077384,53.1158141014783,44,abrupt,0.0,0
32,282,0.8350800036322901,0.4174418523243394,55.122159796471806,43,abrupt,0.0,0
32,283,0.6227640384298806,0.37752632084642135,50.4160040865665,42,abrupt,0.0,0
32,284,0.7850512070938755,0.4613548263205697,54.934939190611665,41,abrupt,0.0,0
32,285,0.6887623522071049,0.4164896201707623,53.88361818473188,40,abrupt,0.0,0
32,286,0.5668338453751759,0.3941947245302828,51.15443385279384,39,abrupt,0.0,0
32,287,0.5279283053707023,0.40054609224782617,51.561705417078876,38,abrupt,0.0,0
32,288,0.6753354718500612,0.3685370322320542,52.6193217941233,37,abrupt,0.0,0
32,289,0.3730488196526964,0.31696748463276625,,36,abrupt,0.0,0
32,290,0.6854241115483709,0.4327103811744328,52.682092833928216,35,abrupt,0.0,0
32,291,0.5395860153346854,0.3626739821632048,51.55830332413236,34,abrupt,0.0,0
32,292,0.5353252693991503,0.37457924496315487,53.13227653603083,33,abrupt,0.0,0
32,293,0.6762182659798512,0.3920751878488658,53.75123242215184,32,abrupt,0.0,0
32,294,0.6903616065625942,,54.00778938240839,31,abrupt,0.0,0
32,295,0.6066778083002089,0.3982030412285686,52.690873611072064,30,abrupt,0.0,0
32,296,0.6005648814311858,,51.87135501758151,29,abrupt,0.0,0
32,297,0.4013772247027627,0.320048359773307,51.24801512949678,28,abrupt,0.0,0
32,298,0.45711738130499385,,49.839006137842155,27,abrupt,0.0,0
32,299,0.5170787893972159,0.3823328677107467,52.94511024598413,26,abrupt,0.0,0
32,300,0.7001819069099997,0.40289905581959157,55.257874835158724,25,abrupt,0.0,0
32,301,0.6371472899735611,0.40798177746324854,52.88906581787036,24,abrupt,0.0,0
32,302,0.5096619073749153,0.32273931840731146,51.66268760819977,23,abrupt,0.0,0
32,303,0.5039181964106583,0.3632880259920727,51.409276231315125,22,abrupt,0.0,0
32,304,0.4693537277709506,0.3309459693066446,52.1055711606368,21,abrupt,0.0,0
32,305,0.6182723967663968,0.41795392339894905,52.90748979022419,20,abrupt,0.0,1
32,306,0.5917387190874872,0.3357957185901575,53.31193226024241,19,abrupt,0.0,1
32,307,0.5996067691528203,0.3538355647173083,52.13411045352651,18,abrupt,0.0,1
32,308,0.6699988519138105,0.4264912866641151,55.3555575602171,17,abrupt,0.0,1
32,309,0.3333417984314031,0.3478875843407035,47.985102095237885,16,abrupt,0.0,1
32,310,0.5835292611255322,0.5151809043388905,53.843125158532615,15,abrupt,0.07456448518410773,1
32,311,0.4271786077815801,0.5231306436939435,53.66914557953919,14,abrupt,0.14072383932256394,1
32,312,0.7404074721504924,0.7031016344643337,57.80303617732162,13,abrupt,0.20404275928113452,1
32,313,0.42117401507975194,0.6909016004575845,55.87131062469975,12,abrupt,0.26558486798087005,1
32,314,0.6509627484313778,0.834621845514576,57.84359595235809,11,abrupt,0.3258386312759848,1
32,315,0.597993723738524,0.9371539541644835,60.21056878700845,10,abrupt,0.38508521048745664,1
32,316,0.6496431696913334,1.0398515482550512,61.36838824979924,9,abrupt,0.44350712167264855,1
32,317,0.5943777955751468,1.0307234241183179,61.3420269213565,8,abrupt,0.5012322179381188,1
32,318,0.7210284058994245,1.104425029489709,65.30943480731638,7,abrupt,0.5583549261053912,1
32,319,0.8438907814673879,1.267209858285732,68.84174575181203,6,abrupt,0.614947760714088,1
32,320,0.7991120394759743,1.270915250590857,69.75591770551037,5,abrupt,0.6710681059587817,1
32,321,0.6748232505539379,1.3063529256607835,68.41835265379201,4,abrupt,0.7267624681150815,1
32,322,0.6557640323275321,1.3974495762511747,68.60353385905003,3,abrupt,0.7820692758323478,1
32,323,0.6987276875221834,1.4864542495174577,69.8033148324785,2,abrupt,0.8370207985017615,1
32,324,0.7545824914958037,,72.05123601078877,1,abrupt,0.8916445039723866,1
32,325,0.8426911044640022,1.7140572249091168,74.96574974383466,0,abrupt,0.9459640461039447,1
33,0,0.4432090790187892,0.2124826896732415,50.518786215238386,252,abrupt,0.0,0
33,1,0.6212962993705561,0.25878555985579166,51.44084246500316,251,abrupt,0.0,0
33,2,0.8369331968726788,0.2982888212960984,54.28409452427675,250,abrupt,0.0,0
33,3,0.8222324779248847,0.3240440132765327,55.179283875092004,249,abrupt,0.0,0
33,4,0.9068518847263065,0.3301792914214612,54.734492072162986,248,abrupt,0.0,0
33,5,0.7932909918751379,0.3209178792985159,54.803882384323956,247,abrupt,0.0,0
33,6,0.7692564288889778,0.2684035655886791,53.022669969851854,246,abrupt,0.0,0
33,7,0.7595350105247167,0.19628054127897138,55.83026439518392,245,abrupt,0.0,0
33,8,0.7889394255923813,0.28455517108170286,52.919431864867256,244,abrupt,0.0,0
33,9,0.6870842434535653,0.28425636432072615,52.19459200085266,243,abrupt,0.0,0
33,10,0.7690510653949031,0.2787859741309097,53.71469963790697,242,abrupt,0.0,0
33,11,0.8486539231227763,0.2498615581659674,54.86708990236023,241,abrupt,0.0,0
33,12,0.788777837944007,0.2998403963694489,53.177254266521764,240,abrupt,0.0,0
33,13,0.9862956897590627,0.2901783189297046,55.34149763318919,239,abrupt,0.0,0
33,14,0.9867366372562377,0.3056670849963415,55.62669795781864,238,abrupt,0.0,0
33,15,0.8785867525744236,0.2734802902172582,55.33730888883712,237,abrupt,0.0,0
33,16,0.8800644954059673,0.24746474759319914,55.89230645163906,236,abrupt,0.0,0
33,17,0.8593318055261601,,54.46003501233441,235,abrupt,0.0,0
33,18,0.8280389114375982,0.2183998403806971,53.87541094200603,234,abrupt,0.0,0
33,19,0.8077210099619251,0.24534100259626593,53.425511704213,233,abrupt,0.0,0
33,20,0.8956489731927767,0.27431532736913694,55.05112154514369,232,abrupt,0.0,0
33,21,0.7021967990648043,0.24116087679203696,53.95588692902037,231,abrupt,0.0,0
33,22,0.8270315147965444,0.2822709214490659,52.957500244705685,230,abrupt,0.0,0
33,23,0.772400982715442,0.23748486631039142,54.40539694162006,229,abrupt,0.0,0
33,24,0.7941284607866047,0.21539514102440072,53.9905574702164,228,abrupt,0.0,0
33,25,0.5988774357055171,0.25501449752350336,50.52590685175742,227,abrupt,0.0,0
33,26,0.8402946564310126,0.2847270685105769,54.68967802737542,226,abrupt,0.0,0
33,27,0.8107366750478,0.3116876087101766,53.45246739015748,225,abrupt,0.0,0
33,28,0.7079164674961318,0.25123011116839544,52.29256064521047,224,abrupt,0.0,0
33,29,0.6798884452355424,0.25692941181517054,51.959758600308824,223,abrupt,0.0,0
33,30,0.7903421622436566,0.2678748688430449,53.23595418414782,222,abrupt,0.0,0
33,31,0.5919500094034754,0.2433475966352839,50.909710196315245,221,abrupt,0.0,0
33,32,0.7415649178033328,0.2265865101327194,54.70439788762693,220,abrupt,0.0,0
33,33,0.8088245866396953,0.297071317264235,54.0238133909397,219,abrupt,0.0,0
33,34,0.8026366924392002,0.2877490543664196,53.50965596520793,218,abrupt,0.0,0
33,35,0.7182890871166637,0.2105063269974332,51.080027823594435,217,abrupt,0.0,0
33,36,0.7500362181931632,0.2942204504380779,53.26120633155334,216,abrupt,0.0,0
33,37,0.7575222569929726,0.281331951961752,52.35818685745615,215,abrupt,0.0,0
33,38,0.6673368386156195,,52.34514106650784,214,abrupt,0.0,0
33,39,0.46682442582443096,0.2125400408960587,,213,abrupt,0.0,0
33,40,0.6651708970175519,0.21801701062453047,52.29053584237938,212,abrupt,0.0,0
33,41,0.6305518289447736,0.21896942164461328,,211,abrupt,0.0,0
33,42,0.5054847398418127,0.2613411298498881,50.870660142323345,210,abrupt,0.0,0
33,43,0.449859500119136,0.24812931094924914,48.233449881347646,209,abrupt,0.0,0
33,44,0.6020395638240144,0.24376527867105055,49.02002108112287,208,abrupt,0.0,0
33,45,0.5705021178354452,0.2238877048085705,49.9324920725663,207,abrupt,0.0,0
33,46,0.6081476483875792,0.2188308314811636,52.26482736007649,206,abrupt,0.0,0
33,47,0.6587956673414188,0.23232459392913288,52.71971408675097,205,abrupt,0.0,0
33,48,0.6195145880572179,0.18095310583457883,51.37892510211263,204,abrupt,0.0,0
33,49,0.44632448158486066,0.1562688011542968,50.21989515731729,203,abrupt,0.0,0
33,50,0.6126708646423907,0.2645330261162211,50.9906341463382,202,abrupt,0.0,0
33,51,0.5361802502006924,0.2712044132662498,51.43235291654933,201,abrupt,0.0,0
33,52,0.5591486942648222,0.17865263898681646,51.41611853171762,200,abrupt,0.0,0
33,53,0.49667626115175184,0.2404283803556905,51.841924085594286,199,abrupt,0.0,0
33,54,0.49976172849427136,0.24066492994378985,51.51508568059161,198,abrupt,0.0,0
33,55,0.7235599399921705,0.2852376466229141,52.982509467989544,197,abrupt,0.0,0
33,56,0.7123135293369525,0.22316586739566152,51.06360640902184,196,abrupt,0.0,0
33,57,0.7660722765015953,0.21975760782210113,52.95036757815937,195,abrupt,0.0,0
33,58,0.6654384747891421,0.25214215588307354,49.632265414102655,194,abrupt,0.0,0
33,59,0.5751766206746742,0.21570385417347127,51.52204265247826,193,abrupt,0.0,0
33,60,0.7728759085623356,0.2706720806625763,53.00734613653871,192,abrupt,0.0,0
33,61,0.6297986812411335,0.213600542014216,51.12787475603778,191,abrupt,0.0,0
33,62,0.7233047859127149,0.3137635181721655,53.153271542746054,190,abrupt,0.0,0
33,63,0.7975973813528546,0.3179125529951171,52.996904591168196,189,abrupt,0.0,0
33,64,0.5819286458517876,0.2063900016073396,50.40351441089432,188,abrupt,0.0,0
33,65,0.801901037950712,0.239716554870464,54.40236536660538,187,abrupt,0.0,0
33,66,0.9416934372395311,0.2506874379954411,55.35653390177625,186,abrupt,0.0,0
33,67,0.8097475123604861,0.21199412527893916,52.82739953863574,185,abrupt,0.0,0
33,68,0.8835875353673943,0.28965792550157055,53.53596767377438,184,abrupt,0.0,0
33,69,0.896269416336335,0.2779752454488657,54.724741867509564,183,abrupt,0.0,0
33,70,0.727676373337425,0.24406012640485958,52.01939294239709,182,abrupt,0.0,0
33,71,0.8603176338053677,0.3340837377289071,52.42952898685,181,abrupt,0.0,0
33,72,0.9152548501903099,0.32170912552375236,54.848854370073916,180,abrupt,0.0,0
33,73,0.8584408131350084,0.27659802448127085,54.16608929058099,179,abrupt,0.0,0
33,74,0.9516056749452972,0.31456524588806467,57.64158158308481,178,abrupt,0.0,0
33,75,0.9427426312400241,0.2667926264790493,55.70820606855633,177,abrupt,0.0,0
33,76,0.9601240352064577,0.2887194308668088,56.67407424246352,176,abrupt,0.0,0
33,77,0.7730825965983174,0.22618838708008732,54.98534894793326,175,abrupt,0.0,0
33,78,0.901639702213195,0.2852546342585676,54.82396623953034,174,abrupt,0.0,0
33,79,1.0420997089355923,,56.303910300914296,173,abrupt,0.0,0
33,80,0.9256253598652571,0.24093247917394905,56.27422732179672,172,abrupt,0.0,0
33,81,1.1172245020019766,0.3044000482665467,58.440060815062196,171,abrupt,0.0,0
33,82,0.5845290628989273,,50.94939135252267,170,abrupt,0.0,0
33,83,0.847266647600927,0.2164776986108488,54.0247418452606,169,abrupt,0.0,0
33,84,0.7992815902597001,0.279862884115478,55.06490826256295,168,abrupt,0.0,0
33,85,0.6511416991767247,0.26169838698272463,52.426756885784975,167,abrupt,0.0,0
33,86,0.7905229196742829,0.19663269644224118,53.982443475362395,166,abrupt,0.0,0
33,87,0.777187809505084,,52.50365716066809,165,abrupt,0.0,0
33,88,0.6812490937568497,0.25416112693148796,53.342000230588525,164,abrupt,0.0,0
33,89,0.687459318393014,0.20989811321017532,51.401872848934424,163,abrupt,0.0,0
33,90,0.8771645198641143,0.25230265490856985,55.57433029553173,162,abrupt,0.0,0
33,91,0.8670602283904812,0.25604427862176066,54.71834514868155,161,abrupt,0.0,0
33,92,0.6606386463383485,0.24226695971789708,52.39318078640435,160,abrupt,0.0,0
33,93,0.7316323269910444,0.27310399572812755,53.083107247892926,159,abrupt,0.0,0
33,94,0.628324842026362,0.21290712463406228,52.4614083225988,158,abrupt,0.0,0
33,95,0.5287059567057124,0.20544178089207107,50.359515818347596,157,abrupt,0.0,0
33,96,0.6100690427879244,0.2676448519789519,51.68722173111576,156,abrupt,0.0,0
33,97,0.5598385917214095,0.2538071206941154,50.42233309916159,155,abrupt,0.0,0
33,98,0.4956061093718892,0.23009222836602447,49.4996297132286,154,abrupt,0.0,0
33,99,0.3378992959694189,0.18808570992715476,48.721791194766155,153,abrupt,0.0,0
33,100,0.5048148485454449,0.22868745497887358,50.43966666143172,152,abrupt,0.0,0
33,101,0.5725003046529629,0.19474239424080897,52.34989236266641,151,abrupt,0.0,0
33,102,0.613465645991599,0.21337924913823197,53.05813761042409,150,abrupt,0.0,0
33,103,0.5677334730261395,0.24312888095136195,50.978086194443,149,abrupt,0.0,0
33,104,0.564543086425671,0.200173053633955,49.96883468267742,148,abrupt,0.0,0
33,105,0.5457481718242739,0.22263351716137836,51.30645761909872,147,abrupt,0.0,0
33,106,0.49313464530196777,0.1832319073108617,50.70269767795535,146,abrupt,0.0,0
33,107,0.5702059906029473,0.2109096846303765,50.78812306401277,145,abrupt,0.0,0
33,108,0.637666672180764,0.20379681710689895,52.12964804972826,144,abrupt,0.0,0
33,109,0.5926046479722176,0.21387173819618907,51.51005499236611,143,abrupt,0.0,0
33,110,0.5699777809187507,0.21773131110765453,50.584428476208785,142,abrupt,0.0,0
33,111,0.5767401526437965,0.23672250761880417,51.25515807580739,141,abrupt,0.0,0
33,112,0.3618392227133378,0.16636307114032436,48.24131730253439,140,abrupt,0.0,0
33,113,0.6131448319513891,0.2000626293970079,51.38634342144093,139,abrupt,0.0,0
33,114,0.6840148424391147,0.2316540735025938,53.48629619853637,138,abrupt,0.0,0
33,115,0.6341781567712068,0.20754355398932647,52.5952977498799,137,abrupt,0.0,0
33,116,0.7122281199343525,0.25392070760458885,52.424974347235356,136,abrupt,0.0,0
33,117,0.5411883553975171,0.192407057776365,51.89511831389901,135,abrupt,0.0,0
33,118,0.5660817377929556,0.20764302014999172,49.830209855093734,134,abrupt,0.0,0
33,119,0.5396653086277577,0.2575352675238585,50.361347349332554,133,abrupt,0.0,0
33,120,0.5236587686829449,0.15490794820648998,51.09990970393763,132,abrupt,0.0,0
33,121,0.627708165965188,0.2172895385553197,52.78786820452577,131,abrupt,0.0,0
33,122,0.6876144541894809,0.23901552558735786,53.315749160431565,130,abrupt,0.0,0
33,123,0.9090432539188917,0.23934498380099298,56.37247643999421,129,abrupt,0.0,0
33,124,0.8368723955884055,0.263746844227978,55.20292175140288,128,abrupt,0.0,0
33,125,0.8281779313846577,0.2879523276684997,53.78311744131666,127,abrupt,0.0,0
33,126,0.726889813380565,0.26486274814009625,53.14389877394389,126,abrupt,0.0,0
33,127,0.772624949994382,0.22627089658967392,52.402152313504374,125,abrupt,0.0,0
33,128,0.8202754720975282,0.21744017228514256,56.43778094432351,124,abrupt,0.0,0
33,129,0.8521065559873564,0.2439534456806955,56.18386054832779,123,abrupt,0.0,0
33,130,0.9833369534482099,0.26890844805573555,55.749852185164194,122,abrupt,0.0,0
33,131,1.0367677929971986,0.26456592640931825,56.132996421059914,121,abrupt,0.0,0
33,132,0.7450512061086099,0.24286028735270493,53.114713632239535,120,abrupt,0.0,0
33,133,0.9083568450748514,0.26984562982265003,54.62454283653005,119,abrupt,0.0,0
33,134,0.8926310270695632,0.26561501913470126,55.25259862365669,118,abrupt,0.0,0
33,135,0.7733640201010317,0.22601678783719686,54.61035118922589,117,abrupt,0.0,0
33,136,0.7471238319639483,0.2492404865944689,53.843163639311626,116,abrupt,0.0,0
33,137,0.7729974214578859,0.2579620369908043,51.11212175845971,115,abrupt,0.0,0
33,138,0.7842716406093003,0.25095564262485603,53.12054421941423,114,abrupt,0.0,0
33,139,0.8878593344997013,0.25337144639545617,53.61446727324371,113,abrupt,0.0,0
33,140,0.8839251274332224,0.24119647259569604,54.88956218570106,112,abrupt,0.0,0
33,141,0.9343823810878868,0.26630012167396633,55.534316051520825,111,abrupt,0.0,0
33,142,0.6880919557163331,0.19934560582796032,52.45582835772419,110,abrupt,0.0,0
33,143,0.6917282696351128,0.18675273327103437,52.72549523601005,109,abrupt,0.0,0
33,144,0.8322907215350092,0.20796812889601343,54.214319841508924,108,abrupt,0.0,0
33,145,0.7951210112969956,0.2353926335053581,52.95377773966973,107,abrupt,0.0,0
33,146,0.8060222112249241,0.26704640845381694,52.81004922068993,106,abrupt,0.0,0
33,147,0.8940386884456613,0.2735801002134015,55.700418754889995,105,abrupt,0.0,0
33,148,0.6528634576524845,0.2313960228498393,53.03675397087089,104,abrupt,0.0,0
33,149,0.8039047758597877,0.24917188260819356,52.92127679127163,103,abrupt,0.0,0
33,150,0.9453072549296633,0.27041372807682007,54.310794184243186,102,abrupt,0.0,0
33,151,0.6016056159133406,0.19768242958096172,51.74624030788621,101,abrupt,0.0,0
33,152,0.8829502620205084,0.3045317127396635,52.61130369026711,100,abrupt,0.0,0
33,153,0.6576591784388698,0.26076657718279694,50.94656297158022,99,abrupt,0.0,0
33,154,0.7890224681863652,0.21048941529238183,52.84890508148556,98,abrupt,0.0,0
33,155,0.5221750389025308,0.1960884292459784,49.80423642289116,97,abrupt,0.0,0
33,156,0.549762636987673,0.18504693975024294,52.05012426235463,96,abrupt,0.0,0
33,157,0.5807563518661603,0.23971441218239198,51.44928923269401,95,abrupt,0.0,0
33,158,0.7126726038294099,0.22166306397140428,52.36708353949911,94,abrupt,0.0,0
33,159,0.6082703958019544,0.23816182131558294,52.431837176150225,93,abrupt,0.0,0
33,160,0.6175776595959286,0.27650347161095706,52.62089215595742,92,abrupt,0.0,0
33,161,0.4816485033119055,0.21214135982979254,49.282452133337785,91,abrupt,0.0,0
33,162,0.5498370781108562,0.18865866493475447,52.77262821225178,90,abrupt,0.0,0
33,163,0.4166427915827097,0.2083143462134831,48.01125761585123,89,abrupt,0.0,0
33,164,0.4548807423562225,0.19497167746767885,51.30786069415292,88,abrupt,0.0,0
33,165,0.5456458476087195,0.2409425288149119,51.03697345459545,87,abrupt,0.0,0
33,166,0.4978422311907643,0.19951236827819369,49.485247559496656,86,abrupt,0.0,0
33,167,0.5733070260935441,0.22408438327938734,51.78342226928149,85,abrupt,0.0,0
33,168,0.7373250946637422,0.20397525075875805,53.767925376806325,84,abrupt,0.0,0
33,169,0.568726561205259,0.20281267106571021,52.04909566227736,83,abrupt,0.0,0
33,170,0.6416887473392233,0.204045044984932,52.14304728457018,82,abrupt,0.0,0
33,171,0.8324146306707074,0.24997973178575936,54.17263382204109,81,abrupt,0.0,0
33,172,0.6766782681272436,0.24718155185816756,53.51286860423574,80,abrupt,0.0,0
33,173,0.601452550473402,0.2658005769724992,51.42437592917928,79,abrupt,0.0,0
33,174,0.5465830241699431,0.13262117975702034,51.04987804620508,78,abrupt,0.0,0
33,175,0.6201009418900139,0.23347173635553456,50.288382703651045,77,abrupt,0.0,0
33,176,0.5916817339410207,0.22933049726505814,51.48235332746457,76,abrupt,0.0,0
33,177,0.7921528586177538,0.26598215685977983,54.33664898863647,75,abrupt,0.0,0
33,178,0.6470166029154029,0.2385337042916104,53.923462958621336,74,abrupt,0.0,0
33,179,0.730951506208198,0.23525527688283784,53.45196195964471,73,abrupt,0.0,0
33,180,0.7244659826956072,0.2001867727274836,53.21479376830383,72,abrupt,0.0,0
33,181,0.6061942354264611,0.21506499421081374,50.66176205892943,71,abrupt,0.0,0
33,182,0.7371429646001667,0.2422659534507781,52.727123508268086,70,abrupt,0.0,0
33,183,0.6175131182938826,0.16751410427010405,51.015001166539705,69,abrupt,0.0,0
33,184,0.6291094680079639,0.21886282316075814,51.45806164254795,68,abrupt,0.0,0
33,185,0.9167254359381307,0.27000971022105347,55.694937743025115,67,abrupt,0.0,0
33,186,0.6710895460222139,0.2031416157207867,52.19684618320369,66,abrupt,0.0,0
33,187,0.7011275649752381,0.2409330729311557,53.243307208620095,65,abrupt,0.0,0
33,188,0.8508677928765911,0.2749142976705238,54.180916878923185,64,abrupt,0.0,0
33,189,0.6770094619506232,0.18677688578304544,51.99441976352924,63,abrupt,0.0,0
33,190,0.8612936547989388,0.22791163615084895,56.159158869789756,62,abrupt,0.0,0
33,191,0.8274326863365515,0.21289857872269943,54.16281375938691,61,abrupt,0.0,0
33,192,0.7878148663306463,,55.32795131953188,60,abrupt,0.0,0
33,193,0.904944708586458,0.29211224602706426,53.10914752052216,59,abrupt,0.0,0
33,194,1.0067012781149722,0.3036742766143717,56.94490287312309,58,abrupt,0.0,0
33,195,0.7404850307708897,0.19535573053916022,53.89603510847435,57,abrupt,0.0,0
33,196,0.8163442300543374,0.22798607825993764,55.13509071491126,56,abrupt,0.0,0
33,197,0.8337126333993732,0.23114354927493547,52.771250500258574,55,abrupt,0.0,0
33,198,1.0312865976290788,0.26338887244204173,55.570274930999645,54,abrupt,0.0,0
33,199,0.7753402291873652,0.25555942533030435,54.91813404574314,53,abrupt,0.0,0
33,200,0.6525196837755639,0.21684540361529592,51.95447021604813,52,abrupt,0.0,0
33,201,0.8820452518509871,0.252271374467748,55.690066635347975,51,abrupt,0.0,0
33,202,0.6853380838279773,,,50,abrupt,0.0,0
33,203,0.8170338029436804,0.2780330886794982,53.9202890225299,49,abrupt,0.0,0
33,204,0.7806587976648497,0.21425868415413968,53.441267204559985,48,abrupt,0.0,0
33,205,0.5986953792660485,0.2103995422486401,51.17489328328509,47,abrupt,0.0,0
33,206,0.8864392292771044,0.23732368237452606,55.79723795770399,46,abrupt,0.0,0
33,207,0.6315685693687099,0.21981118492359225,53.50114228772782,45,abrupt,0.0,0
33,208,0.8183075014522074,0.2625784692589906,54.93446301166791,44,abrupt,0.0,0
33,209,0.6028237283673608,0.22731320545013106,52.2307742690443,43,abrupt,0.0,0
33,210,0.8204499302569187,0.2190355111980387,53.377383250685504,42,abrupt,0.0,0
33,211,0.6824762415597089,,53.52459982726195,41,abrupt,0.0,0
33,212,0.6437372888287055,0.15468052860266288,49.99098241664328,40,abrupt,0.0,0
33,213,0.7326162053726568,0.2680891383762967,54.539436015093194,39,abrupt,0.0,0
33,214,0.5979857499608447,0.26715851851531214,51.53360433787986,38,abrupt,0.0,0
33,215,0.5558029087933283,0.21692469331015168,51.05694747231704,37,abrupt,0.0,0
33,216,0.6296269971183824,0.1892992329633053,52.637206720954495,36,abrupt,0.0,0
33,217,0.7260886966097164,0.24164894386662533,54.40282603973447,35,abrupt,0.0,0
33,218,0.38853627806917895,0.12832579101972208,47.40716834845791,34,abrupt,0.0,0
33,219,0.654772681824303,0.18121637357757925,49.89195747562508,33,abrupt,0.0,0
33,220,0.5833610730873757,0.13357913716143216,49.9449313454118,32,abrupt,0.0,0
33,221,0.5977910518946551,0.17342252395867871,51.50642715885724,31,abrupt,0.0,0
33,222,0.5944885304881882,0.20960753513058245,50.61204109500879,30,abrupt,0.0,0
33,223,0.5480867635929687,,50.53380845105962,29,abrupt,0.0,0
33,224,0.751146223170051,0.21806684414435618,52.737458514373216,28,abrupt,0.0,0
33,225,0.5527080616833479,0.22876080394771175,50.807692265478906,27,abrupt,0.0,0
33,226,0.54937100463767,0.1572577386892653,50.61261880983181,26,abrupt,0.0,0
33,227,0.7024581974960958,0.204184861301407,52.086528313661105,25,abrupt,0.0,0
33,228,0.45572789803105807,0.16759021811254157,49.57676659426947,24,abrupt,0.0,0
33,229,0.5785684605055446,0.17266562186681736,51.529594366553205,23,abrupt,0.0,0
33,230,0.6418406849019549,0.17662772741990018,49.441446479802785,22,abrupt,0.0,0
33,231,0.5593816975904984,0.1390883949740635,50.5170363196555,21,abrupt,0.0,0
33,232,0.5195232060066093,0.16731639350926045,50.91805818502663,20,abrupt,0.0,1
33,233,0.5878874773245036,0.15611312353045023,52.82479068091733,19,abrupt,0.0,1
33,234,0.5208040561555888,0.16382506985137918,49.39180765054792,18,abrupt,0.0,1
33,235,0.6234261088941249,0.26452639933833516,53.29004190870822,17,abrupt,0.04015246759381684,1
33,236,0.7007983734767372,0.2983623251693799,53.53110269148987,16,abrupt,0.08558759531473945,1
33,237,0.6057528437132516,0.3973351447460408,54.07635871633751,15,abrupt,0.13325612200696146,1
33,238,0.7205430017912293,0.4664888639631111,56.33756500911416,14,abrupt,0.1824355241591089,1
33,239,0.602739701371541,0.5104509100944605,56.96196028915713,13,abrupt,0.23276984522890634,1
33,240,0.7058241419753107,0.6105912384001485,59.017958853403385,12,abrupt,0.2840440881222367,1
33,241,0.5949320737291628,0.6499496590339439,58.77020184224577,11,abrupt,0.33611340126036454,1
33,242,0.6449691078595192,0.7612714913556015,59.73452163830846,10,abrupt,0.3888731813624986,1
33,243,0.6659239219605276,0.723539772473838,61.39505714570142,9,abrupt,0.44224415375827786,1
33,244,0.7829080612589343,0.8646087424980673,63.443473777114455,8,abrupt,0.4961640593664045,1
33,245,0.6353723587472938,0.9888038275603491,63.97564311070395,7,abrupt,0.550582642295236,1
33,246,0.8333475451518644,1.0810298526675222,67.544042914576,6,abrupt,0.6054584418491339,1
33,247,0.7403298098333699,1.10304017651496,68.89038409550044,5,abrupt,0.6607566410533999,1
33,248,0.8858547242820307,1.220996366107883,71.72267986445954,4,abrupt,0.7164475682526328,1
33,249,0.8208174667824688,1.2628986256916985,70.86654807152001,3,abrupt,0.7725056205547182,1
33,250,0.71074075370463,1.331911677539359,71.92378011469111,2,abrupt,0.8289084698827845,1
33,251,0.8478691128373297,1.3623803763469444,74.2333470866292,1,abrupt,0.8856364642686907,1
33,252,0.6741121425828804,,73.62408894113678,0,abrupt,0.9426721676254236,1
34,0,0.7293638542374097,0.3372870021150402,43.69779864056108,319,abrupt,0.0,0
34,1,0.6637139550327529,0.34807125869505456,41.457792337961656,318,abrupt,0.0,0
34,2,0.8641053989455969,0.3754378702877863,45.53563142800445,317,abrupt,0.0,0
34,3,0.9017074330345205,0.4058517157212136,45.75203819913429,316,abrupt,0.0,0
34,4,0.7696272606020835,0.34351042293425527,42.4635906604389,315,abrupt,0.0,0
34,5,0.7809368860899232,0.30903975688222857,43.394215578674114,314,abrupt,0.0,0
34,6,0.8180612600252499,0.33957880867081736,43.02168788094019,313,abrupt,0.0,0
34,7,0.6357191127342245,0.34641771505017277,42.358136749138566,312,abrupt,0.0,0
34,8,0.7848246926405873,0.31430850413995365,44.57181800949864,311,abrupt,0.0,0
34,9,0.878943336193544,0.3847502477876925,44.52537660935256,310,abrupt,0.0,0
34,10,0.7935696982160185,0.34264227498768357,44.09964964923146,309,abrupt,0.0,0
34,11,0.856729748636093,0.35853285822594416,44.16833255232363,308,abrupt,0.0,0
34,12,0.8002034863218911,0.3057850283625431,42.74137631374163,307,abrupt,0.0,0
34,13,0.8004404858754567,0.29411445021091026,45.122790532843204,306,abrupt,0.0,0
34,14,0.687405949480594,0.3406961468587031,42.10369535073179,305,abrupt,0.0,0
34,15,0.8604404575308785,0.3641345063648594,44.603847571617834,304,abrupt,0.0,0
34,16,0.9582623234663676,0.34855861386677,45.00517780006612,303,abrupt,0.0,0
34,17,0.8959296879920666,0.37082342831461246,43.0037862867658,302,abrupt,0.0,0
34,18,0.7687663502567263,0.3220606739785147,42.47749381377595,301,abrupt,0.0,0
34,19,0.9126460156943288,0.325101682344521,44.74217480526939,300,abrupt,0.0,0
34,20,0.7617506953623867,0.3387625531843233,44.27325093324993,299,abrupt,0.0,0
34,21,0.8065285724541802,0.36326826812787993,44.29572545314389,298,abrupt,0.0,0
34,22,0.6447433546702246,0.32346232820844056,41.78774365857682,297,abrupt,0.0,0
34,23,0.6094750997996567,0.30976711598962825,41.22912845377066,296,abrupt,0.0,0
34,24,0.7192996172901563,0.37006005323048846,42.301961636669624,295,abrupt,0.0,0
34,25,0.6147209722587178,0.34435749704313423,39.97358086851322,294,abrupt,0.0,0
34,26,0.7283087108913402,0.3923387517950997,42.33067472285279,293,abrupt,0.0,0
34,27,0.8163840210336158,0.33584530835742554,41.32292029664362,292,abrupt,0.0,0
34,28,0.506204566656039,0.32221610751453317,39.745732429282384,291,abrupt,0.0,0
34,29,0.7652855892461112,0.31902767286693035,41.8944634227452,290,abrupt,0.0,0
34,30,0.49451857694680545,0.2188491569938367,39.39384346037925,289,abrupt,0.0,0
34,31,0.8143615204993153,0.3040531245902284,44.6232948272387,288,abrupt,0.0,0
34,32,0.7351776326948749,0.30488061105633635,41.76779986520582,287,abrupt,0.0,0
34,33,0.7043848107016061,0.29155317593708424,41.238512217433886,286,abrupt,0.0,0
34,34,0.6262784375298788,0.26875997276081626,40.87120761420824,285,abrupt,0.0,0
34,35,0.45422332038070484,0.2564009287448566,39.09212067621928,284,abrupt,0.0,0
34,36,0.650572713339988,0.34455818306370223,40.941345906891144,283,abrupt,0.0,0
34,37,0.615156338371804,0.2890502793207513,42.312735687515065,282,abrupt,0.0,0
34,38,0.46040715640989127,0.31502124456696606,38.224705899547075,281,abrupt,0.0,0
34,39,0.6408597052431326,0.3483005832900176,40.08893271703567,280,abrupt,0.0,0
34,40,0.5504331692835177,0.29601447775066203,39.79783189818011,279,abrupt,0.0,0
34,41,0.6610081054614733,0.3655162901680283,39.36979328398711,278,abrupt,0.0,0
34,42,0.5682314166185183,0.32269968275200134,39.91932429829476,277,abrupt,0.0,0
34,43,0.7741500196198218,0.33107363678855994,42.718620157814826,276,abrupt,0.0,0
34,44,0.455565232623658,0.2532349236454715,40.74917465774821,275,abrupt,0.0,0
34,45,0.5870520819027436,0.2700949918109661,41.07317324126945,274,abrupt,0.0,0
34,46,0.5855471269006504,0.30153660128295284,40.119973874913605,273,abrupt,0.0,0
34,47,0.6867948675009882,0.31110953112756284,41.44675055748036,272,abrupt,0.0,0
34,48,0.7440150083791041,0.33384039769173274,42.92024924227407,271,abrupt,0.0,0
34,49,0.5231058024905673,0.2821459193350126,,270,abrupt,0.0,0
34,50,0.3006956090436477,0.2726065639866086,39.73287310580371,269,abrupt,0.0,0
34,51,0.48892723013127726,0.27473878036116434,40.500115974431104,268,abrupt,0.0,0
34,52,0.5727292087377512,0.3221078381799172,41.63884362032485,267,abrupt,0.0,0
34,53,0.670525697760382,0.316143912920272,41.195872336348636,266,abrupt,0.0,0
34,54,0.5081976379378802,0.2784635400733545,38.230074641566254,265,abrupt,0.0,0
34,55,0.6434624796679353,,40.416303156303506,264,abrupt,0.0,0
34,56,0.7739105964882267,0.2689302304937954,41.65138677470653,263,abrupt,0.0,0
34,57,0.8144999946096146,0.370186469397979,42.04339413910374,262,abrupt,0.0,0
34,58,0.7155032416896773,0.3314811326325193,42.85559952329966,261,abrupt,0.0,0
34,59,0.7393298338432919,0.28162830082019735,43.21052626040678,260,abrupt,0.0,0
34,60,0.8461836613000762,0.34191889928533115,43.10024843171953,259,abrupt,0.0,0
34,61,0.8080852585370275,0.36325483577496925,41.99163551283609,258,abrupt,0.0,0
34,62,1.0137752653823744,0.3414597033547073,47.68941444599701,257,abrupt,0.0,0
34,63,0.7232182983036646,0.3637798679660851,40.90731346876404,256,abrupt,0.0,0
34,64,0.7105786733495676,0.34581340924937126,41.834777112213324,255,abrupt,0.0,0
34,65,0.7636854727873016,0.3567884956687553,44.69387545672685,254,abrupt,0.0,0
34,66,0.93590737358271,0.38747032485664384,43.09512299842443,253,abrupt,0.0,0
34,67,0.9372589430651828,0.3391398714210447,43.79385452050194,252,abrupt,0.0,0
34,68,0.6739696354266557,0.3131085879464971,40.39651694012153,251,abrupt,0.0,0
34,69,0.849161662933525,0.30010938073144444,42.104981480264705,250,abrupt,0.0,0
34,70,0.7753040281514851,,42.8967582005094,249,abrupt,0.0,0
34,71,0.6645496851733629,0.31428262143454844,43.24244768095656,248,abrupt,0.0,0
34,72,0.7440247948774454,0.3877893881519474,42.906305655407316,247,abrupt,0.0,0
34,73,0.9337485650717844,0.3657344454693856,44.4699293696064,246,abrupt,0.0,0
34,74,0.6065103691164205,0.30627810470026967,41.99791838286239,245,abrupt,0.0,0
34,75,0.7575569411576405,0.30666380550071126,41.76742921741428,244,abrupt,0.0,0
34,76,0.8016344916117356,0.2931879472776459,43.29958431515912,243,abrupt,0.0,0
34,77,0.7398358613307019,0.3796186099773136,43.61807676719384,242,abrupt,0.0,0
34,78,0.7767272302930134,0.35087356093932337,42.63157215656776,241,abrupt,0.0,0
34,79,0.8060620892936012,0.38895253183795003,42.14471787506464,240,abrupt,0.0,0
34,80,0.7320558069922378,0.36078716356028984,42.20795783283867,239,abrupt,0.0,0
34,81,0.7267948818793188,0.3354310182238491,42.240796803784846,238,abrupt,0.0,0
34,82,0.6984016621238357,0.35777360195686636,42.3833754780134,237,abrupt,0.0,0
34,83,0.6896458481318715,0.33817906582828433,42.24392614511971,236,abrupt,0.0,0
34,84,0.6663762287226758,0.3115914709505899,40.54322852053563,235,abrupt,0.0,0
34,85,0.6354270304863145,0.33546435484712256,41.284648488308534,234,abrupt,0.0,0
34,86,0.528507696355626,0.2506622690729224,39.79196479631584,233,abrupt,0.0,0
34,87,0.5633013117944428,0.3291636537209197,40.29901104697086,232,abrupt,0.0,0
34,88,0.593283167106347,0.28324087445364426,40.06228464226733,231,abrupt,0.0,0
34,89,0.5340704264672527,0.30296807583879587,40.08785787791121,230,abrupt,0.0,0
34,90,0.6760152998409754,0.38434752787926213,41.50229180638226,229,abrupt,0.0,0
34,91,0.5825868788762202,0.28425665294651375,43.4556147959368,228,abrupt,0.0,0
34,92,0.5889486283899327,0.3411986866547818,42.276589193638635,227,abrupt,0.0,0
34,93,0.6584800007262939,0.265574915933674,41.061355208944946,226,abrupt,0.0,0
34,94,0.4765327790417849,0.23894707946820545,39.09604633362914,225,abrupt,0.0,0
34,95,0.6585250485012899,0.341340837900747,41.83780540586208,224,abrupt,0.0,0
34,96,0.4768018551037642,0.2635118246019433,39.924125410933215,223,abrupt,0.0,0
34,97,0.5710608902132708,0.2395898687894951,38.461893623276566,222,abrupt,0.0,0
34,98,0.5329672972164858,0.28954330102366543,40.40228200465685,221,abrupt,0.0,0
34,99,0.5468188541631446,0.3098074355655098,39.18653863915568,220,abrupt,0.0,0
34,100,0.6383368370728248,0.30723680759669453,41.07635607744891,219,abrupt,0.0,0
34,101,0.6484328202067666,0.33557932936273654,41.94245717479596,218,abrupt,0.0,0
34,102,0.5677161320526873,0.3000327739883033,40.37424938324857,217,abrupt,0.0,0
34,103,0.6866094800670649,0.34949508108917854,41.97879482742783,216,abrupt,0.0,0
34,104,0.6217602549032698,0.32581508847779045,39.81785744620535,215,abrupt,0.0,0
34,105,0.5650665418524816,0.35809890851063264,41.56415963763565,214,abrupt,0.0,0
34,106,0.6861785578823596,0.33310173011872884,42.245975119278086,213,abrupt,0.0,0
34,107,0.7890355028502649,0.3636870960661155,42.84571579135219,212,abrupt,0.0,0
34,108,0.6127432103074937,0.3228725504063297,40.83698190335604,211,abrupt,0.0,0
34,109,0.6401447323758285,0.29859254696188287,41.83523380243703,210,abrupt,0.0,0
34,110,0.6246189256022464,0.33490444365142513,40.94663259863673,209,abrupt,0.0,0
34,111,0.6422117082387355,0.30221019673059646,40.381172661943324,208,abrupt,0.0,0
34,112,0.8073733005828237,0.28910023395898166,43.956926585780465,207,abrupt,0.0,0
34,113,0.5649025958038725,0.28708226847875157,41.22769124155408,206,abrupt,0.0,0
34,114,0.6546361537834676,0.34158121550406306,41.49807430369421,205,abrupt,0.0,0
34,115,0.9870250608854203,0.39839066369113585,47.63237702430213,204,abrupt,0.0,0
34,116,0.7381400330033072,0.32624861921015097,42.741167668586975,203,abrupt,0.0,0
34,117,0.7576860256082785,0.35942152433292857,43.21802249295241,202,abrupt,0.0,0
34,118,0.8076990347874536,0.3741497655727739,43.930633348362186,201,abrupt,0.0,0
34,119,0.677860365104549,0.29754937096278483,43.169318718176584,200,abrupt,0.0,0
34,120,0.8213120327067387,0.3225315060539202,42.969714039637246,199,abrupt,0.0,0
34,121,0.8652430554909302,0.33560067534442406,43.95596903856794,198,abrupt,0.0,0
34,122,0.9676237751606535,0.41370692460063824,,197,abrupt,0.0,0
34,123,0.761504449952487,0.34555794660719413,43.18567190110578,196,abrupt,0.0,0
34,124,0.8169455325676029,0.34153914289963083,43.34628055452206,195,abrupt,0.0,0
34,125,0.9488711532280264,0.3566854386808455,46.30005668582505,194,abrupt,0.0,0
34,126,0.8964605580377298,0.3498908542229549,44.20511953979934,193,abrupt,0.0,0
34,127,0.9030288010515469,0.3850817448876502,43.68048745591281,192,abrupt,0.0,0
34,128,0.8481018699696663,0.3773830692251967,44.614750331801645,191,abrupt,0.0,0
34,129,0.7237301898886628,0.27750112523374654,43.38945053971792,190,abrupt,0.0,0
34,130,0.7861583220443286,0.31307640012092364,44.03816937099117,189,abrupt,0.0,0
34,131,0.8557187673376302,0.35563013570273505,46.05260815942548,188,abrupt,0.0,0
34,132,0.903905818432022,0.36097219588405133,44.34778766503375,187,abrupt,0.0,0
34,133,0.7642731713583824,0.333786726941123,43.65035789582188,186,abrupt,0.0,0
34,134,0.7704982186194359,0.346355483478752,44.17561824794916,185,abrupt,0.0,0
34,135,0.7089254918452013,0.2792365317461276,42.14392649624683,184,abrupt,0.0,0
34,136,0.9000831468629401,0.34967491402966194,43.804354921080154,183,abrupt,0.0,0
34,137,0.6584600071003901,0.35749564107063203,43.776342830014464,182,abrupt,0.0,0
34,138,0.6528325076378575,0.33655145649581736,39.148795567361596,181,abrupt,0.0,0
34,139,0.8707962884662148,0.3299752597276766,43.68793055785752,180,abrupt,0.0,0
34,140,0.758974087132501,0.31773107256432853,43.727552381370494,179,abrupt,0.0,0
34,141,0.4970926746253843,0.2691278981957597,40.58754211288687,178,abrupt,0.0,0
34,142,0.7392400062405509,0.3158683539374507,43.66285963095138,177,abrupt,0.0,0
34,143,0.45628208249941327,0.2346593176597098,38.15952406661528,176,abrupt,0.0,0
34,144,0.8206805344724596,0.36652702826695355,43.03148254351109,175,abrupt,0.0,0
34,145,0.6383466880174483,0.32078591976269794,40.819989247878475,174,abrupt,0.0,0
34,146,0.5360466990480718,0.2945591378588968,42.53171433171785,173,abrupt,0.0,0
34,147,0.7773216518760044,0.3040267519888427,42.970111107399696,172,abrupt,0.0,0
34,148,0.573878141795232,0.29214432934177614,40.886862069877445,171,abrupt,0.0,0
34,149,0.5647019466801168,0.276285993000341,40.768893339118854,170,abrupt,0.0,0
34,150,0.543006026058355,0.308622877651247,40.86176615757276,169,abrupt,0.0,0
34,151,0.38667586207670124,0.28851355517057836,40.46145527707187,168,abrupt,0.0,0
34,152,0.474951223726149,0.2790475730029483,39.79562822240919,167,abrupt,0.0,0
34,153,0.6717570562502284,0.2258704247351105,42.052530316649566,166,abrupt,0.0,0
34,154,0.6330786493482669,0.31355838004640063,40.1725829404008,165,abrupt,0.0,0
34,155,0.5367792185590411,0.2977365209507051,40.424010701210534,164,abrupt,0.0,0
34,156,0.6924563673470796,0.30711418952322883,44.11005846422403,163,abrupt,0.0,0
34,157,0.4430165383560035,0.27442413304008717,38.76236431879003,162,abrupt,0.0,0
34,158,0.660396729743763,0.3717342741312174,42.241898787439126,161,abrupt,0.0,0
34,159,0.6530506966572448,0.2560451314741534,42.96297494086473,160,abrupt,0.0,0
34,160,0.6429232141243476,0.31949104765384206,42.79748960520852,159,abrupt,0.0,0
34,161,0.6409107838562134,0.2631745464630743,40.112439462245476,158,abrupt,0.0,0
34,162,0.5989173516569467,0.2900522374527356,40.868446546504806,157,abrupt,0.0,0
34,163,0.661221845752958,0.2850910389007957,43.00282990582894,156,abrupt,0.0,0
34,164,0.7022845229100597,0.3181879264580183,42.94991995062448,155,abrupt,0.0,0
34,165,0.8472836402119212,0.34172507356268783,44.18405541325569,154,abrupt,0.0,0
34,166,0.7264891156005925,0.3266955271141454,42.650779597781266,153,abrupt,0.0,0
34,167,0.6009400467455007,0.2994655738172928,40.14285442371291,152,abrupt,0.0,0
34,168,0.7634509793089326,0.3060972907741734,42.87581592257491,151,abrupt,0.0,0
34,169,0.6208470180411213,0.2784613485259285,41.685365753356706,150,abrupt,0.0,0
34,170,0.7828381631480892,0.30779824666002376,42.61104966421067,149,abrupt,0.0,0
34,171,0.8710110341850343,0.35130964162370076,45.34685403744417,148,abrupt,0.0,0
34,172,0.7665440345594181,0.34025506074961265,44.17578392779823,147,abrupt,0.0,0
34,173,0.9431496480428652,0.36178703211009106,44.7188931678059,146,abrupt,0.0,0
34,174,1.08701646892602,0.344305741135248,45.660885885424264,145,abrupt,0.0,0
34,175,0.657523011200556,0.3370220701980452,41.95342479180137,144,abrupt,0.0,0
34,176,0.7201274048888423,0.31198941688866455,42.831728844786944,143,abrupt,0.0,0
34,177,0.8343374032086551,0.3327466138311303,43.23352347432959,142,abrupt,0.0,0
34,178,0.8603348800068465,0.34055501311229386,44.03583019124241,141,abrupt,0.0,0
34,179,0.8498584225589515,0.32159362033072697,44.52864713781033,140,abrupt,0.0,0
34,180,0.8345805789551555,0.38793361960194195,45.41258094994461,139,abrupt,0.0,0
34,181,0.9002889531343072,0.3694647356082567,44.84999094105971,138,abrupt,0.0,0
34,182,0.8616432725790847,0.353169604358523,45.73919021861864,137,abrupt,0.0,0
34,183,0.8970914947262,0.3659110335082377,44.72141502139077,136,abrupt,0.0,0
34,184,0.8230961907204833,0.34496218955081326,45.06747128203849,135,abrupt,0.0,0
34,185,0.7254473308153397,0.37686272727036874,42.0919233592466,134,abrupt,0.0,0
34,186,0.9070297060252293,0.3345336744936804,44.415938358803864,133,abrupt,0.0,0
34,187,0.884149637180955,0.39040741201413565,45.56339807309791,132,abrupt,0.0,0
34,188,0.8008722610911632,0.3165253967176819,45.509965020689755,131,abrupt,0.0,0
34,189,0.6820002535075349,0.33482578386329226,42.4205131444206,130,abrupt,0.0,0
34,190,0.7650737857920202,0.3759178822433277,42.89087523903038,129,abrupt,0.0,0
34,191,0.7382810001978858,0.36552078143131905,42.28536883514177,128,abrupt,0.0,0
34,192,0.5992917352897499,0.29558047799492887,42.3692793175989,127,abrupt,0.0,0
34,193,0.7248923598609082,0.29258007783745343,44.05128632850376,126,abrupt,0.0,0
34,194,0.7195429609247871,0.30311988796366507,42.84029919391446,125,abrupt,0.0,0
34,195,0.4763188128752305,0.2857559100095841,40.338991403856575,124,abrupt,0.0,0
34,196,0.5028239699391039,0.3052203825294472,39.74343244922455,123,abrupt,0.0,0
34,197,0.6145767257587935,0.2666391709975689,42.991929812241814,122,abrupt,0.0,0
34,198,0.7156635715605661,0.30368153565208517,41.95549624538479,121,abrupt,0.0,0
34,199,0.6683045348170719,0.341930575862659,44.146218370879616,120,abrupt,0.0,0
34,200,0.6569474945642515,0.2970866050612714,42.58450508949475,119,abrupt,0.0,0
34,201,0.3,0.2682193319220999,39.41307238169081,118,abrupt,0.0,0
34,202,0.5335551220528144,0.2825000394946011,41.50884135395352,117,abrupt,0.0,0
34,203,0.4209203739333234,0.2709579024335402,39.726999303122184,116,abrupt,0.0,0
34,204,0.4875749010618751,0.2748813934137637,40.020844996492,115,abrupt,0.0,0
34,205,0.5925600582425744,0.3093146607940264,42.13099751223489,114,abrupt,0.0,0
34,206,0.684062192955196,0.32911073404251545,42.1483114360162,113,abrupt,0.0,0
34,207,0.5095586534438186,0.29232193935659107,,112,abrupt,0.0,0
34,208,0.5288789628605881,0.29683377970173086,39.629097605429806,111,abrupt,0.0,0
34,209,0.5961950677782013,0.3431844412037862,41.799895106838015,110,abrupt,0.0,0
34,210,0.6243596718642892,0.3504725739404285,42.329903943101144,109,abrupt,0.0,0
34,211,0.4860730439011332,0.28434488228640964,39.79119249542594,108,abrupt,0.0,0
34,212,0.42881190909996825,0.2990202882395505,,107,abrupt,0.0,0
34,213,0.35728229389634547,0.30793220284708217,38.69088430090005,106,abrupt,0.0,0
34,214,0.5546868399340537,0.2627662300626792,42.193402396320884,105,abrupt,0.0,0
34,215,0.6182153863809052,0.2413586940504606,42.93693921721527,104,abrupt,0.0,0
34,216,0.7955177626241043,0.3125250228906591,43.43272226874115,103,abrupt,0.0,0
34,217,0.5670105842814763,0.2759241462515466,41.64048543286332,102,abrupt,0.0,0
34,218,0.6117383196514923,0.32903079682868014,40.096854942369156,101,abrupt,0.0,0
34,219,0.6016716213897411,0.3093033941638479,41.27915143734709,100,abrupt,0.0,0
34,220,0.6110963608066114,0.350782533582476,40.90456115781506,99,abrupt,0.0,0
34,221,0.737654895967803,0.3370229520484675,44.70674766525312,98,abrupt,0.0,0
34,222,0.6179184418954858,0.3363868384821193,42.11438889376912,97,abrupt,0.0,0
34,223,0.6968325063378888,0.30036623802443163,43.44176305440001,96,abrupt,0.0,0
34,224,0.6017196081417429,0.30499621436805147,42.315532200784176,95,abrupt,0.0,0
34,225,0.7215406553330238,0.3092140931325751,42.28302569120078,94,abrupt,0.0,0
34,226,0.8253257055732637,0.3590327485409572,46.93886812822067,93,abrupt,0.0,0
34,227,0.8826203813308774,0.3764742665584441,43.47503030790119,92,abrupt,0.0,0
34,228,0.730475972821206,0.29275929558050046,44.49145174826276,91,abrupt,0.0,0
34,229,0.8340934757702763,0.38934778462882735,44.4663845427975,90,abrupt,0.0,0
34,230,0.7367261747992605,0.3889292664503462,44.04543313624994,89,abrupt,0.0,0
34,231,0.7742522857952969,0.3378883904935712,44.15564078124672,88,abrupt,0.0,0
34,232,0.8233820951030856,0.2990115067653615,44.981617683423245,87,abrupt,0.0,0
34,233,0.8246549323990382,0.3742274914407432,45.24322596822676,86,abrupt,0.0,0
34,234,1.0009544876788858,0.40652364617439896,45.98986297320078,85,abrupt,0.0,0
34,235,0.9922032691074993,0.41412390185005143,45.65184585323626,84,abrupt,0.0,0
34,236,0.8825396818582001,0.3614250645971496,45.025781732487765,83,abrupt,0.0,0
34,237,0.8777770352049723,0.39259933302020844,45.5705120544719,82,abrupt,0.0,0
34,238,0.853508592834018,0.3172896019561217,44.78500737830521,81,abrupt,0.0,0
34,239,0.7136916938928419,0.31487747357983625,45.81313830507747,80,abrupt,0.0,0
34,240,0.8641193696045362,0.37996402652266975,44.57635661957045,79,abrupt,0.0,0
34,241,0.8974421077807369,0.31817571071646716,45.2928207505033,78,abrupt,0.0,0
34,242,0.7794711631830946,0.34237084235248344,44.090652449841876,77,abrupt,0.0,0
34,243,0.8453388503105497,0.36684971297409813,44.438910138332325,76,abrupt,0.0,0
34,244,0.9399440420593793,0.3410835539313963,48.45396431868333,75,abrupt,0.0,0
34,245,0.8844258961395064,0.3585472827455028,44.635193743405964,74,abrupt,0.0,0
34,246,0.8108057708076527,0.3632501117600706,43.05110462497598,73,abrupt,0.0,0
34,247,0.9030137705137156,0.35277353742203527,46.79426476216339,72,abrupt,0.0,0
34,248,0.8306716023336583,0.3128379472257944,44.47023358232115,71,abrupt,0.0,0
34,249,0.7330015554446687,0.3442095734931707,42.8134337977413,70,abrupt,0.0,0
34,250,0.798090379432943,0.35891755126862035,44.12724265627201,69,abrupt,0.0,0
34,251,0.5991333982894401,0.2690580503005274,42.8477346594165,68,abrupt,0.0,0
34,252,0.7724446080682024,0.35861716012681144,44.82479942665782,67,abrupt,0.0,0
34,253,0.5456378038322859,0.32291049823031986,41.437061907015185,66,abrupt,0.0,0
34,254,0.5744582274877152,0.2736731319042881,43.23549548617632,65,abrupt,0.0,0
34,255,0.5311429928075628,0.320497054438584,38.76498074203057,64,abrupt,0.0,0
34,256,0.5298355086758018,0.35303080519398333,41.485905197937385,63,abrupt,0.0,0
34,257,0.47442067886536265,0.28363363261851976,40.91122546177034,62,abrupt,0.0,0
34,258,0.4701072387833055,0.3014421723373963,40.587628253771605,61,abrupt,0.0,0
34,259,0.5423923817005303,0.29367786749948405,39.09667669145977,60,abrupt,0.0,0
34,260,0.5782466311250092,0.3173574161864292,38.776021013506046,59,abrupt,0.0,0
34,261,0.5793239207613767,0.3331155183583668,41.6829280043626,58,abrupt,0.0,0
34,262,0.5455616229297775,0.28392898484919016,42.05945940953488,57,abrupt,0.0,0
34,263,0.5797444244638514,0.2500994533796911,41.52587271920997,56,abrupt,0.0,0
34,264,0.6865632275028085,0.2776892583565346,44.297791517274035,55,abrupt,0.0,0
34,265,0.6319416714871263,0.3151608858746333,44.33595912883628,54,abrupt,0.0,0
34,266,0.4835816344954861,0.3007221337343062,39.12038284843322,53,abrupt,0.0,0
34,267,0.6114086551281264,0.3140236234981615,41.67137868627948,52,abrupt,0.0,0
34,268,0.8060215352362852,0.3515829627067844,44.636145026423726,51,abrupt,0.0,0
34,269,0.6967872896145657,0.3138985799956776,42.01537787315575,50,abrupt,0.0,0
34,270,0.5851735611809673,0.2783859295837531,41.973725299646055,49,abrupt,0.0,0
34,271,0.6662605292319562,0.3367796991448257,42.0520118578876,48,abrupt,0.0,0
34,272,0.748773476955503,0.29774048267708964,44.16788691668073,47,abrupt,0.0,0
34,273,0.5190769292429869,0.21637862459275123,40.4113492651916,46,abrupt,0.0,0
34,274,0.7274808032063631,0.3466345321301648,45.0430380243877,45,abrupt,0.0,0
34,275,0.7680674638786924,0.318028858138565,44.2407485423042,44,abrupt,0.0,0
34,276,0.7836733511709966,0.35253024511709097,44.60751939951424,43,abrupt,0.0,0
34,277,0.6501295702612826,0.32339119338956696,42.57063752791899,42,abrupt,0.0,0
34,278,0.6368300525244872,0.2937393125615058,40.748730706776215,41,abrupt,0.0,0
34,279,0.5625087897721968,0.2865995267349264,41.31231573935212,40,abrupt,0.0,0
34,280,0.7474367003766417,0.36128984250026985,42.58499998891049,39,abrupt,0.0,0
34,281,0.6630993867348183,0.3588467917100847,42.89785071273477,38,abrupt,0.0,0
34,282,0.8143189183404035,0.3708306827723858,42.866413361877136,37,abrupt,0.0,0
34,283,0.7063262765201846,0.2619299599061533,42.8358044852715,36,abrupt,0.0,0
34,284,0.8418529653107395,0.35684463388556514,43.82372360922121,35,abrupt,0.0,0
34,285,0.81800015407569,0.3331560743296943,44.2596590792484,34,abrupt,0.0,0
34,286,0.9027044064369378,0.27415908155893526,44.534374126253326,33,abrupt,0.0,0
34,287,0.6875090361284908,0.3215703686780707,43.57762272516647,32,abrupt,0.0,0
34,288,0.8903484040849379,0.3618225683202242,44.828119663208454,31,abrupt,0.0,0
34,289,0.7128704376054157,0.27886140331750975,41.53309442432415,30,abrupt,0.0,0
34,290,0.702533090709843,0.3311503935033511,43.794527770443665,29,abrupt,0.0,0
34,291,0.7325276006763589,0.31466234834111884,44.36729390414825,28,abrupt,0.0,0
34,292,0.7811524875907475,0.3697314304096629,44.7695933549029,27,abrupt,0.0,0
34,293,0.7560803681223497,0.38756482608384907,44.20344636899134,26,abrupt,0.0,0
34,294,0.6271739191417435,0.27605100676525224,41.313507968753996,25,abrupt,0.0,0
34,295,0.901787929825041,0.2912438604708159,45.237688847346675,24,abrupt,0.0,0
34,296,0.6430829197678268,0.34654460425599365,43.69926496910953,23,abrupt,0.0,0
34,297,0.7786328956016386,0.3748504155824413,43.32755911106467,22,abrupt,0.0,0
34,298,0.8569080599678097,0.42734783244264674,46.222914145402044,21,abrupt,0.0344980246438982,0
34,299,0.806939716840361,0.3974655645514967,44.98468290950391,20,abrupt,0.07261667367574381,1
34,300,0.7013658019897798,0.37246747530592084,42.72589422873777,19,abrupt,0.11223307765441147,1
34,301,0.693299243953895,0.43675429220946566,43.33048731318392,18,abrupt,0.1528545866078205,1
34,302,0.8118423091112295,0.5134656558237982,44.09716509210449,17,abrupt,0.19424023544361685,1
34,303,0.7494323632385601,0.5582595118458269,45.40921371945458,16,abrupt,0.2362452012769471,1
34,304,0.659868487753612,,43.990239066423946,15,abrupt,0.2787722845617495,1
34,305,0.621557682637248,0.5289083881430203,43.767906201263315,14,abrupt,0.32175151331466406,1
34,306,0.5200634944299859,0.5336486600516847,45.00515896331579,13,abrupt,0.3651299994653202,1
34,307,0.6541330711879434,0.6303324562337242,44.929437454423585,12,abrupt,0.40886630285376613,1
34,308,0.5139973345411988,0.6577592717803123,43.58195616902217,11,abrupt,0.45292704114617416,1
34,309,0.6262151264411306,0.673872191095327,45.1761351972084,10,abrupt,0.4972847247247478,1
34,310,0.596936775321487,0.6740961205443274,44.48360988938381,9,abrupt,0.5419163073679768,1
34,311,0.6274209719357505,0.7599804068556031,46.91917370032825,8,abrupt,0.5868021785833674,1
34,312,0.6634357372055742,0.8017433560284899,46.65616047262563,7,abrupt,0.6319254407515909,1
34,313,0.669360009299513,0.7951723094600095,,6,abrupt,0.6772713767882439,1
34,314,0.5498537976139556,0.8369846173752723,45.42675049424296,5,abrupt,0.7228270492437484,1
34,315,0.5724644972291729,0.9066416748498307,47.39962413578593,4,abrupt,0.7685809925087231,1
34,316,0.4351197059805276,0.8770748537167524,45.14192093709206,3,abrupt,0.8145229724959936,1
34,317,0.41062015204211444,0.9333339415722993,47.482836500220685,2,abrupt,0.8606437962120028,1
34,318,0.5295739075240266,0.9940634014684173,47.165386578701735,1,abrupt,0.9069351588700444,1
34,319,0.48762807015154513,0.9955035281479355,46.60312409465314,0,abrupt,0.9533895196996246,1
35,0,0.8209928895110118,0.18348986431559,54.39212101040801,172,gradual,0.0,0
35,1,0.7100182980244368,,53.12537410002794,171,gradual,0.0,0
35,2,0.7296692886215453,0.15995996299151957,54.423875272831054,170,gradual,0.0,0
35,3,0.6377910555926798,0.18142456643349245,51.62360330609277,169,gradual,0.0,0
35,4,0.6697235338828357,0.18854376390162844,53.33845534340588,168,gradual,0.0,0
35,5,0.875114711472514,0.24961648314539234,55.09147945974971,167,gradual,0.0,0
35,6,0.7511904452294037,0.1542207525660125,52.55482747951897,166,gradual,0.0,0
35,7,0.9787884058529194,0.10719633057887752,57.03318180945888,165,gradual,0.0,0
35,8,0.805654293614291,0.1584370350225328,54.287579284576644,164,gradual,0.0,0
35,9,0.8357330224263713,0.22588250564737108,54.900840720256056,163,gradual,0.0,0
35,10,0.8470715331391672,0.1744475459874051,55.850041196332725,162,gradual,0.0,0
35,11,0.822659153502508,0.19580945813453113,55.27251796356467,161,gradual,0.0,0
35,12,0.9139369572552489,0.1402718257730936,56.84447739062711,160,gradual,0.0,0
35,13,0.8698438824881871,0.19108334207873992,54.58790653281673,159,gradual,0.0,0
35,14,0.7331458040731524,0.2037018099576941,54.20565066842468,158,gradual,0.0,0
35,15,0.636743191063754,0.17929739708032663,51.911999410298776,157,gradual,0.0,0
35,16,0.6648163900410564,0.11584930693736958,51.67948731122289,156,gradual,0.0,0
35,17,0.907904567931489,0.2104771143533878,55.23902499801184,155,gradual,0.0,0
35,18,0.5781655861425634,0.15406783782155897,52.32763681383912,154,gradual,0.0,0
35,19,0.8332275496165114,0.14472670380247013,55.25006585305398,153,gradual,0.0,0
35,20,0.7436736547655893,0.24523258742329074,51.28729973426737,152,gradual,0.0,0
35,21,0.5124686938483696,0.15133701918558878,49.97405537571919,151,gradual,0.0,0
35,22,0.6713092424946128,0.1340017925419537,50.94503407115396,150,gradual,0.0,0
35,23,0.6242082621706571,0.18081751092893317,,149,gradual,0.0,0
35,24,0.6204167578939827,0.16860185137957548,51.90392915397149,148,gradual,0.0,0
35,25,0.5364950075965298,0.14581347117947813,50.969607806322344,147,gradual,0.0,0
35,26,0.47470191906674536,0.15078495565103522,,146,gradual,0.0,0
35,27,0.6478910995749536,0.18749802024532253,,145,gradual,0.0,0
35,28,0.5255192877101896,0.13545373996551896,52.12795937354946,144,gradual,0.0,0
35,29,0.6570981823201533,,53.85669186462736,143,gradual,0.0,0
35,30,0.4763033234104563,0.08741042856962776,47.4115856069251,142,gradual,0.0,0
35,31,0.5057180320552724,0.16320952502107408,50.49721438265754,141,gradual,0.0,0
35,32,0.6397893280014281,0.17122168744588226,51.595473839969756,140,gradual,0.0,0
35,33,0.637367955166525,0.15319477584948032,53.50732999760664,139,gradual,0.0,0
35,34,0.5658196788465816,0.16293564566085933,51.86839394798162,138,gradual,0.0,0
35,35,0.6100781220898124,0.12602870099772104,52.11192349299369,137,gradual,0.0,0
35,36,0.7493170853197707,0.15359204531141749,52.84779994134396,136,gradual,0.0,0
35,37,0.6811991001331821,0.139848643419744,50.48910545479194,135,gradual,0.0,0
35,38,0.6492283484891037,0.09689846093842325,51.44167080558778,134,gradual,0.0,0
35,39,0.5932597855095517,0.14095105450580583,52.925172756882446,133,gradual,0.0,0
35,40,0.7625674356778864,0.1582750105893262,53.96469194691401,132,gradual,0.0,0
35,41,0.8545589928022815,0.2064024862985435,55.67105194498952,131,gradual,0.0,0
35,42,0.6763430481913847,0.19840221934158403,52.408299338859045,130,gradual,0.0,0
35,43,0.6741300410862672,0.19714931468476066,52.2639644328781,129,gradual,0.0,0
35,44,0.8100105820052356,0.142549173813956,53.37313587902676,128,gradual,0.0,0
35,45,0.8827321930415751,0.18442563731187328,54.64450994744251,127,gradual,0.0,0
35,46,0.8019043621964889,0.16503824417846932,54.38897420899404,126,gradual,0.0,0
35,47,0.7597128084568624,0.1572537551926916,54.607644067754165,125,gradual,0.0,0
35,48,0.9193803636479113,0.17917151897286762,54.94490485255589,124,gradual,0.0,0
35,49,0.9461082011906585,0.19145104126350657,55.330736150206945,123,gradual,0.0,0
35,50,0.6323491571767594,0.12449905149249842,50.963010446990914,122,gradual,0.0,0
35,51,0.9328977943213428,0.18964365226820407,54.31489193939282,121,gradual,0.0,0
35,52,0.7467536540209374,0.12829173320839538,51.34521053491068,120,gradual,0.0,0
35,53,0.8160496494950213,0.1404185276007486,53.78612659453745,119,gradual,0.0,0
35,54,0.6414645201256809,0.13515106903389948,51.1413299254035,118,gradual,0.0,0
35,55,0.6649850948201653,0.17485450973797032,52.73202802375625,117,gradual,0.0,0
35,56,0.7906755085821208,0.13579890860582927,54.7897210114056,116,gradual,0.0,0
35,57,0.7684539505003616,0.11536123983932958,53.4600006939847,115,gradual,0.0,0
35,58,0.8168913233293191,0.1534580379401136,54.22360191513554,114,gradual,0.0,0
35,59,0.8283070314068111,0.18103216569296998,55.10315397623649,113,gradual,0.0,0
35,60,0.8478026303512193,0.10912631852634601,53.02286888118793,112,gradual,0.0,0
35,61,0.7141255016946748,0.14058641598402444,52.315498172945134,111,gradual,0.0,0
35,62,0.6556342105350695,0.15527759494783686,51.72886662080608,110,gradual,0.0,0
35,63,0.6750148523714404,0.1589807261554373,53.1901427388296,109,gradual,0.0,0
35,64,0.5375211539181379,0.11079962236679503,50.55592436892975,108,gradual,0.0,0
35,65,0.6808455802158702,0.15209585696021277,54.16403153559701,107,gradual,0.0,0
35,66,0.5899062207815982,0.15161384563741853,53.18382950615192,106,gradual,0.0,0
35,67,0.46888130439186504,0.11439747912444773,49.120154718273795,105,gradual,0.0,0
35,68,0.6744680296926501,0.10153141623488485,49.8127576254543,104,gradual,0.0,0
35,69,0.511900107303687,0.11864826147037415,49.83971000247922,103,gradual,0.0,0
35,70,0.6205021536456983,0.16255302556220053,52.93545265083543,102,gradual,0.0,0
35,71,0.4628176637707071,0.11181497294261439,49.78001237926633,101,gradual,0.0,0
35,72,0.34472008097104173,0.12738634106932253,47.047259146164706,100,gradual,0.0,0
35,73,0.6067921393748646,0.18051886369329728,51.10757078990592,99,gradual,0.0,0
35,74,0.6264333192351854,0.128161204547786,52.035340630516245,98,gradual,0.0,0
35,75,0.5118993943637551,0.14459142832176428,50.307849651945126,97,gradual,0.0,0
35,76,0.49697552338428197,0.12299156582034597,51.16774386212831,96,gradual,0.0,0
35,77,0.5468753833577551,0.1253172914674044,50.284292696096855,95,gradual,0.0,0
35,78,0.6301983399275669,0.18128644017065965,,94,gradual,0.0,0
35,79,0.6450260024738919,0.0861266319625369,52.2308532630658,93,gradual,0.0,0
35,80,0.6464950777271877,0.12258116747237024,51.54672110970146,92,gradual,0.0,0
35,81,0.838585558925309,0.1500605978384364,54.642483568206366,91,gradual,0.0,0
35,82,0.7294476021753782,0.12741560378086664,52.32508798465033,90,gradual,0.0,0
35,83,0.6809427426326162,0.14422409022518973,52.78756466555111,89,gradual,0.0,0
35,84,0.9149430636655133,0.12459818284892901,55.16107674504774,88,gradual,0.0,0
35,85,0.7957422183920114,0.09797661562550274,53.966116064937296,87,gradual,0.0,0
35,86,0.7273695254869113,0.159237409492938,52.76418052098639,86,gradual,0.0,0
35,87,0.9781680626907705,0.20142330365995909,55.658043643009776,85,gradual,0.0,0
35,88,0.8667798607380675,0.18526077621838166,54.37921855733307,84,gradual,0.0,0
35,89,1.01686717750603,0.15462180779005477,55.31447533294886,83,gradual,0.0,0
35,90,1.02836552759209,0.2092590185479932,56.57765209839325,82,gradual,0.0,0
35,91,0.8277594451376707,0.20068925701976928,52.762594228776116,81,gradual,0.0,0
35,92,0.8537129262829756,0.11472737646411206,54.95596571941426,80,gradual,0.0,0
35,93,0.8422238394134525,0.16212769928260473,54.17412523653136,79,gradual,0.0,0
35,94,0.7774516390965481,0.13710754270513922,53.929259027515535,78,gradual,0.0,0
35,95,0.8073573523685733,0.1368374942157647,55.29684801071396,77,gradual,0.0,0
35,96,0.8078748059386243,0.13925276322604227,55.16620210042619,76,gradual,0.0,0
35,97,0.8780293697507136,0.1730304104309145,55.74696620001229,75,gradual,2.1862663278528836e-05,0
35,98,0.9155470557617452,0.14978666550094102,56.372810500820435,74,gradual,0.0008072637010483643,0
35,99,0.6601121668000938,0.22299128967981063,52.74861108938256,73,gradual,0.0023536206257984216,0
35,100,0.7318905765579939,0.17087471174751653,52.5242169167462,72,gradual,0.004510930894287648,0
35,101,0.5795212943519479,0.12674349235646779,52.31127014968017,71,gradual,0.007208945599886016,0
35,102,0.477636073421283,0.08550232492678718,49.49098583860128,70,gradual,0.010402881853068296,0
35,103,0.5877381099327497,0.204187881029518,51.5206911922345,69,gradual,0.014060526786027585,0
35,104,0.591841403433492,0.14932735840396721,52.12260889257355,68,gradual,0.018157074028627474,0
35,105,0.47443048286623407,0.21110362881210176,50.05866919191502,67,gradual,0.02267255442911837,0
35,106,0.5509246644564715,0.20550392533838768,51.03306311617094,66,gradual,0.02759038166895602,0
35,107,0.7450158562661997,0.14300048511896474,52.36608172228558,65,gradual,0.032896454101257994,0
35,108,0.6658440310449261,0.15360388474968134,53.28610507052218,64,gradual,0.03857856388224693,0
35,109,0.5461064379795679,0.2171706815747305,51.71825043349272,63,gradual,0.044625989060857005,0
35,110,0.5899058351598583,0.18002198449963183,52.135190911102306,62,gradual,0.051029201049636035,0
35,111,0.43815565525161726,0.18241761064489032,50.26674878311189,61,gradual,0.05777964826565528,0
35,112,0.47363526486897617,0.22614998054750715,50.7108897962012,60,gradual,0.06486959196711103,0
35,113,0.5936288133852159,0.24032737799921838,53.51884493329988,59,gradual,0.0722919789849858,0
35,114,0.5358347592483881,0.24376182928178997,51.51548562073563,58,gradual,0.08004034122829042,0
35,115,0.4028332944373937,0.21835424304716147,48.82570987747425,57,gradual,0.08810871506045993,0
35,116,0.4112729313849628,0.2913560009938976,50.16989107288799,56,gradual,0.09649157571479051,0
35,117,0.6389781328954853,0.29086140672822136,54.11749860011386,55,gradual,0.1051837832881682,0
35,118,0.5531360996245591,0.3064666583797654,52.93710395931905,54,gradual,0.11418053778439657,0
35,119,0.4863785198626198,0.2846440217670003,52.315914905687016,53,gradual,0.12347734132642106,0
35,120,0.692828941079336,0.3901367789438666,54.294145953839134,52,gradual,0.13306996611639893,0
35,121,0.6192192597537156,0.33106435402163237,55.47616479475748,51,gradual,0.14295442705452802,0
35,122,0.6533757479114891,0.32969990270408417,52.62765695087163,50,gradual,0.1531269581712001,0
35,123,0.8776489468459441,0.4379800018371017,57.95881200587403,49,gradual,0.16358399220851402,0
35,124,0.8059731070467724,0.38295154711481755,56.162248386933385,48,gradual,0.1743221428241449,0
35,125,0.965157450598494,0.3964371145989343,59.66809143508004,47,gradual,0.1853381889951985,0
35,126,0.6776310450387572,0.4042583077026927,52.83057157843042,46,gradual,0.19662906128050542,0
35,127,0.7866021543307211,0.43679228186777225,56.49100998896478,45,gradual,0.20819182966289151,0
35,128,0.8412223227741668,0.5434722371999173,57.25718328732788,44,gradual,0.22002369274265582,0
35,129,0.8887239184680427,0.463805681999227,57.94708259314802,43,gradual,0.23212196809298488,0
35,130,0.7023445403215773,0.40164280522321316,55.96921806638996,42,gradual,0.24448408361967855,0
35,131,0.9296171942195492,0.49173301951705695,57.96365306515055,41,gradual,0.2571075697931106,0
35,132,0.7155135384458724,0.5355380750997252,56.14726810622353,40,gradual,0.2699900526411201,0
35,133,0.8691935651207869,0.5437779717660762,58.96205268651888,39,gradual,0.2831292474085294,0
35,134,0.7843998692808719,0.5621012074308993,58.200844461876464,38,gradual,0.2965229528029875,0
35,135,0.8794331065863004,0.5720386355118628,57.60665589789333,37,gradual,0.31016904575843046,0
35,136,0.91029556932615,0.6557120020329439,58.26092932529009,36,gradual,0.32406547665711405,0
35,137,0.7027612075999653,0.632403156995523,58.05045836547179,35,gradual,0.3382102649592582,0
35,138,0.711945652679728,0.6413811863927211,56.91817977040055,34,gradual,0.352601495196145,0
35,139,0.7212596440424941,0.6273410048201218,56.223006779830264,33,gradual,0.3672373132882674,0
35,140,0.8307300773042572,0.6691760156199545,61.17493479711621,32,gradual,0.38211592315499987,0
35,141,0.7873345978634105,0.7405888587058059,59.09665677431893,31,gradual,0.39723558358643063,0
35,142,0.7789165213031426,0.7486948213526607,57.97756390528581,30,gradual,0.4125946053515528,0
35,143,0.5939088920696134,0.6989136112105232,56.506207123369634,29,gradual,0.4281913485200707,0
35,144,0.7730359051160225,0.7972623741380883,58.43214844890526,28,gradual,0.4440242199777191,0
35,145,0.46312114519366976,0.7698976111948206,55.45276228836784,27,gradual,0.4600916711172699,0
35,146,0.6573550536075708,0.7744167955612434,60.19509379583595,26,gradual,0.4763921956893868,0
35,147,0.6463968972191937,0.8369588132130668,60.1587607971121,25,gradual,0.4929243277992064,0
35,148,0.5930796053089954,,58.33323403974793,24,gradual,0.5096866400360385,0
35,149,0.5417216754194839,0.8625642851442888,57.657806326621646,23,gradual,0.5266777417248851,0
35,150,0.5248130413283979,0.8804675688422515,55.78280038436248,22,gradual,0.5438962772896504,0
35,151,0.5514551008838069,0.9164652153626718,58.86321169472011,21,gradual,0.5613409247189177,0
35,152,0.4801499644444881,0.977792094170147,56.41181363780001,20,gradual,0.5790103941260832,1
35,153,0.6583476325491593,0.9708623637293451,61.12188021797503,19,gradual,0.5969034263964219,1
35,154,0.48609262615171217,0.9718130187842795,58.532608567713986,18,gradual,0.6150187919143757,1
35,155,0.3748387366770113,1.0021361528432442,55.67184609286577,17,gradual,0.633355289364973,1
35,156,0.7613734999038619,1.0613444248058665,62.03830821824328,16,gradual,0.6519117446038579,1
35,157,0.7670362540808164,1.0884362457273,62.899457098635104,15,gradual,0.6706870095908954,1
35,158,0.612604819748215,1.1662471633275955,61.40787163561839,14,gradual,0.6896799613827764,1
35,159,0.4363602389616015,1.0986292622348857,56.049620259498035,13,gradual,0.7088895011804379,1
35,160,0.5389112145770768,1.186939116122682,59.92915204112977,12,gradual,0.7283145534274766,1
35,161,0.6306924955726723,1.2195472120967665,60.83350963792071,11,gradual,0.7479540649560589,1
35,162,0.7951591720098036,1.2431741614353977,63.440193802348034,10,gradual,0.7678070041771167,1
35,163,0.8212625988097673,1.2549109448133935,63.972335315517036,9,gradual,0.7878723603118875,1
35,164,0.6195287963070956,1.264845621183896,61.57911704321835,8,gradual,0.8081491426620879,1
35,165,0.9511678155782874,1.3437124588525036,66.60521476904334,7,gradual,0.8286363799162323,1
35,166,0.7178633075398433,1.3626431304968023,64.18444184307369,6,gradual,0.8493331194897948,1
35,167,0.741567685473171,1.3240000431268142,62.02824162366147,5,gradual,0.8702384268971017,1
35,168,0.7683641989771371,1.402053610415397,62.68301974362473,4,gradual,0.8913513851529885,1
35,169,0.9612344072302206,1.489279072950015,67.2758539121466,3,gradual,0.912671094202416,1
35,170,0.827159563642519,1.4646734577847411,66.6827410379413,2,gradual,0.9341966703763632,1
35,171,0.7299094470456569,1.4648249869781802,,1,gradual,0.9559272458724469,1
35,172,0.6845449921338815,1.4901581076413843,63.7946306684438,0,gradual,0.9778619682588178,1
36,0,0.7165123987485442,0.2647650528437435,32.076868220207324,331,gradual,0.0,0
36,1,0.7283420833080455,0.26903303487421254,32.74134257252868,330,gradual,0.0,0
36,2,0.7318088536322599,0.2513916574862702,34.235947520959556,329,gradual,0.0,0
36,3,0.624306487194917,0.2726085298917936,33.927983581974395,328,gradual,0.0,0
36,4,0.857864516969227,0.22988534461645538,35.899311158853386,327,gradual,0.0,0
36,5,0.5562913385862784,0.24100048375743033,32.79715992125557,326,gradual,0.0,0
36,6,0.7886756199537145,0.18341555047034327,36.14758993851264,325,gradual,0.0,0
36,7,0.8192102167495998,0.26902072364865054,33.802163594893116,324,gradual,0.0,0
36,8,0.8271150730780593,0.2692745130868741,35.838747644943936,323,gradual,0.0,0
36,9,0.6168528916628406,0.2647581987800101,33.00139770055057,322,gradual,0.0,0
36,10,0.9233514762426622,0.25353313260996957,35.260135124252294,321,gradual,0.0,0
36,11,0.998976292950254,0.30014546163177525,37.78107857103077,320,gradual,0.0,0
36,12,0.781278867677538,0.2742055090629483,34.69950014589524,319,gradual,0.0,0
36,13,0.9073790625185859,0.2625011195432954,35.86042431544078,318,gradual,0.0,0
36,14,0.8583709770742659,0.2327088987947413,36.10678108268118,317,gradual,0.0,0
36,15,0.8616846893047628,0.24654250729166516,36.55438289983959,316,gradual,0.0,0
36,16,0.7924887640429334,0.1977966011419327,35.87768766812789,315,gradual,0.0,0
36,17,0.7340379421302242,0.28848965370421514,34.81719027185687,314,gradual,0.0,0
36,18,0.7780278142994319,0.2642337610065383,33.34499876286736,313,gradual,0.0,0
36,19,0.8836248922857484,0.2568365797077847,36.61224041192211,312,gradual,0.0,0
36,20,0.9037017584085644,0.2617104245268579,36.86451416153022,311,gradual,0.0,0
36,21,0.9651139409359372,0.23106663785036047,36.41797651533584,310,gradual,0.0,0
36,22,0.6999800607836656,0.24857200728914974,33.94950484399758,309,gradual,0.0,0
36,23,0.9624716095187162,0.27455461595791325,38.212624147219586,308,gradual,0.0,0
36,24,0.8252399986321921,0.21590242408071475,33.36747246073397,307,gradual,0.0,0
36,25,0.8543874837404785,0.2568388392796758,35.032213057899774,306,gradual,0.0,0
36,26,0.8969428614681867,0.2873594470248372,35.353843301344284,305,gradual,0.0,0
36,27,0.7980402657998036,0.2727700081778663,35.166361470842475,304,gradual,0.0,0
36,28,0.8711598332485607,0.27185542578639726,36.15493243646064,303,gradual,0.0,0
36,29,0.8114031512360856,,34.169749629989504,302,gradual,0.0,0
36,30,0.6719207184675366,0.23502530959160567,32.05420805989697,301,gradual,0.0,0
36,31,0.8985308180945034,0.2788157925487594,35.447836554009164,300,gradual,0.0,0
36,32,0.9559480228424706,0.2595171435338926,38.074310606587,299,gradual,0.0,0
36,33,0.7295617133898267,0.24098582090743018,33.40059926048676,298,gradual,0.0,0
36,34,0.8508451801449078,0.22172057025476727,34.992969502817736,297,gradual,0.0,0
36,35,0.6209874592467569,0.24107042992700536,33.02751506006485,296,gradual,0.0,0
36,36,0.7383833819553729,0.22874953872730935,33.72126904872795,295,gradual,0.0,0
36,37,0.44079372849772225,0.19509174134857873,30.70584541477638,294,gradual,0.0,0
36,38,0.5703654425505588,0.2387409608004966,33.034058682478225,293,gradual,0.0,0
36,39,0.612872721541862,0.2216583644838796,32.299857135235534,292,gradual,0.0,0
36,40,0.590267333518613,0.248650718959813,33.18358573052159,291,gradual,0.0,0
36,41,0.7202693988669284,0.1755356039864414,32.93260649681851,290,gradual,0.0,0
36,42,0.7653669679864288,0.27481714239846144,34.47822860013309,289,gradual,0.0,0
36,43,0.48587453184254276,0.2329664761217963,30.214947523346908,288,gradual,0.0,0
36,44,0.6537226214318251,0.2618514430506109,35.36987462580813,287,gradual,0.0,0
36,45,0.6852759540779512,0.24503498507629107,35.92502351058719,286,gradual,0.0,0
36,46,0.7902426957275122,0.2672950902667284,36.0234274115897,285,gradual,0.0,0
36,47,0.45396577535960064,0.23428845197169829,31.07260050054481,284,gradual,0.0,0
36,48,0.6454864031774524,0.26340450790062636,33.876506401561706,283,gradual,0.0,0
36,49,0.3485238832058032,0.20473696828852758,28.7931259170594,282,gradual,0.0,0
36,50,0.49474779500606136,0.2544574449298909,31.723251600873592,281,gradual,0.0,0
36,51,0.5405320582898715,0.21389397184420875,31.445317042725527,280,gradual,0.0,0
36,52,0.3162069416240404,0.20629386927536636,29.272959125756724,279,gradual,0.0,0
36,53,0.45201789175596796,0.20369698006637335,30.372640042372776,278,gradual,0.0,0
36,54,0.4350014381723722,0.20967350735344692,29.023470077800745,277,gradual,0.0,0
36,55,0.570711048530828,0.3062214345228945,31.57214836536651,276,gradual,0.0,0
36,56,0.3332096308865252,0.23435273489773975,30.602076658382725,275,gradual,0.0,0
36,57,0.5934079954116098,0.22757269683066092,32.323054590598474,274,gradual,0.0,0
36,58,0.5497585581546585,0.2836836180297574,29.888061987126772,273,gradual,0.0,0
36,59,0.6610465128483458,0.26931530991342467,34.27996940457188,272,gradual,0.0,0
36,60,0.7069719615318041,0.2475392889527724,33.97909269163641,271,gradual,0.0,0
36,61,0.5535480609442601,0.2645119321961633,30.64407966566668,270,gradual,0.0,0
36,62,0.7662879482283065,0.2605005981737079,36.830940395907064,269,gradual,0.0,0
36,63,0.5096802045070714,0.24431355546972608,31.89065963872863,268,gradual,0.0,0
36,64,0.5552822276116076,0.2284337196756211,30.331376145277243,267,gradual,0.0,0
36,65,0.5873427648629082,0.19983379568327425,32.14506074118164,266,gradual,0.0,0
36,66,0.5535412676532974,0.3004954988991973,32.2583667975239,265,gradual,0.0,0
36,67,0.772734666386413,0.23685161316620384,34.66893281827645,264,gradual,0.0,0
36,68,0.6723212251024311,0.3112637691888673,33.83513218977633,263,gradual,0.0,0
36,69,0.712442921835987,0.2421542829701862,35.23880490682154,262,gradual,0.0,0
36,70,0.6080444043000995,0.2785701651085657,31.804012424169315,261,gradual,0.0,0
36,71,0.7478804601076531,0.24136849811257693,36.3637002964484,260,gradual,0.0,0
36,72,0.6220682249508436,0.22199121521474707,33.27833236057436,259,gradual,0.0,0
36,73,0.7336859603272206,,33.33991309230794,258,gradual,0.0,0
36,74,0.8613262328344895,0.3076600814437856,37.086718098726436,257,gradual,0.0,0
36,75,0.7876556437628307,0.23456312022534276,36.52872147431461,256,gradual,0.0,0
36,76,0.6879796579920902,0.2410389027766596,33.14547869287948,255,gradual,0.0,0
36,77,0.6253324425398665,0.2445928386426757,34.51727119508703,254,gradual,0.0,0
36,78,0.7788852670295064,0.24537967035046634,35.937852972856994,253,gradual,0.0,0
36,79,0.6906291413918295,0.23651384900849312,33.3604698015945,252,gradual,0.0,0
36,80,0.9606615593545649,0.2922785130017021,35.43399635345467,251,gradual,0.0,0
36,81,0.8678533032588258,0.2280118101170546,37.23053332913408,250,gradual,0.0,0
36,82,0.8665912535030873,0.224697814127565,37.63920546792468,249,gradual,0.0,0
36,83,0.7869403026019174,0.29286064186095906,35.37596255881116,248,gradual,0.0,0
36,84,0.6641309303746237,0.218252242651593,33.90955786929502,247,gradual,0.0,0
36,85,0.9176337510973648,0.20856174211998257,36.400667860487395,246,gradual,0.0,0
36,86,0.7905699651521533,0.270432776224891,34.76441692347618,245,gradual,0.0,0
36,87,0.8525284854767863,0.278199235348062,36.85603621822448,244,gradual,0.0,0
36,88,0.7574751865523306,0.34630995324862723,34.795252877987274,243,gradual,0.0,0
36,89,0.9740719370063587,0.3228602154757453,38.76192857725092,242,gradual,0.0,0
36,90,0.7201442877765475,0.25523216649884306,35.21581740232221,241,gradual,0.0,0
36,91,0.6827155181478194,0.23083326461501535,34.60586558697206,240,gradual,0.0,0
36,92,0.7823261969908111,0.2799384815173585,37.06844718185046,239,gradual,0.0,0
36,93,0.9264800398024314,0.23173003181730947,37.95448548304616,238,gradual,0.0,0
36,94,0.9881315581003456,0.3698583637997228,36.48966458866131,237,gradual,0.0,0
36,95,0.8029212766401966,0.22951079894884704,34.12196984413913,236,gradual,0.0,0
36,96,0.8306054396749335,0.28933714844160774,36.2441051742926,235,gradual,0.0,0
36,97,0.8807317959892997,0.2286684069710361,38.049008017384814,234,gradual,0.0,0
36,98,0.7680492669676873,0.2672904935499902,34.348678279302945,233,gradual,0.0,0
36,99,0.8601499158731937,0.2831368240786099,37.49524886349742,232,gradual,0.0,0
36,100,0.8126257424551251,0.24792625472064372,37.04321102473023,231,gradual,0.0,0
36,101,0.6630464932260581,0.23497732503838523,33.569074386587246,230,gradual,0.0,0
36,102,0.623228144426748,0.20549507573942177,34.88526461967315,229,gradual,0.0,0
36,103,0.9126057240544377,0.3027505189738401,36.47258926645435,228,gradual,0.0,0
36,104,0.8948732292927988,0.24920877795181698,36.52967841987143,227,gradual,0.0,0
36,105,0.7955338470241576,0.21010839425160305,33.171162688032204,226,gradual,0.0,0
36,106,0.6128757883782238,0.17376561964577603,34.422423874495806,225,gradual,0.0,0
36,107,0.6613257634652014,0.2623892146763607,36.18901726630144,224,gradual,0.0,0
36,108,0.6121221249721298,0.2621319768528943,30.84727085900105,223,gradual,0.0,0
36,109,0.678715803033885,0.22082916898038624,34.08760166694909,222,gradual,0.0,0
36,110,0.5928979209178045,0.237274007885966,32.32704538870037,221,gradual,0.0,0
36,111,0.5137981819921623,0.22610515930262204,30.96568950669648,220,gradual,0.0,0
36,112,0.6523396079490498,0.2654210389727616,33.727783583933984,219,gradual,0.0,0
36,113,0.8060859632321142,0.25262240454122603,35.894204344613826,218,gradual,0.0,0
36,114,0.4106821020335266,0.23195263283694934,,217,gradual,0.0,0
36,115,0.7247718130642359,0.18995741400508614,33.11874352810452,216,gradual,0.0,0
36,116,0.6693845365838931,0.2686023085474679,34.24053408666847,215,gradual,0.0,0
36,117,0.7429891770839518,0.2470442342380929,34.251364303952364,214,gradual,0.0,0
36,118,0.6175180082186333,0.2734909462959763,34.91077158154899,213,gradual,0.0,0
36,119,0.4889007687609068,0.17541798537145475,32.506230813763395,212,gradual,0.0,0
36,120,0.5592567959441708,0.1964438959114884,34.096706464456645,211,gradual,0.0,0
36,121,0.5669970619785123,0.2045614994499831,33.902282917319354,210,gradual,0.0,0
36,122,0.49527682473868906,0.25477773025851913,34.28069538735545,209,gradual,0.0,0
36,123,0.34352656182108254,0.24903740817108588,28.406952184975143,208,gradual,0.0,0
36,124,0.7545726180358181,0.30244034047631246,35.522366874611144,207,gradual,0.0,0
36,125,0.6872817210822937,0.2531754929596598,35.39691437009487,206,gradual,0.0,0
36,126,0.5716030869097708,0.3220473366242079,33.967312074437466,205,gradual,0.0,0
36,127,0.5551771472015905,0.29652307986409804,31.86467751286978,204,gradual,0.0,0
36,128,0.545619082667287,0.26799992545843343,32.99081809158791,203,gradual,0.0,0
36,129,0.6934427295741886,0.21132578124838,36.098482734368986,202,gradual,0.0,0
36,130,0.6918068767568389,0.27352404171294287,35.3921707241319,201,gradual,0.0,0
36,131,0.5398295899156238,0.29307433042050857,31.857333119962515,200,gradual,0.0,0
36,132,0.521524777068617,0.2761482309221749,31.399551266374992,199,gradual,0.0,0
36,133,0.5918706213565781,0.2681083307177047,31.315867991926588,198,gradual,0.0,0
36,134,0.677155289576448,0.2164734839653827,35.060406468950006,197,gradual,0.0,0
36,135,0.4903755469823303,0.2208865644147838,30.967526899842547,196,gradual,0.0,0
36,136,0.5130401845346638,0.22898053551893127,33.38663583567464,195,gradual,0.0,0
36,137,0.6472406475294962,0.21769354668978902,31.85415966185754,194,gradual,0.0,0
36,138,0.5658003985571207,0.18193436053073048,32.16489910146143,193,gradual,0.0,0
36,139,0.8472467771723684,,35.9078169937955,192,gradual,0.0,0
36,140,0.7232852373752306,0.2628537330476623,32.79069299753723,191,gradual,0.0,0
36,141,0.5491094981682244,0.2755011425015681,33.44058276376979,190,gradual,0.0,0
36,142,0.6516303256639562,0.27541935908486154,34.94721027446773,189,gradual,0.0,0
36,143,0.6648679654725207,0.28507786345135067,32.90669210879331,188,gradual,0.0,0
36,144,0.8673815615403418,0.2911777765153237,37.91518623420586,187,gradual,0.0,0
36,145,0.7584239198326831,0.25075089129043954,34.571624412143066,186,gradual,0.0,0
36,146,0.8154380809924153,0.2704083387055684,36.95583077429075,185,gradual,0.0,0
36,147,0.7622070217943036,0.283035416507619,35.848235083525886,184,gradual,0.0,0
36,148,0.7102571597578357,0.27514377766636294,34.402645970401174,183,gradual,0.0,0
36,149,0.8368642111242153,0.3455218465500876,37.54476294965357,182,gradual,0.0,0
36,150,0.635179215728422,0.28499906808625936,35.069319565716754,181,gradual,0.0,0
36,151,0.6578446279709932,0.19072028684654738,34.00222910377591,180,gradual,0.0,0
36,152,0.9010738004631739,0.26628091230662215,36.800371708188024,179,gradual,0.0,0
36,153,0.9077506587409584,0.2757112129366458,36.7428137057896,178,gradual,0.0,0
36,154,0.8462443546438916,0.2279677433696526,35.34687227858127,177,gradual,0.0,0
36,155,0.7411449070785429,0.2696511671532994,34.33690272423357,176,gradual,0.0,0
36,156,0.93032967807681,0.314997879770892,38.120947289182325,175,gradual,0.0,0
36,157,0.8031784102007341,0.29367834598873827,35.89720231595831,174,gradual,0.0,0
36,158,0.865005027492197,0.23034893301671278,37.60111254700742,173,gradual,0.0,0
36,159,0.9532281296734006,0.24400176071611482,37.75254948240823,172,gradual,0.0,0
36,160,0.8172944905434134,0.2714407471013353,35.95659894872996,171,gradual,0.0,0
36,161,0.8227247163118837,0.21184456459022225,36.24238642616705,170,gradual,0.0,0
36,162,0.7010594552481667,0.2783714295169355,32.42145754845258,169,gradual,0.0,0
36,163,0.7919161644450452,0.26294541971379204,35.841341277299996,168,gradual,0.0,0
36,164,0.9566201623094386,0.27094295387340905,37.882353796686175,167,gradual,0.0,0
36,165,0.8803094497112651,0.2682745940482748,36.7522562786767,166,gradual,0.0,0
36,166,0.7724029582979207,0.28174797444116717,35.54645858591513,165,gradual,0.0,0
36,167,0.7643650611019416,0.26694856994544286,36.838711412918364,164,gradual,0.0,0
36,168,1.0139956912012673,0.3178804754491283,38.035822854364255,163,gradual,0.0,0
36,169,0.7749595443866703,0.31230158597974167,35.506346367533375,162,gradual,0.0,0
36,170,0.8390692982847687,0.2792147808348394,36.78037883871439,161,gradual,0.0,0
36,171,0.8380375246596947,0.30268629721864637,36.539178647058186,160,gradual,0.0,0
36,172,0.7891096740907023,0.26847160055610014,35.548422063323365,159,gradual,0.0,0
36,173,0.7848868691534071,0.2549118844504978,35.8380673108533,158,gradual,0.0,0
36,174,0.7371624888776538,0.2631028352830907,34.64306306487111,157,gradual,0.0,0
36,175,0.7003435554281214,0.26183903489225957,35.42635393796625,156,gradual,0.0,0
36,176,0.9525046698186947,0.2932494269529968,37.19292970770322,155,gradual,0.0,0
36,177,0.7445235828640226,0.2282740388210783,34.822353643501756,154,gradual,0.0,0
36,178,0.862157099751615,0.26626016170184785,35.73123549390893,153,gradual,0.0,0
36,179,0.7987194418339282,0.265413759793205,36.40569644585937,152,gradual,0.0,0
36,180,0.6345397671450275,0.2636031426706814,34.26426799883775,151,gradual,0.0,0
36,181,0.6178783872538454,0.19774750757751294,34.709731282028784,150,gradual,0.0,0
36,182,0.7723969711079804,0.21993358646687422,34.40971818945481,149,gradual,0.0,0
36,183,0.4375615505137288,0.19515655998585008,31.16733523493846,148,gradual,0.0,0
36,184,0.4751798625288799,0.23179295275999143,31.93045312506721,147,gradual,0.0,0
36,185,0.5836925292522585,0.23404012384874057,34.02177455669175,146,gradual,0.0,0
36,186,0.5838813042092267,0.24436625053518995,31.489400107770027,145,gradual,0.0,0
36,187,0.5971303168617388,0.28791497046785686,34.74757170935953,144,gradual,0.0,0
36,188,0.5162934054767837,0.2334808072721517,32.01372016044108,143,gradual,0.0,0
36,189,0.6328274774595101,0.22078068164848685,33.34368043943385,142,gradual,0.0,0
36,190,0.7716455084761357,0.25642673427127977,34.828125004758334,141,gradual,0.0,0
36,191,0.5066607331062338,0.2404512494855622,30.36863472999061,140,gradual,0.0,0
36,192,0.6464516500385822,0.2542283933682426,35.55808813119156,139,gradual,0.0,0
36,193,0.4708968569033199,0.2751108978561334,32.57845862642165,138,gradual,0.0,0
36,194,0.49834799432828003,0.2493342751584338,32.85994507119693,137,gradual,0.0,0
36,195,0.539264730202322,0.27080173871797,33.592520622822946,136,gradual,0.0,0
36,196,0.38962307724685163,0.21134435668241888,30.751747119002694,135,gradual,0.0,0
36,197,0.46807443881815597,0.21862029652615717,31.913577215372275,134,gradual,0.0,0
36,198,0.6181025443012811,0.2996057148665757,34.014999746309975,133,gradual,0.0,0
36,199,0.4052411239820431,,30.33179169348954,132,gradual,0.0,0
36,200,0.5519628808202759,0.22424827967579053,33.65044794775691,131,gradual,0.0,0
36,201,0.48966814449654217,0.29863145564041094,32.55743993447847,130,gradual,0.0,0
36,202,0.5199401093422857,0.2595725768860508,33.49996654442838,129,gradual,0.0,0
36,203,0.5178994435604185,0.26797534190422745,34.404864186592924,128,gradual,0.0,0
36,204,0.6295198530130571,0.24412634851151846,33.47209465167279,127,gradual,0.0,0
36,205,0.6494238879744068,0.21019244760465153,33.692096717722336,126,gradual,0.0,0
36,206,0.47843459618669565,0.27276090872148717,33.50299587895673,125,gradual,0.0,0
36,207,0.6226330559273311,0.2552371127203023,34.46210275104885,124,gradual,0.0,0
36,208,0.5383232442810219,0.19505781025909377,31.2305869205885,123,gradual,0.0,0
36,209,0.7007736208821282,0.26399781227088603,34.52314494727038,122,gradual,0.0,0
36,210,0.7251820640565543,0.26837440684624186,35.35532918272542,121,gradual,0.0,0
36,211,0.5700546704979121,0.24582569216370617,33.68271511499585,120,gradual,0.0,0
36,212,0.733210385398728,0.2972698676244948,33.72558814162973,119,gradual,0.0,0
36,213,0.69344792593475,0.29188673363061557,34.99687231733755,118,gradual,0.0,0
36,214,0.5598092619766882,,33.16371762253301,117,gradual,0.00017948044696972304,0
36,215,0.6102139890010103,0.2571014076620407,32.01378698378194,116,gradual,0.0010838609111976218,0
36,216,0.5961887939162319,0.24711196306972993,33.64219220390803,115,gradual,0.0024386810735890856,0
36,217,0.7400232414716216,0.2572184754367137,34.12960115568965,114,gradual,0.004143014252928718,0
36,218,0.6733471525924913,0.3468483158106841,35.72181305531709,113,gradual,0.00614592849599517,0
36,219,0.7362722843806875,0.2671333849053136,37.08646263341883,112,gradual,0.0084148426052822,0
36,220,0.8318900156919417,0.29556853650976034,36.82877845893316,111,gradual,0.010926497909970275,0
36,221,0.6600852568715675,0.28768483854648946,35.286168004242285,110,gradual,0.013663170350915512,0
36,222,0.6933551467423124,0.33347456471918235,36.48303577826332,109,gradual,0.0166107498519578,0
36,223,0.7497874031900491,0.2938913045799691,35.9064137764193,108,gradual,0.01975764462231346,0
36,224,0.9924213283881804,0.3766316735498684,39.26307460715202,107,gradual,0.02309410288471418,0
36,225,0.7457725737963669,0.3059808452173798,37.09866983181712,106,gradual,0.02661176690363986,0
36,226,0.8257492702187565,0.3275974383444898,38.091737716637724,105,gradual,0.030303365789663528,0
36,227,0.9710725784158777,0.399181731778481,38.25409380018767,104,gradual,0.0341624959078278,0
36,228,0.7787099474861442,0.36046172078045036,37.57817392757013,103,gradual,0.03818345908664208,0
36,229,0.8674770118488819,0.37537391474724024,37.49530335211681,102,gradual,0.042361140373190664,0
36,230,0.782204737724558,0.3308303383317922,36.42409989904929,101,gradual,0.046690913679158945,0
36,231,0.8442957000201748,0.3470396482194174,37.61656317879873,100,gradual,0.051168567611748206,0
36,232,0.7227259163721524,0.3800839961128514,37.1706052164107,99,gradual,0.05579024624053069,0
36,233,0.9142344678888288,0.4299865970974019,40.38238354034839,98,gradual,0.060552401131822406,0
36,234,0.8175727619155853,0.3384164333519756,39.41035861851741,97,gradual,0.06545175202859202,0
36,235,0.8856349499013745,0.44129008173459433,39.897831191011235,96,gradual,0.0704852542644677,0
36,236,0.8967501096358885,0.40520602477883905,39.301634352877024,95,gradual,0.0756500714937442,0
36,237,0.8972180115980153,0.43382773879553527,39.670343290575616,94,gradual,0.08094355266868286,0
36,238,0.8109910001444074,0.4426128169517888,39.5678034834194,93,gradual,0.08636321244727205,0
36,239,0.7249866915565535,0.4609325174023202,38.393785351194296,92,gradual,0.09190671439912111,0
36,240,0.843302763970415,0.4455097823340296,40.45466428536066,91,gradual,0.09757185651428699,0
36,241,0.821920454593616,0.4865538854002704,41.36893372057445,90,gradual,0.10335655862310057,0
36,242,0.8096982389331508,0.492819951101072,39.40310890153735,89,gradual,0.10925885141377124,0
36,243,0.9379449211312914,0.5492192356432799,41.39072524537931,88,gradual,0.11527686679521133,0
36,244,0.816213261178017,0.47924700210411725,41.25470717687963,87,gradual,0.12140882939975303,0
36,245,0.6821830501387194,0.488077411759098,37.73990841986492,86,gradual,0.12765304905755245,0
36,246,0.8164353976360779,,40.66431588838959,85,gradual,0.13400791410390686,0
36,247,0.8015745021589357,0.5597563226068064,40.67467931349031,84,gradual,0.14047188540423644,0
36,248,0.5824589897338368,0.5720533088723863,38.75816567482369,83,gradual,0.14704349100042918,0
36,249,0.794557119525051,0.596510422220058,41.69131415399003,82,gradual,0.15372132129761334,0
36,250,0.806472090463358,,43.307868704590376,81,gradual,0.16050402472297046,0
36,251,0.7343373218241667,,39.56483804234013,80,gradual,0.16739030379850944,0
36,252,0.7992788112362043,0.6802581762438206,44.48156348669013,79,gradual,0.17437891157824095,0
36,253,0.6566256928007524,0.5919107409422625,39.02968549409003,78,gradual,0.1814686484072693,0
36,254,0.74471626767168,0.6367504088937067,42.02750190600894,77,gradual,0.18865835896623134,0
36,255,0.6083560624760938,0.6624576173863471,40.672404234980036,76,gradual,0.19594692956947474,0
36,256,0.538116512115769,0.7444856105552231,39.230052582998916,75,gradual,0.20333328568955203,0
36,257,0.5361600146168609,0.7516550834242054,38.83320454694584,74,gradual,0.21081638968415203,0
36,258,0.6168583401390837,0.7354985513592992,41.83571123197363,73,gradual,0.21839523870460462,0
36,259,0.37849984986943774,0.6917258882067854,37.81205015709531,72,gradual,0.22606886276766922,0
36,260,0.537316609544015,0.6777521696867981,39.400124916760404,71,gradual,0.2338363229745245,0
36,261,0.5025059385927414,0.7072399245117021,38.90969437398048,70,gradual,0.2416967098627747,0
36,262,0.5343312892797104,0.7474034571456726,39.8320179869467,69,gradual,0.24964914187892712,0
36,263,0.5294428347857751,0.7977854024312064,40.5699220822417,68,gradual,0.2576927639602145,0
36,264,0.6407957200489273,0.8267911463084522,42.42766294570764,67,gradual,0.26582674621586927,0
36,265,0.440323231645584,0.7492473657486071,39.54229784945815,66,gradual,0.27405028269903065,0
36,266,0.6232158898923439,0.8175181016473796,43.18052404921888,65,gradual,0.28236259026140637,0
36,267,0.488150996069445,0.8127672932847987,41.01261394149722,64,gradual,0.29076290748363076,0
36,268,0.6163942346082342,0.8952340269726892,42.40400095133893,63,gradual,0.299250493674988,0
36,269,0.5940846666633214,0.9015590091022542,,62,gradual,0.30782462793680276,0
36,270,0.516294110234585,0.9140590153510926,40.88980646803085,61,gradual,0.3164846082843656,0
36,271,0.5774714039340587,0.9006931975185309,41.94744870891727,60,gradual,0.32522975082275735,0
36,272,0.5431339131288395,0.9034568572281242,43.76719268396174,59,gradual,0.33405938897237836,0
36,273,0.5469261301966923,0.9149421238467215,43.71293373136535,58,gradual,0.34297287274038235,0
36,274,0.6011537135236559,0.9609780833370299,43.96784163739757,57,gradual,0.35196956803456303,0
36,275,0.5423744923281171,1.033853097899506,42.89116087485026,56,gradual,0.36104885601655656,0
36,276,0.6443056089643191,0.9839694963290623,47.21850089633786,55,gradual,0.3702101324914988,0
36,277,0.4738508337522156,1.0009630757522203,42.86504911460701,54,gradual,0.3794528073315309,0
36,278,0.6491899300006686,1.0338997706946382,47.43615874666909,53,gradual,0.3887763039307699,0
36,279,0.47456018030501446,1.043804709288253,43.31914465670021,52,gradual,0.39818005868956097,0
36,280,0.5663141964930137,1.0628063329290172,46.68313233980272,51,gradual,0.4076635205260163,0
36,281,0.5980034455134529,1.0694999633583668,44.77965751160216,50,gradual,0.41722615041300265,0
36,282,0.35960820871645305,1.0853192777157155,43.52265402612349,49,gradual,0.42686742093889635,0
36,283,0.6170802143793117,1.151848530701997,47.612847307390055,48,gradual,0.43658681589055054,0
36,284,0.6177776850008655,1.1815068407242146,47.198487209901145,47,gradual,0.44638382985705094,0
36,285,0.7601776832272715,1.2492913703024373,48.99619866752167,46,gradual,0.45625796785293815,0
36,286,0.575724695637444,1.1913338817066828,48.067055263612424,45,gradual,0.4662087449596837,0
36,287,0.6395311484080678,1.2301718829455233,48.74523180121729,44,gradual,0.4762356859842912,0
36,288,0.6507494695761884,1.2770181641088154,49.30707776484944,43,gradual,0.4863383251339857,0
36,289,0.7355189980313093,1.2916504629059926,49.598266967063786,42,gradual,0.49651620570602156,0
36,290,0.708645149633745,1.284551999707652,51.508015692601866,41,gradual,0.5067688797917197,0
36,291,0.7982786512134009,1.3858802224477442,52.382296734819526,40,gradual,0.517095907993898,0
36,292,0.740945742189782,1.3290415370788105,51.423483558156,39,gradual,0.5274968591569283,0
36,293,0.9454088355149907,1.4235036284557456,53.02101008330858,38,gradual,0.5379713101086958,0
36,294,0.8230271615994356,1.380606257020838,54.47366431407397,37,gradual,0.5485188454137978,0
36,295,0.7342265825015546,1.339722485834348,52.09806635331441,36,gradual,0.5591390571373539,0
36,296,0.7661475623673082,1.4800871214370512,53.96681323409505,35,gradual,0.5698315446188489,0
36,297,0.8378182034397091,1.471981187741339,52.88375893740061,34,gradual,0.5805959142554635,0
36,298,0.6366562938292779,1.4839146055555659,52.65473532239635,33,gradual,0.5914317792943877,0
36,299,0.62187697481493,1.4389086347479902,52.43450998495155,32,gradual,0.6023387596336388,0
36,300,0.7126262698222536,1.4742022077276078,54.093922525569695,31,gradual,0.6133164816309441,0
36,301,0.9038427678495112,1.5705869451207595,56.74416393233522,30,gradual,0.6243645779202681,0
36,302,0.8598716249826756,1.591944253436087,57.91627453504022,29,gradual,0.6354826872355974,0
36,303,0.8540884147518899,1.5744636092098958,57.54953582639802,28,gradual,0.6466704542416138,0
36,304,0.8439138279713116,1.648982800998945,56.3813175900259,27,gradual,0.6579275293709169,0
36,305,0.6780788977847507,1.5813220891082593,55.083267180593396,26,gradual,0.6692535686674662,0
36,306,0.9643701494637305,1.7231452836726657,59.69253393340758,25,gradual,0.6806482336359478,0
36,307,0.7430922039549407,1.678696808758054,55.65353222691602,24,gradual,0.6921111910967712,0
36,308,0.847075546790861,1.7448324160846416,58.234137987275,23,gradual,0.7036421130464344,0
36,309,0.8356642201500624,1.702326335400577,58.08797484113994,22,gradual,0.7152406765229992,0
36,310,0.8902546788356087,1.7944388402003542,60.45039798301195,21,gradual,0.7269065634764408,0
36,311,0.8207994525433141,1.7850128895596287,58.5741203366131,20,gradual,0.7386394606436439,1
36,312,0.6977450282555941,1.8336902129468076,58.30754554407865,19,gradual,0.7504390594278353,1
36,313,0.8001275464260861,1.8404007646424494,57.79363022177627,18,gradual,0.762305055782248,1
36,314,0.6616415617334619,1.7876896119555015,57.861976823602774,17,gradual,0.7742371500978331,1
36,315,0.8442473067376858,1.8834858470062763,59.630830569757364,16,gradual,0.7862350470948323,1
36,316,0.7950567683862764,1.8957054916118745,59.17558570143408,15,gradual,0.7982984557180485,1
36,317,0.9249030371689603,1.926002010795071,61.83774079024058,14,gradual,0.8104270890356479,1
36,318,0.8917221270290081,1.9527487374909076,62.36267697522857,13,gradual,0.8226206641413449,1
36,319,0.7458433247482811,1.9556231810568705,61.21242904698372,12,gradual,0.8348789020598238,1
36,320,0.5684852155799309,1.9881361648276887,59.17440460742452,11,gradual,0.8472015276552609,1
36,321,0.5975002546346306,2.031901050215598,61.088820085754016,10,gradual,0.859588269542816,1
36,322,0.7350726467958767,2.063086121268431,60.83779820345744,9,gradual,0.8720388600029729,1
36,323,0.6348126585252363,,62.017904459740905,8,gradual,0.8845530348986083,1
36,324,0.58099982395993,2.054111766862609,61.12795650181613,7,gradual,0.8971305335946801,1
36,325,0.6168671953715735,2.153314676823109,61.64741607622204,6,gradual,0.9097710988804293,1
36,326,0.7477527964513342,2.2044884147334147,63.12613923719077,5,gradual,0.9224744768939935,1
36,327,0.604495150578318,2.1879799292431827,62.53391266720412,4,gradual,0.9352404170493379,1
36,328,0.6062427676962459,2.179523850596812,62.4397821471847,3,gradual,0.9480686719654128,1
36,329,0.40216403134142553,2.2093758965949246,60.33749414840544,2,gradual,0.9609589973974481,1
36,330,0.5078757430865657,2.227669605102919,62.7132397669383,1,gradual,0.9739111521703073,1
36,331,0.48345198814418766,2.2972111912682154,62.69156085106853,0,gradual,0.9869248981138169,1
37,0,0.7559543558715953,0.3690980369311165,41.5608297259827,311,abrupt,0.0,0
37,1,0.6196688855530103,0.3976321469558282,41.61534833698366,310,abrupt,0.0,0
37,2,0.6477830503761809,0.4047094370829696,41.453378129388355,309,abrupt,0.0,0
37,3,0.6102962969757887,0.4139797427495404,40.35965784597704,308,abrupt,0.0,0
37,4,0.8562949136165436,0.40541855942508065,43.82267816079843,307,abrupt,0.0,0
37,5,0.6974609098468749,0.3727615641437278,42.16464467918464,306,abrupt,0.0,0
37,6,0.8019362813354894,,43.18117488694805,305,abrupt,0.0,0
37,7,0.8312608246883242,0.433844336029124,43.51641546212216,304,abrupt,0.0,0
37,8,0.8727030365623796,0.41521269742408073,44.397306399951276,303,abrupt,0.0,0
37,9,0.9683335584060063,0.45862378598866255,45.571218792092026,302,abrupt,0.0,0
37,10,0.6614429804306909,0.37794843262765376,40.694271363386164,301,abrupt,0.0,0
37,11,0.8641555690590836,0.40806857142890746,41.38149205399879,300,abrupt,0.0,0
37,12,0.9113165446015989,0.43249136562920165,42.32148300996842,299,abrupt,0.0,0
37,13,0.75227682738673,0.37579258494963114,43.32596828249674,298,abrupt,0.0,0
37,14,0.8364026027533862,0.4099607223264899,45.26308790444147,297,abrupt,0.0,0
37,15,0.674675940374137,0.45582036065292436,41.54027680465025,296,abrupt,0.0,0
37,16,0.8669208724436019,0.4257275755156413,44.47430542865975,295,abrupt,0.0,0
37,17,0.800624298845721,0.3619085438941736,42.7564462656429,294,abrupt,0.0,0
37,18,0.8619864436530952,0.4514304610919882,42.27825575298286,293,abrupt,0.0,0
37,19,0.8334109441484853,0.41484724888785496,40.76344255297669,292,abrupt,0.0,0
37,20,0.8860715253025769,0.4248243337610207,45.27018030635628,291,abrupt,0.0,0
37,21,0.8183410412838439,0.4371310287165031,44.39338810419761,290,abrupt,0.0,0
37,22,0.7620582998946195,0.4072259652234393,41.99485720343478,289,abrupt,0.0,0
37,23,0.8531730041220502,0.39908794892296645,44.79184306107218,288,abrupt,0.0,0
37,24,0.8835869228111168,0.4313573417594727,42.322192445647666,287,abrupt,0.0,0
37,25,0.8078047399361117,0.37710795366552147,41.293360441678864,286,abrupt,0.0,0
37,26,0.7735099995714435,0.5203741778144818,43.407907607898885,285,abrupt,0.0,0
37,27,0.8918830801994665,0.4297101720550429,46.232452877184436,284,abrupt,0.0,0
37,28,0.7025393852387037,0.3712701609723194,,283,abrupt,0.0,0
37,29,0.8371827154411999,0.4857339428778523,43.684264871354884,282,abrupt,0.0,0
37,30,0.8627797647629307,0.37991708649040784,44.266588419233955,281,abrupt,0.0,0
37,31,0.8646279212038,0.434905791129599,44.076407069199696,280,abrupt,0.0,0
37,32,0.7635997847084481,0.3938397082129877,44.216051067291076,279,abrupt,0.0,0
37,33,0.5641108971123687,0.35247006976766887,41.34637021577317,278,abrupt,0.0,0
37,34,0.86152486496479,0.4295780563997838,42.93821482288153,277,abrupt,0.0,0
37,35,0.763131902291245,0.4065985337861145,43.1718239853387,276,abrupt,0.0,0
37,36,0.7880135850058206,0.3406249322609215,42.961999591598484,275,abrupt,0.0,0
37,37,0.7720040533322724,0.44228799125851875,43.87583455896405,274,abrupt,0.0,0
37,38,0.5726845260012061,0.40915904689347726,40.935980410506424,273,abrupt,0.0,0
37,39,0.7954340229304935,0.40120435737712756,43.45514185745541,272,abrupt,0.0,0
37,40,0.7438141225696856,,42.43694631164612,271,abrupt,0.0,0
37,41,0.6489455940524719,0.387469696196795,42.23328164693879,270,abrupt,0.0,0
37,42,0.715738552294083,0.3855513920358665,41.907551554675685,269,abrupt,0.0,0
37,43,0.7241968230777551,0.4014274465034148,44.24543527551402,268,abrupt,0.0,0
37,44,0.7394522117166694,0.3839595678501707,42.781975258833576,267,abrupt,0.0,0
37,45,0.7057005742133867,0.3834588190413775,42.74634408658243,266,abrupt,0.0,0
37,46,0.5839722957216396,0.36875411109029926,40.84736952139974,265,abrupt,0.0,0
37,47,0.7688031405859892,0.403526253509729,42.03834244156089,264,abrupt,0.0,0
37,48,0.6808608486229805,0.4327356780175549,40.878116573092896,263,abrupt,0.0,0
37,49,0.5621082142071002,0.390402650633372,40.800370677136186,262,abrupt,0.0,0
37,50,0.46419071337272283,0.33416182136781203,41.103001851247534,261,abrupt,0.0,0
37,51,0.43301214721151815,0.31282106076757676,39.933091468319205,260,abrupt,0.0,0
37,52,0.675580076067042,0.3665126700191727,41.82270160898967,259,abrupt,0.0,0
37,53,0.48043944415592893,0.2739380488886532,39.27342001241527,258,abrupt,0.0,0
37,54,0.7971147158393033,0.3744915196677129,43.35738101128281,257,abrupt,0.0,0
37,55,0.48954757666145077,0.39181044767316237,39.45966685081443,256,abrupt,0.0,0
37,56,0.5199563791016835,0.3090635479871137,40.49859777707037,255,abrupt,0.0,0
37,57,0.6978611822159708,0.3819202459167652,42.83245963796078,254,abrupt,0.0,0
37,58,0.5846470985267349,0.3039306214878343,41.954273958393955,253,abrupt,0.0,0
37,59,0.4911042024679676,0.31813559474910286,39.589187826283094,252,abrupt,0.0,0
37,60,0.47576557969893407,0.3277071938154284,40.403803174842494,251,abrupt,0.0,0
37,61,0.6652682676786457,0.36405751460188535,41.00641085176257,250,abrupt,0.0,0
37,62,0.6018931587686378,0.37691636776823007,40.86342581177731,249,abrupt,0.0,0
37,63,0.44750173725748366,0.30053602193616813,37.11974829840452,248,abrupt,0.0,0
37,64,0.5269084399786457,0.34858160576186603,40.069721363807055,247,abrupt,0.0,0
37,65,0.556637242345835,0.2862448254532984,39.53310964645017,246,abrupt,0.0,0
37,66,0.6273700357584601,0.3934326283662535,41.249542477459926,245,abrupt,0.0,0
37,67,0.5146729177583664,0.2981110512744349,40.372127026775225,244,abrupt,0.0,0
37,68,0.530707175474868,0.3417572878132932,40.28864666688414,243,abrupt,0.0,0
37,69,0.5743361533913316,0.38941055704555017,41.211184157574955,242,abrupt,0.0,0
37,70,0.8391142285747789,0.39681728630747715,45.172478082568965,241,abrupt,0.0,0
37,71,0.8053313220689345,0.41224634689302947,43.57592204636756,240,abrupt,0.0,0
37,72,0.8741273643469375,0.39530037895516107,44.6799883819562,239,abrupt,0.0,0
37,73,0.6206018389193158,0.3453325059713246,42.13987355855324,238,abrupt,0.0,0
37,74,0.8305660032168414,0.4124832457416634,42.677844992870696,237,abrupt,0.0,0
37,75,0.8007793941044759,0.39128166246283613,45.12575619860697,236,abrupt,0.0,0
37,76,0.632171276672533,0.3576103852707624,41.48713343758268,235,abrupt,0.0,0
37,77,0.7828859582882162,0.43830943156462326,43.372139505673836,234,abrupt,0.0,0
37,78,0.625124125632148,0.359327673906188,41.31006781318049,233,abrupt,0.0,0
37,79,0.8272955995828265,0.3909079882787206,44.35888715028914,232,abrupt,0.0,0
37,80,0.8138886193202755,0.40584522153036584,43.86871243167208,231,abrupt,0.0,0
37,81,0.8350098970153632,0.41428493118954396,44.44653285708296,230,abrupt,0.0,0
37,82,0.6248795510360012,0.3449779863143538,42.07532296500621,229,abrupt,0.0,0
37,83,0.7338638452845597,0.4633976617373887,41.69840002968662,228,abrupt,0.0,0
37,84,0.8561095615117481,0.3203101111239012,45.42600554640324,227,abrupt,0.0,0
37,85,0.6170986574790052,0.3563855733739143,41.18751995485448,226,abrupt,0.0,0
37,86,0.9286641740265631,0.4002012652469209,44.332392565357154,225,abrupt,0.0,0
37,87,0.8895968435063036,0.4071002108861312,42.7107472335969,224,abrupt,0.0,0
37,88,0.8601075954074333,0.4238776369455356,43.64949973951089,223,abrupt,0.0,0
37,89,0.8512236908446476,0.3896579203779404,44.942584607261644,222,abrupt,0.0,0
37,90,0.8192090244505003,0.4141353474401418,44.089613394432426,221,abrupt,0.0,0
37,91,0.9417572245903498,0.43714815726988926,42.742913541484214,220,abrupt,0.0,0
37,92,0.7327710577295785,0.42040787671684127,41.39411379814198,219,abrupt,0.0,0
37,93,0.7549498729486341,0.4504915753746225,42.50969870355626,218,abrupt,0.0,0
37,94,0.7426374305229253,0.37345893514248024,41.56313255734598,217,abrupt,0.0,0
37,95,0.9010138040766391,0.4157321001786524,,216,abrupt,0.0,0
37,96,0.875771882009924,0.44918842819321386,45.88375191740982,215,abrupt,0.0,0
37,97,0.9558507169482268,0.4138782173333906,48.65555555568845,214,abrupt,0.0,0
37,98,0.7789443513689367,0.3888733962377089,41.86852781462126,213,abrupt,0.0,0
37,99,0.938136078863143,0.42625327042744254,46.601550672661936,212,abrupt,0.0,0
37,100,0.821231207691491,0.4095039916444922,43.34664799304051,211,abrupt,0.0,0
37,101,0.8132970542625441,0.4826205023092408,43.22597560477818,210,abrupt,0.0,0
37,102,0.8355514242294404,0.4191647675764405,43.23587836287875,209,abrupt,0.0,0
37,103,0.7998334861418775,0.4244318389663726,44.3707157632073,208,abrupt,0.0,0
37,104,0.8313200334959514,0.3103303707781702,42.856408958314525,207,abrupt,0.0,0
37,105,1.0527178307590475,0.38920733388429085,46.56155777340575,206,abrupt,0.0,0
37,106,0.6081134476374399,0.35693931329095135,41.10683649897215,205,abrupt,0.0,0
37,107,0.8933549753120985,0.4154236126074277,45.39293372632255,204,abrupt,0.0,0
37,108,0.8404130595661945,0.4417068810976477,43.25727165196143,203,abrupt,0.0,0
37,109,0.719536725092182,0.3962650912589019,42.46798656584445,202,abrupt,0.0,0
37,110,0.7319600068716965,0.318777924809174,43.21671550799998,201,abrupt,0.0,0
37,111,0.7489546165120927,0.3843919129300957,44.08172045332532,200,abrupt,0.0,0
37,112,0.7859184633197092,0.41785598250303574,41.682038693902896,199,abrupt,0.0,0
37,113,0.7779911297227584,0.3376980524009823,42.783909286145956,198,abrupt,0.0,0
37,114,0.9476165494538703,0.40839380782737034,46.00555033286257,197,abrupt,0.0,0
37,115,0.6450177251024443,,41.0010907828947,196,abrupt,0.0,0
37,116,0.640285288253049,0.3418096806793136,40.466176878069916,195,abrupt,0.0,0
37,117,0.6762849900930562,0.3464307947997792,41.977457403816345,194,abrupt,0.0,0
37,118,0.6973527613528303,0.3432827250673577,,193,abrupt,0.0,0
37,119,0.6028043717028511,0.38646171331254137,42.54141538126071,192,abrupt,0.0,0
37,120,0.5639507778481074,0.3888151047360444,40.660812453612266,191,abrupt,0.0,0
37,121,0.5581575301519386,0.3455521245608665,39.322924750653165,190,abrupt,0.0,0
37,122,0.5888469460730736,0.3180383298778551,41.037145394052246,189,abrupt,0.0,0
37,123,0.8692250536285202,0.4279266664250615,44.03181752891988,188,abrupt,0.0,0
37,124,0.6615453560980031,0.4100270263835328,41.48665370041426,187,abrupt,0.0,0
37,125,0.7101097942522315,0.31015834502550643,43.211214786057845,186,abrupt,0.0,0
37,126,0.4696491574355063,0.2776047652987463,39.45926966970354,185,abrupt,0.0,0
37,127,0.48716263814730826,0.37511339448301784,39.00282469265811,184,abrupt,0.0,0
37,128,0.5614556089684262,0.32900207025238853,40.36664221572206,183,abrupt,0.0,0
37,129,0.7337082699559331,0.3891866647036452,41.66523769054688,182,abrupt,0.0,0
37,130,0.5998530752842088,0.32803203182169954,43.48718821095822,181,abrupt,0.0,0
37,131,0.7898991354558876,0.3789930088095302,43.68706524513556,180,abrupt,0.0,0
37,132,0.3,0.32560048594595,38.852975285021635,179,abrupt,0.0,0
37,133,0.5242582588663387,0.31858729813035414,41.71225976684571,178,abrupt,0.0,0
37,134,0.6362354869984493,0.39313073965961814,40.62383994007205,177,abrupt,0.0,0
37,135,0.4260218921338252,0.34516400834629174,38.28969499902299,176,abrupt,0.0,0
37,136,0.4264499107576719,0.3195251247209207,39.91039174282814,175,abrupt,0.0,0
37,137,0.5736476771705019,0.3211955447221211,40.08126013858959,174,abrupt,0.0,0
37,138,0.3881200666906135,0.3091478660089086,37.739533153506954,173,abrupt,0.0,0
37,139,0.63123534952729,0.3436456330922469,41.589890746652856,172,abrupt,0.0,0
37,140,0.6424205236538612,0.4060031182464336,42.95981891435202,171,abrupt,0.0,0
37,141,0.6337915082933675,0.37691986127756505,40.643024362947195,170,abrupt,0.0,0
37,142,0.6030623316737097,0.299985350795349,41.213072828666235,169,abrupt,0.0,0
37,143,0.5940339303561796,0.34398521961821316,40.6055954077237,168,abrupt,0.0,0
37,144,0.4378886446339222,0.30543047720566685,39.35833315129944,167,abrupt,0.0,0
37,145,0.5715352698827162,0.3288271471396324,40.51208394299457,166,abrupt,0.0,0
37,146,0.6265358247849152,0.36146277919437536,41.71330915021912,165,abrupt,0.0,0
37,147,0.31689735874673947,0.3004941559663021,37.784013106089425,164,abrupt,0.0,0
37,148,0.7007901837733685,0.3222721232528983,42.77716611038581,163,abrupt,0.0,0
37,149,0.5725319932794646,0.3613528086240987,,162,abrupt,0.0,0
37,150,0.6795426120149878,0.3820133976878667,41.88351185989681,161,abrupt,0.0,0
37,151,0.6390974114139643,0.34008445436623475,44.24269917210924,160,abrupt,0.0,0
37,152,0.5792648984278128,0.32507667333369683,39.78722991084854,159,abrupt,0.0,0
37,153,0.6371459538759002,0.37144550334954674,43.02915279492558,158,abrupt,0.0,0
37,154,0.6611454831225481,0.4175263939218203,44.70207472443516,157,abrupt,0.0,0
37,155,0.7587348221693359,0.3729738639781375,43.07119389584334,156,abrupt,0.0,0
37,156,0.8463864033837989,0.435837819753509,43.48605490977636,155,abrupt,0.0,0
37,157,0.8671028710698688,0.34388583848098214,44.67520088171835,154,abrupt,0.0,0
37,158,0.6868654644901487,0.3609638157612699,42.698647636848,153,abrupt,0.0,0
37,159,0.84361447549819,0.3599536554494842,43.7144534166262,152,abrupt,0.0,0
37,160,0.7984756291433273,0.39506566156472395,44.4286656284044,151,abrupt,0.0,0
37,161,0.6950454898600403,0.35438204153678604,42.18120375662274,150,abrupt,0.0,0
37,162,0.8450732628784345,,43.302409774530794,149,abrupt,0.0,0
37,163,0.8377960282357729,0.38419576802319644,,148,abrupt,0.0,0
37,164,0.8817353897144348,0.43777085575804214,45.02260815465758,147,abrupt,0.0,0
37,165,0.7404096433288159,0.3582990385612044,43.60906652763012,146,abrupt,0.0,0
37,166,0.8253760496810338,0.3639581707962068,42.69252747298067,145,abrupt,0.0,0
37,167,0.7703712609634854,0.4021450982500308,44.42912705934917,144,abrupt,0.0,0
37,168,0.8515041377766372,0.34786209889296693,44.59426673819876,143,abrupt,0.0,0
37,169,0.8055310518165464,0.3635288953296567,45.06051087248203,142,abrupt,0.0,0
37,170,0.7771457523916958,0.39012904237836965,43.1201924721866,141,abrupt,0.0,0
37,171,0.8572545826095865,0.3110599002601445,45.45544307656895,140,abrupt,0.0,0
37,172,0.8349064958758375,0.3688615602189618,43.47347825954071,139,abrupt,0.0,0
37,173,0.9975312798361435,0.3885306917105719,46.72104187155345,138,abrupt,0.0,0
37,174,0.7485281803363941,0.31946822213364473,43.34357478946284,137,abrupt,0.0,0
37,175,0.8526793194109118,0.46876953443521874,44.341410800025436,136,abrupt,0.0,0
37,176,0.8425645140024196,0.4237247872625379,46.356474146102585,135,abrupt,0.0,0
37,177,0.9133003346176384,0.42759860897869534,45.11861285713106,134,abrupt,0.0,0
37,178,0.7694422930140115,0.3685846897434826,44.43361664596969,133,abrupt,0.0,0
37,179,0.8157009628496699,0.3850560612389186,42.50316577671627,132,abrupt,0.0,0
37,180,0.6654066447769403,0.3734021202019522,42.0907053061147,131,abrupt,0.0,0
37,181,0.7753545018491748,0.371011921196097,43.36379498463322,130,abrupt,0.0,0
37,182,0.8691445513806761,0.41528342622701037,44.18447294001409,129,abrupt,0.0,0
37,183,0.7979735893617175,0.37239696405845374,,128,abrupt,0.0,0
37,184,0.8241069066816528,0.4390867249269037,45.072574960844534,127,abrupt,0.0,0
37,185,0.5928377860906976,0.28512679150835524,41.91072499227341,126,abrupt,0.0,0
37,186,0.6744054486615948,0.3711628859385488,43.68630113860445,125,abrupt,0.0,0
37,187,0.8103300938873363,0.40176976985569957,44.41404664087947,124,abrupt,0.0,0
37,188,0.7910256771343296,0.337682017117337,43.16101216980455,123,abrupt,0.0,0
37,189,0.6950910850793545,0.34144062313989393,42.797516940611544,122,abrupt,0.0,0
37,190,0.6504123919593083,0.3515941135595142,42.33641173818333,121,abrupt,0.0,0
37,191,0.7807046475355082,,44.441389158665615,120,abrupt,0.0,0
37,192,0.7272569784610379,0.35826357201946935,41.78772851429106,119,abrupt,0.0,0
37,193,0.6958383390847945,0.38127135395870315,42.5255322486556,118,abrupt,0.0,0
37,194,0.6540785818893914,0.3358843533639649,43.08846958431513,117,abrupt,0.0,0
37,195,0.5465284629684106,0.3553249699240739,,116,abrupt,0.0,0
37,196,0.6998787563895834,0.39388121658235503,43.783750626716575,115,abrupt,0.0,0
37,197,0.6122972387629644,0.3733842088053446,40.18984963911472,114,abrupt,0.0,0
37,198,0.5211099760090032,0.34491669895384275,42.36329130742191,113,abrupt,0.0,0
37,199,0.5246285825641449,0.27603807033464567,41.89391363771385,112,abrupt,0.0,0
37,200,0.5107837808364786,0.24839838788556537,41.59716106051256,111,abrupt,0.0,0
37,201,0.5167206331466443,0.3081095566358878,40.987738913163874,110,abrupt,0.0,0
37,202,0.3979113874917715,0.34074507452775016,39.839526931216845,109,abrupt,0.0,0
37,203,0.5537352262647753,0.31448642055893233,41.91865021108041,108,abrupt,0.0,0
37,204,0.613513766804751,0.33784047400037115,42.47676267738228,107,abrupt,0.0,0
37,205,0.5700095860993861,0.30696100861670567,39.3030382598668,106,abrupt,0.0,0
37,206,0.37596178804336516,0.25087041993514736,39.579966699731884,105,abrupt,0.0,0
37,207,0.6668121994103298,0.3616928930399729,40.597039760237514,104,abrupt,0.0,0
37,208,0.5434290256664465,0.35585117533907973,40.915338575475744,103,abrupt,0.0,0
37,209,0.6213882645913081,0.33965554687532906,44.15866181986693,102,abrupt,0.0,0
37,210,0.4286644049808756,0.3179430646706974,39.83143681055968,101,abrupt,0.0,0
37,211,0.5946667349810988,0.3233233640807013,41.7715640922012,100,abrupt,0.0,0
37,212,0.45600391223649983,0.30856641394439605,39.261749235759204,99,abrupt,0.0,0
37,213,0.7352267935151147,0.3499308106711886,43.63110682334932,98,abrupt,0.0,0
37,214,0.4836481495154725,0.2974960584278729,40.97638938082966,97,abrupt,0.0,0
37,215,0.7028870117924526,0.3589566537698579,44.982494501880616,96,abrupt,0.0,0
37,216,0.43722953763413,0.3036268541921273,40.29731563161431,95,abrupt,0.0,0
37,217,0.7153610012727434,0.3772307978218266,45.98697976607976,94,abrupt,0.0,0
37,218,0.5429752506005894,0.34010575877245086,40.348978898899894,93,abrupt,0.0,0
37,219,0.7320469589193477,0.3651353369578981,43.867970840729804,92,abrupt,0.0,0
37,220,0.6147809001469876,0.2819250343567684,42.72168548509786,91,abrupt,0.0,0
37,221,0.6771155848181999,0.38747585022325837,41.126131325153,90,abrupt,0.0,0
37,222,0.35475739770962217,0.2615324388115725,38.04418098318152,89,abrupt,0.0,0
37,223,0.5119961255715211,0.29768271737178387,40.543311853077654,88,abrupt,0.0,0
37,224,0.47364760725005095,0.2842492028685681,41.13733294871565,87,abrupt,0.0,0
37,225,0.6432311391822074,0.3439026409732739,41.95635734008656,86,abrupt,0.0,0
37,226,0.5675396904742175,0.35088220605732867,42.28796522169949,85,abrupt,0.0,0
37,227,0.9656769339912403,0.41204670586307607,47.199179710696995,84,abrupt,0.0,0
37,228,0.5633386535614359,0.29709702134426713,39.50986476448945,83,abrupt,0.0,0
37,229,0.7914898724604069,0.40944203949257063,44.00260095754423,82,abrupt,0.0,0
37,230,0.6227720882788486,0.28439292482079737,43.17507462859102,81,abrupt,0.0,0
37,231,0.8608875043991129,0.3975571985542749,45.79912443723477,80,abrupt,0.0,0
37,232,0.6785635454935394,0.31920530811202846,41.182305246553945,79,abrupt,0.0,0
37,233,0.7791599183836999,0.3833354649524183,42.48561361518003,78,abrupt,0.0,0
37,234,0.7584500265299383,0.33724137070384086,44.18193530357105,77,abrupt,0.0,0
37,235,0.8146007997395868,0.39349347163087045,43.29905180605016,76,abrupt,0.0,0
37,236,0.8361653120594494,0.40831700424409023,44.24504426827873,75,abrupt,0.0,0
37,237,0.7195536243242545,0.416485718536784,42.74039971252921,74,abrupt,0.0,0
37,238,0.7813417648213729,0.4191126478039411,43.851611276932104,73,abrupt,0.0,0
37,239,0.8693854769022525,0.40367156145139016,46.03734040653526,72,abrupt,0.0,0
37,240,0.9023971514437553,0.41609974072352357,44.35683215304574,71,abrupt,0.0,0
37,241,0.9004471554926748,0.37338229531288225,46.2678000316946,70,abrupt,0.0,0
37,242,0.7653778472166218,0.34012577541877637,43.713061949967354,69,abrupt,0.0,0
37,243,0.7934419891428398,0.39075769294863233,44.60255018077172,68,abrupt,0.0,0
37,244,1.2,0.49699973537941067,50.878423276893514,67,abrupt,0.0,0
37,245,0.7279369661545984,0.3854066632614898,44.65046401864212,66,abrupt,0.0,0
37,246,0.9283179355493483,0.416560019324822,47.32679887823698,65,abrupt,0.0,0
37,247,0.8675121487519012,0.3959705428735481,45.4045368644565,64,abrupt,0.0,0
37,248,0.9493852875312772,0.38747922210518027,47.040367527961,63,abrupt,0.0,0
37,249,1.0504674386869526,0.42724924261249037,47.30639984784993,62,abrupt,0.0,0
37,250,0.7430589465802907,0.4244112268152522,43.85180645151801,61,abrupt,0.0,0
37,251,0.828163362772304,0.36423317136181377,42.58942680402052,60,abrupt,0.0,0
37,252,0.8053019426910522,0.4080075965427129,43.99325445593446,59,abrupt,0.0,0
37,253,0.893453371705835,0.38071266171745527,45.75577529390652,58,abrupt,0.0,0
37,254,0.7561226951809469,0.34818347441431746,45.25543829801789,57,abrupt,0.0,0
37,255,0.7701245409969546,0.3992471490619892,44.57459984256013,56,abrupt,0.0,0
37,256,0.5853206535221191,0.33555539427349595,42.14123507563505,55,abrupt,0.0,0
37,257,0.8158163738855708,0.34184791565891276,44.277603728694565,54,abrupt,0.0,0
37,258,0.8893713608307593,0.4226533222781765,46.519237880160446,53,abrupt,0.0,0
37,259,0.70012871570338,0.33780843287134815,43.795087192833975,52,abrupt,0.0,0
37,260,0.6042061901766116,0.3035742207392665,43.28814000900227,51,abrupt,0.0,0
37,261,0.7748883107727119,0.3873452599093541,43.9855269049736,50,abrupt,0.0,0
37,262,0.8082778175277564,0.36771021603532106,45.79621087732832,49,abrupt,0.0,0
37,263,0.6862894047459608,0.3733253256682693,43.58488088378997,48,abrupt,0.0,0
37,264,0.5670093012919959,0.3135730114465829,42.264027730361796,47,abrupt,0.0,0
37,265,0.6477519031231622,0.33586315800480204,41.94186001549365,46,abrupt,0.0,0
37,266,0.9152608667891722,0.3856693878511121,46.78587568764489,45,abrupt,0.0,0
37,267,0.60266231158632,0.35578850991453964,42.84603164938269,44,abrupt,0.0,0
37,268,0.750769662207143,0.4286580274101079,43.29259960911324,43,abrupt,0.0,0
37,269,0.733459667887782,0.37468363120055664,43.10504762545814,42,abrupt,0.0,0
37,270,0.7381785205373125,0.37513046746968925,44.80975536930597,41,abrupt,0.0,0
37,271,0.6433775064582967,0.3619191487611084,42.51934467188093,40,abrupt,0.0,0
37,272,0.7329671421936299,0.335842626595264,45.41069917395008,39,abrupt,0.0,0
37,273,0.6737002664718768,0.3104460468200013,44.24005537846208,38,abrupt,0.0,0
37,274,0.5344685539539888,0.32597722753249936,41.277245181617374,37,abrupt,0.0,0
37,275,0.7452301957649728,0.34423121121175115,44.87573442285207,36,abrupt,0.0,0
37,276,0.6188920226610808,0.3341024632990501,41.7042490327768,35,abrupt,0.0,0
37,277,0.5281160433035339,0.3162768162244424,40.999583036818066,34,abrupt,0.0,0
37,278,0.36919367280835214,0.2874687365478716,39.53883233638539,33,abrupt,0.0,0
37,279,0.5968717165395008,0.28007049605729706,41.76728778169969,32,abrupt,0.0,0
37,280,0.6995247302022906,0.3604291305357819,43.83615953204679,31,abrupt,0.0,0
37,281,0.7477906631888466,0.3688897103028998,45.47368898776443,30,abrupt,0.0,0
37,282,0.4211353653159364,0.3129766575804226,40.22926360553885,29,abrupt,0.0,0
37,283,0.4728316796430423,0.31137002996312496,40.46993733113466,28,abrupt,0.0,0
37,284,0.48160513443742975,0.2483616992569912,,27,abrupt,0.0,0
37,285,0.6292256474893797,0.29973403776217794,43.3356582767483,26,abrupt,0.0,0
37,286,0.6006973139285948,,43.21184788308167,25,abrupt,0.0,0
37,287,0.41476544922797365,0.3302975766432835,38.98617948752516,24,abrupt,0.0,0
37,288,0.7420945508850191,0.3920346503808726,44.73915277574845,23,abrupt,0.0,0
37,289,0.4568408531832528,0.3082916504126588,41.51206253125041,22,abrupt,0.0,0
37,290,0.6106850970297354,0.3316507077926876,43.919271408310365,21,abrupt,0.0,0
37,291,0.41913435694996404,0.26670817285288917,41.40197854493759,20,abrupt,0.0,1
37,292,0.49523387423927046,0.28001780238258933,40.236170916650266,19,abrupt,0.0,1
37,293,0.7384185016800728,0.39945445935591406,43.523639137654826,18,abrupt,0.0,1
37,294,0.4604112297402041,0.2808318995403569,41.26604553603734,17,abrupt,0.0,1
37,295,0.4554786937447091,0.25005474625803853,39.83778016448102,16,abrupt,0.0,1
37,296,0.6390806130252444,0.3680778798103137,42.72866510998446,15,abrupt,0.0,1
37,297,0.48798829860465237,0.2849990835212517,38.444171175676296,14,abrupt,0.0,1
37,298,0.668584977273724,0.357683898660101,42.94777557447259,13,abrupt,0.0,1
37,299,0.5912437857127616,0.3491424618906722,42.0161219894119,12,abrupt,0.0,1
37,300,0.5122898765833654,0.31793745807703183,42.88239927015249,11,abrupt,0.0,1
37,301,0.6701584854561998,0.3622190189918305,43.455216202402106,10,abrupt,0.0,1
37,302,0.6736427509113796,0.3575342297257526,43.12675691888477,9,abrupt,0.0,1
37,303,0.6504917192366557,0.5740199975115807,44.972869224824535,8,abrupt,0.11957270666493239,1
37,304,0.7337341308730577,0.698294539315228,49.42949585622975,7,abrupt,0.22661699534549673,1
37,305,0.5383085514292316,0.8258658424119258,50.234222859377596,6,abrupt,0.3293922743517039,1
37,306,0.6566353610331523,0.9959150088222769,55.045130882287964,5,abrupt,0.4294898393772169,1
37,307,0.9069817520015296,1.1957588838035247,60.34447336564743,4,abrupt,0.5276422736195655,1
37,308,0.6954760591830184,1.3091085738394979,62.97839095871696,3,abrupt,0.6242719562481426,1
37,309,0.7859197538273438,1.4157310694250362,63.80976708355842,2,abrupt,0.7196534277166399,1
37,310,0.7461702328295563,1.6063675001347957,67.3716266671355,1,abrupt,0.8139792068421012,1
37,311,0.608739035388181,1.7135585935168085,68.38439862333911,0,abrupt,0.9073916065697644,1
38,0,0.6982948697359642,0.32107274227664145,34.987072260186196,255,gradual,0.0,0
38,1,0.852354006491379,0.3782407216883231,38.340374484154054,254,gradual,0.0,0
38,2,0.801383352434299,0.40322447321604976,36.312440514532675,253,gradual,0.0,0
38,3,1.0181967159454077,0.44021422377645025,40.61820880876919,252,gradual,0.0,0
38,4,0.5828574390779209,0.29239927260188125,35.3260620171516,251,gradual,0.0,0
38,5,0.82907086246979,0.3854282386844578,35.83929096579069,250,gradual,0.0,0
38,6,1.0110470931705857,0.4567964821972123,38.176368107963995,249,gradual,0.0,0
38,7,0.9787819478487026,0.4393939553524127,37.78527128934038,248,gradual,0.0,0
38,8,0.9921363310189532,0.3716850956332747,37.81021695632207,247,gradual,0.0,0
38,9,0.8634763631912834,0.3878532096947187,36.78104591478156,246,gradual,0.0,0
38,10,0.9318741635308774,0.447911754959042,38.303478889097676,245,gradual,0.0,0
38,11,0.8250560404837812,0.423760740390327,35.636481217378,244,gradual,0.0,0
38,12,0.7870411878191129,0.4141421533034923,35.58022349820619,243,gradual,0.0,0
38,13,0.7378767318491237,0.3857161151855672,35.31328994313895,242,gradual,0.0,0
38,14,0.634939502633466,0.3547896477932712,34.874480393457134,241,gradual,0.0,0
38,15,0.7658270173892823,0.36647878287044156,35.61891693932992,240,gradual,0.0,0
38,16,0.5583211191816906,0.36994447812111697,33.0689515989218,239,gradual,0.0,0
38,17,0.8292593667010255,0.4014507127760632,36.29208283509521,238,gradual,0.0,0
38,18,0.6291598667058759,0.3322859719322162,33.44156895846181,237,gradual,0.0,0
38,19,0.6043285509573043,0.3375511107878834,32.598610136774774,236,gradual,0.0,0
38,20,0.7216438134891678,0.4208606596288271,34.6367270691977,235,gradual,0.0,0
38,21,0.6374637446610097,0.3431630822911267,33.62494686500722,234,gradual,0.0,0
38,22,0.6639884793624226,0.3883488526069691,35.9778353434512,233,gradual,0.0,0
38,23,0.7255163096517266,0.3637528041990979,,232,gradual,0.0,0
38,24,0.600652694351394,0.3758518307717735,32.72734619108744,231,gradual,0.0,0
38,25,0.7448967270226796,0.3778451694147219,37.0293945916927,230,gradual,0.0,0
38,26,0.5308875792366268,0.3437718786932164,33.06947260293342,229,gradual,0.0,0
38,27,0.3535772119732876,0.3318521941668957,30.69061266411277,228,gradual,0.0,0
38,28,0.6572670180216814,0.4012417187524466,34.253354249704174,227,gradual,0.0,0
38,29,0.6529746474416438,0.40270206676263753,33.26017444209152,226,gradual,0.0,0
38,30,0.6914544224710265,0.44770919979897367,34.2651154191274,225,gradual,0.0,0
38,31,0.858173780615945,0.4087986317195062,37.07625447207721,224,gradual,0.0,0
38,32,0.614566871705393,0.3767871180605187,32.7876971405006,223,gradual,0.0,0
38,33,0.7270065749384795,0.40792772970126334,35.06683247180214,222,gradual,0.0,0
38,34,0.7878809394578934,0.41792019713154194,36.78175209367939,221,gradual,0.0,0
38,35,0.7278706825955187,0.37947469410716667,35.01419851866407,220,gradual,0.0,0
38,36,0.8927848935092361,0.3582206149611546,36.75552065734627,219,gradual,0.0,0
38,37,0.9087363143325761,0.38513959758872524,37.49563068384835,218,gradual,0.0,0
38,38,0.8405019741542834,0.4201481516840893,36.730108742155466,217,gradual,0.0,0
38,39,0.7620743359011422,0.369413608951559,36.32202074990447,216,gradual,0.0,0
38,40,0.827353524930434,0.40684241605265986,37.681104354741684,215,gradual,0.0,0
38,41,0.6924083135775455,0.3957036505334207,34.174867641528714,214,gradual,0.0,0
38,42,0.811135431625508,0.39412712274871464,35.62206360238926,213,gradual,0.0,0
38,43,0.5718848842237028,0.41254822955281695,33.76297845317127,212,gradual,0.0,0
38,44,0.7646033563566453,0.4072690046838738,36.5659137420799,211,gradual,0.0,0
38,45,0.8200250047574773,0.4158832957874774,35.87836542141293,210,gradual,0.0,0
38,46,0.7849845115599432,0.41901629577740945,34.65477812426118,209,gradual,0.0,0
38,47,0.8183071649287084,0.38931045882511056,36.74024184172698,208,gradual,0.0,0
38,48,0.7986708366233093,0.3974617888286207,35.18879927212289,207,gradual,0.0,0
38,49,0.6398952216624766,0.35178665394873593,33.56845858636104,206,gradual,0.0,0
38,50,0.5703336652795395,0.35346615865286635,33.88871381126311,205,gradual,0.0,0
38,51,0.5501910427060996,0.3489654836927784,32.55292413519876,204,gradual,0.0,0
38,52,0.5547124840706645,0.3966693090521997,33.549381511411234,203,gradual,0.0,0
38,53,0.6219261218684116,0.3363048448655577,32.61892058388202,202,gradual,0.0,0
38,54,0.5912254222067155,0.4068790823217078,35.58810561768419,201,gradual,0.0,0
38,55,0.6419925609841654,0.36156830137278906,34.986675985953646,200,gradual,0.0,0
38,56,0.46210858887736783,0.3313412992004131,31.198166667888046,199,gradual,0.0,0
38,57,0.5218130381322361,0.35680969737336,32.16583925535868,198,gradual,0.0,0
38,58,0.55507093923958,0.32271465360773804,33.77223480297578,197,gradual,0.0,0
38,59,0.4957634891859621,0.3557820488652151,32.47367533133988,196,gradual,0.0,0
38,60,0.6941174535706155,0.3682128104956087,34.63770274301525,195,gradual,0.0,0
38,61,0.7070177719644807,0.3355117791127754,33.57026270360264,194,gradual,0.0,0
38,62,0.6665891274248485,0.3901788076804901,35.110178007946175,193,gradual,0.0,0
38,63,0.6385981460483823,0.42887465011596787,33.063295182078235,192,gradual,0.0,0
38,64,0.6718045427003844,0.33208054235553197,33.79365005681212,191,gradual,0.0,0
38,65,0.714815595208098,0.3616422684029574,36.29912888573374,190,gradual,0.0,0
38,66,0.586055025728285,0.3339520118873128,32.29990294190533,189,gradual,0.0,0
38,67,0.7252765137930675,0.4061782175453714,33.56567534193801,188,gradual,0.0,0
38,68,0.7101959266689901,0.39027869911525503,32.92600522034652,187,gradual,0.0,0
38,69,0.8409316003159667,0.43488898178292046,35.97803742432961,186,gradual,0.0,0
38,70,0.8886550174294651,0.451354598120311,37.46847520491203,185,gradual,0.0,0
38,71,0.767234989933532,0.4178986114845314,34.71036842092417,184,gradual,0.0,0
38,72,0.7810522176275967,0.4103782608464783,36.41626013785084,183,gradual,0.0,0
38,73,0.7668742188374463,0.4332418026645099,34.962152380656235,182,gradual,0.0,0
38,74,0.891013982480376,0.4275993028449783,37.994528947705966,181,gradual,0.0,0
38,75,0.7306589253873859,0.3817741061285122,34.01776588567806,180,gradual,0.0,0
38,76,0.7766337424529371,0.4278581398794956,36.01550616370087,179,gradual,0.0,0
38,77,0.606066442362478,0.3536101291051115,33.5408251615153,178,gradual,0.0,0
38,78,0.708624073279664,0.3691614663440595,35.24453946940035,177,gradual,0.0,0
38,79,0.8309337497181251,0.42007973130875886,34.984823218140555,176,gradual,0.0,0
38,80,0.7889488644995499,0.44888643669167694,36.391901762820936,175,gradual,0.0,0
38,81,0.5755232793493485,0.35400048033849496,34.64410522531735,174,gradual,0.0,0
38,82,0.48239490464728796,0.3373063155183189,31.46093244855668,173,gradual,0.0,0
38,83,0.5226329110351059,0.3305144183302971,32.8633727738092,172,gradual,0.0,0
38,84,0.4633546153496588,0.33985527723699266,31.860836476384144,171,gradual,0.0,0
38,85,0.43913030212190796,0.31386571256635387,30.40039632016685,170,gradual,0.0,0
38,86,0.6225543640755021,0.39117378447969675,33.11715226696809,169,gradual,0.0,0
38,87,0.6760460355211496,0.32070016101850324,32.72468208842179,168,gradual,0.0,0
38,88,0.6039062913724934,0.3931728762390758,34.06883707539348,167,gradual,0.0,0
38,89,0.578334547132147,0.36105829582498233,35.71926883681335,166,gradual,0.0,0
38,90,0.6052056350805705,0.38450513107368156,33.62931368898275,165,gradual,0.0,0
38,91,0.3866539466343434,0.35568724553436776,30.565120756593107,164,gradual,0.0,0
38,92,0.683954859009243,0.4288400995408074,35.985349919596324,163,gradual,0.0,0
38,93,0.8140377301948009,0.39994795051074145,36.596802153381844,162,gradual,0.0,0
38,94,0.5099782153602552,0.32184521510512465,32.897644373551174,161,gradual,0.0,0
38,95,0.578912730295003,0.3023685734136408,32.898565245301974,160,gradual,0.0,0
38,96,0.6113773567152625,0.3205459945412394,34.0483380149266,159,gradual,0.0,0
38,97,0.7439023872745856,0.3810286904225931,36.17018517677954,158,gradual,0.0,0
38,98,0.6271133005122922,0.3824826303841321,32.78833629772735,157,gradual,0.0,0
38,99,0.7509593848523695,0.4127562133253595,36.908206358962026,156,gradual,0.0,0
38,100,0.774583476279073,0.4015541333835724,36.40159373287121,155,gradual,0.0,0
38,101,0.8635808301344515,0.4442239530242042,36.576392817043796,154,gradual,0.0,0
38,102,1.0300111298404773,0.4953239822892896,39.82181910604437,153,gradual,0.0,0
38,103,0.5837767800513711,0.3445122842927254,33.893445900651734,152,gradual,0.0,0
38,104,0.8087766441761945,0.46008666403403103,34.29235278367619,151,gradual,0.0,0
38,105,0.9748964250908343,0.39784736993645514,38.15595691842837,150,gradual,0.0,0
38,106,0.7273051397854831,0.36987038006056966,34.94245860769241,149,gradual,0.0,0
38,107,0.8538290809488548,0.4045650811971478,36.017259255174885,148,gradual,0.0,0
38,108,0.6785471389892361,0.33945894482962224,36.7141481785323,147,gradual,0.0,0
38,109,0.608952546581468,0.3399210902245599,33.41746851565723,146,gradual,0.0,0
38,110,0.7850141556068387,0.39709306614369433,36.532820637981246,145,gradual,0.0,0
38,111,0.6055281707539232,0.3377927213441361,34.881212205570776,144,gradual,0.0,0
38,112,0.6527052799119182,0.40475776581713796,34.15066941049129,143,gradual,0.0,0
38,113,0.6419077447951357,0.3768134127115989,33.37688469503502,142,gradual,0.0,0
38,114,0.7317992588302513,0.3978048936262615,37.082260250551954,141,gradual,0.0,0
38,115,0.7041334423748916,0.36078439480055025,34.861579697934054,140,gradual,0.0,0
38,116,0.6450427900679341,0.35664704537755804,35.48246031939768,139,gradual,0.0,0
38,117,0.5652929748865696,0.36385228697818733,32.9839383870961,138,gradual,0.0,0
38,118,0.71131836223779,0.34696030602103056,33.65196026370465,137,gradual,0.0,0
38,119,0.4839871176799828,0.371140173820038,34.774413208419155,136,gradual,0.0,0
38,120,0.715384725982411,0.3773511104983244,35.21263319029318,135,gradual,0.0,0
38,121,0.5350350497256712,0.3203083114848385,34.94141992866389,134,gradual,0.0,0
38,122,0.5191052141605424,0.33034080136064126,,133,gradual,0.0,0
38,123,0.6427739921133209,0.3883205725488481,34.29400597846135,132,gradual,0.0,0
38,124,0.5793742861523669,0.34078384913124493,35.28712014323253,131,gradual,0.0,0
38,125,0.7221894631494996,0.39901140214665975,36.433740840058654,130,gradual,0.0,0
38,126,0.6280421388913564,0.4332587439404197,33.54423802854925,129,gradual,0.0,0
38,127,0.607587912634309,0.38949155521391504,33.82906668513215,128,gradual,0.0,0
38,128,0.7356907727777435,0.3579095155800108,35.124168022032784,127,gradual,0.0,0
38,129,0.7970420833860107,0.3814425521122264,34.799024008307555,126,gradual,0.0,0
38,130,0.8384227945525851,0.4258768472154565,35.800309625478775,125,gradual,0.0,0
38,131,0.8360738669705787,0.3843065073102522,36.049917536945685,124,gradual,0.0,0
38,132,0.8400453770542393,0.4215278045191136,38.136427527448056,123,gradual,0.0,0
38,133,0.9432582943789513,0.44116647673886344,37.83363766658751,122,gradual,0.0,0
38,134,0.9992209206442935,0.4211365034661983,39.57292327404192,121,gradual,0.0,0
38,135,0.9475442159281088,0.45097247867427104,39.66746493175291,120,gradual,0.0,0
38,136,0.8877907791049436,0.43806361961096274,36.746223490022146,119,gradual,0.0,0
38,137,0.7237670710680004,0.36323592991590054,36.853663059662985,118,gradual,0.0,0
38,138,0.7499438519716083,0.40267760841285777,35.0718861287077,117,gradual,0.0,0
38,139,0.7495546581284415,0.41721097781710015,36.184127356012944,116,gradual,0.0,0
38,140,0.5950423843382703,0.33670005847361645,35.13982900311445,115,gradual,0.0,0
38,141,0.743076078623665,0.36111890081799647,35.88127572127511,114,gradual,0.0,0
38,142,0.8245531675898494,0.4055947978691103,35.98330757074968,113,gradual,0.0,0
38,143,0.6208924948223453,0.29836705016782206,35.32176299983223,112,gradual,0.0,0
38,144,0.8123796166746202,0.39727831641149725,35.14976522995963,111,gradual,0.0,0
38,145,0.569796924708985,0.3860243348272534,33.698792340226845,110,gradual,0.0,0
38,146,0.7213992145919457,0.3926096148259034,35.931346986506625,109,gradual,0.0,0
38,147,0.3,0.2693498120783284,29.611459438912696,108,gradual,0.0,0
38,148,0.644450295238789,0.39131451164004694,35.08598104482111,107,gradual,0.0,0
38,149,0.41368756190679656,0.32197269484040164,32.35396609892267,106,gradual,0.0,0
38,150,0.49946073949037795,0.35479209803746536,33.82232636519678,105,gradual,0.0,0
38,151,0.517311847263172,0.3523807863036694,33.80721299845962,104,gradual,0.0,0
38,152,0.7048689614319888,0.3746248005235212,35.37627346113727,103,gradual,0.0,0
38,153,0.6310946144146418,0.3879262101397377,34.59239793531893,102,gradual,0.0,0
38,154,0.6142553457269132,0.39163788257978477,32.94458387719552,101,gradual,0.0,0
38,155,0.5025312881512554,0.3683854622553434,31.610846364595833,100,gradual,0.0,0
38,156,0.7160452432003341,0.36653670988303577,36.07959838009621,99,gradual,0.0,0
38,157,0.5984659103310453,0.3295579649041387,31.711191549354663,98,gradual,0.0,0
38,158,0.41580148387176735,0.35972950548766597,33.081497329718225,97,gradual,0.0,0
38,159,0.6753622504266091,0.3257154753521024,34.32443099806688,96,gradual,0.0,0
38,160,0.6284900588601656,0.36246091415224596,33.59551476485627,95,gradual,0.0,0
38,161,0.6011301016482412,0.36287804820639197,34.046471185136156,94,gradual,0.0,0
38,162,0.8462028406900813,0.46683629234698815,36.8056178138802,93,gradual,0.0,0
38,163,0.7871531697203094,0.3878206409769745,36.78334903023977,92,gradual,0.0,0
38,164,0.9033502656606288,0.42709020996130165,37.98377763520229,91,gradual,0.0,0
38,165,0.7482539879071817,0.40306767979092706,36.5659370127505,90,gradual,6.353757853097935e-05,0
38,166,0.6414428885461535,0.40263765493009285,35.20740673327008,89,gradual,0.00030284461066045794,0
38,167,0.8806679921585971,0.41682691043444825,37.59608204172104,88,gradual,0.0007326737984995601,0
38,168,0.8640706075505109,0.3838033361967133,36.47178931301724,87,gradual,0.0013605317674377693,0
38,169,0.7558935847641068,0.3652206079148898,37.308754751219226,86,gradual,0.002191763776213608,0
38,170,0.6361743957452447,0.30819491962589624,32.990230765542044,85,gradual,0.0032305610924569642,0
38,171,0.7088179005425318,0.3773083585070527,33.47657588724575,84,gradual,0.004480387539145482,0
38,172,0.648433156231362,0.38343928599147575,34.100434468064115,83,gradual,0.005944203421832686,0
38,173,0.6600469993313652,0.4053414682892931,35.47576681383345,82,gradual,0.0076245985719566485,0
38,174,0.7105414957214088,,34.71737930985717,81,gradual,0.009523878167442806,0
38,175,0.6825727887038981,0.36679500137597776,34.5933235418929,80,gradual,0.01164412146327621,0
38,176,0.6412903181336761,0.407413471202107,33.72199439216891,79,gradual,0.013987223822249002,0
38,177,0.6289170528026231,0.36851657187315945,35.05579816031297,78,gradual,0.01655492786967748,0
38,178,0.6323826576035163,0.3482173593216755,33.03302161586407,77,gradual,0.019348847250415562,0
38,179,0.6060255972335804,0.42262042335636274,34.16063346670385,76,gradual,0.022370485173344053,0
38,180,0.5523810232179168,0.3817752085533245,35.541046493462815,75,gradual,0.025621249173974448,0
38,181,0.6260335050651831,0.31834889140934963,34.71775986260762,74,gradual,0.029102463064581495,0
38,182,0.6902558807526398,0.4291873926898271,36.296075772893026,73,gradual,0.03281537674816297,0
38,183,0.5197237553394775,0.4263940109733385,34.0935037326247,72,gradual,0.03676117437998312,0
38,184,0.6469219499406451,0.42711046897909344,36.078122104370046,71,gradual,0.04094098123032509,0
38,185,0.42566972202064934,0.4168815381512375,33.3184251414261,70,gradual,0.045355869511918605,0
38,186,0.6734824089511762,0.4742398889816114,34.13778442685828,69,gradual,0.05000686337166927,0
38,187,0.5790453486252669,0.3871419274835235,34.404311373047186,68,gradual,0.05489494320022786,0
38,188,0.7891521383483571,0.45399183534355675,38.71638554998841,67,gradual,0.06002104937908934,0
38,189,0.6168828518924842,0.4416257617925014,34.951973047655734,66,gradual,0.06538608555966179,0
38,190,0.7520873798869989,0.4845782701789049,39.05249257069077,65,gradual,0.0709909215496456,0
38,191,0.8739982341772876,0.5351878949631468,37.65173386394531,64,gradual,0.07683639586743189,0
38,192,0.6504285190330293,0.49973840066949754,34.7254701595764,63,gradual,0.08292331801388633,0
38,193,0.8580082347933236,0.5322931153182875,39.04081254583671,62,gradual,0.08925247050200336,0
38,194,0.7656042075062829,0.4943657906854014,36.92574699423839,61,gradual,0.09582461067788718,0
38,195,0.9473592625220315,0.580877663025209,40.80388951661907,60,gradual,0.1026404723609077,0
38,196,0.5618014456163205,0.5115142883451892,37.21460863964122,59,gradual,0.10970076732636655,0
38,197,0.7685537072026289,0.5379538271612273,37.762416695688366,58,gradual,0.11700618665034594,0
38,198,0.9789587242760442,0.6708705801501496,40.89572835250297,57,gradual,0.12455740193342238,0
38,199,0.7997501138121957,0.6470505555155303,38.861104180072616,56,gradual,0.1323550664174678,0
38,200,1.0294831470416819,0.6529215025116952,43.084537480470935,55,gradual,0.14039981600772417,0
38,201,0.7945176426741722,0.5833994855056208,38.8425149176928,54,gradual,0.14869227021064177,0
38,202,0.8037278657552047,0.6287672867523557,40.207202030388686,53,gradual,0.15723303299655458,0
38,203,0.7752500182221861,0.600314864979237,37.63583529736061,52,gradual,0.1660226935950694,0
38,204,0.7540885694974434,0.6453047964944788,40.863902209582974,51,gradual,0.17506182723003685,0
38,205,0.77175532125734,0.6612065290620642,40.028033698578895,50,gradual,0.18435099580011494,0
38,206,0.7083951721588473,0.6717474395596302,38.508177878515795,49,gradual,0.19389074851020174,0
38,207,0.37603719489577936,0.601438906489729,36.24781463931359,48,gradual,0.20368162245838872,0
38,208,0.6019351540554001,0.6573580128712382,37.8050606090426,47,gradual,0.21372414318254482,0
38,209,0.6135161893624995,0.7147633209423817,36.74500506451391,46,gradual,0.22401882517017552,0
38,210,0.4588576110053625,0.6693016010731868,38.240500439733125,45,gradual,0.23456617233479832,0
38,211,0.5369430673831783,0.686741408446392,38.401509040079695,44,gradual,0.24536667846172397,0
38,212,0.4162977750160256,0.7167342187147204,35.978856033268194,43,gradual,0.2564208276258258,0
38,213,0.5199510295522864,0.6909883345929516,38.94280175812026,42,gradual,0.267729094583613,0
38,214,0.42589451818241963,0.6956856022498832,38.00866180945433,41,gradual,0.2792919451416874,0
38,215,0.7051092300299153,0.8239395247369368,40.3960106595707,40,gradual,0.2911098365034568,0
38,216,0.5576430006876455,0.7609198395059588,39.12288815872546,39,gradual,0.30318321759579225,0
38,217,0.41929786871595753,0.7515535881526006,38.978936779362705,38,gradual,0.315512529377162,0
38,218,0.5644515325784817,0.8054438555420905,39.236949350431495,37,gradual,0.3280982051286222,0
38,219,0.5845091450054674,0.7877544407497256,39.039871740459056,36,gradual,0.34094067072892453,0
38,220,0.7582963465052723,0.8797621853755868,41.62691921497832,35,gradual,0.3540403449148828,0
38,221,0.6973978572023746,0.8815286658018245,41.63109563403681,34,gradual,0.36739763952804183,0
38,222,0.8319339430513735,0.9213735476899017,44.393451012401634,33,gradual,0.38101295974859756,0
38,223,0.8209968272373535,0.9948119060176686,46.25322508135617,32,gradual,0.3948867043174407,0
38,224,0.7665259504941202,0.9958936053869072,44.04444856885727,31,gradual,0.4090192657471188,0
38,225,0.9006488720947763,1.0461015260987332,47.50651175018554,30,gradual,0.42341103052244694,0
38,226,0.7967087611661856,1.0474724684844536,45.37103234722936,29,gradual,0.43806237929143965,0
38,227,0.8902880515369042,1.0196079861705947,46.18094229631709,28,gradual,0.45297368704718,0
38,228,0.822886986005266,1.0585791359864754,44.50951080115263,27,gradual,0.4681453233011941,0
38,229,0.7120811104444131,1.068400443150595,44.195734367179284,26,gradual,0.48357765224885796,0
38,230,0.9581124502584398,1.1133385730777847,48.015302112334396,25,gradual,0.49927103292731806,0
38,231,0.8006650538761092,1.0930183914400855,47.83982502101255,24,gradual,0.5152258193663763,0
38,232,0.6860554888130603,1.1601111998127718,45.085098976814145,23,gradual,0.5314423607327537,0
38,233,0.7969672374519252,,46.80027579988969,22,gradual,0.5479210014681146,0
38,234,0.5875235494353552,1.1488787596946486,44.52568045515801,21,gradual,0.5646620814212138,0
38,235,0.944669345304923,1.2928328893984902,49.80810633768856,20,gradual,0.5816659359744931,1
38,236,0.642480431266731,1.1937694010350461,46.09724577390264,19,gradual,0.5989328961654397,1
38,237,0.7271448611766645,1.2908108277522197,47.50804532464937,18,gradual,0.6164632888029895,1
38,238,0.7652260406745626,1.2228222164697085,47.176610554473534,17,gradual,0.6342574365792502,1
38,239,0.7297788564591103,1.283941183955095,45.52805361850342,16,gradual,0.6523156581767832,1
38,240,0.48075619509728273,1.2391735596441318,45.29897034422372,15,gradual,0.67063826837169,1
38,241,0.6983533726506886,1.374752569362228,47.92389207971539,14,gradual,0.6892255781327116,1
38,242,0.3382043732584673,1.2671142236285948,45.10283093244567,13,gradual,0.7080778947165488,1
38,243,0.397747719203854,1.3549563328452334,44.805842786450306,12,gradual,0.7271955217595972,1
38,244,0.8213202743416232,1.461007053530994,50.655617954124295,11,gradual,0.7465787593662687,1
38,245,0.42712008281227665,1.3788075625335223,45.72540280888271,10,gradual,0.7662279041940759,1
38,246,0.5231627533701441,1.468849689255702,48.114276235381915,9,gradual,0.7861432495356315,1
38,247,0.5951219869986568,1.4709287960693243,49.35660014653682,8,gradual,0.806325085397713,1
38,248,0.6951452992890861,1.4958737216318883,50.4462417374351,7,gradual,0.8267736985775318,1
38,249,0.525765622237462,1.515289753321019,49.55858339447683,6,gradual,0.8474893727363396,1
38,250,0.7272253527421779,1.6448208522114325,51.379904287176046,5,gradual,0.868472388470491,1
38,251,0.7766066731839683,1.700587211908462,53.67278559788339,4,gradual,0.8897230233800847,1
38,252,0.8294593555027293,1.6736854896482598,55.01203647250253,3,gradual,0.9112415521352886,1
38,253,0.9181572528255881,1.665940116260129,54.677199077199845,2,gradual,0.933028246540455,1
38,254,0.7144541120556758,1.690162242807662,56.86996087182979,1,gradual,0.9550833755961221,1
38,255,0.6552545445861293,1.7377929945109662,53.78187963917223,0,gradual,0.9774072055589964,1
39,0,0.6510901571430665,0.23599927439698903,43.29872259653695,248,gradual,0.0,0
39,1,0.7861347289746148,0.2130773290963536,45.27654853304842,247,gradual,0.0,0
39,2,0.6968204226367366,0.23271934945204734,43.583637065999355,246,gradual,0.0,0
39,3,0.9122162731266453,0.27493011706557857,46.92226863895013,245,gradual,0.0,0
39,4,0.7986264778491945,0.2617811735573411,46.13437727214056,244,gradual,0.0,0
39,5,0.6379745345324587,0.21353426067700584,42.30266150298063,243,gradual,0.0,0
39,6,0.6561543933576994,0.20486405803114427,43.89118077904332,242,gradual,0.0,0
39,7,0.636221107163142,0.24306421456229696,43.01339008309735,241,gradual,0.0,0
39,8,0.851060661200242,0.24759495073433735,45.573785193658054,240,gradual,0.0,0
39,9,0.7307735283132509,0.20711889890871513,43.47690845488557,239,gradual,0.0,0
39,10,0.8274881846918318,0.20720888311266947,45.45808639970592,238,gradual,0.0,0
39,11,0.7228547135015714,0.18629881193134037,45.39063406929535,237,gradual,0.0,0
39,12,0.9115331168576415,0.25732261372738846,46.0735186505982,236,gradual,0.0,0
39,13,0.8651722013787354,0.2121295438041162,45.96357134314526,235,gradual,0.0,0
39,14,1.0084833080883884,0.2769057798100584,47.154616963791746,234,gradual,0.0,0
39,15,0.8392913661700618,0.2625714427698265,44.82255346513703,233,gradual,0.0,0
39,16,0.7110682970652051,0.2308242028002358,44.71226234094998,232,gradual,0.0,0
39,17,0.6651384626182393,0.23130959595050302,44.135534916554924,231,gradual,0.0,0
39,18,0.9651689473328797,0.2775095009250508,49.388395010926494,230,gradual,0.0,0
39,19,0.8229222494424052,0.1990335605445887,45.56121143131338,229,gradual,0.0,0
39,20,0.9876323378473507,0.2424601351088552,47.303876497657946,228,gradual,0.0,0
39,21,0.5997895162339333,0.21214912954988818,41.92313777234374,227,gradual,0.0,0
39,22,0.7554250808378902,0.24129199163474482,42.74464404246445,226,gradual,0.0,0
39,23,0.8293010218658452,0.21999799301242942,44.241371685148465,225,gradual,0.0,0
39,24,0.9680037225125868,0.24330988869380812,45.633214661375035,224,gradual,0.0,0
39,25,0.7226486030045624,0.22089135675840638,45.11749100547323,223,gradual,0.0,0
39,26,0.7140886413133856,0.18463146191246557,45.79773353799302,222,gradual,0.0,0
39,27,0.7738680021530839,0.26276733378152206,44.87529066366533,221,gradual,0.0,0
39,28,0.6900001590269581,0.21020905545309637,42.865591004323605,220,gradual,0.0,0
39,29,0.7735368220788711,0.2635711577634678,46.21816891123288,219,gradual,0.0,0
39,30,0.7367991426101842,0.20770007202454868,45.500550507177806,218,gradual,0.0,0
39,31,0.730458240325271,,45.369599389470984,217,gradual,0.0,0
39,32,0.7733850896772163,0.20546424546385456,45.16516558876411,216,gradual,0.0,0
39,33,0.5185785959258573,0.20060890606720264,,215,gradual,0.0,0
39,34,0.6608838880187334,0.18767640073713046,43.33008739134982,214,gradual,0.0,0
39,35,0.7446545821299102,0.1828173918629994,44.83892684838673,213,gradual,0.0,0
39,36,0.8060047889231171,0.24979687630557887,44.273360371756574,212,gradual,0.0,0
39,37,0.6776515721605942,0.18608427571431424,42.46444509423062,211,gradual,0.0,0
39,38,0.5941518174066868,0.20653795433129038,44.05845547365769,210,gradual,0.0,0
39,39,0.5410252418031136,0.23723473015376947,41.18363858999425,209,gradual,0.0,0
39,40,0.533574847484529,0.1779012161185894,40.505997293920394,208,gradual,0.0,0
39,41,0.6349386175350146,0.2565947688326091,43.81575413103266,207,gradual,0.0,0
39,42,0.6586311178572857,0.18389386605927568,44.30445767260371,206,gradual,0.0,0
39,43,0.4263940962068033,0.18001721108788712,42.365972204300796,205,gradual,0.0,0
39,44,0.6374007948258164,0.21501041759220335,43.3319450459393,204,gradual,0.0,0
39,45,0.4821438131986263,0.18134708342593606,40.97910745709634,203,gradual,0.0,0
39,46,0.6238946652215984,0.23444537130428697,42.67526163230109,202,gradual,0.0,0
39,47,0.5292096060240483,0.22997270471656364,44.80089305410154,201,gradual,0.0,0
39,48,0.552677929183604,0.18487335598650706,43.38570033750066,200,gradual,0.0,0
39,49,0.6423314808177705,0.19997636945723488,44.278323762123094,199,gradual,0.0,0
39,50,0.5263964856748408,0.23407225729593872,42.13101013754509,198,gradual,0.0,0
39,51,0.5944584440608854,0.23486882611394605,43.255082440639036,197,gradual,0.0,0
39,52,0.4981546844288687,0.19388014761413885,41.25974147641738,196,gradual,0.0,0
39,53,0.53041530864767,0.23294491749817356,43.23300890490906,195,gradual,0.0,0
39,54,0.46881785266816267,0.2052748732621724,39.99945279351915,194,gradual,0.0,0
39,55,0.4976146987236253,,42.23018323115364,193,gradual,0.0,0
39,56,0.7567494833550924,0.18103476390429915,44.68987336442831,192,gradual,0.0,0
39,57,0.7139304125787569,0.19022852775303903,45.677844337831,191,gradual,0.0,0
39,58,0.5527324603412428,0.222603827699479,41.81888654826598,190,gradual,0.0,0
39,59,0.6438555746641627,0.18514359632177776,43.85932390187378,189,gradual,0.0,0
39,60,0.579574496069187,0.28047852358172964,42.677909322689224,188,gradual,0.0,0
39,61,0.6134801115722386,0.22265382904066366,43.516906555213986,187,gradual,0.0,0
39,62,0.6037247525042798,0.2024921712815581,41.02745182024337,186,gradual,0.0,0
39,63,0.5865623937581285,0.15419940992015113,42.76558174708148,185,gradual,0.0,0
39,64,0.7513105694232266,0.21954798668292613,45.77530892228582,184,gradual,0.0,0
39,65,0.5891171763490106,0.19185453109067174,41.401991754583,183,gradual,0.0,0
39,66,0.6944342679431951,0.2267094849026451,45.27929920594278,182,gradual,0.0,0
39,67,0.471256795970089,0.14555247494323387,40.34927615524908,181,gradual,0.0,0
39,68,0.6644549962853161,0.16867464275211275,42.99893841249922,180,gradual,0.0,0
39,69,0.8083753870371506,0.20148314934124023,46.20970930671556,179,gradual,0.0,0
39,70,0.7136405548312112,0.23505831044406345,45.13084662527117,178,gradual,0.0,0
39,71,0.7962306744000762,0.23330524868733685,46.03580570874314,177,gradual,0.0,0
39,72,0.961312053491244,0.26593623128685306,46.26769886355477,176,gradual,0.0,0
39,73,0.8861295842438506,0.24984526197634246,44.974847119206444,175,gradual,0.0,0
39,74,0.6868185713567121,0.22009971843946155,43.97759591071796,174,gradual,0.0,0
39,75,0.7699992846095025,0.2510701540097558,46.281553475172224,173,gradual,0.0,0
39,76,0.7550559251820335,0.21357157024419512,44.290893438287085,172,gradual,0.0,0
39,77,0.8754504825660083,0.19847739456883468,47.31496074240744,171,gradual,0.0,0
39,78,0.7269137227090916,0.18876456716059523,44.87604133284924,170,gradual,0.0,0
39,79,0.8639309655620296,0.24741324464449121,45.935684181594745,169,gradual,0.0,0
39,80,0.7534563122256701,0.22190447976159206,43.22860662618394,168,gradual,0.0,0
39,81,0.926629684179082,0.24749050678956672,47.539355135991734,167,gradual,0.0,0
39,82,0.8837755120323537,0.22527424550669775,45.34232207553158,166,gradual,0.0,0
39,83,0.8079132220165535,0.24480576786321717,44.20869203106875,165,gradual,0.0,0
39,84,0.9713307017905823,0.26976646106753327,47.46154347841133,164,gradual,0.0,0
39,85,0.7829136270052635,0.20795045557628286,45.37500477918094,163,gradual,0.0,0
39,86,0.7541758941731163,0.1749146995277343,44.5090395994808,162,gradual,0.0,0
39,87,0.806742789726164,0.254920244144703,46.17855562817388,161,gradual,0.0,0
39,88,0.9642900569222651,0.2418411379078002,48.30738130537321,160,gradual,0.0,0
39,89,0.8667219843107381,0.20094127835211226,46.88620786399039,159,gradual,0.0,0
39,90,0.8185215438839071,0.21580530497654343,46.08329756944839,158,gradual,0.0,0
39,91,0.8066617345582825,0.2030118882725638,44.81371786710208,157,gradual,0.0,0
39,92,0.815200346647388,0.24806799931282156,45.87716533438838,156,gradual,0.0,0
39,93,0.8362509230034783,0.2448721710807669,45.75676681417354,155,gradual,0.0,0
39,94,0.8828552993825209,0.23330003085507214,48.16348678461133,154,gradual,0.0,0
39,95,0.7028302826090289,0.24507088157360288,44.91033345118504,153,gradual,0.0,0
39,96,0.8516640451201845,0.20169436091731208,45.15901135099934,152,gradual,0.0,0
39,97,0.7020964642330091,0.2537073632897409,43.96155700909436,151,gradual,0.0,0
39,98,0.7374691109632493,0.2146382315769741,44.446633604197416,150,gradual,0.0,0
39,99,0.6856700042544499,0.18511809869615117,43.22050186675832,149,gradual,0.0,0
39,100,0.6597521753672196,0.23037874011251747,45.30233353824798,148,gradual,0.0,0
39,101,0.5794214000853078,0.1940290902666925,40.564446181955745,147,gradual,0.0,0
39,102,0.6431362485021392,0.2665050540554993,43.8202708420708,146,gradual,0.0,0
39,103,0.48872952115515256,0.16294488045044525,42.59134448726268,145,gradual,0.0,0
39,104,0.4326312823743513,0.18721421927699508,39.69204943650968,144,gradual,0.0,0
39,105,0.7865067227318026,0.2832730660116226,44.211306053448205,143,gradual,0.0,0
39,106,0.5042071458570869,0.21330529796708145,42.15330310904709,142,gradual,0.0,0
39,107,0.618078699633368,0.20689989552266422,43.08002312098957,141,gradual,0.0,0
39,108,0.5325144497185639,0.18098631391921943,40.391199587913476,140,gradual,0.0,0
39,109,0.5448870063805888,0.2013184830535857,43.2041266047507,139,gradual,0.0,0
39,110,0.5438693562467839,0.19239541996573897,41.12810275037403,138,gradual,0.0,0
39,111,0.6349806428120719,0.2099797425027107,44.50975265073999,137,gradual,0.0,0
39,112,0.537660570997748,0.18943906021437382,42.4947025488699,136,gradual,0.0,0
39,113,0.7506581391252083,0.20910888709270098,,135,gradual,0.0,0
39,114,0.6130532605568787,0.19585403359391845,44.03818062594629,134,gradual,0.0,0
39,115,0.42685848970550144,0.11169467207547765,41.67182059627119,133,gradual,0.0,0
39,116,0.7738243637198998,0.2374296275011958,44.134256159886185,132,gradual,0.0,0
39,117,0.6076107541459891,0.18631314992051556,42.16769795720886,131,gradual,0.0,0
39,118,0.611019267641434,0.22210657412014048,42.398298566789045,130,gradual,0.0,0
39,119,0.47287815252590837,0.19542142880022037,41.444541269257066,129,gradual,0.0,0
39,120,0.593202617720713,0.20854329153778478,41.849088764745524,128,gradual,0.0,0
39,121,0.3307565039360542,0.2466389354529991,41.19743174596047,127,gradual,0.0,0
39,122,0.7267700862592137,0.22817088401552676,45.622568615182686,126,gradual,0.0,0
39,123,0.524934449527291,0.17292548525079596,41.19867741125585,125,gradual,0.0,0
39,124,0.7442908332149666,0.26540503260291876,44.471867698831296,124,gradual,0.0,0
39,125,0.8132108460421621,0.24434976602516068,44.25870020871989,123,gradual,0.0,0
39,126,0.8226913006038332,0.2508412227871578,46.36830144584677,122,gradual,0.0,0
39,127,0.6818695057826606,0.2302441820834609,43.44388822766876,121,gradual,0.0,0
39,128,0.809033350228445,0.22633416248894223,45.99069624990381,120,gradual,0.0,0
39,129,0.6152899089040041,0.21427416662331097,42.41748615788367,119,gradual,0.0,0
39,130,0.5903222172796416,0.17219902476491458,45.091453887846306,118,gradual,0.0,0
39,131,0.6468684746449997,0.18791989727556319,42.60743387100329,117,gradual,0.0,0
39,132,0.6311948251489707,0.22125999494855567,43.83534549884674,116,gradual,0.0,0
39,133,0.6256427993784106,0.22755154210987968,45.588836914422394,115,gradual,0.0,0
39,134,0.8621710787947734,0.25847024323827955,46.060798448129994,114,gradual,0.0,0
39,135,0.6701174723305088,0.2190675399124055,,113,gradual,0.0,0
39,136,0.8196663038499017,0.24100139095425382,44.913388550681105,112,gradual,0.0,0
39,137,0.723845567701688,0.24601059411694515,43.84767194171694,111,gradual,0.0,0
39,138,0.6791350555480621,0.19891889257225898,45.41449308901708,110,gradual,0.0,0
39,139,0.6709204477484305,0.2228483155995852,44.56371823235481,109,gradual,0.0,0
39,140,0.850092221437268,0.214217461997825,46.182333718132796,108,gradual,0.0,0
39,141,0.8355436534738726,0.13660849561881883,43.92497681337053,107,gradual,0.0,0
39,142,0.8275994653715818,0.2701107413733382,46.57634059626149,106,gradual,0.0,0
39,143,0.7851442621720045,0.2728937954322327,44.51137532453188,105,gradual,0.0,0
39,144,0.9318667830990173,0.26751967178150515,46.960616217417716,104,gradual,0.0,0
39,145,0.9710923405297275,0.19382174951631903,47.166357278086664,103,gradual,0.0,0
39,146,0.678458238862143,,43.8733297030104,102,gradual,0.0,0
39,147,0.7380641408756934,0.20420977372401986,44.02011554506358,101,gradual,0.0,0
39,148,0.8791526465863437,0.2713917324493119,46.28011500422655,100,gradual,0.0,0
39,149,0.9290102554380426,0.3016226993539497,46.26958110678179,99,gradual,0.0,0
39,150,0.9532148285020292,0.292642699129046,44.548884915934906,98,gradual,0.0,0
39,151,0.7422188392224147,0.2208870462946714,43.68829254910636,97,gradual,0.0,0
39,152,0.8060965484634784,0.25441107270012353,47.289703165084866,96,gradual,0.0,0
39,153,0.8366006938684285,0.2100440215421904,45.6845886747452,95,gradual,0.0,0
39,154,0.8196417971445378,0.21099754796221346,46.87584484099324,94,gradual,0.0,0
39,155,0.582680314946544,0.22554378395553878,43.21806119792366,93,gradual,0.0,0
39,156,0.7515341933479073,0.2366577876254593,45.165691576765354,92,gradual,0.0,0
39,157,0.8805043210026946,0.2696994620091632,46.898591350398505,91,gradual,0.0,0
39,158,0.6164254360267689,0.19971065789311018,43.330725619253414,90,gradual,1.0627746750800468e-05,0
39,159,0.780460061519832,0.2571950221007204,47.31929898557229,89,gradual,6.833680509550691e-05,0
39,160,0.7631145420326049,0.25499441909012815,44.41419479023024,88,gradual,0.00019509066982505618,0
39,161,0.7590675903567942,0.23341970178439536,46.22873484015017,87,gradual,0.00040641328210164706,0
39,162,0.7503804157596317,0.23422950408071544,45.359972597048866,86,gradual,0.0007150675808778807,0
39,163,0.6547592058991127,0.21711814913758717,,85,gradual,0.001132136920146932,0
39,164,0.7238205672308644,0.203420576008525,46.5494352159414,84,gradual,0.001667541865864325,0
39,165,0.8208340664276077,0.28571115580552087,43.60312808831942,83,gradual,0.002330336279781272,0
39,166,0.6849026093351803,0.2671975982364786,43.87342382978435,82,gradual,0.0031288958986804894,0
39,167,0.6666956731481013,0.2283482187903313,45.423567936547556,81,gradual,0.004071047252312789,0
39,168,0.6540649953527433,0.2234582867505478,44.04539138536633,80,gradual,0.005164160411314733,0
39,169,0.6806788941140486,0.2089426733362117,44.14513125825419,79,gradual,0.006415218346890549,0
39,170,0.5953628087508076,0.18765185228185932,44.65553695231782,78,gradual,0.00783087040266529,0
39,171,0.4320696413008054,0.20827788988412715,42.12106345367033,77,gradual,0.0094174745438987,0
39,172,0.5955461234316618,0.248821684094625,,76,gradual,0.011181131423627845,0
39,173,0.610822451101831,0.2154320199533677,42.96330503405179,75,gradual,0.013127712322729097,0
39,174,0.6364631149636677,0.23755138802503578,,74,gradual,0.015262882400687487,0
39,175,0.6959571840395263,0.1987716629247338,45.00800454298728,73,gradual,0.01759212028792539,0
39,176,0.5343354388016143,0.2247832677941584,43.371593766532136,72,gradual,0.02012073477652139,0
39,177,0.445030110293431,0.23824180993554145,42.40941130418672,71,gradual,0.02285387917619274,0
39,178,0.5603185116745172,0.27067188425727584,43.0302122867412,70,gradual,0.025796563767646642,0
39,179,0.49597150713969645,0.2163101075860503,43.98471091448119,69,gradual,0.028953666687824915,0
39,180,0.6397276213776744,0.252943952531774,47.74925475417003,68,gradual,0.03232994350962594,0
39,181,0.4456909830707749,0.2532742901614936,41.03526360424366,67,gradual,0.03593003572478696,0
39,182,0.47661860138222917,0.23578972688718014,43.840856180190066,66,gradual,0.03975847829763735,0
39,183,0.6647756983239109,0.3082291133875267,45.07875641598996,65,gradual,0.043819706425877424,0
39,184,0.5903060894949281,0.2806045340464163,45.80113000989659,64,gradual,0.04811806161994374,0
39,185,0.6207715133502607,,,63,gradual,0.052657797193145124,0
39,186,0.7259696310313938,0.3290700638802589,46.66841392461448,62,gradual,0.05744308323933506,0
39,187,0.6368421911293999,0.250685962168354,43.66732801767231,61,gradual,0.0624780111625049,0
39,188,0.8097682363995801,0.32082101472747704,48.266706828367624,60,gradual,0.06776659781265537,0
39,189,0.5195797061309018,0.31311840135852564,46.810111928668455,59,gradual,0.07331278927412069,0
39,190,0.6673698241952476,0.29152127012007145,45.77433086644245,58,gradual,0.07912046434579229,0
39,191,0.6312531742350385,0.29489650002279,45.65836300478142,57,gradual,0.08519343774712065,0
39,192,0.6887437320392333,0.2715089488699002,47.99042233474143,56,gradual,0.09153546307913775,0
39,193,0.6331377777331716,0.33046011920942797,45.947642185362824,55,gradual,0.09815023556585606,0
39,194,0.411482351255991,0.30608776523781017,43.865226588267234,54,gradual,0.10504139459812878,0
39,195,0.5882196557020583,0.33126456584677383,44.86535973152943,53,gradual,0.11221252609928367,0
39,196,0.5712445193720287,0.37221256921796797,45.232040466677674,52,gradual,0.11966716472948542,0
39,197,0.631709687064457,0.35197342367422574,47.610153473628024,51,gradual,0.1274087959437652,0
39,198,0.6869320291651402,0.39002373049963535,47.903456341663244,50,gradual,0.13544085791692576,0
39,199,0.7551741216383713,0.3501826825591458,47.693486086023796,49,gradual,0.14376674334703865,0
39,200,0.8806705333528387,0.3798675227887784,51.03923438296383,48,gradual,0.1523898011479576,0
39,201,0.6906776752032439,0.4365216821833802,48.52337436863917,47,gradual,0.16131333804015285,0
39,202,0.9391554615874751,0.4195387255881571,53.151157485470165,46,gradual,0.1705406200481911,0
39,203,0.7794155716932457,0.36537332292020924,49.8340201238869,45,gradual,0.18007487391233215,0
39,204,0.9489256701868184,0.4611980306264914,52.015762855501784,44,gradual,0.18991928842096262,0
39,205,0.9561872726592137,0.4455854286519243,54.395905707475144,43,gradual,0.20007701566992706,0
39,206,0.8461076616723525,0.41651508249742597,,42,gradual,0.21055117225423284,0
39,207,0.8380062848119333,0.4880001835356796,51.95012303046763,41,gradual,0.22134484039709215,0
39,208,0.865418060825474,0.4946734807035373,52.10518334001928,40,gradual,0.23246106902080338,0
39,209,0.9648868920632302,0.5758829285829101,53.76071530365818,39,gradual,0.24390287476356973,0
39,210,0.8086359340901406,0.47841074811923645,54.60791275174772,38,gradual,0.25567324294598825,0
39,211,0.8572717589612048,0.4951197505284727,54.3958194776477,37,gradual,0.2677751284906188,0
39,212,0.8349699481764324,0.49837762374749084,51.592704617506705,36,gradual,0.2802114567977506,0
39,213,1.0315354161686014,0.5687508500014758,58.25916410222727,35,gradual,0.2929851245802247,0
39,214,0.8670867796618661,0.5981189300392057,,34,gradual,0.30609900065993373,0
39,215,0.8708015906022598,0.5973873264564282,56.177987391875675,33,gradual,0.31955592672841043,0
39,216,0.6790300593326588,0.6448983540630479,54.392334123775804,32,gradual,0.3333587180737241,0
39,217,0.8514647999748881,0.5882539680851878,56.15717355634358,31,gradual,0.34751016427573145,0
39,218,0.8763342521577275,0.6329547732141968,55.61377526268228,30,gradual,0.362013029871572,0
39,219,0.9834755248544902,0.7219687460905498,58.27363272746543,29,gradual,0.3768700549931546,0
39,220,0.9048019036045103,0.7329890255940482,58.47987761783065,28,gradual,0.3920839559782532,0
39,221,0.6150250301414133,0.7099566088693798,55.083634031304406,27,gradual,0.4076574259567115,0
39,222,0.8950516150573136,0.7202503223937146,59.32936305352575,26,gradual,0.4235931354131498,0
39,223,0.7113145947575045,0.6500141064277889,56.58139546403455,25,gradual,0.43989373272746474,0
39,224,0.8803203560110255,0.7036471758861289,59.072183910681396,24,gradual,0.4565618446943295,0
39,225,0.6895723620851226,0.6741011836942173,57.08442422665996,23,gradual,0.4736000770228131,0
39,226,0.6907005808369164,0.775870548385814,60.72043515929306,22,gradual,0.49101101481716564,0
39,227,0.6967072804543145,0.7301068470012887,57.660473581584206,21,gradual,0.5087972230397446,0
39,228,0.6033029191671869,0.7448483011245206,57.8582630739129,20,gradual,0.5269612469569958,1
39,229,0.6876904058031571,0.7992225535544277,58.81087788077695,19,gradual,0.5455056125693397,1
39,230,0.5121935041068418,0.7677079228551427,57.34799177531749,18,gradual,0.5644328270257656,1
39,231,0.5579870043356874,0.8466960940526592,58.87623487412721,17,gradual,0.5837453790238776,1
39,232,0.6581635986058247,0.8695296732063611,61.307157728759194,16,gradual,0.6034457391960997,1
39,233,0.76836618892621,0.9082454503818395,62.47811469623545,15,gradual,0.6235363604826946,1
39,234,0.4850969980193899,0.9109518135784114,60.165645152830436,14,gradual,0.6440196784922196,1
39,235,0.5997499060352177,0.9469592246630373,58.77201814674367,13,gradual,0.6648981118500003,1
39,236,0.7701827255338579,0.9779789549041716,63.03827855312279,12,gradual,0.6861740625351697,1
39,237,0.6369875038032747,0.9648219281202627,65.47919103825696,11,gradual,0.707849916206793,1
39,238,0.6156068148277074,0.9863035349210519,64.50946002109379,10,gradual,0.7299280425195611,1
39,239,0.6394970764931306,1.0753761870131944,65.36128738648901,9,gradual,0.7524107954295141,1
39,240,0.4794209949301462,1.0632162243050147,63.041991498571555,8,gradual,0.7753005134902292,1
39,241,0.628072230989585,1.0739761754916635,66.07010796227819,7,gradual,0.7985995201398833,1
39,242,0.5914056977136173,1.0760698601795036,66.02977081076847,6,gradual,0.8223101239795743,1
39,243,0.4798299905097462,1.1388350704890422,63.38572753164247,5,gradual,0.8464346190432728,1
39,244,0.6890595190955522,1.1503161403971327,69.46592490198242,4,gradual,0.8709752850597487,1
39,245,0.537573367894789,1.1879918091913406,65.21915707859164,3,gradual,0.895934387706802,1
39,246,0.5707314468244042,1.2210592623301824,68.85356903964298,2,gradual,0.9213141788581083,1
39,247,0.7103525365756197,1.2066751007664462,71.61861941743294,1,gradual,0.947116896822979,1
39,248,0.4886893649589082,1.2651605538595059,68.5263797778942,0,gradual,0.9733447665793113,1
