,X,Y,Z
2014-01-01,102.06091912138518,86.64873529710815,80.81209076619746
2014-01-02,99.525254090071,84.95268501015629,80.9593477993293
2014-01-03,99.96335293679678,85.11505501454421,80.56106199380108
2014-01-06,99.41558333066885,84.25254035648915,80.2117691468574
2014-01-07,98.9829340385584,83.32580586506094,79.37504855320161
2014-01-08,98.78733687546864,82.11784093394523,80.68908671568576
2014-01-09,96.78735074632138,80.81222549845266,80.72374290885708
2014-01-10,96.57541836867719,81.20806370920002,81.29443024794375
2014-01-13,95.73020529240226,79.77724792028395,81.82343173426665
2014-01-14,99.07320480904714,83.0386473844495,82.56266675944687
2014-01-15,99.31899142227506,82.85208461413892,83.07469038625997
2014-01-16,98.98636062793346,81.90984600155468,84.41598096184786
2014-01-17,98.72507320978211,79.94736425324378,83.83115201804384
2014-01-20,98.07702686367317,80.4360870404552,82.89106229754887
2014-01-21,97.04187631246805,80.26301848425032,82.83855667740093
2014-01-22,96.67107533523338,79.84561699518088,82.57217873513126
2014-01-23,97.17302072374018,80.08379852289508,82.70043491163047
2014-01-24,96.95446711716681,79.11589572238834,83.95320053817355
2014-01-27,97.93222582012658,80.44818882059045,85.00085064898519
2014-01-28,97.75242369105999,80.40237756035239,85.6463824734957
2014-01-29,97.79668325613666,80.95374533823066,84.93900559631847
2014-01-30,99.36250410734947,82.42662998401005,85.52975775693122
2014-01-31,99.92760963003711,81.96592648964337,85.79198929536155
2014-02-03,99.4423808944231,80.63348749147136,86.6322771460025
2014-02-04,99.27954191982536,81.026769926178,86.7072090855142
2014-02-05,99.84006705158016,80.47197487511322,86.39064739430896
2014-02-06,101.79515508567901,82.49809461132033,86.6018334686235
2014-02-07,101.5455347583371,83.17133964466366,85.95700180336466
2014-02-10,101.321976079258,82.25386084447881,85.15163318645742
2014-02-11,102.34428968053369,83.7746473769006,85.46670977953687
2014-02-12,101.4778297373731,83.28673689885761,85.55355775285155
2014-02-13,101.20610950493324,83.60666493697278,86.63678131027928
2014-02-14,102.10864847238972,84.00276793855099,86.87056805317059
2014-02-17,102.70899848858062,84.62177417446952,85.77417896617702
2014-02-18,102.82051519186297,85.15298930427802,87.22921095516651
2014-02-19,103.51061954669146,87.10283464516827,88.94204010393497
2014-02-20,100.70245723984769,85.37374323057314,87.9208045372466
2014-02-21,101.74376405734778,86.51868603403193,87.39371123187277
2014-02-24,100.80411929753963,84.79076885596245,88.4523279992307
2014-02-25,99.15549945488365,83.72484313510672,88.71406085779832
2014-02-26,99.45194521440466,83.48145165319627,87.30987938278393
2014-02-27,100.17249009975404,84.04906641160777,88.51488577862263
2014-02-28,99.74772264407126,83.94140061244046,88.6725076914971
2014-03-03,98.69131680397045,83.80593561647957,89.06615342228346
2014-03-04,98.73744163750449,84.23208763481269,90.3017940351703
2014-03-05,98.70469432926161,84.28055805442507,89.70002978535047
2014-03-06,100.1302924952797,85.31739964426315,89.03194536020236
2014-03-07,100.89770048275905,86.83387994318718,89.74784457158195
2014-03-10,101.11151612902367,86.25592342450325,90.73136633529975
2014-03-11,102.24314933424766,87.1255065588581,90.8967204529755
2014-03-12,102.05762628434188,87.88773786883269,92.10495138726367
2014-03-13,101.15172671069351,86.89465292097181,92.57939507573471
2014-03-14,101.75578502171875,87.85355868930863,93.7184425711833
2014-03-17,102.35832344037445,88.81675920294721,92.95367141378276
2014-03-18,102.16349452924759,89.87150984957417,92.79196995219513
2014-03-19,101.40068595128362,89.77709171413156,93.89645731508283
2014-03-20,101.64983985649688,88.48980546056455,93.09115147839078
2014-03-21,99.17594557803889,86.30615322414585,92.33991740854668
2014-03-24,99.8860703482017,86.89156156789211,92.51435182010286
2014-03-25,100.3974386089467,87.69187418571097,92.27822809947675
2014-03-26,98.7785814650562,86.44496068826297,91.37605099015376
2014-03-27,98.85993497489437,87.6093711940745,89.77851624851482
2014-03-28,97.91583531135313,87.31086687488072,91.16303257960939
2014-03-31,98.69305635611128,86.74073978003977,91.248932847518
2014-04-01,96.67888908266787,84.41607948458223,92.69276847722776
2014-04-02,95.78439454467328,82.03243493991553,91.8405945424491
2014-04-03,96.51397453241535,83.75534902260894,91.9372899397921
2014-04-04,97.6903755808475,84.4303908857376,91.80682252345363
2014-04-07,95.55237020072128,82.45921315758179,91.92596450729852
2014-04-08,95.07433035596999,80.81639424387967,90.38490802078601
2014-04-09,95.42235044851256,80.73474250643444,91.62223873438339
2014-04-10,94.83313431056268,80.53901207665778,91.3604139284214
2014-04-11,96.44377454188583,81.48701283499882,91.59310416037447
2014-04-14,95.27254786026805,80.23984618659738,90.62521053299062
2014-04-15,95.64707980655498,80.09010126563109,92.16446593483822
2014-04-16,94.61867428801047,80.68862784465756,90.66437681146155
2014-04-17,96.04463723114536,81.34289203538006,92.55477678071084
2014-04-18,96.04298600208979,80.25156526660861,92.16103986820383
2014-04-21,95.69073543808918,79.62323690170872,91.81949210136392
2014-04-22,93.99255048835656,78.05955767514911,91.14732900337798
2014-04-23,95.69437603342324,79.40935351223989,92.53810144506879
2014-04-24,96.46715462612063,79.90630606547478,91.6872512337492
2014-04-25,97.24071846362999,79.79123605953363,90.81766707777388
2014-04-28,98.39859972254777,80.68950949288676,89.87360393021632
2014-04-29,98.7678263006708,81.37217228236386,90.35376439006026
2014-04-30,98.14857969009438,79.96394992231235,90.88386089519267
2014-05-01,97.36833846306428,80.89425040691333,90.16182026875687
2014-05-02,96.58813848370328,81.50266305501596,90.66792596304467
2014-05-05,97.978210825037,81.25478501635396,92.18939684115432
2014-05-06,96.53782962384157,79.87723180006653,92.87158034407092
2014-05-07,95.96146011207078,80.18562881051844,93.24599277729595
2014-05-08,95.66021619278459,80.88915644594637,92.23047046211259
2014-05-09,95.90483521813368,82.26881528543056,93.76595066496392
2014-05-12,96.5001846066415,81.25516975735337,94.43191759434248
2014-05-13,95.27108759754596,79.42415949668748,93.01024752050316
2014-05-14,93.56107414627343,77.70012541767545,92.26453421610904
2014-05-15,93.57665991365147,78.14124891664123,89.5147194716353
2014-05-16,94.81022373893754,78.36924081455972,90.00593003034345
2014-05-19,95.58728179823407,79.3658587868961,88.7560359188891
2014-05-20,95.82293258193403,79.91546119567334,88.47314776962448
2014-05-21,95.52577693791667,80.20181423861462,89.82464545603013
2014-05-22,95.8390106337169,79.50870106334202,88.38411062840173
2014-05-23,95.61567554797472,79.5198467762816,89.20886316658381
2014-05-26,96.45288212846732,80.27823823032402,88.87129562957803
2014-05-27,95.67843478958044,79.3946371190976,87.75335130881929
2014-05-28,95.83267473666677,80.50148090857242,88.99000681501914
2014-05-29,95.74189460055518,80.20188275726359,89.35518048478279
2014-05-30,96.30525399008533,81.68484359429884,88.62455541058762
2014-06-02,96.5498925137347,81.37974990322377,89.09942577663502
2014-06-03,99.11992715004261,84.61348073430233,88.45920896002548
2014-06-04,100.6385819081781,86.87514017027388,87.55127632024666
2014-06-05,102.15531907369662,87.29715554436562,87.12625661751026
2014-06-06,100.13581523610196,85.78129404862476,88.06190928459026
2014-06-09,99.81549861139959,85.60302041172295,86.42297584711137
2014-06-10,99.22688799548666,84.28863505867096,85.07061528435116
2014-06-11,99.7796095953757,85.21078306172959,85.89103672853025
2014-06-12,97.52058310632037,83.71244183427521,84.44060691776455
2014-06-13,98.71508178532956,83.91230866192987,84.17836157335944
2014-06-16,99.80206509622488,84.77896520837099,83.81124889845809
2014-06-17,98.51999423797908,84.31625922246948,82.46438157727067
2014-06-18,97.56144570935767,83.32316230866914,81.65693163577727
2014-06-19,96.7802736985765,82.09708798471009,81.46612046673296
2014-06-20,96.84356959885963,83.27134058116965,81.31829149856742
2014-06-23,97.50454066354911,82.9719480257591,81.88127689999328
2014-06-24,99.57242671890644,84.80803506953133,82.03378285782954
2014-06-25,99.39498128901876,85.39223376666239,82.87843844229712
2014-06-26,100.18248384792238,86.45678680933405,83.0212070429439
2014-06-27,100.35790165798181,85.12944784647367,82.52900411877975
2014-06-30,102.13782794189007,86.28024998133587,83.09425437462649
2014-07-01,102.89998580310164,86.77973414551802,83.47216892853639
2014-07-02,104.28853625397612,87.73569387339533,84.26869395936298
2014-07-03,103.23086106419265,87.34612985340969,84.0591649448263
2014-07-04,103.05862035266671,87.5717613326782,83.86888152981943
2014-07-07,102.26484793082467,86.9832855185684,83.6931778869549
2014-07-08,103.78979533483297,88.3425774604677,82.15820781527471
2014-07-09,104.46743523865075,89.54673803913822,82.55148582110637
2014-07-10,104.18229081287323,90.09743621455395,81.83859137559436
2014-07-11,103.74982292580283,88.235867467172,81.02979836603836
2014-07-14,104.25448780400953,90.14631259420688,80.61089997953836
2014-07-15,103.57299227382998,89.04463251689025,82.6254817104719
2014-07-16,102.66240339761782,88.75484744477656,81.78666260578004
2014-07-17,103.16367788988936,87.84810598153341,83.22683157713516
2014-07-18,105.64680992199457,89.4242688419845,81.09181728191501
2014-07-21,105.42067636792977,88.33925125044198,80.75766046262655
2014-07-22,104.88481058713622,88.74633873654776,82.61362962498013
2014-07-23,103.73365375311067,88.45376855760614,82.74349280898224
2014-07-24,102.41864279555129,87.35443115437499,83.07516579137094
2014-07-25,102.9636260301155,87.62272115403411,82.47097056236463
2014-07-28,103.83442906289406,88.56127488436815,80.48131839980418
2014-07-29,103.86360378377655,87.86486156238988,80.9526203913437
2014-07-30,104.21617977245276,87.72109699809991,81.83848666217679
2014-07-31,104.35209634995987,87.3261307910183,82.86188354521127
2014-08-01,104.51075119600709,88.11602698377379,84.74005128707473
2014-08-04,103.00459214342425,86.95742917594222,84.63523186808685
2014-08-05,102.56647387037502,85.72549611758015,85.13417400228339
2014-08-06,102.69795317796496,86.17071440638246,82.98981070955443
2014-08-07,101.93478639740128,86.00196897269345,82.62966836523353
2014-08-08,101.47835665354147,86.65560732166803,82.75539092375575
2014-08-11,100.67923647321373,85.57242063519698,84.00350316370265
2014-08-12,100.36573979901529,85.59623048457965,85.82690806373448
2014-08-13,101.23884807334042,87.7391258375972,87.41955644423834
2014-08-14,100.85226772268483,87.04807090250989,87.86442686890173
2014-08-15,100.71839704248772,86.56265801690445,87.72009072080809
2014-08-18,101.55211540192585,87.50189768021036,87.63591291872581
2014-08-19,102.21688561608276,87.56567312805865,87.57997312022181
2014-08-20,103.9320931750424,88.8643087911217,87.71448919594982
2014-08-21,101.8616080969138,86.7807956764804,88.88132212314413
2014-08-22,102.7384670414369,86.89002006562504,88.6838055355036
2014-08-25,102.27618295466382,87.15593797745771,87.02433973060771
2014-08-26,102.4308747734817,86.97334819729107,85.8288566699586
2014-08-27,103.28859415838077,86.9297410909899,88.74527167718745
2014-08-28,104.39184731407212,87.65040861901302,90.0789502832282
2014-08-29,105.45119800438096,88.45162603138363,89.5791262006336
2014-09-01,105.62630469545921,88.86215771345458,89.30987309601258
2014-09-02,107.25596737847752,90.86583657180316,90.0267149096111
2014-09-03,106.99299315126139,91.8920527400653,90.32394652231318
2014-09-04,106.8720112381906,90.8043595994895,90.63900274039072
2014-09-05,107.69136242708468,91.24234190071655,88.67293751162816
2014-09-08,107.15999001910421,89.4986030816792,87.29408986626893
2014-09-09,109.34089627780547,91.47744623295287,87.43776829448046
2014-09-10,110.38010284316009,92.73723123492536,88.13196844901327
2014-09-11,112.57567816578049,94.05138822799042,88.44690024588171
2014-09-12,112.5690889786247,93.45209139298547,90.0166511029365
2014-09-15,112.2060004283634,92.5582240741459,90.07129509456276
2014-09-16,112.39304843053031,91.79215145027536,90.32922424731582
2014-09-17,113.14762493313651,93.06197657269516,90.39607663972795
2014-09-18,112.5801972462625,94.12612303155004,91.37234307440582
2014-09-19,112.97989899323494,93.67873889696585,90.76991917000757
2014-09-22,112.9830947143141,94.9399831609503,92.80813462488507
2014-09-23,114.61877647489055,96.16574796574633,91.74837675902893
2014-09-24,113.9760746625897,94.66774243251025,92.5332865004298
2014-09-25,115.04223643431841,96.00012379625112,93.26037349509517
2014-09-26,114.4183728987784,96.07921499327335,94.84955853479681
2014-09-29,113.47773870567097,95.59852606405403,93.73416476545532
2014-09-30,112.78743927829535,94.83068624478544,92.83559664114992
2014-10-01,111.61725341645311,95.06393993787765,92.55838567653275
2014-10-02,111.78360377651956,94.88644009156228,93.28449233643329
2014-10-03,112.83486457259822,96.09268771363817,94.14594641961118
2014-10-06,113.01917945113303,96.58527126409604,91.57688777742987
2014-10-07,113.6635045633179,96.32118370021438,91.26813464612954
2014-10-08,115.31567875889303,96.24710967700585,91.51653354563875
2014-10-09,115.60570520607187,95.27850584476796,91.86400073600214
2014-10-10,115.82086756703498,95.29079217124561,92.22157238148463
2014-10-13,115.5658060990747,95.47331333855334,92.07652046510661
2014-10-14,113.97756381406342,93.04153456869015,92.18501033791053
2014-10-15,114.7573027459315,93.34707592605727,90.30864574500934
2014-10-16,113.02084229830552,93.2638062270416,91.1732912907538
2014-10-17,113.69351873468935,92.64000152135176,88.74926705337265
2014-10-20,113.69919839895539,93.17734904959384,88.55568802764463
2014-10-21,114.84597984976583,94.50561812132871,87.62210438278936
2014-10-22,114.79820958925536,95.15426787923384,87.92924435824715
2014-10-23,113.9950094312977,93.5390292420793,86.92037749568861
2014-10-24,114.37291969805028,94.22932493729714,87.76551651784062
2014-10-27,113.83268356234217,92.92652074517744,88.07704876857365
2014-10-28,113.67172673768034,93.93034318884504,88.66148251641535
2014-10-29,113.73359752454235,93.46061570143067,89.70328285257067
2014-10-30,113.61904781279668,93.77399562714726,90.80691438122318
2014-10-31,113.45024553782287,93.17353784794,90.57782883690838
2014-11-03,112.63780054953581,92.76077777381568,91.35165850408266
2014-11-04,112.468666765443,91.65567800925942,91.79377366309888
2014-11-05,110.35032615832198,90.35925064895802,92.51660298343917
2014-11-06,110.21299406309674,90.84202260027679,92.62888709530955
2014-11-07,109.03493807716482,90.00878543436771,90.0599904940725
2014-11-10,110.17520176751185,92.1759758324426,89.76291660617291
2014-11-11,111.4651285148331,93.47748089696117,89.69415009917415
2014-11-12,109.53410273431184,92.47640395394353,89.14734961033707
2014-11-13,109.69901952467774,92.91024395555107,88.39142383667313
2014-11-14,109.59265560251097,94.07558558324752,88.48589607413182
2014-11-17,108.56593997243012,92.60649165338742,87.74560692780413
2014-11-18,109.11759311507912,92.726921019222,88.33925575180743
2014-11-19,108.67590357042437,92.11536081850927,89.52858140819522
2014-11-20,106.92830447473776,91.07485265303254,89.48319396715193
2014-11-21,106.6816278226808,90.95425978901139,90.27458181557238
2014-11-24,106.5533747043807,91.33064330607151,89.04182205707279
2014-11-25,106.67980572262218,91.49054097971963,87.99470515770345
2014-11-26,105.46857272388941,89.9997031596778,87.62375171638789
2014-11-27,106.10425365081099,90.35122842788536,86.6160548101917
2014-11-28,106.85971073900988,91.16722677470871,86.60938475460536
2014-12-01,105.73388346215498,88.52592660041869,86.63425632571008
2014-12-02,105.0950278931718,89.02897872966334,88.16126883414374
2014-12-03,105.03469057934244,88.52339220488513,87.59057633560982
2014-12-04,104.48876525233008,87.81779228360836,88.79327165471315
2014-12-05,106.25251986217977,89.42115054537429,87.74220088544023
2014-12-08,106.48089197833801,89.41878511500435,87.46757793115879
2014-12-09,105.49030994198381,87.60162459448095,88.24459282449394
2014-12-10,104.72220101435903,86.91713266962267,88.53028758738061
2014-12-11,104.6847307561033,87.97464798480297,86.07933186630193
2014-12-12,107.00050956436192,90.58793985818959,85.99307200509587
2014-12-15,106.84224524253885,91.29734377437717,86.41382173052506
2014-12-16,106.98972166177866,90.91317955871952,84.88424917599826
2014-12-17,107.52376703993683,91.11912039833241,84.39820432546732
2014-12-18,107.50364110367379,91.80548487962197,84.05622332740144
2014-12-19,109.8043019762405,94.60203096406994,84.4136715039629
2014-12-22,109.29277702921534,94.03880688275576,85.63050956010545
2014-12-23,110.05698015436113,93.7973091227111,84.25388514366203
2014-12-24,110.2374181233447,92.47163371317308,83.33123149740557
2014-12-25,110.87861449656111,94.02434625812148,84.84634534914044
2014-12-26,109.72197153814137,91.95790757092422,85.99120728016194
2014-12-29,111.51008423324856,93.73448620626105,87.65342332965153
2014-12-30,111.40855672608511,94.302760784597,87.60082045784064
2014-12-31,111.46271998815263,96.63757784345133,88.58791377182371
2015-01-01,110.54774372628387,95.82426340041981,86.19043915577285
2015-01-02,109.83804845810062,94.96570086386468,86.6122546325492
2015-01-05,110.42228789126865,95.57886223399171,85.64040025061959
2015-01-06,111.42878777737933,96.55630756005716,84.22822745372613
2015-01-07,112.20204246813307,97.93115378917904,83.13282133437066
2015-01-08,113.43101271782163,99.14334932094405,84.09579649758088
2015-01-09,114.16550163001124,98.90096774733276,85.54071451028554
2015-01-12,114.21396346336809,97.21160466271071,85.03320511939742
2015-01-13,115.0704894528126,98.03489906284243,84.66018941403634
2015-01-14,115.68409269322058,97.9545766806989,85.80254533918853
2015-01-15,115.60351742667913,98.86499487390023,85.11376335560003
2015-01-16,116.3495901452193,98.40191870955486,85.34493842913977
2015-01-19,117.65528753974837,99.56109548280031,85.93615317216657
2015-01-20,117.90985886368256,99.2003668903882,87.09660070736224
2015-01-21,117.57365376625174,98.30739154255654,86.8064878870799
2015-01-22,118.31236513921306,100.15611338090353,84.02603306490806
2015-01-23,120.23308687704565,101.77237226372547,83.80983894637886
2015-01-26,120.0425248338832,101.44134204470853,84.47522322002565
2015-01-27,119.97021521176723,101.88334921516874,83.99540466232969
2015-01-28,119.8538176797326,101.15086108360184,83.41072762459096
2015-01-29,121.09683508789558,101.85807947545865,82.45207852263623
2015-01-30,119.27963683098244,99.94536859775229,82.85961072693682
2015-02-02,119.6654822017299,101.72189935575203,83.00403634061836
2015-02-03,120.87774611749077,102.850503930122,83.25790142812444
2015-02-04,120.08436294658921,102.57761630967224,83.24278337623579
2015-02-05,121.59334035475167,104.4691763498243,84.48440234954825
2015-02-06,122.14864936322196,104.60318461553575,84.79489025192933
2015-02-09,121.61961344596692,103.91693604296478,84.71311202497819
2015-02-10,121.84375326534465,102.78302145770316,83.59590996777143
2015-02-11,120.32926114407843,101.89199393951353,83.17836304664701
2015-02-12,119.78369010789297,101.59121153020043,83.16046030541375
2015-02-13,121.63059392544227,102.70845884103053,84.60320745665008
2015-02-16,120.75678987720397,102.84648214002884,85.06322095206379
2015-02-17,122.62136160911514,102.94457885818937,84.72555771072203
2015-02-18,122.55978802092486,103.20911045701713,85.45673399152399
2015-02-19,123.57445090490131,103.00856695076136,86.06879914586744
2015-02-20,123.63834792755078,102.2975441699457,85.61554661789019
2015-02-23,121.41686638392713,100.4942250091391,86.06467992000205
2015-02-24,120.86421507294263,101.14532462281002,84.98406078822488
2015-02-25,121.07406866952401,100.49258856820606,85.07898826082784
2015-02-26,119.94311896056591,98.9702605331039,87.06119877470141
2015-02-27,118.61570822729333,97.18638276031434,88.02041682410254
2015-03-02,119.00189408101625,99.16724260994818,88.63631793955918
2015-03-03,118.37247908123878,99.12213338284963,89.49716592462077
2015-03-04,116.69665186025813,98.11826742082697,90.19246617715723
2015-03-05,116.0325366866517,99.09999452529644,89.04446333029438
2015-03-06,116.91327426001142,99.88047117403677,88.5969101777346
2015-03-09,116.45952818992899,97.88134306180551,87.92233837321693
2015-03-10,117.41430076138084,98.29843029735481,88.38453616427716
2015-03-11,118.96157352403068,98.71556150424172,89.29073197439479
2015-03-12,119.0140889245262,100.34054093434085,91.3005690990099
2015-03-13,117.90440558106083,98.41136631907874,91.16300864896526
2015-03-16,116.62284048542102,97.67609957361026,90.05850261340191
2015-03-17,116.61658663123386,97.34313591581152,90.35289779240676
2015-03-18,117.51764230824209,97.81593102089609,90.32761965456788
2015-03-19,117.80665763655546,98.15423302433926,90.59562144389098
2015-03-20,118.37391482674367,98.59351481320252,90.6259173971911
2015-03-23,117.95057304583835,97.84177417235794,91.13188700278971
2015-03-24,118.27099580498628,97.31717186178767,90.57740869657775
2015-03-25,117.81968703910876,96.66198059898173,90.88633709102326
2015-03-26,117.51407713556168,95.86128148518465,91.866631315923
2015-03-27,116.2418306622424,94.43076975144389,92.05851870929898
2015-03-30,114.68961766501774,93.55443513700719,92.61413253057583
2015-03-31,114.22766097317879,93.32371278321914,92.00418490187893
2015-04-01,113.140061632651,93.03980917948739,92.86995116336577
2015-04-02,112.20131591253119,92.30701793942623,92.78694306719592
2015-04-03,112.89236337549657,94.4477118015717,92.15575089151042
2015-04-06,112.8052824540232,93.90846916872887,91.95748871232587
2015-04-07,115.73940834204575,95.62801017888053,91.59777807546467
2015-04-08,116.68575041746897,97.27990225648078,91.45063953121476
2015-04-09,116.07256280228941,96.3536311986252,90.92717442491303
2015-04-10,116.87057014438432,97.19482336056899,92.61223932881192
2015-04-13,117.2473740323243,98.30410818813978,93.51247926665432
2015-04-14,116.58169295280697,97.7310591786647,93.9875387447838
2015-04-15,117.70428791989191,98.40484204320977,94.45381727098211
2015-04-16,116.94895931202765,98.55678689995507,94.37611339489509
2015-04-17,113.91057805966605,96.35883810172206,95.18756790217483
2015-04-20,114.7246428188059,96.59538231854403,94.97089762199673
2015-04-21,114.12738370018813,95.25097234529494,94.90782960587154
2015-04-22,115.63342119254268,96.2542819541067,94.16043837045055
2015-04-23,115.00374898582578,94.63412733821089,95.35083587201672
2015-04-24,113.84239473904042,93.24887123949952,96.51065216501144
2015-04-27,115.41085640498237,93.92144533586824,97.5848134687592
2015-04-28,114.35535807984702,93.55225332985434,98.68010949512043
2015-04-29,114.57875177134957,94.50865047509897,96.36808356681642
2015-04-30,116.04847896714631,95.37067108775283,96.46513447662237
2015-05-01,116.1829763105572,95.34251674574148,97.4635624181724
2015-05-04,116.12239139523942,94.68785891115216,97.95348306558795
2015-05-05,116.24481483247799,94.02349187230709,96.41387725997009
2015-05-06,117.10386848471683,94.69952836227758,96.70261516807936
2015-05-07,116.31705632503703,94.78401984552224,97.3637037362027
2015-05-08,116.9476973243328,95.87620977941535,96.82519808114024
2015-05-11,117.54477274127227,96.981538963012,95.68694127362158
2015-05-12,119.8974847666548,98.81385148931048,95.08217212665974
2015-05-13,119.5809592367263,96.72652615200091,92.16048032224964
2015-05-14,118.68612937752587,96.98503304665078,92.3844645432967
2015-05-15,119.44181640053255,98.77288793112804,91.52329041435449
2015-05-18,119.06465915085832,99.26234542902071,91.17514823798136
2015-05-19,119.3737753172417,100.23192693290494,90.96697175210245
2015-05-20,119.52635183977196,101.16037067648028,90.83470188258438
2015-05-21,120.71474580109756,104.0067210107407,92.33136399179021
2015-05-22,120.0779083159275,103.52709498955937,91.45293880036671
2015-05-25,120.00562878706934,104.39551454152912,91.16915013610644
2015-05-26,117.47351613785641,102.68081045008813,89.02772568114807
2015-05-27,116.60340224157699,102.17652833569804,88.30289173185973
2015-05-28,118.15974105311554,103.00993030025094,86.34595000845337
2015-05-29,117.49823513847117,101.94820561103047,87.01912118081015
2015-06-01,116.81675832057871,100.34531101449991,86.92043751177009
2015-06-02,115.61885113859371,99.65884343154144,86.24369569202081
2015-06-03,116.21868542827964,99.73528058464294,87.02248142735348
2015-06-04,116.4166755916514,98.87705908591363,85.93660203031635
2015-06-05,115.24980873202098,97.32882661675194,85.68197528087849
2015-06-08,115.9372591061103,97.00232131669706,84.7971977901663
2015-06-09,116.21736498595345,98.44677379895647,83.8027467930539
2015-06-10,116.99139836538563,98.84697995566562,83.49415100952038
2015-06-11,116.36991885695844,98.40474460560999,82.81925868940031
2015-06-12,118.12792761469395,98.90222489122083,82.60130323048614
2015-06-15,118.55779522062835,98.5397332000109,81.44200742283691
2015-06-16,118.46090570365216,99.32647870283454,79.8347992973949
2015-06-17,117.96207142204483,98.7890397033713,81.09341209990824
2015-06-18,117.73724405035661,98.81436681579507,81.39151672367724
2015-06-19,118.61603604467612,100.88003836321383,80.96132188011443
2015-06-22,118.36706935257774,102.11977924598582,81.1033433950018
2015-06-23,119.46521322628585,103.30346704201105,80.05618942247725
2015-06-24,120.06588939884745,103.91830579469111,80.36366321829284
2015-06-25,121.43238457265896,104.95278900815816,78.87290459017518
2015-06-26,122.26648880105014,105.18679749683152,79.2698760069202
2015-06-29,122.22354953471431,106.43390893363723,79.57434572085455
2015-06-30,120.33420959255776,103.74537203539377,79.45773157948801
2015-07-01,120.65278017305482,103.73587699595203,80.10961180237045
2015-07-02,121.46185620594323,102.80629536373014,79.98622741735007
2015-07-03,121.64474848733033,101.98049141556237,81.58840750738906
2015-07-06,122.22118020408027,102.76104466496217,82.16444372047428
2015-07-07,121.76956010623283,102.73267749887653,80.6241587066953
2015-07-08,121.40908252427178,102.66357563653852,79.60271255083431
2015-07-09,120.48669348037272,101.64658907897629,81.18186910638518
2015-07-10,121.86859388319527,102.21669107785016,80.60676028460385
2015-07-13,122.0469881467884,101.9892832834574,80.91642196632003
2015-07-14,121.57450206224074,101.38418301870585,80.34766367481129
2015-07-15,120.2626495550111,101.20032200535897,81.80094614281818
2015-07-16,120.12934227877804,102.15498155803672,82.84924815840765
2015-07-17,121.59197347074058,103.56252636682332,83.61642085481625
2015-07-20,122.0738951171579,103.45294637101424,83.193636982748
2015-07-21,121.36937354413273,102.14410252891976,82.88034245895227
2015-07-22,122.81886850436793,103.52104389073433,84.22509173028989
2015-07-23,124.26737865386596,104.49211825538018,83.67317524403384
2015-07-24,125.26815482508528,103.95927453870678,81.56089357051393
2015-07-27,126.07697169335343,105.7037869314747,83.08653487483508
2015-07-28,127.2526234734175,106.65092346458482,84.04387292778586
2015-07-29,127.81588251976315,106.88160197189013,82.75908577039874
2015-07-30,128.6108833372873,106.91405003196517,83.03455777418186
2015-07-31,127.85085800150603,105.74798150828799,83.63207528494861
2015-08-03,129.3704158121578,107.74011681095358,83.85015928569723
2015-08-04,129.6215960021853,107.31490062286301,85.48754901647283
2015-08-05,131.66580780994866,109.13047427230534,86.72517998120371
2015-08-06,129.64355983632703,108.07044190672121,85.9687319150723
2015-08-07,130.3689687044594,110.04382294080631,85.84164879421128
2015-08-10,131.37043024491274,111.22475137586036,86.76993207597702
2015-08-11,131.04749763396129,110.8512519272716,87.71752547508022
2015-08-12,131.51994194143654,110.82806382965109,87.4027176942013
2015-08-13,132.28826833976927,112.01631657221732,88.53770915748868
2015-08-14,132.88564985206418,113.13009979518029,87.74256243614501
2015-08-17,132.36599059597964,112.2587874800486,88.57954066585248
2015-08-18,132.24405276602408,112.47934040629185,86.86380035367976
2015-08-19,133.28309223280473,113.07525579836793,87.35471285541571
2015-08-20,134.58041231702381,112.81664443521824,89.39452287818378
2015-08-21,134.69938916063185,112.16715115880775,90.90677540190971
2015-08-24,134.79642163967185,112.88096890034598,90.12038497054296
2015-08-25,135.01691799341899,114.10288579685144,87.2242262610167
2015-08-26,136.07458320326086,115.35563288167825,87.51654003893718
2015-08-27,135.04054473531718,114.26164522282642,88.58985241365824
2015-08-28,133.7314789013683,112.5949361474731,88.7131590420725
2015-08-31,133.87579386755698,113.05203766162322,88.96409717876625
2015-09-01,132.78926509955346,112.34746865155981,87.61395226224164
2015-09-02,132.2221556248884,110.62764326569393,87.08920421546772
2015-09-03,132.328451363187,111.19859055654688,85.82963568214376
2015-09-04,132.8309562936026,111.05928530120782,84.5496777102943
2015-09-07,131.77886445812234,110.72289120712058,83.99528887635186
2015-09-08,132.60046990487754,111.74700394118317,85.38015276845316
2015-09-09,130.8467552826824,110.81897281712352,85.72609100621976
2015-09-10,131.41217133195818,111.95980850589976,84.93657929109101
2015-09-11,129.8544395807987,111.08019738319508,84.7497475993206
2015-09-14,128.5995161886072,109.13742801627124,83.78529692827293
2015-09-15,129.26173811818458,108.82606757790224,83.18282292662349
2015-09-16,128.87537589464995,109.24037641896182,83.33040305181241
2015-09-17,128.09981759689958,108.87641432470623,81.8036758348368
2015-09-18,127.67504083760986,107.28224274485315,82.04463708816853
2015-09-21,128.16007343176523,106.19941744388238,81.37413636246316
2015-09-22,128.12602663563484,106.92949703761018,82.39738773609375
2015-09-23,128.1166438601766,108.58705710404669,81.4225611525557
2015-09-24,129.19142026048337,109.96283172626869,81.57920324971168
2015-09-25,128.49502966826006,109.10597779561189,80.67952705751034
2015-09-28,128.04309598968456,108.83598897061728,81.13596894557992
2015-09-29,127.54066601084325,106.34214673779786,79.35329702984207
2015-09-30,128.7295881715299,106.62425201496988,78.77237920624853
2015-10-01,129.740993829608,108.28165684390785,77.85851034777014
2015-10-02,131.04807038397624,109.99691857763523,76.23000526267485
2015-10-05,131.03431977695408,108.42777752224372,75.8058694276142
2015-10-06,130.89751722511542,109.29290645038932,75.55709964928704
2015-10-07,131.770290221143,110.41655165344083,74.90794777261281
2015-10-08,131.3958785413024,110.80082833530004,73.84039575838085
2015-10-09,132.24654489967725,111.2817697851173,73.09689856251278
2015-10-12,132.99083765125738,111.84376277780639,72.32044189003524
2015-10-13,132.31251963806957,110.48315855486739,73.29422608558738
2015-10-14,132.2493249688294,110.69764929909108,73.75915878638943
2015-10-15,132.15007397624854,111.2808192423236,75.0101347466619
2015-10-16,133.90341435637666,111.95666535538881,75.89417476413006
2015-10-19,136.51123769546174,114.32513916872907,77.64539009532312
2015-10-20,136.4313104463765,113.86742835370138,77.67636287879007
2015-10-21,136.4653751252853,114.67796002071955,77.95312248735247
2015-10-22,134.2037906704964,113.5439248509739,78.05359718736563
2015-10-23,134.43532297012626,111.91948296294105,77.69131625100465
2015-10-26,134.44828999780145,112.3120443406006,78.36774737914169
2015-10-27,133.3954462060183,112.23054207144517,78.78215829962075
2015-10-28,134.20104043878052,112.4286023712728,79.3039686063716
2015-10-29,132.65528662757802,111.03162209058634,79.60798804085229
2015-10-30,132.46043367577957,110.77509121119434,80.68277916635515
2015-11-02,132.61929043800265,110.08621774222945,79.36108114785513
2015-11-03,131.3902904951876,109.10121484273229,79.98427428166819
2015-11-04,132.26703123739435,111.01749941626954,80.00698313345255
2015-11-05,133.34259298661667,112.21111012019068,79.45443105047006
2015-11-06,131.9761721334432,112.18573703293679,79.19544283811196
2015-11-09,130.58833353485736,111.67162822417785,79.7500724709185
2015-11-10,131.21059301858645,112.86964463625483,80.62214991096408
2015-11-11,131.20009601519547,112.72079209591277,80.47186271162252
2015-11-12,130.00869287547596,112.11377313132574,81.24224580164157
2015-11-13,129.7334661426056,113.11520149462358,81.6788789060737
2015-11-16,129.64594946197636,113.7732337517145,82.76221102438585
2015-11-17,129.5229105282186,113.50836775254285,83.83784558943019
2015-11-18,130.37039917701225,113.28993360969604,84.6710123004848
2015-11-19,130.7745974268869,112.62531124739499,84.40684178163754
2015-11-20,132.56406123314719,113.99405862864926,83.39529286104207
2015-11-23,133.9584217251599,115.19621111702389,84.8297072613653
2015-11-24,134.65689549745292,114.17942502191045,84.11216689361856
2015-11-25,135.75397487208238,115.10333278504102,85.00213844668431
2015-11-26,137.0977945428619,116.31396930256341,85.160246568188
2015-11-27,137.8237893796018,116.98679309948997,86.85177459084373
2015-11-30,136.61804710062796,115.48717773972676,86.82947918683773
2015-12-01,137.49746426213227,117.77407674540866,86.61722294495945
2015-12-02,137.58973684913212,118.47156712862537,84.6937029650211
2015-12-03,139.2285478526813,118.76963323290074,85.38318448753408
2015-12-04,139.3420220392873,118.3300658941768,85.45747015036822
2015-12-07,139.88801449001303,119.34130937128239,84.95543443975357
2015-12-08,140.23765439609627,119.98192069013001,84.65899015251458
2015-12-09,141.93887990083317,121.42126000255254,85.9937680180667
2015-12-10,142.13606221900238,121.54061092088102,86.47211189142136
2015-12-11,141.8865223176479,121.16843270535581,87.39098787847213
2015-12-14,142.21561411740046,121.08844582566286,87.25292744349872
2015-12-15,141.79610584982098,119.99028374446281,87.65652351393474
2015-12-16,141.97814508677783,120.5397169827971,88.6785520230124
2015-12-17,141.99067305619081,118.5109231218437,88.51624642559011
2015-12-18,142.28229562169088,118.20281855535463,89.88330460150246
2015-12-21,144.22557965852144,120.64780753558988,89.76143633591713
2015-12-22,143.83988908792057,119.75249002918636,91.75470319136798
2015-12-23,143.8968622953951,118.915382695965,91.3367805635009
2015-12-24,143.71737054788105,120.13527234821302,91.02493510353742
2015-12-25,144.4099820880398,121.42409792151518,91.2785372571831
2015-12-28,143.24840745481032,120.3605136998993,91.07960330884166
2015-12-29,142.57567796985074,119.37087652618183,91.1194396310515
2015-12-30,142.55618836782597,119.16121209747192,91.23436403438723
2015-12-31,143.12233621811328,119.33575932178442,92.56688749146797
2016-01-01,143.09605500763735,119.11356525868557,92.23593962786953
2016-01-04,142.61576873622346,118.16765335697951,93.52005659199887
2016-01-05,141.7689413324521,117.85997070482382,94.51457059456307
2016-01-06,142.30069396683774,117.85475803856073,94.80023177075083
2016-01-07,143.76289255959955,117.68316091283093,94.75265811479073
2016-01-08,144.10576805173582,116.99886109764998,96.74614190261377
2016-01-11,144.31390307696796,117.14929873652045,94.42601282398289
2016-01-12,144.77777608321455,116.76267029557856,94.11913602057027
2016-01-13,143.8551231665963,114.21272422154227,94.14259070577783
2016-01-14,143.56344828067813,115.05962299673907,94.80788890744148
2016-01-15,143.315521859477,115.20630675267562,94.99558272732243
2016-01-18,143.6307623121089,115.09550068891473,96.03950072088826
2016-01-19,143.6187366215094,114.6887433762737,96.72606079737335
2016-01-20,142.4223365695495,114.08592817883616,97.93431145331155
2016-01-21,143.56756562462456,115.97749450627046,97.49719580812877
2016-01-22,145.27997406912004,116.86926489509973,98.10739760341922
2016-01-25,145.0367769551402,116.94799279060543,99.87793271104505
2016-01-26,145.45561784440494,116.80295271440181,99.398710176101
2016-01-27,145.74277942639105,117.24342255745326,99.74328359454974
2016-01-28,146.5474430427042,117.03455969703211,98.52138643255276
2016-01-29,145.0876599447497,114.51636506146511,99.06292000719782
2016-02-01,146.72066966852165,115.86787211088352,98.4494590954869
2016-02-02,146.27281733733022,115.4444412057326,99.20077122079961
2016-02-03,147.5570434796307,116.97730465206784,98.2171689386625
2016-02-04,147.6577146241739,116.55210464192476,98.3914750681486
2016-02-05,147.2881589900085,117.2328112982459,97.5197936767492
2016-02-08,147.16770629113856,117.18187721637217,97.61533821568244
2016-02-09,148.08487923696256,119.01022637457528,98.1469682234164
2016-02-10,147.24160310783455,118.05899111936132,100.51121843583948
2016-02-11,146.8864251937772,118.84018391583544,101.04530736338089
2016-02-12,146.42424496988843,118.39022881475971,101.63348571080738
2016-02-15,144.72879657445608,117.10348328030591,103.55564150753335
2016-02-16,146.04922189667,118.82593026557319,104.72478940459298
2016-02-17,146.6481107292125,117.9860029798123,103.81183226360474
2016-02-18,146.64679570770292,117.18220001512088,104.4474051655837
2016-02-19,147.83045841395113,119.4332091362047,104.67553826734502
2016-02-22,146.89402856236018,117.55910037439284,105.5895584385913
2016-02-23,146.84057874811865,117.12836083834028,106.20991560178538
2016-02-24,148.58598158471995,118.89443651300883,104.57714875789681
2016-02-25,149.58564799834795,120.72789623704351,104.11821916568508
2016-02-26,147.38019759118748,118.56548901794231,105.97444131865163
2016-02-29,144.06811628878762,115.98159756237308,106.89471546039829
2016-03-01,143.0502124266938,114.31959275096165,106.11855893419296
2016-03-02,144.13149573538288,114.8823565663691,105.70430801684368
2016-03-03,143.6790499466734,115.24177193475194,105.48865841888865
2016-03-04,143.4813058818978,115.29582631864987,104.20572054305806
2016-03-07,144.10957732402744,115.75052715459898,100.96671270984449
2016-03-08,143.24437502005335,115.34269004594185,101.48767887824968
2016-03-09,143.47725291553138,115.6042880611347,100.44314889977201
2016-03-10,144.28935114134174,116.35278985697181,99.7376523219179
2016-03-11,144.77636436157195,116.46289012768217,98.9547807082742
2016-03-14,145.19230982554757,116.06490348075593,98.52603218358865
2016-03-15,144.61026371059506,116.07146771803549,98.0426271990688
2016-03-16,145.14455085576108,115.64503948166127,99.53238512533783
2016-03-17,144.7369207828428,116.04303959696668,99.17320677085384
2016-03-18,146.06186773340443,118.62673591586027,99.71663358184642
2016-03-21,148.6519604720968,121.7724453197246,99.642415904064
2016-03-22,147.93205458980253,122.84642100691696,100.87467939816456
2016-03-23,145.77755251702877,120.33322525870084,100.94307597343914
2016-03-24,145.3721126206991,120.15465836666337,98.89524047859689
2016-03-25,145.7689577280297,119.84266197263257,100.65550858001453
2016-03-28,146.83908905498004,120.13735081623626,102.27508476462476
2016-03-29,147.93810456848132,119.75189476601996,102.90416323827957
2016-03-30,147.1741532021664,118.24690715852824,101.27161696415043
2016-03-31,146.4009178611622,118.23867131674436,102.54354377016033
2016-04-01,147.6882187798727,119.76343303107626,102.84361022749844
2016-04-04,146.61583107744133,119.76491785641208,101.97043244938253
2016-04-05,147.72606242865598,121.45392395741762,101.357937286901
2016-04-06,147.5191745014525,121.83835745842555,102.46973464100137
2016-04-07,148.30557808992367,121.8681697048966,101.77686258716548
2016-04-08,149.03174280368745,122.35285370940564,101.55395672234121
2016-04-11,149.82839528474852,123.50988760956749,100.7387122807151
2016-04-12,150.66882198194213,125.07292687770031,101.20528974164172
2016-04-13,149.6994310017808,124.01139814625668,100.25828354890177
2016-04-14,150.01695211039208,123.89614666700734,100.77853296939256
2016-04-15,150.0509345217078,123.59812885779891,100.4145238188071
2016-04-18,150.37934255035543,125.0065093570592,102.4138296980227
2016-04-19,151.63259094459605,126.4068666347322,101.90361578633467
2016-04-20,151.38148270346812,125.96580571663209,101.9471230573431
2016-04-21,150.6895122808471,124.84835136691673,102.87254133462018
2016-04-22,149.98139680466144,124.59130867755515,103.70145019503705
2016-04-25,149.69057842687855,123.13901080690418,102.13258487855164
2016-04-26,150.46318897763962,123.59339228754354,102.27972388892815
2016-04-27,149.66837335189166,122.548409660901,102.65301147828914
2016-04-28,150.84763124699296,123.07490281563456,103.31154385919879
2016-04-29,151.15808271252547,123.47730487014823,103.1218500912212
2016-05-02,150.95197179188017,123.6198686855013,104.60241682763385
2016-05-03,149.6403208140939,124.7718615912614,105.97669211695379
2016-05-04,149.90525399857904,125.05598535161185,105.5998949217005
2016-05-05,150.61672332067147,126.12654198857055,104.51350165838414
2016-05-06,148.87095753394516,124.14634146042545,104.44327330073294
2016-05-09,150.08291710523082,123.92221466102102,105.02899493446333
2016-05-10,151.7506641201241,126.08803434975398,106.14367845418408
2016-05-11,152.109166417034,127.79471233957482,105.01294566771475
2016-05-12,152.62094731539983,127.48310710632077,104.39424748975269
2016-05-13,155.05464231198792,129.38125765291903,102.47762394257994
2016-05-16,156.3065329918391,131.18918437723647,101.55258888923592
2016-05-17,155.42877579290578,130.55686643304256,102.7265017656324
2016-05-18,155.43213060675836,128.83479712398767,104.90819308961889
2016-05-19,155.29519953914112,129.46515466517704,105.73983427841077
2016-05-20,155.16432274304597,129.2660825914495,105.70053633498902
2016-05-23,152.8200549252848,127.9229755824162,105.53781804942513
2016-05-24,153.59705976584758,127.8564212117276,107.60997715504075
2016-05-25,152.9803236487845,128.00976638742475,108.9477137370401
2016-05-26,153.1639751132622,128.91283515592139,109.28983609265612
2016-05-27,153.04783576952022,128.30369738885577,108.8883926127238
2016-05-30,153.93893114653824,129.37834549874623,108.25403055296371
2016-05-31,153.6631224562606,128.70467442247767,108.38561634796372
2016-06-01,152.88769439547042,127.72843180372497,110.3339692574395
2016-06-02,153.44011687552967,127.52569422424482,110.24092812490903
2016-06-03,154.86500256036987,128.36583417840635,110.03077818228702
2016-06-06,154.56519187698314,127.65181716479552,110.43929473191378
2016-06-07,155.95513990480936,129.6238628447904,110.30786692701109
2016-06-08,156.23732305481613,129.69872140200212,111.38455371923023
2016-06-09,155.72459356953505,128.49030996948048,110.48687150734924
2016-06-10,157.2697513698932,130.7294986326232,110.6949952247434
2016-06-13,156.47112503433968,130.4936248349976,110.10866852731274
2016-06-14,157.5051732334544,132.0437841267282,111.05631537753975
2016-06-15,157.02698726666605,131.6226127608293,111.30582252958715
2016-06-16,157.49720591230826,132.50923459986,110.63896386306308
2016-06-17,156.28305760703077,131.47401565904508,110.17601161467978
2016-06-20,155.4654649857766,130.14076652354683,110.18879407084664
2016-06-21,156.55051728647626,131.09722308931987,111.70007544072189
2016-06-22,156.75863413839087,131.37965445575082,112.28987987740126
2016-06-23,156.81692715485718,131.5361638314574,112.61910142917904
2016-06-24,156.39711891282278,131.81775208632735,111.64526121112635
2016-06-27,156.8635995865506,130.95442401612877,110.13761812895677
2016-06-28,155.4863303089528,130.08205408696875,108.58415468931486
2016-06-29,154.3863950646264,128.6445505683891,107.96298793729083
2016-06-30,154.2486046992967,128.35229703436661,108.34702226010245
2016-07-01,153.4343236681181,128.04330177565313,108.37452606473016
2016-07-04,152.75372989981256,127.56688801750333,109.48919684385076
2016-07-05,152.7022266417641,127.06510213541671,108.36940976052317
2016-07-06,152.58470530981765,127.5406353940878,108.13363693834053
2016-07-07,152.38219860918016,127.36234910507108,107.8473074379643
2016-07-08,154.06747422824898,129.40770349599921,106.82528362986784
2016-07-11,155.09855002852368,131.14218013445767,104.61558364973484
2016-07-12,156.34828454705257,131.90623899296472,103.76583062114729
2016-07-13,156.3401225456874,131.13448487702794,104.65445052309758
2016-07-14,155.85543825786428,130.83275032743242,102.86911309600833
2016-07-15,154.42153908041297,130.29855003120164,103.68676583653907
2016-07-18,154.09340167566566,130.29101598862238,104.53138816238754
2016-07-19,152.02744615885888,127.82548023316288,104.33893943677104
2016-07-20,151.46370484177766,126.18860540400196,104.58207630145004
2016-07-21,152.24794377721133,126.17787561101541,104.41278304260294
2016-07-22,153.88947402149165,126.85028945063821,104.38836604691473
2016-07-25,154.87508093817576,128.1287792137846,105.79776080605973
2016-07-26,154.0334804958939,127.54239185004678,106.91334429465235
2016-07-27,154.54609901869628,128.62121368570786,107.88035578179779
2016-07-28,153.7769349936388,127.98444364780903,108.11219300182437
2016-07-29,154.6199087837269,129.89803966351033,107.96456033648714
2016-08-01,154.52854760054177,129.8684365152395,108.19740482445657
2016-08-02,155.40674771499883,131.00326155670172,106.88702478224337
2016-08-03,157.9996432872319,132.81872159253447,105.98320877898227
2016-08-04,158.94216759056425,133.92940361541582,106.03059028295097
2016-08-05,161.29461753594296,136.62466399565977,104.21109106208229
2016-08-08,161.49205984892416,137.3694346403699,104.17959121077767
2016-08-09,161.18234212824285,138.06526380177775,104.00659774373216
2016-08-10,162.53604651745286,138.74108412661118,103.78446891656147
2016-08-11,164.28040307272005,140.49155790647953,103.60623836183746
2016-08-12,163.74538847816308,141.3122398150673,102.89212806042
2016-08-15,163.84202044375917,141.59227366866003,104.92416378776556
2016-08-16,162.4274909149687,140.36517685630054,102.93703817642202
2016-08-17,162.247445037351,140.07904941986567,102.13970941040063
2016-08-18,163.1557772658533,140.45387127803411,100.28842191560412
2016-08-19,163.08939242845003,140.52963513619446,100.54545898389793
2016-08-22,162.54017227086834,141.1081701838515,101.3719059417244
2016-08-23,161.15293236866054,140.34146529233166,103.08945998665251
2016-08-24,161.54118686857836,140.6522943413619,102.2751414800438
2016-08-25,162.3587275322438,140.75765352897662,102.8538390435256
2016-08-26,162.97522821501954,140.45996190851028,101.8659146408593
2016-08-29,163.25054391396907,142.4055726314494,101.70131003620119
2016-08-30,161.9964785646304,141.08247368954494,102.26438539040073
2016-08-31,163.77828720541157,142.59465267847273,100.68472241406371
2016-09-01,163.74175084081858,142.23448918005366,100.41404981578437
2016-09-02,163.61695439080825,142.26994425480052,99.6804680066892
2016-09-05,164.36988294084398,142.58146864959585,99.95402730988624
2016-09-06,162.22669670563909,140.9570518761348,100.66812882676476
2016-09-07,162.1822294683066,141.96706164404205,99.09459469780225
2016-09-08,162.06543986532674,141.35398183982727,98.8765649036294
2016-09-09,162.45772299727156,142.05182355861106,97.38718332142146
2016-09-12,163.82488284504615,143.10170300482076,94.97496306027485
2016-09-13,164.31708297401025,144.01120685782186,93.76298635701778
2016-09-14,162.50498457318258,142.07700867249054,92.99686239313006
2016-09-15,162.18590782017554,142.1113532005062,91.67476706415027
2016-09-16,162.41143951826842,141.59121932955208,90.44977605069421
2016-09-19,162.5786067574404,140.42694702734045,91.63757033026847
2016-09-20,161.31734385566267,138.4848107834796,91.64517040894455
2016-09-21,159.67358531576429,136.49714392861173,92.63176183079355
2016-09-22,160.2425961949808,136.1574616317351,93.97219961359174
2016-09-23,160.60613128802632,136.22168828666562,94.0543667865564
2016-09-26,160.60483022024385,137.00675336057785,96.56105470666321
2016-09-27,158.8994082366434,134.8306015943945,96.94363891513073
2016-09-28,160.69345860376527,136.5821350270361,97.02397169395643
2016-09-29,157.8132248585919,134.37994267186932,96.15396683531247
2016-09-30,157.46912757553793,133.59619111308328,95.75690970102089
2016-10-03,159.58027900576207,134.61684218548217,96.07460911909814
2016-10-04,159.44285313715108,134.80644877518023,96.11713733922622
2016-10-05,159.69492335232633,135.3421481863671,96.31293431733329
2016-10-06,158.5357769128329,134.15981399413621,96.61661238318567
2016-10-07,159.91441693896232,135.1482154141696,95.20392314108865
2016-10-10,158.64179402822035,134.11523961336493,94.35963961973803
2016-10-11,158.9162132014643,133.39625092557657,93.90721041885307
2016-10-12,159.07111884781546,133.5920974210959,93.31057881593728
2016-10-13,158.0403942923469,132.97881904196848,91.90729662490861
2016-10-14,158.94737369395492,134.940953046776,91.75578241272525
2016-10-17,157.55141568272518,132.90966396571872,90.80808580323311
2016-10-18,156.88793114979163,131.7554532605657,91.73735214368234
2016-10-19,156.87922894687546,131.80236964476347,90.85664966466423
2016-10-20,156.48673125014582,131.0677191797698,91.01717312991391
2016-10-21,156.9745379247595,131.16711174050835,88.94377494606705
2016-10-24,157.91859276576162,131.92489037768755,88.69981881120387
2016-10-25,157.64481900150818,131.49527626786303,89.61380661003817
2016-10-26,157.1233530336361,131.05246290816578,89.57652473543315
2016-10-27,156.62637480437232,130.9639804336299,90.14396384797655
2016-10-28,156.28078085936676,129.54072738095235,90.26691648776097
2016-10-31,157.11042975406093,130.6033768684269,89.87557740583419
2016-11-01,156.91284474751257,128.85980320244713,90.28751729845278
2016-11-02,157.3404842811771,130.4126827154473,90.61424766500458
2016-11-03,157.2693315051438,131.0129920904954,90.91912409672886
2016-11-04,156.44486632973133,129.9254332524695,90.24330831162983
2016-11-07,157.3285860695571,131.3541549737469,89.66524844144354
2016-11-08,156.31054481148882,130.43666376677066,86.81931677952294
2016-11-09,156.33674260819595,130.76521923464202,86.8196326068232
2016-11-10,157.84376646327183,132.50468772985482,85.6630314334264
2016-11-11,156.77065942118855,131.89041981605067,84.80718952983167
2016-11-14,156.7354709003773,131.8622387002668,85.52712627329288
2016-11-15,155.1706898019607,131.04730982017054,85.6126441786566
2016-11-16,154.6812735307384,130.51952905407106,85.90072848711621
2016-11-17,153.20667387222602,129.0736034664404,85.0730972802026
2016-11-18,152.86508669339202,128.13412192233238,85.44884926074363
2016-11-21,152.34678923233452,126.45209474146463,85.37008398670099
2016-11-22,152.49876084614056,127.69989058748563,85.46469493615582
2016-11-23,154.103061753462,129.53860498838463,85.25134039543325
2016-11-24,154.40604627007926,128.7997672616088,86.79694166862795
2016-11-25,155.0842207228292,129.63000923030927,85.57714278547691
2016-11-28,155.05351878333548,129.7598245189852,85.72259829210523
2016-11-29,154.82899516786927,128.04051004539232,85.91270879103976
2016-11-30,154.01501334349058,126.81936897523825,86.7625937934206
2016-12-01,152.23415652255838,125.34013226675104,87.19432432836051
2016-12-02,152.32277689095758,126.63850370670589,86.6379964320718
2016-12-05,153.97190041010512,128.74180248865562,86.7202389899224
2016-12-06,154.46820028197584,130.03406596969688,88.17060912343032
2016-12-07,153.95421132333956,129.85249492894835,89.178147919602
2016-12-08,155.62361746697184,131.89611426579197,88.72127220110822
2016-12-09,155.21099396501015,130.74462982352958,88.85201933334986
2016-12-12,154.61215425294682,130.70670072937457,88.67043336654409
2016-12-13,153.4194599012485,130.27142021995024,89.94424872546192
2016-12-14,152.47740896616546,128.6340999434795,89.47317338744541
2016-12-15,152.25104609659368,128.63945258167305,90.74206014118326
2016-12-16,154.2700667644138,131.3336343633906,92.34650523422843
2016-12-19,154.0838905511499,132.5428138615913,92.1810541463433
2016-12-20,153.0723742497498,132.72774349588386,94.39553423535997
2016-12-21,152.48695562031867,131.75965524913633,94.13719100546388
2016-12-22,152.2840938595628,131.53282241615906,93.9172511223116
2016-12-23,150.59234193537398,129.81675508218768,94.63911723632631
2016-12-26,150.73897037148117,130.8011423723491,94.10613786267666
2016-12-27,151.45963885705584,130.78435664078836,94.18737095013024
2016-12-28,151.8004510980609,130.32430206800618,92.99552412627482
2016-12-29,152.42118374882656,129.6905349954702,92.57168667286601
2016-12-30,151.15163670572326,128.82623646748127,92.63906138615994
2017-01-02,149.4730448030766,127.80175789654987,91.274825580017
2017-01-03,150.77861939830152,128.43739654795473,91.96726826227246
2017-01-04,151.8929507345435,128.81196389361844,92.69560926214393
2017-01-05,150.3726862771451,127.48195813267522,92.5701402390882
2017-01-06,150.5990679352625,128.62458518681993,93.20947890648803
2017-01-09,150.64459580523663,127.7315780725158,93.85273450554371
2017-01-10,151.2094821019426,128.17337994662236,93.04002566133907
2017-01-11,151.43806831405217,128.52316492579263,93.56522403546691
2017-01-12,150.95593640946393,128.41963263715184,93.76222437882453
2017-01-13,151.17119304760683,129.4923753407734,93.08913267579656
2017-01-16,151.34823992927502,130.23096565769953,93.44847853246195
2017-01-17,151.31961229826626,130.41284982527006,92.36590566678196
2017-01-18,149.48719366774435,129.9849029126191,89.52925525692062
2017-01-19,146.51199264530382,128.41340405486972,89.95109667209401
2017-01-20,145.74180385188035,128.004268425995,90.17742413106942
2017-01-23,144.12703234376795,126.8813845306568,91.9702324019682
2017-01-24,144.39959438651573,126.27139239130643,91.6480206514773
2017-01-25,145.13569110402344,126.95802257541763,92.5268312101835
2017-01-26,145.41880652775265,126.64071112156459,91.65274580560184
2017-01-27,145.06927863187278,125.57017073229318,90.52706125294394
2017-01-30,145.1597594764648,125.46137246225203,90.22216111458404
2017-01-31,146.34710052201552,125.21305447847041,90.45690175548594
2017-02-01,145.6382924884116,124.03888044739598,90.44659567340327
2017-02-02,146.58058722814093,124.45022498961104,91.58356906093012
2017-02-03,147.30820355906502,125.28586226214487,92.79903295400126
2017-02-06,147.58988783316386,125.3022202712571,91.58350225409136
2017-02-07,149.06181799083095,126.7718806900605,91.12869526909506
2017-02-08,148.36399940762425,127.33598342263858,93.00136724104003
2017-02-09,149.3265054300515,128.68597516245825,94.43547948470754
2017-02-10,148.41755384448342,127.1500547695096,93.36734361481743
2017-02-13,147.67052226792026,125.30882341723462,92.71995794174025
2017-02-14,146.6308111828911,123.84058735376146,94.81567479628329
2017-02-15,147.0966427804954,123.59707841501363,93.98394800959876
2017-02-16,146.17688274341256,121.4789525989773,95.35685582642151
2017-02-17,146.24904264192887,120.34185794040097,93.5002705682902
2017-02-20,145.1323307302991,118.25878458171893,93.43753888173391
2017-02-21,146.2185883160837,118.72037400178885,92.5606341809115
2017-02-22,148.07476182733183,121.21847062162851,93.05197282725004
2017-02-23,148.32083846965463,122.61665765474035,94.48280406523129
2017-02-24,149.98420388537798,123.22507358558595,95.11002467809904
2017-02-27,150.5648675225264,123.36085774882093,96.2898199058092
2017-02-28,152.7541775047386,124.14082030121162,97.63147197852612
2017-03-01,152.87389177018153,123.08422717201952,99.46180042196448
2017-03-02,151.3234681660787,121.78316161271839,99.95541733998124
2017-03-03,152.8340521969076,123.00995053763427,98.17362614486015
2017-03-06,152.72768505456085,122.4622473374889,96.75622748260032
2017-03-07,151.71184003811283,122.07042757176748,97.80908014851495
2017-03-08,151.0755741786454,121.30097566607644,98.58221662195439
2017-03-09,149.46924245687455,120.75077165602603,99.81655989046561
2017-03-10,149.3215406532674,120.24691164539846,99.62309206515266
2017-03-13,148.27027689811928,119.97022998436903,99.26153680328
2017-03-14,149.7744574542975,120.99305152707429,97.49723669148916
2017-03-15,150.45894945284462,121.58830368802866,96.44843602738689
2017-03-16,148.8185434332394,120.67168576529032,96.36280599373922
2017-03-17,147.32917110834407,118.50026981254024,95.72529332048097
2017-03-20,146.78219532787406,117.50365426377289,94.11040799554695
2017-03-21,144.87715430727872,115.89250807146698,95.5869850342354
2017-03-22,144.78734849870708,115.5874135456832,95.61684339685073
2017-03-23,144.7639003489423,115.71239458479694,95.88336790177715
2017-03-24,144.01109401501859,114.50474241275461,95.994235149099
2017-03-27,143.48459963480798,113.11680471638438,95.96531472334127
2017-03-28,144.00345247897127,113.42554909899921,94.89512303303604
2017-03-29,145.4451371017143,114.7490955365261,95.74942545753939
2017-03-30,146.9608103196383,115.36477620855253,95.16935769004053
2017-03-31,147.0151191502761,116.23018482055106,94.13649904673859
2017-04-03,147.89096825048523,117.3849243612512,95.37445612031793
2017-04-04,147.17261285735822,117.37251407429629,95.46409965343767
2017-04-05,147.60456664099246,118.23384961939355,96.06223309748985
2017-04-06,146.6648946517976,116.8485558025893,94.14645192850041
2017-04-07,147.4144680185126,118.91029426079575,95.89060452234055
2017-04-10,146.19606681924952,117.41010728210345,95.0389505899806
2017-04-11,145.25098374775882,116.89967464241795,93.87940638231947
2017-04-12,145.26263910293193,117.40376383047989,93.45750510579241
2017-04-13,145.83962828512267,118.08928003003612,92.47129954845998
2017-04-14,144.42145373955736,117.08122314265579,91.56674706660482
2017-04-17,143.90481515412105,116.09961805851454,92.04340818542337
2017-04-18,144.05996620532818,115.95319870138059,93.49261103530581
2017-04-19,144.3090125123789,116.18941490710884,93.2415124618259
2017-04-20,143.49021329502733,116.46375043045957,93.24685762710904
2017-04-21,143.6070958529506,116.11338789182882,93.31410591898444
2017-04-24,143.35985881566063,116.42182991971677,93.50426438269375
2017-04-25,144.7836879735122,117.8935661418855,92.24021892305845
2017-04-26,145.3605862396832,118.44501489541705,93.93165839957383
2017-04-27,144.05649088268413,117.05049963102458,92.49565131566544
2017-04-28,141.87493376567738,115.24761488602341,91.84032910040892
2017-05-01,141.9948155658994,114.17885097445014,93.90555409222452
2017-05-02,143.19690011268267,115.2711489462769,93.7890712700616
2017-05-03,143.39064016723708,115.71353836770419,92.78074398304128
2017-05-04,144.29270620183235,116.13596134300374,92.90269210878462
2017-05-05,143.82803279146827,116.2005295412397,95.26320343414596
2017-05-08,142.48411222907419,115.4158225812656,95.3473261967925
2017-05-09,143.25270596170935,115.59328303575664,94.23912889972831
2017-05-10,143.37164823634987,116.35113329668707,94.49046773953194
2017-05-11,144.07533116344223,116.61657640290855,94.8215241425367
2017-05-12,142.71376522155145,117.29220988293585,94.00219751480083
2017-05-15,142.91531866289455,116.80514235427268,94.26933161632503
2017-05-16,142.3098176729339,115.82966410647555,92.03327912142801
2017-05-17,143.13640651608526,116.12337867363293,92.52206616343469
2017-05-18,142.57571919184767,115.9208203338049,92.77357268878107
2017-05-19,141.98832428987117,116.34136104766674,92.90467255200987
2017-05-22,141.42260391285782,116.02672001722092,92.29588774499688
2017-05-23,142.70632095132584,116.846420218515,93.71015472101038
2017-05-24,142.75518514710504,118.28947976191851,94.43540653164078
2017-05-25,142.01518799008858,118.47751676790614,95.84804312262351
2017-05-26,141.01260381453582,117.54063569154873,95.2883175134779
2017-05-29,139.98848137287487,116.70313961410925,96.10759067906467
2017-05-30,141.47110892113128,116.8770528274127,97.9122229180488
2017-05-31,139.67633440763402,115.53097099891107,99.4014338538922
2017-06-01,138.84597687556902,116.13166714441607,98.51692599237693
2017-06-02,139.50386721718996,115.89710631425211,98.53188822000767
2017-06-05,140.70236292910033,115.9210200044396,97.92364742205197
2017-06-06,140.57408552170588,115.97064700686863,97.67564455553256
2017-06-07,141.37960157547954,114.99787529728167,97.71227660993364
2017-06-08,142.15921886664842,116.6579235629021,99.52770047664902
2017-06-09,143.16540594352261,116.46026477443203,101.10274284694202
2017-06-12,143.23182097429753,116.06551243634257,101.0016882653059
2017-06-13,144.90678908533786,117.35091583235459,101.93728294115935
2017-06-14,145.14291445793765,118.43357906575442,101.37293887478751
2017-06-15,146.7111145436101,120.01066392247824,100.14456892750468
2017-06-16,145.64832612625082,117.87431152201056,98.26972444166128
2017-06-19,146.6289391815674,117.521542078562,97.43550256505765
2017-06-20,145.41390226133964,116.73751157728064,99.48256113467613
2017-06-21,143.95831888892258,114.14840791425937,99.71173633341374
2017-06-22,144.50381796525866,114.42212930825077,100.2879213030575
2017-06-23,143.72407348365198,113.26068356347281,101.38380380154106
2017-06-26,144.22106721869966,114.25724512157042,99.42761249063344
2017-06-27,143.2018101139467,114.31798679369786,99.21177059751695
2017-06-28,144.8621856021625,113.91408847540498,99.2622858453572
2017-06-29,144.92759860953134,114.29884990172773,100.57003484387096
2017-06-30,143.8533248595955,113.91531071084862,101.00721957996363
2017-07-03,144.0889839617036,113.59081176700158,99.32589348784035
2017-07-04,145.03306389846307,113.95015197257683,97.6018879692079
2017-07-05,144.32617783126145,112.56812130082159,97.92679439631593
2017-07-06,144.907927508289,112.81703070373601,98.14756921995244
2017-07-07,147.02127522017707,114.81614416596467,96.73257054340154
2017-07-10,147.95676099438427,116.52291330637608,95.33194442398556
2017-07-11,148.01600895457102,117.59261963448873,95.42247782520406
2017-07-12,147.51648335353198,117.00200541883214,94.09668107933503
2017-07-13,148.16562139074506,116.947567934579,94.46191705982508
2017-07-14,146.72121569625497,116.50112732426122,94.21868187241287
2017-07-17,143.7547376739534,112.2007042795995,93.93877836126198
2017-07-18,143.16134066042184,110.75886326316036,95.9195422729399
2017-07-19,142.15287443948796,110.41886240155527,95.08125311568024
2017-07-20,143.97271415007526,113.44914992128074,93.93725769889758
2017-07-21,144.18860069497913,113.08009900978882,93.40308269879289
2017-07-24,143.28019759863244,112.43379432244761,90.96824340963327
2017-07-25,142.1949898360699,110.79321400703853,91.74293949279736
2017-07-26,142.7731312874911,111.21677892162415,92.38864203051806
2017-07-27,142.02192026562392,110.57546772408948,92.46346112466716
2017-07-28,141.51961926546164,109.65872722051603,92.41724870748241
2017-07-31,141.5092495232059,109.94266308239787,92.31751715092693
2017-08-01,141.67961247431026,109.97731627845056,90.726061924775
2017-08-02,141.86015800372775,110.49542927724184,90.53400936556655
2017-08-03,142.05958008015492,110.53227422675853,90.46161234754489
2017-08-04,143.44741163431047,110.81890455983832,91.2611979045517
2017-08-07,145.23609057789582,112.37413364271683,91.51880666171917
2017-08-08,143.6711761909676,111.7485475639048,92.51205545403339
2017-08-09,146.33745934300708,113.35468120687979,93.16379595648336
2017-08-10,146.55658977282965,114.49691505294594,91.10288942039392
2017-08-11,147.8914500551498,115.90491872480355,90.3019737720407
2017-08-14,147.2432333195821,115.15815605305019,90.90699742917901
2017-08-15,147.6605458052041,115.54248165661028,90.44652983406468
2017-08-16,147.96805222294762,115.52077470930128,90.40005829430865
2017-08-17,148.17418297763408,115.08312690042752,91.22548796446085
2017-08-18,149.11989721044725,116.51520050742492,90.19029223332704
2017-08-21,149.8456325877408,117.75792846770078,90.34583552841823
2017-08-22,148.93421743800565,116.73933274988389,91.96607460964064
2017-08-23,148.91079522499666,116.62115455755759,91.98892453428321
2017-08-24,149.73425797980377,117.16319166409619,91.25002958442064
2017-08-25,150.5161738663986,118.3074065189871,91.24246398490268
2017-08-28,150.27520462195292,119.17001333188766,90.84709940501943
2017-08-29,150.08959430259853,118.58405163612596,89.57020644989719
2017-08-30,150.03088333698747,118.78064991240039,90.20062049129987
2017-08-31,149.02179394345876,117.98628968129333,90.20485616215818
2017-09-01,147.82956395093922,117.45235149347897,88.30333714361456
2017-09-04,149.4941861572563,119.82191479823285,89.50197007524652
2017-09-05,149.19435723296516,118.99241421660369,88.53849908098967
2017-09-06,149.38504077940274,117.72861486303134,88.59529648900866
2017-09-07,148.73232299726396,117.122389006731,89.04068950991405
2017-09-08,150.12510144314908,117.15004523057537,88.89799588762463
2017-09-11,151.97273561045563,119.84156331163396,87.6091008402521
2017-09-12,151.84815046691517,119.28996900867988,85.22966889662035
2017-09-13,152.45789533050703,119.61984299528007,84.65021741745423
2017-09-14,151.79823969862116,119.30372139253417,84.86396226923962
2017-09-15,153.65858736360838,120.9785319066649,83.61844149043205
2017-09-18,154.67972932602402,121.54082144815271,83.19224505591417
2017-09-19,153.93511065136394,120.9874596303356,84.4684092812946
2017-09-20,155.27828408919396,122.76866317602327,83.44496469046805
2017-09-21,155.733538861293,122.95691886745085,87.48182636931247
2017-09-22,156.24224483161618,124.70345983732251,87.8482839985223
2017-09-25,156.69449161835226,125.35072480300964,86.62533332360563
2017-09-26,156.12021915867317,123.2778270598886,87.03938761226173
2017-09-27,155.67618605335036,123.59168216629438,86.79037498050336
2017-09-28,156.39239495073525,122.9753044782191,88.11509740083959
2017-09-29,156.43589849285922,123.2947435425985,86.82973595087132
2017-10-02,155.5800875513416,124.24029026306017,87.51854679138111
2017-10-03,157.7034366568663,126.73518309660908,86.39384594180933
2017-10-04,157.5853215574013,125.88421589175707,86.73019440931978
2017-10-05,157.11691316835578,124.98056395704896,88.25804914210153
2017-10-06,156.50973145398297,124.55341147029618,88.39896805722985
2017-10-09,157.2901699062339,126.24053944400832,89.76488696070645
2017-10-10,158.35483556893627,126.61905974915426,89.45560704671684
2017-10-11,158.69023062236528,127.70629662186518,90.39923308175983
2017-10-12,159.64865572216132,128.72821653516255,89.7347770680396
2017-10-13,158.23850988865632,127.56762955091858,89.47333586401255
2017-10-16,157.95537468267926,127.26394251938764,89.48923943572512
2017-10-17,157.5730022709139,128.17569658794878,87.97948676288051
2017-10-18,157.66567895111763,127.22739767575045,87.0330737797993
2017-10-19,158.24100005834293,126.93038244020366,86.41943284666021
2017-10-20,156.2875533616164,126.03958396730125,88.14684066236354
2017-10-23,159.4988246211442,129.34306935609075,88.2907550827503
2017-10-24,158.71616876932748,127.84034568252669,87.10757974753592
2017-10-25,159.14475664349933,127.57769278556933,85.8605790485205
2017-10-26,160.05542281453432,127.53984925761176,85.74237873498988
2017-10-27,160.98866507297276,128.7177309125346,84.56553202245803
2017-10-30,161.31019455074198,128.55770419296405,84.7393900737421
2017-10-31,158.47915576789472,127.33643707481868,83.59910620122464
2017-11-01,157.469737547521,127.44232898631273,82.50586336572493
2017-11-02,158.30478221801823,128.59738833168026,83.32603193790251
2017-11-03,157.45752978849652,128.32198515515978,81.40624742226726
2017-11-06,156.47412776220992,128.14448744550512,83.71014529337236
2017-11-07,154.18917244110963,127.08863720873696,82.91997569992763
2017-11-08,155.47574130563436,128.24441305835634,81.39727614388879
2017-11-09,156.0522688388145,128.99329986031043,81.98677555889965
2017-11-10,155.2232942917249,128.966421295692,83.0754885323571
2017-11-13,155.15235720290664,128.89414204413663,84.3903092832724
2017-11-14,155.11132759690952,129.59603188592945,84.92076316175323
2017-11-15,154.05216001052048,128.62718540910285,84.20205188064017
2017-11-16,153.83306565769595,127.8975538169767,84.0256778234226
2017-11-17,154.14031302465114,128.30365051034133,84.16087583863633
2017-11-20,154.74407377512935,129.961957403252,85.04137332965105
2017-11-21,156.05973827818653,131.9851358339773,86.02321449110443
2017-11-22,156.1367864753668,130.76828108378274,86.73661259714744
2017-11-23,155.72103522107827,130.5946423160856,87.6123555811485
2017-11-24,156.16898006816035,130.53539825407017,85.33527473177233
2017-11-27,155.5835215827586,129.8008232394622,84.77447689815055
2017-11-28,154.3751197169965,128.57471014350884,85.96193647905251
2017-11-29,155.56093713036256,129.36382793468584,85.48811051936299
2017-11-30,155.22127460285716,128.73789253507246,85.41112425227546
2017-12-01,155.38316318752453,128.71365451170738,84.67807264000962
2017-12-04,156.07326768591264,129.47357702285404,84.54412176300893
2017-12-05,155.00576557837755,127.81007481257029,83.86466668172076
2017-12-06,155.68683617158078,127.58828704140117,81.785397156647
2017-12-07,156.17684398177857,127.35448904204478,82.17079173105233
2017-12-08,156.11814878525735,126.72143035265036,82.60160943982441
2017-12-11,156.55197735616127,127.73991431588013,81.68798304230398
2017-12-12,155.83440202513916,126.59149345271477,79.57752574743952
2017-12-13,153.66777419923068,125.04814612349826,79.2143665452636
2017-12-14,153.423353074612,125.12777061204544,77.903509326504
2017-12-15,152.5507371777531,125.13929209803771,78.89196488029334
2017-12-18,153.4577449526869,126.03605301898943,78.58627859205258
2017-12-19,153.76058524838865,127.15549534451877,76.89570019823773
2017-12-20,153.26897354786175,126.78905988433364,76.11676251668268
2017-12-21,153.35456864342427,127.09781968407242,77.91694591717399
2017-12-22,154.74565401499993,128.78919861237617,77.64315144140376
2017-12-25,155.91872040918173,128.70606910990546,76.71627139596809
2017-12-26,156.32562263611487,129.38611775195943,76.34627132679041
2017-12-27,156.79414901919523,130.8730731775819,75.05304603303749
2017-12-28,156.55374097742225,130.72367800760998,75.83759339378729
2017-12-29,156.4608777342071,130.4405175182131,74.30019421578265
2018-01-01,157.08754711662976,132.2521373550041,74.8142490061041
2018-01-02,157.0053624672998,132.13360256039226,75.79126938051427
2018-01-03,157.34149719870675,133.14403223588926,76.66147546968124
2018-01-04,156.26257344617275,130.43566963807956,76.46605169170124
2018-01-05,154.63025027900386,129.1692784506599,75.97268035985317
2018-01-08,152.9675590229969,127.45005281541549,75.95126899187908
2018-01-09,152.56629322689977,127.39217404500911,76.15616771208516
2018-01-10,153.93058386915664,129.28535730198072,76.68404978597867
2018-01-11,155.1501796768001,130.065811950398,76.63338328858724
2018-01-12,154.1887500144675,129.06439032401818,76.8483648753536
2018-01-15,152.66794305513585,125.81619990236136,76.34014729329144
2018-01-16,153.49684085038828,127.1368937810591,75.4767563417127
2018-01-17,153.99582662925553,128.52068391408685,76.5813546568314
2018-01-18,152.66255886704604,127.53421664528531,76.98550321695355
2018-01-19,153.75612170508595,128.04408846083675,77.69057690169018
2018-01-22,153.9663681381655,128.46621358629588,79.36995508137946
2018-01-23,155.32582000506164,130.25585420643029,78.61563578833523
2018-01-24,155.70379263914901,130.93265709335483,77.96752118169282
2018-01-25,156.629731809561,133.02176469032042,77.55477623451927
2018-01-26,156.98657629229479,132.69980954098298,78.42621688799099
2018-01-29,156.06892959856344,130.84690444258166,76.94757805340355
2018-01-30,155.87103917290267,130.95448685355015,76.23626238850763
2018-01-31,155.22802032491205,131.2303803125529,77.03231991292127
2018-02-01,156.0932726392979,131.44073186924936,75.41130484326727
2018-02-02,155.1315080877905,130.55170484491254,76.11090427629641
2018-02-05,153.63207527677196,128.7881672905632,77.72551985381752
2018-02-06,154.34888585960226,128.41261964306315,78.1387226088034
2018-02-07,155.52981712722098,128.84908747372555,77.26791584139566
2018-02-08,157.00972626304494,128.6321471792883,76.80145160588715
2018-02-09,158.1365257569797,129.8822564759218,75.78074611783448
2018-02-12,156.6620306915312,129.15628428282258,75.69636337710423
2018-02-13,155.99826893695277,129.3392283131496,76.65552078976614
2018-02-14,155.48276381101468,128.38283240703856,77.6852333535932
2018-02-15,155.49274099758668,128.0223303936445,75.38740195881
2018-02-16,153.37076960735726,125.25599202489559,74.59313999561712
2018-02-19,153.39323643360322,124.44577199639441,74.92505195155222
2018-02-20,153.7020373743274,125.573892201698,74.56349974071968
2018-02-21,152.783001352524,127.00241298007755,72.05762628400036
2018-02-22,152.9326331934295,126.39592242598997,72.26924868113034
2018-02-23,154.15567604603729,127.1688826844856,72.81822073548197
2018-02-26,154.2332170170069,127.97070697237434,72.8112365019687
2018-02-27,155.3216069387011,128.38232014891176,72.73595883732202
2018-02-28,156.36704272243702,129.69205360056986,73.68718453136262
2018-03-01,156.8086910625043,129.86096197500297,72.23200972508836
2018-03-02,157.2236239632601,130.02501114536392,71.92375586669597
2018-03-05,156.88314962856583,130.44226205081935,72.33215166675802
2018-03-06,158.15559638181233,131.28251106542106,75.81713452679439
2018-03-07,157.71585328837898,130.0574744581807,75.06868598592948
2018-03-08,157.04980397420042,130.18584927215343,75.86805312446769
2018-03-09,157.78712720480647,130.8252040026241,77.6356865860851
2018-03-12,157.09237249132207,129.90939761981102,78.42085183947164
2018-03-13,157.54973579485383,129.76890188671842,79.30979253287245
2018-03-14,158.63836117819787,131.14315426096107,80.59653769693722
2018-03-15,158.750717188464,130.78617480361584,78.78035002239533
2018-03-16,158.8882334168356,131.0738003682461,79.30530187618507
2018-03-19,159.83895464527762,132.61511954693697,78.85227863027569
2018-03-20,160.62524116470155,133.18469945321834,80.43087621237416
2018-03-21,159.11779846314232,132.7635147165667,80.87994781450922
2018-03-22,157.84014461877732,130.73449428330446,81.1556835568301
2018-03-23,159.20507887051275,132.29187731994645,81.35655390509136
2018-03-26,159.62920304993864,133.00630268259468,80.0822819407472
2018-03-27,157.58199878877195,132.65328292511253,81.03910435542392
2018-03-28,156.26782818012003,131.48670907574723,79.39479805730974
2018-03-29,156.32792254025958,132.041276513738,79.20426401337086
2018-03-30,155.38330425520687,131.01341612532727,78.85358582872038
2018-04-02,155.8885268182854,130.53554242871618,79.87915335096879
2018-04-03,156.00370833422534,129.94383940244674,79.90303918699571
2018-04-04,156.5315869411074,129.85773580435057,79.0462294138495
2018-04-05,155.400943432725,129.52519914365206,79.75694135013825
2018-04-06,156.0602777473167,129.48875522947193,81.5494344660406
2018-04-09,158.05860654770288,131.14348750538025,80.51593758788007
2018-04-10,157.30274236705668,131.19156163159192,81.95620438437699
2018-04-11,158.6565654986422,133.1150653880347,81.29088394362718
2018-04-12,159.678683000649,134.49321990472444,81.07812673058862
2018-04-13,160.36367314953375,135.945290643461,80.89289890787141
2018-04-16,160.33909403554074,134.9187342649508,79.84312643851086
2018-04-17,159.21852307006526,133.5479334567985,81.52849509454273
2018-04-18,158.38235278985027,133.00707982151098,82.35668791872371
2018-04-19,159.18847988020315,134.32819736239065,83.00495309683971
2018-04-20,160.21008681501502,135.33932321534874,81.62977608488774
2018-04-23,161.4757432499273,135.64095292449784,82.33575730757634
2018-04-24,162.47926069965942,136.193777486048,81.44197034474321
2018-04-25,163.4257660202655,135.6980471914706,82.8800751422551
2018-04-26,163.03450497257631,135.95373842983517,81.08198298619308
2018-04-27,161.87009630999717,133.7293741727627,81.85131543868067
2018-04-30,162.11785666599692,134.13995320914916,80.26592567600582
2018-05-01,162.66192161368468,135.37343546117705,78.76976062119849
2018-05-02,162.79162430297367,136.0903615210993,79.01811917908779
2018-05-03,161.315215554613,133.71212120758886,79.92285500954154
2018-05-04,160.83897108602903,133.50819842528188,81.09559663235355
2018-05-07,159.40593191660528,132.1314326650885,80.7056311219729
2018-05-08,159.5959174008354,132.1070572670668,80.16125448427627
2018-05-09,158.59006538455543,132.4977760125932,81.13483714720431
2018-05-10,158.467588953458,132.55083483160672,79.96235779541992
2018-05-11,158.83485233659425,131.77981754391354,78.82505366223435
2018-05-14,159.0169571387852,131.19276399903652,79.39091014375248
2018-05-15,160.43056655531626,132.90228307269882,79.88464561315136
2018-05-16,159.3708424109971,132.24719310154526,79.99571229124028
2018-05-17,157.23278074431389,129.7616876056767,81.30365604782774
2018-05-18,158.22367448082326,129.46116914347306,79.63385583124604
2018-05-21,159.672198666894,130.39928961606878,80.14460337587997
2018-05-22,161.1509839606615,131.45850422017642,82.43698379656591
2018-05-23,161.48283383657466,132.48944634621003,82.03793769118325
2018-05-24,162.0696246999479,132.66221099810315,80.7596424630502
2018-05-25,162.24027892521042,133.42074900813876,82.07414383732558
2018-05-28,160.99361762401318,133.3748970958066,82.6822051442868
2018-05-29,160.47125916337828,131.86099273356697,83.97335110687906
2018-05-30,161.01698683935638,132.00021149638854,84.74083116260124
2018-05-31,160.4892133745449,132.80028569196605,84.31716612119774
2018-06-01,162.44645436168494,134.09064019120316,84.14014486037888
2018-06-04,160.9554739789785,132.94526349073007,82.96628521546265
2018-06-05,160.571686945958,133.36743118497787,85.71223669447186
2018-06-06,161.73221751028282,133.757438674036,84.79988769560175
2018-06-07,161.17494176880456,133.05685579971265,84.48871683653735
2018-06-08,160.09296679369854,131.087732683508,83.83418144930032
2018-06-11,158.78428432594492,130.57045122219694,84.34111868340844
2018-06-12,158.10809866962813,129.78494994973707,85.86053933537904
2018-06-13,159.66905831588005,130.8900006604467,85.38682465474864
2018-06-14,160.12910817365133,129.58110361094558,85.90082571665164
2018-06-15,160.6969353882772,130.97149462560355,86.71264320071316
2018-06-18,160.22920352296313,131.2647702585781,89.0299865734032
2018-06-19,161.12527324808485,131.55163934341454,88.85140993675556
2018-06-20,161.28411724003763,132.69786890232777,89.18187152638679
2018-06-21,160.4152651150373,130.36235768792426,90.93629296455535
2018-06-22,160.01533604283185,130.20075482666516,89.50503888500543
2018-06-25,160.27042125403494,129.4163856327777,89.54638110845923
2018-06-26,161.49389165424162,132.57468087901026,89.68899930804668
2018-06-27,161.48860681647056,130.83228957888937,88.58907009493413
2018-06-28,162.04166661210618,130.6514253594502,88.42969643327194
2018-06-29,164.1145179335166,132.05772583055966,88.70312004515053
2018-07-02,163.3691615227291,132.3239197245142,89.91145784375313
2018-07-03,162.18198758427025,132.18468698477253,90.91017274478442
2018-07-04,163.2189499778117,133.44801358558416,90.39921777481584
2018-07-05,163.71108524146854,133.79330279349674,89.4862545574884
2018-07-06,163.66688451233452,135.38770959427845,90.51990016066074
2018-07-09,163.98508530716575,135.13452575366094,89.00780019458568
2018-07-10,163.70983976516195,135.1713593165129,88.49705348101185
2018-07-11,164.28026082261164,136.87175217838492,87.37796319709851
2018-07-12,163.9990340391567,135.6971770232981,85.79310648990443
2018-07-13,164.8536977418569,135.80444430560135,86.10001191074552
2018-07-16,163.73794420138356,135.7230560706338,84.67594978236488
2018-07-17,162.97628975176448,135.4053118065169,84.06503020578538
2018-07-18,163.14782528175772,134.56952047120217,85.3763876790361
2018-07-19,162.7332992603923,134.2864128385598,87.00485212203274
2018-07-20,163.48439568638057,136.2593272001229,85.64712103367351
2018-07-23,163.49791959124354,136.00117836159376,84.72202645023168
2018-07-24,163.01155369815916,136.11018497114074,83.8524465046985
2018-07-25,163.2775190120497,136.30431859497511,82.50304797846988
2018-07-26,162.80605367177972,135.33639860287047,83.87542196854292
2018-07-27,161.30522419248567,135.20868060119176,84.80262550547812
2018-07-30,160.2262564617389,134.8805134815046,85.32397468812826
2018-07-31,159.48213853243794,134.93688834639002,84.33836643058798
2018-08-01,159.07003509604118,134.25926124659745,85.1279233680678
2018-08-02,159.22614197755246,134.24132033470596,85.33885946248094
2018-08-03,160.1961306194716,134.97159810196163,85.32344453684222
2018-08-06,160.80747396940205,135.57439075605396,85.92933914983227
2018-08-07,162.64809223215715,136.5936401727716,87.33435936167525
2018-08-08,163.9841822481045,137.1343341324384,87.2817776396062
2018-08-09,163.85761166650428,137.82170470750523,86.87610571439068
2018-08-10,165.5712017391938,138.2225459522043,85.84041188031013
2018-08-13,166.81540105296642,138.78699482946644,87.28986447645508
2018-08-14,166.42565975692145,138.12381219408346,87.8009371047146
2018-08-15,166.801100255888,138.00502665550178,85.34967765047034
2018-08-16,167.95998298327387,138.05802573195365,85.5024546118836
2018-08-17,168.2666090553985,137.80798074445357,86.3389247119345
2018-08-20,169.3480528147648,139.32044246728995,84.72918944712696
2018-08-21,169.80902899315893,139.46731261075635,83.22218057375706
2018-08-22,170.5783298286445,139.61209575145156,84.29490813881583
2018-08-23,170.32612713699586,140.66954130527463,84.0087430109663
2018-08-24,170.7713791608216,140.07346808248036,82.51482511424916
2018-08-27,170.47402209537654,140.62593175334464,82.55214798953082
2018-08-28,171.2166298649,141.46653568800454,82.91874881402836
2018-08-29,169.59456934900683,139.19603130734265,81.94764247807147
2018-08-30,169.99630611571624,139.29080662519848,81.13290600276646
2018-08-31,171.31363429186388,140.14549828682962,81.16791321385304
2018-09-03,171.96108251735407,141.66236617132918,81.10018909177003
2018-09-04,172.00272118216247,142.35017881971584,82.90230775157262
2018-09-05,172.60887022911533,142.59628434825422,84.25127161502337
2018-09-06,171.83042238008795,141.12268352947711,84.77212078907148
2018-09-07,171.0661159538,139.36527790604444,84.08972692922381
2018-09-10,170.7744323232462,139.14788566553977,83.46260153934874
2018-09-11,170.6937783188936,138.231754051627,81.18123438364495
2018-09-12,171.7269654014138,139.1354596864741,81.1002924666523
2018-09-13,170.89996584928116,138.52498013209265,80.680308740314
2018-09-14,171.9677429620464,139.83520271270757,79.99659745705463
2018-09-17,170.46190853950517,139.488586889502,80.72935825460674
2018-09-18,169.741865762482,139.07540392670586,81.99989685385307
2018-09-19,169.77195805423068,139.50403667703046,80.11036233431265
2018-09-20,170.9965132144613,140.40378710663353,80.51607198289037
2018-09-21,170.44962273303736,140.7449085079899,80.962317788725
2018-09-24,168.37276886208974,139.6418041159075,80.320850120685
2018-09-25,168.8594062364777,141.09242327988076,79.5815244161555
2018-09-26,168.89694135755857,141.94687893659506,81.32111955671844
2018-09-27,167.88131703750412,140.41162405174254,82.06151932967333
2018-09-28,166.90396366435692,138.45077144772287,84.21793073847314
2018-10-01,166.27476670625137,138.34107449381955,83.42689699873524
2018-10-02,166.43939143792198,139.18827204737005,82.34153561442251
2018-10-03,167.16919338223045,139.15331105057692,82.06046444032667
2018-10-04,165.75708646778173,138.98101397822222,82.9345172333115
2018-10-05,168.1120984339993,140.75960570920003,84.26624624896556
2018-10-08,168.14030055407744,140.5542372709876,86.25498656345968
2018-10-09,167.83334623098102,140.41108311042152,85.59372719003346
2018-10-10,168.57199233338724,139.85698767919192,84.12098570600801
2018-10-11,168.74650791801844,138.7730650393032,85.12675724048096
2018-10-12,171.14829512404114,140.48010391506736,86.04123411115879
2018-10-15,172.3097915503185,140.62794325893782,86.6229312854357
2018-10-16,172.00651367330147,140.47744671610235,88.09577184140426
2018-10-17,171.6810272959063,140.30907884264738,87.27205813211789
2018-10-18,171.24796344522076,138.2442894518026,85.6170267066782
2018-10-19,170.97109968413676,137.67960108587465,87.71047830491962
2018-10-22,171.70852154471925,138.88616413090256,88.0217397892578
2018-10-23,171.12705574689033,136.98384592826676,87.71651627550763
2018-10-24,172.80438187898932,138.39799606602287,88.5372997706718
2018-10-25,172.78652861414972,137.73560645617,90.80693107550806
2018-10-26,172.7048474154833,136.64402006712908,90.99975540353799
2018-10-29,173.7175783970474,138.67136040635964,92.77848906435493
2018-10-30,171.80192852127288,138.23120273965947,92.87997410158471
2018-10-31,170.92947312223117,137.483599428553,94.84860311806078
2018-11-01,171.5916364076246,137.91221262009307,95.05421371642242
2018-11-02,171.66622419853792,139.20427283007547,96.29347786535905
2018-11-05,171.71712833429405,140.2456895222901,96.28780392896128
2018-11-06,172.17689133821918,140.6837948422718,96.91494703799302
2018-11-07,171.63852527275287,140.93395810170367,97.15706364101251
2018-11-08,171.53021360997172,140.93685493239823,96.74111385382359
2018-11-09,170.23147562667305,139.687043635845,96.86179321678179
2018-11-12,168.4183807465099,138.69539807351984,97.59249673234211
2018-11-13,169.74510410394373,139.4445264378646,97.48722566326373
2018-11-14,168.873943560451,139.17409055935758,96.94838906536569
2018-11-15,168.21927376533876,138.45506794068302,97.38661589419536
2018-11-16,169.67694547935537,139.2932145541182,98.8763501348518
2018-11-19,170.7974772412751,139.80883613773696,98.79838094613255
2018-11-20,170.3317624878278,139.8046469142211,97.78227711815276
2018-11-21,169.8612825238917,140.1049513064025,96.892462595109
2018-11-22,169.83956199972064,140.35311141740314,96.9249860934049
2018-11-23,168.94454606929605,138.97167780807368,98.60986389560537
2018-11-26,169.5525821837004,139.88812474343644,97.55436258914196
2018-11-27,169.7571820711147,139.38517675405043,98.72331865001524
2018-11-28,169.94614725055175,138.76373412009116,98.53197826612674
2018-11-29,170.7587587618417,139.3521626168346,97.84554331996942
2018-11-30,171.5365659721151,140.6259174754439,97.30409689514711
2018-12-03,173.43759208633435,142.66228721362296,98.4841501946581
2018-12-04,175.01324993653083,144.30905642530058,98.00834034523555
2018-12-05,173.36206768865583,143.9168899380004,99.39900729770845
2018-12-06,174.31870126421154,145.17819662781037,101.4751724126204
2018-12-07,173.2588137678008,143.93268021405362,100.59117286736975
2018-12-10,171.88932021261172,143.2724699257043,99.27096655616936
2018-12-11,172.65903425066261,143.55290953563005,97.47551982825837
2018-12-12,172.0152880856931,143.19679490389385,98.01775482668751
2018-12-13,171.75782741944653,143.2751536643903,97.10374962918044
2018-12-14,172.88631146248284,143.97894696101233,96.45202201439031
2018-12-17,172.28136343686344,142.32416744669862,95.6369681764385
2018-12-18,171.44452055921226,141.51831271334328,97.00791700559674
2018-12-19,171.82972993416632,141.58900963671613,97.675718812676
2018-12-20,173.11132955888877,142.53764129283684,98.28054258443518
2018-12-21,173.69852224415854,142.72080187282242,96.4933770734753
2018-12-24,172.20328753467237,140.7709077157349,95.61080735655679
2018-12-25,171.61063317129572,139.26998129514234,95.53468962133401
2018-12-26,171.5169308552238,139.83660598983118,95.39199973979937
2018-12-27,173.50562655992684,142.1059918988258,95.68653117979264
2018-12-28,174.45738654066494,143.20509837439153,97.30304747805334
2018-12-31,175.36725853841187,143.95187069302315,97.9754381495936
2019-01-01,176.62860060023178,146.37648684060665,98.76801453625562
2019-01-02,176.37795698794034,146.57836042178025,98.60834598675783
2019-01-03,176.91610293073015,146.92986875224153,98.16225643983663
2019-01-04,177.46489521382486,147.86217740382742,97.64902810414267
2019-01-07,176.5464515246233,146.95539457467086,97.51190019201229
2019-01-08,176.58815429533104,147.3700887460179,95.80282226386156
2019-01-09,177.21078247213558,147.92667876282968,95.18144854363554
2019-01-10,176.18952211832362,147.3442503065182,95.17211105600822
2019-01-11,177.05616629059136,147.92390438044328,94.64582368289318
2019-01-14,177.87337585441327,148.11605247201257,94.56308723911461
2019-01-15,178.965583441307,149.23530794403257,92.64821261019863
2019-01-16,178.24921491399985,149.31632132822995,92.04630424459879
2019-01-17,178.41492147840452,148.63471184663115,92.01879168531872
2019-01-18,179.9265792775807,149.36361763468702,93.16109204528684
2019-01-21,180.7775803659071,149.21377575443523,93.24238286522156
2019-01-22,180.04755580083165,149.2339760580416,92.97394025543271
2019-01-23,180.3308585444944,149.25515516272867,92.34587850870551
2019-01-24,181.80938759851045,151.02090963651628,92.34497526449279
2019-01-25,181.7910379640419,150.37435377912448,91.78050450657635
2019-01-28,182.22975099929954,151.26906741522436,92.47905519064629
2019-01-29,184.85593079382602,152.89873488958622,91.88252739972586
2019-01-30,184.87634368438898,152.55953537856814,92.51079468302777
2019-01-31,184.82549035394277,152.88758252381152,91.80372150064247
2019-02-01,183.8763838275662,151.82339428077242,90.24260582362422
2019-02-04,183.27382454757907,150.91780035581888,88.71667837527951
2019-02-05,184.81492820665395,152.7960107376781,89.59125375014388
2019-02-06,184.73078858803584,152.65710185879885,88.94945692645601
2019-02-07,183.59867038370652,152.59292691994693,88.39598636477831
2019-02-08,182.72099226863833,153.5614045329858,90.92769767358142
2019-02-11,182.78007883900054,152.99874721829414,89.67915272773794
2019-02-12,183.5978660087949,153.24667785897435,89.5794047185888
2019-02-13,182.90553722426608,151.49896265166942,88.13093640103253
2019-02-14,183.6699026840997,151.24792982363408,87.43120003248178
2019-02-15,183.23158711094845,151.3408132522176,87.89938952965835
2019-02-18,183.63638878275194,151.86455214516135,87.52553624028236
2019-02-19,184.2035005449851,152.48708428487907,89.38590899783861
2019-02-20,184.85726864896674,153.2923173557071,88.36430893813478
2019-02-21,184.47053434428355,152.33874214817055,87.59223161927254
2019-02-22,184.34504489611834,151.06183882965817,86.09984748487985
2019-02-25,184.89344299339962,152.3383212773747,86.05079442769416
2019-02-26,183.64020243693383,151.52746604143232,85.19641778113441
2019-02-27,183.85129391028556,152.4878417661936,84.98285521675106
2019-02-28,184.4020867273696,152.84935600290024,84.08813775865298
2019-03-01,185.48133474263483,154.1870774973382,84.48084331608722
2019-03-04,185.47794196548102,153.73066448248127,83.75366060124061
2019-03-05,185.32593660336084,153.55371598400694,83.77819924570649
2019-03-06,185.4984292741712,153.53105954426053,83.5897648890622
2019-03-07,184.79516654778212,153.19224836506942,82.76961966647306
2019-03-08,184.61452017968026,153.96470590453725,82.71561965347256
2019-03-11,185.0505055912244,154.63608069690852,82.65201747145554
2019-03-12,185.3578979851262,152.72814108800384,83.12213703537209
2019-03-13,184.33860871827022,151.86243239414108,81.06299548291624
2019-03-14,184.0359501422866,151.65209031436382,82.51592496108445
2019-03-15,181.9441951020107,150.56008597893754,82.59358709881172
2019-03-18,182.76589769899113,151.29280766331334,82.97971970191755
2019-03-19,182.25347107330265,150.36896539910921,83.47157319034493
2019-03-20,182.51080409348526,150.04400578756702,82.04075063941805
2019-03-21,181.4286290637037,149.00090208723836,82.74322244047073
2019-03-22,181.35957738513315,148.5253705800985,83.00099236735323
2019-03-25,181.8192749615157,149.98258873285477,82.46596402176668
2019-03-26,182.81310716070863,151.21241315434247,83.25733610310591
2019-03-27,181.46335265652272,150.1538135356079,82.96464067403576
2019-03-28,182.3159764887255,151.48881642116226,81.91227116750392
2019-03-29,182.16019400061276,152.7856948519455,82.76959660959356
2019-04-01,181.39279580131645,151.8442440765884,83.53074370582846
2019-04-02,181.87608694373313,152.05363224765455,83.83915756924367
2019-04-03,181.58780634568805,151.473324178505,83.68202923401454
2019-04-04,181.29680311787808,150.2758759098875,85.27217481787159
2019-04-05,180.5978701423423,149.243543314173,84.67173018977036
2019-04-08,180.82482959448114,148.7800516730226,84.8789508200614
2019-04-09,180.86467587843782,149.19777406170383,84.68533309446293
2019-04-10,180.69354130401962,149.39601251802097,84.47957176776927
2019-04-11,179.74041713376596,149.23443118810687,84.95102926515762
2019-04-12,179.23039388515582,148.2395497302066,83.9573197656344
2019-04-15,179.6339366755759,149.24504962117896,84.45847276460476
2019-04-16,180.91318291176822,149.53474181088407,84.7300844912935
2019-04-17,180.88710957140603,149.38809932632805,84.3875146587876
2019-04-18,182.300763508633,151.42270586213942,83.65748892460749
2019-04-19,182.29037305488237,152.20822480682514,82.27188041101473
2019-04-22,181.2006996428706,151.96665537200442,82.35588621195265
2019-04-23,181.83196732379724,153.7582371061626,84.05705802287984
2019-04-24,180.86685866970578,153.43546746596803,83.42164392790143
2019-04-25,181.26893350110447,153.27612893311485,82.4871660520654
2019-04-26,182.3388712870692,153.71121518119145,81.80915603294537
2019-04-29,182.0311640513449,152.69457055676762,82.07627156855877
2019-04-30,181.94314285143992,152.61433518525794,82.57669708712952
2019-05-01,184.40935293474297,153.8951311230638,82.93063312958343
2019-05-02,184.64884687594434,153.54209787477808,82.87901894254989
2019-05-03,184.9134470829267,153.0028490217486,81.649019947508
2019-05-06,185.69454835816512,152.44713423544732,82.67833415824951
2019-05-07,185.59726787275616,154.1724823414739,82.34394486637218
2019-05-08,185.51007450719726,154.6588140742207,82.73949475536509
2019-05-09,185.89202449421646,153.42401239842684,82.83049602017964
2019-05-10,183.50359298037733,151.84059919598857,82.83910814305214
2019-05-13,184.91913277648365,152.57910843993278,83.65603806542742
2019-05-14,183.85444375654902,150.27079058697498,83.80817071125539
2019-05-15,182.7790161914564,149.40463309017488,85.90777069261829
2019-05-16,183.31920542037105,150.12625269149336,87.39283971977925
2019-05-17,183.34802153322659,150.66907628765438,88.31895777137116
2019-05-20,182.1014952804727,150.51484935733208,88.06901260352251
2019-05-21,182.31518616491775,150.10913856610392,88.9057324636488
2019-05-22,181.17856172074568,149.22231181511052,89.28091655239997
2019-05-23,180.48519121271386,149.18471434932252,90.03131461010294
2019-05-24,178.9863343638533,148.37651456255136,90.14398497260967
2019-05-27,178.16279496194414,147.97082650434666,89.15707808700255
2019-05-28,178.56181042640395,148.32258632816723,88.22843110199504
2019-05-29,178.686957062822,149.23994624133078,88.19388714095248
2019-05-30,178.99804322760536,148.51365007157744,89.09121673129627
2019-05-31,179.9207887981492,148.19272487440648,89.0555984776937
2019-06-03,179.8801827244091,149.42551106142744,88.49190567903298
2019-06-04,179.2233340124273,149.15305237650855,88.34764330817225
2019-06-05,178.94611822714518,149.64335786078368,89.04913731076525
2019-06-06,180.59350526851517,151.00491231720065,88.60297695492288
2019-06-07,180.62900988776562,150.6645768168652,88.11621555527412
2019-06-10,180.94984919976378,150.51862364560156,88.25726131782507
2019-06-11,180.855784974024,150.4888551178289,88.94815040202855
2019-06-12,181.10250934841582,150.3061246722153,87.7707736478628
2019-06-13,181.5349972324983,150.58160088636225,87.41046977145565
2019-06-14,181.52782415294456,150.50384207921957,87.4277150101632
2019-06-17,181.37503701474634,150.94148716071692,87.02133143882455
2019-06-18,180.5967552347767,150.817128181777,87.56158536422176
2019-06-19,179.75415035276578,151.15966947021303,88.43839461211674
2019-06-20,180.16214416532966,150.82612467994983,87.72205762812729
2019-06-21,180.9108578467896,151.28299116675137,90.15140365362325
2019-06-24,181.83389196248663,152.58550511318342,90.57083562061473
2019-06-25,181.88946324989143,152.72886137906792,92.18377011094235
2019-06-26,181.06794740429336,150.23424299205186,92.96902154858171
2019-06-27,181.69849826517162,150.98898165845165,91.17685696880542
2019-06-28,182.31464674713106,151.45710653909182,89.94329564945842
2019-07-01,180.816792303544,149.91474299887363,90.23689413896209
2019-07-02,181.61964537468057,150.2829038537209,90.78830897188612
2019-07-03,182.2026966407583,150.28891987847035,91.4269293820864
2019-07-04,183.86729217255925,152.50168385887775,89.48734952571901
2019-07-05,182.7447399463087,152.0858516765537,88.87753129951143
2019-07-08,181.4697039474565,151.18407727572642,89.38107159775544
2019-07-09,182.25665131695143,152.5499047104635,90.67559246387513
2019-07-10,180.4677824867153,151.67163098584447,91.22546980394632
2019-07-11,179.7417718791184,150.38656464091662,89.86731823630433
2019-07-12,178.65587104255383,148.713806555111,89.33807030890023
2019-07-15,177.64909694893532,147.1995077485592,89.02808656887409
2019-07-16,175.75122452222132,146.2470648814587,88.62328141355059
2019-07-17,175.51823287735397,146.05289502207606,89.67829623108254
2019-07-18,176.4953475483984,147.67835548790515,90.86768174685956
2019-07-19,176.94064880711738,148.33755460918795,92.17122545653798
2019-07-22,177.3903015878415,148.4782201388468,91.09040032577835
2019-07-23,177.03964160404632,147.26922859381122,89.84685229098116
2019-07-24,178.488235770781,148.26162555622358,88.35052218357683
2019-07-25,179.0212426337899,150.25610232778803,88.10899754751176
2019-07-26,180.07644764244878,150.53061344880308,88.21742540692695
2019-07-29,178.53892627224732,148.68523636245536,86.85356861282233
2019-07-30,178.89140160645965,148.81763496459337,87.12745715828419
2019-07-31,177.76086572482853,148.8632559825299,87.3814117060929
2019-08-01,178.1186972194999,149.06009468994736,87.18525443967438
2019-08-02,178.32709890576285,148.4117860569125,87.64644299466433
2019-08-05,177.2151156274512,147.1131744051426,86.66252576439967
2019-08-06,177.4032210539576,147.21385091451975,85.59749959576236
2019-08-07,178.5731045005578,148.2529508424865,87.06266266637782
2019-08-08,179.0866901340881,149.40407933552507,86.69583190141036
2019-08-09,179.6906265413462,151.5849927979144,87.67911639830128
2019-08-12,178.8462297354989,151.69317935717953,87.03029762727768
2019-08-13,178.18539096621328,151.38635759769977,84.76798825640542
2019-08-14,177.09364969092763,150.2631183784831,85.31115405857305
2019-08-15,177.24243938558834,149.61471369783908,84.07981980780502
2019-08-16,178.44513158605304,150.82148814042205,83.21201740556093
2019-08-19,178.89697461173978,151.8910656908205,84.09158524968669
2019-08-20,178.91354980431555,152.24238600774714,82.56673911255054
2019-08-21,177.81697304812667,151.02025707775815,82.30120229521215
2019-08-22,178.27870831381227,151.62031910809267,83.44602169408533
2019-08-23,178.06096129148025,151.04564914510053,85.4724745650364
2019-08-26,176.18331980939342,149.21735823669306,84.49494203347184
2019-08-27,174.48153117855534,147.50628620500535,84.66213341886376
2019-08-28,174.16377107083403,147.13936127784993,84.00479549121818
2019-08-29,173.29306467742975,146.23143429898064,85.23697978031657
2019-08-30,174.95909259471972,148.12007760132926,84.75228915695779
2019-09-02,175.01500357959688,147.980534858078,86.091291302648
2019-09-03,174.0024698467314,146.93163683226737,84.84892169112716
2019-09-04,173.5380059568503,147.12176453739693,85.63731380537524
2019-09-05,175.14604387326295,148.6812407420367,87.12976903493647
2019-09-06,174.2241045785945,148.49561360365274,87.80138871565967
2019-09-09,175.01366033988398,148.33542132655728,87.82429243032449
2019-09-10,175.47252692520138,149.39685356101907,87.33408276418757
2019-09-11,176.95778974417388,150.31683248485277,86.01594304260216
2019-09-12,177.50967642447966,149.79453946752818,86.97401762740937
2019-09-13,177.13245826881197,149.21652356249845,87.91635728788489
2019-09-16,177.6810515116826,148.66199988221393,88.26616553364582
2019-09-17,177.771367704422,147.98075084727802,87.00239565164853
2019-09-18,178.76566638801523,148.48064444134167,86.09853225998901
2019-09-19,178.72886031488207,149.1133859579345,85.95387685338565
2019-09-20,180.72397708290134,149.74676159366769,87.65909951234954
2019-09-23,180.64907558453683,149.91219315380454,89.52727252652831
2019-09-24,181.11377296865066,150.11434191035855,90.49419626153734
2019-09-25,180.4877270157518,150.70056195617673,89.06339932048489
2019-09-26,180.6414679284332,150.8912974582469,86.98502293169162
2019-09-27,180.69771442278278,151.27616220830396,86.9898800501698
2019-09-30,180.8968939214747,152.29703918244422,87.41830025378141
2019-10-01,181.82395776887552,152.12162202936912,89.04262846142544
2019-10-02,181.3199712027957,151.5126111998803,88.11372703552077
2019-10-03,180.50845299758606,149.8731321986124,89.18999473173304
2019-10-04,181.64354713393857,150.2380491220482,88.8052101711665
2019-10-07,181.39106443097768,150.2873532163305,89.3252272406437
2019-10-08,180.757620731707,149.69449183569301,88.69874056773456
2019-10-09,181.93914559617076,150.94247359259268,88.13262703489919
2019-10-10,182.74664960935155,151.33829594677653,87.45723508207448
2019-10-11,180.1484497607663,148.81138429956593,87.17506830386958
2019-10-14,179.80658749991153,148.4659566602866,86.11473506199879
2019-10-15,180.6228921860623,148.54022704962705,85.1907791220457
2019-10-16,181.48882388948704,148.4946796136391,85.37871490480605
2019-10-17,181.0142831600487,147.0533492983226,84.03747867699472
2019-10-18,182.6071116639415,148.26218917639596,83.57854298954122
2019-10-21,181.85591558545295,147.97621021175416,82.8972173526049
2019-10-22,181.66389866453986,147.00014917937582,82.55650866811371
2019-10-23,181.83015434860854,146.82584785615205,83.68271488303685
2019-10-24,181.86429468991633,145.29674227741333,82.87120122185176
2019-10-25,182.7066900317331,145.16812317875875,84.45454906135146
2019-10-28,183.762935544687,146.0654612427372,82.5202635786621
2019-10-29,183.7598278063121,145.18215823376002,81.54059645444833
2019-10-30,185.19276545745794,146.6298439519971,82.19484112189184
2019-10-31,184.55345171555456,145.84529475968256,79.6896726935468
2019-11-01,184.38400996735953,145.95900642943388,79.39264847637564
2019-11-04,186.13894749783498,146.9843447591127,79.78594324823939
2019-11-05,186.2802407754251,146.12827307191574,78.30044883929172
2019-11-06,187.3872980700308,147.00144911843458,79.75026998257276
2019-11-07,187.00443065415882,147.1841102868109,81.58834647687303
2019-11-08,186.78707240082053,146.65183097413117,81.62951470887822
2019-11-11,186.72888476841732,146.86413612263058,81.6310421974719
2019-11-12,186.9473770596355,146.55349833969993,82.43348445032818
2019-11-13,186.65931967204432,146.08587492295285,83.41525835980474
2019-11-14,186.7251284419288,146.98239665145775,82.95710549955379
2019-11-15,187.44106745520253,147.53415247559533,82.54209479942486
2019-11-18,188.6906645445795,147.89185311480304,84.60417494856401
2019-11-19,188.8498668638087,148.38966526920566,84.84943945320516
2019-11-20,189.54664214362538,148.97638689236598,84.68601026519967
2019-11-21,190.505706045109,149.3794889195896,83.81326560999821
2019-11-22,189.48676505809993,149.03080719054788,80.84242365104825
2019-11-25,187.9742478248464,145.8480070697705,80.6888003795828
2019-11-26,189.63502292433537,147.57164785189585,80.74696131600568
2019-11-27,191.00055808149196,149.9572007613118,80.67183619405627
2019-11-28,191.1109010369216,150.24569649257836,80.47382100787686
2019-11-29,191.51363230862825,149.2848943752085,81.2928928972501
2019-12-02,190.6298844851608,149.50346869510707,81.58033167441462
2019-12-03,189.30717991885422,150.15191388682638,81.77437568695038
2019-12-04,189.67476970485748,150.8303362561769,81.58247189916165
2019-12-05,188.24941289837082,148.96278975488997,81.23157811472053
2019-12-06,189.21112256507323,149.27443728327614,81.34170808565692
2019-12-09,188.58730332187884,148.68984303813582,80.63529603816897
2019-12-10,188.92901457681623,149.09601811605913,81.78735845537989
2019-12-11,190.90627658263256,151.4784948163971,82.06363803210023
2019-12-12,192.8365607782947,153.40611268012339,82.0680301685258
2019-12-13,192.61789887160975,151.7048322871755,84.1225909517302
2019-12-16,193.7316908014541,152.3985891541323,84.94256945723485
2019-12-17,192.7572199576762,151.53075115123963,83.78288835769804
2019-12-18,192.22550346298766,152.3768584237679,82.92030863146307
2019-12-19,192.64479186424975,152.32513102351413,82.83823221256115
2019-12-20,194.0754696491598,152.5346005915811,82.341374055812
2019-12-23,193.5541473648043,151.92255296767945,83.67012847900959
2019-12-24,194.14301846536893,152.58943097296813,84.44406950441943
2019-12-25,194.2936342513356,151.47617863121988,85.35325902259696
2019-12-26,193.08526121395437,151.26459912826124,86.44623212725688
2019-12-27,193.00041058601033,151.1201355353348,87.37699475317848
2019-12-30,194.54149749518325,152.92716982499078,85.56836528652546
2019-12-31,194.49770535131375,153.37062044654328,84.18094996466363
2020-01-01,195.0454764049894,154.18207353000597,83.16757632553157
2020-01-02,195.91838585259683,155.8390280471288,83.69787493610437
2020-01-03,195.23241757991957,156.4248021179127,83.93022768203592
2020-01-06,196.50566186019927,157.1678166251373,85.79518186518548
2020-01-07,198.04983604507657,158.35722155853747,87.1042150279863
2020-01-08,199.68764956264403,160.3764037854271,88.47887975832748
2020-01-09,201.042161408595,161.56786115503675,87.81951437834678
2020-01-10,200.62523771649987,160.8303810996336,87.75869525265027
2020-01-13,200.08732263998894,160.4699426444124,88.77096278079668
2020-01-14,199.35009442504582,159.30332253136228,87.67118454871748
2020-01-15,198.49106450927195,158.28109341810642,86.99882567161659
2020-01-16,197.74294032406416,155.35892150793316,88.83765265090437
2020-01-17,198.77526635097286,156.29759454829372,90.99898290059954
2020-01-20,200.27623888896846,158.77028925341943,89.22560082108258
2020-01-21,199.68086194857682,158.8049260667296,89.16751750399835
2020-01-22,200.53152722596892,159.97058820000262,87.94530094358936
2020-01-23,199.31239817394447,159.13273923881326,85.91957693304097
2020-01-24,199.0286769715049,158.4039783877227,85.05719362142823
2020-01-27,198.0766768095949,157.9967246519253,85.59298761020156
2020-01-28,196.493371119095,156.78551862246957,86.22714766440188
2020-01-29,196.58651058279935,156.7868215918217,86.47597974851627
2020-01-30,196.70305411332058,157.0642015990192,87.77233078238638
2020-01-31,196.33459128721452,156.40146381771436,86.90073230013536
2020-02-03,195.84990554091883,156.12381205631857,86.60843866820348
2020-02-04,194.9031183280766,155.8296331087482,88.10235943236
2020-02-05,194.8065019176504,156.4491887231448,88.83830327309929
2020-02-06,194.24239652747275,156.1101613774786,88.00181410621873
2020-02-07,194.51671101024317,156.89965476251703,86.72032232272248
2020-02-10,193.34745477656674,156.09958232699705,86.7281656390551
2020-02-11,193.6071225883237,154.77685047724518,86.88754055020532
2020-02-12,194.14979369105237,153.9129691175242,87.17290600126444
2020-02-13,195.4221860725133,154.81840134008323,86.96907086820765
2020-02-14,196.50248697280273,154.94884932934826,87.04118099629686
2020-02-17,196.7239313846922,155.5433454839945,86.36332038573062
2020-02-18,196.07301791184665,154.1541800381608,86.25914085455597
2020-02-19,194.27617026531544,152.46821324906003,85.55395589516274
2020-02-20,194.29886212445655,152.14608157236074,84.22597990958431
2020-02-21,195.73962055574177,152.82882687059936,84.29843214256002
2020-02-24,197.4246816641165,153.81680251607787,83.43546839963231
2020-02-25,194.91537082685488,151.83191754930186,82.57692287095774
2020-02-26,194.188090918987,151.35258590171838,83.10339411351198
2020-02-27,193.866052146112,150.7740715587923,83.40351890102501
2020-02-28,192.85414515458785,150.12246148325522,85.26705597923973
2020-03-02,193.06793687163196,150.69961549843123,86.95479886406645
2020-03-03,193.13393312612254,150.65817837899868,86.54196610451017
2020-03-04,192.64470626884832,149.83784748409903,86.21820838774416
2020-03-05,192.63600127839558,149.4119845381787,85.505749277007
2020-03-06,191.07241237007415,147.87925343106818,84.0714243601749
2020-03-09,190.12865508191038,146.80687740178877,85.60725275702512
2020-03-10,189.26036231843858,146.21545005593552,86.24938061952896
2020-03-11,190.18324031331963,148.83626098391036,85.63476313752659
2020-03-12,188.58407625989173,148.36354991341986,87.41033541062889
2020-03-13,188.39762321702415,148.2763770821379,88.06910446777594
2020-03-16,189.20126766596854,149.36407158119562,88.81716382757581
2020-03-17,189.17333355853432,149.78119635859085,88.32880200938006
2020-03-18,190.01016146206706,151.3506140188463,85.87258113831332
2020-03-19,189.38401306589793,151.8557174406895,86.50405037115515
2020-03-20,189.8452478824865,151.5988254744339,85.70843952411285
2020-03-23,190.7749295641367,153.90090214376735,84.16600407968414
2020-03-24,193.03254697440894,155.15323378268647,84.69596257545871
2020-03-25,193.7863717164198,155.85384635999495,85.2587252443333
2020-03-26,195.2406518368503,156.48596345118943,84.26382805308742
2020-03-27,195.28012343430314,155.39540088106145,84.18828367595816
2020-03-30,195.40722486377493,154.323219523271,84.64872865145726
2020-03-31,197.0046237885516,157.00196739956326,84.6450958684955
2020-04-01,197.6175525862858,158.55346374221924,84.02567744529905
2020-04-02,199.06615556717708,159.08269073577563,85.51424016884738
2020-04-03,199.80691297594046,158.960748141732,85.18850030548965
2020-04-06,201.95971742922592,161.75081829551212,86.34154390916217
2020-04-07,204.37452049259667,163.0721347841981,86.23468110593029
2020-04-08,203.572626641067,162.7950214319746,85.89793374214611
2020-04-09,205.4658287515826,165.75092092659852,87.16641120099396
2020-04-10,205.93591900739847,166.69128579724853,86.49070820854642
2020-04-13,206.4495966285227,168.161236454027,86.83186261006828
2020-04-14,206.37203809016887,168.2861105141277,87.34304271722823
2020-04-15,207.12930251802226,167.76462588163182,88.47838590587489
2020-04-16,206.05761132798804,166.38917200875446,88.39917425327643
2020-04-17,205.37135283753992,164.65977838523503,86.7986340599465
2020-04-20,204.64843257976136,164.34781324172428,85.03343000066185
2020-04-21,204.98029513130564,163.75809582284288,83.19389850506283
2020-04-22,205.94477149141383,164.6612590154647,81.99002838590208
2020-04-23,206.72576702460046,164.9875370540569,81.81963495404844
2020-04-24,207.1394106814101,164.88566595547672,81.45470246229632
2020-04-27,206.5927761653847,164.84419879121356,80.9052408554499
2020-04-28,204.8794939424623,163.19152920829907,80.74526201357078
2020-04-29,205.33042816548132,163.02466946175124,79.93987636638109
2020-04-30,205.52405097500895,163.90617819747172,79.83342403165979
2020-05-01,205.92961106381705,164.2426900113985,79.88109902758933
2020-05-04,207.40562656239928,164.44844124218454,82.01736089251456
2020-05-05,207.27236504308564,165.1977206469425,81.7034971248652
2020-05-06,207.11951541950555,164.14246907738269,81.41016178541113
2020-05-07,204.85279280037545,162.52760674669935,81.05550693338317
2020-05-08,205.4613773291838,163.41399152502808,80.16803102572644
2020-05-11,205.46204481297056,163.26902681804782,80.94610396359235
2020-05-12,204.7725431735874,162.18412746341346,79.5771304732626
2020-05-13,205.20785651387638,162.3458341606471,81.59872774653482
2020-05-14,204.21323185423472,161.34754695094873,79.93000045770935
2020-05-15,203.72086625372145,160.23323528938081,79.81773428000119
2020-05-18,205.7328233509091,162.47072762880734,80.79827386067856
2020-05-19,206.53391691448707,162.73447350614063,81.30463570492746
2020-05-20,207.5087540763338,163.05441115112492,82.03256479545486
2020-05-21,208.30640176918064,164.6774091458929,80.45243342237366
2020-05-22,208.99733632818183,164.758262290986,81.32295448602896
2020-05-25,209.23894923376986,163.93490433916568,81.88193073974635
2020-05-26,211.57192041215478,165.79577425113473,83.46157105642638
2020-05-27,211.54523965472444,165.8219193662006,83.42531441705032
2020-05-28,212.32721121129106,166.50956149971285,83.50496125533036
2020-05-29,212.1545793860539,167.84642321664987,81.84935373930983
2020-06-01,211.84871217873638,167.2500538012227,82.39714947618397
2020-06-02,209.4555521775393,166.29751031326276,81.29806431556577
2020-06-03,207.5761330532465,165.43384838129805,81.67707400084517
2020-06-04,209.16793274715292,167.73871373241565,83.49348162814341
2020-06-05,210.6998792148775,168.92464496372685,82.57289717342468
2020-06-08,210.30539164395114,168.41887797944105,82.8153899618915
2020-06-09,210.31471521858703,168.31892517967032,82.27054462810884
2020-06-10,210.96851909851642,169.09100654562977,81.659970729978
2020-06-11,210.0144454026073,169.02518044645288,79.70364854029935
2020-06-12,211.82365317266428,171.64289695077713,79.26386348151814
2020-06-15,210.8226248422979,169.65116978128927,79.59102449744613
2020-06-16,210.14068555520328,169.8777526535988,80.888302975508
2020-06-17,207.41509410338858,167.9877796328397,82.47815346468057
2020-06-18,208.96715831056878,169.29508829066268,82.32072588435244
2020-06-19,209.06199104977372,168.6895170036257,83.26527167907184
2020-06-22,210.72139068940044,170.29115522636664,83.16005709762612
2020-06-23,209.75532558362997,168.30152120070713,82.22954575471239
2020-06-24,210.12914967940864,169.50255016230898,81.74209031083994
2020-06-25,210.23920759833152,168.98612777657115,82.61659797069326
2020-06-26,210.47338426184575,169.13301734649153,83.31337699727479
2020-06-29,212.58317293867117,170.7480521613463,81.5509374225691
2020-06-30,214.88395498732433,173.02898941610565,82.08179860976642
2020-07-01,216.29738802665906,173.2815658816098,81.73948089473951
2020-07-02,215.93018915722303,173.6070304171857,82.36356962263412
2020-07-03,216.8571507211841,174.67566566158263,82.52240219867033
2020-07-06,218.23591447028923,176.8896639672146,81.2220102274
2020-07-07,218.82723832725276,177.60587403469086,79.81994512349615
2020-07-08,219.42956744960188,178.0325577161857,79.72296850093815
2020-07-09,219.94416896242222,177.17171635164948,79.71860193680705
2020-07-10,219.07518333858746,176.26216523398384,79.83100470050175
2020-07-13,219.35246124882147,177.66339500959575,78.62053650497147
2020-07-14,220.98795445000718,178.69172656125087,80.02946242529144
2020-07-15,220.02372051585212,177.6146520249512,77.59279921843802
2020-07-16,220.13678693201098,177.64446403211844,78.9331533964363
2020-07-17,221.00286262041732,178.96397923771318,78.72500166661241
2020-07-20,219.66894528115108,176.71331209636156,78.16661017535044
2020-07-21,219.56164235036977,177.91658451081472,79.87802623928664
2020-07-22,217.89465296822476,177.02490462091393,79.73994726143533
2020-07-23,217.31809556261467,177.0929573148148,79.77947423061157
2020-07-24,215.9400501131967,176.01334823258188,79.2229484831349
2020-07-27,215.0723383122048,176.7088670746932,79.75431154642571
2020-07-28,214.61011847807276,176.06015971788204,80.30249806482007
2020-07-29,214.360258224632,176.44775760175952,81.81178975878643
2020-07-30,214.18183148986432,176.39858615142944,82.99809791336921
2020-07-31,211.8006741001013,173.64362220599318,83.00343340390783
2020-08-03,213.41374098582435,174.8655754309382,82.35795589050232
2020-08-04,213.16230226102522,175.18493491355568,81.92721862433432
2020-08-05,212.08894784247875,174.15733973703726,81.15160782524566
2020-08-06,211.48222422487055,173.41556824461878,80.69702378790376
2020-08-07,211.81371869830286,173.69384813616134,80.10150265758107
2020-08-10,210.83256038351766,172.33463345279625,80.42247219528439
2020-08-11,210.43902185955892,171.2822297837568,80.54598317594991
2020-08-12,209.9891712625821,171.00379225991213,79.79278623051438
2020-08-13,210.54891120431842,170.83518998355376,80.05451159293986
2020-08-14,209.82032139012884,170.6809287417282,77.77980790975272
2020-08-17,210.29381063868368,171.58506446659226,77.6596257107043
2020-08-18,210.6628804707455,172.80126278711103,75.27391444865745
2020-08-19,210.53444666629227,173.39782153492985,74.84867927637437
2020-08-20,211.79555037275384,174.2387280846722,75.45678618020304
2020-08-21,211.83598997835674,174.58255449459392,75.61613646520948
2020-08-24,210.67836547669066,172.88637713366276,74.44050561130526
2020-08-25,210.99618306022745,173.46283571467802,74.18811096390239
2020-08-26,211.13937209745563,173.2585888802252,73.9838911099606
2020-08-27,211.11886926845344,174.20358234631695,73.32883967478254
2020-08-28,211.37119567526963,173.94474326891185,73.40425872904058
2020-08-31,213.7407488474653,175.9820739243789,72.66377610858689
2020-09-01,213.99426786744314,175.67850224488353,71.7336492762655
2020-09-02,214.47206262052015,176.51583483057865,70.65895142217298
2020-09-03,214.2456078119573,176.7958817017557,71.03968017357865
2020-09-04,215.57599436391706,177.18855450123598,70.0151766936507
2020-09-07,215.5394337752704,178.53535463479488,68.40892166620576
2020-09-08,214.7573254397426,178.26818016840275,69.14216927862097
2020-09-09,213.5546825547886,176.3385135529419,68.29301974446821
2020-09-10,214.10177443793714,176.17060209448323,66.73050921121143
2020-09-11,214.86601031637028,175.54235494791342,67.27093430742973
2020-09-14,213.29745848859585,172.9298600573889,66.5402353751332
2020-09-15,212.59374438162365,172.3008537704127,65.84960310436031
2020-09-16,213.2551312315347,171.42281970373193,64.88775442887562
2020-09-17,214.30224729331343,172.56262787823653,65.43606783313528
2020-09-18,213.00102123336836,170.4300725541609,66.0179377028567
2020-09-21,212.61230937807414,169.89687742808565,66.91807827077888
2020-09-22,213.46407824736576,171.80379586594117,66.11317752929024
2020-09-23,212.94918397483923,171.18087514933035,68.41303988450527
2020-09-24,212.51744859194483,170.84783129923537,67.68192768198828
2020-09-25,211.99565112296253,171.32312788969634,66.42153948565019
2020-09-28,210.70743498468508,170.10573581710477,65.97494187996267
2020-09-29,210.77284469235764,170.56002013846918,64.04819280736956
2020-09-30,211.09576976386072,170.28722740144676,63.14069848807766
2020-10-01,209.71218343609382,168.95073011003996,62.60440114425631
2020-10-02,209.83066900203465,169.16773269414205,62.6769680553339
2020-10-05,210.95672711811278,170.10747352603715,63.94049315640967
2020-10-06,211.18239859859335,169.78944348765987,64.32105327591246
2020-10-07,212.1477826141774,170.7496280708708,63.98210523041038
2020-10-08,211.61646778235297,170.77256512055288,63.98267817588906
2020-10-09,213.0036739217055,172.3524503056078,62.734396143863435
2020-10-12,212.23553743418836,171.7905777790156,64.1699190877639
2020-10-13,214.138920737659,172.6853200768406,64.34694365271932
2020-10-14,213.70781682940603,172.8414754159162,64.77875441422762
2020-10-15,213.00703832372102,172.89536369214835,64.19827960412513
2020-10-16,212.1320572419121,171.53520332273234,63.31846025712674
2020-10-19,211.73701231053158,169.65147706031112,62.27226726251867
2020-10-20,211.261435063879,169.16972202568473,61.355707822800355
2020-10-21,210.5896625000383,169.36538313771666,60.7268027510418
2020-10-22,210.27787749101785,169.7418541274258,61.52592186438235
2020-10-23,210.95991659744658,169.49291778605564,60.764652354305504
2020-10-26,211.85963924036048,171.1529634092768,61.317298635203755
2020-10-27,211.53961010710572,170.29607662446696,62.1225684626107
2020-10-28,212.79175667112202,171.9563725464964,62.462469448840146
2020-10-29,211.81108266139182,170.8936060045827,63.29163764991233
2020-10-30,210.79980324794803,170.77049497276158,60.94684646597252
2020-11-02,209.68599785241693,170.23898615643287,61.187665945352634
2020-11-03,210.3046257377756,170.58329741678608,60.7058017916381
2020-11-04,208.77078451571128,169.85527753186625,62.04346056673174
2020-11-05,207.3909498474929,168.29935704194503,62.385360791203084
2020-11-06,208.6860433858029,169.0775589556071,62.03995983023164
2020-11-09,210.41493065555937,170.24702758571422,62.07013539641659
2020-11-10,211.77404342002416,170.7487899235799,62.27919691115733
2020-11-11,210.2976686649858,170.21809764707587,64.04410912592232
2020-11-12,210.3242079204162,170.88843300999656,63.64343568410788
2020-11-13,211.17036762228844,171.5666698879105,63.932870755204135
2020-11-16,211.2810940044679,170.98532325598947,63.38055702180988
2020-11-17,209.67686694563344,170.02372766867646,63.66000150057934
2020-11-18,209.34814516746937,169.954879096208,64.03435094060583
2020-11-19,207.66300583028845,169.04109509755884,64.23732333913182
2020-11-20,206.4435646734166,168.05168107610447,64.09453162658612
2020-11-23,208.60871670915952,169.62213939401303,65.65108654734934
2020-11-24,209.30065298016243,171.13147921499234,66.76307675872158
2020-11-25,207.84558364977147,169.53414522049812,67.28526663887108
2020-11-26,206.35696544946205,168.20041551969828,66.730110471411
2020-11-27,206.82509083996578,167.33030080869767,67.21543641528197
2020-11-30,206.22713779289802,166.58524498125513,67.39637133981024
2020-12-01,206.8158243608276,166.7170441028622,68.37607326308384
2020-12-02,206.17948353756532,165.96777046174807,68.98928275100887
2020-12-03,205.9902979881172,166.2134452363767,68.38716923217054
2020-12-04,206.23943603648416,165.98444017513077,69.03166179985685
2020-12-07,205.21685172786545,165.44867099228978,70.95439967783629
2020-12-08,203.30665769021908,163.64865133538643,71.57440770080156
2020-12-09,202.1221550641837,162.38190401225032,70.54244369770174
2020-12-10,201.4333125989707,160.53887756379135,70.17488843450302
2020-12-11,201.2382342163057,160.65719882223823,71.22135236064274
2020-12-14,201.18754544715037,161.03817117034382,72.55565331868074
2020-12-15,201.12833275322646,160.29700388402213,71.12233088784366
2020-12-16,201.65028597344434,160.2885286882222,72.2895277322565
2020-12-17,200.76525021381264,158.31404707371152,74.08634381494204
2020-12-18,202.16738652751002,159.17152213101514,75.67654328471863
2020-12-21,204.17573401666476,160.0002632798708,74.47975223480539
2020-12-22,204.54779544330654,160.54317466781092,74.62422387428673
2020-12-23,204.74173671597995,160.59329319165272,76.10670559375727
2020-12-24,205.99501431062737,161.98733873890833,77.01373947485388
2020-12-25,206.64876718143182,161.9045086523769,76.77423934412317
2020-12-28,206.84170621246744,160.8576792668484,75.94458652406455
2020-12-29,206.67891186344292,160.64894922130506,76.02238280438374
2020-12-30,205.94483309633733,159.62935897366268,76.69673057884695
2020-12-31,204.78044611819524,159.93676420083682,75.82406891099951
2021-01-01,205.45039762187434,160.60444517026352,75.7894688476982
2021-01-04,206.6426318648465,162.51684069940012,77.19571970748979
2021-01-05,205.59003341341085,162.00243513346123,78.65537240118502
2021-01-06,205.52215864991467,161.6892349715984,78.97625013869606
2021-01-07,205.74428440714178,160.77867560248524,80.4819461483807
2021-01-08,205.32280628524603,160.24996427080475,80.46998073702906
2021-01-11,204.56540433186962,160.0430386748457,79.95773114800937
2021-01-12,204.17667855332246,159.75775523707384,79.40926158214525
2021-01-13,202.21010475973443,158.38259240495333,78.44815552519685
2021-01-14,202.15283701473274,158.51749297089353,78.08762116025765
2021-01-15,201.8621888445993,157.33536490583617,77.84635949081206
2021-01-18,203.98245358627344,159.21627900252943,80.08606371493792
2021-01-19,204.92222468353867,159.3885857070774,81.19294719057852
2021-01-20,204.57988842989505,159.06188164383428,83.57180371123164
2021-01-21,204.57490471663928,159.9744755308884,82.66317841966445
2021-01-22,206.2938413797998,159.95869617082099,83.47873558722142
2021-01-25,207.90263639280607,161.04629891453482,83.11598159336525
2021-01-26,208.09004992596203,161.41544590060892,81.76698308135826
2021-01-27,207.96430455611977,162.03852064491122,82.45580415675322
2021-01-28,206.52198762411825,160.9094761574411,81.87528139423942
2021-01-29,206.19750209367123,160.05622867597816,82.73051123220392
2021-02-01,206.0311804515935,160.4442535119948,85.43324985984084
2021-02-02,205.2979811233813,160.23298759038101,85.62148439556351
2021-02-03,207.03056830815748,160.38061907349203,85.59784191973453
2021-02-04,205.15754959304167,158.91345438858738,84.98487881569888
2021-02-05,205.02442004501415,157.61439677926086,83.54039895692675
2021-02-08,205.43394410294655,156.11891704007698,83.37180159446731
2021-02-09,205.873195763774,155.78590822942544,82.60722318466996
2021-02-10,207.5623037389353,156.49942036084863,82.84578216528301
2021-02-11,206.16615503098848,153.92336085777814,82.56720055023786
2021-02-12,205.4205797903201,154.64014883663933,82.9531021315257
2021-02-15,205.5199800136773,153.83077193557594,83.51838443684782
2021-02-16,205.6546449941775,154.22260518455033,84.78431016879358
2021-02-17,205.27122953983252,154.44317792354997,83.71246345536439
2021-02-18,204.50933143077643,155.37042402230736,82.97139382190274
2021-02-19,205.58458964458583,156.02177154204577,84.4775412064035
2021-02-22,204.53688503335542,156.32952168260945,85.44749192452039
2021-02-23,203.9639443660332,155.11263497496859,84.79276861625063
2021-02-24,205.40348393366924,156.27666572937494,87.39912382886308
2021-02-25,207.13949632099573,157.42756571740819,84.61608312505325
2021-02-26,208.0132945299431,157.47711239171215,84.25946997282979
2021-03-01,207.15502429576105,157.07357018512752,83.97730990777518
2021-03-02,206.30403403106783,157.76578466950818,84.50375237125876
2021-03-03,205.40681718875487,158.56023256861377,83.18605737339061
2021-03-04,204.27433804737925,158.16338748454265,83.2198033099504
2021-03-05,203.86026298300095,157.08248420376756,83.4661789521501
2021-03-08,205.13273114253474,157.5798693638379,84.66973696574723
2021-03-09,205.35676285629856,158.22293223685827,82.772940167907
2021-03-10,204.60219232334893,158.0606809821817,82.10470847478524
2021-03-11,203.82513475800863,157.87113845464373,81.48776340627529
2021-03-12,202.64993370599484,156.7794505830795,82.49208714421181
2021-03-15,203.85655225951817,157.15364104668853,84.4490434678575
2021-03-16,201.83604787891792,155.8958717490424,86.17253167420586
2021-03-17,202.10777867196137,156.13824127624494,85.4571555539193
2021-03-18,200.66548053586087,156.01103790485425,85.67710088514637
2021-03-19,199.60271895216016,154.71457680266866,85.49610091789762
2021-03-22,198.10980554387103,154.1511739906659,85.45389028503473
2021-03-23,199.0677936249989,155.899805582375,84.72825455778684
2021-03-24,198.9799606365466,157.24079755625328,84.90504922341125
2021-03-25,201.71618791550878,160.82266451697961,84.80137542270421
2021-03-26,200.6712114824345,159.29073145963667,85.36728908801685
2021-03-29,199.56786266495817,157.61128283663808,85.1921626141245
2021-03-30,200.14887083317882,158.2083813987324,87.75198760791709
2021-03-31,200.7011621542814,158.07316079129427,86.07581252866048
2021-04-01,200.4084095744396,156.2129125808038,85.4751191093229
2021-04-02,198.37557465170002,155.65684549104046,84.8962637530702
2021-04-05,199.80717982897667,157.18687543916695,85.07164849632989
2021-04-06,200.36152959697455,158.38468619520032,86.00240159898212
2021-04-07,200.7450365106484,158.85488844283572,85.95153695535922
2021-04-08,200.1352371131647,159.21759869769176,89.00299970010585
2021-04-09,200.75868940434572,159.9322210508145,89.38983668674362
2021-04-12,200.17944997889776,159.5998289398116,90.86961886116161
2021-04-13,200.20223234092646,160.98810607913362,90.82518251273441
2021-04-14,199.99192109058944,160.0357420776147,90.1099125255334
2021-04-15,201.2272656003319,161.42815290083195,92.63504415886416
2021-04-16,200.7330364228218,159.95251424570296,91.81285739569583
2021-04-19,200.3626350358627,160.73296750478866,90.31860660082474
2021-04-20,201.44197906186486,161.4625819257267,89.61825606723419
2021-04-21,201.64184090704725,160.80339326090456,89.8389382629094
2021-04-22,201.59429019137377,159.52359833219555,91.28005959802421
2021-04-23,201.32427909946938,159.18718040337566,91.0327336866529
2021-04-26,202.24532996094507,161.33584717521617,90.80033501640709
2021-04-27,201.56413947320118,161.16348564946645,91.10223841176592
2021-04-28,202.00388623591022,160.44695235621046,91.9283917861545
2021-04-29,204.0024199364236,160.6444833827743,91.12768861518643
2021-04-30,204.36895178800938,162.9559602125994,91.458861473796
2021-05-03,203.54961283474694,161.9212018781641,90.92341790782844
2021-05-04,202.31253455719315,159.9225881788655,91.39220107030124
2021-05-05,202.4239274493693,160.1376880706267,91.93446196030229
2021-05-06,201.1596723170144,159.5607352273803,93.0015191883749
2021-05-07,199.5278720235834,159.38954512930238,94.86874574585437
2021-05-10,198.7300126995621,158.62895393329603,94.39506152437274
2021-05-11,197.59512881975616,157.23697991861107,93.53885062591154
2021-05-12,198.43045047518711,158.40146658893724,93.74426393844747
2021-05-13,196.93751826622673,156.658179228799,93.86363295581711
2021-05-14,198.47820416471782,158.16349651600768,93.98167551547988
2021-05-17,197.6830183995836,157.67030807485,94.89259518624014
2021-05-18,197.75768137845608,158.4376855566811,95.13527325822282
2021-05-19,198.3852894076893,158.4574156477452,96.104702951603
2021-05-20,198.56329476255257,158.1372971573548,96.26045479931162
2021-05-21,199.2385414271239,158.8967908733364,96.25253415843196
2021-05-24,198.20417572338675,158.4127738256165,95.51234898609316
2021-05-25,195.88309662399826,155.53620632925868,96.29733180002087
2021-05-26,195.6323543735008,154.7836446760548,96.447255109266
2021-05-27,193.89945977790484,153.5374055701062,97.7724399473135
2021-05-28,193.26694116202992,152.785547697092,98.50968682280882
2021-05-31,194.15899525896822,155.12389169563025,98.08238359888512
2021-06-01,193.9076153852188,155.4385458757481,98.40687184138768
2021-06-02,193.25943519921458,155.80922884134864,98.40030594596773
2021-06-03,192.07361860137004,154.80957495586392,98.34940436515937
2021-06-04,191.72494691703315,154.59391554829082,97.06349974664495
2021-06-07,191.4941301140953,154.49785219523488,97.35325954375656
2021-06-08,189.8531084472603,153.9376205855409,97.51319891322757
2021-06-09,190.08884359466322,153.8952273603398,96.3820064320723
2021-06-10,188.9532509069666,154.0976691132814,96.74634744601647
2021-06-11,189.11166774554812,153.70198808935186,97.18109796119161
2021-06-14,188.59908449801213,153.9954774517772,96.12219673743964
2021-06-15,189.5285716434584,154.92282045909423,95.06872355967735
2021-06-16,190.32431928449535,155.29815009452915,95.38494585854154
2021-06-17,190.2724003894981,156.371417535338,96.19439414447336
2021-06-18,190.10296539404894,156.9189337948408,96.54271789525343
2021-06-21,190.48159991779852,157.0817821838291,94.82860121912549
2021-06-22,191.80732216269996,157.58993651560138,93.79175209167668
2021-06-23,192.81823818705192,158.97610018810047,94.36967278020367
2021-06-24,192.92683389312148,158.48594696654445,93.40544365942688
2021-06-25,193.19609887422234,159.07966584865753,94.49098581278989
2021-06-28,194.73173388511802,159.66467815295945,95.63399258246244
2021-06-29,193.05621732891922,158.39308880530155,94.84962107136852
2021-06-30,193.56111556188233,158.18188361169632,95.12762547675513
2021-07-01,192.62438476803152,157.2918603663146,95.86199796250493
2021-07-02,193.94830312671343,159.5132409323228,96.36658039438935
2021-07-05,193.42469069405323,160.30964122498182,95.94946504797325
2021-07-06,193.2865758581408,159.85003500221268,95.7802231239193
2021-07-07,192.17591082249987,158.75786742356286,95.72708382493975
2021-07-08,192.17174067840364,157.56347919612423,97.33458851896364
2021-07-09,192.94872022559298,158.3887989589135,98.01305111415716
2021-07-12,194.60825823272734,160.5060413802506,99.19360434551524
2021-07-13,193.3327951504047,158.87638799084542,99.47194537650142
2021-07-14,192.88285740414642,157.8664564759676,100.0451439154086
2021-07-15,196.78931267518752,161.23829639992863,100.9375627154945
2021-07-16,197.7310485649731,161.58538034033649,100.7999539002678
2021-07-19,197.7254069049011,161.71190549861348,100.10606994954064
2021-07-20,198.25248876470715,163.223642369486,100.52844774446596
2021-07-21,195.59058719337335,161.41261868493356,100.1579544328272
2021-07-22,197.21410691141702,163.1798854951128,99.64346400181586
2021-07-23,197.38162150587618,164.6312358906977,98.91405866881539
2021-07-26,195.9559945319049,163.6472362692143,97.56983476427274
2021-07-27,197.13811591639399,165.06541259666963,97.72026275754558
2021-07-28,196.52107092158687,164.59996391901717,96.81510250729872
2021-07-29,195.50686718850642,163.24008872415635,96.06374873781128
2021-07-30,196.0464113524379,164.7887349168816,95.77578967856931
2021-08-02,196.465121214006,164.1257501926564,94.59139737681497
2021-08-03,196.02294578617773,163.8162546323809,95.12715412862245
2021-08-04,195.96713311053102,162.94179115884504,96.00648145957632
2021-08-05,194.64044042159054,161.2905425844584,94.91836812480605
2021-08-06,193.21206862546535,159.23395865728855,94.57519864775693
2021-08-09,194.1312293818151,159.78551666744278,94.36523311364087
2021-08-10,195.46851324946863,161.18153373716854,94.13619973964298
2021-08-11,195.91979848406214,162.45495196209066,94.22697428805856
2021-08-12,196.3134381401595,161.43714921503786,94.5811980751212
2021-08-13,195.93734054358566,161.29579845236924,93.96439905467923
2021-08-16,195.82714741598738,160.92510794698592,94.69558700641679
2021-08-17,194.90982252032637,159.75426860315096,92.81693972128554
2021-08-18,196.68809344157523,161.0979080930045,91.81330713918561
2021-08-19,196.14005073557496,160.8026699000992,92.73688395070164
2021-08-20,196.57065313715123,161.0748414000815,92.33328160056931
2021-08-23,196.59081988393018,161.09537721774635,92.68653300825918
2021-08-24,195.2105389319437,161.5319567482602,93.85541111799222
2021-08-25,197.16973243550007,163.170570673463,95.55088306539702
2021-08-26,196.8139025047968,163.12168322974162,94.48270357459059
2021-08-27,196.06517664348866,161.71416182810387,93.75656904211246
2021-08-30,196.19984065224247,162.58825739836345,93.04418789648217
2021-08-31,195.32154406576154,161.51552848756674,92.35620223628297
2021-09-01,195.3711744344137,161.4672913427483,92.64164974703687
2021-09-02,194.4308900406802,160.1589438661248,90.75336588233084
2021-09-03,195.0162251135632,160.59227543056963,91.17628663078031
2021-09-06,195.09188407448897,160.03331592647183,91.13828210262695
2021-09-07,193.7435976536711,158.1311881691994,92.58938452153542
2021-09-08,194.8012958564713,158.14768191561038,91.08789643385627
2021-09-09,195.0156187422504,158.26509966491096,91.71759965975971
2021-09-10,193.9327108592662,157.62824299881797,91.33495291947096
2021-09-13,194.31411316760693,158.63958071730582,90.64437214716556
2021-09-14,194.76719527453838,160.30815256597006,91.4907089711262
2021-09-15,196.65292588387643,163.16059457512472,92.34750984452945
2021-09-16,195.81266776834138,161.9779186753499,91.00935978508467
2021-09-17,196.69379389720058,162.16086409991286,91.82374276539721
2021-09-20,196.6250379830699,162.65222280008075,91.55468010910037
2021-09-21,197.26832011024146,162.52549648520264,91.17213656681722
2021-09-22,197.03270943533613,163.15266191673507,90.69519998110451
2021-09-23,197.0022130243853,163.82443771208776,90.61374041439184
2021-09-24,197.5279745069901,163.4878935529275,90.02218487060327
2021-09-27,196.36384426293642,163.0590866731777,90.11474898556628
2021-09-28,194.28526670020122,162.34123274118022,87.7216073121653
2021-09-29,194.30510113632545,162.54065791825408,88.61699726846774
2021-09-30,193.88832263500257,161.85941058109273,88.89358338388871
2021-10-01,194.00644369376857,161.71959876210056,88.33376432533038
2021-10-04,194.6823478628155,162.4956684328697,88.69887719637995
2021-10-05,194.49896353771615,161.71828043969148,88.48150024596704
2021-10-06,195.73023182021976,162.87712386549515,89.05453141160342
2021-10-07,195.72618105003446,162.63449838946286,90.07870115384497
2021-10-08,195.87845519549236,162.1839714048513,90.5252308492928
2021-10-11,196.7535501557112,162.19317317277563,87.5316001937155
2021-10-12,197.38514746648048,163.13385418209833,88.80926653790283
2021-10-13,197.34055046151997,162.47845112167093,88.8639628713193
2021-10-14,197.51202840869973,162.83214850362654,89.51491039259476
2021-10-15,196.79952070112722,161.0169438448935,88.72373774010411
2021-10-18,196.23098046841247,160.56854681603397,88.54873111259194
2021-10-19,196.38230312670237,160.90931809611226,88.3083167483914
2021-10-20,197.24855715324003,161.97400958278635,88.83921815136549
2021-10-21,196.8626133299624,162.4189128175969,89.52953460207085
2021-10-22,197.75615161710743,163.5344251419742,89.8607474437451
2021-10-25,199.75558801264032,165.52802017149654,90.09353593849757
2021-10-26,201.96336359370486,167.0791298318406,90.93126705967552
2021-10-27,202.04693604774388,166.41433965549822,92.00235315638136
2021-10-28,203.16285038203085,166.54661920263942,92.64258008188926
2021-10-29,203.83570624708508,166.66289405588623,92.28499015973537
2021-11-01,204.68639417110307,167.65754339561306,93.07630556522194
2021-11-02,205.59054864850827,169.20313718665975,92.46095476109542
2021-11-03,206.18064090228364,169.97189857296797,92.67874160236853
2021-11-04,207.07608014739986,170.86055727613268,94.08356362313837
2021-11-05,207.3367620691753,171.6131662760562,92.62281057244812
2021-11-08,207.14691609114135,171.20662040169034,91.46971123140177
2021-11-09,207.47267430648117,171.58373159834852,89.24000396446361
2021-11-10,208.03974966042753,171.9460764885934,91.03716634349458
2021-11-11,209.34022554561267,173.12351407383298,91.13050369116321
2021-11-12,209.7865326128853,173.30939516301572,91.51897184514135
2021-11-15,210.60552551395742,173.06073225878333,91.70216312408658
2021-11-16,212.10887131120458,174.06435507624028,91.49474713588134
2021-11-17,211.24901502634538,172.8937703660456,90.56031323276304
2021-11-18,211.06164748591095,174.06560337311538,90.69671131056336
2021-11-19,211.67850544509372,175.56640837985125,89.6802032330947
2021-11-22,211.78000097697083,175.1471914815667,90.20889556993
2021-11-23,210.83946242655594,173.7701582133722,91.66049901358977
2021-11-24,211.90598398373098,174.65708735544902,93.79462007953018
2021-11-25,211.90998474821396,173.63518090578634,92.8218412437494
2021-11-26,210.98151738735652,173.85384804166537,92.33809111361653
2021-11-29,212.95460464706656,175.41377819231772,91.3646891473115
2021-11-30,211.74230073555083,174.13560351680326,89.60337741977206
2021-12-01,211.80092826510787,174.95198643295947,88.33769652398998
2021-12-02,211.20020611611773,175.3405628879484,88.07840041266137
2021-12-03,211.3813778068595,175.4988179612229,88.92507420300842
2021-12-06,212.01756492252923,176.61316949944919,90.00473102374342
2021-12-07,211.26893071578928,174.71718428162905,89.01437353912402
2021-12-08,211.2342630131419,174.12182881845587,89.54519824226982
2021-12-09,211.17223205616557,173.49119415195753,89.23122181470202
2021-12-10,210.23522343672522,171.66517168265702,89.352855846888
2021-12-13,211.47204963303736,173.3895399351706,90.25386868846431
2021-12-14,211.71221756843067,175.32150321790192,91.11643432761306
2021-12-15,211.49006622397596,174.1631924121229,91.94510514354278
2021-12-16,210.88903282766046,173.3030364614142,92.16300671216277
2021-12-17,210.61998894733233,173.8679213558706,92.35396494844619
2021-12-20,210.82834952131734,173.80815414929515,92.53588589286895
2021-12-21,210.43081758086785,173.47748544002818,93.04983462643044
2021-12-22,211.74780534063626,173.96943516784114,92.89892386914124
2021-12-23,209.26240760253435,172.24996606730937,93.27664414525532
2021-12-24,207.1795168521441,169.92553185221072,93.35463885399962
2021-12-27,206.98664996062897,170.36375681973286,94.63110764065141
2021-12-28,205.20210034658965,169.31892844834024,93.63498228877563
2021-12-29,205.1979307445183,169.56547697984183,93.19551103681341
2021-12-30,204.60221749619308,168.5276877858628,93.22533634247593
2021-12-31,205.24801690129823,168.9099376361895,93.08798051640319
2022-01-03,205.72682312089592,169.6429750414713,90.85686899413201
2022-01-04,207.10198362540834,170.12044456429697,91.85163421275733
2022-01-05,208.08867965106379,170.27659944644853,93.23939909144181
2022-01-06,209.40972394968935,169.85615126035225,91.55231163490353
2022-01-07,210.00519061148117,170.17425282049663,90.17261831003954
2022-01-10,211.14006939126017,171.2025857519267,91.39576317136677
2022-01-11,211.7074295363612,172.52951468049991,89.87293896718481
2022-01-12,211.18067375085505,171.41833512808464,89.92303840374804
2022-01-13,209.99277102514458,169.66473023915339,89.76963532291029
2022-01-14,208.84505909339802,169.84454234740207,89.30653802743286
2022-01-17,209.39404388259595,171.2163779473006,89.59562191692842
2022-01-18,207.06958742289208,168.6683965195551,88.47972488400907
2022-01-19,207.31074270379622,168.67177745562924,86.84305827312389
2022-01-20,206.6221456365296,167.0272293434597,86.1968952330919
2022-01-21,207.42365744662777,167.87836636120684,85.94681159303481
2022-01-24,207.68875674031955,169.22438529487474,86.07812577257094
2022-01-25,207.0023083133214,169.37149566641764,86.80013971949238
2022-01-26,207.08131231656444,168.79684060216653,88.17905564652786
2022-01-27,204.86794811454897,167.36463942817193,88.61835959115369
2022-01-28,205.2032056927494,167.25276817953142,88.48773028591945
2022-01-31,205.7354269982859,168.04658814904627,88.87855859769583
2022-02-01,203.9587993873239,166.36575756781468,87.63339678471885
2022-02-02,204.8840954717224,167.68221639480802,86.85643680107515
2022-02-03,204.83054433104013,168.607577924907,86.03271782823032
2022-02-04,205.0696875231066,169.04092245460564,84.4330161205551
2022-02-07,203.71340045815293,168.20512790553877,85.10943526745402
2022-02-08,204.38657594433408,168.99635695652012,84.00438641787972
2022-02-09,205.03677875579407,170.08304489741462,82.53305238848912
2022-02-10,205.0902624295402,169.75377361716406,81.47243941407984
2022-02-11,204.17313511289467,168.8487835962952,82.82791392933864
2022-02-14,205.00650360234667,169.36988973171833,83.96417604624504
2022-02-15,206.32575950946398,171.3102076658635,84.12732270361758
2022-02-16,206.79840017474496,171.70268491274047,84.67790048525825
2022-02-17,207.8742287102612,172.85931247270028,82.7914259726361
2022-02-18,207.36351547918372,172.07600554249797,81.80864802088159
2022-02-21,207.59580908146177,171.23348393901128,81.99609931573792
2022-02-22,208.05176161258385,171.3785464629971,80.87044466699844
2022-02-23,208.278486964204,171.900482652794,79.37605399067554
2022-02-24,211.185012249844,173.99384941374285,78.54268924933689
2022-02-25,211.69203008623828,174.00807183460603,79.18350093643005
2022-02-28,211.21932397189954,173.4061843296737,80.50585948925277
2022-03-01,212.13980929445705,174.55390511545897,79.38639343478218
2022-03-02,211.14610733577604,174.0743831658318,80.5982567964241
2022-03-03,211.61064607343275,174.4400232288719,79.2538110882459
2022-03-04,212.4794279692608,174.47660240890636,79.25580975883787
2022-03-07,212.08692995043288,173.7389877818166,79.09546773281993
2022-03-08,211.8686435415131,176.13800375661805,78.62082831687395
2022-03-09,211.03332033026868,175.226606115739,80.16862353318294
2022-03-10,211.2711795034097,175.73768221465627,80.83582209888624
2022-03-11,210.70299882202215,175.36238484811992,80.77914775415718
2022-03-14,212.549387309262,175.74672670431198,81.70610694870129
2022-03-15,213.30925157477378,177.21653578496654,80.94659457475963
2022-03-16,213.19928383995273,177.06468609767614,81.25949972501928
2022-03-17,211.89703206544925,175.28996751419166,82.57007971179226
2022-03-18,214.05096975795533,177.48092667735975,82.88666756812357
2022-03-21,215.47354228183607,178.13376666250895,84.69869525050656
2022-03-22,216.06712157479177,178.77158234010776,83.56378547048804
2022-03-23,216.386230198556,178.04258923558103,82.28455941962028
2022-03-24,216.68078502827294,178.16268573735204,81.93257441488142
2022-03-25,216.33525693104616,178.36298968384696,81.64696105613174
2022-03-28,218.3413868596447,179.61003570736034,81.06513345855103
2022-03-29,218.67071310017886,178.90984614467513,82.38294280189233
2022-03-30,217.3547955291993,177.37611661011155,82.66195490331589
2022-03-31,216.8216024931418,177.53490504575993,81.62881098829465
2022-04-01,214.36224070834766,174.54635925140397,80.89470129566456
2022-04-04,215.146250037109,174.37031326769855,81.25049530094206
2022-04-05,216.03531436739678,175.83175421887267,79.97654471701601
2022-04-06,217.93194566343786,177.58316800997707,80.27125632878453
2022-04-07,220.15638439000742,179.4670836324095,79.19694948982607
2022-04-08,219.49765821718614,178.76001097401897,79.07112016240127
2022-04-11,220.0709993143907,179.63133396958588,79.23711653545726
2022-04-12,221.1911061638806,181.2075932059048,77.72809002012492
2022-04-13,222.1071851224738,182.30272167364654,77.20090368238525
2022-04-14,221.7192559576539,180.8105911522365,76.73215865318417
2022-04-15,222.64410333721838,182.10460319535272,76.76557665444334
2022-04-18,223.25981052887605,181.53241600415865,77.40755163901335
2022-04-19,224.7418285954477,184.06231263531615,77.24574453554176
2022-04-20,224.83119662512226,183.8789027198035,75.8233047917855
2022-04-21,224.70911944484752,184.2722310822026,75.32992394578265
2022-04-22,224.31429124483503,184.21814826082866,74.36113357923688
2022-04-25,224.0504930646215,183.5794695494827,74.06800548513996
2022-04-26,223.39710743382585,183.93106539098395,74.9280155362784
2022-04-27,223.1684567976253,183.88307913994615,75.71954162354385
2022-04-28,223.78194848721336,185.81147730013416,76.75958835961968
2022-04-29,224.3513202924709,186.58420551192492,75.87223092090613
2022-05-02,225.77984465692742,187.79779949737528,74.13703876171087
2022-05-03,226.98221618613923,190.3306178462504,73.12356089637784
2022-05-04,227.71452340030368,191.59275250952902,73.01788287431009
2022-05-05,226.6657213150504,190.42870958620037,72.3520122507323
2022-05-06,227.33852157208997,190.1095622774833,71.10115047468527
2022-05-09,228.6048255497192,192.21732103405535,70.95015645144468
2022-05-10,227.39972389848742,191.78139973096566,72.06591720578182
2022-05-11,226.3799621438764,191.45118050312698,71.68348610998927
2022-05-12,225.52051262513618,190.14286328332682,71.9972614070398
2022-05-13,224.5734165777697,188.61812575185778,73.94204108254168
2022-05-16,224.3746276886573,187.5574266154915,73.323879934538
2022-05-17,223.52704866600214,187.4573010183161,74.04501346133078
2022-05-18,224.00151088307894,187.46965339072568,72.55174212819219
2022-05-19,222.87296724447233,186.79336642733705,71.66619061223743
2022-05-20,222.82848981028752,185.0049660600671,71.44085965380155
2022-05-23,222.4103845565229,185.27434460027445,72.45183076046484
2022-05-24,221.5205286670123,183.90525942216112,72.54123520603467
2022-05-25,222.63532668746228,182.80377805701386,72.0177382297484
2022-05-26,222.7420808450624,182.04712174237198,72.60304123398107
2022-05-27,223.36232170036382,182.94021344322755,74.04552321455736
2022-05-30,223.1065798238977,183.86732450502785,75.4486868553852
2022-05-31,223.88773137831927,182.56440245649927,74.57594509725135
2022-06-01,224.57984254570255,182.3005949709548,75.16243291797753
2022-06-02,224.50447060025033,182.52676812155798,74.584012111425
2022-06-03,222.80656036207273,180.2560571851821,75.2502012135164
2022-06-06,223.7043504946103,180.91064938597367,76.2970986257107
2022-06-07,224.47407114683222,181.04761521274537,75.1755038042615
2022-06-08,224.73213016408442,181.59262473700906,77.25621979662768
2022-06-09,225.0520434468678,181.06211130898419,75.36373346477859
2022-06-10,225.25307803416263,181.2857349998821,75.50012245228103
2022-06-13,225.52309643156684,181.2093876240111,73.75193199657238
2022-06-14,224.5952908055005,180.87573376099436,73.22231565069379
2022-06-15,224.61700979364042,181.12978566138224,74.72376260428545
2022-06-16,225.0127621831873,182.4112637890448,75.987553060023
2022-06-17,224.47799271633022,182.33468806445464,77.84078259943013
2022-06-20,223.58500929043566,183.01102067950683,77.50388862486042
2022-06-21,225.5224011667326,183.49686941504152,76.52655256329528
2022-06-22,226.20759418263987,184.00372075230803,75.55012523048043
2022-06-23,225.9788461431138,184.5031907814425,78.40801598427728
2022-06-24,225.56446974068206,184.33507734238347,79.386772625195
2022-06-27,222.99942395502026,180.51999028301276,78.4270073413291
2022-06-28,221.65184118658084,179.88451543872907,78.42456201531107
2022-06-29,221.48053180873166,179.5873530610257,78.32441456329488
2022-06-30,222.847275828805,182.5960639947446,79.24987380322048
2022-07-01,220.86744991922237,180.98427109035393,78.64110039966259
2022-07-04,220.24574841227587,181.01101859077068,76.88723430715444
2022-07-05,222.23884333654928,181.94590799551992,76.10772249284186
2022-07-06,222.98743212841333,183.0894177905144,76.63192319008706
2022-07-07,223.4810017670801,181.55128790509517,76.68757757065968
2022-07-08,224.75499333202765,182.0284198017376,76.10586769314457
2022-07-11,224.71405618668382,181.94407939823958,74.82296190768481
2022-07-12,224.61581846092355,180.96367505702997,75.99877517046026
2022-07-13,225.41020386150055,182.57854687287139,76.57698767571297
2022-07-14,226.34126920704102,183.54822197721958,75.69967908092232
2022-07-15,225.35400558296436,184.1154132824097,75.12902160975615
2022-07-18,226.96214146729227,184.49881762839556,76.9202727056269
2022-07-19,225.2983890574077,182.74573345681358,76.6130331155271
2022-07-20,224.68368130204917,182.90860384646263,77.91861473462521
2022-07-21,227.8393628181931,185.22168459890395,77.74990134287968
2022-07-22,227.40875697683762,185.6234451899882,77.58118270634208
2022-07-25,228.14611927719693,186.77007631387596,77.10538979049224
2022-07-26,227.2256002884291,185.56654298172634,77.68475962154335
2022-07-27,226.9867831596409,185.558668723389,78.15465626273664
2022-07-28,226.3484199485304,185.50948318280004,77.27832347991978
2022-07-29,226.03185000383434,185.4753509527961,78.97989737573961
2022-08-01,226.77059530238725,185.95175118436543,78.57286291888632
2022-08-02,228.60252567829366,187.11529800232103,78.02547523020584
2022-08-03,229.5591196712169,187.786693579099,79.183023056122
2022-08-04,231.19943386642913,189.86319376967904,78.43377270957677
2022-08-05,230.77571460852724,190.98843329054188,78.23725426618853
2022-08-08,232.3251369604455,191.12719845126867,78.49549329405656
2022-08-09,232.97247502714796,190.9195799869351,79.40011494755865
2022-08-10,234.42761471649888,192.01090897482837,77.80139653281628
2022-08-11,234.09204086865745,192.81468317651075,76.85412818824634
2022-08-12,233.94162940491873,192.0547836348813,74.46595813332394
2022-08-15,235.3902509527085,194.86776060921406,74.9905355449311
2022-08-16,236.08120476044874,196.9117864097937,75.24259252598024
2022-08-17,236.2676377708256,195.15005914772416,75.79129896373972
2022-08-18,235.66089599605718,195.06553112524983,76.06249643893858
2022-08-19,235.6370331466534,195.36329630205103,75.39905089426784
2022-08-22,236.1969262881661,195.38087028249282,75.95048816400094
2022-08-23,236.99204730216172,194.61165080270624,74.865397008072
2022-08-24,236.50829094989393,194.4347290167381,73.90122243495847
2022-08-25,236.23674770680466,193.94068488394285,73.52968169398584
2022-08-26,236.73283031299212,195.1942993736129,74.48311608999731
2022-08-29,235.68936082095294,194.72008294705344,73.15080879045604
2022-08-30,236.6890970934394,194.78867551397838,76.05800635971134
2022-08-31,236.73903912581576,196.20281752077793,75.28418423116975
2022-09-01,236.6565245435864,197.31653244971147,73.68435342764714
2022-09-02,234.29020012847278,196.2719082167345,73.78147612681305
2022-09-05,232.73674218503706,194.8022833789939,72.87097240470978
2022-09-06,231.7351366813653,194.40801042186482,73.471638334771
2022-09-07,231.18364527895704,193.76114999618278,74.26831712656666
2022-09-08,230.11459326232034,192.25810528980696,73.20542660422801
2022-09-09,230.5128180281828,191.04653053350808,73.64061621902216
2022-09-12,230.66910694220965,191.28133307222134,73.02490513228088
2022-09-13,230.42282037197265,189.5913359880625,73.22152216976119
2022-09-14,228.4084631175978,188.50590894717158,72.66415199102856
2022-09-15,229.8263105609226,188.66201147267336,72.46357497436067
2022-09-16,229.56752042530053,188.6703250555663,72.72096990380997
2022-09-19,230.17799105094252,189.00302512080677,74.07443625728492
2022-09-20,229.52682199733846,187.73198007859318,73.59366915768014
2022-09-21,229.5438814620498,187.13283556049083,74.28645158310604
2022-09-22,230.25826841723324,187.46230091517467,75.75606551118337
2022-09-23,230.51152451809733,188.90691188026847,74.89133952572261
2022-09-26,231.4907382732813,190.04456890569827,75.90702080033844
2022-09-27,231.32632280470054,189.7782148809634,75.53419363581669
2022-09-28,233.33468936649987,192.0340884952204,75.8115738699181
2022-09-29,231.45720748937578,189.71729722239428,76.20992180246812
2022-09-30,230.92084727133368,188.28826787953042,75.88864388595601
2022-10-03,231.9152999472103,188.60316711090684,77.29690148363808
2022-10-04,231.67829412046078,189.33379505058153,78.4900039966108
2022-10-05,231.24858054753625,188.8925717730479,78.57081732549362
2022-10-06,229.48642864024572,187.67844987223768,78.47698275085791
2022-10-07,230.69715395530463,188.8250324031013,78.48649256778526
2022-10-10,228.81048674953888,187.09617094093235,78.98553851647954
2022-10-11,229.32842229862587,188.48641735931952,79.47326753361338
2022-10-12,229.53272770380454,189.17190615402455,78.05549738236266
2022-10-13,230.41648875538246,189.2412612445583,78.67492164527759
2022-10-14,231.88348613473894,189.70495820771706,79.11094068306693
2022-10-17,231.18759668620112,189.1908099774298,78.70846914025148
2022-10-18,230.38374146796417,187.96540639928278,77.89640310283986
2022-10-19,230.0710862150354,187.82234196244784,76.17170050023773
2022-10-20,228.35605149134292,187.07467780855205,76.43542134944862
2022-10-21,229.17918309155587,187.8253227292668,75.71602836921434
2022-10-24,228.78238975711906,187.68592668813034,75.23363180217994
2022-10-25,228.94067336657432,187.48778824733859,77.71885931161886
2022-10-26,227.80849685514607,186.06234236427062,76.21291274578871
2022-10-27,227.81384955498032,185.43289337093526,74.21929460197661
2022-10-28,227.18569819370015,185.9976756099818,74.88062610668297
2022-10-31,227.1021596919495,185.44344590172923,73.03711751849016
2022-11-01,225.9996605327563,184.71762894603552,72.39991649832602
2022-11-02,227.01387705605805,185.69175772670525,72.32347541910038
2022-11-03,226.3513965225319,185.54930221133085,71.27992620901263
2022-11-04,223.78366861765147,183.29791989898024,72.33078182025416
2022-11-07,224.41362157265934,182.71422000693258,72.24459431144786
2022-11-08,224.0975502673237,184.0921123503122,72.27836326060546
2022-11-09,223.19624170046404,182.62180633099314,71.46378675647168
2022-11-10,225.6834120179156,185.11198406654304,70.31392727171094
2022-11-11,225.6120836923053,184.31909324518242,69.95481531613063
2022-11-14,224.2534597058271,183.79828203325147,71.69274852009619
2022-11-15,223.61767084419407,182.57408354968453,71.48806488482268
2022-11-16,223.97628949834234,184.1734776146635,71.90864830614294
2022-11-17,223.7282681684822,184.30419176098707,72.24282077167832
2022-11-18,224.9473699890105,184.1207660625383,71.22336543986971
2022-11-21,225.98902248819826,186.2222615643811,71.84529693235888
2022-11-22,225.1751008320008,184.18328222519776,71.19511521350252
2022-11-23,225.19051792897778,184.02732184240685,69.33468961572882
2022-11-24,225.80958452529967,185.4028083283593,67.37051176271672
2022-11-25,225.37427740629153,184.7920561437618,67.8802229595081
2022-11-28,224.8879257553525,185.35780716518758,69.64285187294465
2022-11-29,225.7450106172584,186.03337904976385,70.16798752328296
2022-11-30,226.17347163231307,185.91115840680757,71.13968527755381
2022-12-01,224.74862426739568,185.6638625484208,69.88271087005259
2022-12-02,224.17745482093693,185.16311621818153,66.86925911482932
2022-12-05,223.74180302973292,184.4015190816604,68.50710218015621
2022-12-06,223.6014043384116,184.92649049397014,69.35362053199604
2022-12-07,222.8615046067704,184.0596782242813,67.63135546200235
2022-12-08,224.18157426864843,184.05932184428485,67.75733415632668
2022-12-09,223.18977508657463,182.7563252248171,67.61437770132518
2022-12-12,222.0820132376258,183.69468228511488,67.37078652008124
2022-12-13,222.2709182631257,185.3935551800267,66.2032443123556
2022-12-14,219.99582204443013,182.23741849478722,66.49318187270296
2022-12-15,218.9432222898923,181.85611880816546,67.08327355472304
2022-12-16,219.54810934616665,183.08094793887457,65.62678797286492
2022-12-19,218.20212269293623,181.59658732965642,65.89154915253671
2022-12-20,217.33708797452599,181.21727875700793,64.31649688512286
2022-12-21,218.40345767807537,181.136361546421,64.88305359644929
2022-12-22,218.84116093231307,181.11960919176943,64.56256983817191
2022-12-23,218.88015206012471,181.80469550356173,65.36433196720975
2022-12-26,219.10690102460262,181.7885410323499,65.72622809587715
2022-12-27,218.4136395957454,180.98079387119517,64.00852456369176
2022-12-28,218.7078339252741,180.91575071271578,62.853196001950565
2022-12-29,218.4907192457078,179.6776013226035,62.82825230195086
2022-12-30,220.9774119830769,180.9213669913969,63.30721253911192
2023-01-02,221.50425193221267,181.0029292013697,64.41374395648866
2023-01-03,221.1553304096495,180.69852385115917,63.13950372616228
2023-01-04,221.0924622812537,180.09370274110205,62.904177237932814
2023-01-05,221.13696661040632,181.60173656336048,65.19067403130921
2023-01-06,219.74836362112077,179.2210082244925,65.20331011446879
2023-01-09,218.9165479910453,177.87391232700693,64.19030717521413
2023-01-10,220.43636744840515,178.7746722316832,62.33708819272472
2023-01-11,219.02558915704304,178.20100431633446,62.68511579275342
2023-01-12,218.43868685832695,176.82271307224948,63.51116684370251
2023-01-13,219.45712344109398,178.0259942143612,62.66309768055319
2023-01-16,220.96412764233813,178.7902917816428,63.4254121882963
2023-01-17,219.93687524507973,177.60507251743158,64.46075314119128
2023-01-18,221.39699533676213,179.3201419293614,65.81535635678529
2023-01-19,221.0324666922079,179.81832558134943,66.43203227213992
2023-01-20,222.68840469173597,182.01857180290088,66.11040403389532
2023-01-23,223.1898686764074,181.6350751239807,65.32455586509573
2023-01-24,222.90842932698428,182.2794592659507,66.18154375811366
2023-01-25,223.63972312979823,183.67833584404687,64.77000270189671
2023-01-26,224.20325182889763,184.3629692829067,66.23924114035398
2023-01-27,223.4340288454621,184.05475275855235,66.81793022339178
2023-01-30,225.58702775586463,185.76312043905605,66.48497354903111
2023-01-31,225.24766533364635,185.34451212177066,64.60825462147929
2023-02-01,226.40595979772834,186.86626932833732,63.694349332759145
2023-02-02,225.92618095529602,187.61765977981727,62.1308409658856
2023-02-03,224.1047380592321,185.8177146428153,60.99748346618385
2023-02-06,222.98819201999044,185.0526410183123,61.40399063764451
2023-02-07,222.8938424006034,185.51318890557476,63.571440674519536
2023-02-08,223.5828846680085,184.88007294770887,62.45352977309064
2023-02-09,225.3510558477708,187.39300233202,61.55790278216136
2023-02-10,225.43923177925456,187.56131629423547,63.559019998343686
2023-02-13,225.1635505925923,188.21464359768572,63.575393704358675
2023-02-14,223.9399853261273,186.78973936371597,63.8516551728397
2023-02-15,223.90039202254343,185.92313012561996,63.080258943081105
2023-02-16,224.20713378790842,185.928230023365,64.5847385046827
2023-02-17,221.99935952603857,184.26514452019757,64.60319044342845
2023-02-20,223.31069850953702,184.5215047292808,65.29664306936141
2023-02-21,224.45453432733973,186.0367817366945,66.06043485082097
2023-02-22,226.7381023049825,187.954134825255,67.5467086717337
2023-02-23,225.8328488514361,186.35296976240267,67.89358157605888
2023-02-24,225.8771079174685,186.69152500488502,67.24400456182984
2023-02-27,225.89712509514067,186.53693358960737,67.73395433039775
2023-02-28,224.57376561863418,185.45642920925468,67.59903497998484
2023-03-01,223.72629436623959,184.44874463665803,65.7872606615812
2023-03-02,222.74342185708872,183.13051468351085,65.11617434732969
2023-03-03,223.26089783566866,182.69412182239518,63.52657618561024
2023-03-06,223.6946347236597,183.22245048956069,63.294582947330234
2023-03-07,225.0460419777778,184.42150081977445,62.746748535103144
2023-03-08,224.64382652683008,184.52711005059066,62.316054149849855
2023-03-09,223.24552737583636,182.9403672148541,60.59156305577416
2023-03-10,223.685270138524,183.6909354498698,61.054685869913946
2023-03-13,224.05548329183574,184.64436412956488,61.15426829061089
2023-03-14,224.72195867677297,184.33503333375413,62.13670965929053
2023-03-15,225.96887425158667,185.5400674313728,60.85823881370577
2023-03-16,225.3822412374101,186.71310360429558,60.274446740557295
2023-03-17,226.18062213878642,186.90046138317877,59.52188791628173
2023-03-20,225.17409149426658,185.81520446227844,59.88624437582238
2023-03-21,225.32967250350453,185.87355636419986,59.09972788530246
2023-03-22,226.019115729186,186.01713810407554,59.55058179483552
2023-03-23,225.90189568261295,186.54687512447242,58.35648161396212
2023-03-24,226.11822975412974,186.60796015223798,58.7050947518847
2023-03-27,224.72164751246584,185.36943980469917,58.760995655260885
2023-03-28,224.0687639032456,184.2472069116161,58.62007808430057
2023-03-29,224.21658358077576,184.7670532872741,58.34677823467639
2023-03-30,223.0097778760762,183.71059148589023,58.1528123832666
2023-03-31,222.15222504725944,182.71712921545995,59.009256929659195
2023-04-03,224.584672289808,184.44366382440137,59.935778794010545
2023-04-04,224.83834092426213,185.81203441213444,60.744165668194384
2023-04-05,224.00641034779804,185.07625886506364,60.793239649993936
2023-04-06,222.96378834988292,184.37200406528407,60.19006159325392
2023-04-07,224.33370858623942,186.36183624694303,59.4942021359317
2023-04-10,221.51107286353704,183.8847470217124,59.15075729660494
2023-04-11,221.12335560844969,184.1353932931163,58.98599019584299
2023-04-12,221.6869354420577,183.68877860998975,58.31637699314737
2023-04-13,221.0512810560412,183.55062812188646,57.02750812147818
2023-04-14,221.49637011298114,182.2552139291728,55.89007629612828
2023-04-17,220.36293484476812,181.45484606168554,56.54259555278016
2023-04-18,220.26050907864246,181.05570175464368,55.757273545509264
2023-04-19,220.2110775914595,180.51972556526317,55.610195798579184
2023-04-20,220.1298572179975,181.2845946330431,55.07828132959584
2023-04-21,220.17910396214793,181.8418544235274,55.25769397825012
2023-04-24,220.1188182363486,182.3568251693825,54.8929605270237
2023-04-25,221.14009802690975,184.15315005037354,55.900694646841416
2023-04-26,220.7747037662914,184.06358392213383,55.98323053454298
2023-04-27,220.0818018926642,183.73021073919116,54.74962078424501
2023-04-28,219.69468352286293,183.16862371881828,54.641464039613936
2023-05-01,219.28385629781533,183.99890233092702,53.43353314505076
2023-05-02,217.65123927016174,183.04811978520942,52.935396763840714
2023-05-03,215.62925283661616,180.56213176264043,53.701786656744176
2023-05-04,214.16531520585897,178.52948200802905,52.206171366931436
2023-05-05,214.3385600301595,177.96303785964727,52.626428276450966
2023-05-08,213.5590611307835,176.69257419161687,52.430430209443784
2023-05-09,213.0346139396803,177.1286340026479,53.32478941631794
2023-05-10,215.79231248280405,179.41279191240838,53.213794680304645
2023-05-11,216.80544110423102,180.8389718036899,54.01875214353578
2023-05-12,216.482349827107,179.84406886909335,54.00626472903849
2023-05-15,215.7372523461269,178.5646546316841,55.051424220197234
2023-05-16,217.00106560089569,180.3664740630509,55.16780638471266
2023-05-17,216.1056362434402,178.07249118073895,54.31303929727296
2023-05-18,217.22990255886688,178.09788699986925,54.36999656165692
2023-05-19,217.70482032419602,177.01918008067418,54.28646941555422
2023-05-22,218.97758625153392,177.71975450594582,55.902136756420745
2023-05-23,218.1383553329194,179.07811822329148,55.00697138953127
2023-05-24,218.92914163787066,179.18851193498293,53.37402251662795
2023-05-25,217.00099127386738,178.4607999688694,54.4985001104202
2023-05-26,216.71248694707697,179.40221968380592,53.75704138652776
2023-05-29,217.67773745645968,179.6086844706734,51.97174175152446
2023-05-30,218.25855519811836,179.5189017157659,50.93627585857632
2023-05-31,216.30490942042314,178.19094535596102,50.06613648747923
2023-06-01,216.87433127874147,179.10460976433407,49.535520551989315
2023-06-02,217.21209189161948,178.1953778560321,51.58176774572782
2023-06-05,217.02973763932675,177.5069926189024,51.22118708834765
2023-06-06,216.1874285722825,178.08666363305014,51.712201657148064
2023-06-07,215.7868938244107,177.16770794917272,52.06220052336359
2023-06-08,215.0930726480836,176.9070664073445,51.363043298533164
2023-06-09,215.92122760967223,178.3091815104981,49.50971583834197
2023-06-12,216.2681840727725,178.29420100420575,51.2224674852788
2023-06-13,217.2183770073114,178.89801912160172,50.60964227763362
2023-06-14,217.7889449743081,178.94201548588205,49.65354371391042
2023-06-15,216.38644294664815,177.36623440785627,50.07515395445442
2023-06-16,216.4027948445641,176.99583227584102,49.09086974049006
2023-06-19,218.42789498967466,177.5335927811567,48.41817406829114
2023-06-20,217.19668723263703,176.3577301727184,49.23792138466841
2023-06-21,217.3575351431063,176.51239004185015,48.633481986571525
2023-06-22,216.45597433715423,176.4802263872504,48.69948669611844
2023-06-23,215.4454990410942,175.4985527323762,48.19903519588446
2023-06-26,215.53665452371277,175.24049710374862,49.54652153838093
2023-06-27,216.33554869581667,177.3917206995242,47.83473944024517
2023-06-28,216.9834676517408,177.94539732406062,44.954570811187
2023-06-29,217.32537295350397,178.09832155492447,44.91991445857784
2023-06-30,218.15549471644653,178.44194841782524,44.463361315395844
2023-07-03,216.40370982117267,177.1142976158897,47.1317078594177
2023-07-04,217.10026029218378,177.12779756915813,47.09262577057709
2023-07-05,217.38293194190186,177.10475031543768,47.0706182560264
2023-07-06,217.07710793764318,176.38745854530913,47.71609630827154
2023-07-07,216.94429347228157,175.59032657761463,47.885246721223915
2023-07-10,215.96788677759184,174.71876107401053,48.374321156710245
2023-07-11,217.01092900591863,174.80784111488768,47.35682265722294
2023-07-12,216.13397933473198,175.62778382991226,46.92740790590652
2023-07-13,214.53399135597502,173.69819894025775,48.25123548381775
2023-07-14,214.40445365833995,175.06930121102405,46.95504786832256
2023-07-17,213.70126261499766,174.84168990270376,46.46120128163285
2023-07-18,213.50794431111538,175.39544658042507,46.71632672356694
2023-07-19,214.89907641062774,177.5676472677485,47.34232226847333
2023-07-20,214.6386599682853,176.1295775683105,47.280431412811886
2023-07-21,214.64025841888005,177.33507349393187,47.8109934417131
2023-07-24,216.78794376207424,179.3483381149177,48.51461671985698
2023-07-25,215.26118821032463,177.70950044805386,48.52461813434705
2023-07-26,215.50880360317558,177.33344145168164,47.70143686345642
2023-07-27,216.55883969491532,178.43444450111582,48.07205039324887
2023-07-28,217.9578642691783,178.40621616768462,47.412988705144
2023-07-31,220.09011351499032,181.46240420490886,46.775085708700544
2023-08-01,219.31334087599475,180.70326434887087,47.92168288936803
