,gross_pnl,cost,net_pnl,n_pairs,in_market,position,cum_net,cum_gross
2015-12-08,0.0,0.0,0.0,1,0,0,0.0,0.0
2015-12-09,0.0,0.0,0.0,1,0,0,0.0,0.0
2015-12-10,0.0,0.0,0.0,1,0,0,0.0,0.0
2015-12-11,0.0,0.0,0.0,1,0,0,0.0,0.0
2015-12-14,0.0,0.0,0.0,1,0,0,0.0,0.0
2015-12-15,0.0,0.0,0.0,1,0,0,0.0,0.0
2015-12-16,0.0,0.0,0.0,1,0,0,0.0,0.0
2015-12-17,0.0,0.0,0.0,1,0,0,0.0,0.0
2015-12-18,0.0,0.0002,-0.0002,1,1,1,-0.0002,0.0
2015-12-21,0.0034079592803125235,0.0,0.0034079592803125235,1,1,1,0.0032079592803125234,0.0034079592803125235
2015-12-22,-0.00240026790437559,0.0,-0.00240026790437559,1,1,1,0.0008076913759369336,0.0010076913759369337
2015-12-23,-0.0037206818430040693,0.0,-0.0037206818430040693,1,1,1,-0.0029129904670671357,-0.0027129904670671356
2015-12-24,0.005763108248454456,0.0,0.005763108248454456,1,1,1,0.0028501177813873204,0.0030501177813873205
2015-12-25,0.0029694107117701515,0.0,0.0029694107117701515,1,1,1,0.005819528493157472,0.006019528493157472
2015-12-28,-0.0003643656062053448,0.0,-0.0003643656062053448,1,1,1,0.005455162886952128,0.005655162886952127
2015-12-29,-0.0017819050455995505,0.0,-0.0017819050455995505,1,1,1,0.003673257841352577,0.0038732578413525768
2015-12-30,-0.0008125300392313054,0.0,-0.0008125300392313054,1,1,1,0.0028607278021212717,0.0030607278021212714
2015-12-31,-0.0012679315169419232,0.0,-0.0012679315169419232,1,1,1,0.0015927962851793485,0.0017927962851793482
2016-01-01,-0.0008411920624436779,0.0,-0.0008411920624436779,1,1,1,0.0007516042227356706,0.0009516042227356703
2016-01-04,-0.0022785059408265557,0.0,-0.0022785059408265557,1,1,1,-0.0015269017180908851,-0.0013269017180908855
2016-01-05,0.0017006261070132745,0.0,0.0017006261070132745,1,1,1,0.0001737243889223894,0.00037372438892238906
2016-01-06,-0.001902039405721962,0.0,-0.001902039405721962,1,1,1,-0.0017283150167995726,-0.001528315016799573
2016-01-07,-0.005891318516247593,0.0,-0.005891318516247593,1,1,1,-0.007619633533047165,-0.0074196335330471656
2016-01-08,-0.004089140069239457,0.0,-0.004089140069239457,1,1,1,-0.011708773602286622,-0.011508773602286623
2016-01-11,-0.00010345854828258791,0.0,-0.00010345854828258791,1,1,1,-0.01181223215056921,-0.011612232150569212
2016-01-12,-0.003265527370833545,0.0,-0.003265527370833545,1,1,1,-0.015077759521402756,-0.014877759521402757
2016-01-13,-0.007457863604566,0.0,-0.007457863604566,1,1,1,-0.022535623125968754,-0.022335623125968755
2016-01-14,0.004591683502374384,0.0,0.004591683502374384,1,1,1,-0.01794393962359437,-0.01774393962359437
2016-01-15,0.001493262664889781,0.0,0.001493262664889781,1,1,1,-0.01645067695870459,-0.01625067695870459
2016-01-18,-0.0015804342074414357,0.0,-0.0015804342074414357,1,1,1,-0.018031111166146023,-0.017831111166146024
2016-01-19,-0.0016675085864770714,0.0,-0.0016675085864770714,1,1,1,-0.019698619752623093,-0.019498619752623094
2016-01-20,0.0016958630147878339,0.0,0.0016958630147878339,1,1,1,-0.01800275673783526,-0.01780275673783526
2016-01-21,0.0039030368717229173,0.0,0.0039030368717229173,1,1,1,-0.014099719866112342,-0.013899719866112343
2016-01-22,-0.0023055389743838867,0.0,-0.0023055389743838867,1,1,1,-0.016405258840496227,-0.01620525884049623
2016-01-25,0.0011908513690469806,0.0,0.0011908513690469806,1,1,1,-0.015214407471449247,-0.015014407471449248
2016-01-26,-0.0020906571871160385,0.0,-0.0020906571871160385,1,1,1,-0.017305064658565284,-0.017105064658565285
2016-01-27,0.0008364359897457304,0.0,0.0008364359897457304,1,1,1,-0.016468628668819554,-0.016268628668819556
2016-01-28,-0.0037231300667484872,0.0,-0.0037231300667484872,1,1,1,-0.02019175873556804,-0.019991758735568042
2016-01-29,-0.005425240413039811,0.0,-0.005425240413039811,1,1,1,-0.025616999148607853,-0.025416999148607854
2016-02-01,-9.205202486648086e-05,0.0,-9.205202486648086e-05,1,1,1,-0.025709051173474336,-0.025509051173474337
2016-02-02,-0.00019664695645744295,0.0,-0.00019664695645744295,1,1,1,-0.02590569812993178,-0.02570569812993178
2016-02-03,0.0019035781959636693,0.0,0.0019035781959636693,1,1,1,-0.02400211993396811,-0.02380211993396811
2016-02-04,-0.0021435063534568995,0.0,-0.0021435063534568995,1,1,1,-0.02614562628742501,-0.02594562628742501
2016-02-05,0.004168367595407343,0.0,0.004168367595407343,1,1,1,-0.021977258692017665,-0.021777258692017666
2016-02-08,0.000211756847683201,0.0,0.000211756847683201,1,1,1,-0.021765501844334463,-0.021565501844334464
2016-02-09,0.004443609865734645,0.0,0.004443609865734645,1,1,1,-0.017321891978599818,-0.01712189197859982
2016-02-10,-0.0010174573553834772,0.0002033860067872063,-0.0012208433621706835,1,0,0,-0.018542735340770503,-0.0181393493339833
2016-02-11,0.0,0.0,0.0,1,0,0,-0.018542735340770503,-0.0181393493339833
2016-02-12,0.0,0.0,0.0,1,0,0,-0.018542735340770503,-0.0181393493339833
2016-02-15,0.0,0.0,0.0,1,0,0,-0.018542735340770503,-0.0181393493339833
2016-02-16,0.0,0.0,0.0,1,0,0,-0.018542735340770503,-0.0181393493339833
2016-02-17,0.0,0.0,0.0,1,0,0,-0.018542735340770503,-0.0181393493339833
2016-02-18,0.0,0.0,0.0,1,0,0,-0.018542735340770503,-0.0181393493339833
2016-02-19,0.0,0.0,0.0,1,0,0,-0.018542735340770503,-0.0181393493339833
2016-02-22,0.0,0.0,0.0,1,0,0,-0.018542735340770503,-0.0181393493339833
2016-02-23,0.0,0.0,0.0,1,0,0,-0.018542735340770503,-0.0181393493339833
2016-02-24,0.0,0.0,0.0,1,0,0,-0.018542735340770503,-0.0181393493339833
2016-02-25,0.0,0.0,0.0,1,0,0,-0.018542735340770503,-0.0181393493339833
2016-02-26,0.0,0.0,0.0,1,0,0,-0.018542735340770503,-0.0181393493339833
2016-02-29,0.0,0.0,0.0,1,0,0,-0.018542735340770503,-0.0181393493339833
2016-03-01,0.0,0.0,0.0,1,0,0,-0.018542735340770503,-0.0181393493339833
2016-03-02,0.0,0.0,0.0,1,0,0,-0.018542735340770503,-0.0181393493339833
2016-03-03,0.0,0.0,0.0,1,0,0,-0.018542735340770503,-0.0181393493339833
2016-03-04,0.0,0.0,0.0,1,0,0,-0.018542735340770503,-0.0181393493339833
2016-03-07,0.0,0.0,0.0,1,0,0,-0.018542735340770503,-0.0181393493339833
2016-03-08,0.0,0.0,0.0,1,0,0,-0.018542735340770503,-0.0181393493339833
2016-03-09,0.0,0.0,0.0,1,0,0,-0.018542735340770503,-0.0181393493339833
2016-03-10,0.0,0.0,0.0,1,0,0,-0.018542735340770503,-0.0181393493339833
2016-03-11,0.0,0.0,0.0,1,0,0,-0.018542735340770503,-0.0181393493339833
2016-03-14,0.0,0.0,0.0,1,0,0,-0.018542735340770503,-0.0181393493339833
2016-03-15,0.0,0.0,0.0,1,0,0,-0.018542735340770503,-0.0181393493339833
2016-03-16,0.0,0.0,0.0,1,0,0,-0.018542735340770503,-0.0181393493339833
2016-03-17,0.0,0.0,0.0,1,0,0,-0.018542735340770503,-0.0181393493339833
2016-03-18,0.0,0.0,0.0,1,0,0,-0.018542735340770503,-0.0181393493339833
2016-03-21,0.0,0.0,0.0,1,0,0,-0.018542735340770503,-0.0181393493339833
2016-03-22,0.0,0.0002,-0.0002,1,1,1,-0.018742735340770502,-0.0181393493339833
2016-03-23,0.0035053225161541376,0.0,0.0035053225161541376,1,1,1,-0.015237412824616364,-0.01463402681782916
2016-03-24,-0.0005766978291108523,0.0,-0.0005766978291108523,1,1,1,-0.015814110653727217,-0.015210724646940012
2016-03-25,0.002608894138047892,0.0,0.002608894138047892,1,1,1,-0.013205216515679324,-0.01260183050889212
2016-03-28,0.002263969654366763,0.0,0.002263969654366763,1,1,1,-0.010941246861312561,-0.010337860854525358
2016-03-29,0.005215027936064585,0.0,0.005215027936064585,1,1,1,-0.005726218925247976,-0.005122832918460773
2016-03-30,0.003821039799839804,0.00019564050054875378,0.00362539929929105,1,0,0,-0.0021008196259569263,-0.0013017931186209688
2016-03-31,0.0,0.0,0.0,1,0,0,-0.0021008196259569263,-0.0013017931186209688
2016-04-01,0.0,0.0,0.0,1,0,0,-0.0021008196259569263,-0.0013017931186209688
2016-04-04,0.0,0.0,0.0,1,0,0,-0.0021008196259569263,-0.0013017931186209688
2016-04-05,0.0,0.0,0.0,1,0,0,-0.0021008196259569263,-0.0013017931186209688
2016-04-06,0.0,0.0,0.0,1,0,0,-0.0021008196259569263,-0.0013017931186209688
2016-04-07,0.0,0.0,0.0,1,0,0,-0.0021008196259569263,-0.0013017931186209688
2016-04-08,0.0,0.0,0.0,1,0,0,-0.0021008196259569263,-0.0013017931186209688
2016-04-11,0.0,0.0,0.0,1,0,0,-0.0021008196259569263,-0.0013017931186209688
2016-04-12,0.0,0.0,0.0,1,0,0,-0.0021008196259569263,-0.0013017931186209688
2016-04-13,0.0,0.0,0.0,1,0,0,-0.0021008196259569263,-0.0013017931186209688
2016-04-14,0.0,0.0,0.0,1,0,0,-0.0021008196259569263,-0.0013017931186209688
2016-04-15,0.0,0.0,0.0,1,0,0,-0.0021008196259569263,-0.0013017931186209688
2016-04-18,0.0,0.0,0.0,1,0,0,-0.0021008196259569263,-0.0013017931186209688
2016-04-19,0.0,0.0,0.0,1,0,0,-0.0021008196259569263,-0.0013017931186209688
2016-04-20,0.0,0.0,0.0,1,0,0,-0.0021008196259569263,-0.0013017931186209688
2016-04-21,0.0,0.0,0.0,1,0,0,-0.0021008196259569263,-0.0013017931186209688
2016-04-22,0.0,0.0,0.0,1,0,0,-0.0021008196259569263,-0.0013017931186209688
2016-04-25,0.0,0.0,0.0,1,0,0,-0.0021008196259569263,-0.0013017931186209688
2016-04-26,0.0,0.0,0.0,1,0,0,-0.0021008196259569263,-0.0013017931186209688
2016-04-27,0.0,0.0,0.0,1,0,0,-0.0021008196259569263,-0.0013017931186209688
2016-04-28,0.0,0.0,0.0,1,0,0,-0.0021008196259569263,-0.0013017931186209688
2016-04-29,0.0,0.0,0.0,1,0,0,-0.0021008196259569263,-0.0013017931186209688
2016-05-02,0.0,0.0,0.0,1,0,0,-0.0021008196259569263,-0.0013017931186209688
2016-05-03,0.0,0.0,0.0,1,0,0,-0.0021008196259569263,-0.0013017931186209688
2016-05-04,0.0,0.0,0.0,1,0,0,-0.0021008196259569263,-0.0013017931186209688
2016-05-05,0.0,0.0,0.0,1,0,0,-0.0021008196259569263,-0.0013017931186209688
2016-05-06,0.0,0.0,0.0,1,0,0,-0.0021008196259569263,-0.0013017931186209688
2016-05-09,0.0,0.0,0.0,1,0,0,-0.0021008196259569263,-0.0013017931186209688
2016-05-10,0.0,0.0,0.0,1,0,0,-0.0021008196259569263,-0.0013017931186209688
2016-05-11,0.0,0.0,0.0,1,0,0,-0.0021008196259569263,-0.0013017931186209688
2016-05-12,0.0,0.0,0.0,1,0,0,-0.0021008196259569263,-0.0013017931186209688
2016-05-13,0.0,0.0,0.0,1,0,0,-0.0021008196259569263,-0.0013017931186209688
2016-05-16,0.0,0.0,0.0,1,0,0,-0.0021008196259569263,-0.0013017931186209688
2016-05-17,0.0,0.0,0.0,1,0,0,-0.0021008196259569263,-0.0013017931186209688
2016-05-18,0.0,0.0,0.0,1,0,0,-0.0021008196259569263,-0.0013017931186209688
2016-05-19,0.0,0.0,0.0,1,0,0,-0.0021008196259569263,-0.0013017931186209688
2016-05-20,0.0,0.0,0.0,1,0,0,-0.0021008196259569263,-0.0013017931186209688
2016-05-23,0.0,0.0,0.0,1,0,0,-0.0021008196259569263,-0.0013017931186209688
2016-05-24,0.0,0.0,0.0,1,0,0,-0.0021008196259569263,-0.0013017931186209688
2016-05-25,0.0,0.0,0.0,1,0,0,-0.0021008196259569263,-0.0013017931186209688
2016-05-26,0.0,0.0,0.0,1,0,0,-0.0021008196259569263,-0.0013017931186209688
2016-05-27,0.0,0.0,0.0,1,0,0,-0.0021008196259569263,-0.0013017931186209688
2016-05-30,0.0,0.0,0.0,1,0,0,-0.0021008196259569263,-0.0013017931186209688
2016-05-31,0.0,0.0,0.0,1,0,0,-0.0021008196259569263,-0.0013017931186209688
2016-06-01,0.0,0.0,0.0,1,0,0,-0.0021008196259569263,-0.0013017931186209688
2016-06-02,0.0,0.0,0.0,1,0,0,-0.0021008196259569263,-0.0013017931186209688
2016-06-03,0.0,0.0,0.0,1,0,0,-0.0021008196259569263,-0.0013017931186209688
2016-06-06,0.0,0.0,0.0,1,0,0,-0.0021008196259569263,-0.0013017931186209688
2016-06-07,0.0,0.0,0.0,1,0,0,-0.0021008196259569263,-0.0013017931186209688
2016-06-08,0.0,0.0,0.0,1,0,0,-0.0021008196259569263,-0.0013017931186209688
2016-06-09,0.0,0.0,0.0,1,0,0,-0.0021008196259569263,-0.0013017931186209688
2016-06-10,0.0,0.0,0.0,1,0,0,-0.0021008196259569263,-0.0013017931186209688
2016-06-13,0.0,0.0,0.0,1,0,0,-0.0021008196259569263,-0.0013017931186209688
2016-06-14,0.0,0.0,0.0,1,0,0,-0.0021008196259569263,-0.0013017931186209688
2016-06-15,0.0,0.0,0.0,1,0,0,-0.0021008196259569263,-0.0013017931186209688
2016-06-16,0.0,0.0,0.0,1,0,0,-0.0021008196259569263,-0.0013017931186209688
2016-06-17,0.0,0.0,0.0,1,0,0,-0.0021008196259569263,-0.0013017931186209688
2016-06-20,0.0,0.0,0.0,1,0,0,-0.0021008196259569263,-0.0013017931186209688
2016-06-21,0.0,0.0,0.0,1,0,0,-0.0021008196259569263,-0.0013017931186209688
2016-06-22,0.0,0.0,0.0,1,0,0,-0.0021008196259569263,-0.0013017931186209688
2016-06-23,0.0,0.0,0.0,1,0,0,-0.0021008196259569263,-0.0013017931186209688
2016-06-24,0.0,0.0,0.0,1,0,0,-0.0021008196259569263,-0.0013017931186209688
2016-06-27,0.0,0.0,0.0,1,0,0,-0.0021008196259569263,-0.0013017931186209688
2016-06-28,0.0,0.0,0.0,1,0,0,-0.0021008196259569263,-0.0013017931186209688
2016-06-29,0.0,0.0,0.0,1,0,0,-0.0021008196259569263,-0.0013017931186209688
2016-06-30,0.0,0.0,0.0,1,0,0,-0.0021008196259569263,-0.0013017931186209688
2016-07-01,0.0,0.0,0.0,1,0,0,-0.0021008196259569263,-0.0013017931186209688
2016-07-04,0.0,0.0,0.0,1,0,0,-0.0021008196259569263,-0.0013017931186209688
2016-07-05,0.0,0.0,0.0,1,0,0,-0.0021008196259569263,-0.0013017931186209688
2016-07-06,0.0,0.0,0.0,1,0,0,-0.0021008196259569263,-0.0013017931186209688
2016-07-07,0.0,0.0,0.0,1,0,0,-0.0021008196259569263,-0.0013017931186209688
2016-07-08,0.0,0.0,0.0,1,0,0,-0.0021008196259569263,-0.0013017931186209688
2016-07-11,0.0,0.0,0.0,1,0,0,-0.0021008196259569263,-0.0013017931186209688
2016-07-12,0.0,0.0002,-0.0002,1,1,1,-0.0023008196259569264,-0.0013017931186209688
2016-07-13,0.0030433192060761657,0.0,0.0030433192060761657,1,1,1,0.0007424995801192393,0.001741526087455197
2016-07-14,-0.0002748133746845701,0.0,-0.0002748133746845701,1,1,1,0.0004676862054346692,0.0014667127127706268
2016-07-15,-0.0022380766228946762,0.0,-0.0022380766228946762,1,1,1,-0.001770390417460007,-0.0007713639101240494
2016-07-18,-0.0009682181164965436,0.0,-0.0009682181164965436,1,1,1,-0.002738608533956551,-0.001739582026620593
2016-07-19,0.0035173755794596865,0.0,0.0035173755794596865,1,1,1,0.0007787670455031356,0.0017777935528390935
2016-07-20,0.004792618434716209,0.00019248214471574788,0.004600136290000461,1,0,0,0.005378903335503596,0.006570411987555302
2016-07-21,0.0,0.0,0.0,1,0,0,0.005378903335503596,0.006570411987555302
2016-07-22,0.0,0.0002,-0.0002,1,1,1,0.005178903335503597,0.006570411987555302
2016-07-25,0.0021436781114361095,0.0,0.0021436781114361095,1,1,1,0.007322581446939706,0.008714090098991411
2016-07-26,0.00023536602106617862,0.0,0.00023536602106617862,1,1,1,0.007557947468005885,0.00894945612005759
2016-07-27,0.002806978050368389,0.0,0.002806978050368389,1,1,1,0.010364925518374275,0.011756434170425979
2016-07-28,-0.0001972094502666684,0.0,-0.0001972094502666684,1,1,1,0.010167716068107607,0.01155922472015931
2016-07-29,0.005186371216405779,0.0,0.005186371216405779,1,1,1,0.015354087284513386,0.01674559593656509
2016-08-01,0.00016476955054090209,0.00020286765121113948,-3.809810067023739e-05,1,0,0,0.015315989183843148,0.016910365487105995
2016-08-02,0.0,0.0,0.0,1,0,0,0.015315989183843148,0.016910365487105995
2016-08-03,0.0,0.0,0.0,1,0,0,0.015315989183843148,0.016910365487105995
2016-08-04,0.0,0.0,0.0,1,0,0,0.015315989183843148,0.016910365487105995
2016-08-05,0.0,0.0,0.0,1,0,0,0.015315989183843148,0.016910365487105995
2016-08-08,0.0,0.0002,-0.0002,1,1,1,0.015115989183843147,0.016910365487105995
2016-08-09,-0.00357486361100672,0.0,-0.00357486361100672,1,1,1,0.011541125572836427,0.013335501876099274
2016-08-10,0.0013795633126164088,0.0,0.0013795633126164088,1,1,1,0.012920688885452836,0.014715065188715683
2016-08-11,-0.0015933536671914883,0.0,-0.0015933536671914883,1,1,1,0.011327335218261347,0.013121711521524195
2016-08-12,-0.004713993721653238,0.0,-0.004713993721653238,1,1,1,0.00661334149660811,0.008407717799870956
2016-08-15,-0.0007898284244711918,0.0,-0.0007898284244711918,1,1,1,0.005823513072136918,0.007617889375399764
2016-08-16,0.0005547602102208664,0.0,0.0005547602102208664,1,1,1,0.006378273282357784,0.00817264958562063
2016-08-17,0.0005685818691431523,0.0,0.0005685818691431523,1,1,1,0.006946855151500937,0.008741231454763783
2016-08-18,0.001227105017298031,0.0,0.001227105017298031,1,1,1,0.008173960168798969,0.009968336472061815
2016-08-19,-0.00048501761477930203,0.0,-0.00048501761477930203,1,1,1,0.007688942554019667,0.009483318857282513
2016-08-22,-0.0038276579481626724,0.0,-0.0038276579481626724,1,1,1,0.0038612846058569943,0.005655660909119841
2016-08-23,-0.0011295999033894837,0.0,-0.0011295999033894837,1,1,1,0.0027316847024675107,0.004526061005730357
2016-08-24,-5.270526186236025e-05,0.0,-5.270526186236025e-05,1,1,1,0.00267897944060515,0.004473355743867997
2016-08-25,0.0019935471026228755,0.0,0.0019935471026228755,1,1,1,0.004672526543228026,0.006466902846490872
2016-08-26,0.0029486580774146084,0.00020323863206564845,0.0027454194453489598,1,0,0,0.0074179459885769855,0.00941556092390548
2016-08-29,0.0,0.0,0.0,0,0,0,0.0074179459885769855,0.00941556092390548
2016-08-30,0.0,0.0,0.0,0,0,0,0.0074179459885769855,0.00941556092390548
2016-08-31,0.0,0.0,0.0,0,0,0,0.0074179459885769855,0.00941556092390548
2016-09-01,0.0,0.0,0.0,0,0,0,0.0074179459885769855,0.00941556092390548
2016-09-02,0.0,0.0,0.0,0,0,0,0.0074179459885769855,0.00941556092390548
2016-09-05,0.0,0.0,0.0,0,0,0,0.0074179459885769855,0.00941556092390548
2016-09-06,0.0,0.0,0.0,0,0,0,0.0074179459885769855,0.00941556092390548
2016-09-07,0.0,0.0,0.0,0,0,0,0.0074179459885769855,0.00941556092390548
2016-09-08,0.0,0.0,0.0,0,0,0,0.0074179459885769855,0.00941556092390548
2016-09-09,0.0,0.0,0.0,0,0,0,0.0074179459885769855,0.00941556092390548
2016-09-12,0.0,0.0,0.0,0,0,0,0.0074179459885769855,0.00941556092390548
2016-09-13,0.0,0.0,0.0,0,0,0,0.0074179459885769855,0.00941556092390548
2016-09-14,0.0,0.0,0.0,0,0,0,0.0074179459885769855,0.00941556092390548
2016-09-15,0.0,0.0,0.0,0,0,0,0.0074179459885769855,0.00941556092390548
2016-09-16,0.0,0.0,0.0,0,0,0,0.0074179459885769855,0.00941556092390548
2016-09-19,0.0,0.0,0.0,0,0,0,0.0074179459885769855,0.00941556092390548
2016-09-20,0.0,0.0,0.0,0,0,0,0.0074179459885769855,0.00941556092390548
2016-09-21,0.0,0.0,0.0,0,0,0,0.0074179459885769855,0.00941556092390548
2016-09-22,0.0,0.0,0.0,0,0,0,0.0074179459885769855,0.00941556092390548
2016-09-23,0.0,0.0,0.0,0,0,0,0.0074179459885769855,0.00941556092390548
2016-09-26,0.0,0.0,0.0,0,0,0,0.0074179459885769855,0.00941556092390548
2016-09-27,0.0,0.0,0.0,0,0,0,0.0074179459885769855,0.00941556092390548
2016-09-28,0.0,0.0,0.0,0,0,0,0.0074179459885769855,0.00941556092390548
2016-09-29,0.0,0.0,0.0,0,0,0,0.0074179459885769855,0.00941556092390548
2016-09-30,0.0,0.0,0.0,0,0,0,0.0074179459885769855,0.00941556092390548
2016-10-03,0.0,0.0,0.0,0,0,0,0.0074179459885769855,0.00941556092390548
2016-10-04,0.0,0.0,0.0,0,0,0,0.0074179459885769855,0.00941556092390548
2016-10-05,0.0,0.0,0.0,0,0,0,0.0074179459885769855,0.00941556092390548
2016-10-06,0.0,0.0,0.0,0,0,0,0.0074179459885769855,0.00941556092390548
2016-10-07,0.0,0.0,0.0,0,0,0,0.0074179459885769855,0.00941556092390548
2016-10-10,0.0,0.0,0.0,0,0,0,0.0074179459885769855,0.00941556092390548
2016-10-11,0.0,0.0,0.0,0,0,0,0.0074179459885769855,0.00941556092390548
2016-10-12,0.0,0.0,0.0,0,0,0,0.0074179459885769855,0.00941556092390548
2016-10-13,0.0,0.0,0.0,0,0,0,0.0074179459885769855,0.00941556092390548
2016-10-14,0.0,0.0,0.0,0,0,0,0.0074179459885769855,0.00941556092390548
2016-10-17,0.0,0.0,0.0,0,0,0,0.0074179459885769855,0.00941556092390548
2016-10-18,0.0,0.0,0.0,0,0,0,0.0074179459885769855,0.00941556092390548
2016-10-19,0.0,0.0,0.0,0,0,0,0.0074179459885769855,0.00941556092390548
2016-10-20,0.0,0.0,0.0,0,0,0,0.0074179459885769855,0.00941556092390548
2016-10-21,0.0,0.0,0.0,0,0,0,0.0074179459885769855,0.00941556092390548
2016-10-24,0.0,0.0,0.0,0,0,0,0.0074179459885769855,0.00941556092390548
2016-10-25,0.0,0.0,0.0,0,0,0,0.0074179459885769855,0.00941556092390548
2016-10-26,0.0,0.0,0.0,0,0,0,0.0074179459885769855,0.00941556092390548
2016-10-27,0.0,0.0,0.0,0,0,0,0.0074179459885769855,0.00941556092390548
2016-10-28,0.0,0.0,0.0,0,0,0,0.0074179459885769855,0.00941556092390548
2016-10-31,0.0,0.0,0.0,0,0,0,0.0074179459885769855,0.00941556092390548
2016-11-01,0.0,0.0,0.0,0,0,0,0.0074179459885769855,0.00941556092390548
2016-11-02,0.0,0.0,0.0,0,0,0,0.0074179459885769855,0.00941556092390548
2016-11-03,0.0,0.0,0.0,0,0,0,0.0074179459885769855,0.00941556092390548
2016-11-04,0.0,0.0,0.0,0,0,0,0.0074179459885769855,0.00941556092390548
2016-11-07,0.0,0.0,0.0,0,0,0,0.0074179459885769855,0.00941556092390548
2016-11-08,0.0,0.0,0.0,0,0,0,0.0074179459885769855,0.00941556092390548
2016-11-09,0.0,0.0,0.0,0,0,0,0.0074179459885769855,0.00941556092390548
2016-11-10,0.0,0.0,0.0,0,0,0,0.0074179459885769855,0.00941556092390548
2016-11-11,0.0,0.0,0.0,0,0,0,0.0074179459885769855,0.00941556092390548
2016-11-14,0.0,0.0,0.0,0,0,0,0.0074179459885769855,0.00941556092390548
2016-11-15,0.0,0.0,0.0,0,0,0,0.0074179459885769855,0.00941556092390548
2016-11-16,0.0,0.0,0.0,0,0,0,0.0074179459885769855,0.00941556092390548
2016-11-17,0.0,0.0,0.0,0,0,0,0.0074179459885769855,0.00941556092390548
2016-11-18,0.0,0.0,0.0,0,0,0,0.0074179459885769855,0.00941556092390548
2016-11-21,0.0,0.0,0.0,0,0,0,0.0074179459885769855,0.00941556092390548
2016-11-22,0.0,0.0,0.0,0,0,0,0.0074179459885769855,0.00941556092390548
2016-11-23,0.0,0.0,0.0,0,0,0,0.0074179459885769855,0.00941556092390548
2016-11-24,0.0,0.0,0.0,0,0,0,0.0074179459885769855,0.00941556092390548
2016-11-25,0.0,0.0,0.0,0,0,0,0.0074179459885769855,0.00941556092390548
2016-11-28,0.0,0.0,0.0,0,0,0,0.0074179459885769855,0.00941556092390548
2016-11-29,0.0,0.0,0.0,0,0,0,0.0074179459885769855,0.00941556092390548
2016-11-30,0.0,0.0,0.0,0,0,0,0.0074179459885769855,0.00941556092390548
2016-12-01,0.0,0.0,0.0,0,0,0,0.0074179459885769855,0.00941556092390548
2016-12-02,0.0,0.0,0.0,0,0,0,0.0074179459885769855,0.00941556092390548
2016-12-05,0.0,0.0,0.0,0,0,0,0.0074179459885769855,0.00941556092390548
2016-12-06,0.0,0.0,0.0,0,0,0,0.0074179459885769855,0.00941556092390548
2016-12-07,0.0,0.0,0.0,0,0,0,0.0074179459885769855,0.00941556092390548
2016-12-08,0.0,0.0,0.0,0,0,0,0.0074179459885769855,0.00941556092390548
2016-12-09,0.0,0.0,0.0,0,0,0,0.0074179459885769855,0.00941556092390548
2016-12-12,0.0,0.0,0.0,0,0,0,0.0074179459885769855,0.00941556092390548
2016-12-13,0.0,0.0,0.0,0,0,0,0.0074179459885769855,0.00941556092390548
2016-12-14,0.0,0.0,0.0,0,0,0,0.0074179459885769855,0.00941556092390548
2016-12-15,0.0,0.0,0.0,0,0,0,0.0074179459885769855,0.00941556092390548
2016-12-16,0.0,0.0,0.0,0,0,0,0.0074179459885769855,0.00941556092390548
2016-12-19,0.0,0.0,0.0,0,0,0,0.0074179459885769855,0.00941556092390548
2016-12-20,0.0,0.0,0.0,0,0,0,0.0074179459885769855,0.00941556092390548
2016-12-21,0.0,0.0,0.0,0,0,0,0.0074179459885769855,0.00941556092390548
2016-12-22,0.0,0.0,0.0,0,0,0,0.0074179459885769855,0.00941556092390548
2016-12-23,0.0,0.0,0.0,0,0,0,0.0074179459885769855,0.00941556092390548
2016-12-26,0.0,0.0,0.0,0,0,0,0.0074179459885769855,0.00941556092390548
2016-12-27,0.0,0.0,0.0,0,0,0,0.0074179459885769855,0.00941556092390548
2016-12-28,0.0,0.0,0.0,0,0,0,0.0074179459885769855,0.00941556092390548
2016-12-29,0.0,0.0,0.0,0,0,0,0.0074179459885769855,0.00941556092390548
2016-12-30,0.0,0.0,0.0,0,0,0,0.0074179459885769855,0.00941556092390548
2017-01-02,0.0,0.0,0.0,0,0,0,0.0074179459885769855,0.00941556092390548
2017-01-03,0.0,0.0,0.0,0,0,0,0.0074179459885769855,0.00941556092390548
2017-01-04,0.0,0.0,0.0,0,0,0,0.0074179459885769855,0.00941556092390548
2017-01-05,0.0,0.0,0.0,0,0,0,0.0074179459885769855,0.00941556092390548
2017-01-06,0.0,0.0,0.0,0,0,0,0.0074179459885769855,0.00941556092390548
2017-01-09,0.0,0.0,0.0,0,0,0,0.0074179459885769855,0.00941556092390548
2017-01-10,0.0,0.0,0.0,0,0,0,0.0074179459885769855,0.00941556092390548
2017-01-11,0.0,0.0,0.0,0,0,0,0.0074179459885769855,0.00941556092390548
2017-01-12,0.0,0.0,0.0,0,0,0,0.0074179459885769855,0.00941556092390548
2017-01-13,0.0,0.0,0.0,0,0,0,0.0074179459885769855,0.00941556092390548
2017-01-16,0.0,0.0,0.0,0,0,0,0.0074179459885769855,0.00941556092390548
2017-01-17,0.0,0.0,0.0,0,0,0,0.0074179459885769855,0.00941556092390548
2017-01-18,0.0,0.0,0.0,0,0,0,0.0074179459885769855,0.00941556092390548
2017-01-19,0.0,0.0,0.0,0,0,0,0.0074179459885769855,0.00941556092390548
2017-01-20,0.0,0.0,0.0,0,0,0,0.0074179459885769855,0.00941556092390548
2017-01-23,0.0,0.0,0.0,0,0,0,0.0074179459885769855,0.00941556092390548
2017-01-24,0.0,0.0,0.0,0,0,0,0.0074179459885769855,0.00941556092390548
2017-01-25,0.0,0.0,0.0,0,0,0,0.0074179459885769855,0.00941556092390548
2017-01-26,0.0,0.0,0.0,0,0,0,0.0074179459885769855,0.00941556092390548
2017-01-27,0.0,0.0,0.0,0,0,0,0.0074179459885769855,0.00941556092390548
2017-01-30,0.0,0.0,0.0,0,0,0,0.0074179459885769855,0.00941556092390548
2017-01-31,0.0,0.0,0.0,0,0,0,0.0074179459885769855,0.00941556092390548
2017-02-01,0.0,0.0,0.0,0,0,0,0.0074179459885769855,0.00941556092390548
2017-02-02,0.0,0.0,0.0,0,0,0,0.0074179459885769855,0.00941556092390548
2017-02-03,0.0,0.0,0.0,0,0,0,0.0074179459885769855,0.00941556092390548
2017-02-06,0.0,0.0,0.0,0,0,0,0.0074179459885769855,0.00941556092390548
2017-02-07,0.0,0.0,0.0,0,0,0,0.0074179459885769855,0.00941556092390548
2017-02-08,0.0,0.0,0.0,0,0,0,0.0074179459885769855,0.00941556092390548
2017-02-09,0.0,0.0,0.0,0,0,0,0.0074179459885769855,0.00941556092390548
2017-02-10,0.0,0.0,0.0,0,0,0,0.0074179459885769855,0.00941556092390548
2017-02-13,0.0,0.0,0.0,0,0,0,0.0074179459885769855,0.00941556092390548
2017-02-14,0.0,0.0,0.0,0,0,0,0.0074179459885769855,0.00941556092390548
2017-02-15,0.0,0.0,0.0,0,0,0,0.0074179459885769855,0.00941556092390548
2017-02-16,0.0,0.0,0.0,0,0,0,0.0074179459885769855,0.00941556092390548
2017-02-17,0.0,0.0,0.0,0,0,0,0.0074179459885769855,0.00941556092390548
2017-02-20,0.0,0.0,0.0,0,0,0,0.0074179459885769855,0.00941556092390548
2017-02-21,0.0,0.0,0.0,0,0,0,0.0074179459885769855,0.00941556092390548
2017-02-22,0.0,0.0,0.0,0,0,0,0.0074179459885769855,0.00941556092390548
2017-02-23,0.0,0.0,0.0,0,0,0,0.0074179459885769855,0.00941556092390548
2017-02-24,0.0,0.0,0.0,0,0,0,0.0074179459885769855,0.00941556092390548
2017-02-27,0.0,0.0,0.0,0,0,0,0.0074179459885769855,0.00941556092390548
2017-02-28,0.0,0.0,0.0,0,0,0,0.0074179459885769855,0.00941556092390548
2017-03-01,0.0,0.0,0.0,0,0,0,0.0074179459885769855,0.00941556092390548
2017-03-02,0.0,0.0,0.0,0,0,0,0.0074179459885769855,0.00941556092390548
2017-03-03,0.0,0.0,0.0,0,0,0,0.0074179459885769855,0.00941556092390548
2017-03-06,0.0,0.0,0.0,0,0,0,0.0074179459885769855,0.00941556092390548
2017-03-07,0.0,0.0,0.0,0,0,0,0.0074179459885769855,0.00941556092390548
2017-03-08,0.0,0.0,0.0,0,0,0,0.0074179459885769855,0.00941556092390548
2017-03-09,0.0,0.0,0.0,0,0,0,0.0074179459885769855,0.00941556092390548
2017-03-10,0.0,0.0,0.0,0,0,0,0.0074179459885769855,0.00941556092390548
2017-03-13,0.0,0.0,0.0,0,0,0,0.0074179459885769855,0.00941556092390548
2017-03-14,0.0,0.0,0.0,0,0,0,0.0074179459885769855,0.00941556092390548
2017-03-15,0.0,0.0,0.0,0,0,0,0.0074179459885769855,0.00941556092390548
2017-03-16,0.0,0.0,0.0,0,0,0,0.0074179459885769855,0.00941556092390548
2017-03-17,0.0,0.0,0.0,0,0,0,0.0074179459885769855,0.00941556092390548
2017-03-20,0.0,0.0,0.0,0,0,0,0.0074179459885769855,0.00941556092390548
2017-03-21,0.0,0.0,0.0,0,0,0,0.0074179459885769855,0.00941556092390548
2017-03-22,0.0,0.0,0.0,0,0,0,0.0074179459885769855,0.00941556092390548
2017-03-23,0.0,0.0,0.0,0,0,0,0.0074179459885769855,0.00941556092390548
2017-03-24,0.0,0.0,0.0,0,0,0,0.0074179459885769855,0.00941556092390548
2017-03-27,0.0,0.0,0.0,0,0,0,0.0074179459885769855,0.00941556092390548
2017-03-28,0.0,0.0,0.0,0,0,0,0.0074179459885769855,0.00941556092390548
2017-03-29,0.0,0.0,0.0,0,0,0,0.0074179459885769855,0.00941556092390548
2017-03-30,0.0,0.0,0.0,0,0,0,0.0074179459885769855,0.00941556092390548
2017-03-31,0.0,0.0,0.0,0,0,0,0.0074179459885769855,0.00941556092390548
2017-04-03,0.0,0.0,0.0,0,0,0,0.0074179459885769855,0.00941556092390548
2017-04-04,0.0,0.0,0.0,0,0,0,0.0074179459885769855,0.00941556092390548
2017-04-05,0.0,0.0,0.0,0,0,0,0.0074179459885769855,0.00941556092390548
2017-04-06,0.0,0.0,0.0,0,0,0,0.0074179459885769855,0.00941556092390548
2017-04-07,0.0,0.0,0.0,0,0,0,0.0074179459885769855,0.00941556092390548
2017-04-10,0.0,0.0,0.0,0,0,0,0.0074179459885769855,0.00941556092390548
2017-04-11,0.0,0.0,0.0,0,0,0,0.0074179459885769855,0.00941556092390548
2017-04-12,0.0,0.0,0.0,0,0,0,0.0074179459885769855,0.00941556092390548
2017-04-13,0.0,0.0,0.0,0,0,0,0.0074179459885769855,0.00941556092390548
2017-04-14,0.0,0.0,0.0,0,0,0,0.0074179459885769855,0.00941556092390548
2017-04-17,0.0,0.0,0.0,0,0,0,0.0074179459885769855,0.00941556092390548
2017-04-18,0.0,0.0,0.0,0,0,0,0.0074179459885769855,0.00941556092390548
2017-04-19,0.0,0.0,0.0,0,0,0,0.0074179459885769855,0.00941556092390548
2017-04-20,0.0,0.0,0.0,0,0,0,0.0074179459885769855,0.00941556092390548
2017-04-21,0.0,0.0,0.0,0,0,0,0.0074179459885769855,0.00941556092390548
2017-04-24,0.0,0.0,0.0,0,0,0,0.0074179459885769855,0.00941556092390548
2017-04-25,0.0,0.0,0.0,0,0,0,0.0074179459885769855,0.00941556092390548
2017-04-26,0.0,0.0,0.0,0,0,0,0.0074179459885769855,0.00941556092390548
2017-04-27,0.0,0.0,0.0,0,0,0,0.0074179459885769855,0.00941556092390548
2017-04-28,0.0,0.0,0.0,0,0,0,0.0074179459885769855,0.00941556092390548
2017-05-01,0.0,0.0,0.0,0,0,0,0.0074179459885769855,0.00941556092390548
2017-05-02,0.0,0.0,0.0,0,0,0,0.0074179459885769855,0.00941556092390548
2017-05-03,0.0,0.0,0.0,0,0,0,0.0074179459885769855,0.00941556092390548
2017-05-04,0.0,0.0,0.0,0,0,0,0.0074179459885769855,0.00941556092390548
2017-05-05,0.0,0.0,0.0,0,0,0,0.0074179459885769855,0.00941556092390548
2017-05-08,0.0,0.0,0.0,0,0,0,0.0074179459885769855,0.00941556092390548
2017-05-09,0.0,0.0,0.0,0,0,0,0.0074179459885769855,0.00941556092390548
2017-05-10,0.0,0.0,0.0,0,0,0,0.0074179459885769855,0.00941556092390548
2017-05-11,0.0,0.0,0.0,0,0,0,0.0074179459885769855,0.00941556092390548
2017-05-12,0.0,0.0,0.0,0,0,0,0.0074179459885769855,0.00941556092390548
2017-05-15,0.0,0.0,0.0,0,0,0,0.0074179459885769855,0.00941556092390548
2017-05-16,0.0,0.0,0.0,0,0,0,0.0074179459885769855,0.00941556092390548
2017-05-17,0.0,0.0,0.0,0,0,0,0.0074179459885769855,0.00941556092390548
2017-05-18,0.0,0.0,0.0,0,0,0,0.0074179459885769855,0.00941556092390548
2017-05-19,0.0,0.0,0.0,0,0,0,0.0074179459885769855,0.00941556092390548
2017-05-22,0.0,0.0,0.0,0,0,0,0.0074179459885769855,0.00941556092390548
2017-05-23,0.0,0.0,0.0,0,0,0,0.0074179459885769855,0.00941556092390548
2017-05-24,0.0,0.0,0.0,0,0,0,0.0074179459885769855,0.00941556092390548
2017-05-25,0.0,0.0,0.0,0,0,0,0.0074179459885769855,0.00941556092390548
2017-05-26,0.0,0.0,0.0,0,0,0,0.0074179459885769855,0.00941556092390548
2017-05-29,0.0,0.0,0.0,0,0,0,0.0074179459885769855,0.00941556092390548
2017-05-30,0.0,0.0,0.0,0,0,0,0.0074179459885769855,0.00941556092390548
2017-05-31,0.0,0.0,0.0,0,0,0,0.0074179459885769855,0.00941556092390548
2017-06-01,0.0,0.0,0.0,0,0,0,0.0074179459885769855,0.00941556092390548
2017-06-02,0.0,0.0,0.0,0,0,0,0.0074179459885769855,0.00941556092390548
2017-06-05,0.0,0.0,0.0,0,0,0,0.0074179459885769855,0.00941556092390548
2017-06-06,0.0,0.0,0.0,0,0,0,0.0074179459885769855,0.00941556092390548
2017-06-07,0.0,0.0,0.0,0,0,0,0.0074179459885769855,0.00941556092390548
2017-06-08,0.0,0.0,0.0,0,0,0,0.0074179459885769855,0.00941556092390548
2017-06-09,0.0,0.0,0.0,0,0,0,0.0074179459885769855,0.00941556092390548
2017-06-12,0.0,0.0,0.0,0,0,0,0.0074179459885769855,0.00941556092390548
2017-06-13,0.0,0.0,0.0,0,0,0,0.0074179459885769855,0.00941556092390548
2017-06-14,0.0,0.0,0.0,0,0,0,0.0074179459885769855,0.00941556092390548
2017-06-15,0.0,0.0,0.0,0,0,0,0.0074179459885769855,0.00941556092390548
2017-06-16,0.0,0.0,0.0,0,0,0,0.0074179459885769855,0.00941556092390548
2017-06-19,0.0,0.0,0.0,0,0,0,0.0074179459885769855,0.00941556092390548
2017-06-20,0.0,0.0,0.0,0,0,0,0.0074179459885769855,0.00941556092390548
2017-06-21,0.0,0.0,0.0,0,0,0,0.0074179459885769855,0.00941556092390548
2017-06-22,0.0,0.0,0.0,0,0,0,0.0074179459885769855,0.00941556092390548
2017-06-23,0.0,0.0,0.0,0,0,0,0.0074179459885769855,0.00941556092390548
2017-06-26,0.0,0.0,0.0,0,0,0,0.0074179459885769855,0.00941556092390548
2017-06-27,0.0,0.0,0.0,0,0,0,0.0074179459885769855,0.00941556092390548
2017-06-28,0.0,0.0,0.0,0,0,0,0.0074179459885769855,0.00941556092390548
2017-06-29,0.0,0.0,0.0,0,0,0,0.0074179459885769855,0.00941556092390548
2017-06-30,0.0,0.0,0.0,0,0,0,0.0074179459885769855,0.00941556092390548
2017-07-03,0.0,0.0,0.0,0,0,0,0.0074179459885769855,0.00941556092390548
2017-07-04,0.0,0.0,0.0,0,0,0,0.0074179459885769855,0.00941556092390548
2017-07-05,0.0,0.0,0.0,0,0,0,0.0074179459885769855,0.00941556092390548
2017-07-06,0.0,0.0,0.0,0,0,0,0.0074179459885769855,0.00941556092390548
2017-07-07,0.0,0.0,0.0,0,0,0,0.0074179459885769855,0.00941556092390548
2017-07-10,0.0,0.0,0.0,0,0,0,0.0074179459885769855,0.00941556092390548
2017-07-11,0.0,0.0,0.0,0,0,0,0.0074179459885769855,0.00941556092390548
2017-07-12,0.0,0.0,0.0,0,0,0,0.0074179459885769855,0.00941556092390548
2017-07-13,0.0,0.0,0.0,0,0,0,0.0074179459885769855,0.00941556092390548
2017-07-14,0.0,0.0,0.0,0,0,0,0.0074179459885769855,0.00941556092390548
2017-07-17,0.0,0.0,0.0,0,0,0,0.0074179459885769855,0.00941556092390548
2017-07-18,0.0,0.0,0.0,0,0,0,0.0074179459885769855,0.00941556092390548
2017-07-19,0.0,0.0,0.0,0,0,0,0.0074179459885769855,0.00941556092390548
2017-07-20,0.0,0.0,0.0,0,0,0,0.0074179459885769855,0.00941556092390548
2017-07-21,0.0,0.0,0.0,0,0,0,0.0074179459885769855,0.00941556092390548
2017-07-24,0.0,0.0,0.0,0,0,0,0.0074179459885769855,0.00941556092390548
2017-07-25,0.0,0.0,0.0,0,0,0,0.0074179459885769855,0.00941556092390548
2017-07-26,0.0,0.0,0.0,0,0,0,0.0074179459885769855,0.00941556092390548
2017-07-27,0.0,0.0,0.0,0,0,0,0.0074179459885769855,0.00941556092390548
2017-07-28,0.0,0.0,0.0,0,0,0,0.0074179459885769855,0.00941556092390548
2017-07-31,0.0,0.0,0.0,0,0,0,0.0074179459885769855,0.00941556092390548
2017-08-01,0.0,0.0,0.0,0,0,0,0.0074179459885769855,0.00941556092390548
2017-08-02,0.0,0.0,0.0,0,0,0,0.0074179459885769855,0.00941556092390548
2017-08-03,0.0,0.0,0.0,0,0,0,0.0074179459885769855,0.00941556092390548
2017-08-04,0.0,0.0,0.0,0,0,0,0.0074179459885769855,0.00941556092390548
2017-08-07,0.0,0.0,0.0,0,0,0,0.0074179459885769855,0.00941556092390548
2017-08-08,0.0,0.0,0.0,0,0,0,0.0074179459885769855,0.00941556092390548
2017-08-09,0.0,0.0,0.0,0,0,0,0.0074179459885769855,0.00941556092390548
2017-08-10,0.0,0.0,0.0,0,0,0,0.0074179459885769855,0.00941556092390548
2017-08-11,0.0,0.0,0.0,0,0,0,0.0074179459885769855,0.00941556092390548
2017-08-14,0.0,0.0,0.0,0,0,0,0.0074179459885769855,0.00941556092390548
2017-08-15,0.0,0.0,0.0,0,0,0,0.0074179459885769855,0.00941556092390548
2017-08-16,0.0,0.0,0.0,0,0,0,0.0074179459885769855,0.00941556092390548
2017-08-17,0.0,0.0,0.0,0,0,0,0.0074179459885769855,0.00941556092390548
2017-08-18,0.0,0.0,0.0,0,0,0,0.0074179459885769855,0.00941556092390548
2017-08-21,0.0,0.0,0.0,0,0,0,0.0074179459885769855,0.00941556092390548
2017-08-22,0.0,0.0,0.0,0,0,0,0.0074179459885769855,0.00941556092390548
2017-08-23,0.0,0.0,0.0,0,0,0,0.0074179459885769855,0.00941556092390548
2017-08-24,0.0,0.0,0.0,0,0,0,0.0074179459885769855,0.00941556092390548
2017-08-25,0.0,0.0,0.0,0,0,0,0.0074179459885769855,0.00941556092390548
2017-08-28,0.0,0.0,0.0,0,0,0,0.0074179459885769855,0.00941556092390548
2017-08-29,0.0,0.0,0.0,0,0,0,0.0074179459885769855,0.00941556092390548
2017-08-30,0.0,0.0,0.0,0,0,0,0.0074179459885769855,0.00941556092390548
2017-08-31,0.0,0.0,0.0,0,0,0,0.0074179459885769855,0.00941556092390548
2017-09-01,0.0,0.0,0.0,0,0,0,0.0074179459885769855,0.00941556092390548
2017-09-04,0.0,0.0,0.0,0,0,0,0.0074179459885769855,0.00941556092390548
2017-09-05,0.0,0.0,0.0,0,0,0,0.0074179459885769855,0.00941556092390548
2017-09-06,0.0,0.0,0.0,0,0,0,0.0074179459885769855,0.00941556092390548
2017-09-07,0.0,0.0,0.0,0,0,0,0.0074179459885769855,0.00941556092390548
2017-09-08,0.0,0.0,0.0,0,0,0,0.0074179459885769855,0.00941556092390548
2017-09-11,0.0,0.0,0.0,0,0,0,0.0074179459885769855,0.00941556092390548
2017-09-12,0.0,0.0,0.0,0,0,0,0.0074179459885769855,0.00941556092390548
2017-09-13,0.0,0.0,0.0,0,0,0,0.0074179459885769855,0.00941556092390548
2017-09-14,0.0,0.0,0.0,0,0,0,0.0074179459885769855,0.00941556092390548
2017-09-15,0.0,0.0,0.0,0,0,0,0.0074179459885769855,0.00941556092390548
2017-09-18,0.0,0.0,0.0,0,0,0,0.0074179459885769855,0.00941556092390548
2017-09-19,0.0,0.0,0.0,0,0,0,0.0074179459885769855,0.00941556092390548
2017-09-20,0.0,0.0,0.0,0,0,0,0.0074179459885769855,0.00941556092390548
2017-09-21,0.0,0.0,0.0,0,0,0,0.0074179459885769855,0.00941556092390548
2017-09-22,0.0,0.0,0.0,0,0,0,0.0074179459885769855,0.00941556092390548
2017-09-25,0.0,0.0,0.0,0,0,0,0.0074179459885769855,0.00941556092390548
2017-09-26,0.0,0.0,0.0,0,0,0,0.0074179459885769855,0.00941556092390548
2017-09-27,0.0,0.0,0.0,0,0,0,0.0074179459885769855,0.00941556092390548
2017-09-28,0.0,0.0,0.0,0,0,0,0.0074179459885769855,0.00941556092390548
2017-09-29,0.0,0.0,0.0,0,0,0,0.0074179459885769855,0.00941556092390548
2017-10-02,0.0,0.0,0.0,0,0,0,0.0074179459885769855,0.00941556092390548
2017-10-03,0.0,0.0,0.0,0,0,0,0.0074179459885769855,0.00941556092390548
2017-10-04,0.0,0.0,0.0,0,0,0,0.0074179459885769855,0.00941556092390548
2017-10-05,0.0,0.0,0.0,0,0,0,0.0074179459885769855,0.00941556092390548
2017-10-06,0.0,0.0,0.0,0,0,0,0.0074179459885769855,0.00941556092390548
2017-10-09,0.0,0.0,0.0,0,0,0,0.0074179459885769855,0.00941556092390548
2017-10-10,0.0,0.0,0.0,0,0,0,0.0074179459885769855,0.00941556092390548
2017-10-11,0.0,0.0,0.0,0,0,0,0.0074179459885769855,0.00941556092390548
2017-10-12,0.0,0.0,0.0,0,0,0,0.0074179459885769855,0.00941556092390548
2017-10-13,0.0,0.0,0.0,0,0,0,0.0074179459885769855,0.00941556092390548
2017-10-16,0.0,0.0,0.0,0,0,0,0.0074179459885769855,0.00941556092390548
2017-10-17,0.0,0.0,0.0,0,0,0,0.0074179459885769855,0.00941556092390548
2017-10-18,0.0,0.0,0.0,0,0,0,0.0074179459885769855,0.00941556092390548
2017-10-19,0.0,0.0,0.0,0,0,0,0.0074179459885769855,0.00941556092390548
2017-10-20,0.0,0.0,0.0,0,0,0,0.0074179459885769855,0.00941556092390548
2017-10-23,0.0,0.0,0.0,0,0,0,0.0074179459885769855,0.00941556092390548
2017-10-24,0.0,0.0,0.0,0,0,0,0.0074179459885769855,0.00941556092390548
2017-10-25,0.0,0.0,0.0,0,0,0,0.0074179459885769855,0.00941556092390548
2017-10-26,0.0,0.0,0.0,0,0,0,0.0074179459885769855,0.00941556092390548
2017-10-27,0.0,0.0,0.0,0,0,0,0.0074179459885769855,0.00941556092390548
2017-10-30,0.0,0.0,0.0,0,0,0,0.0074179459885769855,0.00941556092390548
2017-10-31,0.0,0.0,0.0,0,0,0,0.0074179459885769855,0.00941556092390548
2017-11-01,0.0,0.0,0.0,0,0,0,0.0074179459885769855,0.00941556092390548
2017-11-02,0.0,0.0,0.0,0,0,0,0.0074179459885769855,0.00941556092390548
2017-11-03,0.0,0.0,0.0,0,0,0,0.0074179459885769855,0.00941556092390548
2017-11-06,0.0,0.0,0.0,0,0,0,0.0074179459885769855,0.00941556092390548
2017-11-07,0.0,0.0,0.0,0,0,0,0.0074179459885769855,0.00941556092390548
2017-11-08,0.0,0.0,0.0,0,0,0,0.0074179459885769855,0.00941556092390548
2017-11-09,0.0,0.0,0.0,0,0,0,0.0074179459885769855,0.00941556092390548
2017-11-10,0.0,0.0,0.0,0,0,0,0.0074179459885769855,0.00941556092390548
2017-11-13,0.0,0.0,0.0,0,0,0,0.0074179459885769855,0.00941556092390548
2017-11-14,0.0,0.0,0.0,0,0,0,0.0074179459885769855,0.00941556092390548
2017-11-15,0.0,0.0,0.0,0,0,0,0.0074179459885769855,0.00941556092390548
2017-11-16,0.0,0.0,0.0,0,0,0,0.0074179459885769855,0.00941556092390548
2017-11-17,0.0,0.0,0.0,0,0,0,0.0074179459885769855,0.00941556092390548
2017-11-20,0.0,0.0,0.0,0,0,0,0.0074179459885769855,0.00941556092390548
2017-11-21,0.0,0.0,0.0,0,0,0,0.0074179459885769855,0.00941556092390548
2017-11-22,0.0,0.0,0.0,0,0,0,0.0074179459885769855,0.00941556092390548
2017-11-23,0.0,0.0,0.0,0,0,0,0.0074179459885769855,0.00941556092390548
2017-11-24,0.0,0.0,0.0,0,0,0,0.0074179459885769855,0.00941556092390548
2017-11-27,0.0,0.0,0.0,0,0,0,0.0074179459885769855,0.00941556092390548
2017-11-28,0.0,0.0,0.0,0,0,0,0.0074179459885769855,0.00941556092390548
2017-11-29,0.0,0.0,0.0,0,0,0,0.0074179459885769855,0.00941556092390548
2017-11-30,0.0,0.0,0.0,0,0,0,0.0074179459885769855,0.00941556092390548
2017-12-01,0.0,0.0,0.0,0,0,0,0.0074179459885769855,0.00941556092390548
2017-12-04,0.0,0.0,0.0,0,0,0,0.0074179459885769855,0.00941556092390548
2017-12-05,0.0,0.0,0.0,0,0,0,0.0074179459885769855,0.00941556092390548
2017-12-06,0.0,0.0,0.0,0,0,0,0.0074179459885769855,0.00941556092390548
2017-12-07,0.0,0.0,0.0,0,0,0,0.0074179459885769855,0.00941556092390548
2017-12-08,0.0,0.0,0.0,0,0,0,0.0074179459885769855,0.00941556092390548
2017-12-11,0.0,0.0,0.0,0,0,0,0.0074179459885769855,0.00941556092390548
2017-12-12,0.0,0.0,0.0,0,0,0,0.0074179459885769855,0.00941556092390548
2017-12-13,0.0,0.0,0.0,0,0,0,0.0074179459885769855,0.00941556092390548
2017-12-14,0.0,0.0,0.0,0,0,0,0.0074179459885769855,0.00941556092390548
2017-12-15,0.0,0.0,0.0,0,0,0,0.0074179459885769855,0.00941556092390548
2017-12-18,0.0,0.0,0.0,0,0,0,0.0074179459885769855,0.00941556092390548
2017-12-19,0.0,0.0,0.0,0,0,0,0.0074179459885769855,0.00941556092390548
2017-12-20,0.0,0.0,0.0,0,0,0,0.0074179459885769855,0.00941556092390548
2017-12-21,0.0,0.0,0.0,0,0,0,0.0074179459885769855,0.00941556092390548
2017-12-22,0.0,0.0,0.0,0,0,0,0.0074179459885769855,0.00941556092390548
2017-12-25,0.0,0.0,0.0,0,0,0,0.0074179459885769855,0.00941556092390548
2017-12-26,0.0,0.0,0.0,0,0,0,0.0074179459885769855,0.00941556092390548
2017-12-27,0.0,0.0,0.0,0,0,0,0.0074179459885769855,0.00941556092390548
2017-12-28,0.0,0.0,0.0,0,0,0,0.0074179459885769855,0.00941556092390548
2017-12-29,0.0,0.0,0.0,0,0,0,0.0074179459885769855,0.00941556092390548
2018-01-01,0.0,0.0,0.0,0,0,0,0.0074179459885769855,0.00941556092390548
2018-01-02,0.0,0.0,0.0,0,0,0,0.0074179459885769855,0.00941556092390548
2018-01-03,0.0,0.0,0.0,0,0,0,0.0074179459885769855,0.00941556092390548
2018-01-04,0.0,0.0,0.0,0,0,0,0.0074179459885769855,0.00941556092390548
2018-01-05,0.0,0.0,0.0,0,0,0,0.0074179459885769855,0.00941556092390548
2018-01-08,0.0,0.0,0.0,0,0,0,0.0074179459885769855,0.00941556092390548
2018-01-09,0.0,0.0,0.0,0,0,0,0.0074179459885769855,0.00941556092390548
2018-01-10,0.0,0.0,0.0,0,0,0,0.0074179459885769855,0.00941556092390548
2018-01-11,0.0,0.0,0.0,0,0,0,0.0074179459885769855,0.00941556092390548
2018-01-12,0.0,0.0,0.0,0,0,0,0.0074179459885769855,0.00941556092390548
2018-01-15,0.0,0.0,0.0,0,0,0,0.0074179459885769855,0.00941556092390548
2018-01-16,0.0,0.0,0.0,0,0,0,0.0074179459885769855,0.00941556092390548
2018-01-17,0.0,0.0,0.0,0,0,0,0.0074179459885769855,0.00941556092390548
2018-01-18,0.0,0.0,0.0,0,0,0,0.0074179459885769855,0.00941556092390548
2018-01-19,0.0,0.0,0.0,0,0,0,0.0074179459885769855,0.00941556092390548
2018-01-22,0.0,0.0,0.0,0,0,0,0.0074179459885769855,0.00941556092390548
2018-01-23,0.0,0.0,0.0,0,0,0,0.0074179459885769855,0.00941556092390548
2018-01-24,0.0,0.0,0.0,0,0,0,0.0074179459885769855,0.00941556092390548
2018-01-25,0.0,0.0,0.0,0,0,0,0.0074179459885769855,0.00941556092390548
2018-01-26,0.0,0.0,0.0,0,0,0,0.0074179459885769855,0.00941556092390548
2018-01-29,0.0,0.0,0.0,0,0,0,0.0074179459885769855,0.00941556092390548
2018-01-30,0.0,0.0,0.0,0,0,0,0.0074179459885769855,0.00941556092390548
2018-01-31,0.0,0.0,0.0,0,0,0,0.0074179459885769855,0.00941556092390548
2018-02-01,0.0,0.0,0.0,0,0,0,0.0074179459885769855,0.00941556092390548
2018-02-02,0.0,0.0,0.0,0,0,0,0.0074179459885769855,0.00941556092390548
2018-02-05,0.0,0.0,0.0,0,0,0,0.0074179459885769855,0.00941556092390548
2018-02-06,0.0,0.0,0.0,0,0,0,0.0074179459885769855,0.00941556092390548
2018-02-07,0.0,0.0,0.0,0,0,0,0.0074179459885769855,0.00941556092390548
2018-02-08,0.0,0.0,0.0,0,0,0,0.0074179459885769855,0.00941556092390548
2018-02-09,0.0,0.0,0.0,0,0,0,0.0074179459885769855,0.00941556092390548
2018-02-12,0.0,0.0,0.0,0,0,0,0.0074179459885769855,0.00941556092390548
2018-02-13,0.0,0.0,0.0,0,0,0,0.0074179459885769855,0.00941556092390548
2018-02-14,0.0,0.0,0.0,0,0,0,0.0074179459885769855,0.00941556092390548
2018-02-15,0.0,0.0,0.0,0,0,0,0.0074179459885769855,0.00941556092390548
2018-02-16,0.0,0.0,0.0,0,0,0,0.0074179459885769855,0.00941556092390548
2018-02-19,0.0,0.0,0.0,0,0,0,0.0074179459885769855,0.00941556092390548
2018-02-20,0.0,0.0,0.0,0,0,0,0.0074179459885769855,0.00941556092390548
2018-02-21,0.0,0.0,0.0,0,0,0,0.0074179459885769855,0.00941556092390548
2018-02-22,0.0,0.0,0.0,0,0,0,0.0074179459885769855,0.00941556092390548
2018-02-23,0.0,0.0,0.0,0,0,0,0.0074179459885769855,0.00941556092390548
2018-02-26,0.0,0.0,0.0,0,0,0,0.0074179459885769855,0.00941556092390548
2018-02-27,0.0,0.0,0.0,0,0,0,0.0074179459885769855,0.00941556092390548
2018-02-28,0.0,0.0,0.0,0,0,0,0.0074179459885769855,0.00941556092390548
2018-03-01,0.0,0.0,0.0,0,0,0,0.0074179459885769855,0.00941556092390548
2018-03-02,0.0,0.0,0.0,0,0,0,0.0074179459885769855,0.00941556092390548
2018-03-05,0.0,0.0,0.0,0,0,0,0.0074179459885769855,0.00941556092390548
2018-03-06,0.0,0.0,0.0,0,0,0,0.0074179459885769855,0.00941556092390548
2018-03-07,0.0,0.0,0.0,0,0,0,0.0074179459885769855,0.00941556092390548
2018-03-08,0.0,0.0,0.0,0,0,0,0.0074179459885769855,0.00941556092390548
2018-03-09,0.0,0.0,0.0,0,0,0,0.0074179459885769855,0.00941556092390548
2018-03-12,0.0,0.0,0.0,0,0,0,0.0074179459885769855,0.00941556092390548
2018-03-13,0.0,0.0,0.0,0,0,0,0.0074179459885769855,0.00941556092390548
2018-03-14,0.0,0.0,0.0,0,0,0,0.0074179459885769855,0.00941556092390548
2018-03-15,0.0,0.0,0.0,0,0,0,0.0074179459885769855,0.00941556092390548
2018-03-16,0.0,0.0,0.0,0,0,0,0.0074179459885769855,0.00941556092390548
2018-03-19,0.0,0.0,0.0,0,0,0,0.0074179459885769855,0.00941556092390548
2018-03-20,0.0,0.0,0.0,0,0,0,0.0074179459885769855,0.00941556092390548
2018-03-21,0.0,0.0,0.0,0,0,0,0.0074179459885769855,0.00941556092390548
2018-03-22,0.0,0.0,0.0,0,0,0,0.0074179459885769855,0.00941556092390548
2018-03-23,0.0,0.0,0.0,0,0,0,0.0074179459885769855,0.00941556092390548
2018-03-26,0.0,0.0,0.0,0,0,0,0.0074179459885769855,0.00941556092390548
2018-03-27,0.0,0.0,0.0,0,0,0,0.0074179459885769855,0.00941556092390548
2018-03-28,0.0,0.0,0.0,0,0,0,0.0074179459885769855,0.00941556092390548
2018-03-29,0.0,0.0,0.0,0,0,0,0.0074179459885769855,0.00941556092390548
2018-03-30,0.0,0.0,0.0,0,0,0,0.0074179459885769855,0.00941556092390548
2018-04-02,0.0,0.0,0.0,0,0,0,0.0074179459885769855,0.00941556092390548
2018-04-03,0.0,0.0,0.0,0,0,0,0.0074179459885769855,0.00941556092390548
2018-04-04,0.0,0.0,0.0,0,0,0,0.0074179459885769855,0.00941556092390548
2018-04-05,0.0,0.0,0.0,0,0,0,0.0074179459885769855,0.00941556092390548
2018-04-06,0.0,0.0,0.0,0,0,0,0.0074179459885769855,0.00941556092390548
2018-04-09,0.0,0.0,0.0,0,0,0,0.0074179459885769855,0.00941556092390548
2018-04-10,0.0,0.0,0.0,0,0,0,0.0074179459885769855,0.00941556092390548
2018-04-11,0.0,0.0,0.0,0,0,0,0.0074179459885769855,0.00941556092390548
2018-04-12,0.0,0.0,0.0,0,0,0,0.0074179459885769855,0.00941556092390548
2018-04-13,0.0,0.0,0.0,0,0,0,0.0074179459885769855,0.00941556092390548
2018-04-16,0.0,0.0,0.0,0,0,0,0.0074179459885769855,0.00941556092390548
2018-04-17,0.0,0.0,0.0,0,0,0,0.0074179459885769855,0.00941556092390548
2018-04-18,0.0,0.0,0.0,0,0,0,0.0074179459885769855,0.00941556092390548
2018-04-19,0.0,0.0,0.0,0,0,0,0.0074179459885769855,0.00941556092390548
2018-04-20,0.0,0.0,0.0,0,0,0,0.0074179459885769855,0.00941556092390548
2018-04-23,0.0,0.0,0.0,0,0,0,0.0074179459885769855,0.00941556092390548
2018-04-24,0.0,0.0,0.0,0,0,0,0.0074179459885769855,0.00941556092390548
2018-04-25,0.0,0.0,0.0,0,0,0,0.0074179459885769855,0.00941556092390548
2018-04-26,0.0,0.0,0.0,0,0,0,0.0074179459885769855,0.00941556092390548
2018-04-27,0.0,0.0,0.0,0,0,0,0.0074179459885769855,0.00941556092390548
2018-04-30,0.0,0.0,0.0,0,0,0,0.0074179459885769855,0.00941556092390548
2018-05-01,0.0,0.0,0.0,0,0,0,0.0074179459885769855,0.00941556092390548
2018-05-02,0.0,0.0,0.0,0,0,0,0.0074179459885769855,0.00941556092390548
2018-05-03,0.0,0.0,0.0,0,0,0,0.0074179459885769855,0.00941556092390548
2018-05-04,0.0,0.0,0.0,0,0,0,0.0074179459885769855,0.00941556092390548
2018-05-07,0.0,0.0,0.0,0,0,0,0.0074179459885769855,0.00941556092390548
2018-05-08,0.0,0.0,0.0,0,0,0,0.0074179459885769855,0.00941556092390548
2018-05-09,0.0,0.0,0.0,0,0,0,0.0074179459885769855,0.00941556092390548
2018-05-10,0.0,0.0,0.0,0,0,0,0.0074179459885769855,0.00941556092390548
2018-05-11,0.0,0.0,0.0,0,0,0,0.0074179459885769855,0.00941556092390548
2018-05-14,0.0,0.0,0.0,0,0,0,0.0074179459885769855,0.00941556092390548
2018-05-15,0.0,0.0,0.0,0,0,0,0.0074179459885769855,0.00941556092390548
2018-05-16,0.0,0.0,0.0,0,0,0,0.0074179459885769855,0.00941556092390548
2018-05-17,0.0,0.0,0.0,0,0,0,0.0074179459885769855,0.00941556092390548
2018-05-18,0.0,0.0,0.0,0,0,0,0.0074179459885769855,0.00941556092390548
2018-05-21,0.0,0.0,0.0,0,0,0,0.0074179459885769855,0.00941556092390548
2018-05-22,0.0,0.0,0.0,0,0,0,0.0074179459885769855,0.00941556092390548
2018-05-23,0.0,0.0,0.0,0,0,0,0.0074179459885769855,0.00941556092390548
2018-05-24,0.0,0.0,0.0,0,0,0,0.0074179459885769855,0.00941556092390548
2018-05-25,0.0,0.0,0.0,0,0,0,0.0074179459885769855,0.00941556092390548
2018-05-28,0.0,0.0,0.0,0,0,0,0.0074179459885769855,0.00941556092390548
2018-05-29,0.0,0.0,0.0,0,0,0,0.0074179459885769855,0.00941556092390548
2018-05-30,0.0,0.0,0.0,0,0,0,0.0074179459885769855,0.00941556092390548
2018-05-31,0.0,0.0,0.0,0,0,0,0.0074179459885769855,0.00941556092390548
2018-06-01,0.0,0.0,0.0,0,0,0,0.0074179459885769855,0.00941556092390548
2018-06-04,0.0,0.0,0.0,0,0,0,0.0074179459885769855,0.00941556092390548
2018-06-05,0.0,0.0,0.0,0,0,0,0.0074179459885769855,0.00941556092390548
2018-06-06,0.0,0.0,0.0,0,0,0,0.0074179459885769855,0.00941556092390548
2018-06-07,0.0,0.0,0.0,0,0,0,0.0074179459885769855,0.00941556092390548
2018-06-08,0.0,0.0,0.0,0,0,0,0.0074179459885769855,0.00941556092390548
2018-06-11,0.0,0.0,0.0,0,0,0,0.0074179459885769855,0.00941556092390548
2018-06-12,0.0,0.0,0.0,0,0,0,0.0074179459885769855,0.00941556092390548
2018-06-13,0.0,0.0,0.0,0,0,0,0.0074179459885769855,0.00941556092390548
2018-06-14,0.0,0.0,0.0,0,0,0,0.0074179459885769855,0.00941556092390548
2018-06-15,0.0,0.0,0.0,0,0,0,0.0074179459885769855,0.00941556092390548
2018-06-18,0.0,0.0,0.0,0,0,0,0.0074179459885769855,0.00941556092390548
2018-06-19,0.0,0.0,0.0,0,0,0,0.0074179459885769855,0.00941556092390548
2018-06-20,0.0,0.0,0.0,0,0,0,0.0074179459885769855,0.00941556092390548
2018-06-21,0.0,0.0,0.0,0,0,0,0.0074179459885769855,0.00941556092390548
2018-06-22,0.0,0.0,0.0,0,0,0,0.0074179459885769855,0.00941556092390548
2018-06-25,0.0,0.0,0.0,0,0,0,0.0074179459885769855,0.00941556092390548
2018-06-26,0.0,0.0,0.0,0,0,0,0.0074179459885769855,0.00941556092390548
2018-06-27,0.0,0.0,0.0,0,0,0,0.0074179459885769855,0.00941556092390548
2018-06-28,0.0,0.0,0.0,0,0,0,0.0074179459885769855,0.00941556092390548
2018-06-29,0.0,0.0,0.0,0,0,0,0.0074179459885769855,0.00941556092390548
2018-07-02,0.0,0.0,0.0,0,0,0,0.0074179459885769855,0.00941556092390548
2018-07-03,0.0,0.0,0.0,0,0,0,0.0074179459885769855,0.00941556092390548
2018-07-04,0.0,0.0,0.0,0,0,0,0.0074179459885769855,0.00941556092390548
2018-07-05,0.0,0.0,0.0,0,0,0,0.0074179459885769855,0.00941556092390548
2018-07-06,0.0,0.0,0.0,0,0,0,0.0074179459885769855,0.00941556092390548
2018-07-09,0.0,0.0,0.0,0,0,0,0.0074179459885769855,0.00941556092390548
2018-07-10,0.0,0.0,0.0,0,0,0,0.0074179459885769855,0.00941556092390548
2018-07-11,0.0,0.0,0.0,0,0,0,0.0074179459885769855,0.00941556092390548
2018-07-12,0.0,0.0,0.0,0,0,0,0.0074179459885769855,0.00941556092390548
2018-07-13,0.0,0.0,0.0,0,0,0,0.0074179459885769855,0.00941556092390548
2018-07-16,0.0,0.0,0.0,0,0,0,0.0074179459885769855,0.00941556092390548
2018-07-17,0.0,0.0,0.0,0,0,0,0.0074179459885769855,0.00941556092390548
2018-07-18,0.0,0.0,0.0,0,0,0,0.0074179459885769855,0.00941556092390548
2018-07-19,0.0,0.0,0.0,0,0,0,0.0074179459885769855,0.00941556092390548
2018-07-20,0.0,0.0,0.0,0,0,0,0.0074179459885769855,0.00941556092390548
2018-07-23,0.0,0.0,0.0,0,0,0,0.0074179459885769855,0.00941556092390548
2018-07-24,0.0,0.0,0.0,0,0,0,0.0074179459885769855,0.00941556092390548
2018-07-25,0.0,0.0,0.0,0,0,0,0.0074179459885769855,0.00941556092390548
2018-07-26,0.0,0.0,0.0,0,0,0,0.0074179459885769855,0.00941556092390548
2018-07-27,0.0,0.0,0.0,0,0,0,0.0074179459885769855,0.00941556092390548
2018-07-30,0.0,0.0,0.0,0,0,0,0.0074179459885769855,0.00941556092390548
2018-07-31,0.0,0.0,0.0,0,0,0,0.0074179459885769855,0.00941556092390548
2018-08-01,0.0,0.0,0.0,0,0,0,0.0074179459885769855,0.00941556092390548
2018-08-02,0.0,0.0,0.0,0,0,0,0.0074179459885769855,0.00941556092390548
2018-08-03,0.0,0.0,0.0,0,0,0,0.0074179459885769855,0.00941556092390548
2018-08-06,0.0,0.0,0.0,0,0,0,0.0074179459885769855,0.00941556092390548
2018-08-07,0.0,0.0,0.0,0,0,0,0.0074179459885769855,0.00941556092390548
2018-08-08,0.0,0.0,0.0,0,0,0,0.0074179459885769855,0.00941556092390548
2018-08-09,0.0,0.0,0.0,0,0,0,0.0074179459885769855,0.00941556092390548
2018-08-10,0.0,0.0,0.0,0,0,0,0.0074179459885769855,0.00941556092390548
2018-08-13,0.0,0.0,0.0,0,0,0,0.0074179459885769855,0.00941556092390548
2018-08-14,0.0,0.0,0.0,0,0,0,0.0074179459885769855,0.00941556092390548
2018-08-15,0.0,0.0,0.0,0,0,0,0.0074179459885769855,0.00941556092390548
2018-08-16,0.0,0.0,0.0,0,0,0,0.0074179459885769855,0.00941556092390548
2018-08-17,0.0,0.0,0.0,0,0,0,0.0074179459885769855,0.00941556092390548
2018-08-20,0.0,0.0,0.0,0,0,0,0.0074179459885769855,0.00941556092390548
2018-08-21,0.0,0.0,0.0,0,0,0,0.0074179459885769855,0.00941556092390548
2018-08-22,0.0,0.0,0.0,0,0,0,0.0074179459885769855,0.00941556092390548
2018-08-23,0.0,0.0,0.0,0,0,0,0.0074179459885769855,0.00941556092390548
2018-08-24,0.0,0.0,0.0,0,0,0,0.0074179459885769855,0.00941556092390548
2018-08-27,0.0,0.0,0.0,0,0,0,0.0074179459885769855,0.00941556092390548
2018-08-28,0.0,0.0,0.0,0,0,0,0.0074179459885769855,0.00941556092390548
2018-08-29,0.0,0.0,0.0,0,0,0,0.0074179459885769855,0.00941556092390548
2018-08-30,0.0,0.0,0.0,0,0,0,0.0074179459885769855,0.00941556092390548
2018-08-31,0.0,0.0,0.0,0,0,0,0.0074179459885769855,0.00941556092390548
2018-09-03,0.0,0.0,0.0,0,0,0,0.0074179459885769855,0.00941556092390548
2018-09-04,0.0,0.0,0.0,0,0,0,0.0074179459885769855,0.00941556092390548
2018-09-05,0.0,0.0,0.0,0,0,0,0.0074179459885769855,0.00941556092390548
2018-09-06,0.0,0.0,0.0,0,0,0,0.0074179459885769855,0.00941556092390548
2018-09-07,0.0,0.0,0.0,0,0,0,0.0074179459885769855,0.00941556092390548
2018-09-10,0.0,0.0,0.0,0,0,0,0.0074179459885769855,0.00941556092390548
2018-09-11,0.0,0.0,0.0,0,0,0,0.0074179459885769855,0.00941556092390548
2018-09-12,0.0,0.0,0.0,0,0,0,0.0074179459885769855,0.00941556092390548
2018-09-13,0.0,0.0,0.0,0,0,0,0.0074179459885769855,0.00941556092390548
2018-09-14,0.0,0.0,0.0,0,0,0,0.0074179459885769855,0.00941556092390548
2018-09-17,0.0,0.0,0.0,0,0,0,0.0074179459885769855,0.00941556092390548
2018-09-18,0.0,0.0,0.0,0,0,0,0.0074179459885769855,0.00941556092390548
2018-09-19,0.0,0.0,0.0,0,0,0,0.0074179459885769855,0.00941556092390548
2018-09-20,0.0,0.0,0.0,0,0,0,0.0074179459885769855,0.00941556092390548
2018-09-21,0.0,0.0,0.0,0,0,0,0.0074179459885769855,0.00941556092390548
2018-09-24,0.0,0.0,0.0,0,0,0,0.0074179459885769855,0.00941556092390548
2018-09-25,0.0,0.0,0.0,0,0,0,0.0074179459885769855,0.00941556092390548
2018-09-26,0.0,0.0,0.0,0,0,0,0.0074179459885769855,0.00941556092390548
2018-09-27,0.0,0.0,0.0,0,0,0,0.0074179459885769855,0.00941556092390548
2018-09-28,0.0,0.0,0.0,0,0,0,0.0074179459885769855,0.00941556092390548
2018-10-01,0.0,0.0,0.0,0,0,0,0.0074179459885769855,0.00941556092390548
2018-10-02,0.0,0.0,0.0,0,0,0,0.0074179459885769855,0.00941556092390548
2018-10-03,0.0,0.0,0.0,0,0,0,0.0074179459885769855,0.00941556092390548
2018-10-04,0.0,0.0,0.0,0,0,0,0.0074179459885769855,0.00941556092390548
2018-10-05,0.0,0.0,0.0,0,0,0,0.0074179459885769855,0.00941556092390548
2018-10-08,0.0,0.0,0.0,0,0,0,0.0074179459885769855,0.00941556092390548
2018-10-09,0.0,0.0,0.0,0,0,0,0.0074179459885769855,0.00941556092390548
2018-10-10,0.0,0.0,0.0,0,0,0,0.0074179459885769855,0.00941556092390548
2018-10-11,0.0,0.0,0.0,0,0,0,0.0074179459885769855,0.00941556092390548
2018-10-12,0.0,0.0,0.0,0,0,0,0.0074179459885769855,0.00941556092390548
2018-10-15,0.0,0.0,0.0,0,0,0,0.0074179459885769855,0.00941556092390548
2018-10-16,0.0,0.0,0.0,0,0,0,0.0074179459885769855,0.00941556092390548
2018-10-17,0.0,0.0,0.0,0,0,0,0.0074179459885769855,0.00941556092390548
2018-10-18,0.0,0.0,0.0,0,0,0,0.0074179459885769855,0.00941556092390548
2018-10-19,0.0,0.0,0.0,0,0,0,0.0074179459885769855,0.00941556092390548
2018-10-22,0.0,0.0,0.0,0,0,0,0.0074179459885769855,0.00941556092390548
2018-10-23,0.0,0.0,0.0,0,0,0,0.0074179459885769855,0.00941556092390548
2018-10-24,0.0,0.0,0.0,0,0,0,0.0074179459885769855,0.00941556092390548
2018-10-25,0.0,0.0,0.0,0,0,0,0.0074179459885769855,0.00941556092390548
2018-10-26,0.0,0.0,0.0,0,0,0,0.0074179459885769855,0.00941556092390548
2018-10-29,0.0,0.0,0.0,0,0,0,0.0074179459885769855,0.00941556092390548
2018-10-30,0.0,0.0,0.0,0,0,0,0.0074179459885769855,0.00941556092390548
2018-10-31,0.0,0.0,0.0,0,0,0,0.0074179459885769855,0.00941556092390548
2018-11-01,0.0,0.0,0.0,0,0,0,0.0074179459885769855,0.00941556092390548
2018-11-02,0.0,0.0,0.0,0,0,0,0.0074179459885769855,0.00941556092390548
2018-11-05,0.0,0.0,0.0,0,0,0,0.0074179459885769855,0.00941556092390548
2018-11-06,0.0,0.0,0.0,0,0,0,0.0074179459885769855,0.00941556092390548
2018-11-07,0.0,0.0,0.0,0,0,0,0.0074179459885769855,0.00941556092390548
2018-11-08,0.0,0.0,0.0,0,0,0,0.0074179459885769855,0.00941556092390548
2018-11-09,0.0,0.0,0.0,0,0,0,0.0074179459885769855,0.00941556092390548
2018-11-12,0.0,0.0,0.0,0,0,0,0.0074179459885769855,0.00941556092390548
2018-11-13,0.0,0.0,0.0,0,0,0,0.0074179459885769855,0.00941556092390548
2018-11-14,0.0,0.0,0.0,0,0,0,0.0074179459885769855,0.00941556092390548
2018-11-15,0.0,0.0,0.0,0,0,0,0.0074179459885769855,0.00941556092390548
2018-11-16,0.0,0.0,0.0,0,0,0,0.0074179459885769855,0.00941556092390548
2018-11-19,0.0,0.0,0.0,0,0,0,0.0074179459885769855,0.00941556092390548
2018-11-20,0.0,0.0,0.0,0,0,0,0.0074179459885769855,0.00941556092390548
2018-11-21,0.0,0.0,0.0,0,0,0,0.0074179459885769855,0.00941556092390548
2018-11-22,0.0,0.0,0.0,0,0,0,0.0074179459885769855,0.00941556092390548
2018-11-23,0.0,0.0,0.0,0,0,0,0.0074179459885769855,0.00941556092390548
2018-11-26,0.0,0.0,0.0,0,0,0,0.0074179459885769855,0.00941556092390548
2018-11-27,0.0,0.0,0.0,0,0,0,0.0074179459885769855,0.00941556092390548
2018-11-28,0.0,0.0,0.0,0,0,0,0.0074179459885769855,0.00941556092390548
2018-11-29,0.0,0.0,0.0,0,0,0,0.0074179459885769855,0.00941556092390548
2018-11-30,0.0,0.0,0.0,0,0,0,0.0074179459885769855,0.00941556092390548
2018-12-03,0.0,0.0,0.0,0,0,0,0.0074179459885769855,0.00941556092390548
2018-12-04,0.0,0.0,0.0,0,0,0,0.0074179459885769855,0.00941556092390548
2018-12-05,0.0,0.0,0.0,0,0,0,0.0074179459885769855,0.00941556092390548
2018-12-06,0.0,0.0,0.0,0,0,0,0.0074179459885769855,0.00941556092390548
2018-12-07,0.0,0.0,0.0,0,0,0,0.0074179459885769855,0.00941556092390548
2018-12-10,0.0,0.0,0.0,0,0,0,0.0074179459885769855,0.00941556092390548
2018-12-11,0.0,0.0,0.0,0,0,0,0.0074179459885769855,0.00941556092390548
2018-12-12,0.0,0.0,0.0,0,0,0,0.0074179459885769855,0.00941556092390548
2018-12-13,0.0,0.0,0.0,0,0,0,0.0074179459885769855,0.00941556092390548
2018-12-14,0.0,0.0,0.0,0,0,0,0.0074179459885769855,0.00941556092390548
2018-12-17,0.0,0.0,0.0,0,0,0,0.0074179459885769855,0.00941556092390548
2018-12-18,0.0,0.0,0.0,0,0,0,0.0074179459885769855,0.00941556092390548
2018-12-19,0.0,0.0,0.0,0,0,0,0.0074179459885769855,0.00941556092390548
2018-12-20,0.0,0.0,0.0,0,0,0,0.0074179459885769855,0.00941556092390548
2018-12-21,0.0,0.0,0.0,0,0,0,0.0074179459885769855,0.00941556092390548
2018-12-24,0.0,0.0,0.0,0,0,0,0.0074179459885769855,0.00941556092390548
2018-12-25,0.0,0.0,0.0,0,0,0,0.0074179459885769855,0.00941556092390548
2018-12-26,0.0,0.0,0.0,0,0,0,0.0074179459885769855,0.00941556092390548
2018-12-27,0.0,0.0,0.0,0,0,0,0.0074179459885769855,0.00941556092390548
2018-12-28,0.0,0.0,0.0,0,0,0,0.0074179459885769855,0.00941556092390548
2018-12-31,0.0,0.0,0.0,0,0,0,0.0074179459885769855,0.00941556092390548
2019-01-01,0.0,0.0,0.0,0,0,0,0.0074179459885769855,0.00941556092390548
2019-01-02,0.0,0.0,0.0,0,0,0,0.0074179459885769855,0.00941556092390548
2019-01-03,0.0,0.0,0.0,0,0,0,0.0074179459885769855,0.00941556092390548
2019-01-04,0.0,0.0,0.0,0,0,0,0.0074179459885769855,0.00941556092390548
2019-01-07,0.0,0.0,0.0,0,0,0,0.0074179459885769855,0.00941556092390548
2019-01-08,0.0,0.0,0.0,0,0,0,0.0074179459885769855,0.00941556092390548
2019-01-09,0.0,0.0,0.0,0,0,0,0.0074179459885769855,0.00941556092390548
2019-01-10,0.0,0.0,0.0,0,0,0,0.0074179459885769855,0.00941556092390548
2019-01-11,0.0,0.0,0.0,0,0,0,0.0074179459885769855,0.00941556092390548
2019-01-14,0.0,0.0,0.0,0,0,0,0.0074179459885769855,0.00941556092390548
2019-01-15,0.0,0.0,0.0,0,0,0,0.0074179459885769855,0.00941556092390548
2019-01-16,0.0,0.0,0.0,0,0,0,0.0074179459885769855,0.00941556092390548
2019-01-17,0.0,0.0,0.0,0,0,0,0.0074179459885769855,0.00941556092390548
2019-01-18,0.0,0.0,0.0,0,0,0,0.0074179459885769855,0.00941556092390548
2019-01-21,0.0,0.0,0.0,0,0,0,0.0074179459885769855,0.00941556092390548
2019-01-22,0.0,0.0,0.0,0,0,0,0.0074179459885769855,0.00941556092390548
2019-01-23,0.0,0.0,0.0,0,0,0,0.0074179459885769855,0.00941556092390548
2019-01-24,0.0,0.0,0.0,0,0,0,0.0074179459885769855,0.00941556092390548
2019-01-25,0.0,0.0,0.0,0,0,0,0.0074179459885769855,0.00941556092390548
2019-01-28,0.0,0.0,0.0,0,0,0,0.0074179459885769855,0.00941556092390548
2019-01-29,0.0,0.0,0.0,0,0,0,0.0074179459885769855,0.00941556092390548
2019-01-30,0.0,0.0,0.0,0,0,0,0.0074179459885769855,0.00941556092390548
2019-01-31,0.0,0.0,0.0,0,0,0,0.0074179459885769855,0.00941556092390548
2019-02-01,0.0,0.0,0.0,0,0,0,0.0074179459885769855,0.00941556092390548
2019-02-04,0.0,0.0,0.0,0,0,0,0.0074179459885769855,0.00941556092390548
2019-02-05,0.0,0.0,0.0,0,0,0,0.0074179459885769855,0.00941556092390548
2019-02-06,0.0,0.0,0.0,0,0,0,0.0074179459885769855,0.00941556092390548
2019-02-07,0.0,0.0,0.0,0,0,0,0.0074179459885769855,0.00941556092390548
2019-02-08,0.0,0.0,0.0,0,0,0,0.0074179459885769855,0.00941556092390548
2019-02-11,0.0,0.0,0.0,0,0,0,0.0074179459885769855,0.00941556092390548
2019-02-12,0.0,0.0,0.0,0,0,0,0.0074179459885769855,0.00941556092390548
2019-02-13,0.0,0.0,0.0,0,0,0,0.0074179459885769855,0.00941556092390548
2019-02-14,0.0,0.0,0.0,0,0,0,0.0074179459885769855,0.00941556092390548
2019-02-15,0.0,0.0,0.0,0,0,0,0.0074179459885769855,0.00941556092390548
2019-02-18,0.0,0.0,0.0,0,0,0,0.0074179459885769855,0.00941556092390548
2019-02-19,0.0,0.0,0.0,0,0,0,0.0074179459885769855,0.00941556092390548
2019-02-20,0.0,0.0,0.0,0,0,0,0.0074179459885769855,0.00941556092390548
2019-02-21,0.0,0.0,0.0,0,0,0,0.0074179459885769855,0.00941556092390548
2019-02-22,0.0,0.0,0.0,0,0,0,0.0074179459885769855,0.00941556092390548
2019-02-25,0.0,0.0,0.0,0,0,0,0.0074179459885769855,0.00941556092390548
2019-02-26,0.0,0.0,0.0,0,0,0,0.0074179459885769855,0.00941556092390548
2019-02-27,0.0,0.0,0.0,0,0,0,0.0074179459885769855,0.00941556092390548
2019-02-28,0.0,0.0,0.0,0,0,0,0.0074179459885769855,0.00941556092390548
2019-03-01,0.0,0.0,0.0,0,0,0,0.0074179459885769855,0.00941556092390548
2019-03-04,0.0,0.0,0.0,0,0,0,0.0074179459885769855,0.00941556092390548
2019-03-05,0.0,0.0,0.0,0,0,0,0.0074179459885769855,0.00941556092390548
2019-03-06,0.0,0.0,0.0,0,0,0,0.0074179459885769855,0.00941556092390548
2019-03-07,0.0,0.0,0.0,0,0,0,0.0074179459885769855,0.00941556092390548
2019-03-08,0.0,0.0,0.0,0,0,0,0.0074179459885769855,0.00941556092390548
2019-03-11,0.0,0.0,0.0,0,0,0,0.0074179459885769855,0.00941556092390548
2019-03-12,0.0,0.0,0.0,0,0,0,0.0074179459885769855,0.00941556092390548
2019-03-13,0.0,0.0,0.0,0,0,0,0.0074179459885769855,0.00941556092390548
2019-03-14,0.0,0.0,0.0,0,0,0,0.0074179459885769855,0.00941556092390548
2019-03-15,0.0,0.0,0.0,0,0,0,0.0074179459885769855,0.00941556092390548
2019-03-18,0.0,0.0,0.0,0,0,0,0.0074179459885769855,0.00941556092390548
2019-03-19,0.0,0.0,0.0,0,0,0,0.0074179459885769855,0.00941556092390548
2019-03-20,0.0,0.0,0.0,0,0,0,0.0074179459885769855,0.00941556092390548
2019-03-21,0.0,0.0,0.0,0,0,0,0.0074179459885769855,0.00941556092390548
2019-03-22,0.0,0.0,0.0,0,0,0,0.0074179459885769855,0.00941556092390548
2019-03-25,0.0,0.0,0.0,0,0,0,0.0074179459885769855,0.00941556092390548
2019-03-26,0.0,0.0,0.0,0,0,0,0.0074179459885769855,0.00941556092390548
2019-03-27,0.0,0.0,0.0,0,0,0,0.0074179459885769855,0.00941556092390548
2019-03-28,0.0,0.0,0.0,0,0,0,0.0074179459885769855,0.00941556092390548
2019-03-29,0.0,0.0,0.0,0,0,0,0.0074179459885769855,0.00941556092390548
2019-04-01,0.0,0.0,0.0,0,0,0,0.0074179459885769855,0.00941556092390548
2019-04-02,0.0,0.0,0.0,0,0,0,0.0074179459885769855,0.00941556092390548
2019-04-03,0.0,0.0,0.0,0,0,0,0.0074179459885769855,0.00941556092390548
2019-04-04,0.0,0.0,0.0,0,0,0,0.0074179459885769855,0.00941556092390548
2019-04-05,0.0,0.0,0.0,0,0,0,0.0074179459885769855,0.00941556092390548
2019-04-08,0.0,0.0,0.0,0,0,0,0.0074179459885769855,0.00941556092390548
2019-04-09,0.0,0.0,0.0,0,0,0,0.0074179459885769855,0.00941556092390548
2019-04-10,0.0,0.0,0.0,0,0,0,0.0074179459885769855,0.00941556092390548
2019-04-11,0.0,0.0,0.0,0,0,0,0.0074179459885769855,0.00941556092390548
2019-04-12,0.0,0.0,0.0,0,0,0,0.0074179459885769855,0.00941556092390548
2019-04-15,0.0,0.0,0.0,0,0,0,0.0074179459885769855,0.00941556092390548
2019-04-16,0.0,0.0,0.0,0,0,0,0.0074179459885769855,0.00941556092390548
2019-04-17,0.0,0.0,0.0,0,0,0,0.0074179459885769855,0.00941556092390548
2019-04-18,0.0,0.0,0.0,0,0,0,0.0074179459885769855,0.00941556092390548
2019-04-19,0.0,0.0,0.0,0,0,0,0.0074179459885769855,0.00941556092390548
2019-04-22,0.0,0.0,0.0,0,0,0,0.0074179459885769855,0.00941556092390548
2019-04-23,0.0,0.0,0.0,0,0,0,0.0074179459885769855,0.00941556092390548
2019-04-24,0.0,0.0,0.0,0,0,0,0.0074179459885769855,0.00941556092390548
2019-04-25,0.0,0.0,0.0,0,0,0,0.0074179459885769855,0.00941556092390548
2019-04-26,0.0,0.0,0.0,0,0,0,0.0074179459885769855,0.00941556092390548
2019-04-29,0.0,0.0,0.0,0,0,0,0.0074179459885769855,0.00941556092390548
2019-04-30,0.0,0.0,0.0,0,0,0,0.0074179459885769855,0.00941556092390548
2019-05-01,0.0,0.0,0.0,0,0,0,0.0074179459885769855,0.00941556092390548
2019-05-02,0.0,0.0,0.0,0,0,0,0.0074179459885769855,0.00941556092390548
2019-05-03,0.0,0.0,0.0,0,0,0,0.0074179459885769855,0.00941556092390548
2019-05-06,0.0,0.0,0.0,0,0,0,0.0074179459885769855,0.00941556092390548
2019-05-07,0.0,0.0,0.0,0,0,0,0.0074179459885769855,0.00941556092390548
2019-05-08,0.0,0.0,0.0,0,0,0,0.0074179459885769855,0.00941556092390548
2019-05-09,0.0,0.0,0.0,0,0,0,0.0074179459885769855,0.00941556092390548
2019-05-10,0.0,0.0,0.0,0,0,0,0.0074179459885769855,0.00941556092390548
2019-05-13,0.0,0.0,0.0,0,0,0,0.0074179459885769855,0.00941556092390548
2019-05-14,0.0,0.0,0.0,0,0,0,0.0074179459885769855,0.00941556092390548
2019-05-15,0.0,0.0,0.0,0,0,0,0.0074179459885769855,0.00941556092390548
2019-05-16,0.0,0.0,0.0,0,0,0,0.0074179459885769855,0.00941556092390548
2019-05-17,0.0,0.0,0.0,0,0,0,0.0074179459885769855,0.00941556092390548
2019-05-20,0.0,0.0,0.0,0,0,0,0.0074179459885769855,0.00941556092390548
2019-05-21,0.0,0.0,0.0,0,0,0,0.0074179459885769855,0.00941556092390548
2019-05-22,0.0,0.0,0.0,0,0,0,0.0074179459885769855,0.00941556092390548
2019-05-23,0.0,0.0,0.0,0,0,0,0.0074179459885769855,0.00941556092390548
2019-05-24,0.0,0.0,0.0,0,0,0,0.0074179459885769855,0.00941556092390548
2019-05-27,0.0,0.0,0.0,0,0,0,0.0074179459885769855,0.00941556092390548
2019-05-28,0.0,0.0,0.0,0,0,0,0.0074179459885769855,0.00941556092390548
2019-05-29,0.0,0.0,0.0,0,0,0,0.0074179459885769855,0.00941556092390548
2019-05-30,0.0,0.0,0.0,0,0,0,0.0074179459885769855,0.00941556092390548
2019-05-31,0.0,0.0,0.0,0,0,0,0.0074179459885769855,0.00941556092390548
2019-06-03,0.0,0.0,0.0,0,0,0,0.0074179459885769855,0.00941556092390548
2019-06-04,0.0,0.0,0.0,0,0,0,0.0074179459885769855,0.00941556092390548
2019-06-05,0.0,0.0,0.0,0,0,0,0.0074179459885769855,0.00941556092390548
2019-06-06,0.0,0.0,0.0,0,0,0,0.0074179459885769855,0.00941556092390548
2019-06-07,0.0,0.0,0.0,0,0,0,0.0074179459885769855,0.00941556092390548
2019-06-10,0.0,0.0,0.0,0,0,0,0.0074179459885769855,0.00941556092390548
2019-06-11,0.0,0.0,0.0,0,0,0,0.0074179459885769855,0.00941556092390548
2019-06-12,0.0,0.0,0.0,0,0,0,0.0074179459885769855,0.00941556092390548
2019-06-13,0.0,0.0,0.0,0,0,0,0.0074179459885769855,0.00941556092390548
2019-06-14,0.0,0.0,0.0,0,0,0,0.0074179459885769855,0.00941556092390548
2019-06-17,0.0,0.0,0.0,0,0,0,0.0074179459885769855,0.00941556092390548
2019-06-18,0.0,0.0,0.0,0,0,0,0.0074179459885769855,0.00941556092390548
2019-06-19,0.0,0.0,0.0,0,0,0,0.0074179459885769855,0.00941556092390548
2019-06-20,0.0,0.0,0.0,0,0,0,0.0074179459885769855,0.00941556092390548
2019-06-21,0.0,0.0,0.0,0,0,0,0.0074179459885769855,0.00941556092390548
2019-06-24,0.0,0.0,0.0,0,0,0,0.0074179459885769855,0.00941556092390548
2019-06-25,0.0,0.0,0.0,0,0,0,0.0074179459885769855,0.00941556092390548
2019-06-26,0.0,0.0,0.0,0,0,0,0.0074179459885769855,0.00941556092390548
2019-06-27,0.0,0.0,0.0,0,0,0,0.0074179459885769855,0.00941556092390548
2019-06-28,0.0,0.0,0.0,0,0,0,0.0074179459885769855,0.00941556092390548
2019-07-01,0.0,0.0,0.0,0,0,0,0.0074179459885769855,0.00941556092390548
2019-07-02,0.0,0.0,0.0,0,0,0,0.0074179459885769855,0.00941556092390548
2019-07-03,0.0,0.0,0.0,0,0,0,0.0074179459885769855,0.00941556092390548
2019-07-04,0.0,0.0,0.0,0,0,0,0.0074179459885769855,0.00941556092390548
2019-07-05,0.0,0.0,0.0,0,0,0,0.0074179459885769855,0.00941556092390548
2019-07-08,0.0,0.0,0.0,0,0,0,0.0074179459885769855,0.00941556092390548
2019-07-09,0.0,0.0,0.0,0,0,0,0.0074179459885769855,0.00941556092390548
2019-07-10,0.0,0.0,0.0,0,0,0,0.0074179459885769855,0.00941556092390548
2019-07-11,0.0,0.0,0.0,0,0,0,0.0074179459885769855,0.00941556092390548
2019-07-12,0.0,0.0,0.0,0,0,0,0.0074179459885769855,0.00941556092390548
2019-07-15,0.0,0.0,0.0,0,0,0,0.0074179459885769855,0.00941556092390548
2019-07-16,0.0,0.0,0.0,0,0,0,0.0074179459885769855,0.00941556092390548
2019-07-17,0.0,0.0,0.0,0,0,0,0.0074179459885769855,0.00941556092390548
2019-07-18,0.0,0.0,0.0,0,0,0,0.0074179459885769855,0.00941556092390548
2019-07-19,0.0,0.0,0.0,0,0,0,0.0074179459885769855,0.00941556092390548
2019-07-22,0.0,0.0,0.0,0,0,0,0.0074179459885769855,0.00941556092390548
2019-07-23,0.0,0.0,0.0,1,0,0,0.0074179459885769855,0.00941556092390548
2019-07-24,0.0,0.0,0.0,1,0,0,0.0074179459885769855,0.00941556092390548
2019-07-25,0.0,0.0,0.0,1,0,0,0.0074179459885769855,0.00941556092390548
2019-07-26,0.0,0.0,0.0,1,0,0,0.0074179459885769855,0.00941556092390548
2019-07-29,0.0,0.0,0.0,1,0,0,0.0074179459885769855,0.00941556092390548
2019-07-30,0.0,0.0,0.0,1,0,0,0.0074179459885769855,0.00941556092390548
2019-07-31,0.0,0.0,0.0,1,0,0,0.0074179459885769855,0.00941556092390548
2019-08-01,0.0,0.0,0.0,1,0,0,0.0074179459885769855,0.00941556092390548
2019-08-02,0.0,0.0,0.0,1,0,0,0.0074179459885769855,0.00941556092390548
2019-08-05,0.0,0.0,0.0,1,0,0,0.0074179459885769855,0.00941556092390548
2019-08-06,0.0,0.0,0.0,1,0,0,0.0074179459885769855,0.00941556092390548
2019-08-07,0.0,0.0,0.0,1,0,0,0.0074179459885769855,0.00941556092390548
2019-08-08,0.0,0.0,0.0,1,0,0,0.0074179459885769855,0.00941556092390548
2019-08-09,0.0,0.0,0.0,1,0,0,0.0074179459885769855,0.00941556092390548
2019-08-12,0.0,0.0002,-0.0002,1,1,1,0.007217945988576986,0.00941556092390548
2019-08-13,-0.0008987878117835215,0.0,-0.0008987878117835215,1,1,1,0.0063191581767934645,0.008516773112121958
2019-08-14,0.0005022425341708351,0.0,0.0005022425341708351,1,1,1,0.0068214007109643,0.009019015646292792
2019-08-15,0.002515501301370351,0.0,0.002515501301370351,1,1,1,0.00933690201233465,0.011534516947663142
2019-08-16,-0.0004545774425391354,0.0,-0.0004545774425391354,1,1,1,0.008882324569795515,0.011079939505124007
2019-08-19,-0.002157379085661348,0.0,-0.002157379085661348,1,1,1,0.006724945484134167,0.008922560419462659
2019-08-20,-0.001085283283644393,0.0,-0.001085283283644393,1,1,1,0.005639662200489774,0.007837277135818266
2019-08-21,0.000807242913361829,0.0,0.000807242913361829,1,1,1,0.006446905113851603,0.008644520049180095
2019-08-22,-0.0006154256276649894,0.0,-0.0006154256276649894,1,1,1,0.005831479486186613,0.008029094421515106
2019-08-23,0.0012306181643246994,0.0,0.0012306181643246994,1,1,1,0.007062097650511313,0.009259712585839805
2019-08-26,0.0005300353654121145,0.0,0.0005300353654121145,1,1,1,0.0075921330159234275,0.009789747951251919
2019-08-27,0.00065452590047318,0.0,0.00065452590047318,1,1,1,0.008246658916396608,0.010444273851725099
2019-08-28,0.0002751301474879311,0.0,0.0002751301474879311,1,1,1,0.00852178906388454,0.01071940399921303
2019-08-29,0.000439566978322788,0.0,0.000439566978322788,1,1,1,0.008961356042207328,0.011158970977535819
2019-08-30,-0.0013291714080876605,0.0,-0.0013291714080876605,1,1,1,0.0076321846341196676,0.009829799569448159
2019-09-02,0.0006096113705221886,0.0,0.0006096113705221886,1,1,1,0.008241796004641855,0.010439410939970348
2019-09-03,0.0004888603308218936,0.0,0.0004888603308218936,1,1,1,0.008730656335463749,0.010928271270792241
2019-09-04,-0.0019398979072347074,0.0,-0.0019398979072347074,1,1,1,0.006790758428229042,0.008988373363557534
2019-09-05,-0.00043362771935908165,0.0,-0.00043362771935908165,1,1,1,0.00635713070886996,0.008554745644198452
2019-09-06,-0.002035456176608819,0.0,-0.002035456176608819,1,1,1,0.004321674532261141,0.006519289467589633
2019-09-09,0.0027721495658536966,0.0,0.0027721495658536966,1,1,1,0.007093824098114838,0.00929143903344333
2019-09-10,-0.002111053281210088,0.0,-0.002111053281210088,1,1,1,0.00498277081690475,0.007180385752233242
2019-09-11,0.0012773174334001552,0.0,0.0012773174334001552,1,1,1,0.006260088250304905,0.008457703185633398
2019-09-12,0.003260540544963894,0.0,0.003260540544963894,1,1,1,0.009520628795268798,0.011718243730597292
2019-09-13,0.0007858088516888219,0.00019742385772571831,0.0005883849939631036,1,0,0,0.010109013789231902,0.012504052582286115
2019-09-16,0.0,0.0,0.0,1,0,0,0.010109013789231902,0.012504052582286115
2019-09-17,0.0,0.0,0.0,1,0,0,0.010109013789231902,0.012504052582286115
2019-09-18,0.0,0.00020000000000000006,-0.00020000000000000006,1,1,1,0.009909013789231902,0.012504052582286115
2019-09-19,0.0021680291087814636,0.0,0.0021680291087814636,1,1,1,0.012077042898013365,0.014672081691067578
2019-09-20,-0.0036970646668013983,0.0,-0.0036970646668013983,1,1,1,0.008379978231211966,0.01097501702426618
2019-09-23,0.0007553266784367635,0.0,0.0007553266784367635,1,1,1,0.00913530490964873,0.011730343702702943
2019-09-24,-0.0006831196551035125,0.0,-0.0006831196551035125,1,1,1,0.008452185254545217,0.011047224047599431
2019-09-25,0.003717866737303278,0.0,0.003717866737303278,1,1,1,0.012170051991848495,0.014765090784902709
2019-09-26,0.00017757509176549475,0.0,0.00017757509176549475,1,1,1,0.01234762708361399,0.014942665876668204
2019-09-27,0.0010916484028197016,0.0,0.0010916484028197016,1,1,1,0.013439275486433692,0.016034314279487906
2019-09-30,0.0027513398582233338,0.0,0.0027513398582233338,1,1,1,0.016190615344657027,0.01878565413771124
2019-10-01,-0.0032484757340482495,0.00020413894136148491,-0.0034526146754097343,1,0,0,0.012738000669247292,0.01553717840366299
2019-10-02,0.0,0.0,0.0,1,0,0,0.012738000669247292,0.01553717840366299
2019-10-03,0.0,0.0,0.0,1,0,0,0.012738000669247292,0.01553717840366299
2019-10-04,0.0,0.0,0.0,1,0,0,0.012738000669247292,0.01553717840366299
2019-10-07,0.0,0.0,0.0,1,0,0,0.012738000669247292,0.01553717840366299
2019-10-08,0.0,0.0,0.0,1,0,0,0.012738000669247292,0.01553717840366299
2019-10-09,0.0,0.0,0.0,1,0,0,0.012738000669247292,0.01553717840366299
2019-10-10,0.0,0.0,0.0,1,0,0,0.012738000669247292,0.01553717840366299
2019-10-11,0.0,0.0,0.0,1,0,0,0.012738000669247292,0.01553717840366299
2019-10-14,0.0,0.0,0.0,1,0,0,0.012738000669247292,0.01553717840366299
2019-10-15,0.0,0.0,0.0,1,0,0,0.012738000669247292,0.01553717840366299
2019-10-16,0.0,0.0,0.0,1,0,0,0.012738000669247292,0.01553717840366299
2019-10-17,0.0,0.0,0.0,1,0,0,0.012738000669247292,0.01553717840366299
2019-10-18,0.0,0.0,0.0,1,0,0,0.012738000669247292,0.01553717840366299
2019-10-21,0.0,0.00019999999999999998,-0.00019999999999999998,1,1,1,0.012538000669247292,0.01553717840366299
2019-10-22,-0.002718011289146196,0.0,-0.002718011289146196,1,1,1,0.009819989380101096,0.012819167114516795
2019-10-23,-0.0010442639037415847,0.0,-0.0010442639037415847,1,1,1,0.00877572547635951,0.01177490321077521
2019-10-24,-0.005191534115146871,0.0,-0.005191534115146871,1,1,1,0.00358419136121264,0.006583369095628339
2019-10-25,-0.002776314579700908,0.0,-0.002776314579700908,1,1,1,0.000807876781511732,0.003807054515927431
2019-10-28,4.7150432699857425e-05,0.0,4.7150432699857425e-05,1,1,1,0.0008550272142115894,0.0038542049486272882
2019-10-29,-0.0029353193003807867,0.0,-0.0029353193003807867,1,1,1,-0.0020802920861691973,0.0009188856482465015
2019-10-30,0.0008316283772134029,0.0,0.0008316283772134029,1,1,1,-0.0012486637089557944,0.0017505140254599045
2019-10-31,-0.0008331640174602287,0.0,-0.0008331640174602287,1,1,1,-0.0020818277264160233,0.0009173500079996757
2019-11-01,0.0008512024198504729,0.0,0.0008512024198504729,1,1,1,-0.0012306253065655505,0.0017685524278501486
2019-11-04,-0.001473390873367622,0.0,-0.001473390873367622,1,1,1,-0.0027040161799331726,0.0002951615544825267
2019-11-05,-0.003246984714338554,0.0,-0.003246984714338554,1,1,1,-0.005951000894271727,-0.0029518231598560274
2019-11-06,-0.00017498496669388335,0.0,-0.00017498496669388335,1,1,1,-0.00612598586096561,-0.0031268081265499108
2019-11-07,0.0016757929970017955,0.0,0.0016757929970017955,1,1,1,-0.004450192863963814,-0.0014510151295481152
2019-11-08,-0.0011682986596537773,0.0,-0.0011682986596537773,1,1,1,-0.005618491523617592,-0.0026193137892018925
2019-11-11,0.0008697572578291535,0.0,0.0008697572578291535,1,1,1,-0.004748734265788438,-0.001749556531372739
2019-11-12,-0.001644238769935196,0.0,-0.001644238769935196,1,1,1,-0.006392973035723634,-0.003393795301307935
2019-11-13,-0.0007557770673430385,0.0,-0.0007557770673430385,1,1,1,-0.007148750103066672,-0.004149572368650973
2019-11-14,0.0028046373214122913,0.0,0.0028046373214122913,1,1,1,-0.004344112781654381,-0.001344935047238682
2019-11-15,-0.00015626198307561287,0.0,-0.00015626198307561287,1,1,1,-0.004500374764729993,-0.0015011970303142948
2019-11-18,-0.002290262676620147,0.0,-0.002290262676620147,1,1,1,-0.006790637441350141,-0.003791459706934442
2019-11-19,0.0012154947011415067,0.0,0.0012154947011415067,1,1,1,-0.005575142740208634,-0.002575965005792935
2019-11-20,1.3682926997803492e-05,0.0,1.3682926997803492e-05,1,1,1,-0.005561459813210831,-0.002562282078795132
2019-11-21,-0.0013292683219744584,0.0,-0.0013292683219744584,1,1,1,-0.006890728135185289,-0.00389155040076959
2019-11-22,0.001677515939016735,0.0,0.001677515939016735,1,1,1,-0.005213212196168554,-0.002214034461752855
2019-11-25,-0.006392852450471849,0.0,-0.006392852450471849,1,1,1,-0.011606064646640404,-0.008606886912224703
2019-11-26,0.0011164142402797263,0.0,0.0011164142402797263,1,1,1,-0.010489650406360677,-0.007490472671944977
2019-11-27,0.0041453079311206285,0.0,0.0041453079311206285,1,1,1,-0.006344342475240049,-0.0033451647408243483
2019-11-28,0.0006540235299102627,0.0,0.0006540235299102627,1,1,1,-0.0056903189453297864,-0.002691141210914086
2019-11-29,-0.004324633939263222,0.0,-0.004324633939263222,1,1,1,-0.010014952884593009,-0.007015775150177308
2019-12-02,0.0031913718662603856,0.0,0.0031913718662603856,1,1,1,-0.006823581018332623,-0.0038244032839169226
2019-12-03,0.0058474086024022185,0.0,0.0058474086024022185,1,1,1,-0.0009761724159304047,0.002023005318485296
2019-12-04,0.0012367079675357413,0.00020626052494405176,0.0010304474425916895,1,0,0,5.427502666128484e-05,0.003259713286021037
2019-12-05,0.0,0.0,0.0,1,0,0,5.427502666128484e-05,0.003259713286021037
2019-12-06,0.0,0.0,0.0,1,0,0,5.427502666128484e-05,0.003259713286021037
2019-12-09,0.0,0.0,0.0,1,0,0,5.427502666128484e-05,0.003259713286021037
2019-12-10,0.0,0.0,0.0,1,0,0,5.427502666128484e-05,0.003259713286021037
2019-12-11,0.0,0.0,0.0,1,0,0,5.427502666128484e-05,0.003259713286021037
2019-12-12,0.0,0.0,0.0,1,0,0,5.427502666128484e-05,0.003259713286021037
2019-12-13,0.0,0.0,0.0,1,0,0,5.427502666128484e-05,0.003259713286021037
2019-12-16,0.0,0.0,0.0,1,0,0,5.427502666128484e-05,0.003259713286021037
2019-12-17,0.0,0.0,0.0,1,0,0,5.427502666128484e-05,0.003259713286021037
2019-12-18,0.0,0.0,0.0,1,0,0,5.427502666128484e-05,0.003259713286021037
2019-12-19,0.0,0.0,0.0,1,0,0,5.427502666128484e-05,0.003259713286021037
2019-12-20,0.0,0.0,0.0,1,0,0,5.427502666128484e-05,0.003259713286021037
2019-12-23,0.0,0.0,0.0,1,0,0,5.427502666128484e-05,0.003259713286021037
2019-12-24,0.0,0.0,0.0,1,0,0,5.427502666128484e-05,0.003259713286021037
2019-12-25,0.0,0.0,0.0,1,0,0,5.427502666128484e-05,0.003259713286021037
2019-12-26,0.0,0.0,0.0,1,0,0,5.427502666128484e-05,0.003259713286021037
2019-12-27,0.0,0.0,0.0,1,0,0,5.427502666128484e-05,0.003259713286021037
2019-12-30,0.0,0.0,0.0,1,0,0,5.427502666128484e-05,0.003259713286021037
2019-12-31,0.0,0.0,0.0,1,0,0,5.427502666128484e-05,0.003259713286021037
2020-01-01,0.0,0.0,0.0,1,0,0,5.427502666128484e-05,0.003259713286021037
2020-01-02,0.0,0.0,0.0,1,0,0,5.427502666128484e-05,0.003259713286021037
2020-01-03,0.0,0.0,0.0,1,0,0,5.427502666128484e-05,0.003259713286021037
2020-01-06,0.0,0.00020000000000000006,-0.00020000000000000006,1,1,1,-0.00014572497333871523,0.003259713286021037
2020-01-07,0.000316578664541255,0.0,0.000316578664541255,1,1,1,0.00017085369120253978,0.003576291950562292
2020-01-08,-0.0020209976483538897,0.0,-0.0020209976483538897,1,1,1,-0.00185014395715135,0.0015552943022084024
2020-01-09,-0.0001831151980957002,0.0,-0.0001831151980957002,1,1,1,-0.0020332591552470504,0.0013721791041127022
2020-01-10,0.001209614869508168,0.0,0.001209614869508168,1,1,1,-0.0008236442857388823,0.0025817939736208703
2020-01-13,-0.00027791963424686657,0.0,-0.00027791963424686657,1,1,1,-0.0011015639199857489,0.0023038743393740038
2020-01-14,0.0017114030456546693,0.0002028082213054285,0.0015085948243492408,1,0,0,0.00040703090436349193,0.004015277385028673
2020-01-15,0.0,0.0,0.0,0,0,0,0.00040703090436349193,0.004015277385028673
2020-01-16,0.0,0.0,0.0,0,0,0,0.00040703090436349193,0.004015277385028673
2020-01-17,0.0,0.0,0.0,0,0,0,0.00040703090436349193,0.004015277385028673
2020-01-20,0.0,0.0,0.0,0,0,0,0.00040703090436349193,0.004015277385028673
2020-01-21,0.0,0.0,0.0,0,0,0,0.00040703090436349193,0.004015277385028673
2020-01-22,0.0,0.0,0.0,0,0,0,0.00040703090436349193,0.004015277385028673
2020-01-23,0.0,0.0,0.0,0,0,0,0.00040703090436349193,0.004015277385028673
2020-01-24,0.0,0.0,0.0,0,0,0,0.00040703090436349193,0.004015277385028673
2020-01-27,0.0,0.0,0.0,0,0,0,0.00040703090436349193,0.004015277385028673
2020-01-28,0.0,0.0,0.0,0,0,0,0.00040703090436349193,0.004015277385028673
2020-01-29,0.0,0.0,0.0,0,0,0,0.00040703090436349193,0.004015277385028673
2020-01-30,0.0,0.0,0.0,0,0,0,0.00040703090436349193,0.004015277385028673
2020-01-31,0.0,0.0,0.0,0,0,0,0.00040703090436349193,0.004015277385028673
2020-02-03,0.0,0.0,0.0,0,0,0,0.00040703090436349193,0.004015277385028673
2020-02-04,0.0,0.0,0.0,0,0,0,0.00040703090436349193,0.004015277385028673
2020-02-05,0.0,0.0,0.0,0,0,0,0.00040703090436349193,0.004015277385028673
2020-02-06,0.0,0.0,0.0,0,0,0,0.00040703090436349193,0.004015277385028673
2020-02-07,0.0,0.0,0.0,0,0,0,0.00040703090436349193,0.004015277385028673
2020-02-10,0.0,0.0,0.0,0,0,0,0.00040703090436349193,0.004015277385028673
2020-02-11,0.0,0.0,0.0,0,0,0,0.00040703090436349193,0.004015277385028673
2020-02-12,0.0,0.0,0.0,0,0,0,0.00040703090436349193,0.004015277385028673
2020-02-13,0.0,0.0,0.0,0,0,0,0.00040703090436349193,0.004015277385028673
2020-02-14,0.0,0.0,0.0,0,0,0,0.00040703090436349193,0.004015277385028673
2020-02-17,0.0,0.0,0.0,0,0,0,0.00040703090436349193,0.004015277385028673
2020-02-18,0.0,0.0,0.0,0,0,0,0.00040703090436349193,0.004015277385028673
2020-02-19,0.0,0.0,0.0,0,0,0,0.00040703090436349193,0.004015277385028673
2020-02-20,0.0,0.0,0.0,0,0,0,0.00040703090436349193,0.004015277385028673
2020-02-21,0.0,0.0,0.0,0,0,0,0.00040703090436349193,0.004015277385028673
2020-02-24,0.0,0.0,0.0,0,0,0,0.00040703090436349193,0.004015277385028673
2020-02-25,0.0,0.0,0.0,0,0,0,0.00040703090436349193,0.004015277385028673
2020-02-26,0.0,0.0,0.0,0,0,0,0.00040703090436349193,0.004015277385028673
2020-02-27,0.0,0.0,0.0,0,0,0,0.00040703090436349193,0.004015277385028673
2020-02-28,0.0,0.0,0.0,0,0,0,0.00040703090436349193,0.004015277385028673
2020-03-02,0.0,0.0,0.0,0,0,0,0.00040703090436349193,0.004015277385028673
2020-03-03,0.0,0.0,0.0,0,0,0,0.00040703090436349193,0.004015277385028673
2020-03-04,0.0,0.0,0.0,0,0,0,0.00040703090436349193,0.004015277385028673
2020-03-05,0.0,0.0,0.0,0,0,0,0.00040703090436349193,0.004015277385028673
2020-03-06,0.0,0.0,0.0,0,0,0,0.00040703090436349193,0.004015277385028673
2020-03-09,0.0,0.0,0.0,0,0,0,0.00040703090436349193,0.004015277385028673
2020-03-10,0.0,0.0,0.0,0,0,0,0.00040703090436349193,0.004015277385028673
2020-03-11,0.0,0.0,0.0,0,0,0,0.00040703090436349193,0.004015277385028673
2020-03-12,0.0,0.0,0.0,0,0,0,0.00040703090436349193,0.004015277385028673
2020-03-13,0.0,0.0,0.0,0,0,0,0.00040703090436349193,0.004015277385028673
2020-03-16,0.0,0.0,0.0,0,0,0,0.00040703090436349193,0.004015277385028673
2020-03-17,0.0,0.0,0.0,0,0,0,0.00040703090436349193,0.004015277385028673
2020-03-18,0.0,0.0,0.0,0,0,0,0.00040703090436349193,0.004015277385028673
2020-03-19,0.0,0.0,0.0,0,0,0,0.00040703090436349193,0.004015277385028673
2020-03-20,0.0,0.0,0.0,0,0,0,0.00040703090436349193,0.004015277385028673
2020-03-23,0.0,0.0,0.0,0,0,0,0.00040703090436349193,0.004015277385028673
2020-03-24,0.0,0.0,0.0,0,0,0,0.00040703090436349193,0.004015277385028673
2020-03-25,0.0,0.0,0.0,0,0,0,0.00040703090436349193,0.004015277385028673
2020-03-26,0.0,0.0,0.0,0,0,0,0.00040703090436349193,0.004015277385028673
2020-03-27,0.0,0.0,0.0,0,0,0,0.00040703090436349193,0.004015277385028673
2020-03-30,0.0,0.0,0.0,0,0,0,0.00040703090436349193,0.004015277385028673
2020-03-31,0.0,0.0,0.0,0,0,0,0.00040703090436349193,0.004015277385028673
2020-04-01,0.0,0.0,0.0,0,0,0,0.00040703090436349193,0.004015277385028673
2020-04-02,0.0,0.0,0.0,0,0,0,0.00040703090436349193,0.004015277385028673
2020-04-03,0.0,0.0,0.0,0,0,0,0.00040703090436349193,0.004015277385028673
2020-04-06,0.0,0.0,0.0,0,0,0,0.00040703090436349193,0.004015277385028673
2020-04-07,0.0,0.0,0.0,0,0,0,0.00040703090436349193,0.004015277385028673
2020-04-08,0.0,0.0,0.0,0,0,0,0.00040703090436349193,0.004015277385028673
2020-04-09,0.0,0.0,0.0,0,0,0,0.00040703090436349193,0.004015277385028673
2020-04-10,0.0,0.0,0.0,0,0,0,0.00040703090436349193,0.004015277385028673
2020-04-13,0.0,0.0,0.0,0,0,0,0.00040703090436349193,0.004015277385028673
2020-04-14,0.0,0.0,0.0,0,0,0,0.00040703090436349193,0.004015277385028673
2020-04-15,0.0,0.0,0.0,0,0,0,0.00040703090436349193,0.004015277385028673
2020-04-16,0.0,0.0,0.0,0,0,0,0.00040703090436349193,0.004015277385028673
2020-04-17,0.0,0.0,0.0,0,0,0,0.00040703090436349193,0.004015277385028673
2020-04-20,0.0,0.0,0.0,0,0,0,0.00040703090436349193,0.004015277385028673
2020-04-21,0.0,0.0,0.0,0,0,0,0.00040703090436349193,0.004015277385028673
2020-04-22,0.0,0.0,0.0,0,0,0,0.00040703090436349193,0.004015277385028673
2020-04-23,0.0,0.0,0.0,0,0,0,0.00040703090436349193,0.004015277385028673
2020-04-24,0.0,0.0,0.0,0,0,0,0.00040703090436349193,0.004015277385028673
2020-04-27,0.0,0.0,0.0,0,0,0,0.00040703090436349193,0.004015277385028673
2020-04-28,0.0,0.0,0.0,0,0,0,0.00040703090436349193,0.004015277385028673
2020-04-29,0.0,0.0,0.0,0,0,0,0.00040703090436349193,0.004015277385028673
2020-04-30,0.0,0.0,0.0,0,0,0,0.00040703090436349193,0.004015277385028673
2020-05-01,0.0,0.0,0.0,0,0,0,0.00040703090436349193,0.004015277385028673
2020-05-04,0.0,0.0,0.0,0,0,0,0.00040703090436349193,0.004015277385028673
2020-05-05,0.0,0.0,0.0,0,0,0,0.00040703090436349193,0.004015277385028673
2020-05-06,0.0,0.0,0.0,0,0,0,0.00040703090436349193,0.004015277385028673
2020-05-07,0.0,0.0,0.0,0,0,0,0.00040703090436349193,0.004015277385028673
2020-05-08,0.0,0.0,0.0,0,0,0,0.00040703090436349193,0.004015277385028673
2020-05-11,0.0,0.0,0.0,0,0,0,0.00040703090436349193,0.004015277385028673
2020-05-12,0.0,0.0,0.0,0,0,0,0.00040703090436349193,0.004015277385028673
2020-05-13,0.0,0.0,0.0,0,0,0,0.00040703090436349193,0.004015277385028673
2020-05-14,0.0,0.0,0.0,0,0,0,0.00040703090436349193,0.004015277385028673
2020-05-15,0.0,0.0,0.0,0,0,0,0.00040703090436349193,0.004015277385028673
2020-05-18,0.0,0.0,0.0,0,0,0,0.00040703090436349193,0.004015277385028673
2020-05-19,0.0,0.0,0.0,0,0,0,0.00040703090436349193,0.004015277385028673
2020-05-20,0.0,0.0,0.0,0,0,0,0.00040703090436349193,0.004015277385028673
2020-05-21,0.0,0.0,0.0,0,0,0,0.00040703090436349193,0.004015277385028673
2020-05-22,0.0,0.0,0.0,0,0,0,0.00040703090436349193,0.004015277385028673
2020-05-25,0.0,0.0,0.0,0,0,0,0.00040703090436349193,0.004015277385028673
2020-05-26,0.0,0.0,0.0,0,0,0,0.00040703090436349193,0.004015277385028673
2020-05-27,0.0,0.0,0.0,0,0,0,0.00040703090436349193,0.004015277385028673
2020-05-28,0.0,0.0,0.0,0,0,0,0.00040703090436349193,0.004015277385028673
2020-05-29,0.0,0.0,0.0,0,0,0,0.00040703090436349193,0.004015277385028673
2020-06-01,0.0,0.0,0.0,0,0,0,0.00040703090436349193,0.004015277385028673
2020-06-02,0.0,0.0,0.0,0,0,0,0.00040703090436349193,0.004015277385028673
2020-06-03,0.0,0.0,0.0,0,0,0,0.00040703090436349193,0.004015277385028673
2020-06-04,0.0,0.0,0.0,0,0,0,0.00040703090436349193,0.004015277385028673
2020-06-05,0.0,0.0,0.0,0,0,0,0.00040703090436349193,0.004015277385028673
2020-06-08,0.0,0.0,0.0,0,0,0,0.00040703090436349193,0.004015277385028673
2020-06-09,0.0,0.0,0.0,0,0,0,0.00040703090436349193,0.004015277385028673
2020-06-10,0.0,0.0,0.0,0,0,0,0.00040703090436349193,0.004015277385028673
2020-06-11,0.0,0.0,0.0,0,0,0,0.00040703090436349193,0.004015277385028673
2020-06-12,0.0,0.0,0.0,0,0,0,0.00040703090436349193,0.004015277385028673
2020-06-15,0.0,0.0,0.0,0,0,0,0.00040703090436349193,0.004015277385028673
2020-06-16,0.0,0.0,0.0,0,0,0,0.00040703090436349193,0.004015277385028673
2020-06-17,0.0,0.0,0.0,0,0,0,0.00040703090436349193,0.004015277385028673
2020-06-18,0.0,0.0,0.0,0,0,0,0.00040703090436349193,0.004015277385028673
2020-06-19,0.0,0.0,0.0,0,0,0,0.00040703090436349193,0.004015277385028673
2020-06-22,0.0,0.0,0.0,0,0,0,0.00040703090436349193,0.004015277385028673
2020-06-23,0.0,0.0,0.0,0,0,0,0.00040703090436349193,0.004015277385028673
2020-06-24,0.0,0.0,0.0,0,0,0,0.00040703090436349193,0.004015277385028673
2020-06-25,0.0,0.0,0.0,0,0,0,0.00040703090436349193,0.004015277385028673
2020-06-26,0.0,0.0,0.0,0,0,0,0.00040703090436349193,0.004015277385028673
2020-06-29,0.0,0.0,0.0,0,0,0,0.00040703090436349193,0.004015277385028673
2020-06-30,0.0,0.0,0.0,0,0,0,0.00040703090436349193,0.004015277385028673
2020-07-01,0.0,0.0,0.0,0,0,0,0.00040703090436349193,0.004015277385028673
2020-07-02,0.0,0.0,0.0,0,0,0,0.00040703090436349193,0.004015277385028673
2020-07-03,0.0,0.0,0.0,0,0,0,0.00040703090436349193,0.004015277385028673
2020-07-06,0.0,0.0,0.0,0,0,0,0.00040703090436349193,0.004015277385028673
2020-07-07,0.0,0.0,0.0,0,0,0,0.00040703090436349193,0.004015277385028673
2020-07-08,0.0,0.0,0.0,0,0,0,0.00040703090436349193,0.004015277385028673
2020-07-09,0.0,0.0,0.0,0,0,0,0.00040703090436349193,0.004015277385028673
2020-07-10,0.0,0.0,0.0,0,0,0,0.00040703090436349193,0.004015277385028673
2020-07-13,0.0,0.0,0.0,0,0,0,0.00040703090436349193,0.004015277385028673
2020-07-14,0.0,0.0,0.0,0,0,0,0.00040703090436349193,0.004015277385028673
2020-07-15,0.0,0.0,0.0,0,0,0,0.00040703090436349193,0.004015277385028673
2020-07-16,0.0,0.0,0.0,0,0,0,0.00040703090436349193,0.004015277385028673
2020-07-17,0.0,0.0,0.0,0,0,0,0.00040703090436349193,0.004015277385028673
2020-07-20,0.0,0.0,0.0,0,0,0,0.00040703090436349193,0.004015277385028673
2020-07-21,0.0,0.0,0.0,0,0,0,0.00040703090436349193,0.004015277385028673
2020-07-22,0.0,0.0,0.0,0,0,0,0.00040703090436349193,0.004015277385028673
2020-07-23,0.0,0.0,0.0,0,0,0,0.00040703090436349193,0.004015277385028673
2020-07-24,0.0,0.0,0.0,0,0,0,0.00040703090436349193,0.004015277385028673
2020-07-27,0.0,0.0,0.0,0,0,0,0.00040703090436349193,0.004015277385028673
2020-07-28,0.0,0.0,0.0,0,0,0,0.00040703090436349193,0.004015277385028673
2020-07-29,0.0,0.0,0.0,0,0,0,0.00040703090436349193,0.004015277385028673
2020-07-30,0.0,0.0,0.0,0,0,0,0.00040703090436349193,0.004015277385028673
2020-07-31,0.0,0.0,0.0,0,0,0,0.00040703090436349193,0.004015277385028673
2020-08-03,0.0,0.0,0.0,0,0,0,0.00040703090436349193,0.004015277385028673
2020-08-04,0.0,0.0,0.0,0,0,0,0.00040703090436349193,0.004015277385028673
2020-08-05,0.0,0.0,0.0,0,0,0,0.00040703090436349193,0.004015277385028673
2020-08-06,0.0,0.0,0.0,0,0,0,0.00040703090436349193,0.004015277385028673
2020-08-07,0.0,0.0,0.0,0,0,0,0.00040703090436349193,0.004015277385028673
2020-08-10,0.0,0.0,0.0,0,0,0,0.00040703090436349193,0.004015277385028673
2020-08-11,0.0,0.0,0.0,0,0,0,0.00040703090436349193,0.004015277385028673
2020-08-12,0.0,0.0,0.0,0,0,0,0.00040703090436349193,0.004015277385028673
2020-08-13,0.0,0.0,0.0,0,0,0,0.00040703090436349193,0.004015277385028673
2020-08-14,0.0,0.0,0.0,0,0,0,0.00040703090436349193,0.004015277385028673
2020-08-17,0.0,0.0,0.0,0,0,0,0.00040703090436349193,0.004015277385028673
2020-08-18,0.0,0.0,0.0,0,0,0,0.00040703090436349193,0.004015277385028673
2020-08-19,0.0,0.0,0.0,0,0,0,0.00040703090436349193,0.004015277385028673
2020-08-20,0.0,0.0,0.0,0,0,0,0.00040703090436349193,0.004015277385028673
2020-08-21,0.0,0.0,0.0,0,0,0,0.00040703090436349193,0.004015277385028673
2020-08-24,0.0,0.0,0.0,0,0,0,0.00040703090436349193,0.004015277385028673
2020-08-25,0.0,0.0,0.0,0,0,0,0.00040703090436349193,0.004015277385028673
2020-08-26,0.0,0.0,0.0,0,0,0,0.00040703090436349193,0.004015277385028673
2020-08-27,0.0,0.0,0.0,0,0,0,0.00040703090436349193,0.004015277385028673
2020-08-28,0.0,0.0,0.0,0,0,0,0.00040703090436349193,0.004015277385028673
2020-08-31,0.0,0.0,0.0,0,0,0,0.00040703090436349193,0.004015277385028673
2020-09-01,0.0,0.0,0.0,0,0,0,0.00040703090436349193,0.004015277385028673
2020-09-02,0.0,0.0,0.0,0,0,0,0.00040703090436349193,0.004015277385028673
2020-09-03,0.0,0.0,0.0,0,0,0,0.00040703090436349193,0.004015277385028673
2020-09-04,0.0,0.0,0.0,0,0,0,0.00040703090436349193,0.004015277385028673
2020-09-07,0.0,0.0,0.0,0,0,0,0.00040703090436349193,0.004015277385028673
2020-09-08,0.0,0.0,0.0,0,0,0,0.00040703090436349193,0.004015277385028673
2020-09-09,0.0,0.0,0.0,0,0,0,0.00040703090436349193,0.004015277385028673
2020-09-10,0.0,0.0,0.0,0,0,0,0.00040703090436349193,0.004015277385028673
2020-09-11,0.0,0.0,0.0,0,0,0,0.00040703090436349193,0.004015277385028673
2020-09-14,0.0,0.0,0.0,0,0,0,0.00040703090436349193,0.004015277385028673
2020-09-15,0.0,0.0,0.0,0,0,0,0.00040703090436349193,0.004015277385028673
2020-09-16,0.0,0.0,0.0,0,0,0,0.00040703090436349193,0.004015277385028673
2020-09-17,0.0,0.0,0.0,0,0,0,0.00040703090436349193,0.004015277385028673
2020-09-18,0.0,0.0,0.0,0,0,0,0.00040703090436349193,0.004015277385028673
2020-09-21,0.0,0.0,0.0,0,0,0,0.00040703090436349193,0.004015277385028673
2020-09-22,0.0,0.0,0.0,0,0,0,0.00040703090436349193,0.004015277385028673
2020-09-23,0.0,0.0,0.0,0,0,0,0.00040703090436349193,0.004015277385028673
2020-09-24,0.0,0.0,0.0,0,0,0,0.00040703090436349193,0.004015277385028673
2020-09-25,0.0,0.0,0.0,0,0,0,0.00040703090436349193,0.004015277385028673
2020-09-28,0.0,0.0,0.0,0,0,0,0.00040703090436349193,0.004015277385028673
2020-09-29,0.0,0.0,0.0,0,0,0,0.00040703090436349193,0.004015277385028673
2020-09-30,0.0,0.0,0.0,0,0,0,0.00040703090436349193,0.004015277385028673
2020-10-01,0.0,0.0,0.0,0,0,0,0.00040703090436349193,0.004015277385028673
2020-10-02,0.0,0.0,0.0,0,0,0,0.00040703090436349193,0.004015277385028673
2020-10-05,0.0,0.0,0.0,0,0,0,0.00040703090436349193,0.004015277385028673
2020-10-06,0.0,0.0,0.0,0,0,0,0.00040703090436349193,0.004015277385028673
2020-10-07,0.0,0.0,0.0,0,0,0,0.00040703090436349193,0.004015277385028673
2020-10-08,0.0,0.0,0.0,0,0,0,0.00040703090436349193,0.004015277385028673
2020-10-09,0.0,0.0,0.0,0,0,0,0.00040703090436349193,0.004015277385028673
2020-10-12,0.0,0.0,0.0,0,0,0,0.00040703090436349193,0.004015277385028673
2020-10-13,0.0,0.0,0.0,0,0,0,0.00040703090436349193,0.004015277385028673
2020-10-14,0.0,0.0,0.0,0,0,0,0.00040703090436349193,0.004015277385028673
2020-10-15,0.0,0.0,0.0,0,0,0,0.00040703090436349193,0.004015277385028673
2020-10-16,0.0,0.0,0.0,0,0,0,0.00040703090436349193,0.004015277385028673
2020-10-19,0.0,0.0,0.0,0,0,0,0.00040703090436349193,0.004015277385028673
2020-10-20,0.0,0.0,0.0,0,0,0,0.00040703090436349193,0.004015277385028673
2020-10-21,0.0,0.0,0.0,0,0,0,0.00040703090436349193,0.004015277385028673
2020-10-22,0.0,0.0,0.0,0,0,0,0.00040703090436349193,0.004015277385028673
2020-10-23,0.0,0.0,0.0,0,0,0,0.00040703090436349193,0.004015277385028673
2020-10-26,0.0,0.0,0.0,0,0,0,0.00040703090436349193,0.004015277385028673
2020-10-27,0.0,0.0,0.0,0,0,0,0.00040703090436349193,0.004015277385028673
2020-10-28,0.0,0.0,0.0,0,0,0,0.00040703090436349193,0.004015277385028673
2020-10-29,0.0,0.0,0.0,0,0,0,0.00040703090436349193,0.004015277385028673
2020-10-30,0.0,0.0,0.0,0,0,0,0.00040703090436349193,0.004015277385028673
2020-11-02,0.0,0.0,0.0,0,0,0,0.00040703090436349193,0.004015277385028673
2020-11-03,0.0,0.0,0.0,0,0,0,0.00040703090436349193,0.004015277385028673
2020-11-04,0.0,0.0,0.0,0,0,0,0.00040703090436349193,0.004015277385028673
2020-11-05,0.0,0.0,0.0,0,0,0,0.00040703090436349193,0.004015277385028673
2020-11-06,0.0,0.0,0.0,0,0,0,0.00040703090436349193,0.004015277385028673
2020-11-09,0.0,0.0,0.0,0,0,0,0.00040703090436349193,0.004015277385028673
2020-11-10,0.0,0.0,0.0,0,0,0,0.00040703090436349193,0.004015277385028673
2020-11-11,0.0,0.0,0.0,0,0,0,0.00040703090436349193,0.004015277385028673
2020-11-12,0.0,0.0,0.0,0,0,0,0.00040703090436349193,0.004015277385028673
2020-11-13,0.0,0.0,0.0,0,0,0,0.00040703090436349193,0.004015277385028673
2020-11-16,0.0,0.0,0.0,0,0,0,0.00040703090436349193,0.004015277385028673
2020-11-17,0.0,0.0,0.0,0,0,0,0.00040703090436349193,0.004015277385028673
2020-11-18,0.0,0.0,0.0,0,0,0,0.00040703090436349193,0.004015277385028673
2020-11-19,0.0,0.0,0.0,0,0,0,0.00040703090436349193,0.004015277385028673
2020-11-20,0.0,0.0,0.0,0,0,0,0.00040703090436349193,0.004015277385028673
2020-11-23,0.0,0.0,0.0,0,0,0,0.00040703090436349193,0.004015277385028673
2020-11-24,0.0,0.0,0.0,0,0,0,0.00040703090436349193,0.004015277385028673
2020-11-25,0.0,0.0,0.0,0,0,0,0.00040703090436349193,0.004015277385028673
2020-11-26,0.0,0.0,0.0,0,0,0,0.00040703090436349193,0.004015277385028673
2020-11-27,0.0,0.0,0.0,0,0,0,0.00040703090436349193,0.004015277385028673
2020-11-30,0.0,0.0,0.0,0,0,0,0.00040703090436349193,0.004015277385028673
2020-12-01,0.0,0.0,0.0,0,0,0,0.00040703090436349193,0.004015277385028673
2020-12-02,0.0,0.0,0.0,0,0,0,0.00040703090436349193,0.004015277385028673
2020-12-03,0.0,0.0,0.0,0,0,0,0.00040703090436349193,0.004015277385028673
2020-12-04,0.0,0.0,0.0,0,0,0,0.00040703090436349193,0.004015277385028673
2020-12-07,0.0,0.0,0.0,0,0,0,0.00040703090436349193,0.004015277385028673
2020-12-08,0.0,0.0,0.0,0,0,0,0.00040703090436349193,0.004015277385028673
2020-12-09,0.0,0.0,0.0,0,0,0,0.00040703090436349193,0.004015277385028673
2020-12-10,0.0,0.0,0.0,0,0,0,0.00040703090436349193,0.004015277385028673
2020-12-11,0.0,0.0,0.0,0,0,0,0.00040703090436349193,0.004015277385028673
2020-12-14,0.0,0.0,0.0,0,0,0,0.00040703090436349193,0.004015277385028673
2020-12-15,0.0,0.0,0.0,0,0,0,0.00040703090436349193,0.004015277385028673
2020-12-16,0.0,0.0,0.0,0,0,0,0.00040703090436349193,0.004015277385028673
2020-12-17,0.0,0.0,0.0,0,0,0,0.00040703090436349193,0.004015277385028673
2020-12-18,0.0,0.0,0.0,0,0,0,0.00040703090436349193,0.004015277385028673
2020-12-21,0.0,0.0,0.0,0,0,0,0.00040703090436349193,0.004015277385028673
2020-12-22,0.0,0.0,0.0,0,0,0,0.00040703090436349193,0.004015277385028673
2020-12-23,0.0,0.0,0.0,0,0,0,0.00040703090436349193,0.004015277385028673
2020-12-24,0.0,0.0,0.0,0,0,0,0.00040703090436349193,0.004015277385028673
2020-12-25,0.0,0.0,0.0,0,0,0,0.00040703090436349193,0.004015277385028673
2020-12-28,0.0,0.0,0.0,0,0,0,0.00040703090436349193,0.004015277385028673
2020-12-29,0.0,0.0,0.0,0,0,0,0.00040703090436349193,0.004015277385028673
2020-12-30,0.0,0.0,0.0,0,0,0,0.00040703090436349193,0.004015277385028673
2020-12-31,0.0,0.0,0.0,0,0,0,0.00040703090436349193,0.004015277385028673
2021-01-01,0.0,0.0,0.0,0,0,0,0.00040703090436349193,0.004015277385028673
2021-01-04,0.0,0.0,0.0,0,0,0,0.00040703090436349193,0.004015277385028673
2021-01-05,0.0,0.0,0.0,0,0,0,0.00040703090436349193,0.004015277385028673
2021-01-06,0.0,0.0,0.0,0,0,0,0.00040703090436349193,0.004015277385028673
2021-01-07,0.0,0.0,0.0,0,0,0,0.00040703090436349193,0.004015277385028673
2021-01-08,0.0,0.0,0.0,0,0,0,0.00040703090436349193,0.004015277385028673
2021-01-11,0.0,0.0,0.0,0,0,0,0.00040703090436349193,0.004015277385028673
2021-01-12,0.0,0.0,0.0,0,0,0,0.00040703090436349193,0.004015277385028673
2021-01-13,0.0,0.0,0.0,0,0,0,0.00040703090436349193,0.004015277385028673
2021-01-14,0.0,0.0,0.0,0,0,0,0.00040703090436349193,0.004015277385028673
2021-01-15,0.0,0.0,0.0,0,0,0,0.00040703090436349193,0.004015277385028673
2021-01-18,0.0,0.0,0.0,0,0,0,0.00040703090436349193,0.004015277385028673
2021-01-19,0.0,0.0,0.0,0,0,0,0.00040703090436349193,0.004015277385028673
2021-01-20,0.0,0.0,0.0,0,0,0,0.00040703090436349193,0.004015277385028673
2021-01-21,0.0,0.0,0.0,0,0,0,0.00040703090436349193,0.004015277385028673
2021-01-22,0.0,0.0,0.0,0,0,0,0.00040703090436349193,0.004015277385028673
2021-01-25,0.0,0.0,0.0,0,0,0,0.00040703090436349193,0.004015277385028673
2021-01-26,0.0,0.0,0.0,0,0,0,0.00040703090436349193,0.004015277385028673
2021-01-27,0.0,0.0,0.0,0,0,0,0.00040703090436349193,0.004015277385028673
2021-01-28,0.0,0.0,0.0,0,0,0,0.00040703090436349193,0.004015277385028673
2021-01-29,0.0,0.0,0.0,0,0,0,0.00040703090436349193,0.004015277385028673
2021-02-01,0.0,0.0,0.0,0,0,0,0.00040703090436349193,0.004015277385028673
2021-02-02,0.0,0.0,0.0,0,0,0,0.00040703090436349193,0.004015277385028673
2021-02-03,0.0,0.0,0.0,0,0,0,0.00040703090436349193,0.004015277385028673
2021-02-04,0.0,0.0,0.0,0,0,0,0.00040703090436349193,0.004015277385028673
2021-02-05,0.0,0.0,0.0,0,0,0,0.00040703090436349193,0.004015277385028673
2021-02-08,0.0,0.0,0.0,0,0,0,0.00040703090436349193,0.004015277385028673
2021-02-09,0.0,0.0,0.0,0,0,0,0.00040703090436349193,0.004015277385028673
2021-02-10,0.0,0.0,0.0,0,0,0,0.00040703090436349193,0.004015277385028673
2021-02-11,0.0,0.0,0.0,0,0,0,0.00040703090436349193,0.004015277385028673
2021-02-12,0.0,0.0,0.0,0,0,0,0.00040703090436349193,0.004015277385028673
2021-02-15,0.0,0.0,0.0,0,0,0,0.00040703090436349193,0.004015277385028673
2021-02-16,0.0,0.0,0.0,0,0,0,0.00040703090436349193,0.004015277385028673
2021-02-17,0.0,0.0,0.0,0,0,0,0.00040703090436349193,0.004015277385028673
2021-02-18,0.0,0.0,0.0,0,0,0,0.00040703090436349193,0.004015277385028673
2021-02-19,0.0,0.0,0.0,0,0,0,0.00040703090436349193,0.004015277385028673
2021-02-22,0.0,0.0,0.0,0,0,0,0.00040703090436349193,0.004015277385028673
2021-02-23,0.0,0.0,0.0,0,0,0,0.00040703090436349193,0.004015277385028673
2021-02-24,0.0,0.0,0.0,0,0,0,0.00040703090436349193,0.004015277385028673
2021-02-25,0.0,0.0,0.0,0,0,0,0.00040703090436349193,0.004015277385028673
2021-02-26,0.0,0.0,0.0,0,0,0,0.00040703090436349193,0.004015277385028673
2021-03-01,0.0,0.0,0.0,0,0,0,0.00040703090436349193,0.004015277385028673
2021-03-02,0.0,0.0,0.0,0,0,0,0.00040703090436349193,0.004015277385028673
2021-03-03,0.0,0.0,0.0,0,0,0,0.00040703090436349193,0.004015277385028673
2021-03-04,0.0,0.0,0.0,0,0,0,0.00040703090436349193,0.004015277385028673
2021-03-05,0.0,0.0,0.0,0,0,0,0.00040703090436349193,0.004015277385028673
2021-03-08,0.0,0.0,0.0,0,0,0,0.00040703090436349193,0.004015277385028673
2021-03-09,0.0,0.0,0.0,0,0,0,0.00040703090436349193,0.004015277385028673
2021-03-10,0.0,0.0,0.0,0,0,0,0.00040703090436349193,0.004015277385028673
2021-03-11,0.0,0.0,0.0,0,0,0,0.00040703090436349193,0.004015277385028673
2021-03-12,0.0,0.0,0.0,0,0,0,0.00040703090436349193,0.004015277385028673
2021-03-15,0.0,0.0,0.0,0,0,0,0.00040703090436349193,0.004015277385028673
2021-03-16,0.0,0.0,0.0,0,0,0,0.00040703090436349193,0.004015277385028673
2021-03-17,0.0,0.0,0.0,0,0,0,0.00040703090436349193,0.004015277385028673
2021-03-18,0.0,0.0,0.0,0,0,0,0.00040703090436349193,0.004015277385028673
2021-03-19,0.0,0.0,0.0,0,0,0,0.00040703090436349193,0.004015277385028673
2021-03-22,0.0,0.0,0.0,0,0,0,0.00040703090436349193,0.004015277385028673
2021-03-23,0.0,0.0,0.0,0,0,0,0.00040703090436349193,0.004015277385028673
2021-03-24,0.0,0.0,0.0,0,0,0,0.00040703090436349193,0.004015277385028673
2021-03-25,0.0,0.0,0.0,0,0,0,0.00040703090436349193,0.004015277385028673
2021-03-26,0.0,0.0,0.0,0,0,0,0.00040703090436349193,0.004015277385028673
2021-03-29,0.0,0.0,0.0,0,0,0,0.00040703090436349193,0.004015277385028673
2021-03-30,0.0,0.0,0.0,0,0,0,0.00040703090436349193,0.004015277385028673
2021-03-31,0.0,0.0,0.0,0,0,0,0.00040703090436349193,0.004015277385028673
2021-04-01,0.0,0.0,0.0,0,0,0,0.00040703090436349193,0.004015277385028673
2021-04-02,0.0,0.0,0.0,0,0,0,0.00040703090436349193,0.004015277385028673
2021-04-05,0.0,0.0,0.0,0,0,0,0.00040703090436349193,0.004015277385028673
2021-04-06,0.0,0.0,0.0,0,0,0,0.00040703090436349193,0.004015277385028673
2021-04-07,0.0,0.0,0.0,0,0,0,0.00040703090436349193,0.004015277385028673
2021-04-08,0.0,0.0,0.0,0,0,0,0.00040703090436349193,0.004015277385028673
2021-04-09,0.0,0.0,0.0,0,0,0,0.00040703090436349193,0.004015277385028673
2021-04-12,0.0,0.0,0.0,0,0,0,0.00040703090436349193,0.004015277385028673
2021-04-13,0.0,0.0,0.0,0,0,0,0.00040703090436349193,0.004015277385028673
2021-04-14,0.0,0.0,0.0,0,0,0,0.00040703090436349193,0.004015277385028673
2021-04-15,0.0,0.0,0.0,0,0,0,0.00040703090436349193,0.004015277385028673
2021-04-16,0.0,0.0,0.0,0,0,0,0.00040703090436349193,0.004015277385028673
2021-04-19,0.0,0.0,0.0,0,0,0,0.00040703090436349193,0.004015277385028673
2021-04-20,0.0,0.0,0.0,0,0,0,0.00040703090436349193,0.004015277385028673
2021-04-21,0.0,0.0,0.0,0,0,0,0.00040703090436349193,0.004015277385028673
2021-04-22,0.0,0.0,0.0,0,0,0,0.00040703090436349193,0.004015277385028673
2021-04-23,0.0,0.0,0.0,0,0,0,0.00040703090436349193,0.004015277385028673
2021-04-26,0.0,0.0,0.0,0,0,0,0.00040703090436349193,0.004015277385028673
2021-04-27,0.0,0.0,0.0,0,0,0,0.00040703090436349193,0.004015277385028673
2021-04-28,0.0,0.0,0.0,0,0,0,0.00040703090436349193,0.004015277385028673
2021-04-29,0.0,0.0,0.0,0,0,0,0.00040703090436349193,0.004015277385028673
2021-04-30,0.0,0.0,0.0,0,0,0,0.00040703090436349193,0.004015277385028673
2021-05-03,0.0,0.0,0.0,0,0,0,0.00040703090436349193,0.004015277385028673
2021-05-04,0.0,0.0,0.0,0,0,0,0.00040703090436349193,0.004015277385028673
2021-05-05,0.0,0.0,0.0,0,0,0,0.00040703090436349193,0.004015277385028673
2021-05-06,0.0,0.0,0.0,0,0,0,0.00040703090436349193,0.004015277385028673
2021-05-07,0.0,0.0,0.0,0,0,0,0.00040703090436349193,0.004015277385028673
2021-05-10,0.0,0.0,0.0,0,0,0,0.00040703090436349193,0.004015277385028673
2021-05-11,0.0,0.0,0.0,0,0,0,0.00040703090436349193,0.004015277385028673
2021-05-12,0.0,0.0,0.0,0,0,0,0.00040703090436349193,0.004015277385028673
2021-05-13,0.0,0.0,0.0,0,0,0,0.00040703090436349193,0.004015277385028673
2021-05-14,0.0,0.0,0.0,0,0,0,0.00040703090436349193,0.004015277385028673
2021-05-17,0.0,0.0,0.0,0,0,0,0.00040703090436349193,0.004015277385028673
2021-05-18,0.0,0.0,0.0,0,0,0,0.00040703090436349193,0.004015277385028673
2021-05-19,0.0,0.0,0.0,0,0,0,0.00040703090436349193,0.004015277385028673
2021-05-20,0.0,0.0,0.0,0,0,0,0.00040703090436349193,0.004015277385028673
2021-05-21,0.0,0.0,0.0,0,0,0,0.00040703090436349193,0.004015277385028673
2021-05-24,0.0,0.0,0.0,0,0,0,0.00040703090436349193,0.004015277385028673
2021-05-25,0.0,0.0,0.0,0,0,0,0.00040703090436349193,0.004015277385028673
2021-05-26,0.0,0.0,0.0,0,0,0,0.00040703090436349193,0.004015277385028673
2021-05-27,0.0,0.0,0.0,0,0,0,0.00040703090436349193,0.004015277385028673
2021-05-28,0.0,0.0,0.0,0,0,0,0.00040703090436349193,0.004015277385028673
2021-05-31,0.0,0.0,0.0,0,0,0,0.00040703090436349193,0.004015277385028673
2021-06-01,0.0,0.0,0.0,0,0,0,0.00040703090436349193,0.004015277385028673
2021-06-02,0.0,0.0,0.0,0,0,0,0.00040703090436349193,0.004015277385028673
2021-06-03,0.0,0.0,0.0,0,0,0,0.00040703090436349193,0.004015277385028673
2021-06-04,0.0,0.0,0.0,0,0,0,0.00040703090436349193,0.004015277385028673
2021-06-07,0.0,0.0,0.0,0,0,0,0.00040703090436349193,0.004015277385028673
2021-06-08,0.0,0.0,0.0,0,0,0,0.00040703090436349193,0.004015277385028673
2021-06-09,0.0,0.0,0.0,0,0,0,0.00040703090436349193,0.004015277385028673
2021-06-10,0.0,0.0,0.0,0,0,0,0.00040703090436349193,0.004015277385028673
2021-06-11,0.0,0.0,0.0,0,0,0,0.00040703090436349193,0.004015277385028673
2021-06-14,0.0,0.0,0.0,0,0,0,0.00040703090436349193,0.004015277385028673
2021-06-15,0.0,0.0,0.0,0,0,0,0.00040703090436349193,0.004015277385028673
2021-06-16,0.0,0.0,0.0,0,0,0,0.00040703090436349193,0.004015277385028673
2021-06-17,0.0,0.0,0.0,0,0,0,0.00040703090436349193,0.004015277385028673
2021-06-18,0.0,0.0,0.0,0,0,0,0.00040703090436349193,0.004015277385028673
2021-06-21,0.0,0.0,0.0,0,0,0,0.00040703090436349193,0.004015277385028673
2021-06-22,0.0,0.0,0.0,0,0,0,0.00040703090436349193,0.004015277385028673
2021-06-23,0.0,0.0,0.0,0,0,0,0.00040703090436349193,0.004015277385028673
2021-06-24,0.0,0.0,0.0,0,0,0,0.00040703090436349193,0.004015277385028673
2021-06-25,0.0,0.0,0.0,0,0,0,0.00040703090436349193,0.004015277385028673
2021-06-28,0.0,0.0,0.0,0,0,0,0.00040703090436349193,0.004015277385028673
2021-06-29,0.0,0.0,0.0,0,0,0,0.00040703090436349193,0.004015277385028673
2021-06-30,0.0,0.0,0.0,0,0,0,0.00040703090436349193,0.004015277385028673
2021-07-01,0.0,0.0,0.0,0,0,0,0.00040703090436349193,0.004015277385028673
2021-07-02,0.0,0.0,0.0,0,0,0,0.00040703090436349193,0.004015277385028673
2021-07-05,0.0,0.0,0.0,0,0,0,0.00040703090436349193,0.004015277385028673
2021-07-06,0.0,0.0,0.0,0,0,0,0.00040703090436349193,0.004015277385028673
2021-07-07,0.0,0.0,0.0,0,0,0,0.00040703090436349193,0.004015277385028673
2021-07-08,0.0,0.0,0.0,0,0,0,0.00040703090436349193,0.004015277385028673
2021-07-09,0.0,0.0,0.0,0,0,0,0.00040703090436349193,0.004015277385028673
2021-07-12,0.0,0.0,0.0,0,0,0,0.00040703090436349193,0.004015277385028673
2021-07-13,0.0,0.0,0.0,0,0,0,0.00040703090436349193,0.004015277385028673
2021-07-14,0.0,0.0,0.0,0,0,0,0.00040703090436349193,0.004015277385028673
2021-07-15,0.0,0.0,0.0,0,0,0,0.00040703090436349193,0.004015277385028673
2021-07-16,0.0,0.0,0.0,0,0,0,0.00040703090436349193,0.004015277385028673
2021-07-19,0.0,0.0,0.0,0,0,0,0.00040703090436349193,0.004015277385028673
2021-07-20,0.0,0.0,0.0,0,0,0,0.00040703090436349193,0.004015277385028673
2021-07-21,0.0,0.0,0.0,0,0,0,0.00040703090436349193,0.004015277385028673
2021-07-22,0.0,0.0,0.0,0,0,0,0.00040703090436349193,0.004015277385028673
2021-07-23,0.0,0.0,0.0,0,0,0,0.00040703090436349193,0.004015277385028673
2021-07-26,0.0,0.0,0.0,0,0,0,0.00040703090436349193,0.004015277385028673
2021-07-27,0.0,0.0,0.0,0,0,0,0.00040703090436349193,0.004015277385028673
2021-07-28,0.0,0.0,0.0,0,0,0,0.00040703090436349193,0.004015277385028673
2021-07-29,0.0,0.0,0.0,0,0,0,0.00040703090436349193,0.004015277385028673
2021-07-30,0.0,0.0,0.0,0,0,0,0.00040703090436349193,0.004015277385028673
2021-08-02,0.0,0.0,0.0,0,0,0,0.00040703090436349193,0.004015277385028673
2021-08-03,0.0,0.0,0.0,0,0,0,0.00040703090436349193,0.004015277385028673
2021-08-04,0.0,0.0,0.0,0,0,0,0.00040703090436349193,0.004015277385028673
2021-08-05,0.0,0.0,0.0,0,0,0,0.00040703090436349193,0.004015277385028673
2021-08-06,0.0,0.0,0.0,0,0,0,0.00040703090436349193,0.004015277385028673
2021-08-09,0.0,0.0,0.0,0,0,0,0.00040703090436349193,0.004015277385028673
2021-08-10,0.0,0.0,0.0,0,0,0,0.00040703090436349193,0.004015277385028673
2021-08-11,0.0,0.0,0.0,0,0,0,0.00040703090436349193,0.004015277385028673
2021-08-12,0.0,0.0,0.0,0,0,0,0.00040703090436349193,0.004015277385028673
2021-08-13,0.0,0.0,0.0,0,0,0,0.00040703090436349193,0.004015277385028673
2021-08-16,0.0,0.0,0.0,0,0,0,0.00040703090436349193,0.004015277385028673
2021-08-17,0.0,0.0,0.0,0,0,0,0.00040703090436349193,0.004015277385028673
2021-08-18,0.0,0.0,0.0,0,0,0,0.00040703090436349193,0.004015277385028673
2021-08-19,0.0,0.0,0.0,0,0,0,0.00040703090436349193,0.004015277385028673
2021-08-20,0.0,0.0,0.0,0,0,0,0.00040703090436349193,0.004015277385028673
2021-08-23,0.0,0.0,0.0,0,0,0,0.00040703090436349193,0.004015277385028673
2021-08-24,0.0,0.0,0.0,0,0,0,0.00040703090436349193,0.004015277385028673
2021-08-25,0.0,0.0,0.0,0,0,0,0.00040703090436349193,0.004015277385028673
2021-08-26,0.0,0.0,0.0,0,0,0,0.00040703090436349193,0.004015277385028673
2021-08-27,0.0,0.0,0.0,0,0,0,0.00040703090436349193,0.004015277385028673
2021-08-30,0.0,0.0,0.0,0,0,0,0.00040703090436349193,0.004015277385028673
2021-08-31,0.0,0.0,0.0,0,0,0,0.00040703090436349193,0.004015277385028673
2021-09-01,0.0,0.0,0.0,0,0,0,0.00040703090436349193,0.004015277385028673
2021-09-02,0.0,0.0,0.0,0,0,0,0.00040703090436349193,0.004015277385028673
2021-09-03,0.0,0.0,0.0,0,0,0,0.00040703090436349193,0.004015277385028673
2021-09-06,0.0,0.0,0.0,0,0,0,0.00040703090436349193,0.004015277385028673
2021-09-07,0.0,0.0,0.0,0,0,0,0.00040703090436349193,0.004015277385028673
2021-09-08,0.0,0.0,0.0,0,0,0,0.00040703090436349193,0.004015277385028673
2021-09-09,0.0,0.0,0.0,0,0,0,0.00040703090436349193,0.004015277385028673
2021-09-10,0.0,0.0,0.0,0,0,0,0.00040703090436349193,0.004015277385028673
2021-09-13,0.0,0.0,0.0,0,0,0,0.00040703090436349193,0.004015277385028673
2021-09-14,0.0,0.0,0.0,0,0,0,0.00040703090436349193,0.004015277385028673
2021-09-15,0.0,0.0,0.0,0,0,0,0.00040703090436349193,0.004015277385028673
2021-09-16,0.0,0.0,0.0,0,0,0,0.00040703090436349193,0.004015277385028673
2021-09-17,0.0,0.0,0.0,0,0,0,0.00040703090436349193,0.004015277385028673
2021-09-20,0.0,0.0,0.0,0,0,0,0.00040703090436349193,0.004015277385028673
2021-09-21,0.0,0.0,0.0,0,0,0,0.00040703090436349193,0.004015277385028673
2021-09-22,0.0,0.0,0.0,0,0,0,0.00040703090436349193,0.004015277385028673
2021-09-23,0.0,0.0,0.0,0,0,0,0.00040703090436349193,0.004015277385028673
2021-09-24,0.0,0.0,0.0,0,0,0,0.00040703090436349193,0.004015277385028673
2021-09-27,0.0,0.0,0.0,0,0,0,0.00040703090436349193,0.004015277385028673
2021-09-28,0.0,0.0,0.0,0,0,0,0.00040703090436349193,0.004015277385028673
2021-09-29,0.0,0.0,0.0,0,0,0,0.00040703090436349193,0.004015277385028673
2021-09-30,0.0,0.0,0.0,0,0,0,0.00040703090436349193,0.004015277385028673
2021-10-01,0.0,0.0,0.0,0,0,0,0.00040703090436349193,0.004015277385028673
2021-10-04,0.0,0.0,0.0,0,0,0,0.00040703090436349193,0.004015277385028673
2021-10-05,0.0,0.0,0.0,0,0,0,0.00040703090436349193,0.004015277385028673
2021-10-06,0.0,0.0,0.0,0,0,0,0.00040703090436349193,0.004015277385028673
2021-10-07,0.0,0.0,0.0,0,0,0,0.00040703090436349193,0.004015277385028673
2021-10-08,0.0,0.0,0.0,0,0,0,0.00040703090436349193,0.004015277385028673
2021-10-11,0.0,0.0,0.0,0,0,0,0.00040703090436349193,0.004015277385028673
2021-10-12,0.0,0.0,0.0,0,0,0,0.00040703090436349193,0.004015277385028673
2021-10-13,0.0,0.0,0.0,0,0,0,0.00040703090436349193,0.004015277385028673
2021-10-14,0.0,0.0,0.0,0,0,0,0.00040703090436349193,0.004015277385028673
2021-10-15,0.0,0.0,0.0,0,0,0,0.00040703090436349193,0.004015277385028673
2021-10-18,0.0,0.0,0.0,0,0,0,0.00040703090436349193,0.004015277385028673
2021-10-19,0.0,0.0,0.0,0,0,0,0.00040703090436349193,0.004015277385028673
2021-10-20,0.0,0.0,0.0,0,0,0,0.00040703090436349193,0.004015277385028673
2021-10-21,0.0,0.0,0.0,0,0,0,0.00040703090436349193,0.004015277385028673
2021-10-22,0.0,0.0,0.0,0,0,0,0.00040703090436349193,0.004015277385028673
2021-10-25,0.0,0.0,0.0,0,0,0,0.00040703090436349193,0.004015277385028673
2021-10-26,0.0,0.0,0.0,0,0,0,0.00040703090436349193,0.004015277385028673
2021-10-27,0.0,0.0,0.0,0,0,0,0.00040703090436349193,0.004015277385028673
2021-10-28,0.0,0.0,0.0,0,0,0,0.00040703090436349193,0.004015277385028673
2021-10-29,0.0,0.0,0.0,0,0,0,0.00040703090436349193,0.004015277385028673
2021-11-01,0.0,0.0,0.0,0,0,0,0.00040703090436349193,0.004015277385028673
2021-11-02,0.0,0.0,0.0,0,0,0,0.00040703090436349193,0.004015277385028673
2021-11-03,0.0,0.0,0.0,0,0,0,0.00040703090436349193,0.004015277385028673
2021-11-04,0.0,0.0,0.0,0,0,0,0.00040703090436349193,0.004015277385028673
2021-11-05,0.0,0.0,0.0,0,0,0,0.00040703090436349193,0.004015277385028673
2021-11-08,0.0,0.0,0.0,0,0,0,0.00040703090436349193,0.004015277385028673
2021-11-09,0.0,0.0,0.0,0,0,0,0.00040703090436349193,0.004015277385028673
2021-11-10,0.0,0.0,0.0,0,0,0,0.00040703090436349193,0.004015277385028673
2021-11-11,0.0,0.0,0.0,0,0,0,0.00040703090436349193,0.004015277385028673
2021-11-12,0.0,0.0,0.0,0,0,0,0.00040703090436349193,0.004015277385028673
2021-11-15,0.0,0.0,0.0,0,0,0,0.00040703090436349193,0.004015277385028673
2021-11-16,0.0,0.0,0.0,0,0,0,0.00040703090436349193,0.004015277385028673
2021-11-17,0.0,0.0,0.0,0,0,0,0.00040703090436349193,0.004015277385028673
2021-11-18,0.0,0.0,0.0,0,0,0,0.00040703090436349193,0.004015277385028673
2021-11-19,0.0,0.0,0.0,0,0,0,0.00040703090436349193,0.004015277385028673
2021-11-22,0.0,0.0,0.0,0,0,0,0.00040703090436349193,0.004015277385028673
2021-11-23,0.0,0.0,0.0,0,0,0,0.00040703090436349193,0.004015277385028673
2021-11-24,0.0,0.0,0.0,0,0,0,0.00040703090436349193,0.004015277385028673
2021-11-25,0.0,0.0,0.0,0,0,0,0.00040703090436349193,0.004015277385028673
2021-11-26,0.0,0.0,0.0,0,0,0,0.00040703090436349193,0.004015277385028673
2021-11-29,0.0,0.0,0.0,0,0,0,0.00040703090436349193,0.004015277385028673
2021-11-30,0.0,0.0,0.0,0,0,0,0.00040703090436349193,0.004015277385028673
2021-12-01,0.0,0.0,0.0,0,0,0,0.00040703090436349193,0.004015277385028673
2021-12-02,0.0,0.0,0.0,0,0,0,0.00040703090436349193,0.004015277385028673
2021-12-03,0.0,0.0,0.0,0,0,0,0.00040703090436349193,0.004015277385028673
2021-12-06,0.0,0.0,0.0,0,0,0,0.00040703090436349193,0.004015277385028673
2021-12-07,0.0,0.0,0.0,0,0,0,0.00040703090436349193,0.004015277385028673
2021-12-08,0.0,0.0,0.0,0,0,0,0.00040703090436349193,0.004015277385028673
2021-12-09,0.0,0.0,0.0,0,0,0,0.00040703090436349193,0.004015277385028673
2021-12-10,0.0,0.0,0.0,0,0,0,0.00040703090436349193,0.004015277385028673
2021-12-13,0.0,0.0,0.0,0,0,0,0.00040703090436349193,0.004015277385028673
2021-12-14,0.0,0.0,0.0,0,0,0,0.00040703090436349193,0.004015277385028673
2021-12-15,0.0,0.0,0.0,0,0,0,0.00040703090436349193,0.004015277385028673
2021-12-16,0.0,0.0,0.0,0,0,0,0.00040703090436349193,0.004015277385028673
2021-12-17,0.0,0.0,0.0,0,0,0,0.00040703090436349193,0.004015277385028673
2021-12-20,0.0,0.0,0.0,0,0,0,0.00040703090436349193,0.004015277385028673
2021-12-21,0.0,0.0,0.0,0,0,0,0.00040703090436349193,0.004015277385028673
2021-12-22,0.0,0.0,0.0,0,0,0,0.00040703090436349193,0.004015277385028673
2021-12-23,0.0,0.0,0.0,0,0,0,0.00040703090436349193,0.004015277385028673
2021-12-24,0.0,0.0,0.0,0,0,0,0.00040703090436349193,0.004015277385028673
2021-12-27,0.0,0.0,0.0,0,0,0,0.00040703090436349193,0.004015277385028673
2021-12-28,0.0,0.0,0.0,0,0,0,0.00040703090436349193,0.004015277385028673
2021-12-29,0.0,0.0,0.0,0,0,0,0.00040703090436349193,0.004015277385028673
2021-12-30,0.0,0.0,0.0,0,0,0,0.00040703090436349193,0.004015277385028673
2021-12-31,0.0,0.0,0.0,0,0,0,0.00040703090436349193,0.004015277385028673
2022-01-03,0.0,0.0,0.0,0,0,0,0.00040703090436349193,0.004015277385028673
2022-01-04,0.0,0.0,0.0,0,0,0,0.00040703090436349193,0.004015277385028673
2022-01-05,0.0,0.0,0.0,0,0,0,0.00040703090436349193,0.004015277385028673
2022-01-06,0.0,0.0,0.0,0,0,0,0.00040703090436349193,0.004015277385028673
2022-01-07,0.0,0.0,0.0,0,0,0,0.00040703090436349193,0.004015277385028673
2022-01-10,0.0,0.0,0.0,0,0,0,0.00040703090436349193,0.004015277385028673
2022-01-11,0.0,0.0,0.0,0,0,0,0.00040703090436349193,0.004015277385028673
2022-01-12,0.0,0.0,0.0,0,0,0,0.00040703090436349193,0.004015277385028673
2022-01-13,0.0,0.0,0.0,0,0,0,0.00040703090436349193,0.004015277385028673
2022-01-14,0.0,0.0,0.0,0,0,0,0.00040703090436349193,0.004015277385028673
2022-01-17,0.0,0.0,0.0,0,0,0,0.00040703090436349193,0.004015277385028673
2022-01-18,0.0,0.0,0.0,0,0,0,0.00040703090436349193,0.004015277385028673
2022-01-19,0.0,0.0,0.0,0,0,0,0.00040703090436349193,0.004015277385028673
2022-01-20,0.0,0.0,0.0,0,0,0,0.00040703090436349193,0.004015277385028673
2022-01-21,0.0,0.0,0.0,0,0,0,0.00040703090436349193,0.004015277385028673
2022-01-24,0.0,0.0,0.0,0,0,0,0.00040703090436349193,0.004015277385028673
2022-01-25,0.0,0.0,0.0,0,0,0,0.00040703090436349193,0.004015277385028673
2022-01-26,0.0,0.0,0.0,0,0,0,0.00040703090436349193,0.004015277385028673
2022-01-27,0.0,0.0,0.0,0,0,0,0.00040703090436349193,0.004015277385028673
2022-01-28,0.0,0.0,0.0,0,0,0,0.00040703090436349193,0.004015277385028673
2022-01-31,0.0,0.0,0.0,0,0,0,0.00040703090436349193,0.004015277385028673
2022-02-01,0.0,0.0,0.0,0,0,0,0.00040703090436349193,0.004015277385028673
2022-02-02,0.0,0.0,0.0,0,0,0,0.00040703090436349193,0.004015277385028673
2022-02-03,0.0,0.0,0.0,0,0,0,0.00040703090436349193,0.004015277385028673
2022-02-04,0.0,0.0,0.0,0,0,0,0.00040703090436349193,0.004015277385028673
2022-02-07,0.0,0.0,0.0,0,0,0,0.00040703090436349193,0.004015277385028673
2022-02-08,0.0,0.0,0.0,0,0,0,0.00040703090436349193,0.004015277385028673
2022-02-09,0.0,0.0,0.0,0,0,0,0.00040703090436349193,0.004015277385028673
2022-02-10,0.0,0.0,0.0,0,0,0,0.00040703090436349193,0.004015277385028673
2022-02-11,0.0,0.0,0.0,0,0,0,0.00040703090436349193,0.004015277385028673
2022-02-14,0.0,0.0,0.0,0,0,0,0.00040703090436349193,0.004015277385028673
2022-02-15,0.0,0.0,0.0,0,0,0,0.00040703090436349193,0.004015277385028673
2022-02-16,0.0,0.0,0.0,0,0,0,0.00040703090436349193,0.004015277385028673
2022-02-17,0.0,0.0,0.0,0,0,0,0.00040703090436349193,0.004015277385028673
2022-02-18,0.0,0.0,0.0,0,0,0,0.00040703090436349193,0.004015277385028673
2022-02-21,0.0,0.0,0.0,0,0,0,0.00040703090436349193,0.004015277385028673
2022-02-22,0.0,0.0,0.0,0,0,0,0.00040703090436349193,0.004015277385028673
2022-02-23,0.0,0.0,0.0,0,0,0,0.00040703090436349193,0.004015277385028673
2022-02-24,0.0,0.0,0.0,0,0,0,0.00040703090436349193,0.004015277385028673
2022-02-25,0.0,0.0,0.0,0,0,0,0.00040703090436349193,0.004015277385028673
2022-02-28,0.0,0.0,0.0,0,0,0,0.00040703090436349193,0.004015277385028673
2022-03-01,0.0,0.0,0.0,0,0,0,0.00040703090436349193,0.004015277385028673
2022-03-02,0.0,0.0,0.0,0,0,0,0.00040703090436349193,0.004015277385028673
2022-03-03,0.0,0.0,0.0,0,0,0,0.00040703090436349193,0.004015277385028673
2022-03-04,0.0,0.0,0.0,0,0,0,0.00040703090436349193,0.004015277385028673
2022-03-07,0.0,0.0,0.0,0,0,0,0.00040703090436349193,0.004015277385028673
2022-03-08,0.0,0.0,0.0,0,0,0,0.00040703090436349193,0.004015277385028673
2022-03-09,0.0,0.0,0.0,0,0,0,0.00040703090436349193,0.004015277385028673
2022-03-10,0.0,0.0,0.0,0,0,0,0.00040703090436349193,0.004015277385028673
2022-03-11,0.0,0.0,0.0,0,0,0,0.00040703090436349193,0.004015277385028673
2022-03-14,0.0,0.0,0.0,0,0,0,0.00040703090436349193,0.004015277385028673
2022-03-15,0.0,0.0,0.0,0,0,0,0.00040703090436349193,0.004015277385028673
2022-03-16,0.0,0.0,0.0,0,0,0,0.00040703090436349193,0.004015277385028673
2022-03-17,0.0,0.0,0.0,0,0,0,0.00040703090436349193,0.004015277385028673
2022-03-18,0.0,0.0,0.0,0,0,0,0.00040703090436349193,0.004015277385028673
2022-03-21,0.0,0.0,0.0,0,0,0,0.00040703090436349193,0.004015277385028673
2022-03-22,0.0,0.0,0.0,0,0,0,0.00040703090436349193,0.004015277385028673
2022-03-23,0.0,0.0,0.0,0,0,0,0.00040703090436349193,0.004015277385028673
2022-03-24,0.0,0.0,0.0,0,0,0,0.00040703090436349193,0.004015277385028673
2022-03-25,0.0,0.0,0.0,0,0,0,0.00040703090436349193,0.004015277385028673
2022-03-28,0.0,0.0,0.0,0,0,0,0.00040703090436349193,0.004015277385028673
2022-03-29,0.0,0.0,0.0,0,0,0,0.00040703090436349193,0.004015277385028673
2022-03-30,0.0,0.0,0.0,0,0,0,0.00040703090436349193,0.004015277385028673
2022-03-31,0.0,0.0,0.0,0,0,0,0.00040703090436349193,0.004015277385028673
2022-04-01,0.0,0.0,0.0,0,0,0,0.00040703090436349193,0.004015277385028673
2022-04-04,0.0,0.0,0.0,0,0,0,0.00040703090436349193,0.004015277385028673
2022-04-05,0.0,0.0,0.0,0,0,0,0.00040703090436349193,0.004015277385028673
2022-04-06,0.0,0.0,0.0,0,0,0,0.00040703090436349193,0.004015277385028673
2022-04-07,0.0,0.0,0.0,0,0,0,0.00040703090436349193,0.004015277385028673
2022-04-08,0.0,0.0,0.0,0,0,0,0.00040703090436349193,0.004015277385028673
2022-04-11,0.0,0.0,0.0,0,0,0,0.00040703090436349193,0.004015277385028673
2022-04-12,0.0,0.0,0.0,0,0,0,0.00040703090436349193,0.004015277385028673
2022-04-13,0.0,0.0,0.0,0,0,0,0.00040703090436349193,0.004015277385028673
2022-04-14,0.0,0.0,0.0,0,0,0,0.00040703090436349193,0.004015277385028673
2022-04-15,0.0,0.0,0.0,0,0,0,0.00040703090436349193,0.004015277385028673
2022-04-18,0.0,0.0,0.0,0,0,0,0.00040703090436349193,0.004015277385028673
2022-04-19,0.0,0.0,0.0,0,0,0,0.00040703090436349193,0.004015277385028673
2022-04-20,0.0,0.0,0.0,0,0,0,0.00040703090436349193,0.004015277385028673
2022-04-21,0.0,0.0,0.0,0,0,0,0.00040703090436349193,0.004015277385028673
2022-04-22,0.0,0.0,0.0,0,0,0,0.00040703090436349193,0.004015277385028673
2022-04-25,0.0,0.0,0.0,0,0,0,0.00040703090436349193,0.004015277385028673
2022-04-26,0.0,0.0,0.0,0,0,0,0.00040703090436349193,0.004015277385028673
2022-04-27,0.0,0.0,0.0,0,0,0,0.00040703090436349193,0.004015277385028673
2022-04-28,0.0,0.0,0.0,0,0,0,0.00040703090436349193,0.004015277385028673
2022-04-29,0.0,0.0,0.0,0,0,0,0.00040703090436349193,0.004015277385028673
2022-05-02,0.0,0.0,0.0,0,0,0,0.00040703090436349193,0.004015277385028673
2022-05-03,0.0,0.0,0.0,0,0,0,0.00040703090436349193,0.004015277385028673
2022-05-04,0.0,0.0,0.0,0,0,0,0.00040703090436349193,0.004015277385028673
2022-05-05,0.0,0.0,0.0,0,0,0,0.00040703090436349193,0.004015277385028673
2022-05-06,0.0,0.0,0.0,0,0,0,0.00040703090436349193,0.004015277385028673
2022-05-09,0.0,0.0,0.0,0,0,0,0.00040703090436349193,0.004015277385028673
2022-05-10,0.0,0.0,0.0,0,0,0,0.00040703090436349193,0.004015277385028673
2022-05-11,0.0,0.0,0.0,0,0,0,0.00040703090436349193,0.004015277385028673
2022-05-12,0.0,0.0,0.0,0,0,0,0.00040703090436349193,0.004015277385028673
2022-05-13,0.0,0.0,0.0,0,0,0,0.00040703090436349193,0.004015277385028673
2022-05-16,0.0,0.0,0.0,0,0,0,0.00040703090436349193,0.004015277385028673
2022-05-17,0.0,0.0,0.0,0,0,0,0.00040703090436349193,0.004015277385028673
2022-05-18,0.0,0.0,0.0,0,0,0,0.00040703090436349193,0.004015277385028673
2022-05-19,0.0,0.0,0.0,0,0,0,0.00040703090436349193,0.004015277385028673
2022-05-20,0.0,0.0,0.0,0,0,0,0.00040703090436349193,0.004015277385028673
2022-05-23,0.0,0.0,0.0,0,0,0,0.00040703090436349193,0.004015277385028673
2022-05-24,0.0,0.0,0.0,0,0,0,0.00040703090436349193,0.004015277385028673
2022-05-25,0.0,0.0,0.0,0,0,0,0.00040703090436349193,0.004015277385028673
2022-05-26,0.0,0.0,0.0,0,0,0,0.00040703090436349193,0.004015277385028673
2022-05-27,0.0,0.0,0.0,0,0,0,0.00040703090436349193,0.004015277385028673
2022-05-30,0.0,0.0,0.0,0,0,0,0.00040703090436349193,0.004015277385028673
2022-05-31,0.0,0.0,0.0,0,0,0,0.00040703090436349193,0.004015277385028673
2022-06-01,0.0,0.0,0.0,0,0,0,0.00040703090436349193,0.004015277385028673
2022-06-02,0.0,0.0,0.0,0,0,0,0.00040703090436349193,0.004015277385028673
2022-06-03,0.0,0.0,0.0,0,0,0,0.00040703090436349193,0.004015277385028673
2022-06-06,0.0,0.0,0.0,0,0,0,0.00040703090436349193,0.004015277385028673
2022-06-07,0.0,0.0,0.0,0,0,0,0.00040703090436349193,0.004015277385028673
2022-06-08,0.0,0.0,0.0,0,0,0,0.00040703090436349193,0.004015277385028673
2022-06-09,0.0,0.0,0.0,0,0,0,0.00040703090436349193,0.004015277385028673
2022-06-10,0.0,0.0,0.0,0,0,0,0.00040703090436349193,0.004015277385028673
2022-06-13,0.0,0.0,0.0,0,0,0,0.00040703090436349193,0.004015277385028673
2022-06-14,0.0,0.0,0.0,0,0,0,0.00040703090436349193,0.004015277385028673
2022-06-15,0.0,0.0,0.0,0,0,0,0.00040703090436349193,0.004015277385028673
2022-06-16,0.0,0.0,0.0,0,0,0,0.00040703090436349193,0.004015277385028673
2022-06-17,0.0,0.0,0.0,0,0,0,0.00040703090436349193,0.004015277385028673
2022-06-20,0.0,0.0,0.0,0,0,0,0.00040703090436349193,0.004015277385028673
2022-06-21,0.0,0.0,0.0,0,0,0,0.00040703090436349193,0.004015277385028673
2022-06-22,0.0,0.0,0.0,0,0,0,0.00040703090436349193,0.004015277385028673
2022-06-23,0.0,0.0,0.0,0,0,0,0.00040703090436349193,0.004015277385028673
2022-06-24,0.0,0.0,0.0,0,0,0,0.00040703090436349193,0.004015277385028673
2022-06-27,0.0,0.0,0.0,0,0,0,0.00040703090436349193,0.004015277385028673
2022-06-28,0.0,0.0,0.0,0,0,0,0.00040703090436349193,0.004015277385028673
2022-06-29,0.0,0.0,0.0,0,0,0,0.00040703090436349193,0.004015277385028673
2022-06-30,0.0,0.0,0.0,0,0,0,0.00040703090436349193,0.004015277385028673
2022-07-01,0.0,0.0,0.0,0,0,0,0.00040703090436349193,0.004015277385028673
2022-07-04,0.0,0.0,0.0,0,0,0,0.00040703090436349193,0.004015277385028673
2022-07-05,0.0,0.0,0.0,0,0,0,0.00040703090436349193,0.004015277385028673
2022-07-06,0.0,0.0,0.0,0,0,0,0.00040703090436349193,0.004015277385028673
2022-07-07,0.0,0.0,0.0,0,0,0,0.00040703090436349193,0.004015277385028673
2022-07-08,0.0,0.0,0.0,0,0,0,0.00040703090436349193,0.004015277385028673
2022-07-11,0.0,0.0,0.0,0,0,0,0.00040703090436349193,0.004015277385028673
2022-07-12,0.0,0.0,0.0,0,0,0,0.00040703090436349193,0.004015277385028673
2022-07-13,0.0,0.0,0.0,0,0,0,0.00040703090436349193,0.004015277385028673
2022-07-14,0.0,0.0,0.0,0,0,0,0.00040703090436349193,0.004015277385028673
2022-07-15,0.0,0.0,0.0,0,0,0,0.00040703090436349193,0.004015277385028673
2022-07-18,0.0,0.0,0.0,0,0,0,0.00040703090436349193,0.004015277385028673
2022-07-19,0.0,0.0,0.0,0,0,0,0.00040703090436349193,0.004015277385028673
2022-07-20,0.0,0.0,0.0,0,0,0,0.00040703090436349193,0.004015277385028673
2022-07-21,0.0,0.0,0.0,0,0,0,0.00040703090436349193,0.004015277385028673
2022-07-22,0.0,0.0,0.0,0,0,0,0.00040703090436349193,0.004015277385028673
2022-07-25,0.0,0.0,0.0,0,0,0,0.00040703090436349193,0.004015277385028673
2022-07-26,0.0,0.0,0.0,0,0,0,0.00040703090436349193,0.004015277385028673
2022-07-27,0.0,0.0,0.0,0,0,0,0.00040703090436349193,0.004015277385028673
2022-07-28,0.0,0.0,0.0,0,0,0,0.00040703090436349193,0.004015277385028673
2022-07-29,0.0,0.0,0.0,0,0,0,0.00040703090436349193,0.004015277385028673
2022-08-01,0.0,0.0,0.0,0,0,0,0.00040703090436349193,0.004015277385028673
2022-08-02,0.0,0.0,0.0,0,0,0,0.00040703090436349193,0.004015277385028673
2022-08-03,0.0,0.0,0.0,0,0,0,0.00040703090436349193,0.004015277385028673
2022-08-04,0.0,0.0,0.0,0,0,0,0.00040703090436349193,0.004015277385028673
2022-08-05,0.0,0.0,0.0,0,0,0,0.00040703090436349193,0.004015277385028673
2022-08-08,0.0,0.0,0.0,0,0,0,0.00040703090436349193,0.004015277385028673
2022-08-09,0.0,0.0,0.0,0,0,0,0.00040703090436349193,0.004015277385028673
2022-08-10,0.0,0.0,0.0,0,0,0,0.00040703090436349193,0.004015277385028673
2022-08-11,0.0,0.0,0.0,0,0,0,0.00040703090436349193,0.004015277385028673
2022-08-12,0.0,0.0,0.0,0,0,0,0.00040703090436349193,0.004015277385028673
2022-08-15,0.0,0.0,0.0,0,0,0,0.00040703090436349193,0.004015277385028673
2022-08-16,0.0,0.0,0.0,0,0,0,0.00040703090436349193,0.004015277385028673
2022-08-17,0.0,0.0,0.0,0,0,0,0.00040703090436349193,0.004015277385028673
2022-08-18,0.0,0.0,0.0,0,0,0,0.00040703090436349193,0.004015277385028673
2022-08-19,0.0,0.0,0.0,0,0,0,0.00040703090436349193,0.004015277385028673
2022-08-22,0.0,0.0,0.0,0,0,0,0.00040703090436349193,0.004015277385028673
2022-08-23,0.0,0.0,0.0,0,0,0,0.00040703090436349193,0.004015277385028673
2022-08-24,0.0,0.0,0.0,0,0,0,0.00040703090436349193,0.004015277385028673
2022-08-25,0.0,0.0,0.0,0,0,0,0.00040703090436349193,0.004015277385028673
2022-08-26,0.0,0.0,0.0,0,0,0,0.00040703090436349193,0.004015277385028673
2022-08-29,0.0,0.0,0.0,0,0,0,0.00040703090436349193,0.004015277385028673
2022-08-30,0.0,0.0,0.0,0,0,0,0.00040703090436349193,0.004015277385028673
2022-08-31,0.0,0.0,0.0,0,0,0,0.00040703090436349193,0.004015277385028673
2022-09-01,0.0,0.0,0.0,0,0,0,0.00040703090436349193,0.004015277385028673
2022-09-02,0.0,0.0,0.0,0,0,0,0.00040703090436349193,0.004015277385028673
2022-09-05,0.0,0.0,0.0,0,0,0,0.00040703090436349193,0.004015277385028673
2022-09-06,0.0,0.0,0.0,0,0,0,0.00040703090436349193,0.004015277385028673
2022-09-07,0.0,0.0,0.0,0,0,0,0.00040703090436349193,0.004015277385028673
2022-09-08,0.0,0.0,0.0,0,0,0,0.00040703090436349193,0.004015277385028673
2022-09-09,0.0,0.0,0.0,0,0,0,0.00040703090436349193,0.004015277385028673
2022-09-12,0.0,0.0,0.0,0,0,0,0.00040703090436349193,0.004015277385028673
2022-09-13,0.0,0.0,0.0,0,0,0,0.00040703090436349193,0.004015277385028673
2022-09-14,0.0,0.0,0.0,0,0,0,0.00040703090436349193,0.004015277385028673
2022-09-15,0.0,0.0,0.0,0,0,0,0.00040703090436349193,0.004015277385028673
2022-09-16,0.0,0.0,0.0,0,0,0,0.00040703090436349193,0.004015277385028673
2022-09-19,0.0,0.0,0.0,0,0,0,0.00040703090436349193,0.004015277385028673
2022-09-20,0.0,0.0,0.0,0,0,0,0.00040703090436349193,0.004015277385028673
2022-09-21,0.0,0.0,0.0,0,0,0,0.00040703090436349193,0.004015277385028673
2022-09-22,0.0,0.0,0.0,0,0,0,0.00040703090436349193,0.004015277385028673
2022-09-23,0.0,0.0,0.0,0,0,0,0.00040703090436349193,0.004015277385028673
2022-09-26,0.0,0.0,0.0,0,0,0,0.00040703090436349193,0.004015277385028673
2022-09-27,0.0,0.0,0.0,0,0,0,0.00040703090436349193,0.004015277385028673
2022-09-28,0.0,0.0,0.0,0,0,0,0.00040703090436349193,0.004015277385028673
2022-09-29,0.0,0.0,0.0,0,0,0,0.00040703090436349193,0.004015277385028673
2022-09-30,0.0,0.0,0.0,0,0,0,0.00040703090436349193,0.004015277385028673
2022-10-03,0.0,0.0,0.0,0,0,0,0.00040703090436349193,0.004015277385028673
2022-10-04,0.0,0.0,0.0,0,0,0,0.00040703090436349193,0.004015277385028673
2022-10-05,0.0,0.0,0.0,0,0,0,0.00040703090436349193,0.004015277385028673
2022-10-06,0.0,0.0,0.0,0,0,0,0.00040703090436349193,0.004015277385028673
2022-10-07,0.0,0.0,0.0,0,0,0,0.00040703090436349193,0.004015277385028673
2022-10-10,0.0,0.0,0.0,0,0,0,0.00040703090436349193,0.004015277385028673
2022-10-11,0.0,0.0,0.0,0,0,0,0.00040703090436349193,0.004015277385028673
2022-10-12,0.0,0.0,0.0,0,0,0,0.00040703090436349193,0.004015277385028673
2022-10-13,0.0,0.0,0.0,0,0,0,0.00040703090436349193,0.004015277385028673
2022-10-14,0.0,0.0,0.0,0,0,0,0.00040703090436349193,0.004015277385028673
2022-10-17,0.0,0.0,0.0,0,0,0,0.00040703090436349193,0.004015277385028673
2022-10-18,0.0,0.0,0.0,0,0,0,0.00040703090436349193,0.004015277385028673
2022-10-19,0.0,0.0,0.0,0,0,0,0.00040703090436349193,0.004015277385028673
2022-10-20,0.0,0.0,0.0,0,0,0,0.00040703090436349193,0.004015277385028673
2022-10-21,0.0,0.0,0.0,0,0,0,0.00040703090436349193,0.004015277385028673
2022-10-24,0.0,0.0,0.0,0,0,0,0.00040703090436349193,0.004015277385028673
2022-10-25,0.0,0.0,0.0,0,0,0,0.00040703090436349193,0.004015277385028673
2022-10-26,0.0,0.0,0.0,0,0,0,0.00040703090436349193,0.004015277385028673
2022-10-27,0.0,0.0,0.0,0,0,0,0.00040703090436349193,0.004015277385028673
2022-10-28,0.0,0.0,0.0,0,0,0,0.00040703090436349193,0.004015277385028673
2022-10-31,0.0,0.0,0.0,0,0,0,0.00040703090436349193,0.004015277385028673
2022-11-01,0.0,0.0,0.0,0,0,0,0.00040703090436349193,0.004015277385028673
2022-11-02,0.0,0.0,0.0,0,0,0,0.00040703090436349193,0.004015277385028673
2022-11-03,0.0,0.0,0.0,0,0,0,0.00040703090436349193,0.004015277385028673
2022-11-04,0.0,0.0,0.0,0,0,0,0.00040703090436349193,0.004015277385028673
2022-11-07,0.0,0.0,0.0,0,0,0,0.00040703090436349193,0.004015277385028673
2022-11-08,0.0,0.0,0.0,0,0,0,0.00040703090436349193,0.004015277385028673
2022-11-09,0.0,0.0,0.0,0,0,0,0.00040703090436349193,0.004015277385028673
2022-11-10,0.0,0.0,0.0,0,0,0,0.00040703090436349193,0.004015277385028673
2022-11-11,0.0,0.0,0.0,0,0,0,0.00040703090436349193,0.004015277385028673
2022-11-14,0.0,0.0,0.0,0,0,0,0.00040703090436349193,0.004015277385028673
2022-11-15,0.0,0.0,0.0,0,0,0,0.00040703090436349193,0.004015277385028673
2022-11-16,0.0,0.0,0.0,0,0,0,0.00040703090436349193,0.004015277385028673
2022-11-17,0.0,0.0,0.0,0,0,0,0.00040703090436349193,0.004015277385028673
2022-11-18,0.0,0.0,0.0,0,0,0,0.00040703090436349193,0.004015277385028673
2022-11-21,0.0,0.0,0.0,0,0,0,0.00040703090436349193,0.004015277385028673
2022-11-22,0.0,0.0,0.0,0,0,0,0.00040703090436349193,0.004015277385028673
2022-11-23,0.0,0.0,0.0,0,0,0,0.00040703090436349193,0.004015277385028673
2022-11-24,0.0,0.0,0.0,0,0,0,0.00040703090436349193,0.004015277385028673
2022-11-25,0.0,0.0,0.0,0,0,0,0.00040703090436349193,0.004015277385028673
2022-11-28,0.0,0.0,0.0,0,0,0,0.00040703090436349193,0.004015277385028673
2022-11-29,0.0,0.0,0.0,0,0,0,0.00040703090436349193,0.004015277385028673
2022-11-30,0.0,0.0,0.0,0,0,0,0.00040703090436349193,0.004015277385028673
2022-12-01,0.0,0.0,0.0,0,0,0,0.00040703090436349193,0.004015277385028673
2022-12-02,0.0,0.0,0.0,0,0,0,0.00040703090436349193,0.004015277385028673
2022-12-05,0.0,0.0,0.0,0,0,0,0.00040703090436349193,0.004015277385028673
2022-12-06,0.0,0.0,0.0,0,0,0,0.00040703090436349193,0.004015277385028673
2022-12-07,0.0,0.0,0.0,0,0,0,0.00040703090436349193,0.004015277385028673
2022-12-08,0.0,0.0,0.0,0,0,0,0.00040703090436349193,0.004015277385028673
2022-12-09,0.0,0.0,0.0,0,0,0,0.00040703090436349193,0.004015277385028673
2022-12-12,0.0,0.0,0.0,0,0,0,0.00040703090436349193,0.004015277385028673
2022-12-13,0.0,0.0,0.0,0,0,0,0.00040703090436349193,0.004015277385028673
2022-12-14,0.0,0.0,0.0,0,0,0,0.00040703090436349193,0.004015277385028673
2022-12-15,0.0,0.0,0.0,0,0,0,0.00040703090436349193,0.004015277385028673
2022-12-16,0.0,0.0,0.0,0,0,0,0.00040703090436349193,0.004015277385028673
2022-12-19,0.0,0.0,0.0,0,0,0,0.00040703090436349193,0.004015277385028673
2022-12-20,0.0,0.0,0.0,0,0,0,0.00040703090436349193,0.004015277385028673
2022-12-21,0.0,0.0,0.0,0,0,0,0.00040703090436349193,0.004015277385028673
2022-12-22,0.0,0.0,0.0,0,0,0,0.00040703090436349193,0.004015277385028673
2022-12-23,0.0,0.0,0.0,0,0,0,0.00040703090436349193,0.004015277385028673
2022-12-26,0.0,0.0,0.0,0,0,0,0.00040703090436349193,0.004015277385028673
2022-12-27,0.0,0.0,0.0,0,0,0,0.00040703090436349193,0.004015277385028673
2022-12-28,0.0,0.0,0.0,0,0,0,0.00040703090436349193,0.004015277385028673
2022-12-29,0.0,0.0,0.0,0,0,0,0.00040703090436349193,0.004015277385028673
2022-12-30,0.0,0.0,0.0,0,0,0,0.00040703090436349193,0.004015277385028673
2023-01-02,0.0,0.0,0.0,0,0,0,0.00040703090436349193,0.004015277385028673
2023-01-03,0.0,0.0,0.0,0,0,0,0.00040703090436349193,0.004015277385028673
2023-01-04,0.0,0.0,0.0,0,0,0,0.00040703090436349193,0.004015277385028673
2023-01-05,0.0,0.0,0.0,0,0,0,0.00040703090436349193,0.004015277385028673
2023-01-06,0.0,0.0,0.0,0,0,0,0.00040703090436349193,0.004015277385028673
2023-01-09,0.0,0.0,0.0,0,0,0,0.00040703090436349193,0.004015277385028673
2023-01-10,0.0,0.0,0.0,0,0,0,0.00040703090436349193,0.004015277385028673
2023-01-11,0.0,0.0,0.0,0,0,0,0.00040703090436349193,0.004015277385028673
2023-01-12,0.0,0.0,0.0,0,0,0,0.00040703090436349193,0.004015277385028673
2023-01-13,0.0,0.0,0.0,0,0,0,0.00040703090436349193,0.004015277385028673
2023-01-16,0.0,0.0,0.0,0,0,0,0.00040703090436349193,0.004015277385028673
2023-01-17,0.0,0.0,0.0,0,0,0,0.00040703090436349193,0.004015277385028673
2023-01-18,0.0,0.0,0.0,0,0,0,0.00040703090436349193,0.004015277385028673
2023-01-19,0.0,0.0,0.0,0,0,0,0.00040703090436349193,0.004015277385028673
2023-01-20,0.0,0.0,0.0,0,0,0,0.00040703090436349193,0.004015277385028673
2023-01-23,0.0,0.0,0.0,0,0,0,0.00040703090436349193,0.004015277385028673
2023-01-24,0.0,0.0,0.0,0,0,0,0.00040703090436349193,0.004015277385028673
2023-01-25,0.0,0.0,0.0,0,0,0,0.00040703090436349193,0.004015277385028673
2023-01-26,0.0,0.0,0.0,0,0,0,0.00040703090436349193,0.004015277385028673
2023-01-27,0.0,0.0,0.0,0,0,0,0.00040703090436349193,0.004015277385028673
2023-01-30,0.0,0.0,0.0,0,0,0,0.00040703090436349193,0.004015277385028673
2023-01-31,0.0,0.0,0.0,0,0,0,0.00040703090436349193,0.004015277385028673
2023-02-01,0.0,0.0,0.0,0,0,0,0.00040703090436349193,0.004015277385028673
2023-02-02,0.0,0.0,0.0,0,0,0,0.00040703090436349193,0.004015277385028673
2023-02-03,0.0,0.0,0.0,0,0,0,0.00040703090436349193,0.004015277385028673
2023-02-06,0.0,0.0,0.0,0,0,0,0.00040703090436349193,0.004015277385028673
2023-02-07,0.0,0.0,0.0,0,0,0,0.00040703090436349193,0.004015277385028673
2023-02-08,0.0,0.0,0.0,0,0,0,0.00040703090436349193,0.004015277385028673
2023-02-09,0.0,0.0,0.0,0,0,0,0.00040703090436349193,0.004015277385028673
2023-02-10,0.0,0.0,0.0,0,0,0,0.00040703090436349193,0.004015277385028673
2023-02-13,0.0,0.0,0.0,0,0,0,0.00040703090436349193,0.004015277385028673
2023-02-14,0.0,0.0,0.0,0,0,0,0.00040703090436349193,0.004015277385028673
2023-02-15,0.0,0.0,0.0,0,0,0,0.00040703090436349193,0.004015277385028673
2023-02-16,0.0,0.0,0.0,0,0,0,0.00040703090436349193,0.004015277385028673
2023-02-17,0.0,0.0,0.0,0,0,0,0.00040703090436349193,0.004015277385028673
2023-02-20,0.0,0.0,0.0,0,0,0,0.00040703090436349193,0.004015277385028673
2023-02-21,0.0,0.0,0.0,0,0,0,0.00040703090436349193,0.004015277385028673
2023-02-22,0.0,0.0,0.0,0,0,0,0.00040703090436349193,0.004015277385028673
2023-02-23,0.0,0.0,0.0,0,0,0,0.00040703090436349193,0.004015277385028673
2023-02-24,0.0,0.0,0.0,0,0,0,0.00040703090436349193,0.004015277385028673
2023-02-27,0.0,0.0,0.0,0,0,0,0.00040703090436349193,0.004015277385028673
2023-02-28,0.0,0.0,0.0,0,0,0,0.00040703090436349193,0.004015277385028673
2023-03-01,0.0,0.0,0.0,0,0,0,0.00040703090436349193,0.004015277385028673
2023-03-02,0.0,0.0,0.0,0,0,0,0.00040703090436349193,0.004015277385028673
2023-03-03,0.0,0.0,0.0,0,0,0,0.00040703090436349193,0.004015277385028673
2023-03-06,0.0,0.0,0.0,0,0,0,0.00040703090436349193,0.004015277385028673
2023-03-07,0.0,0.0,0.0,1,0,0,0.00040703090436349193,0.004015277385028673
2023-03-08,0.0,0.0,0.0,1,0,0,0.00040703090436349193,0.004015277385028673
2023-03-09,0.0,0.0,0.0,1,0,0,0.00040703090436349193,0.004015277385028673
2023-03-10,0.0,0.0,0.0,1,0,0,0.00040703090436349193,0.004015277385028673
2023-03-13,0.0,0.0,0.0,1,0,0,0.00040703090436349193,0.004015277385028673
2023-03-14,0.0,0.0,0.0,1,0,0,0.00040703090436349193,0.004015277385028673
2023-03-15,0.0,0.0,0.0,1,0,0,0.00040703090436349193,0.004015277385028673
2023-03-16,0.0,0.0,0.0,1,0,0,0.00040703090436349193,0.004015277385028673
2023-03-17,0.0,0.0,0.0,1,0,0,0.00040703090436349193,0.004015277385028673
2023-03-20,0.0,0.0,0.0,1,0,0,0.00040703090436349193,0.004015277385028673
2023-03-21,0.0,0.0,0.0,1,0,0,0.00040703090436349193,0.004015277385028673
2023-03-22,0.0,0.0,0.0,1,0,0,0.00040703090436349193,0.004015277385028673
2023-03-23,0.0,0.0,0.0,1,0,0,0.00040703090436349193,0.004015277385028673
2023-03-24,0.0,0.0,0.0,1,0,0,0.00040703090436349193,0.004015277385028673
2023-03-27,0.0,0.0,0.0,1,0,0,0.00040703090436349193,0.004015277385028673
2023-03-28,0.0,0.0,0.0,1,0,0,0.00040703090436349193,0.004015277385028673
2023-03-29,0.0,0.0,0.0,1,0,0,0.00040703090436349193,0.004015277385028673
2023-03-30,0.0,0.0,0.0,1,0,0,0.00040703090436349193,0.004015277385028673
2023-03-31,0.0,0.0,0.0,1,0,0,0.00040703090436349193,0.004015277385028673
2023-04-03,0.0,0.0,0.0,1,0,0,0.00040703090436349193,0.004015277385028673
2023-04-04,0.0,0.0,0.0,1,0,0,0.00040703090436349193,0.004015277385028673
2023-04-05,0.0,0.0,0.0,1,0,0,0.00040703090436349193,0.004015277385028673
2023-04-06,0.0,0.0,0.0,1,0,0,0.00040703090436349193,0.004015277385028673
2023-04-07,0.0,0.0,0.0,1,0,0,0.00040703090436349193,0.004015277385028673
2023-04-10,0.0,0.0002,-0.0002,1,1,1,0.00020703090436349192,0.004015277385028673
2023-04-11,-0.0015593636737871444,0.0,-0.0015593636737871444,1,1,1,-0.0013523327694236525,0.002455913711241529
2023-04-12,0.00248730879903217,0.0,0.00248730879903217,1,1,1,0.0011349760296085175,0.004943222510273699
2023-04-13,-0.00108411799438639,0.0,-0.00108411799438639,1,1,1,5.0858035222127495e-05,0.003859104515887309
2023-04-14,0.00449232519211217,0.0,0.00449232519211217,1,1,1,0.004543183227334297,0.008351429707999479
2023-04-17,-0.00044738517463168304,0.00019817131994913725,-0.0006455564945808203,1,0,0,0.003897626732753477,0.007904044533367797
2023-04-18,0.0,0.0,0.0,1,0,0,0.003897626732753477,0.007904044533367797
2023-04-19,0.0,0.0,0.0,1,0,0,0.003897626732753477,0.007904044533367797
2023-04-20,0.0,0.0,0.0,1,0,0,0.003897626732753477,0.007904044533367797
2023-04-21,0.0,0.0,0.0,1,0,0,0.003897626732753477,0.007904044533367797
2023-04-24,0.0,0.0,0.0,1,0,0,0.003897626732753477,0.007904044533367797
2023-04-25,0.0,0.0,0.0,1,0,0,0.003897626732753477,0.007904044533367797
2023-04-26,0.0,0.0002,-0.0002,1,1,1,0.003697626732753477,0.007904044533367797
2023-04-27,-0.000692439652208564,0.0,-0.000692439652208564,1,1,1,0.003005187080544913,0.007211604881159232
2023-04-28,0.000620860488907169,0.0,0.000620860488907169,1,1,1,0.003626047569452082,0.007832465370066401
2023-05-01,-0.0031704254593615463,0.0,-0.0031704254593615463,1,1,1,0.0004556221100905358,0.004662039910704855
2023-05-02,-0.0011877528668385287,0.0,-0.0011877528668385287,1,1,1,-0.0007321307567479929,0.0034742870438663263
2023-05-03,0.002041981268840444,0.0,0.002041981268840444,1,1,1,0.001309850512092451,0.00551626831270677
2023-05-04,0.0021033707259023792,0.0,0.0021033707259023792,1,1,1,0.00341322123799483,0.007619639038609149
2023-05-05,0.001917743726967868,0.0,0.001917743726967868,1,1,1,0.005330964964962698,0.009537382765577017
2023-05-08,0.0016251171856052611,0.00019273563418866215,0.001432381551416599,1,0,0,0.006763346516379297,0.011162499951182278
2023-05-09,0.0,0.0,0.0,1,0,0,0.006763346516379297,0.011162499951182278
2023-05-10,0.0,0.0,0.0,1,0,0,0.006763346516379297,0.011162499951182278
2023-05-11,0.0,0.0,0.0,1,0,0,0.006763346516379297,0.011162499951182278
2023-05-12,0.0,0.0,0.0,1,0,0,0.006763346516379297,0.011162499951182278
2023-05-15,0.0,0.0,0.0,1,0,0,0.006763346516379297,0.011162499951182278
2023-05-16,0.0,0.0,0.0,1,0,0,0.006763346516379297,0.011162499951182278
2023-05-17,0.0,0.0,0.0,1,0,0,0.006763346516379297,0.011162499951182278
2023-05-18,0.0,0.0,0.0,1,0,0,0.006763346516379297,0.011162499951182278
2023-05-19,0.0,0.0,0.0,1,0,0,0.006763346516379297,0.011162499951182278
2023-05-22,0.0,0.0002,-0.0002,1,1,1,0.006563346516379297,0.011162499951182278
2023-05-23,0.005690116441973917,0.0,0.005690116441973917,1,1,1,0.012253462958353214,0.016852616393156196
2023-05-24,-0.0015481128183242798,0.0,-0.0015481128183242798,1,1,1,0.010705350140028935,0.015304503574831915
2023-05-25,0.002516993581468887,0.0,0.002516993581468887,1,1,1,0.013222343721497823,0.0178214971563008
2023-05-26,0.0032574654837438342,0.0,0.0032574654837438342,1,1,1,0.016479809205241655,0.021078962640044635
2023-05-29,-0.0016929517533487465,0.0002004277355119507,-0.0018933794888606973,1,0,0,0.014586429716380958,0.01938601088669589
2023-05-30,0.0,0.0,0.0,1,0,0,0.014586429716380958,0.01938601088669589
2023-05-31,0.0,0.0,0.0,1,0,0,0.014586429716380958,0.01938601088669589
2023-06-01,0.0,0.0,0.0,1,0,0,0.014586429716380958,0.01938601088669589
2023-06-02,0.0,0.0,0.0,1,0,0,0.014586429716380958,0.01938601088669589
2023-06-05,0.0,0.0,0.0,1,0,0,0.014586429716380958,0.01938601088669589
2023-06-06,0.0,0.0,0.0,1,0,0,0.014586429716380958,0.01938601088669589
2023-06-07,0.0,0.0,0.0,1,0,0,0.014586429716380958,0.01938601088669589
2023-06-08,0.0,0.0,0.0,1,0,0,0.014586429716380958,0.01938601088669589
2023-06-09,0.0,0.0,0.0,1,0,0,0.014586429716380958,0.01938601088669589
2023-06-12,0.0,0.0,0.0,1,0,0,0.014586429716380958,0.01938601088669589
2023-06-13,0.0,0.0,0.0,1,0,0,0.014586429716380958,0.01938601088669589
2023-06-14,0.0,0.0,0.0,1,0,0,0.014586429716380958,0.01938601088669589
2023-06-15,0.0,0.0,0.0,1,0,0,0.014586429716380958,0.01938601088669589
2023-06-16,0.0,0.0,0.0,1,0,0,0.014586429716380958,0.01938601088669589
2023-06-19,0.0,0.0,0.0,1,0,0,0.014586429716380958,0.01938601088669589
2023-06-20,0.0,0.0,0.0,1,0,0,0.014586429716380958,0.01938601088669589
2023-06-21,0.0,0.0,0.0,1,0,0,0.014586429716380958,0.01938601088669589
2023-06-22,0.0,0.0,0.0,1,0,0,0.014586429716380958,0.01938601088669589
2023-06-23,0.0,0.0,0.0,1,0,0,0.014586429716380958,0.01938601088669589
2023-06-26,0.0,0.0,0.0,1,0,0,0.014586429716380958,0.01938601088669589
2023-06-27,0.0,0.0,0.0,1,0,0,0.014586429716380958,0.01938601088669589
2023-06-28,0.0,0.0,0.0,1,0,0,0.014586429716380958,0.01938601088669589
2023-06-29,0.0,0.0,0.0,1,0,0,0.014586429716380958,0.01938601088669589
2023-06-30,0.0,0.0,0.0,1,0,0,0.014586429716380958,0.01938601088669589
2023-07-03,0.0,0.0,0.0,1,0,0,0.014586429716380958,0.01938601088669589
2023-07-04,0.0,0.0,0.0,1,0,0,0.014586429716380958,0.01938601088669589
2023-07-05,0.0,0.0,0.0,1,0,0,0.014586429716380958,0.01938601088669589
2023-07-06,0.0,0.0,0.0,1,0,0,0.014586429716380958,0.01938601088669589
2023-07-07,0.0,0.0,0.0,1,0,0,0.014586429716380958,0.01938601088669589
2023-07-10,0.0,0.0002,-0.0002,1,1,1,0.014386429716380957,0.01938601088669589
2023-07-11,-0.0021600265893347123,0.0,-0.0021600265893347123,1,1,1,0.012226403127046245,0.017225984297361177
2023-07-12,0.0043767255390283165,0.0,0.0043767255390283165,1,1,1,0.016603128666074562,0.021602709836389494
2023-07-13,-0.0018172564145193231,0.0,-0.0018172564145193231,1,1,1,0.014785872251555239,0.019785453421870172
2023-07-14,0.004223448365840954,0.0,0.004223448365840954,1,1,1,0.019009320617396193,0.024008901787711125
2023-07-17,0.000976755549979067,0.00019902077945436444,0.0007777347705247026,1,0,0,0.019787055387920895,0.024985657337690193
2023-07-18,0.0,0.0,0.0,1,0,0,0.019787055387920895,0.024985657337690193
2023-07-19,0.0,0.0,0.0,1,0,0,0.019787055387920895,0.024985657337690193
2023-07-20,0.0,0.0,0.0,1,0,0,0.019787055387920895,0.024985657337690193
2023-07-21,0.0,0.0,0.0,1,0,0,0.019787055387920895,0.024985657337690193
2023-07-24,0.0,0.0,0.0,1,0,0,0.019787055387920895,0.024985657337690193
2023-07-25,0.0,0.0,0.0,1,0,0,0.019787055387920895,0.024985657337690193
2023-07-26,0.0,0.0,0.0,1,0,0,0.019787055387920895,0.024985657337690193
2023-07-27,0.0,0.0,0.0,1,0,0,0.019787055387920895,0.024985657337690193
2023-07-28,0.0,0.0,0.0,1,0,0,0.019787055387920895,0.024985657337690193
2023-07-31,0.0,0.0,0.0,1,0,0,0.019787055387920895,0.024985657337690193
2023-08-01,0.0,0.0,0.0,1,0,0,0.019787055387920895,0.024985657337690193
