trade_id,trade_date,instrument,side,volume,avg_price,pnl
T102729,14/01/2025,NAS100,SELL,3.79,17470.40606,541.53
T100282,2025-05-19, btcusd ,SELL,7.16,58843.28989,36.14
T101000,2025-05-27,Gbpusd,SELL,11.39,1.14521,-109.04
T100979,04-23-2025,XAUUSD,SELL,6.4,2778.49627,-288.58
T102776,11/04/2025,GBPUSD,SELL,5.44,1.18684,124.18
T100854,09-05-2025,EURUSD,SELL,6.1,1.037,388.42
T102481,04-30-2025,NAS100,BUY,28.33,21126.44014,466.79
T101192,08-21-2025,EURUSD,BUY,12.84,1.06157,-41.3
T102643,20/05/2025,XAUUSD,BUY,3.73,2712.46215,-200.9
T101711,02-03-2025,GBPUSD,BUY,7.22,1.26039,-428.91
T101629,03-17-2025,EURUSD  ,SELL,28.7,1.0088,62.79
T101033,2025-06-27,Gbpusd,BUY,10.73,1.15337,-194.45
T102820,20/02/2025, xauusd ,BUY,11.29,2610.8248,464.84
T102137,2025-03-25,EURUSD,SELL,7.82,0.99998,-127.8
T100699,2025-08-28,XAUUSD,SELL,11.82,2560.19846,-71.37
T100519,2025-07-11,EURUSD,SELL,1.9,1.02318,224.52
T101577,2025-03-24,BTC/USD,SELL,11.58,60916.62695,20.62
T101024,2025-07-22,XAUUSD,BUY,8.54,2626.58967,158.8
T101450,01/05/2025,XAUUSD,BUY,3.03,2713.25683,441.79
T101784,05/05/2025, gbpusd ,BUY,12.25,,-449.56
T100020,21/05/2025,Eurusd,SELL,9.85,1.00824,-50.84
T102931,20/01/2025,BTCUSD,BUY,10.05,59445.53204,75.27
T102258,03-13-2025,GBPUSD,SELL,5.09,1.18658,365.75
T102540,02-07-2025,EURUSD,BUY,10.04,1.06177,416.64
T100232,2025-06-04,EURUSD,SELL,2.65,1.03281,511.75
T102060,04/08/2025,BTCUSD,SELL,12.64,63611.52665,-205.37
T100559,09-04-2025,XAUUSD,SELL,10.49,2541.16241,-385.32
T101963,07-04-2025,GBPUSD,SELL,14.37,1.1416,-292.6
T100375,04-15-2025,NAS100,SELL,2.96,19869.69407,139.86
T100764,01-10-2025,BTCUSD,SELL,3.2,58595.76186,
T102576,28/01/2025,XAUUSD,BUY,6.56,2623.64289,65.68
T100405,09/09/2025,NAS100,SELL,6.16,22687.26385,15.9
T100828,2025-04-04,BTCUSD,BUY,2.03,57158.23079,-12.78
T100717,2025-04-28,EURUSD  ,SELL,4.61,1.00346,-33.0
T100943,04-03-2025,EURUSD,SELL,7.85,0.99851,427.84
T100369,01-06-2025,XAUUSD,BUY,56.37,2514.01258,-393.01
T101046,06-18-2025,NAS100,BUY,6.24,23097.07196,
T100160,06-02-2025,EURUSD,BUY,5.16,1.04061,-452.56
T100091,06-17-2025,NAS100,BUY,9.72,23234.0731,-207.73
T100715,01-23-2025,BTCUSD,BUY,8.2,59736.49911,125.7
T102714,2025-08-20,NAS100,BUY,14.36,22760.55881,285.82
T101462,30/01/2025,NAS100,SELL,5.8,18043.84596,
T101571,01-20-2025,GBPUSD,SELL,2.57,1.28701,-69.58
T102598,06-11-2025,BTCUSD,SELL,15.39,65439.43305,257.35
T100444,06-09-2025,GBPUSD,SELL,5.27,1.11652,-293.12
T101301,08/08/2025,XAUUSD,BUY,6.83,2455.39725,-107.91
T102077,2025-01-15,NAS100,BUY,11.6,17238.65485,-6.58
T100754,09-03-2025, eurusd ,BUY,11.04,1.03008,104.05
T101568,02-27-2025,XAUUSD,BUY,6.18,2686.76075,383.66
T101118,03/07/2025,GBPUSD,SELL,7.58,1.15053,-202.56
T100677,05-06-2025,GBPUSD,SELL,9.34,1.15506,-14.5
T100843,2025-08-14,Nas100,SELL,2.47,23126.46534,176.68
T101893,21/03/2025,BTCUSD,SELL,3.64,61789.87466,-15.54
T101710,08-25-2025,BTCUSD,SELL,12.15,55304.0321,
T100191,2025-01-24,XAUUSD,BUY,11.35,2598.39187,277.39
T101702,03-20-2025,XAUUSD,SELL,7.39,2695.65518,-188.21
T100179,06-17-2025,NAS100,SELL,5.71,23352.20806,-34.93
T101937,05-07-2025,EURUSD,SELL,19.49,1.01042,58.68
T100597,2025-01-15,XAUUSD,BUY,3.66,2497.73766,37.5
T100548,07/03/2025,XAUUSD,BUY,4.95,2796.54535,188.7
T101473,31/07/2025, nas100 ,BUY,6.5,22474.29094,316.56
T102961,2025-04-16,XAUUSD,BUY,2.17,,520.97
T102095,2025-04-04,BTCUSD,SELL,4.88,57147.53518,184.4
T102640,08-21-2025,XAU/USD,BUY,6.95,2557.36028,-48.03
T100446,05/08/2025,GBPUSD,BUY,3.5,1.05423,-63.65
T101333,06-26-2025,GBPUSD,SELL,10.6,1.15076,167.6
T102444,08-22-2025,GBPUSD,SELL,8.91,1.03061,136.66
T100737,14/04/2025,XAUUSD,SELL,1.29,2760.91184,-66.34
T102548,2025-05-06,Xauusd,SELL,5.43,2695.03345,61.7
T102419,03-13-2025,XAUUSD,SELL,21.02,2769.69364,-296.18
T102196,2025-06-13, xauusd ,SELL,6.19,2655.28048,137.18
T102247,28/03/2025,GBPUSD,BUY,5.91,1.18215,-239.51
T102253,22/01/2025,EURUSD,BUY,3.28,1.04892,142.4
T102615,05-15-2025,BTCUSD,SELL,6.15,59137.65276,-529.78
T101681,2025-08-28,NAS100,SELL,14.58,22550.76514,-50.52
T101095,08-25-2025,XAUUSD,BUY,16.1,2535.42144,
T101958,2025-04-03,XAUUSD,BUY,7.61,2630.64853,-619.75
T100513,20/06/2025,NAS100,BUY,4.42,23709.96777,-74.57
T102138,03/07/2025,BTCUSD  ,SELL,8.39,60972.23505,-410.2
T101565,23/07/2025,NAS100,SELL,5.78,22851.71831,-360.53
T100039,2025-06-30,BTCUSD,SELL,9.64,62479.22438,-243.63
T100744,14/01/2025,BTCUSD  ,SELL,2.93,56531.58906,423.82
T102537,04-01-2025,XAUUSD,SELL,6.79,2638.20245,131.5
T100871,2025-03-06,Btcusd,SELL,16.88,65640.10003,349.79
T101921,2025-01-09,BTCUSD,BUY,17.54,60106.80748,113.46
T101694,06/05/2025,XAUUSD,SELL,16.54,2697.24132,-119.24
T102610,2025-01-13,NAS100,BUY,7.91,17298.8999,-397.26
T101878,20/05/2025,EURUSD,SELL,18.14,1.00601,
T100477,25/07/2025,XAUUSD,SELL,4.53,2553.97561,-667.93
T102425,08-20-2025,BTCUSD,SELL,6.52,56644.80106,132.67
T101346,2025-05-08,XAUUSD,SELL,13.52,2707.06539,27.12
T102441,07-04-2025, eurusd ,BUY,3.69,1.01802,-75.55
T100045,2025-07-22,NAS100,BUY,6.83,22409.98293,309.08
T101505,2025-08-13,GBPUSD,BUY,4.04,1.03881,-122.18
T100696,2025-01-06,NAS100,BUY,4.41,17455.41855,633.19
T102284,2025-08-12,XAUUSD,BUY,5.62,2524.951,-117.55
T100694,26/02/2025,XAUUSD,SELL,6.04,2675.34237,-213.31
T100940,04-16-2025,GBPUSD,BUY,1.64,1.18541,59.55
T102638,2025-03-26,NAS100,BUY,10.31,19102.50767,-418.67
T100886,2025-03-12,EURUSD,SELL,7.17,1.01276,221.43
T100488,05-23-2025,XAUUSD,BUY,14.68,2673.82241,-383.68
T102851,04-18-2025,EURUSD,BUY,14.59,0.9969,201.2
T100047,17/02/2025,XAUUSD,BUY,9.91,2635.981,-30.55
T102737,2025-01-23,BTCUSD,SELL,12.01,59614.12923,-237.42
T102658,06-13-2025,NAS100,SELL,3.59,23085.60605,-437.3
T102313,2025-05-08,XAUUSD,BUY,13.04,2702.13101,176.87
T101015,05-14-2025,BTCUSD  ,SELL,14.28,56679.69019,100.23
T100772,03-26-2025,XAUUSD,BUY,25.38,2625.87179,-208.26
T101538,09/06/2025,BTCUSD,SELL,5.57,63084.03316,-296.44
T100540,04-02-2025,GBPUSD,SELL,7.59,1.17435,-58.25
T102226,15/05/2025,EURUSD,SELL,5.13,1.00396,203.83
T101395,04-15-2025,BTCUSD,BUY,11.09,60952.16569,-144.61
T100225,11/03/2025,NAS100,SELL,9.91,19415.66589,-441.9
T100859,2025-01-01,XAUUSD,SELL,4.32,2340.63694,419.66
T101625,2025-02-21,BTCUSD,BUY,4.99,63049.49518,236.1
T101528,26/06/2025,XAUUSD,SELL,1.95,2692.25059,417.02
T102087,2025-03-26,GBPUSD,BUY,12.18,1.18339,-135.15
T100877,2025-01-10,EURUSD,BUY,6.2,1.06041,-302.82
T102161,03-20-2025,EURUSD,BUY,10.96,1.01367,120.75
T101456,2025-04-17,NAS/100,BUY,3.07,19965.79597,122.45
T101705,2025-04-07,GBPUSD,BUY,16.94,1.1854,-4.96
T102880,07-30-2025,EURUSD,BUY,5.98,1.05244,-12.73
T102541,18/02/2025,NAS100,SELL,5.69,18269.34166,-35.66
T101585,29/01/2025,Btcusd,BUY,4.96,62102.31616,-19.68
T102516,02-19-2025,EURUSD  ,SELL,14.02,1.04466,344.07
T100998,03-24-2025,NAS100,SELL,4.62,19469.66224,233.22
T102003,2025-06-02,GBPUSD  ,BUY,13.06,1.1422,22.33
T102550,11/02/2025, gbpusd ,SELL,8.26,1.23524,96.49
T102124,04-17-2025,XAUUSD,BUY,10.34,2709.50357,
T101800,08/01/2025,NAS100,SELL,3.65,17148.7173,117.99
T101989,2025-02-06,EURUSD,BUY,15.38,1.05248,95.76
T101420,2025-01-09,XAUUSD,BUY,4.35,2533.6696,-218.74
T101775,30/07/2025,XAUUSD,BUY,8.52,2512.92251,-257.06
T101949,2025-07-09,EURUSD,SELL,7.33,1.01307,222.09
T102354,2025-04-11,BTCUSD,BUY,5.73,60345.09702,-90.43
T102724,2025-08-25,NAS100,SELL,15.1,21994.07135,130.96
T102162,18/04/2025,NAS100,BUY,4.12,19796.23094,122.2
T102456,2025-08-07,XAUUSD,BUY,5.02,2430.10321,-194.03
T102110,08/09/2025, nas100 ,BUY,2.44,23209.76278,78.97
T100547,08/08/2025,GBPUSD,BUY,3.48,1.0447,97.3
T102828,09/01/2025,NAS100,BUY,4.0,16839.77893,26.58
T102431,06-03-2025,EURUSD,SELL,5.2,1.03272,-712.92
T101769,2025-05-09,GBPUSD,BUY,2.3,1.1421,247.23
T101600,2025-03-12,EURUSD,SELL,4.14,1.01119,-451.59
T100065,2025-02-28,TEST,SELL,3.55,18776.71716,329.67
T102264,31/03/2025,BTCUSD,BUY,10.62,53845.10837,53.52
T102701,2025-06-05,GBPUSD,BUY,8.87,1.12939,293.77
T100846,02-27-2025,EURUSD,BUY,2.52,1.03392,-208.73
T101707,2025-06-06,BTCUSD,BUY,9.36,64251.78029,270.39
T100233,2025-03-10,NAS100,BUY,9.54,19138.54719,-186.18
T100265,02-06-2025, eurusd ,BUY,9.08,1.05199,109.66
T102956,13/03/2025,BTCUSD,BUY,28.63,62669.42641,-455.97
T102971,04-11-2025,EURUSD,BUY,11.98,0.98521,89.94
T102743,12/06/2025,EURUSD,SELL,4.5,1.04144,-366.54
T100465,07-04-2025,EUR/USD,SELL,17.21,1.01977,-383.44
T101449,01-22-2025,GBPUSD,BUY,3.64,1.27272,-381.77
T100350,2025-04-10,NAS100,SELL,6.96,19835.68156,400.93
T101555,2025-06-11,EURUSD,BUY,6.62,10.4396,379.23
T101936,05-12-2025,NAS100,BUY,8.81,21462.50905,-46.11
T100563,2025-03-04,GBP/USD,BUY,5.3,1.20803,423.5
T101259,02-25-2025,BTCUSD,SELL,10.78,63035.21852,105.94
T101985,08-20-2025,NAS100,BUY,6.89,22752.72164,-258.5
T101119,01-15-2025,GBP/USD,BUY,25.96,1.28457,444.34
T101075,28/08/2025,EURUSD,BUY,7.31,1.05764,-206.05
T102511,27/03/2025,BTCUSD,BUY,7.28,56072.27867,79.07
T101619,2025-09-08,GBPUSD,SELL,3.18,1.05706,-149.38
T101820,2025-03-04,EURUSD  ,BUY,11.39,1.03195,-353.21
T100211,2025-01-09,GBPUSD,BUY,13.96,1.28846,-48.8
T100414,27/08/2025,GBPUSD,BUY,6.08,1.03889,-12.78
T102577,07-18-2025,NAS100,SELL,7.56,22852.32615,-229.09
T102830,06-26-2025,XAUUSD,BUY,4.97,2697.73866,-151.53
T102865,14/03/2025,NAS100,BUY,4.62,19442.22052,316.77
T100956,04-16-2025,XAUUSD,BUY,11.84,2726.94609,-192.66
T100536,07-25-2025,NAS100,SELL,5.09,22618.27767,-167.38
T100292,28/01/2025,XAU/USD,SELL,1.75,2630.2136,136.62
T101407,07-30-2025, btcusd ,SELL,10.7,60438.04943,169.65
T101898,18/04/2025,BTCUSD  ,BUY,9.88,60733.3623,224.28
T102978,05-07-2025, gbpusd ,BUY,5.92,1.15102,-60.85
T100422,08-06-2025,BTCUSD,BUY,8.15,64512.18942,325.3
T100763,09/07/2025,GBPUSD,SELL,1.93,1.11997,205.79
T101734,01-21-2025,NAS100,SELL,4.24,18011.36437,-26.5
T101033,2025-06-27,Gbpusd,BUY,10.73,1.15337,-216.92
T101912,2025-02-25,EURUSD,SELL,8.82,1.0397,119.94
T101697,11/03/2025,GBPUSD,SELL,5.44,1.18725,-300.4
T102282,2025-08-06,XAUUSD,BUY,18.69,2423.32431,-51.8
T102554,23/06/2025,NAS100,SELL,5.22,23740.74636,69.91
T102786,02-18-2025,NAS100,SELL,5.04,18329.77922,202.82
T100830,08-13-2025,NAS100  ,BUY,10.81,22911.36923,70.35
T102898,05-27-2025,GBPUSD,SELL,8.45,1.13988,81.8
T100569,2025-03-25,EURUSD,SELL,10.28,1.00182,-304.79
T100985,2025-03-18,BTCUSD,SELL,6.78,60927.44304,
T102479,11/08/2025,NAS100,SELL,7.01,22675.79802,-399.16
T102857,03/07/2025,NAS100,SELL,9.65,22762.48966,-119.26
T101191,25/06/2025,NAS100,SELL,10.78,23618.20288,219.99
T100038,05-28-2025,GBPUSD,SELL,8.85,1.1448,47.85
T102814,03-12-2025,NAS100,BUY,22.7,20004.43818,123.41
T100341,06-18-2025,XAUUSD,BUY,8.68,2665.09997,-205.39
T101318,03/04/2025,NAS100,BUY,2.87,19233.18466,20.09
T102147,2025-01-15,BTCUSD,BUY,32.94,56339.39653,-244.09
T101365,07-09-2025,XAUUSD,SELL,7.12,2648.75851,-214.94
T100307,28/05/2025,BTC/USD,BUY,2.16,58966.21157,-184.51
T102176,12/02/2025,XAUUSD,BUY,14.39,2617.95721,-2.9
T102262,01-24-2025,GBPUSD,BUY,9.68,1.27845,-56.4
T102488,09-03-2025,NAS100,BUY,12.23,22507.52893,-16.76
T101822,22/07/2025,NAS100,BUY,10.27,22409.19564,-193.13
T102055,2025-06-09,GBPUSD,SELL,4.31,1.11253,-87.99
T102145,2025-05-21,EURUSD,BUY,5.24,1.01227,
T101363,2025-02-18,NAS100,SELL,2.97,18261.41747,378.37
T101843,2025-06-24,BTCUSD,BUY,6.75,66800.24362,-165.74
T102528,08-15-2025,Gbpusd,SELL,14.75,1.02833,-226.96
T102752,07-28-2025, btcusd ,BUY,6.13,63781.10548,-89.44
T101716,09/01/2025,EURUSD  ,SELL,6.98,1.07038,-381.94
T102531,2025-04-22,BTCUSD,SELL,7.08,60165.80469,141.97
T100919,02-03-2025,GBPUSD,BUY,11.67,1.25982,-93.78
T102799,08/08/2025,Eurusd,BUY,7.36,1.04659,190.1
T101448,2025-02-19,EUR/USD,SELL,5.25,1.04496,244.7
T100248,09-09-2025,XAUUSD,SELL,4.56,2500.06389,187.02
T101171,20/08/2025,GBPUSD,SELL,3.6,1.02979,-143.72
T101367,2025-05-08,EURUSD,BUY,4.16,1.00767,-226.52
T101418,05-28-2025,BTCUSD,BUY,7.35,58851.99476,-252.18
T101340,24/03/2025,GBPUSD,SELL,5.22,1.1766,-30.43
T100656,05-20-2025,EURUSD,BUY,4.95,1.01284,-263.1
T100973,2025-07-23,XAUUSD,SELL,6.54,2596.2374,-259.51
T100176,03-11-2025,BTC/USD,SELL,5.55,65921.26296,-259.85
T101920,26/08/2025,EURUSD,BUY,5.25,1.05279,-174.61
T100798,2025-01-06,GBPUSD,SELL,8.94,1.28153,348.45
T101684,,EURUSD,SELL,16.48,1.02321,9.89
T101807,08/04/2025,NAS100,SELL,6.8,20530.89712,-187.54
T101817,03/07/2025,EURUSD,BUY,4.47,1.023,45.93
T101561,21/04/2025,BTCUSD,SELL,21.6,61070.06509,266.19
T102266,16/07/2025,NAS100,SELL,5.63,22734.33249,-446.57
T100574,03-28-2025,BTC/USD,BUY,10.11,55316.00194,-125.6
T102635,12/03/2025,GBP/USD,BUY,5.42,1.18893,-129.37
T101570,16/07/2025,BTCUSD,SELL,7.7,66091.49874,256.34
T101444,22/07/2025,XAUUSD,SELL,5.46,2630.88605,-16.1
T101729,2025-03-10,BTCUSD,SELL,5.88,68674.40161,-279.53
T102634,08/09/2025,GBPUSD,BUY,5.28,1.05722,
T101578,03/02/2025,NAS100,SELL,13.26,18032.63591,4.78
T102893,15/01/2025,EURUSD,SELL,3.19,1.04419,-299.43
T102705,01-01-2025,GBPUSD,BUY,5.85,1.25749,-259.07
T101700,2025-01-06,BTCUSD,BUY,4.38,58819.7094,-22.41
T101506,09/07/2025,EURUSD,SELL,4.06,1.01536,-120.77
T101261,02-21-2025, eurusd ,SELL,16.71,1.04147,375.15
T101542,2025-05-22,XAUUSD,BUY,3.86,2648.58594,-56.78
T101982,2025-06-13,XAUUSD,SELL,7.65,2653.91548,178.97
T100037,09-08-2025,GBPUSD,BUY,10.36,1.05669,379.52
T101650,2025-08-25,BTCUSD,SELL,4.99,55013.6758,254.18
T101002,05-16-2025,XAUUSD,SELL,6.72,2684.96792,-40.8
T100351,05-12-2025,GBPUSD,SELL,11.4,1.13666,-99.0
T102308,26/03/2025,XAUUSD,SELL,2.93,2624.05949,26.6
T100254,19/05/2025,BTCUSD,SELL,27.03,,249.45
T101314,2025-08-04,BTCUSD,BUY,7.53,63556.95062,159.08
T102687,2025-08-22,NAS100,BUY,4.33,22157.26097,171.18
T102404,2025-07-25,NAS100,BUY,9.0,22738.0294,3.21
T100631,04-21-2025,Eurusd,BUY,20.88,0.99793,1.58
T102972,08/08/2025,BTCUSD,BUY,27.49,64462.85514,247.21
T100447,05-01-2025,NAS100,BUY,3.59,21219.72145,-165.95
T102081,2025-02-07,EURUSD,BUY,7.55,1.06537,200.72
T102387,2025-07-15,NAS100  ,BUY,25.09,23084.27653,500.73
T102539,2025-09-05,XAUUSD,BUY,6.23,2524.23458,-301.07
T101466,14/08/2025,NAS/100,BUY,10.83,23135.4152,-390.36
T102543,2025-06-26,XAU/USD,SELL,6.51,2704.19817,-242.52
T102348,12/06/2025,BTCUSD,SELL,4.7,64073.09361,4.16
T101440,21/03/2025,NAS100,BUY,5.37,19342.49767,-285.5
T100988,03/02/2025,BTCUSD  ,SELL,5.94,59424.64416,-99.22
T102410,2025-04-11, gbpusd ,SELL,2.47,1.19328,190.58
T102949,2025-03-03,EURUSD,BUY,13.42,1.02884,207.72
T100360,2025-03-18,NAS100,BUY,12.58,19080.46543,91.97
T101915,05-09-2025,EURUSD,SELL,5.65,1.01387,-377.14
T100451,06-17-2025,NAS/100,BUY,16.04,23309.91496,-44.95
T100175,19/05/2025,EURUSD,BUY,2.67,1.01498,-326.65
T102184,2025-01-30,BTCUSD,SELL,10.66,61427.12236,1.45
T102559,2025-02-25, eurusd ,SELL,10.26,1.03818,293.36
T102902,04/09/2025,BTCUSD,BUY,7.78,50678.58184,359.67
T102933,08-28-2025,GBPUSD,SELL,7.5,1.03466,140.91
T102934,2025-03-26,NAS100,SELL,3.93,19116.52915,-443.49
T101004,05-16-2025,BTCUSD,BUY,11.82,60129.77406,378.96
T101128,2025-05-21,BTCUSD,BUY,4.14,59600.92935,284.94
T101887,29/07/2025, nas100 ,BUY,9.24,21956.24586,360.97
T100132,07-04-2025,BTCUSD  ,SELL,9.99,58335.84594,-43.16
T102470,07-03-2025,XAUUSD,SELL,13.63,2717.80972,190.81
T100491,2025-06-02, xauusd ,SELL,3.26,2616.8938,-46.71
T100261,06/01/2025, eurusd ,SELL,19.39,1.07446,8.56
T100684,06-03-2025,NAS100,BUY,11.24,22481.39617,-483.07
T100035,2025-06-18,BTCUSD,BUY,5.05,64480.41834,-181.96
T102955,2025-02-25,NAS100,SELL,9.99,19122.57951,-181.91
T101085,08/04/2025,GBPUSD,BUY,-5.0,1.19292,-96.82
T102541,18/02/2025,NAS100,SELL,5.69,18269.34166,-35.66
T100661,01-16-2025,NAS100,BUY,5.15,17590.3836,
T100172,24/06/2025,XAUUSD,SELL,19.52,2695.99182,
T101358,27/05/2025,GBP/USD,BUY,3.3,1.13863,282.17
T100325,05/05/2025,BTCUSD,BUY,10.6,61686.93657,-320.15
T100441,2025-06-24,EURUSD,SELL,13.53,1.0243,84.92
T102259,29/07/2025,NAS100,BUY,8.66,21975.27064,-190.62
T102520,27/03/2025,EURUSD,BUY,2.39,0.9956,-87.16
T101844,08-28-2025,BTCUSD,BUY,4.5,51821.33764,-194.5
T100230,07-08-2025,NAS100,SELL,8.98,23341.82625,
T101860,01/07/2025,GBPUSD,SELL,1.17,1.148,253.1
T102778,08-21-2025,NAS100,BUY,8.55,22548.56178,-72.51
T101176,06-12-2025,XAUUSD,SELL,10.49,2680.17345,199.32
T102900,2025-05-01,EURUSD,BUY,8.77,1.00127,440.64
T101945,2025-13-01,XAUUSD,SELL,5.46,2726.16466,-42.48
T102461,08/09/2025,BTCUSD,BUY,3.22,53257.15936,-184.06
T101824,20/06/2025,NAS100,SELL,8.67,23631.53361,-304.63
T102552,01-30-2025,BTCUSD  ,SELL,2.54,61367.94025,-132.43
T101185,05/06/2025,XAUUSD,SELL,12.25,2666.79545,
T102366,2025-08-21,GBPUSD,BUY,11.07,1.02522,173.55
T102053,2025-04-08,Xauusd,SELL,7.56,2705.9046,-46.52
T102702,2025-05-12,BTCUSD,SELL,6.25,58497.81022,105.23
T100670,2025-01-23,BTCUSD,SELL,5.76,59912.74629,282.71
T100523,30/06/2025,BTCUSD,BUY,4.83,,69.41
T100151,05-23-2025,XAUUSD,SELL,3.95,2672.36856,
T100361,06-24-2025,GBPUSD,SELL,10.12,1.14184,221.2
T102432,2025-04-02,GBPUSD,SELL,4.51,1.17944,-26.85
T101398,18/08/2025,XAUUSD  ,SELL,8.38,2503.49922,101.32
T101992,17/04/2025,BTCUSD,SELL,15.42,59761.21604,-157.68
T100650,05/06/2025,GBPUSD,BUY,10.97,1.13175,162.67
T101899,2025-07-30,BTCUSD,SELL,4.94,60277.28395,34.86
T101491,09-05-2025,Btcusd,BUY,4.99,51174.92223,424.24
T100735,2025-01-01,EURUSD,SELL,7.45,1.08631,-122.45
T100532,18/08/2025,XAUUSD,SELL,15.56,2502.55064,-359.69
T101111,04-28-2025,NAS100,BUY,17.82,20542.1202,-185.1
T100062,06-20-2025,GBPUSD,BUY,4.36,1.12418,-160.17
T101052,2025-09-02,GBPUSD,SELL,4.13,1.05216,19.77
T102837,25/04/2025,EURUSD,BUY,8.79,1.00066,12.67
T102810,2025-05-27,NAS100,BUY,4800.0,22765.57239,-84.02
T101911,2025-06-09,XAUUSD,BUY,20.06,2693.84045,117.63
T102846,04-09-2025,EURUSD,SELL,8.45,0.98976,361.37
T100280,07-31-2025,EURUSD,BUY,5.23,1.05129,438.87
T100900,2025-03-17,GBPUSD,BUY,11.8,1.18433,-20.76
T101929,2025-09-08,EURUSD  ,SELL,2.24,1.04312,-99.85
T100066,09-02-2025,BTCUSD,SELL,3.38,54040.43769,-47.98
T100044,2025-06-17,XAUUSD,BUY,5.37,2667.46972,156.99
T100636,25/07/2025,NAS100  ,SELL,8.13,22665.52538,263.51
T100153,02-11-2025,NAS100,BUY,14.17,17870.74261,-5.63
T100342,07-15-2025,NAS100,BUY,4.96,22929.83725,65.33
T102575,16/07/2025,XAUUSD,BUY,3.48,2672.41788,341.05
T102710,06-17-2025,XAUUSD,BUY,3.82,2655.42012,310.19
T100971,06-16-2025,BTC/USD,SELL,6.19,65987.9487,-90.09
T100476,03-21-2025,BTCUSD,BUY,4.38,61724.9528,-31.61
T101845,05-26-2025,NAS100,SELL,8.43,22248.35888,-3.63
T100707,03-27-2025,XAUUSD,BUY,5.41,2614.96103,-136.61
T102418,24/04/2025,EURUSD,SELL,15.18,1.00448,14.85
T102734,08/08/2025,XAUUSD,SELL,5.72,2449.41989,223.82
T100018,2025-07-18,EURUSD,SELL,9.81,1.03177,-256.82
T100301,07/05/2025,NAS/100,SELL,13.1,21160.99767,-535.84
T101627,2025-01-28,EURUSD,SELL,3.71,1.06485,12.62
T101284,11/04/2025, btcusd ,SELL,9.28,60284.54687,-126.96
T100981,14/07/2025,XAUUSD,SELL,10.02,2634.21135,172.51
T101885,02-24-2025,NAS100,SELL,4.16,18909.44228,211.62
T102295,16/05/2025,GBPUSD,BUY,2.81,1.14741,-296.88
T102400,01-14-2025,Xauusd,SELL,4.3,2509.71268,-126.44
T101873,2025-03-05,XAGUSD,SELL,10.4,66154.74291,282.22
T101639,29/07/2025,GBPUSD,SELL,9.81,1.05477,543.71
T102967,2025-03-31,GBPUSD,BUY,7.29,1.1749,-174.74
T101651,15/01/2025,XAUUSD,SELL,9.14,2491.15019,-42.09
T100432,2025-06-25, btcusd ,BUY,3.88,63915.65756,18.71
T100588,2025-06-12,EURUSD,BUY,3.77,1.04085,244.82
T100642,2025-03-07,BTCUSD,SELL,5.56,70421.43829,-163.42
T102330,04-25-2025, xauusd ,BUY,4.3,2753.04389,-52.25
T102378,05/02/2025,NAS100,SELL,5.65,17752.8733,45.06
T102682,07-22-2025,BTCUSD,BUY,13.67,66491.36007,49.55
T101401,2025-06-27,NAS100,SELL,19.32,23394.12432,-68.92
T102353,29/04/2025,XAUUSD,BUY,4.29,2711.32951,136.76
T101765,2025-01-01,EURUSD,SELL,7.63,1.08603,95.68
T101267,04-28-2025, eurusd ,SELL,10.4,1.0034,
T100641,04-17-2025,XAUUSD,SELL,2.39,2718.59354,178.98
T101298,05-30-2025,NAS100,BUY,2.37,22405.51446,111.71
T100260,12/05/2025,GBPUSD,BUY,8.82,1.14915,216.91
T100216,14/02/2025,NAS100,BUY,7.13,18033.39589,206.24
T102768,05-09-2025, gbpusd ,BUY,23.22,1.13997,-243.9
T102136,29/07/2025,NAS100,BUY,24.18,21991.92619,310.13
T101666,2025-04-07,BTCUSD,BUY,5.44,58943.2819,-21.23
T102270,28/03/2025,XAUUSD,SELL,12.64,2601.91412,-296.88
T100430,10/02/2025,GBPUSD,BUY,9.45,1.2373,373.99
T102833,06/02/2025,EURUSD,BUY,5.5,1.0536,42.11
T100014,2025-04-08,BTCUSD,SELL,6.81,59770.88484,167.59
T100649,2025-01-03,BTCUSD,SELL,6.14,61801.11654,-103.57
T102198,2025-05-07,NAS100,BUY,2.61,21177.07702,266.37
T102941,2025-06-26,Gbpusd,BUY,6.09,1.1493,127.23
T101209,2025-02-19,XAUUSD,BUY,1.99,2642.127,-645.23
T101574,05-14-2025,BTCUSD,BUY,7.21,56692.19416,298.73
T101054,2025-05-22,XAUUSD,SELL,3.92,2653.4798,145.97
T102360,2025-03-13,XAUUSD,SELL,5.8,2784.96545,18.34
T100470,10/02/2025,NAS100,BUY,11.17,17972.46679,7.56
T102173,2025-02-26,BTCUSD,BUY,5.26,64102.39442,371.87
T102048,05/02/2025,EURUSD,BUY,9.98,,212.36
T101167,2025-04-03,Xauusd,SELL,11.07,2636.5569,101.13
T102220,30/06/2025,NAS100  ,SELL,2.86,23310.72224,-217.19
T101853,05/06/2025,EURUSD,BUY,4.27,1.02518,74.85
T102412,2025-01-30,XAUUSD,SELL,10.48,2625.33556,344.23
T102217,01-17-2025,EURUSD,BUY,14.54,1.03788,-159.6
T100663,2025-03-26,NAS100,SELL,22.63,19096.42181,374.51
T100967,2025-13-01,BTCUSD,BUY,6.79,59309.1259,-117.51
T100611,2025-07-15,EURUSD,BUY,5.76,1.01807,-3.33
T101908,05-26-2025,EURUSD,BUY,9.15,1.02362,-344.36
T100749,05-28-2025,EURUSD,BUY,12.11,1.02873,223.25
T100393,2025-01-30,GBPUSD,BUY,5.59,1.27007,230.26
T100549,01-10-2025,XAUUSD  ,BUY,12.4,2532.22101,-146.12
T101943,17/02/2025,NAS100,SELL,6.11,18548.41844,-347.12
T102112,03-14-2025,NAS100,SELL,19.21,19545.19351,-60.04
T100888,04-29-2025,NAS100,SELL,2.82,20561.38803,184.52
T102695,24/02/2025,XAUUSD,BUY,12.71,2621.22105,-291.22
T102084,06-03-2025,Nas100,SELL,5.95,22610.818,-240.25
T102915,05/02/2025,GBPUSD,BUY,18.89,1.2486,294.54
T102122,07-29-2025,EUR/USD,SELL,9.72,1.04659,-117.91
T100404,22/01/2025,BTCUSD,SELL,6.49,59635.41303,-205.37
T101286,2025-08-04,BTCUSD,SELL,3.29,63683.06902,300.17
T100199,03/01/2025,BTCUSD,SELL,1.98,61815.35617,-154.39
T100069,2025-03-31,XAUUSD,SELL,3.17,2605.89941,67.23
T102344,07-31-2025,Gbpusd,SELL,4.14,1.04615,39.94
T102035,29/04/2025,XAUUSD,BUY,17.26,2713.54556,129.71
T102502,19/08/2025,BTCUSD,SELL,3.7,54467.96117,106.37
T101448,2025-02-19,EUR/USD,SELL,5.25,1.04496,244.7
T100553,13/01/2025,GBPUSD,BUY,7.6,1.29424,243.04
T102596,08-01-2025,GBPUSD,BUY,9.4,1.04836,-139.18
T100061,2025-04-02,XAUUSD,BUY,2.49,2626.24302,-60.4
T100725,08-01-2025,XAUUSD,SELL,7.96,2511.16034,127.68
T100686,31/01/2025,Nas100,SELL,13.44,18179.30303,222.75
T101613,2025-01-13,EURUSD  ,SELL,3.92,1.05585,-348.75
T101559,02-28-2025,EURUSD,BUY,7.36,1.03008,-57.02
T100921,2025-04-08,BTCUSD,BUY,5.31,59835.68758,37.14
T100758,2025-02-17,XAUUSD,SELL,9.84,2638.08104,258.6
T102566,2025-02-25,XAUUSD,SELL,6.81,2691.62713,-3.84
T102381,2025-01-07,GBPUSD,SELL,17.11,1.28941,2.03
T101770,2025-03-03,GBPUSD,BUY,5.06,1.20592,156.66
T101005,03-12-2025,NAS100,SELL,4.41,19973.62773,342.7
T101396,12/02/2025,GBPUSD,SELL,3.15,1.23025,-83.51
T102246,02/04/2025,BTCUSD,BUY,11.3,55702.72535,-206.95
T101846,06/02/2025,BTCUSD,BUY,14.38,62139.0699,-276.0
T102611,03/06/2025,NAS100,SELL,18.6,22566.27523,-163.25
T101632,2025-08-04,NAS100,BUY,10.57,22739.17255,42.62
T101792,2025-08-05,NAS100,SELL,4.04,22480.15941,-212.14
T100236,01-27-2025, nas100 ,BUY,8.07,18568.19277,
T101150,07-22-2025,XAUUSD,SELL,15.42,2626.84094,497.12
T101986,30/05/2025,BTCUSD,BUY,5.3,58754.74907,48.89
T102926,09/09/2025,NAS100,BUY,15.09,22575.2627,-32.44
T100296,22/07/2025,BTCUSD  ,BUY,1.26,66465.52684,-501.34
T102756,2025-06-20,NAS100,BUY,9.73,23707.92444,-175.34
T101883,2025-05-14,NAS100,BUY,3.9,21381.98955,64.76
T102547,08-05-2025,TEST,SELL,1.71,2477.15359,-208.48
T100658,2025-05-15,GBPUSD,SELL,6.38,1.15291,294.85
T101435,2025-08-08,GBPUSD,BUY,2.35,1.04964,120.76
T101265,02/07/2025,GBPUSD,SELL,8.67,1.14881,-426.95
T101567,06/03/2025,NAS100,SELL,7.31,19193.99908,218.91
T101558,07-25-2025,NAS100,SELL,10.56,22683.99759,109.52
T102051,06-03-2025,NAS100,SELL,2.75,,-33.51
T102438,05-13-2025,NAS100,SELL,7.21,21732.15757,365.47
T102350,31/02/2025,XAUUSD,BUY,13.34,2587.95325,-155.57
T101183,2025-08-18,GBPUSD,BUY,7.45,1.02928,458.75
T100564,05-09-2025,EURUSD,BUY,6.94,1.00867,236.31
T102637,04-22-2025,BTCUSD,SELL,9.0,60552.64845,214.78
T100130,23/01/2025,GBPUSD,BUY,17.52,1.26817,205.66
T102358,24/03/2025,BTCUSD,SELL,14.03,60885.54657,-449.14
T102569,08-28-2025,EURUSD,SELL,8.55,1.05359,-271.07
T101113,18/07/2025,EURUSD,SELL,18.0,1.03053,108.39
T101663,06/08/2025, xauusd ,SELL,5.83,2429.61196,-420.04
T100181,2025-02-27,EURUSD,SELL,6.45,1.03231,477.9
T102351,05/05/2025,EURUSD,SELL,3.54,1.00789,-9.11
T101465,2025-04-22,EURUSD,SELL,10.64,0.99156,273.09
T101311,04-21-2025,XAUUSD,BUY,8.1,2785.22669,156.03
T100906,16/06/2025, eurusd ,SELL,7.35,1.0325,11.53
T101043,2025-03-31,XAU/USD,SELL,6.62,2602.71162,-91.55
T100154,04-15-2025,XAUUSD,SELL,9.55,2745.08623,198.22
T102399,2025-01-30,XAUUSD,BUY,8.29,2622.9123,-59.22
T102592,20/02/2025,EURUSD,SELL,5.38,1.04658,202.54
T102192,2025-02-14,GBPUSD  ,SELL,33.94,1.22166,79.56
T101233,2025-08-05,GBPUSD,SELL,3.02,1.05827,372.95
T102211,07-31-2025,EURUSD,BUY,4.7,1.05445,241.05
T101304,04-14-2025,EURUSD,BUY,10.59,1.00349,-36.79
T101195,2025-09-03,NAS100,BUY,6.78,22499.65775,-220.95
T101076,2025-08-27,BTCUSD,SELL,10.8,52433.8426,-92.33
T102336,11/04/2025,BTCUSD,BUY,13.69,60493.52238,40.56
T101620,03-21-2025,XAUUSD,SELL,4.74,2713.78292,-183.1
T102201,2025-07-01,EURUSD,BUY,9.98,1.01828,600.63
T102604,13/02/2025,BTCUSD,SELL,4.66,69222.53546,-469.42
T101719,2025-06-13, eurusd ,SELL,4.76,1.02457,69.86
T100628,07-21-2025,GBPUSD,SELL,6.52,1.086,35.29
T101159,24/02/2025,BTCUSD  ,BUY,6.47,62596.80647,-20.32
T100087,2025-08-12, xauusd ,SELL,6.37,2512.82401,337.21
T101204,2025-02-24,BTCUSD,BUY,11.29,62877.87055,
T101627,2025-01-28,EURUSD,SELL,3.71,1.06485,12.62
T101354,17/06/2025,GBPUSD,BUY,7.37,1.11146,-84.88
T102649,2025-04-15,XAUUSD,BUY,3.42,2739.67768,-14.63
T100577,04-28-2025,NAS100,SELL,5.7,20555.22106,-448.05
T102413,02/07/2025,XAUUSD,BUY,15.89,2693.02942,460.13
T100169,06-18-2025, nas100 ,SELL,16.79,23028.82295,-39.7
T102116,2025-05-14,EURUSD,BUY,12.32,1.00583,-64.27
T100243,24/01/2025,XAUUSD,BUY,6.24,2587.69748,-402.17
T102133,17/04/2025,NAS100,BUY,4.49,19924.89038,340.89
T102512,01-13-2025,EURUSD,BUY,11.59,1.05976,-134.45
T100141,2025-08-06,BTCUSD,BUY,6.58,64439.93803,-435.0
T101234,01-02-2025,GBPUSD,SELL,10.93,1.276,37.85
T100113,01-10-2025, btcusd ,SELL,4.19,58666.13203,-273.61
T100652,22/07/2025,NAS100,SELL,11.13,22448.77502,22.86
T100819,19/03/2025,GBPUSD,SELL,18.02,1.18319,13.43
T100533,06-09-2025,BTCUSD,SELL,2.02,63200.00979,-149.87
T102581,07-04-2025,XAUUSD,SELL,10.28,2753.87234,205.19
T100627,26/06/2025,EURUSD,SELL,4.49,1.01978,154.05
T100177,05-01-2025,XAUUSD,SELL,5.62,2715.55326,-88.01
T100107,27/02/2025,EURUSD,SELL,2.4,1.03087,-194.6
T101065,31/01/2025,NAS100,BUY,8.61,18192.89525,-141.72
T102806,05/03/2025,GBPUSD,SELL,6.68,1.19327,-342.62
T101725,02-11-2025,Btcusd,BUY,21.48,66896.36177,
T101057,06-06-2025,EURUSD  ,SELL,5.25,1.0338,36.21
T101394,03-27-2025,XAUUSD  ,SELL,4.98,2611.60955,-65.06
T102462,07-22-2025,XAUUSD,SELL,3.69,2625.61018,
T101849,2025-01-27,XAUUSD,BUY,5.63,2589.15866,17.65
T102769,04/07/2025,EURUSD,SELL,6.91,1.01696,-154.25
T102630,05/06/2025,XAUUSD,BUY,5.39,2664.76468,141.4
T101876,25/06/2025,EURUSD,SELL,5.54,1.02008,-248.37
T102276,05/08/2025,NAS100,BUY,6.54,22386.26176,76.58
T100983,2025-04-25,XAUUSD,SELL,9.95,2742.73347,-682.38
T102126,03-21-2025,XAUUSD,BUY,6.47,2713.38951,277.19
T100474,11/03/2025,EURUSD  ,SELL,5.78,,-233.73
T101020,06-27-2025, eurusd ,BUY,15.43,1.02681,193.06
T100898,2025-06-13,Xauusd,BUY,7010.0,2647.2292,-240.93
T100187,01-13-2025,GBPUSD,BUY,7.93,1.29373,-146.76
T101515,29/04/2025,EURUSD,SELL,4.72,1.00516,-194.94
T101021,06-04-2025,EURUSD,SELL,3.3,1.03029,-169.55
T101476,2025-07-15,EURUSD,SELL,13.31,1.01785,-27.32
T100928,2025-04-11,BTCUSD,SELL,6.71,60303.90835,-99.3
T100746,2025-07-09,GBPUSD,BUY,6.31,1.11614,38.05
T100388,2025-07-29,GBPUSD,SELL,7.24,1.05454,69.79
T101745,17/02/2025,BTCUSD,BUY,7.97,71218.98451,357.34
T101141,05-07-2025,NAS100,SELL,7.53,21195.16738,-284.86
T101614,04-17-2025,BTCUSD,SELL,3.1,59628.38459,-275.33
T101135,2025-02-17,GBPUSD,BUY,5.82,1.22845,-229.3
T100692,2025-08-22,GBPUSD,SELL,8.33,1.02885,44.7
T101264,06-09-2025,EUR/USD,BUY,24.32,1.03625,-275.2
T101692,09-04-2025,XAUUSD,BUY,11.69,2532.52167,469.8
T101503,01/01/2025, eurusd ,SELL,3.57,1.08676,51.65
T100370,06-27-2025,BTCUSD,SELL,5.86,64415.78671,86.29
T102747,19/05/2025,XAUUSD  ,BUY,7.5,2692.84893,9.28
T101816,08/07/2025,GBPUSD,SELL,16.13,1.12481,-115.76
T101549,01/08/2025,EURUSD,BUY,9.95,1.0501,252.8
T100461,2025-03-10,NAS100,SELL,2.9,19199.6125,580.23
T100413,20/02/2025,BTCUSD,SELL,6.05,64043.18924,315.58
T102503,09-01-2025,XAU/USD,SELL,23.89,2530.98166,-480.61
T100824,2025-04-18,XAUUSD,SELL,8.4,2769.11518,122.66
T102066,19/06/2025,XAUUSD  ,SELL,16.81,2727.90693,-136.33
T100318,13/08/2025,GBPUSD,BUY,7.56,1.04102,-81.07
T101067,08-07-2025,GBPUSD,BUY,6.17,1.04743,-307.26
T101908,05-26-2025,EURUSD,BUY,9.15,1.02362,-344.36
T102267,19/08/2025,EURUSD,BUY,5.7,1.05237,-124.34
T100619,04-23-2025,NAS100,BUY,7.67,20467.74691,254.3
T101443,28/08/2025,GBPUSD,BUY,20.44,1.03564,-137.17
T102513,21/07/2025,BTCUSD,SELL,13.56,69164.68016,
T102501,2025-03-31,NAS100,BUY,8.19,18882.41406,-115.01
T100803,01/07/2025,EURUSD,SELL,8.32,1.01814,10.52
T100251,08-06-2025,NAS100,SELL,8.8,22612.57391,198.33
T102474,2025-06-19,EURUSD,BUY,14.8,1.0208,44.11
T102325,2025-08-22,EURUSD,SELL,8.16,1.06009,172.0
T101640,07-10-2025,XAUUSD,SELL,6.72,2651.39165,200.93
T101023,07/02/2025,BTCUSD,SELL,2.59,64191.52951,-158.26
T102844,05-15-2025,NAS100,BUY,6.24,21430.02003,-34.9
T101716,09/01/2025,EURUSD  ,SELL,6.98,1.07038,-381.94
T100090,15/05/2025,GBPUSD,SELL,10.43,1.14368,-321.38
T101512,08-18-2025,XAUUSD,SELL,5.48,2490.84444,131.32
T101721,06/03/2025,EURUSD,BUY,13.98,1.02129,-59.6
T100188,2025-06-04,XAUUSD,SELL,4.57,2653.38759,-112.86
T100327,2025-01-24,GBPUSD,BUY,23.46,1.27679,45.97
T100733,19/02/2025,GBPUSD,BUY,4.01,1.22512,117.62
T102463,16/04/2025,EURUSD,BUY,5.58,1.00281,223.58
T101386,01/08/2025,BTCUSD,SELL,9.5,61823.82839,345.66
T102489,01/01/2025, nas100 ,SELL,12.06,17753.76874,135.42
T101132,03-13-2025,EURUSD,BUY,9.11,1.01746,-173.35
T102819,21/01/2025,EURUSD,SELL,2.64,1.05268,138.35
T100938,2025-06-20,NAS100,BUY,8.76,23634.11717,-153.49
T101524,21/03/2025,GBPUSD  ,BUY,8.55,1.17916,-15.24
T101761,28/07/2025,EURUSD,SELL,5.0,1.05619,-188.8
T100941,01-27-2025,NAS100,BUY,7.56,18586.86013,-284.71
T102617,01/01/2025,NAS/100,SELL,5.04,17770.54267,-297.77
T100878,2025-04-30, gbpusd ,BUY,7.97,1.15637,167.2
T102375,2025-07-14,XAUUSD,SELL,11.76,2635.08794,200.2
T100503,2025-03-13,BTCUSD,BUY,20.66,62667.62101,52.84
T102318,21/04/2025,NAS100,SELL,9.03,19863.01945,358.23
T101727,05-02-2025,EURUSD,BUY,7.47,1.00202,-328.28
T101013,2025-02-07,GBPUSD,SELL,8.07,1.23364,-240.71
T101338,2025-13-01,GBPUSD,BUY,8.92,1.18739,61.91
T101174,01/04/2025,XAUUSD,BUY,5.51,2643.20315,-52.14
T100000,2025-04-22,GBPUSD,SELL,2.64,1.17527,-262.88
T101777,04/09/2025,NAS100,BUY,3.4,23104.30362,-315.28
T102565,08-12-2025,BTCUSD,SELL,11.82,61249.35968,310.5
T102665,06-17-2025,GBPUSD,SELL,5.17,1.10974,-24.36
T102920,08-27-2025,BTCUSD,BUY,3.28,52631.85146,
T100667,14/02/2025,XAUUSD,SELL,6.07,2637.6592,-144.19
T102822,06/08/2025,BTCUSD,SELL,6.05,64549.11071,320.32
T100676,2025-08-01,NAS100,SELL,5.97,22848.35068,-66.19
T101966,23/06/2025, btcusd ,BUY,5.75,66131.07621,32.67
T101904,02-17-2025,EURUSD,BUY,5.82,1.04381,56.84
T100139,2025-06-11,BTCUSD,SELL,5.77,65487.54593,-28.32
T101123,11/04/2025,BTCUSD,SELL,4.24,60360.59205,-116.19
T100767,2025-03-24,GBPUSD,BUY,17.71,1.17063,115.7
T100567,05-15-2025,EURUSD,BUY,6.25,1.00123,-418.19
T102269,08-20-2025,BTCUSD,SELL,11.78,56616.12759,-279.72
T102891,17/04/2025,GBPUSD,SELL,5.68,1.19242,-328.81
T102885,2025-07-29,GBPUSD,SELL,11.33,1.05201,
T101488,2025-04-08,XAU/USD,SELL,29.79,2698.67919,47.68
T102977,24/03/2025,XAUUSD,BUY,10.23,2722.2867,-58.11
T100589,2025-02-05,XAUUSD,SELL,5.36,2703.47755,24.69
T100992,06-09-2025,GBPUSD,BUY,3.64,1.11328,-568.7
T101227,2025-06-12,GBPUSD,BUY,5.06,1.11109,38.1
T100575,30/04/2025,BTCUSD,SELL,5.79,62138.553,
T102544,06/05/2025,GBPUSD,BUY,3.37,1.14939,-365.23
T100398,10/01/2025,BTCUSD,BUY,8.67,58641.83608,-562.81
T101342,28/02/2025,EURUSD,SELL,1.67,1.02849,131.1
T101539,01/01/2025,BTCUSD,BUY,4.64,61797.36679,-9.61
T100721,03-27-2025,NAS100,SELL,9.42,18827.31259,-54.24
T101781,21/01/2025,EURUSD,BUY,13.79,1.05362,-182.93
T102339,2025-08-08,GBPUSD,BUY,6.36,1.0472,
T100710,08-08-2025,XAUUSD,BUY,12.3,2437.20953,177.97
T100598,19/06/2025, btcusd ,SELL,11.29,63878.65522,304.43
T101494,02/01/2025,BTCUSD,SELL,9.53,60924.95594,-67.45
T101841,07-02-2025,EURUSD,BUY,15.06,1.02191,323.46
T102464,2025-08-15,GBPUSD,BUY,19.64,1.02533,-92.4
T102480,24/07/2025,GBPUSD,BUY,13.12,1.06179,311.41
T101455,2025-06-04,XAUUSD,BUY,7.24,2634.96234,-330.95
T100109,09/09/2025,BTCUSD,SELL,16.81,56027.54928,-51.18
T102106,01-29-2025,NAS100,SELL,7.57,18234.7052,-117.54
T101070,01/07/2025,EURUSD,BUY,8.47,1.01929,292.37
T100780,2025-04-01,XAUUSD,BUY,10.56,2630.61186,357.53
T102836,2025-08-19,BTCUSD,BUY,7.14,54606.44051,-222.88
T101888,2025-06-20,BTCUSD,BUY,3.83,65613.41446,37.74
T100534,06/05/2025,NAS100,BUY,4.65,21233.73557,
T100408,2025-01-01,BTCUSD,BUY,12.82,62014.18169,-68.19
T102758,25/08/2025,GBPUSD,BUY,6.81,1.02969,-285.2
T100264,01/07/2025,EURUSD,SELL,12.91,1.02041,-369.52
T100587,2025-03-04,XAUUSD,BUY,2.68,2764.03038,33.94
T100810,2025-06-16,XAUUSD,SELL,14.43,2663.60131,165.32
T101437,29/08/2025,XAUUSD,SELL,8.23,2507.70799,143.59
T102963,25/02/2025,XAU/USD,BUY,13.54,2687.05719,-168.65
T101393,2025-03-18,NAS100,SELL,9.79,19088.78189,-236.48
T101165,2025-06-03,NAS100,BUY,5.39,22430.31492,-421.18
T100226,2025-07-11,BTCUSD,BUY,11.33,59289.45151,258.67
T100935,18/03/2025,Eurusd,SELL,5.11,1.00792,384.83
T100192,2025-08-29,Btcusd,SELL,10.31,51206.61568,-25.19
T101300,06/02/2025,BTCUSD,BUY,7.84,62053.30751,25.88
T102523,15/01/2025,GBPUSD,BUY,6.25,1.28362,-212.33
T102954,03-06-2025,BTCUSD,SELL,11.84,65685.78673,460.29
T100223,2025-06-16,GBPUSD,SELL,12.37,1.10691,267.75
T102349,05-07-2025,EURUSD,BUY,13.7,1.00863,343.35
T100950,2025-05-21,XAUUSD,BUY,6.97,2688.57303,98.27
T101830,08-11-2025,BTCUSD,BUY,4.93,62396.0263,-444.86
T101131,13/02/2025,NAS100,BUY,3.75,17717.4001,-147.21
T101744,17/04/2025,GBPUSD,SELL,5.17,1.19063,260.05
T102762,20/08/2025,GBPUSD,BUY,3.26,1.02964,-74.63
T102757,05-19-2025,EURUSD,BUY,2.04,,14.58
T102486,07/07/2025, eurusd ,SELL,10.25,1.01329,
T100582,02-24-2025,EURUSD,BUY,14.95,1.0359,-299.02
T100072,07-23-2025,NAS100,SELL,8.74,22885.92545,181.65
T102899,01-20-2025,NAS100  ,BUY,6.76,17695.82779,
T101879,06-05-2025,XAUUSD,BUY,3.22,2669.42265,-124.71
T102718,2025-08-04,BTCUSD  ,BUY,9.62,63490.21912,62.72
T100964,24/07/2025,BTCUSD,SELL,10.91,63449.44794,79.56
T102859,05-20-2025,NAS/100,BUY,16.63,21359.16232,10.22
T102152,2025-02-06,GBPUSD,BUY,26.18,1.24627,120.47
T101861,11/02/2025,XAUUSD,SELL,6.56,2639.12342,171.96
T101324,24/01/2025,GBPUSD,BUY,4.64,1.27423,-103.09
T100104,03-24-2025,XAUUSD,SELL,5.05,2715.46463,537.53
T100955,2025-01-16,XAUUSD,SELL,4.01,2500.67901,108.01
T102394,03/01/2025,NAS100,BUY,14.64,17532.19887,245.73
T101722,05-28-2025,XAUUSD,BUY,19.76,2686.98615,-226.78
T102855,02-21-2025,BTCUSD,SELL,2.49,63000.2872,46.77
T100512,09-03-2025,EURUSD,BUY,8.31,1.02645,275.18
T100838,04-07-2025,NAS100,BUY,9.76,20262.00718,116.01
T100939,15/08/2025,GBPUSD,SELL,2.36,1.02667,-573.95
T100399,06-24-2025,NAS100,SELL,5.12,23464.70691,-37.99
T100303,09/09/2025,NAS100,BUY,4.19,22620.3069,398.06
T100473,03/03/2025,BTCUSD,BUY,5.65,62568.57547,677.11
T101580,2025-08-14,BTCUSD,SELL,12.34,55247.62567,-48.61
T102921,17/04/2025,BTCUSD,SELL,4.78,59745.19678,204.6
T100893,06/03/2025,GBPUSD,BUY,28.63,1.18404,113.46
T100918,2025-01-24,BTC/USD,SELL,6.49,61754.62064,-373.03
T100750,13/02/2025,Nas100,SELL,6.98,17739.71806,262.33
T101916,28/04/2025,NAS100,BUY,18.33,20539.20979,108.94
T100108,09-04-2025,BTCUSD,SELL,11.67,50463.84719,92.76
T102174,2025-06-06,XAUUSD,SELL,5.45,2663.00433,-360.86
T102055,2025-06-09,GBPUSD,SELL,4.31,1.11253,-87.99
T101915,05-09-2025,EURUSD,SELL,5.65,1.01387,-362.11
T100386,08-11-2025, btcusd ,SELL,5.23,62682.24926,257.3
T102589,29/07/2025,BTCUSD,BUY,18.0,63774.46493,-116.29
T100959,2025-01-20,EURUSD,SELL,7.23,1.05297,-79.15
T100409,2025-04-07,EURUSD,BUY,10.41,0.98804,-251.84
T100411,2025-05-15, btcusd ,SELL,4.54,59332.3552,-17.14
T100392,2025-05-19,GBPUSD,BUY,4.64,1.1532,251.95
T101208,16/04/2025,GBPUSD,BUY,5.66,1.1835,-67.3
T100957,02/09/2025,NAS100,SELL,8.66,22890.08216,17.85
T101950,27/01/2025,EURUSD,SELL,7.72,1.0603,122.66
T102780,30/04/2025,NAS100,SELL,11.04,21115.2538,27.54
T102975,2025-08-13,BTCUSD,BUY,10.94,57939.17764,-502.48
T100506,03-28-2025,NAS100,BUY,14.11,18820.26151,-406.54
T100944,03-11-2025,XAUUSD,BUY,6.63,2804.1874,-169.88
T101155,2025-03-17,NAS/100,BUY,7.45,19242.73802,-373.11
T101603,2025-07-02,BTCUSD,BUY,29.33,59579.04483,365.32
T101092,2025-04-23,BTCUSD,SELL,10.56,60783.86227,22.5
T100942,07-16-2025,XAUUSD,BUY,3.82,2685.68578,-264.96
T102046,2025-02-07,GBPUSD,SELL,2.52,1.23438,88.73
T100366,04-25-2025,GBPUSD,BUY,7.38,1.16755,292.17
T102731,2025-04-30,EURUSD,BUY,21.24,0.99745,-531.35
T101361,09/01/2025, gbpusd ,BUY,19.22,1.29105,-466.42
T102453,2025-08-01, btcusd ,SELL,2.79,61764.0365,-521.51
T102275,2025-08-25,NAS100,SELL,8.04,22043.94304,53.72
T100545,2025-01-30,NAS100,BUY,3.62,17994.18768,495.17
T100986,02-10-2025, gbpusd ,BUY,8.2,1.23879,369.38
T101270,2025-07-01,GBPUSD,SELL,4.51,1.1523,-9.06
T100487,13/08/2025,BTCUSD,SELL,3.78,57966.23754,-0.93
T100263,02-18-2025,XAUUSD,BUY,13.11,2645.44613,-216.42
T102012,05/08/2025,GBP/USD,SELL,16.57,1.05633,43.41
T102624,2025-06-13,NAS100,SELL,5.79,23117.7168,51.76
T101990,2025-07-14,EURUSD,SELL,1.62,1.01776,70.2
T101147,12/03/2025,NAS100,BUY,10.8,19936.98273,-261.38
T101996,08-05-2025,GBP/USD,BUY,8.2,1.05227,-68.18
T102283,05-14-2025,XAUUSD,BUY,21.49,2709.32246,44.86
T102286,28/02/2025,EURUSD,SELL,4.08,1.0309,-227.98
T100580,17/04/2025,XAUUSD,BUY,3.06,2712.21038,-44.24
T102591,2025-03-17,NAS100,SELL,6.16,19205.43583,489.67
T100601,25/03/2025,EURUSD,BUY,11.71,1.00364,467.02
T102869,25/06/2025,BTCUSD,BUY,10.01,63593.65936,-159.59
T101232,2025-05-26,BTCUSD,BUY,8.92,58679.81253,365.31
T102482,01-15-2025,BTCUSD,BUY,2.59,56426.25331,-9.96
T102028,2025-06-26,NAS100,SELL,1.62,23576.95372,-302.84
T100968,2025-02-06,BTCUSD,SELL,3.55,61735.61572,
T102108,05/09/2025,BTCUSD,SELL,6.63,51172.84905,-42.74
T100189,21/02/2025,NAS100  ,SELL,6.11,18511.9369,-136.22
T100215,06-09-2025,NAS100,BUY,27.93,23621.71102,-155.61
T101988,2025-03-05,GBPUSD,BUY,11.69,1.19063,-110.29
T101177,19/05/2025,NAS100,BUY,12.71,21602.9283,416.08
T100783,2025-07-14,BTCUSD,BUY,2.38,59683.49605,196.49
T102105,2025-03-13,GBPUSD,SELL,7.03,1.18422,121.0
T102039,05-09-2025,BTCUSD,SELL,6.07,591272.8994,-211.74
T102235,03-12-2025,Xauusd,SELL,5.52,2783.35812,-180.21
T100643,07-01-2025, gbpusd ,BUY,5.79,1.14711,121.03
T102721,01-21-2025,BTC/USD,BUY,14.7,56473.44117,-32.16
T101139,12/02/2025,EURUSD,SELL,1.25,1.03698,409.46
T102909,05-02-2025,GBPUSD,BUY,8.21,1.15758,-38.21
T101219,12/06/2025,EURUSD,SELL,23.11,1.04215,-294.49
T101510,05-22-2025,EURUSD,SELL,14.03,1.02581,414.14
T101215,02/06/2025,BTCUSD,BUY,2.93,59239.99416,88.7
T101582,2025-08-18,GBPUSD,BUY,11.31,1.0316,291.25
T101783,18/06/2025,NAS100,BUY,3.72,23033.33128,199.66
T100450,22/01/2025,BTCUSD,BUY,7.16,59844.74999,214.57
T100695,2025-05-19,NAS100,BUY,8.97,21484.1777,69.11
T102784,17/04/2025,EURUSD,SELL,12.58,0.99759,-47.85
T101200,08/08/2025,GBPUSD,BUY,7.74,1.045,312.98
T100933,06-25-2025,GBPUSD,SELL,20.12,1.14155,-263.54
T101166,07-31-2025,XAU/USD,BUY,3.99,2479.51474,-20.98
T101370,02-04-2025,GBPUSD,BUY,33.86,1.25983,65.39
T101153,2025-04-01,EURUSD  ,SELL,5.37,0.99674,-511.59
T100384,04-14-2025,NAS100,SELL,6.55,19963.25338,62.97
T102534,14/04/2025,GBPUSD  ,SELL,2.16,1.19139,219.59
T100111,05-29-2025,XAUUSD,SELL,4.15,2637.77359,5.38
T101787,08-21-2025,GBPUSD,SELL,3.91,1.02835,172.54
T100459,27/08/2025,XAUUSD,BUY,11.64,2549.71841,-116.53
T102791,09-09-2025,Nas100,SELL,11.61,22635.33112,200.42
T100836,2025-09-05,GBPUSD,BUY,13.98,1.05584,106.09
T102445,2025-02-04,XAUUSD,SELL,13.37,2661.67471,-115.13
T101218,05/02/2025,XAUUSD,BUY,6.34,2705.99527,224.13
T100716,14/04/2025,BTCUSD,SELL,7.93,59894.03878,-367.55
T100418,06-27-2025,XAUUSD,SELL,7.63,2705.59342,-107.49
T101350,11/06/2025,NAS100,BUY,3.37,23549.48736,170.69
T102305,2025-02-24,BTCUSD,BUY,5.03,62752.97682,218.25
T100861,2025-02-13,NAS100,SELL,6.63,17795.74219,266.65
T102010,07-21-2025,BTCUSD,SELL,4.59,68970.10201,-388.34
T101302,06-06-2025, btcusd ,BUY,6.47,64112.08036,-21.04
T100833,07-23-2025,GBPUSD  ,SELL,9.95,1.07766,143.02
T102593,2025-07-14,BTCUSD,SELL,9.49,59606.96243,114.26
T100739,08-20-2025,GBPUSD,BUY,23.4,1.02966,-195.1
T101529,02-20-2025,XAUUSD,SELL,4.23,2616.74289,-7.1
T100954,2025-01-09,EURUSD,SELL,10.32,1.06399,-508.76
T100651,01/09/2025, gbpusd ,SELL,8.12,1.04755,85.22
T100866,01-02-2025,NAS100,BUY,7.85,17838.2814,179.95
T102222,2025-03-14,BTCUSD,SELL,6.8,63701.18762,141.62
T100438,2025-03-05, xauusd ,BUY,5.38,2798.35059,327.46
T100274,02/04/2025,GBPUSD,BUY,9.61,1.17285,256.68
T100794,2025-07-04,EURUSD,SELL,11.27,1.01814,-715.76
T101691,2025-04-02,Gbpusd,BUY,18.82,1.17757,-307.87
T100300,2025-08-12,XAUUSD,SELL,5.12,2511.89715,-302.86
T100376,14/01/2025,NAS100,BUY,7.24,17345.25507,258.49
T101662,18/03/2025,XAUUSD,BUY,16.14,2733.8173,201.44
T101624,07-08-2025,XAUUSD,BUY,19.86,2673.08939,-228.19
T102468,2025-02-12, xauusd ,BUY,7.18,2618.9164,203.34
T100033,04/02/2025,XAUUSD,BUY,4.56,2671.68083,63.91
T102036,2025-06-06,GBPUSD  ,SELL,23.75,1.12405,48.77
T102946,30/07/2025,EURUSD,SELL,6.99,1.05378,-17.1
T102401,2025-01-07,XAUUSD,BUY,10.23,2553.22188,-427.06
T100602,02-13-2025,BTCUSD,BUY,3.8,69230.01277,-204.24
T100876,08-04-2025,NAS100,SELL,4.02,22764.61992,400.24
T100860,2025-02-19,XAUUSD,SELL,6.67,2660.5298,-268.15
T101245,08-26-2025,GBPUSD,BUY,8.41,1.03584,138.37
T101238,16/07/2025,BTCUSD  ,BUY,8.65,66055.12503,-38.88
T102454,04-17-2025, eurusd ,BUY,9.84,0.99866,16.5
T100726,01-07-2025,XAU/USD,SELL,9.67,2553.9391,15.46
T101072,17/07/2025,NAS100,SELL,8.68,22893.67524,404.04
T100858,06-18-2025,NAS100,BUY,3.64,23070.22667,81.31
T101122,31/03/2025,EURUSD,BUY,7.57,0.99624,-344.41
T102868,06/05/2025,NAS100,SELL,3.53,21232.84744,-250.86
T102650,2025-01-01,Xauusd,BUY,6.2,2336.52034,-149.69
T102654,05-05-2025,XAUUSD,SELL,20.56,2659.12689,71.79
T102683,2025-03-03,Gbpusd,SELL,6.9,1.2041,-214.27
T102014,08-26-2025, btcusd ,BUY,4.21,,89.05
T102230,08-14-2025,EURUSD,SELL,16.71,1.04781,-547.43
T101321,2025-08-20,GBPUSD  ,BUY,13.74,1.03128,434.8
T100162,2025-04-02,EURUSD,SELL,3.96,0.99932,45.57
T102693,2025-04-21, gbpusd ,BUY,10.74,1.17608,-336.27
T100560,2025-03-28,NAS100,BUY,9.87,18888.5954,271.4
T101971,07-29-2025,XAUUSD,BUY,11.21,2557.85395,240.44
T100171,26/02/2025,EURUSD,BUY,3.38,1.04031,-371.82
T102753,2025-06-20,Eurusd,BUY,7.13,1.02377,319.38
T100713,2025-08-14,EURUSD,SELL,3.1,1.04959,58.79
T102585,2025-07-02,NAS100,SELL,15.27,23084.40131,271.68
T100336,2025-08-22,XAUUSD,SELL,7.0,2559.27445,97.43
T100951,26/06/2025, eurusd ,BUY,2.6,1.02111,159.3
T101767,06-30-2025,GBPUSD,SELL,7.79,1.15231,105.07
T102203,12/08/2025,NAS100,BUY,5.43,23121.43237,-137.18
T102101,05-14-2025,NAS100,SELL,5.13,21412.03828,-63.93
T102274,2025-02-17,GBPUSD,SELL,11.51,1.22358,-537.72
T101534,04-30-2025,Gbpusd,BUY,4.09,1.15691,-213.9
T100129,01-13-2025,GBPUSD,SELL,5.73,1.29454,456.5
T100907,2025-04-03,GBPUSD,SELL,12.51,1.17942,0.79
T102476,2025-08-15,NAS100,BUY,4.17,22887.0188,183.72
T101880,2025-08-07,GBPUSD,SELL,14.35,1.04728,-97.04
T100688,25/03/2025,BTCUSD,SELL,15.23,59402.81455,-165.93
T101814,07/03/2025,XAU/USD,BUY,20.09,2787.51863,-6.31
T101588,11/07/2025,GBPUSD,BUY,8.48,1.11127,455.32
T102990,05-27-2025,BTCUSD  ,SELL,6.9,57940.13942,66.12
T100023,03/06/2025,EURUSD,SELL,6.43,1.03866,205.8
T100458,2025-02-28,EUR/USD,BUY,17.45,1.02909,-67.43
T102570,04/07/2025,XAUUSD,SELL,5.28,2743.65464,147.1
T100621,2025-06-11,BTCUSD,BUY,7.04,65595.25708,-110.81
T101244,03-28-2025,BTCUSD,BUY,6.83,55346.9283,-292.95
T102989,2025-07-02,BTCUSD,BUY,9.42,59480.23613,119.28
T100768,03-13-2025,NAS100,BUY,16.24,19725.39685,-42.64
T102546,01-07-2025,XAUUSD,SELL,9.58,2549.74784,31.95
T102395,01-10-2025,NAS100,BUY,4.44,17116.45709,330.39
T101246,2025-05-06,GBPUSD,BUY,13.03,1.14827,-162.43
T101295,18/07/2025,GBPUSD,SELL,3.09,1.09605,-377.84
T100728,20/05/2025,XAUUSD,SELL,6.55,2713.94754,113.16
T100620,02-06-2025,XAUUSD,SELL,8.98,2669.35027,138.2
T102467,07-04-2025,Xauusd,BUY,11.79,2754.15673,72.78
T101260,03-26-2025,NAS/100,SELL,1.92,19085.75496,-17.0
T100442,2025-06-26,BTCUSD,SELL,2.34,63789.85723,-232.28
T101379,2025-06-19,GBPUSD,SELL,6.46,1.11943,-376.7
T101838,2025-02-11,BTCUSD,BUY,2.84,66999.50074,-416.2
T102436,16/06/2025,BTCUSD,BUY,5.81,66149.86431,-83.96
T100791,08-22-2025,GBPUSD,SELL,4.89,1.02502,-211.52
T101097,20/05/2025,EURUSD,SELL,6.48,1.00589,
T102291,24/03/2025,BTCUSD  ,SELL,2.94,61008.54056,65.75
T100904,18/02/2025,EUR/USD,BUY,13.3,1.04343,-353.25
T102930,2025-03-05,BTC/USD,BUY,4.58,66250.41683,98.42
T101481,06-30-2025, eurusd ,SELL,13.32,1.0244,-28.57
T101117,05/02/2025,XAUUSD,BUY,2.78,2704.21336,75.02
T102812,2025-02-17,BTCUSD,BUY,10.53,70893.39728,224.21
T101041,2025-02-12,XAUUSD,BUY,24.35,2612.25473,-533.04
T101780,2025-05-05,EURUSD,BUY,11.25,1.00345,-275.03
T100723,02-26-2025,EURUSD,SELL,5.48,1.04099,-55.61
T100058,03-04-2025,EURUSD,SELL,14.44,1.03444,-234.8
T101566,2025-03-31,XAUUSD,SELL,35.05,2615.58964,-222.83
T101838,2025-02-11,BTCUSD,BUY,2.84,66999.50074,-416.2
T101794,08-05-2025,NAS100,SELL,14.46,22441.84155,-185.31
T102083,26/03/2025,NAS100  ,SELL,5.39,19052.88317,-185.15
T102704,08-18-2025,NAS100,SELL,11.23,22983.24198,270.01
T100781,31/01/2025,NAS100  ,SELL,1.91,18146.20848,-52.78
T100031,07/07/2025,BTCUSD,SELL,10.09,58091.34493,494.6
T102647,03-10-2025,NAS100,SELL,9.95,19118.52451,-263.52
T100892,2025-07-01,GBPUSD,BUY,6.54,1.15052,-387.61
T101537,29/04/2025,NAS100,SELL,10.61,20620.25345,-168.57
T102860,01/01/2025,NAS100,BUY,16.01,17791.48437,432.9
T101854,03-13-2025,NAS/100,SELL,8.63,19747.14951,-246.83
T100970,04-11-2025,XAUUSD,SELL,9.36,2743.46981,-436.62
T102143,06-05-2025,GBPUSD,SELL,5.55,1.12465,52.36
T101932,16/01/2025,EURUSD,BUY,13.98,1.04854,12.93
T100565,2025-04-18,EURUSD,BUY,7.7,0.99897,-181.0
T102517,2025-07-17,GBPUSD,BUY,3.65,1.10031,-694.91
T100221,01/04/2025,XAUUSD,SELL,42.17,2628.33422,-281.27
T101312,07/04/2025,XAUUSD,SELL,7.73,2720.40013,5.77
T102867,06-03-2025,EURUSD,SELL,11.42,1.03239,378.62
T101750,13/05/2025,XAUUSD,SELL,2.11,2662.71576,-53.86
T100146,05-22-2025,XAUUSD,BUY,9.41,2641.83154,295.13
T102698,25/07/2025,NAS100,SELL,8.6,22598.4619,192.22
T102966,09/04/2025,GBPUSD,SELL,13.84,1.19392,152.34
T102924,05/02/2025,BTCUSD,SELL,14.97,60863.46236,-228.68
T100255,11/08/2025,NAS100,SELL,3.03,22705.22028,117.94
T102076,2025-02-20,EURUSD,BUY,12.44,1.04147,312.24
T102115,01/01/2025,NAS100,SELL,10.94,17756.43229,-293.16
T100161,2025-07-21,NAS100,BUY,11.65,22725.96993,429.16
T100936,2025-01-24,XAUUSD,SELL,13.65,2580.70487,-186.94
T102922,09/04/2025,GBPUSD,SELL,6.86,1.19414,-32.31
T102672,25/03/2025,NAS100,BUY,9.02,19125.46129,-113.26
T102944,05-13-2025,EURUSD,BUY,5.11,1.00264,206.84
T100262,2025-03-07,BTCUSD,BUY,10.12,70454.84369,192.28
T102929,23/07/2025,EURUSD,BUY,18.88,1.0424,
T100276,2025-06-17,NAS100,SELL,7.25,23292.87811,-331.64
T102398,2025-04-08,EUR/USD,SELL,7.18,0.99466,86.9
T101886,2025-04-17,NAS/100,SELL,17.33,19940.02123,65.1
T101709,02-06-2025,EURUSD,BUY,4.55,1.05393,300.89
T102618,03-04-2025, xauusd ,SELL,4.7,2771.9661,140.58
T102643,20/05/2025,XAUUSD,BUY,3.73,2712.46215,-200.9
T101330,01-08-2025,EURUSD,BUY,11.18,1.07021,48.37
T100634,2025-04-23,XAU/USD,SELL,17.18,2782.41097,355.42
T102293,2025-03-28,BTCUSD,SELL,17.42,55456.55692,-220.25
T100201,2025-04-16,BTCUSD,SELL,4.39,59170.65192,-135.97
T100267,03-24-2025,EURUSD,BUY,5.63,1.00059,69.11
T101078,2025-08-13,NAS100,BUY,3.03,22877.33295,-82.5
T100870,08/07/2025,XAUUSD,SELL,18.85,2678.33263,-256.35
T102670,2025-02-10,XAUUSD,SELL,4.89,2617.45875,
T101809,2025-05-14,EURUSD  ,BUY,9.18,1.0073,180.75
T100339,26/02/2025,GBPUSD,BUY,9.45,1.19902,-178.72
T101289,12/02/2025,BTCUSD  ,BUY,18.79,69206.29561,-472.62
T101347,14/07/2025,XAGUSD,SELL,4.58,1.01893,-505.45
T100897,15/04/2025, nas100 ,SELL,5.06,19811.03697,124.87
T100807,06-23-2025,GBPUSD,SELL,31.72,1.13529,-57.38
T100054,2025-02-05,Xauusd,BUY,4.45,2712.73678,-629.13
T100117,15/08/2025,BTCUSD,SELL,11.43,55359.13923,352.41
T101405,04-25-2025,NAS100,BUY,8.11,20131.00301,455.61
T100364,2025-02-27,XAUUSD,BUY,8.38,2679.80161,-98.44
T100310,01/09/2025,Xauusd,BUY,3.61,2530.37774,293.79
T100291,2025-05-27,NAS100,SELL,11.8,22713.68589,-286.52
T100235,03-28-2025,BTCUSD,SELL,42.43,55545.53904,-392.81
T101615,2025-05-12,BTCUSD,SELL,8.26,58707.58268,527.96
T100822,22/07/2025,XAUUSD,SELL,4.93,2624.90553,-126.09
T101973,2025-02-19,XAUUSD,BUY,22.16,2641.64471,-93.14
T101951,2025-02-05,Btcusd,BUY,9.67,60766.63857,-154.45
T100496,03-20-2025,Eurusd,SELL,4.83,1.01743,293.14
T100051,04-07-2025,XAUUSD,SELL,12.49,2712.833,-155.26
T101623,16/07/2025,NAS100,SELL,12.7,22747.74103,-309.8
T101411,05/09/2025,Eurusd,BUY,6.74,1.04234,-73.06
T102850,23/07/2025,NAS100,BUY,15.36,22837.4157,-117.19
T102382,21/07/2025,BTCUSD,BUY,7.39,69216.76696,377.21
T102678,08/01/2025,EURUSD,SELL,26.73,1.06805,-36.67
T101905,2025-05-06,XAUUSD,BUY,14.06,,248.85
T100734,2025-05-08,XAUUSD,BUY,9.88,2691.50616,149.02
T101683,03/02/2025,BTCUSD,BUY,20.79,59530.15414,-271.57
T102160,06-16-2025,NAS100,BUY,3.37,23363.44469,-197.87
T102098,28/07/2025,GBPUSD,SELL,3.82,1.04337,85.9
T101868,15/05/2025,BTCUSD,BUY,3.44,59309.5594,62.15
T101926,29/08/2025,NAS100  ,BUY,7.72,22752.16312,246.37
T102406,02/06/2025,EUR/USD,BUY,5.98,1.04311,-195.66
T100149,05-15-2025,GBPUSD,BUY,16.5,1.14565,-297.44
T101471,28/04/2025,GBPUSD,BUY,15.4,1.15951,-140.97
T101071,02/06/2025,EURUSD,BUY,12.22,1.03814,327.57
T100276,2025-06-17,NAS100,SELL,7.25,23292.87811,-331.64
T102839,2025-08-14,XAUUSD,SELL,7.66,2513.66406,-82.28
T100759,01-28-2025,EURUSD,SELL,4.68,1.06167,-7.84
T100832,01-08-2025,EURUSD,SELL,3.63,1.06521,-488.23
T102165,2025-05-07,EURUSD,BUY,8.21,1.01101,-7.14
T101930,2025-06-26,BTCUSD,SELL,1.63,64007.64484,-21.18
T101432,07-10-2025,GBPUSD,SELL,7.52,1.12678,-191.39
T101674,2025-02-06,GBPUSD,BUY,8.03,1.24727,109.08
T102590,02-26-2025,GBPUSD,BUY,3.42,1.20056,-26.73
T102100,09/01/2025,Eurusd,BUY,9.13,1.05887,268.39
T100624,12/08/2025,BTCUSD,BUY,7.87,61164.99029,70.71
T101997,09/06/2025,NAS100,SELL,5.76,23484.15541,-213.71
T102289,2025-08-26,XAUUSD,BUY,9.79,2522.07967,211.79
T102395,01-10-2025,NAS100,BUY,4.44,17116.45709,330.39
T100612,2025-07-31,BTCUSD,BUY,16.65,59668.74531,8.37
T101425,2025-07-23,GBPUSD  ,SELL,17.3,1.07638,454.76
T101831,30/07/2025,BTCUSD,SELL,9.94,60254.04109,-413.39
T102771,08/04/2025,NAS100,SELL,7.52,20468.73399,
T102903,2025-03-11,XAU/USD,SELL,7.86,2802.59176,-520.07
T102845,10/04/2025,XAUUSD  ,SELL,5.17,2706.37531,-229.42
T101080,24/02/2025,NAS100,BUY,9.84,18845.54536,-187.48
T101134,17/03/2025,GBPUSD,BUY,5.47,1.18964,-199.64
T100993,11/08/2025,BTCUSD,SELL,6.64,62441.17595,-5.5
T101875,2025-08-13,XAUUSD,SELL,6.28,2521.50296,129.34
T100635,2025-03-17,NAS100,SELL,9.21,19282.04818,-16.01
T100722,22/08/2025,BTCUSD,SELL,24.27,56878.19803,404.6
T102494,02/01/2025,EURUSD,SELL,7.86,1.09107,46.93
T100299,2025-08-01,GBPUSD,SELL,16.89,1.05056,-110.05
T102947,06-16-2025,Gbpusd,SELL,7.59,1.10279,-277.35
T101441,30/06/2025,BTCUSD,BUY,7.18,62236.90963,-395.55
T101230,07-03-2025,XAUUSD  ,SELL,4.17,2718.70054,0.8
T102361,2025-03-21,NAS100,BUY,8.21,19355.38483,190.75
T102627,06-19-2025,EURUSD,BUY,5.26,1.01949,76.72
T100542,12/06/2025,EURUSD,BUY,3.75,1.04243,-86.11
T100213,03-11-2025,XAUUSD,BUY,7.02,,229.53
T100358,08-21-2025,GBPUSD,SELL,4.36,1.02802,-525.2
T101513,06-12-2025,EURUSD,BUY,14.18,1.0435,267.01
T100879,31/07/2025,Nas100,SELL,8.06,22436.95393,165.08
T101269,2025-08-13,XAUUSD,BUY,10.61,2528.1296,-597.15
T102316,24/02/2025,XAUUSD,SELL,7.77,2614.73148,-90.02
T101956,03-14-2025,BTCUSD,SELL,23.05,,-7.88
T102927,02/06/2025,EURUSD,SELL,10.33,1.03546,-141.44
T102151,08-05-2025, gbpusd ,SELL,6.32,1.05212,-185.54
T100081,2025-08-11,EURUSD,BUY,3.19,1.05651,327.48
T101848,04-15-2025,GBPUSD,BUY,7.9,,-39.91
T102150,04-09-2025,GBPUSD,BUY,4.83,1.18986,0.38
T102380,25/08/2025,NAS100,SELL,5.94,21986.20005,-149.57
T101913,19/08/2025,NAS100,SELL,2.98,22650.69281,-143.86
T102792,26/08/2025,NAS100,BUY,7.8,22367.64061,222.87
T100829,04-04-2025,XAUUSD,SELL,3.34,2669.5886,23.45
T102256,02-24-2025,GBPUSD,BUY,3.21,1.21623,-1.62
T101036,09-02-2025,NAS100,SELL,7.28,22868.27017,-434.5
T102590,02-26-2025,GBPUSD,BUY,3.42,1.20056,-26.73
T102689,06/02/2025,BTCUSD  ,SELL,9.16,62054.01241,-204.52
T102553,09-03-2025,NAS/100,SELL,6.11,22566.74392,-168.0
T100863,2025-01-24,BTCUSD,SELL,4.17,61714.07631,331.2
T101712,2025-02-07,BTCUSD,SELL,6.09,63900.28696,72.06
T101500,2025-09-09,BTCUSD,BUY,32.67,56059.86917,127.92
T100475,2025-02-05,XAUUSD,SELL,12.18,2702.34594,-218.74
T102296,2025-04-07,BTCUSD,BUY,18.88,58889.78429,-94.39
T102580,08-27-2025,XAUUSD,SELL,4.28,2559.68031,200.09
T102315,2025-03-20,EURUSDX,SELL,10.91,19231.62226,-29.33
T101474,06-04-2025,XAUUSD,SELL,10.53,2654.75433,209.45
T102475,2025-01-08,EURUSD,SELL,8.28,1.06536,-268.21
T101726,05/03/2025,NAS100,SELL,2.96,19181.11514,
T102234,02-06-2025,GBPUSD,BUY,18.65,1.2519,-245.82
T100390,2025-03-20,XAUUSD,BUY,4.09,2696.26851,-286.46
T100041,17/01/2025,GBPUSD,SELL,19.09,1.288,-258.13
T101676,14/08/2025,GBPUSD,SELL,7.74,1.03006,423.61
T100790,05-30-2025,BTCUSD,BUY,2.04,58422.14487,0.16
T100485,08-22-2025,EURUSD,BUY,6.29,1.05913,312.51
T102074,20/02/2025,EURUSD  ,BUY,5.32,1.04671,-5.78
T101924,08-11-2025,EURUSD,SELL,14.43,1.05818,157.54
T101202,2025-03-17,XAUUSD,BUY,13.34,2722.86177,33.73
T101035,07/02/2025,Xauusd,BUY,8.02,2679.14572,-276.3
T100669,2025-07-02,Xauusd,SELL,0.0,2690.02484,-271.39
T102742,2025-04-21, nas100 ,SELL,10.11,19783.46555,-445.13
T102660,n/a, btcusd ,SELL,2.84,58827.3435,141.41
T101279,04-21-2025,XAUUSD,BUY,8.95,2782.84888,-401.87
T101994,23/06/2025,GBPUSD,SELL,5.89,1.12852,20.19
T101475,2025-07-16,BTCUSD,BUY,9.51,66196.43028,201.0
T100995,2025-01-08,BTCUSD,BUY,4.32,57430.41569,60.09
T101295,18/07/2025,GBPUSD,SELL,3.09,1.09605,-377.84
T101216,2025-07-30,NAS100,BUY,8.15,22055.07312,235.85
T100740,02-05-2025,NAS100,SELL,10.0,17763.65803,-127.4
T101862,25/03/2025, gbpusd ,SELL,9.83,1.1702,-166.75
T100338,06/01/2025,EURUSD,BUY,7.1,1.08059,-166.65
T101138,03-13-2025,Xauusd,SELL,17.4,2773.7369,-209.3
T101805,2025-02-27,EURUSD,SELL,5.87,1.02677,-346.06
T100315,01-30-2025,BTCUSD,SELL,3.03,61562.98151,159.85
T101442,26/08/2025,BTCUSD,BUY,8.06,53436.15358,-52.4
T102835,05-14-2025,BTCUSD  ,BUY,7.96,56639.03566,-214.86
T101856,18/02/2025,XAU/USD,SELL,5.64,2645.05849,99.28
T100779,24/06/2025,Btcusd,SELL,7.03,66712.40832,-198.4
T102167,03-25-2025,EURUSD,BUY,4.82,1.00151,100.74
T100286,14/08/2025,XAUUSD,SELL,7.94,2514.41393,3.89
T101517,2025-07-01,GBPUSD  ,BUY,8.85,1.14585,-430.97
T101130,24/03/2025,BTCUSD,BUY,4.51,60993.1802,-157.83
T100238,2025-08-29,BTCUSD  ,SELL,3.31,51237.03963,162.53
T102238,17/02/2025,NAS100,SELL,14.79,18498.1668,197.76
T100079,01-01-2025,NAS100,SELL,8.27,17739.61724,23.92
T101903,2025-05-06,GBP/USD,SELL,8.2,1.15012,-131.43
T102795,2025-02-05,NAS100,BUY,3.39,17789.26774,-163.02
T100578,2025-03-11,Gbpusd,BUY,7.56,1.18847,-231.84
T100219,12/08/2025,XAUUSD,SELL,10.59,2518.31361,-199.51
T100210,04-21-2025,NAS100,BUY,7.68,19762.75088,135.74
T102091,04-30-2025,XAUUSD  ,SELL,6.22,2716.05236,85.03
T102969,13/01/2025,GBPUSD,BUY,13.82,1.29187,-183.38
T100008,05-09-2025, btcusd ,SELL,9.15,59101.96486,-515.98
T101193,26/06/2025,Btcusd,BUY,15.99,63593.53983,-85.32
T101737,08/01/2025,XAUUSD,BUY,6.5,2559.62285,-72.13
T102514,26/05/2025,XAUUSD,SELL,7.4,2657.63354,28.35
T102717,04-17-2025,EURUSD,BUY,9.83,0.99905,-50.79
T101220,06-13-2025,GBPUSD,BUY,12.29,1.10972,-124.04
T102134,2025-09-01,BTCUSD  ,SELL,1.67,51293.00766,-12.49
T100329,2025-08-14,XAUUSD  ,BUY,6.7,2511.08465,26.96
T101797,01-10-2025,NAS100,SELL,1.99,17079.29527,-47.43
T101704,2025-09-05,BTCUSD,SELL,1.8,51279.15193,-284.72
T101872,26/03/2025,NAS100,BUY,3.4,19120.82367,149.34
T101933,2025-05-08,XAUUSD,SELL,6.03,2703.21129,9.6
T101490,2025-08-29,NAS100  ,SELL,4.46,22784.17231,-326.2
T101739,02-17-2025,EURUSD,BUY,8.14,1.04823,-68.48
T100460,03/02/2025,GBPUSD,SELL,10.26,1.26284,154.34
T102992,2025-03-06,EURUSD,BUY,4.3,1.02012,162.34
T101606,2025-01-21,XAUUSD,SELL,6.43,2541.10399,198.58
T100510,06-24-2025,XAUUSD,BUY,16.13,2710.05337,65.53
T102646,03-11-2025,GBPUSD,SELL,6.23,1.19214,-187.18
T102178,2025-07-16,EURUSD,SELL,9.78,1.0223,-91.99
T101189,05/09/2025,XAUUSD,BUY,12.07,2518.06893,318.58
T100507,19/03/2025,XAUUSD,BUY,24.22,2728.82652,129.4
T101081,02/06/2025,BTCUSD,SELL,12.92,59479.43379,462.03
T101536,09-05-2025, gbpusd ,SELL,5.1,1.05506,-196.9
T101217,18/03/2025,NAS100,SELL,6.48,19077.59154,-173.94
T102131,21/05/2025,BTCUSD,BUY,21.13,59734.0151,266.6
T101778,2025-08-01,XAUUSD,SELL,12.62,2499.23832,-10.61
T102422,01/09/2025,GBPUSD,SELL,13.85,1.046,-13.39
T102722,18/04/2025,GBPUSD,SELL,5.45,1.19783,-620.13
T100479,08/01/2025,BTCUSD  ,SELL,13.8,57677.53808,-94.66
T100293,13/01/2025, nas100 ,SELL,7.31,17268.89245,397.65
T100585,07-17-2025,EURUSD,BUY,18.2,1.03245,-76.37
T102551,03/09/2025, gbpusd ,SELL,11.06,1.05979,-17.04
T100826,2025-05-07,BTCUSD,SELL,1.6,60668.21245,-88.96
T101410,2025-06-04,XAUUSD,BUY,18.04,2651.5288,586.39
T102067,05-23-2025,XAUUSD,SELL,8.65,2666.77009,-136.52
T100682,12/05/2025,GBPUSD,SELL,3.3,1.14382,161.1
T102608,04-18-2025,GBPUSD,BUY,6.05,,485.4
T100308,2025-06-18,BTCUSD,BUY,5.24,64936.19938,413.24
T102182,2025-02-26,EURUSD,SELL,11.02,1.04198,39.7
T100472,08-22-2025,NAS100,SELL,13.9,22215.06358,56.79
T102166,12/08/2025,GBPUSD,BUY,8.25,1.03612,-208.57
T100969,10/04/2025,BTCUSD,SELL,7.73,59506.52009,-196.23
T102614,2025-07-18,GBPUSD,SELL,15.08,1.09333,-337.9
T101516,2025-03-03,BTCUSD,BUY,3.33,62337.70973,-222.3
T102943,2025-07-01,XAUUSD,BUY,4.22,2716.72928,3.37
T102287,02/04/2025,EURUSD,SELL,11.24,1.00026,-198.62
T100368,18/04/2025,XAUUSD  ,SELL,5.16,2763.63226,-339.46
T100732,2025-04-02,NAS100,BUY,18.77,19211.46506,74.54
T101020,06-27-2025, eurusd ,BUY,15.43,1.02681,193.06
T100084,27/08/2025,EURUSD,BUY,37.89,1.05283,-304.86
T100867,05-05-2025,EURUSD,SELL,5.37,1.00584,197.51
T102897,06-03-2025,XAUUSD,BUY,27.52,2634.72907,63.67
T102388,07-09-2025,NAS100,SELL,1.16,23182.94389,19.6
T102254,2025-06-09,NAS100  ,BUY,18.38,23578.2579,99.17
T101007,2025-02-03,BTCUSD,BUY,2.15,59531.91781,-203.12
T101044,04-07-2025,NAS100,BUY,7.13,20221.90236,348.35
T100646,14/03/2025,GBPUSD,SELL,3.31,1.18758,-381.0
T102040,2025-02-11,GBPUSD,BUY,3.46,1.23413,-30.28
T101743,04-29-2025,NAS100,BUY,5.48,20585.33049,-213.83
T102434,05-01-2025,NAS100,SELL,7.82,21224.66153,-328.8
T101380,07-02-2025,XAUUSD,SELL,27.42,2693.53033,-436.33
T101103,2025-05-14,BTCUSD,SELL,4.63,56657.30951,-468.37
T102556,2025-05-05,BTCUSD,SELL,25.43,61609.44376,-32.69
T102991,07-15-2025,GBPUSD,SELL,5.68,1.11622,461.17
T101732,08-21-2025,XAUUSD,BUY,2.93,2561.25006,-38.54
T100429,24/01/2025,NAS100,SELL,5.82,18464.28512,292.01
T100198,07/04/2025,GBPUSD,SELL,7.48,1.18999,-74.55
T101102,2025-01-03,NAS/100,SELL,6.51,17428.01611,150.53
T101469,2025-03-21,BTCUSD,BUY,9.81,61536.57196,-145.18
T101275,2025-08-19,EURUSD,BUY,10.78,1.05388,-285.59
T101429,24/02/2025,NAS100,SELL,9.7,18819.93864,-323.63
T100144,14/08/2025,BTCUSD,SELL,13.17,55298.55065,-321.15
T102655,2025-04-24,XAUUSD,BUY,9.16,2786.58706,-136.95
T101400,2025-07-23,GBPUSD,BUY,2.32,1.0803,1.3
T102451,25/04/2025,NAS100,BUY,10.5,20062.52104,-292.89
T100402,06-17-2025,GBPUSD,BUY,5.21,1.11545,-124.16
T102741,06-11-2025,Nas100,BUY,19.0,23593.29261,-570.36
T102154,04-21-2025,BTCUSD  ,BUY,5.92,60930.92631,215.4
T102492,2025-02-12,NAS100,SELL,12.02,17629.28786,-80.7
T100158,09-04-2025,NAS100,BUY,15.4,23084.66663,284.96
T100997,2025-09-05,EURUSD,SELL,3.85,1.0383,-362.67
T102277,26/08/2025,EURUSD,BUY,11.06,1.0536,242.6
T100173,06-05-2025,NAS100,SELL,5.87,23475.09287,343.59
T100462,06-30-2025,NAS100,SELL,14.27,23313.42691,90.05
T100284,11/07/2025,BTCUSD  ,BUY,9.76,59283.8113,-31.38
T102073,04-23-2025, nas100 ,BUY,9.56,20471.10913,-68.23
T102019,24/04/2025,GBPUSD,BUY,11.45,1.16462,-182.08
T101029,2025-03-07,XAUUSD,SELL,2.88,2782.94842,-678.0
T100443,12/03/2025,GBPUSD,SELL,5.9,1.18747,225.74
T102766,04-07-2025,NAS/100,SELL,7.18,20238.47971,99.88
T101101,08-14-2025,Xauusd,SELL,11.27,2512.43713,110.56
T100335,04/09/2025,BTCUSD,SELL,15.61,504338.49929999997,-157.92
T100066,09-02-2025,BTCUSD,SELL,3.38,54040.43769,-47.98
T102798,05-20-2025,XAUUSD,SELL,5.78,2701.00727,381.99
T101019,2025-08-19,BTCUSD,BUY,5.81,54595.98891,30.75
T100142,05-14-2025,GBPUSD,BUY,6.59,1.13038,89.99
T101229,21/02/2025,NAS100,SELL,7.84,18610.91998,477.87
T100416,25/08/2025,NAS100,BUY,5.12,22103.51781,
T100407,04-02-2025,Gbpusd,BUY,10.05,1.17828,-459.94
T102579,02-28-2025,BTCUSD,SELL,8.06,61174.58491,-194.76
T101408,2025-07-11,GBPUSD,SELL,16.26,1.10847,121.39
T100910,06-11-2025,Nas100,SELL,7.77,23490.35589,-105.47
T100106,2025-06-24,EURUSD,SELL,2.64,1.0228,-252.9
T101482,2025-04-29,EURUSD,BUY,8.33,1.00295,-253.24
T100463,2025-02-13,GBPUSD  ,SELL,4.64,1.22819,192.35
T102219,2025-09-09,Eurusd,SELL,3.97,1.04748,113.31
T101584,18/03/2025,GBPUSD,SELL,9.68,1.17673,245.03
T102049,01/07/2025,XAUUSD,BUY,4.0,2707.7487,-87.15
T102245,2025-01-28,GBPUSD,BUY,12.31,1.26857,358.44
T102199,22/05/2025,EURUSD,SELL,4.78,1.01846,-493.79
T100626,29/08/2025,XAUUSD,BUY,15.73,2507.23331,-177.8
T101496,21/05/2025,EURUSD,BUY,11.69,1.01078,727.13
T100809,01/05/2025,GBPUSD,BUY,8.47,1.16044,-433.8
T100844,2025-07-16,EURUSD,BUY,2.93,1.01897,138.49
T101522,05-26-2025,XAUUSD,BUY,3.8,2659.28481,-276.27
T100949,02-11-2025,NAS100,SELL,8.54,17840.87291,375.01
T100800,01-17-2025,XAUUSD,SELL,4.88,2507.92935,
T101827,18/04/2025,GBPUSD,BUY,18.78,1.20008,215.46
T100218,2025-09-04,GBPUSD,BUY,5.62,1.06262,337.92
T100382,2025-01-13,BTCUSD  ,SELL,6.21,58081.76536,6.1
T100823,2025-03-11,XAUUSD,SELL,6.62,2809.0402,-40.61
T102416,2025-08-21,EURUSD,BUY,7.93,1.06222,-424.47
T102132,01/07/2025,NAS100,BUY,9.14,23576.24836,240.86
T101051,2025-03-10, xauusd ,BUY,7.44,2770.08467,-219.67
T100224,08-07-2025, eurusd ,BUY,9.55,1.06385,101.57
T102509,2025-05-14,EURUSD  ,SELL,4.26,10.0455,520.25
T102292,20/01/2025,EURUSD,SELL,5.34,1.05092,-163.44
T102878,21/03/2025,XAUUSD,SELL,5.3,2710.42543,137.98
T100029,2025-03-03,GBPUSD,BUY,4.79,1.20684,113.63
T100055,02-25-2025,GBP/USD,BUY,11.12,1.214,80.45
T101671,03-12-2025,Eurusd,BUY,10.61,1.00957,-573.71
T100909,01-27-2025,EURUSD,BUY,7.78,10.6107,-357.32
T102962,21/01/2025,EURUSD,SELL,5.6,1.0477,126.84
T100295,2025-05-26,BTCUSD,SELL,5.78,58605.06551,-247.1
T102322,2025-01-07,BTCUSD,BUY,5.88,58779.61881,162.19
T101323,07-02-2025,BTCUSD,SELL,5.02,59473.02972,-20.03
T101042,07-11-2025,XAUUSD,SELL,5.82,2626.68629,-108.05
T101835,19/08/2025,XAUUSD,SELL,4.83,2521.79262,-122.81
T102782,02/04/2025,GBPUSD,SELL,9.76,1.18033,98.81
T100795,16/05/2025,GBPUSD,BUY,4.48,1.14337,-208.3
T101283,19/03/2025,XAUUSD,BUY,8.31,2736.62557,225.32
T100947,2025-04-04,GBPUSD,SELL,9.22,1.18303,-356.11
T100603,2025-02-14,EUR/USD,BUY,15.52,1.04755,-335.04
T101445,06-09-2025,EURUSD,BUY,3.84,1.03281,-95.51
T101828,03-13-2025,EUR/USD,BUY,4.46,1.01641,116.72
T101374,2025-05-23,EURUSD,BUY,5.46,1.02496,-247.73
T102519,07-14-2025,XAUUSD,BUY,5.01,2640.8778,-330.01
T100518,2025-07-28,GBPUSD,SELL,6.9,1.0501,375.86
T101706,01-15-2025,NAS100,SELL,5.69,17174.05335,195.07
T101723,2025-08-14,NAS100,BUY,8.3,23170.96485,-55.92
T101392,2025-04-21,NAS100,SELL,19.46,19782.01269,387.47
T102917,04-09-2025,XAUUSD,BUY,12.45,2748.44563,81.95
T102024,28/05/2025,EURUSD,BUY,8.21,1.02915,362.14
T102004,08-25-2025,XAUUSD,SELL,7.23,2545.89965,252.6
T101156,29/07/2025,EURUSD,BUY,2.65,1.05102,-159.22
T101390,2025-09-02,NAS100,BUY,6.95,22840.21083,-215.51
T102311,29/07/2025,GBPUSD  ,BUY,10.43,1.05558,-272.91
T100202,08-14-2025, nas100 ,BUY,7.55,23057.11571,31.71
T101378,,GBPUSD,SELL,5.3,1.21709,-41.64
T102987,03/06/2025,GBPUSD,SELL,14.99,1.12574,26.28
T102171,2025-03-18,Eurusd,BUY,14.38,1.0086,-225.65
T101701,2025-01-23,GBPUSD  ,BUY,3.06,1.26838,3.22
T101082,28/04/2025,GBPUSD,SELL,11.85,,-27.75
T101207,02/05/2025,BTCUSD,SELL,10.05,62692.73943,-36.71
T100880,29/07/2025,BTCUSD,BUY,9.49,63852.21842,-320.75
T100741,02-07-2025,XAUUSD,BUY,4.93,2673.73082,
T101137,04/06/2025,NAS100  ,SELL,10.35,23040.80474,-230.92
T102876,07-18-2025,EURUSD,BUY,9.88,1.02324,266.72
T102153,2025-02-04,BTCUSD,BUY,4.21,59995.94447,-20.98
T101447,2025-01-21,XAGUSD,SELL,10.68,2542.27264,-277.73
T100923,02-26-2025,NAS100  ,SELL,5.33,18622.9109,50.57
T102187,2025-06-06,BTCUSD,SELL,12.74,64401.8232,-296.33
T102297,03-20-2025,GBPUSD,SELL,22.82,1.18327,27.79
T100546,04-22-2025,Nas100,SELL,19.63,20278.575,84.62
T100010,2025-08-06,EUR/USD,SELL,1.55,1.05828,-259.33
T100122,2025-06-12,EURUSD,BUY,20.59,1.04089,-75.5
T101225,03-18-2025,EURUSD,BUY,11.22,1.00724,217.0
T100137,2025-05-22,GBPUSD,BUY,11.96,1.14319,-306.81
T100314,2025-08-21,XAUUSD  ,BUY,13.32,2557.38617,450.23
T100797,06/02/2025,GBPUSD  ,SELL,4.81,1.24642,-160.94
T101045,06-11-2025, gbpusd ,BUY,6.27,1.11421,-476.97
T102409,15/07/2025,BTCUSD,SELL,4.43,61405.23345,81.28
T100820,06-18-2025,Btcusd,SELL,14.61,64842.13514,-471.95
T102061,03/07/2025,XAUUSD,SELL,11.75,2723.20441,
T102907,2025-01-28,BTCUSD,BUY,7.71,62415.50333,329.73
T101714,07/08/2025,EURUSD,BUY,25.0,1.06178,402.1
T102801,31/03/2025, xauusd ,BUY,4.8,2615.55349,353.3
T100865,2025-08-01, xauusd ,BUY,8.78,2500.95686,-191.45
T100902,2025-01-28,BTCUSD  ,SELL,6.14,62412.21184,-87.78
T101813,05-28-2025,EUR/USD,SELL,25.62,1.03465,206.29
T100006,2025-02-05,BTCUSD,SELL,10.56,60711.43971,-197.87
T102159,05-21-2025,NAS100,BUY,5.42,21473.08326,109.62
T102189,04-23-2025,EURUSD,BUY,15.09,1.003,45.35
T100501,2025-02-04,BTCUSD,SELL,7.96,60097.78344,-272.6
T101628,07-18-2025,EURUSD,BUY,3.47,1.03352,292.15
T101319,13/06/2025,BTCUSD,BUY,7.5,64334.63996,-168.03
T101003,2025-01-14,EUR/USD,BUY,29.55,1.05775,40.73
T101957,2025-08-21,GBPUSD,SELL,12.84,1.02568,95.64
T102332,2025-05-19,EURUSD,SELL,12.39,1.01088,-171.1
T101562,03/07/2025,Xauusd,BUY,3.45,2709.0507,-143.95
T102901,2025-07-29,EURUSD,BUY,4.02,1.05124,60.04
T101251,07-17-2025,XAUUSD,SELL,2.93,2709.55563,119.58
T100595,2025-07-01,GBPUSD,SELL,4.88,1.1466,308.08
T101241,2025-06-04,EURUSD,SELL,12.17,1.03024,-557.62
T100431,2025-04-22,BTCUSD,BUY,21.28,60403.50876,488.99
T100494,08-07-2025,EURUSD,BUY,2.27,1.05894,76.57
T102770,06-26-2025,NAS100,SELL,8450.0,23543.99031,-156.83
T100445,2025-08-04,EURUSD,SELL,11.38,1.04932,103.37
T100332,31/01/2025,BTCUSD,BUY,7.38,61026.65749,336.55
T102194,07-17-2025,XAUUSD,BUY,5.96,2703.5966,-79.58
T100680,2025-05-30,GBPUSD  ,SELL,2.18,1.13488,71.79
T101757,2025-06-13,BTCUSD,BUY,11.89,64577.80739,299.18
T102816,2025-03-07,EURUSD  ,BUY,5.14,1.01857,-12.95
T101672,13/01/2025,EURUSD,BUY,6.8,1.05783,243.03
T102829,30/01/2025,EURUSD,BUY,2.7,1.0688,-495.94
T100609,2025-02-19,XAUUSD,SELL,5.7,2645.19366,-180.86
T102648,07-18-2025,NAS100,BUY,10.38,22878.33364,79.69
T102979,2025-06-06,BTCUSD,SELL,4.54,64390.02817,199.78
T101795,01-23-2025, btcusd ,SELL,4.74,59670.3712,-321.54
T100075,2025-05-12,Eurusd,SELL,3.16,1.01425,218.85
T101991,04/08/2025,BTCUSD,SELL,10.2,63540.86167,193.99
T100121,10/02/2025,GBPUSD,SELL,4.37,1.23604,-65.19
T101564,17/06/2025,Nas100,BUY,11.66,23330.18891,586.15
T100437,06-27-2025,EURUSDX,BUY,6.57,1.14996,281.51
T101174,01/04/2025,XAUUSD,BUY,5.51,2643.20315,-52.14
T102939,2025-02-26,NAS100,SELL,11.26,18616.8097,-401.18
T101307,06-17-2025,XAUUSD,SELL,8.01,2664.56748,56.52
T100042,06-11-2025,EURUSD,BUY,15.05,1.04463,316.55
T102663,29/01/2025,BTCUSD,BUY,-1.0,62056.12366,-4.15
T102866,2025-08-21,XAUUSD,SELL,10.7,2551.54938,179.11
T102371,2025-01-20,XAUUSD,BUY,7.1,2535.44462,45.02
T100078,01-01-2025,BTCUSD  ,BUY,4.27,61865.76062,107.78
T101576,2025-01-06,BTC/USD,SELL,2.15,59002.14892,270.7
T101413,17/04/2025,EURUSD,SELL,5.07,0.99851,16.65
T101746,2025-01-02,XAUUSD,SELL,2.67,2387.23566,126.88
T100483,06-24-2025,XAUUSD,BUY,9.81,2698.20696,
T101587,2025-04-17,XAUUSD,BUY,3.48,2718.38981,163.37
T101823,07-22-2025,XAUUSD,SELL,2.89,2632.0085,148.82
T101012,10/06/2025, gbpusd ,BUY,17.17,1.11549,-576.38
T100731,03-14-2025,EURUSD,SELL,3.91,1.01285,341.96
T100966,2025-05-19, nas100 ,BUY,9.13,21614.65791,180.05
T101357,05-20-2025,XAUUSD,BUY,4.43,2714.76427,-315.28
T100220,21/02/2025,GBPUSD,SELL,6.21,1.22102,276.1
T100059,06-05-2025,GBPUSD,BUY,41.28,1.12823,181.65
T100076,19/05/2025,NAS100  ,SELL,16.68,21574.45736,222.99
T100874,30/01/2025,GBPUSD,SELL,8.93,1.26692,121.48
T101062,07-14-2025,XAUUSD,BUY,10460.0,2640.48953,-310.35
T101124,2025-01-07,NAS100,SELL,8.05,17263.26213,-252.32
T101250,03-11-2025, nas100 ,BUY,8.63,19414.24471,266.83
T101285,08-12-2025,GBPUSD,SELL,7.2,1.03529,-364.88
T101948,02-18-2025,NAS100,SELL,23.6,18304.09526,-8.23
T101028,2025-01-20,NAS100,SELL,14.66,17789.91923,-97.41
T102912,03/09/2025,Btcusd,BUY,8.27,52429.30273,287.23
T100425,2025-09-04,GBPUSD,BUY,11.99,1.05769,335.98
T100655,14/04/2025,TEST,BUY,8.64,1.18753,-281.24
T102405,06-04-2025,NAS100,BUY,14.09,23128.84696,
T101001,2025-05-21,GBPUSD,BUY,5.72,1.14942,353.55
T102875,03-05-2025,GBPUSD,SELL,3.2,1.19222,454.65
T102773,01-07-2025,GBPUSD,BUY,6.07,1.29431,-73.91
T100629,19/08/2025,BTCUSD,BUY,4.11,54464.33532,-149.75
T101523,08-14-2025,BTCUSD,BUY,13.51,55242.36818,-220.73
T101572,15/01/2025,EURUSD,BUY,7.68,1.04393,395.69
T102168,01-14-2025,GBPUSD,SELL,16.57,1.27718,
T102148,2025-09-08,BTCUSD,BUY,10.5,53138.11055,-411.6
T102374,07/07/2025,NAS100,SELL,5.77,23176.22162,-406.03
T102037,03-07-2025,EURUSD,BUY,6.74,1.01506,-93.6
T100190,2025-03-27,EURUSD,BUY,10.04,0.99638,134.2
T102825,05-14-2025,XAUUSD,SELL,6.81,2707.29969,212.04
T101818,08-19-2025,XAUUSD,SELL,2410.0,2531.27572,516.71
T102204,04-01-2025,NAS100,SELL,7.55,18914.8341,-157.5
T100457,09-09-2025,XAUUSD,BUY,27.55,2504.26632,50.81
T101066,2025-08-07,EURUSD,SELL,25.87,1.05759,-95.68
T101351,2025-08-08,XAUUSD,BUY,4.42,2454.38189,-452.14
T101618,27/06/2025,NAS100,SELL,9.29,23434.03403,-71.63
T100399,06-24-2025,NAS100,SELL,5.12,23464.70691,-37.99
T100885,2025-03-28,NAS100,BUY,1.96,18844.36381,-216.4
T100326,06-03-2025,NAS100  ,SELL,14.94,22589.97291,5.11
T100890,05-29-2025,XAUUSD,SELL,2.43,2637.85415,444.45
T100184,08-19-2025,BTCUSD,BUY,5.79,54668.6797,-126.39
T100816,14/04/2025, gbpusd ,BUY,32.3,1.18851,376.65
T100378,2025-03-10,XAUUSD,BUY,7.29,2761.08516,-250.92
T100799,14/03/2025,BTCUSD,SELL,7.39,63697.09596,-250.68
T102239,02/05/2025,NAS100,SELL,5.34,21291.79009,292.28
T101127,16/07/2025,EURUSD,SELL,10.58,1.02131,-613.14
T102628,2025-05-05,BTCUSD,SELL,8.68,61647.82905,367.74
T101096,18/06/2025,Btcusd,SELL,3.02,64719.20439,673.27
T102025,06-18-2025,BTCUSD,BUY,5.68,64798.07075,185.53
T101649,2025-04-02,Eurusd,SELL,7.92,0.9989,-349.87
T101090,2025-03-25,NAS100,BUY,14.94,19079.53498,286.8
T102093,02-04-2025,NAS100  ,SELL,7.58,18127.04684,277.86
T100734,2025-05-08,XAUUSD,BUY,9.88,2691.50616,67.47
T102030,04-04-2025,NAS100  ,BUY,4.15,19503.78995,-213.59
T102521,2025-06-24,EURUSD  ,BUY,1.63,1.02067,299.1
T100530,03-07-2025,EURUSD,BUY,6.65,1.01948,70.65
T102458,2025-01-01, gbpusd ,SELL,2.68,1.2574,-102.16
T101210,2025-04-07,XAUUSD,BUY,8.43,2708.30934,-65.23
T100592,2025-08-18,BTCUSD  ,BUY,11.11,55365.17061,-338.99
T101145,2025-03-24,XAUUSD,BUY,5.43,2720.75496,664.24
T100148,2025-09-09,NAS100,SELL,19.12,22618.90386,402.99
T100449,2025-05-15,XAUUSD,SELL,5.18,2663.08717,-125.04
T102089,2025-06-20, xauusd ,BUY,2.99,2736.86548,-416.49
T102483,2025-01-15,EURUSD,SELL,5.3,,-126.32
T102379,22/08/2025,XAUUSD,BUY,6.31,2557.15408,-199.96
T100372,22/04/2025,XAUUSD,BUY,6.27,2802.85421,-354.57
T100786,08/07/2025,EURUSD,BUY,2.92,1.01639,57.77
T102662,25/03/2025,NAS100,SELL,7.58,19086.98233,307.66
T101634,2025-07-11,NAS100,SELL,3.73,23115.32159,193.7
T102964,01-10-2025,XAUUSD,SELL,18.66,2533.50757,180.35
T100901,2025-03-10,GBPUSD,SELL,3.83,1.188,313.07
T100690,2025-08-13,BTCUSD,SELL,6.16,58059.68671,69.98
T100931,08-05-2025,EURUSD,BUY,2.16,1.0458,178.08
T102755,05-27-2025,XAUUSD  ,BUY,4.57,2677.45964,6.32
T102595,01/08/2025,GBPUSD,SELL,8.68,1.04591,-157.61
T100400,25/02/2025,NAS100,SELL,18.53,19040.3615,255.67
T101068,2025-01-29,EURUSD,BUY,3.07,1.06636,
T101110,11/03/2025,NAS100,SELL,12.22,19445.79127,10.48
T100701,2025-01-02,NAS100,BUY,14.85,17847.05208,177.29
T102244,03-24-2025,XAUUSD,SELL,31.5,2719.38363,-261.52
T102097,27/08/2025,NAS100,SELL,9.62,22582.26858,350.83
T101248,04-01-2025,GBPUSD,BUY,2.92,1.17562,17.29
T100570,2025-08-13,BTCUSD,BUY,4.99,58117.71276,-11.78
T102726,02/01/2025,GBPUSD,BUY,8.45,1.27022,
T100322,09/05/2025,XAUUSD,SELL,20.5,2683.72432,-35.32
T100150,06-26-2025,XAUUSD,BUY,3.3,2701.56978,257.39
T102163,01-14-2025,XAUUSD,SELL,5.71,2496.5518,-15.65
T100367,2025-01-14,XAUUSD,BUY,1.85,2501.47821,-160.65
T101655,01/07/2025, gbpusd ,BUY,10.67,1.14763,370.59
T100021,2025-06-11,NAS100,SELL,3.28,23536.37581,-128.32
T101983,18/02/2025,BTCUSD,SELL,20.87,67238.76265,-157.55
T100556,2025-06-27, eurusd ,SELL,10.06,1.02163,-142.97
T101928,03-06-2025,NAS100  ,BUY,17.07,19218.65577,-166.22
T101027,05-29-2025,XAUUSD  ,BUY,2.64,2640.89135,437.84
T102881,05-14-2025,GBPUSD,BUY,11.56,1.13805,-614.59
T102739,23/06/2025,GBPUSD  ,SELL,7.67,1.13363,
T100730,2025-07-09,XAUUSD,SELL,3.83,2657.25671,-497.13
T101590,03/03/2025,Nas100,SELL,8.67,18880.16666,-296.81
T100110,2025-08-08,BTCUSD,BUY,9.94,64611.93378,-142.71
T102304,03-10-2025,XAUUSD,SELL,11.68,2774.46026,-216.5
T102015,07-21-2025,BTC/USD,SELL,8.81,69368.54634,
T101031,29/08/2025,NAS100,SELL,6.0,22719.45205,-276.56
T100275,2025-05-02,EUR/USD,BUY,11.94,1.00239,-9.1
T102054,05-27-2025,XAUUSD,SELL,7.86,2670.58513,82.73
T102300,07-28-2025,BTCUSD,BUY,6.07,63887.75278,5.69
T102396,2025-02-05,GBPUSD,BUY,10.79,1.24669,-228.62
T101214,2025-08-13,NAS100,SELL,4.88,22867.02507,269.0
T101142,28/03/2025,NAS100  ,BUY,11.93,18839.47391,
T101349,2025-05-02,BTCUSD,BUY,14.29,62755.18891,-135.4
T100752,06/03/2025,BTCUSD,SELL,2.75,65574.74022,10.12
T101811,2025-05-06,GBP/USD,BUY,3.61,1.14627,138.2
T102862,20/01/2025,NAS100,SELL,18.98,17701.27926,470.25
T100853,06-11-2025,GBPUSD,SELL,4.46,1.11346,466.19
T102896,11/07/2025,BTCUSD  ,BUY,4.59,59608.32676,-380.93
T100269,2025-04-18,GBPUSD,BUY,10.88,1.19488,-126.4
T102034,2025-05-05,EURUSD,BUY,15.35,,-20.72
T100883,04-04-2025,NAS100,SELL,5.64,19480.10487,-39.8
T101953,03/04/2025,EURUSD,BUY,7.51,0.99752,359.26
T101733,26/05/2025,GBPUSD,BUY,5.43,1.14145,221.45
T101160,2025-04-22,GBPUSD,BUY,4.66,1.16997,23.26
T102842,2025-01-03,EURUSD,SELL,11.2,1.0844,203.36
T102505,03/04/2025,NAS100,SELL,13.67,19234.66896,592.31
T101877,10/04/2025,GBPUSD,SELL,9.78,1.19532,212.52
T102323,31/03/2025,XAUUSD,BUY,5.28,2606.45599,239.0
T102863,01-30-2025,Nas100,BUY,8.94,18010.15341,117.28
T100197,2025-07-01,GBPUSD,SELL,3.16,1.14992,382.74
T100541,2025-05-23,EURUSD,BUY,15.23,1.0234,12.84
T100017,24/02/2025,NAS100,BUY,18.1,18911.12396,309.11
T101402,08/07/2025,XAUUSD,SELL,18.92,2675.98973,-635.6
T100712,2025-04-14,NAS100,BUY,3.49,19893.91737,119.55
T101686,08/05/2025,BTCUSD,SELL,9.29,58481.63871,-26.39
T101120,2025-04-14,EURUSD,BUY,11.55,1.00261,10.48
T101168,2025-01-24,BTCUSD,SELL,9.38,61920.61286,-469.67
T102542,24/07/2025,EURUSD,BUY,7.59,1.04812,-458.33
T101129,04-28-2025,GBPUSD,BUY,4.16,1.16098,-277.38
T101859,12/08/2025,NAS100,SELL,7.05,23111.09978,213.04
T102393,08-18-2025,GBPUSD,SELL,7.95,1.02989,-85.01
T102363,2025-04-02,GBPUSD,BUY,6.67,1.17783,399.94
T101223,11/02/2025,XAUUSD  ,BUY,9.09,2638.45273,-138.63
T102056,2025-03-25,BTCUSD,BUY,8.77,59574.10251,238.93
T100203,2025-03-05,EURUSD,SELL,2.8,1.02575,128.6
T101631,2025-03-17,XAUUSD,BUY,6.76,2722.22504,-204.06
T101944,2025-08-11,EURUSD,BUY,5.94,1.05983,76.5
T102309,2025-04-07,GBPUSD,BUY,8.59,1.19115,-188.84
T100509,08-26-2025,Eurusd,SELL,1.41,1.05598,158.28
T102535,04/06/2025,EURUSD,SELL,11.97,1.03122,-53.1
T102684,19/02/2025,GBPUSD,SELL,11.34,1.22468,
T100492,07/02/2025,GBPUSD,BUY,2.15,1.23883,-199.38
T100606,18/06/2025,EURUSD,BUY,24.78,1.01908,34.16
T102965,2025-07-16,GBPUSD,BUY,4.7,1.10111,
T101907,2025-03-07,XAUUSD,SELL,22.72,2793.60754,157.65
T102359,14/08/2025,EURUSD,BUY,23.52,1.04529,366.19
T102854,2025-03-12,GBPUSD  ,SELL,6.66,1.18729,212.51
T102146,2025-04-11,NAS100,SELL,2.63,19769.43105,238.95
T101299,10/04/2025,XAUUSD,BUY,2.24,2701.47062,-117.43
T102767,2025-01-09,GBPUSD,BUY,6.98,1.29503,154.43
T101161,29/08/2025,GBPUSD,BUY,2.98,1.04339,-124.36
T102623,07/05/2025,BTCUSD,SELL,7.27,60360.19909,-219.54
T100115,03/01/2025, xauusd ,BUY,5.12,2465.61649,-109.16
T101105,26/06/2025, xauusd ,BUY,8.15,2698.25762,182.92
T101016,2025-02-05,NAS100,BUY,12.2,17778.98296,-29.17
T102489,01/01/2025, nas100 ,SELL,12.06,17753.76874,135.42
T102224,2025-09-01,BTCUSD,SELL,2.44,51343.96882,460.31
T102279,05/03/2025,EURUSD,BUY,8.67,1.02914,313.84
T102571,2025-03-28,BTCUSD,BUY,7.8,55462.67031,244.59
T100330,06-18-2025,XAUUSD,SELL,6.79,2669.05017,-134.95
T101061,01-29-2025,Nas100,SELL,3.87,18249.09448,502.23
T102497,02-20-2025,XAUUSD,SELL,21.1,2611.90146,-39.99
T102981,06-16-2025,EURUSD,SELL,10.0,1.02803,45.03
T100937,07-28-2025,XAUUSD  ,SELL,7.21,2535.77498,121.49
T101199,15/07/2025,GBPUSD,BUY,10.59,1.11503,-148.31
T102031,2025-03-27,NAS100,BUY,4.4,18872.9221,-450.02
T102240,2025-04-01,Nas100,SELL,5.92,18967.04112,110.32
T100583,01-01-2025,EURUSD,BUY,13.01,1.08651,105.41
T100566,07/02/2025,EURUSD,SELL,7.04,1.06393,54.25
T100579,13/01/2025,XAUUSD,BUY,5.4,2523.41084,-130.13
T101136,28/08/2025,GBPUSD,SELL,7.21,1.03073,275.55
T100773,2025-02-19,EURUSD,SELL,6.32,1.04591,-185.83
T102251,27/02/2025,BTCUSD,SELL,20.14,62036.28053,450.42
T102310,09-05-2025,XAUUSD,BUY,14.03,2506.72086,104.34
T102139,14/03/2025,EURUSD,SELL,7.35,1.01394,94.77
T100736,08-13-2025,BTCUSD,SELL,8.84,58180.98953,167.75
T100428,25/04/2025,XAUUSD,SELL,4.75,2764.36407,24.49
T100647,05/09/2025,GBPUSD,SELL,4.77,1.05835,-118.51
T101499,2025-02-07,XAUUSD,SELL,0.93,2676.68416,-365.01
T102813,21/07/2025,BTCUSD,BUY,8.96,69348.25582,-116.27
T100423,03-28-2025,Nas100,SELL,8.08,18829.35973,4.64
T100657,2025-02-25,NAS100,BUY,2.15,,-322.24
T101074,16/04/2025,GBPUSD,BUY,5.31,1.17948,179.98
T101763,02-14-2025,BTCUSD,SELL,21.1,71321.34296,-238.94
T102018,02-14-2025,BTCUSD,SELL,21.62,71286.00516,-203.39
T100383,2025-05-16,EURUSD,SELL,6.79,0.997,-139.02
T102992,2025-03-06,EURUSD,BUY,4.3,1.02012,162.34
T100943,04-03-2025,EURUSD,SELL,7.85,0.99851,427.84
T102677,04-28-2025,XAUUSD,BUY,4.55,2749.9556,285.78
T101682,03-12-2025,XAUUSD,BUY,11.53,2783.00286,-152.2
T100003,04-11-2025,BTC/USD,BUY,8.4,60456.21289,433.48
T101497,2025-05-02,XAUUSD,BUY,6.37,2715.36958,-96.79
T102417,02-14-2025, nas100 ,BUY,8.0,18015.51121,-19.84
T102065,2025-03-21,XAUUSD,SELL,4.59,2711.52135,2.77
T102944,05-13-2025,EURUSD,BUY,5.11,1.00264,206.84
T101594,2025-01-09,NAS100,SELL,10.52,16894.18647,-261.67
T101622,03-28-2025,BTCUSD,SELL,4.59,55499.58301,193.65
T100805,25/06/2025,GBPUSD,SELL,8.86,1.15034,-334.95
T102587,2025-06-11,EURUSD  ,BUY,24.14,1.04281,131.41
T100345,2025-09-03,BTCUSD,BUY,3.39,52605.34171,-362.49
T101049,24/02/2025,EURUSD,SELL,2.81,1.03577,402.67
T101668,2025-06-17,EURUSD,BUY,4.02,1.02925,-396.83
T101345,11/08/2025,BTC/USD,SELL,3.97,62660.09369,184.82
T102919,01-08-2025,EURUSD  ,SELL,5.35,1.06611,87.13
T100552,01/05/2025,EURUSD,SELL,6.26,1.00326,-106.63
T100373,22/04/2025,XAUUSD,BUY,19.39,2795.47259,-277.77
T100331,01-14-2025,NAS100,BUY,13.09,17405.25018,-270.47
T100253,2025-04-16,EUR/USD,SELL,8.88,0.99847,25.78
T102525,2025-03-26,BTCUSD,SELL,2.37,58268.85798,58.64
T100114,2025-04-28,NAS100,SELL,6.54,20552.68385,-587.55
T102099,30/06/2025,GBPUSD,BUY,17.47,1.15287,333.37
T102572,24/03/2025,NAS100,BUY,4.29,19354.23299,266.5
T101158,02-20-2025,BTCUSD,BUY,7.78,64032.13575,
T101661,05-26-2025,Xauusd,BUY,4.34,,138.79
T100247,03-28-2025,GBPUSD,BUY,39.26,1.18229,330.69
T102805,2025-05-19,BTCUSD,SELL,6.27,58513.9169,-74.29
T100775,18/07/2025,GBPUSD,BUY,3.24,1.09375,33.9
T101226,01-20-2025,EURUSD,SELL,5.83,1.04823,-21.2
T100593,03-19-2025,EURUSD,BUY,6.22,1.01033,-109.07
T100346,2025-08-13,EURUSD,BUY,4.42,1.06182,126.89
T102870,2025-07-14,BTCUSD,BUY,9.23,59672.11202,-135.41
T101391,03/09/2025,NAS100,BUY,10.41,22527.39511,83.95
T101313,20/01/2025,EURUSD,SELL,9.44,1.05317,299.85
T100857,11/08/2025,EURUSD,BUY,10.15,1.05623,-257.94
T100063,03-21-2025,BTCUSD,BUY,3.88,61755.47099,153.4
T101237,03-05-2025,GBP/USD,BUY,14.64,1.19347,370.6
T100719,2025-06-06,GBPUSD,BUY,11.52,1.1257,90.68
T100687,2025-07-23,BTCUSD,SELL,8.9,64847.05189,-120.01
T101079,2025-09-01,GBP/USD,BUY,12.61,1.04734,73.15
T101514,09/07/2025,GBPUSD,BUY,8.61,1.12004,100.79
T102827,01-07-2025,BTCUSD,SELL,7.68,58640.19151,148.74
T101654,01-22-2025,BTCUSD  ,SELL,7.36,59984.65351,-38.76
T100989,2025-04-25,BTCUSD,SELL,5.57,58093.21841,508.07
T100362,02-27-2025,BTCUSD,BUY,10.2,62134.46588,18.93
T100914,03-10-2025,BTC/USD,BUY,4.85,69066.15238,-108.61
T101128,2025-05-21,BTCUSD,BUY,4.14,59600.92935,284.94
T101274,04-16-2025,GBPUSD,BUY,7.37,1.18546,115.63
T101882,14/01/2025,NAS100,BUY,21.12,17392.03385,-316.81
T100025,n/a,XAUUSD,BUY,6.84,2689.1571,325.21
T101381,14/05/2025,EURUSD  ,SELL,10.06,1.00816,412.56
T100427,2025-02-21,BTCUSD,SELL,7.03,63035.58619,-533.95
T102427,2025-06-18,EURUSD,SELL,14.72,1.01508,558.61
T101593,04/06/2025,XAUUSD,SELL,7.83,2647.52893,270.74
T100212,25/02/2025,BTCUSD,BUY,24.45,63047.66539,229.0
T101037,17/01/2025,NAS100,BUY,30.4,17764.4865,287.8
T101211,2025-05-09,EURUSD,BUY,8.05,1.0098,110.22
T102202,2025-03-06,GBPUSD,BUY,5.6,1.18847,126.26
T100769,2025-07-23,GBPUSD,SELL,4.76,1.0805,82.76
T101810,2025-02-26, xauusd ,SELL,18.58,2672.41795,-121.45
T102681,2025-07-30,NAS100,BUY,5.84,22019.70846,100.53
T100354,03-28-2025,GBPUSD,SELL,4.61,1.1819,-78.45
T102636,05-22-2025,EURUSD,BUY,10.44,1.02375,176.34
T101937,05-07-2025,EURUSD,SELL,19.49,1.01042,75.75
T101438,08-15-2025,NAS100,SELL,2.41,22890.45941,-71.0
T102391,04-02-2025,GBPUSD,SELL,4.38,1.18249,84.34
T102197,2025-08-14,GBPUSD,SELL,11.62,1.02979,-192.9
T100946,2025-03-07,NAS100,SELL,12.58,19266.58266,224.32
T101268,2025-03-14,GBPUSD,BUY,7.17,1.18247,330.97
T100594,2025-06-18,XAUUSD,SELL,12.42,2662.22298,42.33
T101607,07-28-2025,EURUSD,SELL,8.11,1.05426,147.49
T102774,20/02/2025,GBP/USD,BUY,9.48,1.22194,-303.47
T100844,2025-07-16,EURUSD,BUY,2.93,1.01897,138.49
T101281,01/07/2025,Xauusd,BUY,2.19,2714.07493,412.68
T102144,02-03-2025,BTCUSD,SELL,11.12,59194.5372,158.24
T100537,29/07/2025, gbpusd ,SELL,8.74,1.05691,-4.71
T102355,2025-03-28,NAS100,BUY,9.14,18874.83814,218.63
T101645,2025-07-22,XAUUSD,BUY,4.68,2631.66662,-343.24
T100668,2025-02-14,EURUSD,BUY,10.86,1.04672,-151.1
T102227,04-10-2025,EURUSD,BUY,11.35,0.99329,112.49
T102213,01/09/2025,XAUUSD,BUY,10.0,2532.26839,-347.06
T100126,07-10-2025,GBPUSD,BUY,3.12,1.12403,108.41
T101621,05-09-2025,EURUSD,SELL,2.47,1.01324,-163.76
T100136,02/05/2025,NAS100,SELL,19.97,21240.58566,-152.23
T102496,2025-02-13,BTC/USD,SELL,2.44,69054.05967,34.29
T101938,2025-01-02,NAS100,BUY,6.59,17858.58768,335.87
T101421,2025-08-01, nas100 ,BUY,5.05,22729.90868,319.44
T102370,2025-02-19,BTCUSD,BUY,3.92,66015.29442,111.42
T102129,16/01/2025,BTCUSD,BUY,29.09,56785.25667,-249.24
T102063,15/04/2025,NAS100,BUY,4.19,19825.42233,42.11
T102128,03-19-2025,GBPUSD,SELL,5.33,1.17728,-197.54
T102045,04-10-2025,BTCUSD,BUY,15.28,59384.26555,-363.17
T100554,08-20-2025,Nas100,SELL,4.47,22774.58957,223.89
T102804,03-07-2025,XAUUSD,BUY,8.17,2792.86461,150.28
T101644,06/02/2025,NAS100,BUY,8.24,17671.62993,547.76
T101247,2025-06-23, btcusd ,BUY,10.18,66382.88271,40.53
T102364,2025-06-06,NAS100,BUY,2.49,23792.80384,-197.28
T100068,2025-06-17,NAS100,BUY,5.63,23306.24394,-69.59
T101383,2025-05-12,EURUSD,BUY,1.99,1.01298,64.47
T102069,08-11-2025,GBP/USD,SELL,5.06,1.04584,-9.42
T101320,11/08/2025, gbpusd ,SELL,12.3,1.04516,436.93
T101825,07-15-2025,NAS100,SELL,4.83,22811.456,9.57
T100584,08-12-2025,XAUUSD,SELL,5.67,2511.43787,-11.25
T102177,2025-06-06,BTCUSD,BUY,3.93,64304.1196,-68.33
T100856,27/06/2025,NAS100,BUY,7.52,23371.36062,31.64
T101056,2025-07-17,GBPUSD,SELL,23.35,1.09998,-204.25
T101894,2025-06-11,EURUSD,BUY,9.29,1.0427,-200.9
T101884,03-17-2025,GBPUSD,BUY,11.5,1.18323,132.92
T101341,2025-04-28,EURUSD,SELL,12.55,0.99924,442.72
T100052,2025-04-24,NAS100,SELL,18.97,20088.25986,172.19
T102021,24/01/2025,BTCUSD,BUY,10.08,62097.51655,145.02
T100953,06-18-2025,EURUSD,SELL,14.68,1.02205,-562.94
T100960,23/07/2025,BTCUSD,BUY,8.09,64890.13529,272.7
T102620,2025-06-10,XAUUSD,SELL,2.68,2701.70974,-127.2
T102873,18/08/2025,GBPUSD,SELL,9.7,1.03092,133.97
T102802,2025-03-07,XAUUSD,BUY,14.72,2802.89929,375.75
T102976,2025-07-11,GBPUSD,SELL,6.91,1.11099,237.12
T102612,04-14-2025,Eurusd,BUY,5.04,1.005,-503.51
T101459,09-02-2025,GBPUSD,BUY,2.68,1.05249,-107.71
T100353,01-08-2025,GBP/USD,BUY,5.37,1.29159,91.46
T102188,19/08/2025,NAS100,SELL,6.25,22667.27885,258.25
T100644,2025-06-13,EURUSD,SELL,3.85,1.02835,252.07
T100434,2025-01-14,GBPUSD,SELL,7.32,1.27978,-94.7
T100972,01-29-2025,NAS100,SELL,4.33,18260.29308,14.56
T102020,2025-06-11,XAUUSD,SELL,4.65,2705.81682,-369.8
T100240,07-02-2025,XAUUSD,SELL,4.72,2693.18079,-145.01
T100484,05/03/2025,BTCUSD,BUY,2.27,66297.71346,-432.4
T102057,2025-07-29,XAUUSD,SELL,7.02,2548.54292,-298.5
T100357,01-21-2025,BTCUSD,BUY,4.88,566296.2799,45.77
T100421,2025-01-06,BTCUSD,BUY,6.13,58979.63154,-156.49
T101409,2025-06-03,NAS100,SELL,7.99,22533.32019,13.11
T101231,2025-01-10,BTCUSD,SELL,10.72,58776.27302,11.94
T102423,29/04/2025,EURUSD,SELL,6.47,1.00757,-94.68
T101970,2025-03-25,GBPUSD,SELL,4.18,1.17497,175.14
T100372,22/04/2025,XAUUSD,BUY,6.27,2802.85421,-354.57
T100916,2025-01-07,NAS100,BUY,5.72,17334.56586,135.61
T101104,2025-05-27,BTCUSD,SELL,6.95,58302.20273,58.65
T102696,2025-03-04,BTCUSD,BUY,5.26,63742.30784,-34.14
T101093,06-13-2025,EURUSD,SELL,18.12,1.0313,28.45
T101675,04/02/2025,GBPUSD,SELL,8.64,1.25518,-217.41
T101089,03-27-2025,BTCUSD,SELL,7.81,56112.9677,-69.26
T101087,2025-05-16,BTCUSD,SELL,3.18,60075.71365,278.78
T102612,04-14-2025,Eurusd,BUY,5.04,1.005,-537.03
T101874,20/02/2025,EURUSD,BUY,10.69,1.03712,
T102172,04-23-2025,EURUSD  ,SELL,6.36,1.0068,-265.89
T101058,15/08/2025,NAS100,SELL,6.4,,186.11
T100632,2025-03-05,Gbpusd,BUY,2.52,1.18984,-137.9
T101308,19/08/2025,GBPUSD,BUY,4.5,10.2717,200.73
T100725,08-01-2025,XAUUSD,SELL,7.96,2511.16034,125.81
T101766,25/04/2025,Xauusd,SELL,11.73,2762.2538,72.28
T100841,08/07/2025,BTC/USD,BUY,5.17,60424.25624,-101.82
T102052,2025-03-12,GBPUSD,BUY,9.98,1.18738,385.17
T101249,2025-03-21,GBPUSD,SELL,4.03,1.18051,-510.06
T101687,2025-03-07,NAS100,BUY,3.72,19318.69933,272.78
T101740,06-20-2025,GBPUSD,BUY,6.01,1.12318,309.96
T102562,04-21-2025,BTCUSD,SELL,17.49,60821.21977,-52.05
T102840,02/06/2025,GBPUSD,BUY,9.74,1.13326,-314.5
T101658,2025-08-28,EURUSD,SELL,2.63,,440.19
T102984,05-22-2025,GBP/USD,BUY,5.22,11.443000000000001,-28.91
T100868,09-02-2025,XAUUSD,BUY,8.58,2526.44913,596.11
T102831,07-10-2025,NAS100,SELL,6.25,23324.32913,-322.95
T100913,03-28-2025,GBPUSD,BUY,7.57,1.1815,-292.97
T101170,2025-05-27,NAS100,SELL,16.34,22926.70014,-169.31
T102429,2025-02-05,EURUSD,SELL,31.63,1.06515,560.02
T101984,07-31-2025,GBPUSD,SELL,4.55,1.04695,277.25
T100714,2025-08-21,BTCUSD,SELL,11.67,55985.34149,-105.2
T101896,2025-05-13,XAUUSD,BUY,14.34,2666.96944,-438.12
T101993,23/06/2025,EURUSD,BUY,12.59,1.02463,-197.77
T102530,06-12-2025,BTCUSD,SELL,6.72,64156.53299,-160.17
T100394,2025-07-24,XAUUSD,SELL,15.02,2584.76466,-371.93
T101842,04-03-2025,BTCUSD,BUY,3.74,56421.8124,
T100630,2025-01-24,EURUSD,SELL,8.93,1.05844,752.85
T100352,01-22-2025,EURUSD,BUY,5.65,1.04815,129.81
T102872,2025-06-02,EURUSD,SELL,4.28,1.03967,
T100204,2025-05-14,EURUSD,BUY,36.82,1.00587,145.67
T101866,08-05-2025,EURUSD,BUY,22.98,1.05177,-99.18
T100672,01/08/2025,EURUSD,SELL,7.13,1.04976,191.84
T102716,2025-05-26,EURUSD,SELL,4.53,1.02374,-162.82
T100755,03-18-2025,Xauusd,BUY,8.09,2738.59556,668.69
T101751,01-07-2025,BTCUSD,BUY,9.97,58884.22363,484.4
T102700,2025-01-13,GBPUSD,BUY,12.66,1.29486,219.98
T100495,2025-05-15,BTCUSD,BUY,12.22,59221.01791,19.33
T100756,2025-05-21,XAUUSD,SELL,9.42,2688.81827,-1.45
T100277,06-19-2025,XAUUSD,BUY,6.91,2724.57033,195.85
T102504,06-26-2025,Nas100,BUY,6.74,23556.53364,-225.15
T101073,2025-01-24,GBPUSD,BUY,13.47,1.28099,-21.51
T100495,2025-05-15,BTCUSD,BUY,12.22,59221.01791,19.33
T101048,06-26-2025,EURUSD  ,BUY,15.12,1.02033,-332.56
T102685,2025-06-19,BTCUSD,BUY,6.2,63671.1041,-54.98
T102237,2025-05-13, nas100 ,SELL,9.09,21748.75906,-408.47
T102042,2025-08-08,EURUSD,BUY,7.54,1.04729,11.09
T102426,24/06/2025,BTCUSD,BUY,5.91,66863.09353,166.31
T102745,05/08/2025,BTCUSD,SELL,1.57,66504.27122,-142.4
T101995,03-14-2025,XAUUSD,SELL,6.47,2737.93687,71.19
T102070,04-21-2025,EURUSD,BUY,8.47,0.99617,144.74
T102206,18/06/2025,GBPUSD  ,SELL,5.2,1.12025,400.62
T102013,2025-04-01,NAS100,BUY,5.01,19000.5557,-46.82
T101263,2025-05-06,BTCUSD,BUY,7.32,62006.80663,-277.87
T100070,02/09/2025,EURUSD,SELL,9.16,1.03289,358.06
T102937,17/02/2025,XAUUSD,BUY,5.63,2640.40736,200.3
T102785,03-07-2025,GBPUSD,BUY,4.79,1.19332,-160.85
T102023,03-26-2025,Nas100,BUY,17.83,19049.93071,-241.66
T100200,16/01/2025,BTC/USD,BUY,6.17,56667.22666,71.86
T101840,16/05/2025,BTCUSD,BUY,5.01,59916.1899,162.28
T102120,03-24-2025,XAUUSD,SELL,17.25,2713.76581,339.66
T101508,2025-01-06,XAUUSD,BUY,11.03,2514.91945,-349.93
T100600,14/04/2025,NAS100,BUY,18.0,19882.26932,-42.59
T100812,29/07/2025,NAS100,BUY,6.96,21900.9018,-130.82
T102668,04-21-2025,GBPUSD,BUY,14.79,1.17535,-55.38
T101890,2025-07-11, btcusd ,SELL,21.73,59402.46442,68.22
T100133,2025-09-04,BTCUSD,BUY,5.24,50597.29773,-236.18
T102294,2025-06-20,NAS/100,SELL,9.04,23764.63162,-86.57
T101240,04-22-2025,BTCUSD  ,BUY,8.9,60372.45662,142.4
T101925,2025-09-08,GBPUSD,BUY,5.98,1.05511,-245.19
T101808,14/05/2025,EURUSD,SELL,4.16,1.00741,-84.53
T101064,2025-07-02,XAU/USD,BUY,6.64,2687.2408,-152.4
T100480,06-26-2025,BTC/USD,SELL,17.81,63703.26787,141.42
T102357,09/01/2025,NAS100,BUY,3.0,16828.61067,55.45
T100752,06/03/2025,BTCUSD,SELL,2.75,65574.74022,77.54
T102493,05-29-2025,BTCUSD,BUY,8.89,57776.09027,187.04
T102181,2025-07-04,NAS100,SELL,10.47,22999.06642,-393.51
T101718,07/02/2025,NAS100,SELL,12.42,17633.78398,282.58
T102186,01-09-2025,BTCUSD,BUY,4.9,60144.99104,117.33
T100105,2025-05-14,NAS100,SELL,4.7,21333.02875,-185.18
T100903,18/03/2025,NAS100,SELL,10.78,19085.83585,-104.48
T102341,24/07/2025,XAUUSD,SELL,7.08,2580.87465,-45.65
T101545,07-07-2025,EUR/USD,BUY,3.98,1.0152,243.45
T101382,06-06-2025,XAUUSD,BUY,10.64,2658.61161,-238.11
T102993,11/06/2025,BTC/USD,BUY,3.17,65009.84007,-82.68
T100817,07-29-2025,NAS100,BUY,9.74,219907.7929,536.69
T101851,2025-02-26,NAS100,SELL,17.06,18595.86725,69.81
T102210,07-01-2025, xauusd ,SELL,19.11,2713.52024,-146.42
T100125,2025-01-06,XAUUSD,BUY,5.88,2514.28465,344.64
T100057,25/02/2025,EURUSD,SELL,12.32,1.04234,-103.3
T102823,07/02/2025,XAUUSD,SELL,11.9,2681.03377,146.58
T102050,07-07-2025,BTCUSD,BUY,3.59,58100.219,293.75
T100679,2025-02-10,EURUSD,BUY,18.36,1.0529,15.62
T100834,01-01-2025,GBPUSD,BUY,6.35,1.25727,2.47
T102248,2025-01-03,Gbpusd,BUY,3.99,1.27451,-399.62
T102861,2025-05-19,XAUUSD,SELL,8.93,2686.75805,-302.42
T100060,2025-06-03,GBPUSD,SELL,3.35,1.12266,-440.85
T102644,2025-04-07,EURUSD,SELL,7.37,0.98674,-296.74
T102397,17/02/2025, gbpusd ,SELL,15.06,1.2268,415.52
T100581,03-28-2025,GBPUSD,BUY,18.45,1.18368,246.25
T102337,2025-02-05,Btcusd,SELL,15.78,60820.11906,297.4
T102471,21/02/2025,EURUSD,BUY,5.37,1.0434,126.72
T100808,2025-02-11,XAUUSD,SELL,18.0,,-238.74
T101652,2025-02-24,GBPUSD,SELL,5.6,1.21921,189.47
T100499,07-30-2025,XAUUSD,SELL,3.93,2517.50352,-106.15
T100401,04-22-2025,XAUUSD,BUY,2.9,2797.63752,1.79
T101532,18/02/2025,XAUUSD,SELL,10.51,2651.48134,226.77
T101428,29/05/2025,NAS100,BUY,9.11,23001.66746,239.35
T101606,2025-01-21,XAUUSD,SELL,6.43,2541.10399,198.58
T102440,2025-07-18,XAUUSD,SELL,14.3,2660.55386,30.99
T100977,16/05/2025,XAUUSD,SELL,3.46,2683.46924,150.05
T101373,2025-03-14,NAS100  ,SELL,15.16,19438.96535,263.76
T100287,2025-04-22,NAS100,SELL,5.13,20261.99482,-162.38
T101371,08-13-2025,NAS100,BUY,5.7,22834.41424,-84.75
T102495,2025-04-29,BTCUSD,SELL,9.88,60705.87402,215.56
T102447,2025-02-18,NAS100,BUY,4.62,,150.92
T101931,14/07/2025,XAUUSD,BUY,4.03,2634.27287,-120.86
T101665,19/06/2025,GBPUSD,SELL,6.52,1.11988,347.58
T100228,05-20-2025,GBPUSD,SELL,8.27,1.14365,-486.17
T102062,04-16-2025,EURUSD,BUY,7.08,0.9998,49.91
T102597,09-04-2025,NAS100,BUY,8.93,23087.39643,40.63
T101867,04-29-2025,BTCUSD,SELL,11.0,60497.68489,-231.37
T100618,08-21-2025,BTCUSD,BUY,15.0,,16.98
T100167,03/04/2025,NAS100,SELL,4.33,19294.81376,-113.32
T101611,2025-09-09,NAS100,BUY,11.08,22585.24573,-100.17
T102490,04/02/2025,BTCUSD,SELL,5.88,60123.53719,-128.02
T102002,2025-07-18,Nas100,SELL,14.16,22886.722,234.13
T102250,04-08-2025,NAS100,BUY,6.29,20447.80571,268.53
T102302,26/03/2025,NAS100,BUY,7.56,19153.86253,317.49
T100207,05-07-2025,BTCUSD,SELL,3.51,60794.46749,92.14
T102692,2025-04-28,Nas100,SELL,10.3,20573.49625,-144.15
T102594,30/07/2025,NAS100,SELL,27.04,21969.30288,264.33
T102507,09/01/2025,EURUSD,SELL,3.45,1.06107,-194.05
T101334,2025-04-22,EURUSD,SELL,15.05,0.99137,689.02
T102001,03-04-2025,XAUUSD,SELL,11.31,2763.06588,
T101487,2025-03-14,NAS100,BUY,9.99,19426.38068,-27.61
T100685,29/08/2025,GBPUSD,BUY,6.59,1.04303,66.18
T102273,07/05/2025,XAUUSD,BUY,12.8,2697.95962,-128.53
T100742,07-30-2025,NAS100,SELL,7.84,22055.42634,
T102538,2025-02-03,Eurusd,SELL,3.63,1.06387,-243.26
T100348,07-24-2025,GBPUSD,BUY,2.5,1.05832,146.78
T102109,2025-05-30,EURUSD,BUY,8.0,1.03854,127.27
T101083,07-28-2025,EUR/USD,BUY,10.7,1.05463,16.76
T102414,2025-01-13,GBPUSD,BUY,2.77,1.29849,175.29
T100623,28/03/2025, nas100 ,BUY,30.13,18833.59682,-71.15
T101509,10/06/2025,XAUUSD  ,BUY,4.0,2696.86348,-107.36
T100813,03-18-2025,BTCUSD,SELL,8.39,60797.75678,-121.22
T101972,2025-09-04,EURUSD  ,SELL,2.67,1.02931,
T102096,2025-08-29,NAS100,SELL,3.79,22752.29372,-315.91
T102457,2025-01-13,BTCUSD,BUY,10.69,58193.98829,-61.58
T101451,14/01/2025,GBPUSD,SELL,8.44,1.27818,303.68
T102686,24/07/2025,GBPUSD,SELL,11.19,1.0604,-103.77
T100963,08-04-2025,GBPUSD,SELL,12.11,1.05806,-444.52
T101434,07-03-2025,BTCUSD,BUY,5.47,60756.99789,-396.34
T100124,2025-01-17,EURUSD,BUY,10.29,1.03798,-29.08
T101968,2025-03-04,EURUSD,BUY,7.68,1.03299,54.11
T101146,02/07/2025,XAGUSD,BUY,7.38,1.14896,117.69
T101822,22/07/2025,NAS100,BUY,10.27,22409.19564,-193.13
T102385,2025-06-10, gbpusd ,SELL,8.26,1.1119,-219.0
T102455,03/02/2025,NAS100,SELL,2.24,18041.0159,34.04
T102092,25/04/2025,GBPUSD,SELL,2.9,1.16252,65.06
T102953,23/01/2025,XAUUSD,BUY,14.37,2590.72495,-17.44
T102841,03/07/2025,BTCUSD,SELL,4.44,60865.89706,489.62
T101404,05-14-2025,XAUUSD,SELL,5.84,2709.63231,-47.77
T102510,07-24-2025,EURUSD,SELL,3.75,1.04461,-230.84
T100720,15/01/2025,Gbpusd,SELL,2.37,1.28717,149.5
T100374,2025-08-29,BTCUSD,SELL,28.75,51441.40529,19.51
T102807,20/08/2025,NAS100,BUY,3.94,22825.46363,-4.38
T102155,06-09-2025,EUR/USD,BUY,4.17,1.03807,-132.1
T101752,09-01-2025,NAS100,BUY,10.74,22606.23165,-169.49
T102127,20/08/2025,GBPUSD,SELL,5.45,1.03024,-140.0
T101633,07-11-2025,GBPUSD  ,BUY,5.36,1.11111,-341.18
T100099,06-06-2025,GBPUSD,BUY,5.39,1.12657,19.44
T101961,06/02/2025,NAS100,SELL,13.97,17722.65858,-350.07
T101253,2025-05-22,NAS100,SELL,30.43,21785.60446,-335.54
T100112,08-05-2025,NAS100,SELL,3.9,22487.18674,269.0
T100048,07/07/2025,NAS100,SELL,12.94,23136.83639,255.38
T100481,04-24-2025,EURUSD,BUY,3.69,1.00286,457.53
T100227,21/03/2025,Nas100,SELL,3.31,19319.8896,-280.07
T102744,2025-04-23,BTCUSD,SELL,9.42,60765.66502,-120.95
T101547,26/08/2025,BTCUSD,BUY,21.87,53207.48218,460.24
T101540,2025-05-19,Btcusd,SELL,13.3,58369.15118,32.3
T101858,2025-04-07,XAUUSD,BUY,2.77,2717.67988,80.1
T100321,2025-04-24,EURUSD,BUY,9.72,1.00515,-292.8
T100796,2025-03-18,Nas100,SELL,5.7,19088.60306,-246.08
T102328,01-02-2025,EURUSD,BUY,5.34,1.08465,362.57
T100120,2025-04-03,EURUSD,SELL,5.92,0.99842,2.23
T101149,22/07/2025,EURUSD,SELL,8.8,,-143.78
T100982,08/07/2025,NAS100,SELL,8.13,23350.59188,-71.22
T102916,2025-08-28,XAUUSD,SELL,14.43,2554.65387,-77.01
T102886,25/07/2025,EURUSD,BUY,9.85,1.05049,-147.86
T102750,26/06/2025,XAUUSD,BUY,18.1,2694.78369,142.72
T102994,01/04/2025,XAUUSD,BUY,4.87,2632.45635,211.54
T101758,07-31-2025,BTCUSD,SELL,4.98,59822.81025,279.61
T101376,2025-03-10,GBPUSD,BUY,9.78,1.18232,159.51
T100761,2025-08-18,XAUUSD,BUY,10.39,2497.26292,125.82
T101708,2025-03-25,EURUSD,SELL,3.44,1.00399,
T102321,23/04/2025,BTCUSD,BUY,1.71,60665.66752,-506.02
T101768,2025-01-08,BTCUSD,SELL,7.65,57643.47283,-62.72
T100180,2025-03-06,NAS100,BUY,5.24,19276.70821,-188.2
T101453,2025-07-07,GBPUSD,BUY,5.37,1.13004,459.4
T100926,04/06/2025,XAUUSD,SELL,6.36,2647.90658,
T100654,2025-02-04,BTCUSD,SELL,16.91,59992.72886,-47.05
T100706,25/08/2025,EURUSD  ,BUY,19.56,1.04696,106.2
T100046,2025-07-18,BTCUSD,SELL,4.05,69825.07225,138.21
T102600,2025-03-19,BTCUSD,SELL,7.35,60870.13961,280.41
T100371,05/05/2025,NAS100,BUY,6.11,21143.69722,
T102260,12/02/2025,BTC/USD,SELL,5.59,68874.54117,51.93
T101452,20/02/2025,BTCUSD  ,SELL,9.11,64071.19428,
T101458,2025-03-31,EURUSD,BUY,7.01,0.99374,-84.77
T102473,10/01/2025,BTCUSD,SELL,8.78,58617.21124,-143.4
T101960,2025-07-03,NAS100,SELL,9.04,22842.57292,302.47
T101268,2025-03-14,GBPUSD,BUY,7.17,1.18247,330.97
T100590,08-04-2025,EURUSD,SELL,13.3,1.04801,-763.67
T100403,2025-05-09,EURUSD,BUY,8.19,1.01209,293.63
T100436,15/08/2025,BTCUSD,SELL,-5.0,55843.70888,-193.26
T101360,03/01/2025,NAS100,SELL,10.37,17492.68255,-288.47
T100005,2025-06-09,BTCUSD,BUY,5.52,63082.42371,336.47
T100711,01-01-2025,NAS100,SELL,30.87,17747.35816,24.78
T100273,2025-05-12,GBPUSD,SELL,7.68,1.14583,391.54
T100302,29/05/2025,EURUSD,BUY,7.2,1.03425,-129.28
T102834,08-13-2025,GBPUSD,SELL,4.49,,154.55
T101815,25/02/2025,GBPUSD,BUY,6.35,1.21521,-0.23
T100469,2025-01-20,EURUSD,BUY,7.95,1.05136,225.3
T102619,16/04/2025,BTCUSD,BUY,8800.0,59265.94754,-126.28
T101544,2025-03-13,BTCUSD,BUY,12.94,62554.41185,-53.88
T102346,04-03-2025,GBPUSD  ,BUY,7.21,1.18172,108.96
T100511,2025-06-20,XAUUSD,SELL,3.82,2736.91283,252.82
T102071,07-25-2025,GBPUSD,BUY,15.29,1.055,-386.18
T101834,24/01/2025,GBPUSD,SELL,8.15,1.28067,-41.37
T101190,13/01/2025,EURUSD,SELL,12.84,1.0635,-117.66
T101017,01-21-2025,EURUSD,BUY,8.85,1.05246,-150.89
T102918,17/04/2025,EURUSD,BUY,5.11,0.99742,-474.92
T100965,2025-08-21, xauusd ,BUY,5.77,2551.53882,-418.23
T101579,02-05-2025,EUR/USD,SELL,3.97,1.06226,732.65
T102996,2025-06-11,EURUSD,BUY,9.65,1.04729,-200.96
T101597,28/04/2025,GBPUSD,BUY,11.17,1.16065,181.85
T100640,23/07/2025,Eurusd,SELL,9.54,1.04141,-677.51
T102970,14/07/2025,GBPUSD,BUY,7.61,1.10786,-102.56
T101163,10/03/2025,GBPUSD,BUY,3.4,1.19289,-587.15
T102788,2025-06-05,EURUSD,BUY,13.89,1.0279,190.27
T100249,30/06/2025,GBPUSD,BUY,5.54,,-26.42
T100214,04/07/2025,XAUUSD,BUY,4.37,2748.39315,306.33
T100845,02/04/2025,BTCUSD,SELL,4.2,55693.78276,-115.94
T100991,05-05-2025,GBPUSD,BUY,11.55,1.15509,225.22
T100785,02-11-2025,Gbpusd,BUY,3.73,1.23441,480.36
T101852,24/01/2025,EURUSD,BUY,9.43,1.05648,165.59
T101549,01/08/2025,EURUSD,BUY,9.95,1.0501,252.8
T102680,2025-04-29,NAS100  ,BUY,5.84,20526.68107,133.48
T100498,02-18-2025,NAS100,BUY,3.73,18239.48289,12.52
T100343,16/04/2025,Gbpusd,BUY,5.51,1.18274,54.96
T100064,2025-07-03,XAUUSD,SELL,2.27,2720.99408,189.38
T100067,09-02-2025, gbpusd ,BUY,13.1,1.05267,-318.88
T102059,14/05/2025,GBPUSD,BUY,37.11,1.13566,-186.31
T102072,2025-07-22,NAS100,SELL,3.19,22410.50226,-31.37
T100526,2025-04-11,NAS100,BUY,20.9,19699.7174,-163.54
T102252,2025-01-24,EURUSD,SELL,3.73,1.05896,286.88
T100520,07-14-2025,GBPUSD,BUY,9.19,1.10507,258.48
T101974,03-17-2025,NAS100,BUY,4.54,19230.2522,-12.85
T100514,27/05/2025,EURUSD  ,SELL,7.78,1.03362,211.5
T102402,27/03/2025,Gbpusd,BUY,1.99,1.18642,361.7
T102874,08-15-2025,BTCUSD,SELL,9.05,55888.66571,135.48
T100505,04-10-2025,NAS100,SELL,8.34,19735.33157,59.29
T100093,18/07/2025,NAS100,SELL,5.57,22967.12066,55.77
T100961,05/03/2025,NAS100,SELL,8.95,19122.90248,-134.67
T101670,07-18-2025,GBPUSD,SELL,4.24,1.10034,-214.97
T100990,03-18-2025,XAUUSD,SELL,6.52,2730.95871,-36.87
T102664,2025-04-29,XAUUSD,SELL,5.35,2721.68658,-402.04
T101829,06-19-2025,XAUUSD,SELL,7.93,2721.79078,-490.83
T102149,31/03/2025,BTCUSD,SELL,4.81,53657.20289,67.02
T100316,01-22-2025,XAUUSD,SELL,3.89,2555.58557,-316.83
T100815,2025-08-22,Eurusd,BUY,4.04,1.05816,-191.2
T101236,16/07/2025,XAUUSD,SELL,8.96,2681.94243,224.67
T101288,01/07/2025,EURUSD,SELL,8.21,1.01827,204.1
T102736,2025-02-04,EURUSD,SELL,11.52,1.06736,355.94
T100770,05-28-2025,EURUSD,BUY,9.13,1.03405,122.64
T100849,2025-01-15,NAS100,SELL,10.39,17207.61017,298.0
T102985,08-29-2025,XAUUSD,SELL,17.64,2513.82142,-202.31
T101760,2025-07-16,EURUSD,BUY,19.41,1.01991,354.33
T101535,2025-01-14,NAS100,SELL,8.87,17331.94848,
T102500,2025-01-16,NAS100,BUY,0.0,17558.74803,95.83
T100527,2025-08-25,EURUSD,BUY,2.51,1.04935,88.35
T102932,17/03/2025,BTCUSD,SELL,2.89,63648.93368,-290.19
T101669,18/02/2025,GBPUSD,SELL,4.18,1.2265,483.06
T101272,15/05/2025,BTCUSD,BUY,11.07,59241.17292,-12.22
T100584,08-12-2025,XAUUSD,SELL,5.67,2511.43787,-11.25
T102443,04-14-2025,GBPUSD,BUY,4.83,1.18758,53.6
T101635,07-31-2025,XAUUSD  ,BUY,17.59,2481.8657,-131.3
T100116,01/07/2025,NAS100,SELL,4.69,23564.6153,267.53
T102606,06-13-2025,XAUUSD,BUY,5.47,2637.24498,-6.37
T100671,08-07-2025,BTCUSD,SELL,7.79,65266.72293,324.35
T100094,2025-08-04,NAS100,BUY,7.17,22843.48999,370.79
T102527,08-26-2025,BTCUSD  ,BUY,9.74,53376.69844,-60.73
T101910,31/07/2025,GBPUSD,SELL,13.78,1.04853,-67.7
T100974,09/04/2025,BTCUSD,BUY,18.31,58865.23472,-262.86
T102561,30/05/2025,GBPUSD,BUY,19.97,1.14403,-24.49
T100522,2025-05-28,XAUUSD,SELL,5.16,2689.77361,-157.14
T100922,2025-04-08,EURUSD,BUY,6.05,0.99461,137.09
T102421,05-27-2025,BTCUSD,SELL,2.28,58295.15,-380.66
T101527,04-28-2025,EURUSD,BUY,1.6,1.00332,-16.96
T101540,2025-05-19,Btcusd,SELL,13.3,58369.15118,32.3
T102216,21/02/2025,EURUSD,BUY,14.56,1.04028,-112.36
T100952,2025-01-06,GBPUSD,BUY,2.24,1.27781,286.88
T101470,04-25-2025,GBPUSD,BUY,20.93,1.16168,-71.07
T101221,2025-06-17,NAS100,BUY,12.93,23284.74675,-305.43
T100521,06/03/2025,Gbpusd,SELL,10.54,1.18712,-209.15
T101626,01-10-2025,EURUSD,BUY,7.55,1.06018,30.48
T101609,2025-05-20, xauusd ,BUY,7.2,2699.25813,26.54
T100693,02-12-2025, xauusd ,SELL,1.47,2612.00104,-64.7
T100032,2025-04-25,BTCUSD,BUY,7.23,57979.87042,268.59
T100524,2025-01-17,BTCUSD,SELL,9.55,58335.81942,
T101717,2025-03-25,EURUSD,SELL,14.26,1.00208,100.76
T100762,24/06/2025,GBPUSD,BUY,21.16,1.13662,586.51
T102190,2025-04-21,XAUUSD  ,SELL,3.3,2789.08323,57.95
T100568,2025-04-17,BTCUSD,BUY,5.46,59797.34238,-15.85
T102386,08-06-2025,GBPUSD,BUY,8.79,1.04857,-5.03
T100535,10/06/2025,GBP/USD,BUY,17.27,1.11399,-185.41
T102911,02-19-2025,XAUUSD,BUY,3.1,2653.65516,
T102236,04/04/2025,NAS100,BUY,5.16,19484.22187,-61.05
T100250,14/02/2025,BTC/USD,BUY,6.24,71456.06196,110.77
T102175,22/05/2025,BTCUSD,SELL,28.09,58450.19987,161.92
T102094,02-25-2025,NAS100,BUY,1.34,,272.8
T100743,03/06/2025,EURUSD,SELL,7.79,1.03631,97.01
T102499,2025-09-05,XAUUSD,BUY,9.54,2514.29764,259.22
T101069,2025-03-07,EUR/USD,SELL,7.04,1.01501,585.94
T100840,04-29-2025,EURUSD,BUY,5.56,1.00412,
T101773,2025-07-17,NAS100,BUY,6.68,22906.61308,-287.41
T100490,28/04/2025,GBPUSD,BUY,13.51,1.16343,-118.43
T102104,04-01-2025,NAS100  ,SELL,3.37,18945.96506,396.74
T102988,01-17-2025,NAS100,SELL,8.98,17756.48884,65.55
T100978,2025-01-07,BTCUSD  ,BUY,8.69,58709.23667,-85.09
T101812,08-06-2025,XAUUSD,SELL,4.12,2426.26218,143.78
T101273,01-09-2025,NAS100,SELL,7.25,16843.27872,-104.29
T102980,14/07/2025,GBPUSD,BUY,2.93,1.10586,417.98
T102142,05-08-2025,XAUUSD,BUY,1.89,2701.88509,177.84
T102044,27/06/2025,EURUSD,SELL,6.48,1.02748,378.16
T102027,09/07/2025,NAS100  ,BUY,10.49,23211.78649,12.33
T102796,05-30-2025,XAU/USD,BUY,12.47,2623.72089,-149.52
T100205,2025-01-13,NAS100,SELL,11.0,17374.64019,-494.98
T102622,2025-06-17,GBPUSD,BUY,7.42,1.11191,695.08
T101863,08-26-2025,GBPUSD,BUY,6.64,1.03393,
T100681,08-07-2025,GBP/USD,BUY,8.92,1.04604,-157.29
T101368,02-03-2025,EURUSD,BUY,19.61,1.06485,-264.33
T100665,2025-06-13,NAS100,SELL,10.19,23022.3015,-271.19
T102032,06-03-2025, btcusd ,BUY,9.41,60023.60154,195.28
T102809,09-03-2025,Eurusd,SELL,3.48,1.02919,-387.99
T101140,04-16-2025,GBPUSD,BUY,7.79,1.18207,125.37
T101962,2025-02-18,XAUUSD,SELL,3.84,2643.69751,-100.08
T100806,04/04/2025,BTCUSD,BUY,5.53,57229.91143,-113.81
T102942,06-05-2025,BTCUSD,BUY,-1.0,62708.00795,-159.27
T101213,02-27-2025,XAUUSD,BUY,17.88,2687.57732,530.16
T101550,27/02/2025,XAUUSD,SELL,6.9,2686.77284,82.86
T100464,04-01-2025,GBPUSD  ,BUY,7.68,1.17501,-27.21
T101679,08-08-2025,EURUSD,SELL,8.62,1.05102,11.17
T102324,03-19-2025,BTCUSD,SELL,7.4,61152.92931,176.96
T100925,07-25-2025,GBPUSD,BUY,2.42,1.05787,-181.49
T100252,28/08/2025,EURUSD,BUY,9.12,1.05483,125.43
T101927,2025-05-27,XAUUSD,SELL,9.24,2671.8832,-242.29
T101122,31/03/2025,EURUSD,BUY,7.57,0.99624,-344.41
T100395,2025-02-25,GBPUSD,SELL,6.91,1.21404,-34.82
T102905,01-02-2025,EURUSD,BUY,3.87,1.08723,-17.42
T102117,21/01/2025,NAS100,SELL,6.72,,275.76
T100241,06-10-2025,XAUUSD,SELL,4.87,2709.78266,113.72
T101088,03/02/2025,EUR/USD,BUY,5.77,1.06669,-508.52
T102746,04-01-2025,Gbpusd,SELL,10.04,1.17875,267.67
T101909,23/04/2025,GBPUSD,BUY,14.19,1.17153,-6.09
T100050,01-14-2025,BTCUSD,SELL,6.09,56672.08981,-296.2
T100168,2025-05-14,XAUUSD,SELL,16.94,2696.67468,-237.35
T102193,2025-05-01,GBPUSD,SELL,8.89,1.15933,131.58
T102910,04-30-2025,GBPUSD,SELL,11.54,1.15725,90.03
T102586,30/06/2025,GBPUSD,SELL,5.99,1.15299,98.98
T102914,2025-01-14,GBPUSD,BUY,7.88,1.28099,178.27
T100389,08-20-2025,NAS100,BUY,4.94,22760.07788,-113.39
T100727,09-08-2025,BTCUSD,BUY,7.84,53119.99612,-29.44
T101335,03/07/2025,EURUSD,SELL,14.63,1.01875,-230.97
T101275,2025-08-19,EURUSD,BUY,10.78,1.05388,-285.59
T101728,05-13-2025,XAUUSD,SELL,5.94,2670.10469,-163.36
T102567,08-15-2025,EURUSD,SELL,5.23,1.04753,286.44
T101224,2025-03-25,BTCUSD,BUY,6.77,59495.36702,273.09
T101317,17/02/2025,NAS100,SELL,10.95,18530.68099,-174.26
T100156,19/08/2025,BTCUSD,SELL,5.83,54424.9411,-419.18
T101242,2025-05-05, eurusd ,BUY,7.6,1.00721,-185.54
T101328,06/03/2025,BTCUSD,SELL,10.75,65842.81451,70.79
T101518,2025-08-26,XAUUSD,BUY,7.2,2530.23002,233.1
T102973,2025-07-23,XAUUSD  ,SELL,12.79,2605.38999,-159.68
T102389,20/01/2025,GBPUSD,SELL,7.26,1.28585,262.95
T102632,2025-05-27,NAS100,SELL,11.5,22667.98224,374.43
T101998,27/03/2025,XAUUSD,BUY,5.54,2608.34379,-406.91
T100516,2025-08-12,NAS100,BUY,17.61,23118.88961,-97.4
T101569,19/05/2025,XAU/USD,BUY,7.1,2688.89597,410.27
T100448,2025-01-08,BTCUSD,BUY,5.01,57700.9603,68.03
T102085,25/06/2025,EURUSD,BUY,2.45,1.02595,-155.91
T102584,2025-05-23,XAUUSD,BUY,7.19,2665.49142,5.54
T102890,2025-02-18,BTCUSD,SELL,9.52,67189.84001,-137.0
T100614,12/03/2025,NAS100,BUY,7.24,19912.40938,125.34
T101489,01-16-2025,Btcusd,BUY,7.31,56504.65732,55.96
T102082,05-12-2025,BTCUSD,BUY,7.31,58544.0341,318.09
T100639,01/04/2025,BTCUSD,SELL,8.96,53897.36924,309.53
T100002,05-29-2025,GBPUSD,BUY,3.22,1.14345,471.5
T102005,06-25-2025,NAS100,SELL,12.75,23670.02052,60.97
T102119,02-13-2025,EURUSD,SELL,7.83,1.0342,-669.85
T100426,22/08/2025,NAS100,BUY,9.79,22243.4357,-258.87
T102536,08/05/2025,BTCUSD  ,SELL,2.75,58570.27026,152.62
T101316,01-22-2025,GBPUSD,BUY,9.88,1.27297,-323.16
T101836,15/07/2025, xauusd ,BUY,12850.0,2650.82008,-33.43
T100858,06-18-2025,NAS100,BUY,3.64,23070.22667,81.31
T100771,2025-06-09,EURUSD,SELL,14.12,1.03702,
T101100,12/08/2025,NAS100,BUY,7.51,23090.27403,-418.79
T101713,16/06/2025,GBPUSD,BUY,17.22,1.10068,-79.37
T100333,04/08/2025,BTCUSD,SELL,6.3,63283.38725,141.02
T101290,22/07/2025, btcusd ,SELL,15.35,66205.2021,216.34
T100337,2025-06-23,EURUSD,SELL,3.72,1.02216,-230.26
T101266,2025-08-04,GBP/USD,BUY,18.71,1.06092,-299.35
T100015,19/05/2025,NAS100,SELL,3.54,21481.24802,19.1
T102803,07-21-2025,NAS100,SELL,12.13,22767.87221,348.59
T101657,04-04-2025,XAUUSD,SELL,5.87,2661.68562,-178.17
T100138,04/03/2025,Gbpusd,SELL,20.52,1.2008,-116.69
T102335,21/05/2025,NAS100,BUY,2.54,21596.77658,294.08
T101772,03-20-2025,EURUSD,SELL,6.86,1.01706,-257.94
T101901,08-15-2025, nas100 ,BUY,14.16,22919.93247,354.31
T100259,07-21-2025,GBPUSD,SELL,4.31,1.0841,-104.47
T101940,25/08/2025,BTCUSD,BUY,10.62,55202.95092,-227.72
T101417,03-28-2025,XAU/USD,SELL,13.37,2596.88245,260.56
T100410,2025-01-16,GBPUSD,BUY,1.42,,-449.47
T102641,2025-06-24,NAS100,SELL,2.94,23318.09649,-71.78
T101673,2025-02-06,NAS100,SELL,8.93,17667.6342,73.91
T102959,2025-01-27,Xauusd,BUY,11.39,2581.49388,-364.62
T102888,01-08-2025,EURUSD,BUY,9.2,1.06857,-68.78
T100164,02-13-2025,Xauusd,SELL,4.66,2655.85665,-30.15
T101196,07-09-2025,EURUSD,BUY,3.98,1.01277,-180.4
T101309,02-07-2025,GBPUSD,SELL,6.46,1.23456,164.92
T102255,07-07-2025,NAS100,BUY,11.96,23178.79628,-152.93
T102088,13/06/2025,Gbpusd,BUY,6.81,1.10943,-242.67
T100864,2025-08-19,XAUUSD,BUY,10.52,2524.40564,6.93
T100929,13/05/2025,GBPUSD,BUY,8.78,,40.17
T102733,2025-09-05,EURUSD,SELL,6.53,1.03792,47.03
T100359,2025-04-25,XAUUSD,SELL,10.43,2762.10039,-359.74
T101412,14/04/2025,XAUUSD,BUY,17.47,2752.01878,-40.72
T101032,13/02/2025,GBPUSD,SELL,5.43,1.22874,-93.43
T100562,2025-04-29,NAS100,BUY,6.65,20543.67387,17.41
T101461,12/08/2025,GBPUSD,BUY,8.86,1.03635,-67.82
T101693,2025-03-18,NAS/100,BUY,4.09,19042.21667,153.25
T101680,23/07/2025,GBPUSD,BUY,13.12,1.08251,497.84
T101889,30/04/2025,BTCUSD,SELL,15.42,62023.69276,-283.01
T101599,2025-03-25,XAUUSD,SELL,4.25,2645.86266,-57.44
T102699,2025-04-14,XAUUSD,SELL,8.43,2757.67484,-221.05
T101228,03-12-2025,NAS100,BUY,3.31,19984.24085,-308.28
T100753,06-05-2025,GBPUSD,SELL,9.94,1.12917,44.43
T101762,2025-04-03,NAS100,SELL,2.75,19327.44752,-176.84
T100239,07-31-2025,GBPUSD,SELL,8.09,1.04968,20.39
T100607,22/05/2025,XAUUSD,SELL,5.77,2650.80006,144.82
T100056,10/06/2025,GBPUSD,SELL,6.3,1.11158,-54.8
T100140,04-14-2025,EURUSD,BUY,13.09,1.00082,-53.71
T100837,13/08/2025,XAUUSD,BUY,3.23,2524.1401,435.39
T100703,10/06/2025,XAUUSD,SELL,10.01,2695.36082,-328.18
T101871,2025-01-08,BTCUSD,SELL,3.53,57517.36544,84.11
T102633,28/02/2025,NAS100,BUY,7.9,18774.78696,103.96
T102215,2025-07-17,GBPUSD,BUY,7.91,1.09513,3.01
T101895,28/04/2025,GBPUSD,SELL,9.36,1.15784,207.62
T100244,30/04/2025,Btcusd,SELL,5.86,62212.18403,-467.94
T101749,2025-06-02,GBPUSD,BUY,4.42,1.14069,11.26
T102853,04-09-2025,XAUUSD  ,SELL,9.03,2754.05463,296.96
T101748,19/03/2025,BTCUSD,SELL,7.29,60975.5299,-48.5
T102557,03/06/2025,NAS100,BUY,8.29,22536.41066,89.9
T100305,2025-04-11,NAS100  ,SELL,2.35,19711.69483,-49.79
T100821,2025-04-14,XAUUSD,SELL,8.85,2761.11821,-275.77
T102333,30/05/2025,GBPUSD,SELL,10.72,1.14325,289.61
T102948,07/02/2025,NAS100,BUY,7.29,17616.25188,-43.83
T100994,2025-04-16,Xauusd,SELL,10.69,2719.80902,470.62
T102749,2025-07-11,GBPUSD,SELL,7.87,1.11699,-397.09
T101169,03/06/2025,NAS100,BUY,9.98,22377.30787,51.62
T101756,2025-07-07,GBPUSD,BUY,19.93,1.1265,-378.86
T102180,13/03/2025,NAS/100,SELL,5.21,19665.55035,61.31
T101387,08-15-2025,GBPUSD,SELL,3.43,1.02535,108.69
T102951,09-03-2025,GBPUSD,SELL,8.15,1.06236,353.53
T101642,2025-08-20,Xauusd,SELL,3.02,2532.30209,-261.71
T101731,08-22-2025,GBPUSD  ,SELL,3.74,1.02581,-65.26
T101641,04/02/2025,GBPUSD,BUY,24.32,1.2616,385.72
T102424,09/07/2025,NAS100,BUY,3.35,23176.57135,-395.56
T100288,30/06/2025,GBPUSD,SELL,8.95,1.14957,-311.61
T102075,2025-03-24,BTCUSD,BUY,9.64,60786.02196,-220.07
T102257,02-26-2025,NAS100,SELL,5.01,18596.08201,-267.79
T101492,03-06-2025,BTCUSD,SELL,4.57,65530.67828,327.0
T102871,06-17-2025,NAS100,SELL,11.06,23284.22474,-4.2
T102858,18/07/2025,EURUSD,BUY,8.86,1.02983,-51.6
T100827,23/06/2025,EURUSD,BUY,12.12,1.02172,83.95
T101939,11/08/2025,NAS100,BUY,15.78,,10.09
T101343,10/03/2025,NAS100,SELL,5.04,19211.56318,-78.21
T102280,03/02/2025,EURUSD,BUY,5.61,1.06473,-200.17
T102832,20/06/2025,GBPUSD  ,BUY,18.94,1.1237,-292.87
T102765,17/06/2025,XAUUSD,SELL,7.53,2663.56132,-88.03
T102428,01-03-2025,BTCUSD,BUY,3.96,61684.85564,-261.43
T101976,13/05/2025,NAS100,SELL,14.99,21682.32535,-21.72
T101235,28/02/2025,GBPUSD,SELL,4.96,1.20906,70.0
T101257,2025-03-28,Btcusd,SELL,14.97,55494.44981,-106.49
T101583,03-21-2025,XAUUSD,SELL,5.57,2719.09752,435.34
T100009,2025-03-07,EURUSD,SELL,9.65,1.01873,261.78
T102986,2025-09-04,GBPUSD,BUY,3.68,1.05374,-43.52
T101850,04-14-2025,EURUSD,BUY,10.61,1.00137,-350.37
T102656,2025-02-05, gbpusd ,SELL,9.3,1.24498,-192.24
T101689,04-25-2025,GBPUSD,BUY,4.87,1.16314,-159.47
T100016,2025-01-21,NAS100,SELL,12.26,17917.36771,-483.54
T101975,08-06-2025,NAS100,SELL,5.72,22745.96198,120.77
T100934,2025-01-17,Gbpusd,BUY,7.4,1.2868,-465.58
T100379,25/03/2025,EURUSD,SELL,4.52,1.00075,207.12
T102957,03-11-2025,NAS/100,BUY,5.36,19326.31799,108.16
T101495,26/05/2025,NAS100,SELL,15.91,22334.53096,-23.23
T101258,23/07/2025,NAS100,BUY,5.11,22843.87145,94.46
T102265,2025-02-10,GBPUSD,BUY,7.99,1.23319,118.15
T100424,02-21-2025,XAU/USD,BUY,5.86,2631.34378,116.87
T102848,20/01/2025,GBPUSD,BUY,5.07,1.28878,-449.38
T101900,2025-07-16,GBPUSD,BUY,3.45,1.09808,-62.19
T100071,02/04/2025,Nas100,BUY,2.2,19269.08546,107.86
T100924,31/03/2025,EURUSD,SELL,11.29,0.99437,302.95
T100174,07-17-2025,BTCUSD,BUY,4.7,68081.07394,-174.48
T100026,03-26-2025,NAS100  ,SELL,5.05,19090.9509,-53.21
T101175,2025-03-19,NAS100,BUY,4.13,19101.82377,-183.33
T100765,2025-03-19,Nas100,SELL,3.6,19151.89614,-162.76
T102793,31/07/2025,BTCUSD,SELL,9.17,59903.12721,-28.97
T102657,2025-08-13,GBP/USD,SELL,5.64,1.03338,361.56
T102373,2025-01-13,EURUSD,SELL,4.9,1.05143,-306.03
T101039,07-09-2025,BTCUSD,SELL,8.19,63488.59671,-57.59
T102849,06/05/2025,XAUUSD,BUY,2.08,2687.3214,815.22
T100088,2025-02-12,EURUSD  ,SELL,2.64,1.0353,-28.6
T102156,06-18-2025,EURUSD,SELL,6.92,1.01957,-21.6
T101612,2025-06-27,EURUSD,SELL,4.43,1.02665,-92.58
T101955,08/05/2025,BTCUSD,BUY,14.15,58706.87957,-108.75
T100028,2025-02-04,EURUSD,SELL,14.95,1.06703,341.93
T102938,2025-09-08,GBPUSD,SELL,16.93,1.05428,29.81
T102477,04/02/2025,BTCUSD,BUY,15.3,60299.31277,390.09
T100103,28/07/2025,XAUUSD,SELL,8.19,2536.01553,555.89
T101902,04/02/2025,NAS/100,BUY,18.89,18154.45568,-433.2
T102449,05-28-2025,XAUUSD,SELL,11.7,2680.49837,255.41
T102995,02-28-2025,BTCUSD,SELL,8.08,61189.47798,420.08
T102639,15/01/2025,Btcusd,BUY,6.04,56309.44648,-127.81
T100344,2025-04-30,BTCUSD,BUY,8.52,61921.51809,136.74
T100143,2025-03-28,XAUUSD,BUY,16.8,2605.4224,187.08
T102169,15/01/2025,GBPUSD,SELL,19.12,1.28456,192.72
T102301,29/05/2025,BTCUSD,BUY,8.86,57675.82863,339.46
T101423,2025-05-27,XAUUSD,SELL,7.17,2673.74674,13.01
T102205,2025-05-01,GBPUSD,SELL,5.64,1.1635,-178.87
T101336,2025-03-14,BTCUSD,BUY,10.3,63825.94967,148.5
T102797,07-28-2025,EURUSD  ,BUY,11.36,1.05695,-111.27
T102130,2025-04-07,GBPUSD,BUY,9.96,1.19091,-42.15
T101077,05/05/2025,XAUUSD,BUY,10.57,2647.79943,55.94
T102629,01-09-2025,BTCUSD,BUY,3.9,59964.2022,373.66
T101203,16/01/2025,EURUSD,BUY,4.17,1.0531,90.55
T102290,2025-01-23,NAS100  ,SELL,4.39,18202.14782,156.84
T101647,2025-02-13,NAS100,BUY,3.49,17755.56251,195.4
T101688,05/05/2025,NAS100,BUY,3.22,21231.10101,57.27
T102999,2025-05-15,NAS100,BUY,6.45,21432.73499,329.78
T101364,20/01/2025,NAS100,SELL,11.58,17705.52922,283.64
T101038,2025-07-03,XAUUSD,BUY,6.59,2708.59462,360.38
T100702,2025-06-09, eurusd ,SELL,6.72,1.03534,-612.66
T102843,2025-01-14,Nas100,BUY,11.98,17412.48541,16.47
T101589,2025-01-07,BTCUSD,BUY,31.1,58659.64783,1.4
T100958,26/02/2025,XAUUSD,BUY,5.85,2681.01405,360.7
T101008,05-12-2025,EURUSD,SELL,13.52,1.01347,18.11
T102748,14/08/2025,BTCUSD,SELL,14.46,55336.35386,-514.38
T100077,07-01-2025,EURUSD,SELL,11.26,1.02196,-216.16
T102212,07-18-2025,Nas100,SELL,20.74,22921.985,26.35
T102058,2025-03-06,NAS/100,BUY,4.41,19241.25271,
T100976,2025-03-04,BTCUSD,BUY,4.97,63727.62061,218.01
T102694,27/06/2025,XAUUSD,BUY,11.38,2703.78262,181.79
T101009,2025-03-11,GBPUSD,BUY,6.42,1.19298,282.92
T102645,2025-07-14,EUR/USD,BUY,8.37,1.0177,39.33
T101698,02-11-2025,BTCUSD,BUY,22.11,66915.81327,46.23
T101755,08-21-2025,NAS100,SELL,2.8,22528.54768,217.58
T100908,03/09/2025,NAS100,BUY,6.58,22520.29255,101.1
T102338,11/04/2025,Gbpusd,BUY,22.23,1.19211,-296.49
T102852,07-30-2025,Gbpusd,SELL,25.45,1.06066,-165.6
T100098,03-31-2025,NAS100  ,BUY,14.9,18943.42548,130.4
T102983,08-01-2025,GBPUSD,BUY,9.22,1.0482,-187.63
T100666,03-05-2025,BTCUSD,BUY,6.99,66296.81351,48.22
T101610,2025-03-06,Btcusd,SELL,7.01,65651.02899,138.42
T100396,03-25-2025,XAUUSD,SELL,9.69,2649.79099,121.43
T101969,2025-07-08,Eurusd,SELL,7.44,1.01631,-85.03
T101798,2025-08-01,GBPUSD,SELL,8.41,1.0506,-93.67
T102221,2025-06-24,NAS100,BUY,6.98,23407.26921,66.59
T102821,2025-03-26,XAUUSD,BUY,5.8,2621.13307,-151.74
T100073,16/04/2025,XAUUSD,BUY,4.7,2718.73995,-13.65
T102498,01-24-2025,GBPUSD,BUY,26.84,1.27485,-98.87
T100787,08/09/2025,GBPUSD,SELL,5.33,1.05601,575.7
T100381,04-18-2025,BTCUSD,SELL,4690.0,60755.52,422.34
T102613,2025-01-07,NAS100,SELL,8.67,17250.3682,259.56
T101885,02-24-2025,NAS100,SELL,4.16,18909.44228,211.62
T101457,04/02/2025,Nas100,SELL,7.47,18165.3288,-519.98
T102759,2025-01-21,GBPUSD,BUY,16.32,1.27858,454.9
T100748,04/04/2025,GBPUSD,SELL,5.94,1.17768,-68.59
T102209,05-22-2025,BTCUSD,BUY,20.02,58492.71156,-94.5
T100340,2025-08-12,NAS100,SELL,4.09,23066.28688,246.84
T100528,01-03-2025,EURUSD,SELL,10.38,1.08225,342.64
T101060,2025-02-26,XAUUSD,BUY,8.92,2669.83891,
T100839,30/04/2025,NAS100,SELL,4.59,21111.24207,14.07
T101898,18/04/2025,BTCUSD  ,BUY,9.88,60733.3623,224.28
T100290,04-24-2025,XAUUSD,BUY,7.19,2793.28147,67.71
T102334,21/07/2025,BTCUSD,SELL,4.51,69370.59363,127.18
T100312,03-11-2025,XAUUSD,SELL,4.41,2804.00049,361.15
T102047,02/05/2025,GBPUSD,BUY,13.9,1.15739,68.76
T101212,2025-07-03,NAS100,SELL,6.54,22808.69261,365.06
T100298,2025-08-27,NAS100,BUY,4.68,22499.52593,-16.58
T102673,08-12-2025,NAS100,BUY,3.33,23083.24465,-478.41
T102411,2025-07-24, gbpusd ,BUY,9.66,1.06285,-556.5
T101753,04-14-2025,NAS100,SELL,3.46,20010.73401,433.91
T102229,25/03/2025,NAS100,SELL,7.54,19103.71183,-274.34
T100415,22/07/2025,NAS100,BUY,9.95,22429.50566,-321.44
T101086,28/07/2025,BTCUSD,BUY,3.38,63797.28875,41.32
T100617,2025-07-29,BTCUSD,SELL,13.68,63881.30552,128.36
T100135,2025-09-08,XAUUSD,BUY,2.48,2536.1342,158.86
T101501,31/01/2025,GBPUSD,SELL,5.81,1.26448,227.22
T100123,2025-05-12,NAS100,BUY,11.23,21536.63477,115.81
T100199,03/01/2025,BTCUSD,SELL,1.98,61815.35617,-154.39
T102790,06-24-2025,EURUSD,BUY,11.45,1.02391,65.92
T100365,02-14-2025,NAS100,BUY,6.88,17959.61601,-333.06
T100718,2025-05-02,EURUSD,SELL,3.35,0.99856,-29.75
T100980,03/04/2025,NAS100,BUY,5.64,19320.22042,4.22
T101292,2025-04-23,EURUSD,SELL,13.76,1.00245,-209.84
T100920,03-31-2025, btcusd ,SELL,12.62,53637.67258,-37.9
T100165,01-21-2025,EURUSD,BUY,4.81,1.05443,233.22
T102272,06-13-2025,GBPUSD,SELL,8.57,1.1126,62.44
T100884,2025-05-29,GBPUSD,SELL,6.62,1.1466,-94.08
T102387,2025-07-15,NAS100  ,BUY,25.09,23084.27653,500.73
T100013,08/08/2025,EURUSD,SELL,3.87,1.05113,33.12
T102195,25/03/2025,XAUUSD,SELL,12.04,2650.115,181.34
T101637,2025-07-17,NAS100,BUY,7.54,,43.94
T101498,2025-07-15,NAS100,BUY,4.26,22926.53375,-214.65
T100899,01-27-2025,XAUUSD,BUY,11.33,2592.23512,396.64
T102526,07-29-2025,Xauusd,BUY,8.14,2551.46181,-98.06
T100297,2025-02-19,BTCUSD,BUY,5.23,65959.40297,397.05
T102472,05/09/2025,Gbpusd,SELL,5.94,1.05759,227.7
T101359,08-06-2025,NAS100,BUY,2.88,22787.70503,-201.92
T102102,2025-06-04,XAUUSD,BUY,6.04,2649.12377,15.6
T100515,2025-05-01,NAS100,SELL,6.15,21244.09281,-157.67
T100183,14/03/2025,NAS100,BUY,19.05,19447.90513,62.99
T101772,03-20-2025,EURUSD,SELL,6.86,1.01706,-257.94
T101468,28/01/2025,BTCUSD,BUY,16.63,62336.57138,72.31
T102864,2025-01-09,XAUUSD,BUY,10.92,2530.87212,153.63
T101157,01-21-2025,XAUUSD,SELL,6.13,2552.33561,220.65
T101575,07-23-2025,EUR/USD,SELL,1.48,1.036,501.06
T100747,2025-03-18,GBPUSD  ,SELL,5.44,1.17728,
T102631,18/06/2025,NAS100,SELL,3.92,23018.05823,262.64
T102465,16/04/2025,GBPUSD,SELL,2.52,1.18054,-290.64
T102676,04-24-2025,NAS100,BUY,3.05,20210.60208,323.36
T101804,01-27-2025,NAS100,BUY,10.33,18539.01624,-59.52
T100134,10/01/2025,XAUUSD,BUY,4.21,2531.27533,-151.2
T102697,17/03/2025,NAS100,BUY,1.97,19244.95099,-177.33
T102974,2025-08-12,BTCUSD,SELL,6.15,61427.22598,65.24
T102740,2025-06-18,XAUUSD,SELL,12.34,2660.3314,56.16
T100007,30/07/2025,XAUUSD,SELL,5.68,2513.19224,218.56
T101690,06-20-2025,XAUUSD,SELL,5.55,2735.95805,-170.89
T102723,2025-04-29,NAS100,SELL,8.4,20622.71271,-37.38
T101796,04-03-2025,GBPUSD,SELL,5.54,1.17992,-200.61
T101864,2025-03-28,NAS100,BUY,18.29,18794.17401,212.22
T102026,02-21-2025,Xauusd,SELL,10.25,2633.29014,-32.33
T101747,01-31-2025,XAUUSD,BUY,6.84,2615.55441,295.73
T102690,05/08/2025,XAUUSD,SELL,14.96,2467.97798,396.52
T102982,08/09/2025,XAUUSD,SELL,5.35,2533.99765,132.47
T100155,2025-07-17,GBPUSD,SELL,3.62,1.10083,-130.31
T101656,20/01/2025,NAS100,BUY,3.85,17697.09441,25.8
T100034,04-17-2025, nas100 ,SELL,2.24,19852.10044,37.62
T102815,15/07/2025,XAUUSD,BUY,3.62,2656.04791,-399.2
T102506,2025-02-26,BTC/USD,SELL,13.0,64087.75215,-342.19
T101782,02/07/2025,Nas100,BUY,4.2,23039.72892,-50.15
T101399,2025-01-14,GBPUSD,SELL,4.22,1.27502,-308.28
T101557,06/05/2025,BTCUSD,BUY,3.81,61960.0656,-48.56
T101616,07/07/2025,NAS100,SELL,10.85,23122.13032,157.25
T100648,02-24-2025,XAUUSD,SELL,5.08,2619.70882,504.3
T101059,02-04-2025,NAS100,SELL,1.12,18073.99964,454.69
T102529,07-30-2025, eurusd ,BUY,4.08,1.055,337.11
T101946,15/01/2025,NAS100,BUY,11.8,17203.9134,114.52
T100217,09/07/2025,XAUUSD,BUY,9.07,2649.86559,16.01
T101296,01-24-2025,BTCUSD,BUY,3.65,61954.96692,-151.16
T102090,18/02/2025,GBPUSD,BUY,17.95,1.22515,-476.31
T100036,2025-01-14, xauusd ,SELL,12.19,2492.61795,-101.31
T100092,07/08/2025,XAUUSD  ,SELL,4.98,2432.6242,266.51
T100417,2025-03-06,GBPUSD,BUY,8.72,1.19524,-16.21
T101305,16/06/2025,Gbpusd,SELL,4.15,1.10157,101.79
T102713,2025-06-03,NAS100,SELL,4.04,22471.53183,145.82
T100594,2025-06-18,XAUUSD,SELL,12.42,2662.22298,42.33
T102390,2025-05-30,Eurusd,SELL,3.3,1.03841,139.15
T101791,2025-07-03,EURUSD,SELL,7.24,1.01831,42.32
T102711,03-19-2025,GBPUSD,BUY,11.17,1.17995,158.77
T102263,2025-03-20,XAUUSD,BUY,7.31,2683.79199,182.68
T100531,03-25-2025,XAUUSD,SELL,13.36,2657.91957,237.35
T101660,01/04/2025,GBPUSD,BUY,16.09,1.17312,59.09
T102518,2025-01-03,BTCUSD,BUY,6.33,61517.21698,-519.1
T100604,2025-03-21,BTCUSD,BUY,8.04,61805.18434,397.79
T100053,09-03-2025,XAUUSD,BUY,10.67,2545.3739,-119.7
T100872,2025-07-23,XAUUSD  ,SELL,15.53,2616.76844,-50.44
T101205,2025-02-10,EURUSD,BUY,8.23,1.05458,-139.09
T102469,21/08/2025,BTCUSD,BUY,6.14,56100.95313,96.16
T100700,17/02/2025,GBPUSD,SELL,5.19,1.22669,168.67
T100011,2025-05-07,NAS100  ,SELL,7.42,21113.92967,251.8
T101530,26/06/2025,XAUUSD,SELL,14.74,2694.49102,-404.58
T101504,2025-03-12,BTCUSD,SELL,9.83,65058.92371,232.93
T101508,2025-01-06,XAUUSD,BUY,11.03,2514.91945,-326.32
T100285,2025-05-06,GBPUSD,SELL,-5.0,1.15257,-71.77
T102669,01-10-2025,GBPUSD,SELL,11.15,1.29877,122.2
T100147,2025-04-11,XAUUSD,SELL,3.29,2747.34535,-4.68
T100493,2025-02-05,EURUSD,SELL,7.03,1.06259,19.93
T100347,02-27-2025,EURUSD,SELL,14.98,1.03154,-106.91
T100724,2025-02-21,EURUSD,BUY,14.48,1.0477,-410.22
T101724,15/05/2025,BTCUSD,BUY,3.22,59134.75323,-112.58
T100766,2025-02-13,XAUUSD,BUY,15.13,2654.23422,-39.98
T102320,24/03/2025,XAUUSD,SELL,3.94,2723.06707,-280.42
T100996,2025-03-21,BTCUSD,SELL,8.78,61912.45181,501.01
T101759,2025-03-03,NAS100,BUY,3.19,18904.57271,-95.14
T101601,08-26-2025,EURUSD,BUY,15.53,1.05197,205.54
T101406,01-16-2025,XAUUSD,SELL,6.09,2502.36906,
T102879,2025-05-27, xauusd ,SELL,4.24,2665.31692,-544.02
T100152,06/01/2025,XAUUSD,BUY,20.77,2520.87767,-11.6
T100231,2025-09-01,BTC/USD,SELL,8.96,51086.2786,158.64
T102763,03-26-2025,NAS100,BUY,2.64,19066.94565,-351.78
T102560,25/07/2025,GBPUSD,SELL,8.69,1.05383,-55.8
T101463,19/03/2025,EURUSD,BUY,6.77,1.00773,346.77
T101472,26/08/2025,XAUUSD  ,SELL,3.73,2537.97764,267.35
T101126,06-05-2025,XAUUSD,SELL,13.72,2670.03288,60.48
T100412,31/01/2025,BTCUSD,SELL,2.26,61056.57016,-178.8
T102738,2025-03-06,Eurusd,BUY,4.06,1.02185,-220.54
T101592,03-26-2025,EURUSD  ,SELL,7.62,1.0004,122.11
T101416,31/07/2025,XAUUSD,SELL,11.6,2479.75782,38.06
T101869,2025-05-27,XAUUSD,SELL,1.96,2670.92519,-275.85
T101533,2025-05-26,Xauusd,SELL,8.89,2667.61056,286.62
T101648,01/07/2025,GBPUSD,BUY,4.26,1.14358,71.23
T101303,02-28-2025,BTCUSD  ,SELL,11.71,61195.34496,44.67
T102928,2025-04-14,XAUUSD,SELL,3.56,2756.53676,63.49
T102583,02-17-2025,NAS100,BUY,3.95,18647.31311,17.87
T100193,29/07/2025,NAS100,BUY,5.38,21882.1903,5.3
T100319,28/01/2025,BTCUSD,SELL,12.35,62487.56133,35.32
T102703,2025-04-23,NAS100,SELL,4.08,20430.20093,-118.71
T101806,2025-01-21,GBPUSD,SELL,14.82,1.28743,-558.91
T100170,2025-07-28,Xauusd,BUY,14.86,2546.10077,-147.59
T100202,08-14-2025, nas100 ,BUY,7.55,23057.11571,31.71
T100673,13/06/2025,BTCUSD,BUY,11.28,64517.38342,270.84
T102342,2025-08-19, xauusd ,BUY,7.31,2533.1828,23.98
T100586,06-25-2025,BTCUSD,SELL,15.34,63839.28065,-218.44
T101507,03-07-2025,GBPUSD,BUY,2.28,1.1897,
T102412,2025-01-30,XAUUSD,SELL,10.48,2625.33556,344.23
T101446,2025-06-16,NAS100,BUY,48.32,23375.40179,-187.85
T101385,2025-04-01,Xauusd,SELL,6.69,2626.36394,-8.43
T101826,30/01/2025,XAU/USD,BUY,17.06,2607.63418,-374.11
T102923,06-24-2025,GBPUSD,BUY,4.27,1.13627,-158.85
T102532,09/07/2025,GBPUSD,BUY,5.63,1.11976,-393.42
T100004,03-24-2025,NAS100,BUY,6.85,19363.40151,458.93
T102838,04-28-2025,GBPUSD,SELL,15.45,1.1606,-95.08
T101106,23/07/2025,BTCUSD,BUY,11.32,64963.1468,158.06
T102362,16/01/2025,EURUSD  ,SELL,25.48,1.04921,240.49
T102299,06-05-2025,GBPUSD,BUY,4.32,1.1272,179.08
T102384,20/05/2025,NAS100,SELL,26.69,21365.59073,-36.29
T101519,19/08/2025,BTCUSD,SELL,2.1,54428.93227,87.64
T101164,02-13-2025,XAUUSD,SELL,8.98,2644.42523,-131.95
T100157,19/03/2025,BTCUSD,BUY,4.82,60937.60315,74.92
T102661,08/05/2025,BTCUSD,BUY,6.61,58606.47726,213.75
T102107,2025-07-04,XAU/USD,SELL,4.78,2735.82044,-126.94
T100439,16/05/2025,Btcusd,BUY,2.0,60002.82102,62.64
T100738,06-13-2025,BTCUSD,SELL,10.6,64386.11587,372.88
T102446,2025-06-10,EURUSD,BUY,9.24,1.04117,143.85
T101184,04-01-2025,NAS100,SELL,7.62,18941.27312,303.8
T102312,07-09-2025,EURUSD,SELL,9.45,1.01549,74.89
T102192,2025-02-14,GBPUSD  ,SELL,33.94,1.22166,79.56
T100529,2025-03-19,XAUUSD,SELL,13.48,2723.62351,244.59
T101256,06-17-2025,NAS100,BUY,8.55,23257.22606,177.31
T101369,02-13-2025,BTCUSD,SELL,4.89,69292.28267,69.99
T100502,2025-04-25,BTCUSD,BUY,3.77,57903.48674,351.85
T100363,10/01/2025,NAS100,BUY,9.36,17089.49727,1.47
T102715,20/05/2025,BTCUSD,SELL,5.6,59669.62175,-112.66
T100185,09/05/2025,NAS100,SELL,2.62,21633.10319,87.27
T100242,04-22-2025,NAS/100,BUY,32.11,20242.3082,28.07
T101352,2025-07-02,BTC/USD,SELL,7.14,59408.26555,-346.8
T102925,2025-04-07,NAS/100,BUY,10.02,20312.18903,
T102781,25/07/2025,XAUUSD,BUY,22.32,2551.89402,98.59
T100027,06-02-2025,NAS100,BUY,8.39,22509.83628,-418.57
T101870,13/01/2025,EURUSD,SELL,9.34,1.05796,-188.18
T101604,07-14-2025,EURUSD,SELL,11.88,1.01953,-658.5
T100159,18/02/2025,EURUSD  ,SELL,4.02,1.04117,173.43
T101112,2025-01-03,XAU/USD,BUY,4.33,2472.82415,-421.92
T101427,04-08-2025,EURUSD,BUY,10.92,0.99855,-59.67
T102625,01-24-2025,NAS100,SELL,4.54,18437.19952,-52.0
T100380,09-03-2025,BTCUSD,SELL,10.68,52575.71499,-359.28
T101703,2025-06-30,XAUUSD,SELL,9.81,2706.54918,-242.45
T102712,05-28-2025,XAUUSD,BUY,5.24,2688.76062,94.55
T102751,05/03/2025,NAS100,SELL,20.28,19159.84368,-97.28
T101121,06/02/2025,EURUSD,SELL,4.89,1.0494,79.52
T102308,26/03/2025,XAUUSD,SELL,2.93,2624.05949,26.6
T102043,2025-06-27,XAUUSD,SELL,8.31,2722.96954,300.97
T102707,2025-05-15, eurusd ,BUY,17.5,1.00226,351.53
T101653,26/06/2025,XAUUSD,SELL,5.49,2705.97862,43.68
T100334,09-09-2025,GBPUSD,BUY,15.1,1.05566,-128.79
T102231,2025-05-16,EURUSD,BUY,4.51,1.00238,42.58
T102659,07-22-2025,GBPUSD,BUY,7.38,1.08451,71.15
T101521,20/08/2025,GBPUSD,BUY,23.25,1.03143,38.38
T100869,2025-04-29,GBPUSD,BUY,2.57,1.16096,317.85
T101914,25/02/2025,NAS100,SELL,6.32,19073.5167,26.33
T102574,03-28-2025,XAUUSD,SELL,20.33,2592.84013,138.17
T100850,2025-08-22,BTCUSD,BUY,6.1,57044.73892,149.75
T102898,05-27-2025,GBPUSD,SELL,8.45,1.13988,81.8
T100555,08-20-2025,EURUSD,BUY,2.51,1.05272,354.52
T101954,2025-06-20,NAS100,SELL,10.23,23736.71169,-34.39
T100975,2025-07-01,BTCUSD,SELL,6.68,58932.95501,-120.94
T102787,2025-06-23,EURUSD,BUY,7.64,1.02379,-22.57
T102450,2025-05-28,GBP/USD,SELL,6.54,1.14338,-369.0
T100019,25/06/2025,XAUUSD,BUY,9.04,2695.03541,341.78
T102228,2025-08-13,XAUUSD,BUY,8.2,2525.95991,20.53
T102732,08/04/2025,NAS100,SELL,13.04,20461.12619,49.0
T100478,03-19-2025,BTCUSD,SELL,6.78,60935.16489,-236.42
T100789,05-22-2025,EURUSD,BUY,1.76,1.02212,-185.84
T100294,01-02-2025,GBPUSD,SELL,5.46,1.27748,-327.96
T102017,2025-09-01,BTCUSD,SELL,7.55,51234.5319,-288.37
T100891,09-01-2025,XAU/USD,SELL,4.57,2529.76728,-375.56
T100691,05/03/2025,XAUUSD,SELL,4.74,,-185.18
T102642,16/05/2025,BTCUSD,SELL,7.22,59972.97639,427.32
T102997,09/01/2025,NAS100,BUY,19.17,16821.23936,384.68
T102249,07-16-2025,NAS100,SELL,3.23,22832.76618,-114.36
T100457,09-09-2025,XAUUSD,BUY,27.55,2504.26632,50.81
T101344,01-09-2025,BTC/USD,BUY,4.65,60412.31464,186.09
T101187,06-10-2025,BTCUSD,BUY,5.92,66375.06137,-351.13
T100561,03-19-2025,NAS100,SELL,14.49,19137.83533,-70.64
T100194,03-06-2025,NAS100,BUY,6.68,19263.58655,681.26
T101348,07-25-2025,NAS100,SELL,7.98,22681.47693,-20.12
T101310,06-10-2025,XAUUSD,BUY,8.77,2710.37187,-370.43
T100258,18/03/2025,GBPUSD,BUY,4.09,1.17257,-204.17
T101485,2025-04-03,EURUSD,BUY,4.81,0.99706,-223.42
T102118,08-19-2025,XAUUSD,BUY,1.62,2524.31905,-78.55
T100852,2025-07-17,XAUUSD,BUY,10.94,2704.50145,423.97
T101987,05/05/2025,NAS100,BUY,10.46,21199.91741,-304.57
T101581,07/02/2025,NAS100,BUY,4.4,17581.7295,-241.4
T101531,03-19-2025,NAS100,SELL,15.54,19185.09428,248.34
T102433,07/07/2025,EURUSD,SELL,5.18,1.01039,-484.04
T102183,03-27-2025,NAS100,SELL,3.38,18882.11071,-201.02
T101431,06-16-2025, eurusd ,SELL,7.23,1.02972,138.8
T101526,2025-07-09,EURUSD,BUY,6.36,1.01203,-407.34
T102730,2025-04-01,GBPUSD,BUY,9.55,1.17525,-227.23
T101480,05-09-2025,EURUSD,SELL,5.93,1.01294,75.22
T101771,2025-01-10,EURUSD,BUY,4.6,1.05809,46.39
T102889,08-21-2025,GBPUSD,SELL,6.99,1.02589,-94.31
T100778,2025-08-12,Nas100,SELL,10.42,23060.30312,-138.83
T102761,2025-05-02,BTCUSD,BUY,11.17,62722.33573,
T100678,2025-06-26,XAUUSD,BUY,7.42,2703.96244,-93.52
T101638,2025-03-25,NAS100,BUY,4.95,19101.22249,-352.09
T102298,25/04/2025,BTCUSD,BUY,2.05,58032.09479,-387.75
T102674,2025-06-26,EURUSD,SELL,8.43,1.01776,66.1
T102824,11/06/2025,GBPUSD,BUY,3.45,1.11347,-282.31
T100814,02-28-2025,Nas100,BUY,3.33,18794.0131,259.23
T101099,04/02/2025,EURUSD,BUY,12.82,1.06601,484.21
T101262,07-30-2025,GBPUSD,BUY,5.59,1.05252,228.0
T100397,08-07-2025,GBP/USD,SELL,16.73,1.04645,0.93
T101643,03-13-2025,NAS100,SELL,11.49,19720.53341,
T100209,2025-07-24,EURUSD,SELL,11.13,1.04973,478.38
T101799,17/02/2025,BTCUSD,SELL,18.63,71070.77163,48.33
T102735,07/05/2025,EUR/USD,SELL,12.78,10.1014,-376.18
T100196,27/03/2025, btcusd ,SELL,7.33,56175.27631,63.16
T100887,26/08/2025,NAS/100,BUY,8.36,22383.09899,473.4
T101525,11/04/2025,XAUUSD  ,SELL,14.75,2740.86882,-66.02
T101617,06/08/2025,NAS100,SELL,10.54,22663.50324,79.58
T100324,08/07/2025,NAS100,SELL,13.94,23270.70285,-144.29
T102064,07-30-2025,BTCUSD,BUY,14.64,60330.24463,64.94
T100419,06-03-2025,NAS100,BUY,9.2,22457.23909,236.64
T100662,2025-05-01,GBPUSD  ,SELL,8.39,1.16201,195.38
T102278,18/04/2025,XAUUSD,BUY,4.37,2755.81177,180.49
T102114,2025-07-23,NAS100,SELL,4.36,22847.92399,-52.94
T101832,2025-08-18,NAS100,SELL,8.12,22994.09788,-369.06
T102987,03/06/2025,GBPUSD,SELL,14.99,1.12574,-17.55
T101855,05-12-2025,GBPUSD,SELL,8.87,1.1449,47.85
T102271,06/02/2025, gbpusd ,BUY,8.47,1.24753,47.23
T101881,03-06-2025,GBPUSD,BUY,7.09,1.18561,65.22
T100802,05/06/2025,XAUUSD,BUY,8.55,2680.5083,156.04
T100660,2025-03-10,XAUUSD,BUY,8.14,2764.84626,-203.42
T100633,2025-05-20,BTCUSD,SELL,11.79,59877.30748,287.98
T100489,2025-03-10,GBPUSD  ,SELL,1.58,1.19203,-157.93
T102317,07-23-2025, btcusd ,SELL,17.14,65072.38286,-143.44
T100497,29/07/2025,GBPUSD,BUY,8.42,1.05439,122.8
T102783,2025-07-15,EURUSD,SELL,28.69,1.01981,-20.92
T102847,06-24-2025,XAUUSD,BUY,6.38,2702.99656,47.62
T100551,02-12-2025, xauusd ,SELL,4.04,2604.24239,-258.49
T101180,03/04/2025,XAUUSD,BUY,4.46,2637.93264,253.2
T102006,06/05/2025,GBPUSD,BUY,4.21,1.15267,32.85
T102430,02-21-2025,GBPUSD,BUY,10.28,1.21486,111.96
T102368,30/01/2025,EURUSD,SELL,4.7,1.07362,132.96
T102170,2025-05-20,XAUUSD,SELL,6.55,2712.27044,56.28
T101133,07-18-2025,EURUSD,BUY,3.57,1.03106,-79.95
T101426,28/02/2025,XAUUSD  ,BUY,5.53,2672.73314,-130.67
T101372,06/05/2025,GBPUSD,BUY,16.42,1.14908,-420.3
T101030,08-29-2025,XAUUSD,SELL,3.93,2513.60399,363.7
T101586,08-11-2025,XAUUSD,BUY,6.34,2492.42774,84.73
T101923,20/01/2025,GBPUSD,SELL,4.59,1.28782,-362.92
T101094,2025-06-03,BTCUSD,SELL,5.88,60271.66752,133.34
T101620,03-21-2025,XAUUSD,SELL,4.74,2713.78292,-149.69
T100674,05-27-2025,GBPUSD,BUY,7.26,1.14641,572.18
T101918,2025-08-29,NAS100,BUY,11.99,22754.82642,-61.72
T102241,2025-01-21,EURUSD,SELL,4.45,1.05288,-184.27
T102261,07-22-2025,EURUSD,SELL,1.8,1.04296,116.73
T102484,2025-03-20,NAS100,BUY,4.83,19180.60705,-154.47
T102141,07/05/2025,Xauusd,SELL,5.98,2686.14097,-99.48
T100525,2025-06-12,NAS100,BUY,4.75,23230.5293,610.46
T100440,29/08/2025,GBPUSD,SELL,5.68,1.04659,-269.05
T102340,2025-03-27,XAUUSD,BUY,4.72,2616.33778,134.85
T100709,2025-05-12,EURUSD,SELL,6.21,1.01213,-365.68
T101252,2025-06-02,EURUSD,SELL,15.3,1.04088,764.37
T102208,2025-08-01,NAS100,BUY,4.14,22955.51827,85.27
T100272,16/01/2025,NAS100,BUY,3.14,17566.72403,-72.49
T101786,27/05/2025,GBPUSD,SELL,9.36,1.13901,486.53
T102041,2025-01-10,GBPUSD,BUY,28.26,1.3,175.58
T100467,05-02-2025,Xauusd,BUY,3.55,2710.71474,227.47
T101460,22/08/2025,BTCUSD,SELL,8.21,57038.17779,-234.55
T100637,03/07/2025,EURUSD,BUY,5.68,1.02132,-267.13
T100080,09/07/2025,BTCUSD,BUY,2.99,63337.52576,188.12
T101952,30/04/2025,NAS100,BUY,5.94,21060.0712,314.57
T100811,2025-06-06, xauusd ,BUY,9.97,2661.37479,80.09
T100932,27/02/2025,GBPUSD,SELL,14.65,1.21205,355.35
T101271,01/09/2025,GBPUSD,SELL,8.77,1.04824,-505.98
T102667,2025-01-02,NAS/100,SELL,6.55,17887.80982,75.71
T101294,06-06-2025,EURUSD,BUY,33.14,1.03521,-92.08
T100471,20/06/2025,GBPUSD,SELL,6.08,1.12554,341.19
T100896,03-03-2025,GBPUSD,BUY,10.42,1.20704,288.57
T100131,27/05/2025,GBPUSD,SELL,11.7,1.14139,-78.8
T102817,05-21-2025,EURUSD,BUY,6.55,1.01431,179.98
T102808,30/06/2025,EURUSD,BUY,2.97,1.02976,-330.53
T101630,2025-06-18,EURUSD,BUY,8.38,1.01978,-198.73
T101563,2025-02-05,GBPUSD,BUY,8.53,1.24976,-226.33
T102775,2025-05-05,NAS100,SELL,26.23,21215.79672,405.06
T101980,04-11-2025,XAUUSD,SELL,6.28,2746.35546,-187.26
T101553,08-06-2025,EURUSD,BUY,8.62,1.05792,446.89
T100851,2025-05-26,XAUUSD,BUY,5.12,2661.255,-501.37
T102319,03-06-2025,BTCUSD  ,SELL,6.1,65891.91381,-131.66
T101366,2025-02-12, nas100 ,BUY,22.18,17735.80053,18.99
T101821,19/03/2025,EURUSD,SELL,5.2,1.01203,451.97
T101664,08/08/2025,EURUSD,BUY,12.89,1.0429,-209.44
T100097,19/02/2025,NAS100,SELL,6.73,18734.35754,102.63
T100831,02-13-2025,BTCUSD,BUY,2.35,69303.56845,-252.62
T101362,2025-01-14, btcusd ,BUY,6.63,56634.5397,-247.73
T100387,21/01/2025,Xauusd,BUY,7.73,2551.05528,126.67
T102392,07/05/2025,BTCUSD,SELL,5.77,60795.86215,-464.29
T100256,2025-08-25,Xauusd,SELL,6.94,2531.44661,-354.56
T101162,2025-01-29,XAUUSD,SELL,7.73,2657.34166,-182.63
T101356,04-08-2025,XAUUSD  ,SELL,4.9,2705.24759,-452.22
T102207,2025-07-08, gbpusd ,BUY,12.19,1.12274,224.83
T101278,2025-06-17,EURUSD,SELL,12.41,1.02795,241.81
T101403,2025-06-17,BTCUSD,BUY,6.14,66923.02837,312.44
T101596,03-18-2025,EURUSD,BUY,27.58,1.00688,-174.35
T102376,20/03/2025,GBPUSD,BUY,28.78,1.18153,-55.92
T102533,2025-06-17,XAUUSD,SELL,11.79,2653.38141,-219.73
T100842,2025-04-30,Xauusd,BUY,5.3,2703.46583,-249.82
T102887,2025-01-22,Eurusd,SELL,8.27,1.05144,195.59
T100012,03/02/2025,GBPUSD,SELL,5.66,,4.57
T100311,15/08/2025,XAUUSD,BUY,13.79,2514.71441,-183.73
T100500,2025-08-05,EURUSD,BUY,4.46,1.04585,-19.66
T102818,11/02/2025,XAUUSD,BUY,9.55,2648.44566,-118.45
T102403,24/02/2025,GBPUSD,SELL,12.95,1.21617,-428.66
T100543,04/07/2025,GBPUSD,BUY,6.28,1.14389,575.0
T100915,27/02/2025,BTC/USD,SELL,4.22,62340.98564,-211.58
T102555,2025-03-07,EURUSD,BUY,5.35,1.01799,-323.83
T100356,11/08/2025,Btcusd,SELL,10.83,62618.59694,16.89
T102515,2025-05-08,XAUUSD,SELL,8.16,2690.85517,196.39
T100195,2025-06-09,BTCUSD,SELL,7.33,62986.96355,
T102033,03/06/2025,XAUUSD,BUY,2.02,2640.3689,-256.09
T100517,2025-01-30,NAS100,BUY,5.47,18002.52858,-188.64
T100689,07-25-2025,XAUUSD,SELL,12.8,2560.66502,-345.28
T101979,15/07/2025,Btcusd,BUY,19.41,61291.91885,-270.88
T101554,2025-01-14, nas100 ,BUY,6.11,17418.7682,296.34
T100313,2025-05-08,EURUSD,BUY,11.14,1.00397,92.83
T102478,2025-06-17,NAS100,SELL,4.97,23272.23241,-756.84
T101981,18/06/2025,EURUSD,BUY,5.14,1.01579,-467.46
T102691,05-20-2025,GBP/USD,SELL,4.72,,-96.98
T100776,10/03/2025,EURUSD,SELL,10.1,1.01794,135.98
T100889,25/06/2025,GBPUSD,SELL,10.45,1.14337,-167.23
T102720,2025-08-12,Btcusd,SELL,3.93,61241.96539,332.01
T101047,08-05-2025,NAS100,SELL,12.7,22512.54138,-41.43
T101197,2025-07-17,BTCUSD  ,BUY,3.51,68149.16296,
T101779,08/04/2025,NAS100,BUY,10.11,20403.07771,260.5
T102883,2025-08-29, gbpusd ,SELL,4.33,1.04365,249.81
T102329,05-08-2025,BTCUSD,SELL,9.27,58601.90012,-462.76
T101389,05-23-2025,BTCUSD,BUY,4.35,57142.41116,57.54
T101598,05/09/2025,GBPUSD,BUY,7.49,1.05614,-451.47
T100726,01-07-2025,XAU/USD,SELL,9.67,2553.9391,15.46
T101768,2025-01-08,BTCUSD,SELL,7.65,57643.47283,-62.72
T102725,10/06/2025,BTCUSD,SELL,5.75,66060.41762,-243.35
T101520,2025-06-17,Eurusd,BUY,6.73,1.0241,185.13
T101685,04-15-2025,GBPUSD,BUY,13.96,1.18575,
T100049,04-17-2025,EURUSD,SELL,4.13,0.99712,-311.33
T101486,06-17-2025, xauusd ,BUY,4.97,2662.84095,-358.03
T102601,2025-01-31,XAUUSD,BUY,6.86,2623.92956,-29.57
T100576,12/06/2025,XAUUSD,BUY,5.65,2673.82898,-146.82
T100894,2025-04-18,EURUSD,SELL,4.64,0.99704,310.97
T102764,19/02/2025,NAS100,BUY,7.74,18608.67782,10.96
T101742,2025-01-07,NAS100,BUY,16.29,17293.16005,184.35
T100096,2025-09-01,BTCUSD,SELL,4.62,51403.84706,-260.1
T101802,08/01/2025,XAUUSD,SELL,11.82,2546.65473,-44.08
T101325,2025-03-11,BTCUSD,SELL,6.44,65980.74374,-77.35
T102347,03/06/2025,NAS100,BUY,7.9,22526.31698,462.84
T100804,2025-05-21,EURUSD,SELL,3.83,1.01212,170.88
T100989,2025-04-25,BTCUSD,SELL,5.57,58093.21841,447.45
T101201,27/08/2025,BTCUSD,BUY,5.91,52463.51779,372.99
T101922,24/01/2025,BTCUSD,SELL,10.52,61809.58674,389.07
T102288,01-03-2025,GBPUSD,BUY,6.36,1.26777,95.68
T100024,04-22-2025,EURUSD,SELL,1.13,0.99193,384.84
T101173,09/05/2025,EURUSD,SELL,4.47,1.01463,3.48
T101355,17/02/2025,EURUSD  ,SELL,14.2,1.04482,666.65
T100912,2025-08-07,NAS100,SELL,2.75,23089.43929,141.99
T102121,09/06/2025,TEST,BUY,4.36,62791.96363,-250.2
T100571,03-03-2025,XAUUSD,BUY,6.39,2724.31051,-36.65
T101107,08-06-2025,BTCUSD,BUY,5.66,64400.68392,-92.25
T102225,01-16-2025,NAS100,SELL,4.28,17524.94031,10.67
T102408,03/04/2025,NAS100,BUY,4059.9999999999995,19304.76263,148.52
T100675,2025-08-28,EUR/USD,SELL,16.56,1.05253,-288.94
T100945,30/07/2025,GBPUSD,SELL,20.13,1.05542,-69.01
T101959,04-16-2025,XAUUSD,SELL,4.94,2704.55436,-38.17
T100987,08-29-2025,GBPUSD,SELL,4.33,1.04592,44.42
T101018,01-01-2025,GBP/USD,BUY,3.69,1.26654,223.87
T101172,2025-04-01,EUR/USD,SELL,9.64,0.99783,-58.18
T101934,08-11-2025,GBPUSD,BUY,10.31,1.04742,3.95
T100911,2025-04-16,BTCUSD,BUY,6.38,59108.04878,-347.08
T101125,29/01/2025,GBP/USD,SELL,5.08,1.2629,108.18
T101243,2025-03-24,GBPUSD,BUY,13.54,1.17341,191.55
T102573,18/07/2025,BTCUSD,BUY,7.81,69765.365,35.58
T102652,06-06-2025,XAUUSD,BUY,2.98,2661.62461,242.49
T102772,03-12-2025,GBPUSD,BUY,3.89,1.18758,-356.42
T101063,2025-08-29,BTCUSD,SELL,4.27,51134.84011,-146.36
T102991,07-15-2025,GBPUSD,SELL,5.68,1.11622,461.17
T100659,13/06/2025,Xauusd,SELL,4.8,2650.27968,-527.82
T102157,11/08/2025,EURUSD,BUY,1.49,1.05475,-217.11
T101178,2025-04-25,BTCUSD,SELL,4.85,58246.42163,-539.9
T101941,23/07/2025,NAS100,BUY,2.19,22856.75451,519.39
T102345,23/04/2025,EURUSD,SELL,10.91,1.00445,402.81
T100504,06/03/2025,EURUSD,SELL,5.03,1.01916,313.97
T101053,2025-04-21,BTCUSD,BUY,3.0,60916.06971,28.47
T100279,2025-04-17,Xauusd,BUY,14.19,2720.85605,84.06
T101430,04-09-2025,GBPUSD  ,BUY,2.15,1.19464,-1.83
T101115,01-24-2025,NAS100,BUY,11.51,18408.18967,-87.24
T100862,2025-06-20,NAS100  ,SELL,13.04,23760.16831,207.08
T100323,2025-03-06,BTCUSD,SELL,8.05,65708.80894,-60.83
T101282,04-25-2025,GBPUSD,BUY,2.39,1.16699,247.04
T102352,13/03/2025,XAUUSD,BUY,4.9,2777.18671,-194.62
T102011,01-24-2025,GBPUSD,BUY,5.99,1.27286,92.39
T101084,06-23-2025,BTCUSD,SELL,3.91,66274.50155,-154.19
T101947,15/07/2025,GBPUSD,SELL,5.75,1.1149,-245.5
T100127,01/07/2025,XAUUSD,BUY,7.31,2718.44475,71.61
T102314,08/08/2025,XAUUSD,BUY,20.38,2449.408,-99.51
T100030,04-28-2025,NAS100,BUY,7.75,20451.4979,
T100522,2025-05-28,XAUUSD,SELL,5.16,2689.77361,-156.43
T100613,2025-04-04,GBPUSD,SELL,10.98,1.17946,251.24
T101788,15/07/2025,XAU/USD,BUY,4.89,2664.66622,-154.91
T101322,2025-08-07,GBPUSD,BUY,5.39,1.04503,-208.47
T100289,14/05/2025,NAS100,SELL,20.41,21364.60909,
T100355,01-29-2025,BTCUSD,SELL,5.5,61889.78062,-31.61
T102958,12/05/2025,EURUSD,SELL,8.07,1.01471,74.22
T102068,2025-03-04,EURUSD,SELL,9.43,1.03161,-53.98
T100792,2025-08-18,XAUUSD,SELL,6.83,2496.23736,-5.43
T100102,21/02/2025,GBPUSD,BUY,14.35,,207.99
T101935,2025-03-19,XAUUSD,BUY,4.77,2730.41145,-291.28
T100558,2025-05-07,Nas100,BUY,9.84,21197.21632,266.56
T101556,05-05-2025,NAS100,SELL,6.39,21251.32077,240.2
T101293,25/08/2025,XAUUSD,BUY,14.95,2538.38437,190.4
T101467,09/05/2025,BTC/USD,SELL,5.43,59298.76331,
T101793,2025-08-20,BTCUSD,BUY,6.29,56693.10556,26.79
T102688,2025-07-21,BTCUSD,SELL,9.84,69438.84323,353.5
T100550,28/07/2025,XAUUSD,SELL,8.31,2539.10779,47.17
T102602,27/02/2025,EUR/USD,SELL,11.58,1.02793,4.8
T101375,04-15-2025,XAUUSD,SELL,7.12,2729.72969,54.63
T102285,29/01/2025,NAS100,SELL,3.88,18278.4943,57.74
T100927,2025-07-10,XAUUSD,BUY,1.51,2661.70283,-406.23
T102242,2025-01-07,XAUUSD  ,SELL,2.93,2563.37698,-68.7
T101695,2025-03-19, eurusd ,BUY,7.19,1.00678,46.17
T102140,08-21-2025,BTCUSD,BUY,7.03,55855.19396,-106.6
T101154,2025-08-15,NAS100,BUY,10.6,22877.71346,136.56
T102895,2025-06-30,XAUUSD,SELL,5.48,2705.43356,101.39
T101332,2025-04-17,BTCUSD,BUY,13.67,59801.11788,125.67
T100095,02/09/2025,XAUUSD,SELL,6.47,2515.17581,-7.68
T101552,2025-02-10,XAUUSD,BUY,6.99,2634.98358,243.17
T100393,2025-01-30,GBPUSD,BUY,5.59,1.27007,230.26
T102651,04-09-2025,XAUUSD,BUY,6.56,2738.80918,-305.7
T102233,07-22-2025,EURUSD,SELL,3.55,1.04426,139.61
T100784,01-17-2025,BTCUSD  ,BUY,10.29,58306.74602,-97.78
T102894,2025-05-26,GBPUSD,BUY,4.18,1.14246,-30.11
T102466,05-27-2025,BTCUSD,SELL,6.35,58127.82487,-8.48
T102086,07/03/2025,EURUSD,SELL,9.44,1.01643,208.63
T102892,05-23-2025,NAS100,SELL,2.97,22194.04992,-353.0
T100420,05/09/2025,GBPUSD,BUY,4.3,1.05576,-322.52
T102237,2025-05-13, nas100 ,SELL,9.09,21748.75906,-408.47
T101511,07/08/2025,BTCUSD  ,BUY,10.58,65367.20309,239.44
T101801,03-06-2025,Xauusd,SELL,4.97,2820.89673,102.16
T102558,28/01/2025, nas100 ,BUY,5.32,18563.303,286.64
T102856,27/03/2025,BTCUSD,BUY,3.65,56294.57748,33.02
T102407,06-24-2025,NAS/100,BUY,2.5,23374.05632,-110.98
T100452,07/01/2025,XAUUSD,SELL,7.75,2550.42983,
T100848,2025-08-29,GBPUSD  ,SELL,6.42,1.04669,-171.6
T101182,04-29-2025,NAS100,SELL,2510.0,20533.00777,-574.79
T101790,08-14-2025,NAS100,BUY,4.76,23099.05415,-144.13
T102448,2025-02-18,BTCUSD,SELL,10.87,67270.05683,294.48
T101892,07-01-2025,NAS100,BUY,7.61,23598.78813,-245.92
T100645,2025-07-24,XAUUSD,BUY,5.93,2583.01889,631.44
T101541,2025-08-14,NAS100,SELL,3.78,23087.93101,201.94
T100082,2025-08-07,EURUSD,BUY,5.06,1.05931,
T102135,04-18-2025,NAS100  ,SELL,4.72,19859.09611,314.38
T102960,2025-05-02,EURUSD,SELL,10.88,1.00398,-84.87
T100625,08-01-2025,XAUUSD,BUY,6.11,2502.74708,-175.81
T102000,18/03/2025,GBPUSD,BUY,3.46,1.18144,118.42
T101040,29/08/2025,NAS100,SELL,11.46,22793.76727,158.12
T102568,2025-06-13,EURUSD  ,BUY,3.57,1.02999,-708.69
T100930,05-28-2025,GBPUSD,BUY,6.3,1.14737,-264.58
T101109,2025-01-06,EURUSD,SELL,4.99,1.07602,-117.03
T100573,20/06/2025,XAUUSD,BUY,5.2,2728.63726,106.75
T102919,01-08-2025,EURUSD  ,SELL,5.35,1.06611,64.23
T100475,2025-02-05,XAUUSD,SELL,12.18,2702.34594,-218.74
T101148,08-06-2025,BTCUSD,SELL,7.17,64353.52613,24.54
T100591,04-11-2025,XAUUSD,BUY,6.63,2739.95529,292.86
T101483,2025-05-05,XAUUSD,BUY,3.94,2661.83808,-531.57
T100962,03-20-2025,BTCUSD,SELL,16.45,62976.25949,-382.24
T102588,07-14-2025,NAS100,SELL,7.04,22927.52442,34.27
T102727,11/03/2025,GBPUSD,BUY,4.0,1.18795,40.01
T102487,04-15-2025,GBPUSD,BUY,6.34,1.19148,-217.1
T101436,01-07-2025,EURUSD,BUY,21.64,1.06653,205.08
T101735,10/06/2025,NAS100,BUY,6.14,23470.75499,-155.39
T102009,01-14-2025,XAUUSD,SELL,16.64,2503.11097,62.58
T102609,2025-01-27,BTCUSD,SELL,13.77,60883.4638,11.89
T102719,2025-02-06,GBPUSD  ,BUY,5.42,1.24895,-80.55
T102303,05-13-2025,Gbpusd,BUY,5.43,1.15134,186.89
T101678,2025-02-28,GBPUSD,BUY,5.8,1.20912,26.84
T101291,04/06/2025,XAUUSD,BUY,6.87,2653.07297,-452.41
T100320,29/04/2025,GBPUSD,BUY,9.71,1.16113,46.86
T101919,03-24-2025,BTCUSD,BUY,4.86,60796.57586,-409.51
T100664,02-27-2025,GBPUSD,BUY,6.63,1.21,-87.37
T102563,04-24-2025,BTCUSD,BUY,8.26,,187.05
T101502,29/04/2025,XAUUSD,BUY,17.41,2722.39525,461.35
T102420,07-29-2025,XAUUSD,SELL,3.92,2553.39836,91.81
T102940,03-10-2025,EURUSD,BUY,9.17,1.01959,-309.96
T102415,06/08/2025,XAUUSD,SELL,7.55,2423.02217,-227.88
T101636,30/05/2025,EURUSD,SELL,2.3,1.03502,-447.24
T102760,2025-04-11,Btcusd,BUY,8.39,60498.75393,-306.06
T102307,22/05/2025,EURUSD,SELL,5.92,1.02277,-291.98
T101280,2025-08-08,XAUUSD,SELL,8.08,2447.1106,318.89
T100086,30/04/2025,EURUSD,BUY,9.2,1.00009,-20.1
T100653,2025-03-17, btcusd ,BUY,5.13,63660.17564,18.97
T100222,16/01/2025,EURUSD,BUY,21.63,1.04929,-33.68
T102564,09-05-2025,BTCUSD,BUY,6.87,51313.81841,-57.07
T102459,2025-06-03,XAUUSD,SELL,13.49,2630.75255,221.43
T102789,08-20-2025,BTCUSD,SELL,3.37,56566.74499,330.76
T101239,03-18-2025,BTCUSD,BUY,11.53,,47.11
T102913,13/02/2025,EURUSD,BUY,7.87,1.0408,257.76
T100182,18/08/2025,XAUUSD,BUY,7.13,2500.08818,-514.33
T102460,2025-07-11,XAUUSD,BUY,16.37,2631.21021,230.24
T100557,21/01/2025,BTCUSD,SELL,7.93,56496.14627,-111.34
T101388,20/08/2025,EURUSD,BUY,7.57,1.05545,159.36
T102485,2025-04-23,NAS100,BUY,3.12,20530.19718,-49.06
T102326,07/08/2025,EURUSD,BUY,20.36,1.06297,-205.82
T100615,2025-01-29,GBPUSD,SELL,7.92,1.25903,182.98
T100825,05-02-2025,NAS100,BUY,3.02,21291.83224,297.61
T102369,07/01/2025,EURUSD,SELL,20.59,1.06576,-53.94
T101143,2025-09-08,GBPUSD,SELL,6.93,1.0545,86.15
T100731,03-14-2025,EURUSD,SELL,3.91,1.01285,341.96
T101803,05-12-2025,BTCUSD,BUY,8.84,58608.37948,-199.41
T101297,2025-08-01,GBPUSD,SELL,2.22,1.04817,-214.79
T100101,26/08/2025,GBPUSD,BUY,9.83,1.03268,26.89
T102679,16/07/2025,EURUSD,BUY,8.76,,-161.68
T101646,2025-07-16,BTCUSD,SELL,30.0,66310.65492,-31.66
T101206,09/06/2025,BTCUSD,BUY,4.27,62996.05843,-255.94
T101573,03-28-2025,BTCUSD,SELL,8.56,,167.12
T100605,05/02/2025,GBPUSD,SELL,4.44,1.24394,-355.29
T101419,2025-07-02, xauusd ,SELL,12.09,2683.18776,132.19
T102306,2025-03-20,BTC/USD,SELL,2.54,62827.20566,-196.22
T101114,27/02/2025,GBPUSD,SELL,6.48,1.21235,-278.66
T102536,08/05/2025,BTCUSD  ,SELL,2.75,58570.27026,152.62
T101977,24/04/2025,NAS100,BUY,13.36,20143.49101,319.94
T100085,12/03/2025,XAUUSD,BUY,4.83,2785.65103,26.19
T101287,16/01/2025, nas100 ,SELL,10.61,17557.79097,36.9
T100245,2025-03-03,BTCUSD,BUY,53.74,62526.28461,46.57
T102884,31/03/2025,XAU/USD,BUY,8.62,2602.53232,-38.18
T100385,2025-08-20,EURUSD,BUY,9.21,1.0554,-9.69
T100266,02/06/2025,NAS100,SELL,5.54,22307.65019,7.46
T102811,2025-07-23,EURUSD,BUY,7.37,1.04134,42.34
T100999,04-24-2025,EURUSD,BUY,10.56,1.00285,-87.12
T100118,21/04/2025,BTCUSD,BUY,4.66,60750.84703,147.7
T100268,29/01/2025,XAU/USD,SELL,4.31,2665.14858,-120.27
T102038,06/01/2025,GBPUSD,BUY,13.01,1.2802,138.15
T102621,2025-02-03,EURUSD,BUY,3.45,1.0641,233.8
T102439,2025-02-13,XAUUSD,SELL,10.11,2659.14063,5.9
T101776,15/04/2025,XAU/USD,BUY,4.64,2734.54303,175.42
T100234,2025-01-27,EURUSD,BUY,11.41,1.06296,-404.6
T100835,11/02/2025,GBPUSD,SELL,3.59,1.23648,92.22
T101917,2025-08-13,GBPUSD,SELL,7.89,1.03612,-59.85
T101116,13/02/2025,BTCUSD,BUY,13.49,69015.32506,-353.21
T102442,2025-01-23,BTCUSD,SELL,4.24,59831.93528,-213.27
T101108,11/07/2025,EURUSD,SELL,3.47,1.01807,82.93
T102582,04-04-2025,NAS100,SELL,3.31,19561.98173,-203.06
T100774,01-01-2025,NAS100,BUY,6.54,17826.17524,-193.8
T101906,09-09-2025,BTCUSD  ,BUY,3.52,56049.7146,275.21
T100683,22/04/2025,NAS100,BUY,6.66,20268.74384,-25.11
T102185,24/02/2025,XAUUSD,BUY,5.3,2610.33931,381.07
T101152,2025-03-20,GBPUSD,SELL,12.07,1.183,-49.31
T101022,2025-06-02,BTCUSD,BUY,9.03,59277.82652,-208.39
T102777,2025-04-24,EURUSD,BUY,7.44,1.00196,-416.26
T102113,2025-03-14,GBPUSD,BUY,9.13,1.18341,-237.78
T102164,19/03/2025,EURUSD,BUY,8.58,1.00699,-21.87
T101736,09-02-2025,NAS100,BUY,7.62,22838.26636,-82.57
T102377,07-23-2025,EUR/USD,BUY,14.01,1.03948,-120.82
T101477,03/03/2025,NAS/100,SELL,3.07,18921.43718,658.16
T100455,,XAUUSD,BUY,10.39,2516.30001,231.66
T102709,2025-07-28,XAUUSD,BUY,4.49,2544.93323,-83.3
T102524,2025-04-08,GBPUSD,BUY,15.63,1.19228,-232.17
T101551,18/02/2025,BTCUSD,SELL,5.16,67340.76898,-117.93
T101865,2025-07-11,XAUUSD,BUY,4.88,2632.16967,64.26
T100801,04-25-2025,XAUUSD,BUY,2.58,,54.36
T101433,02-25-2025, btcusd ,SELL,7.09,63059.4368,23.36
T100100,14/03/2025,NAS100,SELL,6.23,19481.16252,-175.33
T101186,27/01/2025,GBPUSD,BUY,8.35,1.27462,
T100328,11/08/2025,EURUSD,SELL,6.19,1.05507,-4.5
T101014,2025-02-03,XAUUSD,SELL,4.37,2662.9691,-278.44
T100453,08-25-2025,EURUSD,SELL,3.4,1.04528,143.81
T102906,2025-08-21,EURUSD,SELL,18.46,1.05974,134.8
T101479,2025-02-25,NAS100,SELL,4.14,19108.79495,538.28
T102936,07-18-2025,GBPUSD,BUY,3.23,1.09326,37.16
T100596,05-26-2025,XAUUSD,BUY,5.11,2655.98837,-25.4
T102343,28/02/2025,GBPUSD,BUY,24.1,1.20785,102.2
T101179,2025-04-25,XAUUSD,SELL,7.1,2752.2468,
T100074,04-30-2025,NAS100,SELL,10.5,21090.37976,-185.11
T100905,01-21-2025,GBPUSD,BUY,9.06,1.27536,-17.63
T102171,2025-03-18,Eurusd,BUY,14.38,1.0086,-225.65
T102218,,BTCUSD,BUY,9.01,52310.09236,-285.39
T102607,2025-08-07,BTCUSD,BUY,9.57,65159.00487,88.94
T100001,07-23-2025,EURUSD,SELL,20.43,1.04232,-224.94
T101837,2025-04-29,GBPUSD,BUY,3.48,1.15634,209.13
T100304,01-14-2025,BTCUSD,BUY,10.89,56451.4835,-255.72
T102435,08/05/2025,GBPUSD,BUY,7.45,1.14092,165.31
T100208,2025-03-31,XAGUSD,SELL,4.21,1.17864,283.99
T100128,07-24-2025,EURUSD,BUY,11.65,1.04516,209.19
T100708,03-21-2025,NAS100,BUY,4.29,19336.58895,41.9
T102779,12/06/2025,XAUUSD,BUY,7.62,2688.9941,187.49
T102214,21/01/2025,NAS100,SELL,7.5,18031.39857,154.24
T100538,17/06/2025,BTCUSD,BUY,2.55,66758.14859,347.55
T101034,12/03/2025, eurusd ,BUY,13.22,1.01254,312.72
T102708,2025-05-23,GBPUSD,SELL,3.02,1.14655,-56.3
T102603,13/01/2025,GBPUSD,SELL,2.51,1.29102,264.69
T101439,14/01/2025,XAUUSD,SELL,14.05,2504.05682,452.62
T100306,2025-04-23,XAUUSD,BUY,2.52,2787.33321,-9.09
T101715,2025-02-13, xauusd ,BUY,3.63,2655.64469,85.12
T102125,02-10-2025,NAS100,BUY,7.45,17902.09964,389.56
T101011,03-20-2025,NAS100,BUY,4.92,19236.85801,516.96
T100119,09/04/2025,NAS100,BUY,4.87,19993.78225,-123.65
T101276,07/07/2025,NAS100,BUY,2.38,23139.10042,25.17
T100163,03/09/2025,GBPUSD,SELL,1.63,1.06026,561.49
T100017,24/02/2025,NAS100,BUY,18.1,18911.12396,309.11
T101306,27/03/2025,Eurusd,SELL,10.34,0.99507,34.19
T101591,03/04/2025,EURUSD,SELL,27.07,0.99705,29.78
T100777,2025-04-10,NAS100,BUY,12.91,19785.75211,-12.79
T101222,2025-04-23,Nas100,BUY,11.09,20504.17693,139.0
T101819,07-08-2025,GBPUSD,SELL,6.03,1.12308,-17.69
T101605,04-17-2025,Nas100,SELL,4.47,19867.16996,-272.74
T102728,08-13-2025,BTCUSD,BUY,6.21,58033.60101,-57.86
T101198,14/04/2025,NAS100,SELL,7.7,19938.54255,148.14
T102016,02/09/2025,GBPUSD,BUY,5.81,1.05443,-28.25
T102653,11/03/2025,NAS100  ,BUY,4.24,19403.02922,175.62
T100323,2025-03-06,BTCUSD,SELL,8.05,65708.80894,-122.1
T102882,26/02/2025,NAS100,BUY,12.66,18604.93946,-428.06
T101188,02-27-2025,NAS/100,BUY,9.22,18402.48383,545.89
T102367,05-30-2025,GBPUSD,BUY,13.93,1.14091,261.45
T101897,2025-03-10,XAUUSD,SELL,10.1,2766.93923,197.44
T101377,03-03-2025,GBPUSD,BUY,11.81,1.20462,-207.21
T100757,03/09/2025,XAUUSD,BUY,6.58,2557.34265,
T100610,2025-05-21,EURUSD,SELL,25.89,1.0113,-363.58
T102079,09/07/2025,GBPUSD,SELL,17.67,1.11878,-98.93
T102549,25/08/2025,Xauusd,SELL,9.61,2529.55171,281.46
T101331,05-15-2025,NAS100,BUY,5.87,21394.34736,440.0
T101560,06-10-2025,GBPUSD,BUY,10.31,1.11178,-114.79
T101464,02-24-2025,NAS100,SELL,11.92,18841.3413,-41.44
T100855,06-11-2025,GBPUSD  ,BUY,12.37,1.11228,
T101785,07-01-2025,GBPUSD,SELL,7.32,1.14619,-218.6
T102223,2025-02-11,NAS100,SELL,19.59,17788.71815,-183.7
T100729,2025-05-20,NAS100,BUY,3.12,21371.28266,-152.76
T101659,2025-08-14,NAS100,SELL,14.48,23176.84534,-217.17
T100948,02-20-2025,GBPUSD,BUY,3.94,1.22476,123.94
T101424,27/08/2025,GBP/USD,SELL,9.81,1.03952,91.53
T101967,2025-04-10,XAUUSD,SELL,4.91,2689.2639,-22.75
T100847,01-06-2025,GBPUSD,BUY,3.65,,-51.66
T102200,05-09-2025,GBPUSD,BUY,7.8,1.13706,50.66
T102952,02-17-2025,NAS100,SELL,6.16,18605.72502,160.62
T102123,02-05-2025,Eurusd,BUY,5.5,1.06441,156.33
T101384,27/02/2025,XAUUSD,SELL,8.89,2683.61993,
T102179,2025-03-21,XAUUSD  ,BUY,5.48,2710.13143,-70.38
T101741,2025-06-16,NAS100,SELL,9.16,23315.50829,-424.64
T100022,2025-03-18,EURUSD,SELL,18.6,1.00579,123.88
T100349,25/08/2025,GBPUSD,BUY,4.86,1.03123,-373.08
T102471,21/02/2025,EURUSD,BUY,5.37,1.0434,126.72
T100882,08-04-2025,EURUSD,BUY,6.43,1.04921,-362.32
T100751,03-31-2025,EURUSD,SELL,3.07,0.99697,-217.92
T102578,04-14-2025,XAUUSD,SELL,8.21,2747.26366,206.99
T100599,2025-03-04,BTCUSD,SELL,9.79,63691.77507,202.05
T101397,2025-08-26, gbpusd ,SELL,9.5,1.03507,-57.72
T102545,2025-06-09,NAS100,SELL,9.68,23637.01197,104.26
T101326,08-07-2025,BTCUSD,BUY,12.58,65004.78111,-304.36
T101754,2025-08-01,NAS100,BUY,16.75,22843.81336,-170.23
T100638,23/05/2025,GBPUSD,BUY,20.93,1.14654,-354.51
T101353,23/05/2025,EURUSD,SELL,1.31,1.02209,-17.49
T100083,2025-04-17,XAUUSD,BUY,13.07,2729.65661,166.59
T101255,25/07/2025,EURUSD,BUY,3.19,1.04955,-367.15
T101151,2025-07-30,BTCUSD,BUY,5.31,60237.81398,-323.55
T102029,2025-05-29,NAS100,BUY,4.7,22811.54585,494.51
T101091,03-13-2025,BTCUSD,BUY,16.45,62427.77311,-77.29
T100270,2025-09-02,EURUSD,BUY,5.6,1.03959,-184.28
T102491,08-22-2025,BTCUSD,BUY,4.11,56924.70377,-98.23
T101025,07-04-2025,GBPUSD,BUY,4.72,1.14389,-174.07
T102904,07-07-2025,BTCUSD,SELL,10.4,58134.62037,-163.28
T102950,21/01/2025, eurusd ,BUY,4.96,1.05192,-159.11
T102599,2025-08-27,XAUUSD,BUY,6.14,2551.1427,8.56
T100698,08-08-2025,NAS100,BUY,4.91,22823.49858,-75.62
T100544,05-06-2025,NAS100,SELL,14.14,21121.74536,-44.87
T100391,2025-06-11,EURUSD,BUY,4.61,1.0438,192.33
T102908,2025-07-30,GBPUSD,SELL,4.39,1.05856,121.02
T102706,19/06/2025,BTCUSD,SELL,5.76,63798.12237,178.35
T102281,01-02-2025,EURUSD,BUY,5.24,1.09076,-220.43
T101429,24/02/2025,NAS100,SELL,9.7,18819.93864,-323.63
T100608,10/03/2025,NAS100,SELL,7.82,19129.25715,-94.25
T100508,07-08-2025,XAUUSD,BUY,7.97,2676.04962,-130.37
T101254,05-13-2025,BTCUSD,BUY,13.84,58214.6548,39.25
T101194,2025-02-14,BTCUSD,BUY,8.86,71116.32674,23.27
T100456,2025-03-13,GBPUSD,BUY,11.47,1.18496,-318.82
T101595,14/01/2025,GBPUSD,BUY,7.48,1.28053,-24.13
T102103,06-02-2025, xauusd ,SELL,16.13,2628.35764,-138.71
T101493,2025-03-26,GBPUSD,BUY,7.47,1.18067,338.41
T101942,27/06/2025,EUR/USD,SELL,17.43,1.02554,295.42
T100454,2025-06-02,XAUUSD,BUY,8.38,2621.89637,85.4
T100309,13/02/2025,XAUUSD,SELL,8.07,2656.75867,106.05
T101045,06-11-2025, gbpusd ,BUY,6.27,1.11421,-476.97
T100257,01-31-2025,Nas100,SELL,5.72,18183.0494,0.71
T101144,2025-09-04,XAUUSD,BUY,4.94,2548.29642,237.26
T100705,2025-06-06,NAS100,SELL,6.29,23835.89949,121.53
T102268,03/02/2025,XAUUSD,SELL,5.03,2656.07952,93.58
T102508,05-19-2025,EURUSD,BUY,5.14,1.01468,68.24
T100466,11/07/2025, eurusd ,BUY,24.52,1.01871,22.34
T101696,12/03/2025,Nas100,BUY,5.24,19966.28759,
T101181,03/06/2025,EURUSD,BUY,6.53,1.0358,5.36
T101730,2025-06-09,NAS100,SELL,16.04,23552.52564,-99.92
T100873,2025-01-23,EURUSD,BUY,4.67,1.0605,-129.09
T100745,02-11-2025,Xauusd,SELL,17.2,2651.92481,-20.9
T101277,2025-05-05,EURUSD,BUY,6.07,1.00583,-1.65
T100281,06-20-2025,XAUUSD,BUY,21.63,2727.40264,-22.58
T102452,2025-02-14,NAS100,BUY,18.48,18016.25712,-82.59
T102383,04-15-2025,GBPUSD  ,SELL,8.43,1.18518,390.72
T100486,07-28-2025,XAUUSD,BUY,18.48,2545.49495,-342.84
T102626,04-04-2025, nas100 ,SELL,17.91,19479.8774,71.14
T100984,18/02/2025,TEST,SELL,15.74,18317.68151,-450.57
T100881,27/01/2025,XAUUSD,BUY,6.83,2590.5544,-90.99
T100186,27/05/2025,XAUUSD,SELL,7.12,2667.32805,387.47
T101478,02-03-2025,EURUSD,BUY,9.32,1.062,-190.13
T101195,2025-09-03,NAS100,BUY,6.78,22499.65775,-220.95
T100917,21/03/2025,NAS100,SELL,5.33,19353.2759,9.46
T101847,2025-08-25,GBPUSD,BUY,9.18,1.02999,-191.25
T102968,28/03/2025,NAS100,BUY,5.22,18795.23204,-214.75
T101422,02/09/2025,XAUUSD,SELL,6.32,2522.60943,-107.01
T100089,2025-01-10,GBPUSD,SELL,2.73,1.29749,-257.88
T102675,01/07/2025,NAS100,SELL,3.96,23611.00883,387.16
T101699,03-07-2025,EURUSD,SELL,4.55,1.0159,-435.17
T102365,07/04/2025,GBPUSD,BUY,10.17,1.19263,185.29
T102327,2025-02-28,EURUSD,SELL,3.0,,44.83
T100206,2025-07-31,XAUUSD,SELL,3.12,2471.1324,-259.02
T101978,20/06/2025,NAS100,BUY,14.16,23804.34303,311.74
T100760,02-12-2025,BTCUSD  ,BUY,8.95,69019.52698,94.24
T101602,2025-04-24, eurusd ,SELL,8.35,1.00292,-67.41
T100246,2025-02-03,XAUUSD,BUY,17.81,2654.80236,-22.02
T101839,2025-02-28,XAUUSD,BUY,1.29,,-610.46
T101764,01-03-2025,XAUUSD,SELL,9.14,2468.99192,-436.19
T102666,02-17-2025,EURUSD,BUY,7.59,1.04594,316.94
T102356,15/01/2025,NAS100,BUY,1.9,17204.34862,-193.23
T102754,2025-06-20,GBPUSD,SELL,6.19,1.12284,358.25
T100040,15/08/2025,BTCUSD  ,BUY,3.92,55635.12765,-260.02
T100895,2025-07-18,EURUSD,SELL,13.27,1.03192,143.44
T100178,11/04/2025,GBPUSD,SELL,7.86,1.19266,600.45
T102232,2025-02-07,BTCUSD,BUY,0.0,64297.0354,45.4
T101546,2025-04-08,GBPUSD,SELL,3.04,1.18617,70.65
T102243,31/07/2025,NAS100,SELL,2.22,22453.73176,-53.25
T100782,10/01/2025,EURUSD,BUY,6.74,1.05788,-306.28
T101315,2025-02-07,XAUUSD,SELL,11.59,2682.21392,77.13
T100043,12/02/2025, btcusd ,SELL,8.96,68957.98092,-168.75
T101454,01-21-2025,GBPUSD,BUY,6.59,1.27685,388.5
T101857,05-15-2025, btcusd ,SELL,6.06,59414.28766,-40.02
T102158,2025-05-22,EUR/USD,SELL,8.15,1.02103,-211.2
T101789,2025-07-16,EURUSD,BUY,2.84,1.01654,-426.13
T102605,26/02/2025,XAUUSD,SELL,5.24,2677.41459,272.7
T101677,09-02-2025,BTCUSD,BUY,18.9,54093.44098,-76.04
T101327,05-01-2025, btcusd ,BUY,11.26,61822.35554,-87.17
T101339,2025-05-09,EURUSD,SELL,7.77,1.01315,-69.69
T101891,07-09-2025,NAS100,BUY,5.01,23185.46853,48.95
T100317,2025-03-14,GBPUSD,SELL,6.68,1.18392,-151.84
T101098,2025-06-09,XAUUSD,BUY,16.34,2701.41522,-239.33
T102935,14/04/2025,BTCUSD,BUY,7.99,60073.3406,147.18
T100875,03/09/2025,GBPUSD,SELL,2.92,1.05984,-447.31
T100793,04/07/2025,EUR/USD,SELL,6.25,1.02062,-388.33
T100145,16/05/2025, gbpusd ,BUY,8.54,1.14376,-54.37
T101548,2025-02-20,XAUUSD,SELL,4.35,2612.65563,-65.67
T100616,13/03/2025,BTCUSD,SELL,7.9,62594.13803,-98.02
T101415,19/08/2025,EURUSD,SELL,10.23,1.05248,98.73
T100539,2025-08-01,EURUSD,BUY,7.96,1.05015,-376.9
T102522,2025-06-23,EURUSD,BUY,8.31,1.02142,-71.78
T100271,01-17-2025,BTCUSD,BUY,2.0,58187.82431,-20.26
T100788,21/08/2025,EURUSD  ,SELL,7.65,1.06277,105.9
T101484,03-13-2025,BTCUSD,SELL,2.08,62716.23404,62.18
T100704,27/08/2025,XAUUSD,SELL,7.98,2553.36519,76.46
T101608,15/04/2025,EURUSD  ,BUY,14.88,0.99794,30.07
T102008,2025-08-27,Btcusd,SELL,13.72,52649.66926,-35.09
T101329,2025-05-14,EURUSD,SELL,8.64,1.00339,-302.38
T100514,27/05/2025,EURUSD  ,SELL,7.78,1.03362,211.5
T101738,22/01/2025,Btcusd,BUY,8.85,59663.13646,153.84
T100622,2025-06-18,XAUUSD,BUY,11.1,2663.94309,
T101999,2025-05-26,XAUUSD,SELL,8.39,2655.93065,152.38
T101050,15/08/2025,BTCUSD,SELL,5.86,55586.85892,-298.07
T101003,2025-01-14,EUR/USD,BUY,29.55,1.05775,121.67
T102111,04-07-2025,GBPUSD,BUY,8.61,1.18989,202.88
T102007,2025-07-22,GBPUSD,SELL,13.81,1.08362,-168.72
T101010,04-01-2025, nas100 ,BUY,5.77,18986.24384,103.6
T102331,07-17-2025,NAS100,BUY,6.23,22955.57069,8.43
T100435,2025-06-09,XAUUSD,BUY,37.84,2689.84685,-187.82
T100377,02-17-2025,XAUUSD,SELL,4.72,2639.51495,-158.55
T100572,07-25-2025,Nas100,BUY,7.45,22604.75318,129.5
T100818,2025-05-22,BTCUSD,SELL,6.18,58564.00563,302.97
T102794,2025-02-07,EURUSD,BUY,11.59,1.06081,-73.96
T100283,2025-02-05, nas100 ,BUY,8.77,17761.59299,293.67
T102616,05-05-2025,EURUSD,SELL,4.21,1.00726,210.36
T102998,06/05/2025,GBPUSD,SELL,8.24,1.15151,-146.94
T101026,02-18-2025,NAS100,SELL,20.29,18272.60486,577.7
T100166,25/08/2025,GBPUSD,SELL,2.88,1.02985,29.84
T102022,04-11-2025,XAUUSD,BUY,4.83,2750.47996,-36.18
T102437,01-28-2025,NAS100,SELL,6.11,18542.80283,-21.96
T102877,2025-07-08,EURUSD,BUY,5.32,1.01922,94.35
T102080,05-06-2025,GBPUSD,SELL,2.7,1.15031,142.78
T100433,01-29-2025,EURUSD,BUY,5.9,1.06898,
T100229,2025-06-27,BTCUSD,SELL,4.86,64459.07849,96.97
T100237,05-05-2025,GBPUSD,SELL,11.98,1.15433,333.84
T101006,2025-06-26,EURUSD,SELL,8.27,1.02169,-155.03
T102078,26/03/2025,GBPUSD,SELL,10.8,1.18176,-31.02
T100697,27/01/2025,GBPUSD,SELL,5.87,1.27329,-18.74
T101833,04-08-2025,XAUUSD,SELL,8.2,2708.83677,-392.58
T101667,21/08/2025, btcusd ,BUY,5.76,56082.62207,-13.9
T100482,2025-02-06, xauusd ,SELL,8.36,2672.46003,431.43
T102826,2025-08-22,BTCUSD,BUY,8.0,56986.89129,-34.93
T101720,2025-06-18,NAS100,BUY,15.11,23100.61864,-122.82
T101774,05-15-2025,NAS100,BUY,9.74,21444.65746,368.66
T102945,21/02/2025,BTCUSD,BUY,4.93,63050.06405,-13.4
T101543,2025-02-21,Xauusd,SELL,6.58,2624.54378,-337.4
T101964,04-22-2025,BTCUSD,BUY,6.99,60302.95255,
T100468,2025-01-21,EURUSD,SELL,3.27,1.0487,70.09
T102372,2025-04-28,BTCUSD  ,SELL,29.26,58875.45468,244.5
T101055,2025-05-27,GBPUSD,BUY,3.94,1.14417,-236.24
T100278,2025-02-27,GBPUSD,SELL,5.67,1.21199,26.91
T101965,02-25-2025,XAUUSD,BUY,7.28,2686.12096,203.89
T102800,04/09/2025,XAUUSD,BUY,3.64,2538.19486,-208.1
T101337,08-05-2025, xauusd ,SELL,8.49,2475.93337,-269.14
T100406,09/04/2025,XAUUSD,SELL,10.1,2744.46389,568.57
T101414,03-07-2025,EURUSD,BUY,6.6,1.01668,379.92
T102191,2025-08-20,BTCUSD,BUY,8.19,56638.8866,93.06
T102671,08/05/2025,EURUSD,SELL,4.63,1.00977,125.5
