Date,EURUSD,GBPUSD,AUDUSD,NZDUSD,USDCAD
2016-01-04,1.08026,1.46864,0.71659,0.67399,1.397
2016-01-05,1.07434,1.46649,0.7151,0.67002,1.3991
2016-01-06,1.07619,1.46263,0.70701,0.66419,1.4084
2016-01-07,1.08601,1.45794,0.70249,0.66529,1.4061
2016-01-08,1.08849,1.45222,0.69759,0.65591,1.415
2016-01-11,1.08778,1.45645,0.6992,0.65539,1.4203
2016-01-12,1.08366,1.4403,0.6975,0.65232,1.4293
2016-01-13,1.08625,1.44697,0.69959,0.65591,1.4294
2016-01-14,1.08625,1.44092,0.69798,0.647,1.4374
2016-01-15,1.09637,1.42898,0.68639,0.64309,1.4531
2016-01-19,1.09063,1.41703,0.6929,0.64889,1.4513
2016-01-20,1.09075,1.41663,0.68549,0.6389,1.4592
2016-01-21,1.08331,1.41985,0.70028,0.65219,1.4244
2016-01-22,1.08143,1.43082,0.70141,0.6483,1.4153
2016-01-25,1.08319,1.4245,0.69701,0.64729,1.4248
2016-01-26,1.0846,1.4341,0.70048,0.64918,1.4062
2016-01-27,1.08672,1.42613,0.70741,0.6527,1.404
2016-01-28,1.09517,1.43513,0.70852,0.64771,1.4077
2016-01-29,1.08319,1.41844,0.70711,0.64691,1.4074
2016-02-01,1.08885,1.43678,0.70842,0.65121,1.4005
2016-02-02,1.09075,1.43988,0.70582,0.64969,1.4039
2016-02-03,1.10509,1.45751,0.71342,0.66591,1.3843
2016-02-04,1.11995,1.45794,0.7216,0.6729,1.3724
2016-02-05,1.11309,1.44676,0.70842,0.6619,1.3875
2016-02-08,1.11694,1.44155,0.71028,0.6637,1.3921
2016-02-09,1.12994,1.44739,0.70651,0.66481,1.386
2016-02-10,1.12221,1.44739,0.70892,0.66551,1.3969
2016-02-11,1.13623,1.44488,0.70962,0.66818,1.3933
2016-02-12,1.12347,1.44592,0.70982,0.66278,1.3834
2016-02-16,1.11396,1.42898,0.71028,0.65651,1.3857
2016-02-17,1.11396,1.43164,0.71679,0.66278,1.3682
2016-02-18,1.10914,1.43328,0.715,0.6626,1.3718
2016-02-19,1.11272,1.43431,0.7125,0.66151,1.3798
2016-02-22,1.10181,1.41563,0.7238,0.672,1.3684
2016-02-23,1.10156,1.4039,0.72088,0.666,1.3791
2016-02-24,1.10205,1.39315,0.71772,0.66322,1.3765
2016-02-25,1.10266,1.39373,0.72082,0.66988,1.3572
2016-02-26,1.09325,1.38677,0.71301,0.66481,1.3546
2016-02-29,1.08684,1.39256,0.71521,0.66011,1.3522
2016-03-01,1.08472,1.39489,0.71721,0.6619,1.3404
2016-03-02,1.08448,1.40588,0.7268,0.66419,1.3466
2016-03-03,1.09481,1.41523,0.736,0.67458,1.3405
2016-03-04,1.10096,1.42268,0.7425,0.6799,1.3337
2016-03-07,1.10035,1.42552,0.74671,0.68009,1.33
2016-03-08,1.10278,1.42248,0.7451,0.677,1.3388
2016-03-09,1.10217,1.42369,0.75279,0.68092,1.3233
2016-03-10,1.1162,1.43062,0.74438,0.66671,1.3372
2016-03-11,1.11794,1.44259,0.75717,0.67632,1.3211
2016-03-14,1.11074,1.43246,0.75148,0.66899,1.3291
2016-03-15,1.11123,1.41663,0.74649,0.66142,1.3355
2016-03-16,1.10754,1.41004,0.74349,0.66011,1.3364
2016-03-17,1.13161,1.44907,0.76371,0.68348,1.2982
2016-03-18,1.12918,1.45138,0.76179,0.6812,1.298
2016-03-21,1.126,1.4403,0.75942,0.67641,1.3067
2016-03-22,1.12284,1.42167,0.76249,0.676,1.3051
2016-03-23,1.11744,1.41103,0.7533,0.6702,1.3199
2016-03-24,1.11632,1.41423,0.7516,0.66948,1.327
2016-03-25,1.11645,1.41303,0.75182,0.66849,1.3264
2016-03-28,1.12095,1.42491,0.75489,0.6729,1.3184
2016-03-29,1.12045,1.42816,0.75672,0.68032,1.3153
2016-03-30,1.13302,1.43906,0.76669,0.69142,1.2962
2016-03-31,1.13895,1.43802,0.7677,0.69262,1.2969
2016-04-01,1.13856,1.42045,0.76722,0.68989,1.3047
2016-04-04,1.13856,1.42796,0.76138,0.68521,1.3037
2016-04-05,1.1374,1.41483,0.75188,0.6787,1.3175
2016-04-06,1.14299,1.41623,0.76132,0.68399,1.3073
2016-04-07,1.13856,1.40825,0.75041,0.67741,1.3163
2016-04-08,1.14064,1.41044,0.7554,0.68148,1.2994
2016-04-11,1.14116,1.4241,0.75988,0.68601,1.2912
2016-04-12,1.13947,1.4245,0.76587,0.69018,1.28
2016-04-13,1.12816,1.42227,0.76488,0.69161,1.2789
2016-04-14,1.12625,1.41483,0.77048,0.68658,1.2835
2016-04-15,1.12956,1.42167,0.77172,0.69132,1.2857
2016-04-18,1.13225,1.42755,0.77459,0.69459,1.2815
2016-04-19,1.13753,1.43968,0.78058,0.70338,1.2654
2016-04-20,1.13302,1.4374,0.78168,0.69969,1.2623
2016-04-21,1.13007,1.4339,0.7758,0.69238,1.2713
2016-04-22,1.12385,1.43906,0.77131,0.6854,1.2672
2016-04-25,1.1274,1.44928,0.77172,0.68559,1.2678
2016-04-26,1.13186,1.46113,0.77411,0.68951,1.2614
2016-04-27,1.13225,1.45539,0.75942,0.68512,1.2637
2016-04-28,1.1325,1.45815,0.76348,0.69691,1.2544
2016-04-29,1.14416,1.46242,0.76121,0.69842,1.2549
2016-05-02,1.15154,1.46671,0.76412,0.70092,1.2544
2016-05-03,1.15075,1.45433,0.74918,0.69252,1.2686
2016-05-04,1.14863,1.4476,0.74538,0.68738,1.2882
2016-05-05,1.14038,1.44865,0.74649,0.68942,1.2855
2016-05-06,1.14207,1.44383,0.73578,0.68432,1.292
2016-05-09,1.14025,1.44092,0.73228,0.67778,1.2994
2016-05-10,1.13856,1.4453,0.73508,0.67458,1.2957
2016-05-11,1.14443,1.44802,0.73981,0.68451,1.2834
2016-05-12,1.13804,1.4453,0.73142,0.68162,1.2857
2016-05-13,1.12943,1.43699,0.72733,0.6781,1.2939
2016-05-16,1.13276,1.44113,0.72998,0.6805,1.2886
2016-05-17,1.13366,1.44844,0.73519,0.68399,1.2884
2016-05-18,1.12765,1.46156,0.72849,0.6782,1.2924
2016-05-19,1.12145,1.46071,0.72129,0.67481,1.3114
2016-05-20,1.1207,1.45138,0.7215,0.676,1.3136
2016-05-23,1.11919,1.44446,0.72031,0.6754,1.3155
2016-05-24,1.11445,1.4622,0.71839,0.67381,1.3117
2016-05-25,1.11545,1.46951,0.7186,0.67522,1.3089
2016-05-26,1.11844,1.46735,0.7227,0.67522,1.298
2016-05-27,1.11396,1.46434,0.72051,0.6729,1.3001
2016-05-31,1.11346,1.45307,0.72422,0.67691,1.3097
2016-06-01,1.11645,1.43947,0.72422,0.68069,1.3089
2016-06-02,1.1157,1.44196,0.72249,0.68148,1.308
2016-06-03,1.13302,1.45201,0.73389,0.6942,1.2947
2016-06-06,1.13546,1.44509,0.73621,0.6931,1.2856
2016-06-07,1.13494,1.45645,0.74521,0.69808,1.2788
2016-06-08,1.13999,1.45455,0.74789,0.7024,1.2694
2016-06-09,1.13289,1.44676,0.74311,0.71332,1.2728
2016-06-10,1.12816,1.4341,0.73948,0.70691,1.2734
2016-06-13,1.12816,1.42227,0.73943,0.70641,1.2791
2016-06-14,1.12057,1.41303,0.736,0.70028,1.2833
2016-06-15,1.12385,1.41844,0.74041,0.70279,1.2912
2016-06-16,1.11582,1.40746,0.73121,0.69959,1.3039
2016-06-17,1.12562,1.42857,0.7385,0.70562,1.2875
2016-06-20,1.13186,1.46886,0.74582,0.71088,1.2807
2016-06-21,1.12625,1.46671,0.7461,0.71378,1.2817
2016-06-22,1.12854,1.46821,0.74912,0.71649,1.282
2016-06-23,1.13727,1.47995,0.75982,0.72422,1.2749
2016-06-24,1.11259,1.36388,0.7451,0.71088,1.2948
2016-06-27,1.10241,1.3217,0.73573,0.702,1.3076
2016-06-28,1.10546,1.32943,0.73529,0.70309,1.3086
2016-06-29,1.11173,1.35099,0.74438,0.7121,1.299
2016-06-30,1.10314,1.32415,0.74322,0.712,1.301
2016-07-01,1.11445,1.32802,0.7485,0.71669,1.2897
2016-07-05,1.10803,1.30208,0.7456,0.71469,1.295
2016-07-06,1.10767,1.29216,0.75109,0.71301,1.3003
2016-07-07,1.10644,1.29266,0.74878,0.72129,1.2984
2016-07-08,1.10375,1.29383,0.75592,0.72929,1.3072
2016-07-11,1.10448,1.29853,0.75341,0.72218,1.3125
2016-07-12,1.10742,1.32363,0.76313,0.73041,1.3016
2016-07-13,1.11123,1.31804,0.76243,0.7303,1.2962
2016-07-14,1.11086,1.33316,0.76318,0.71989,1.2916
2016-07-15,1.10595,1.31944,0.75873,0.71332,1.2978
2016-07-18,1.10754,1.32784,0.75971,0.71169,1.2984
2016-07-19,1.10144,1.31234,0.74963,0.70492,1.3027
2016-07-20,1.10072,1.31787,0.74862,0.70328,1.3037
2016-07-21,1.10156,1.32153,0.74968,0.69891,1.3056
2016-07-22,1.09685,1.30907,0.74532,0.69901,1.3178
2016-07-25,1.09806,1.31303,0.74582,0.69808,1.3224
2016-07-26,1.09842,1.31337,0.7516,0.70378,1.3207
2016-07-27,1.09878,1.30941,0.74599,0.70418,1.3221
2016-07-28,1.10939,1.3151,0.75109,0.70751,1.317
2016-07-29,1.11682,1.32696,0.75988,0.7216,1.304
2016-08-01,1.11757,1.32083,0.75672,0.71958,1.3096
2016-08-02,1.12246,1.33262,0.76109,0.72348,1.3087
2016-08-03,1.11694,1.33351,0.75919,0.71628,1.3078
2016-08-04,1.11346,1.31423,0.76371,0.71948,1.3025
2016-08-05,1.10803,1.30685,0.7615,0.71378,1.3179
2016-08-08,1.10779,1.30412,0.76558,0.71388,1.3162
2016-08-09,1.11099,1.30107,0.7677,0.71782,1.3116
2016-08-10,1.11707,1.29988,0.77172,0.72202,1.3059
2016-08-11,1.11682,1.29601,0.77101,0.72422,1.3004
2016-08-12,1.11719,1.29333,0.76687,0.7215,1.2943
2016-08-15,1.11995,1.28733,0.7687,0.72192,1.2922
2016-08-16,1.12765,1.30191,0.7697,0.72659,1.2861
2016-08-17,1.12625,1.30124,0.7619,0.72192,1.2885
2016-08-18,1.1334,1.31475,0.7684,0.72918,1.2777
2016-08-19,1.13263,1.30617,0.76202,0.7268,1.2878
2016-08-22,1.13135,1.31337,0.76289,0.7278,1.2942
2016-08-23,1.13084,1.31787,0.76318,0.73067,1.2904
2016-08-24,1.12562,1.32363,0.76051,0.73067,1.2939
2016-08-25,1.1274,1.3177,0.76109,0.72971,1.2934
2016-08-26,1.12372,1.31683,0.76138,0.73019,1.2944
2016-08-29,1.11819,1.3089,0.75758,0.72543,1.3018
2016-08-30,1.11495,1.30839,0.7516,0.72218,1.3075
2016-08-31,1.11458,1.31285,0.75188,0.72569,1.3122
2016-09-01,1.11944,1.32732,0.7542,0.72823,1.3107
2016-09-02,1.11582,1.32996,0.75569,0.7286,1.2998
2016-09-06,1.12372,1.34282,0.7674,0.74069,1.2843
2016-09-07,1.12385,1.33387,0.76752,0.7451,1.2895
2016-09-08,1.12562,1.33014,0.76658,0.74058,1.291
2016-09-09,1.12145,1.32573,0.75489,0.73362,1.3034
2016-09-12,1.12296,1.33138,0.75262,0.73212,1.3076
2016-09-13,1.12423,1.31839,0.74699,0.72622,1.3167
2016-09-14,1.12714,1.32048,0.7485,0.73041,1.3187
2016-09-15,1.12461,1.32153,0.7512,0.73078,1.3145
2016-09-16,1.11595,1.30907,0.7489,0.72711,1.3212
2016-09-19,1.11794,1.30514,0.75597,0.73169,1.318
2016-09-20,1.11719,1.29735,0.75517,0.73228,1.3228
2016-09-21,1.11645,1.29786,0.7589,0.73282,1.3186
2016-09-22,1.12284,1.30924,0.76441,0.73148,1.3036
2016-09-23,1.12233,1.29584,0.76208,0.72348,1.3163
2016-09-26,1.12701,1.29786,0.76418,0.72801,1.3196
2016-09-27,1.12082,1.30056,0.76581,0.72939,1.3247
2016-09-28,1.11995,1.29955,0.76587,0.72543,1.3237
2016-09-29,1.12435,1.29904,0.76758,0.72849,1.3101
2016-09-30,1.12385,1.30157,0.76669,0.72902,1.3115
2016-10-03,1.12095,1.28403,0.7664,0.72632,1.3138
2016-10-04,1.1212,1.27453,0.76441,0.72459,1.3171
2016-10-05,1.11957,1.27453,0.76179,0.71731,1.3177
2016-10-06,1.11582,1.2647,0.75798,0.71608,1.3209
2016-10-07,1.11557,1.24347,0.75557,0.7119,1.3306
2016-10-11,1.10619,1.22175,0.75449,0.70671,1.3235
2016-10-12,1.10144,1.21951,0.75529,0.70482,1.3277
2016-10-13,1.10375,1.22011,0.7558,0.70811,1.3219
2016-10-14,1.09854,1.21892,0.76098,0.70872,1.3169
2016-10-17,1.09999,1.21862,0.7626,0.71342,1.3135
2016-10-18,1.09975,1.23107,0.76787,0.72181,1.3105
2016-10-19,1.09661,1.2279,0.77149,0.72228,1.3105
2016-10-20,1.09337,1.22564,0.764,0.72031,1.3197
2016-10-21,1.0866,1.221,0.75971,0.71541,1.3324
2016-10-24,1.08885,1.22041,0.76028,0.71332,1.3387
2016-10-25,1.08897,1.2164,0.76523,0.71679,1.3333
2016-10-26,1.09158,1.22339,0.7657,0.71561,1.3361
2016-10-27,1.09039,1.21729,0.76057,0.7123,1.3385
2016-10-28,1.09337,1.21551,0.75781,0.71439,1.3383
2016-10-31,1.09625,1.22115,0.76109,0.71561,1.3403
2016-11-01,1.10424,1.22175,0.76587,0.71762,1.3377
2016-11-02,1.11185,1.23153,0.76669,0.72961,1.3387
2016-11-03,1.10939,1.24533,0.76811,0.73223,1.3384
2016-11-04,1.1121,1.25455,0.76687,0.7311,1.3413
2016-11-07,1.10375,1.24023,0.77,0.73239,1.338
2016-11-08,1.10339,1.23716,0.77328,0.73551,1.3335
2016-11-09,1.09517,1.24735,0.7674,0.73019,1.3406
2016-11-10,1.08826,1.25235,0.75901,0.7202,1.3474
2016-11-14,1.07227,1.24688,0.75318,0.70852,1.3581
2016-11-15,1.07262,1.24224,0.75398,0.70952,1.3468
2016-11-16,1.06986,1.24502,0.74918,0.70791,1.3415
2016-11-17,1.06564,1.24502,0.74549,0.70582,1.3429
2016-11-18,1.06,1.23274,0.73448,0.70279,1.3518
2016-11-21,1.05966,1.24735,0.73573,0.70572,1.3432
2016-11-22,1.0618,1.24239,0.73883,0.70482,1.3444
2016-11-23,1.05597,1.2458,0.7391,0.70102,1.3467
2016-11-25,1.05955,1.24626,0.7425,0.70452,1.3512
2016-11-28,1.05764,1.24116,0.74778,0.70631,1.3401
2016-11-29,1.06259,1.25047,0.74688,0.7119,1.3435
2016-11-30,1.05775,1.24813,0.73872,0.70811,1.3425
2016-12-01,1.06338,1.2596,0.74113,0.70721,1.333
2016-12-02,1.06655,1.26855,0.74449,0.71388,1.3298
2016-12-05,1.07227,1.27081,0.74761,0.71342,1.3271
2016-12-06,1.0717,1.27065,0.74538,0.71129,1.3279
2016-12-07,1.07585,1.2604,0.74789,0.71602,1.3251
2016-12-08,1.06247,1.25739,0.74482,0.71679,1.322
2016-12-09,1.05407,1.25897,0.74421,0.71388,1.3162
2016-12-12,1.06056,1.26775,0.74862,0.71891,1.3137
2016-12-13,1.06349,1.26855,0.7494,0.72041,1.3119
2016-12-14,1.06564,1.27065,0.7512,0.7228,1.3123
2016-12-15,1.03745,1.23885,0.73432,0.70151,1.3397
2016-12-16,1.04559,1.24782,0.72982,0.69808,1.3339
2016-12-19,1.04439,1.24193,0.72637,0.69488,1.3395
2016-12-20,1.03896,1.23579,0.72522,0.69209,1.3376
2016-12-21,1.04254,1.23487,0.72438,0.69018,1.3401
2016-12-22,1.04515,1.23016,0.7216,0.69089,1.347
2016-12-23,1.04493,1.22519,0.71741,0.687,1.3533
2016-12-27,1.04581,1.22609,0.71891,0.68899,1.3553
2016-12-28,1.03885,1.2222,0.71849,0.69099,1.3555
2016-12-29,1.04855,1.22369,0.72202,0.6958,1.3488
2016-12-30,1.05519,1.23365,0.72301,0.6958,1.3426
2017-01-03,1.04156,1.22564,0.72312,0.69271,1.3437
2017-01-04,1.04756,1.22986,0.72701,0.69488,1.3293
2017-01-05,1.05977,1.24146,0.73341,0.7022,1.3216
2017-01-06,1.05597,1.23138,0.73051,0.6973,1.3216
2017-01-09,1.05764,1.21669,0.73638,0.70269,1.322
2017-01-10,1.05719,1.21655,0.73697,0.69862,1.3208
2017-01-11,1.05009,1.21183,0.73997,0.70082,1.3219
2017-01-12,1.06655,1.22115,0.75081,0.71378,1.313
2017-01-13,1.06247,1.21981,0.74811,0.71048,1.3134
2017-01-17,1.06952,1.23885,0.75398,0.71829,1.306
2017-01-18,1.06815,1.23092,0.75529,0.71782,1.3175
2017-01-19,1.06304,1.23183,0.75449,0.7171,1.3327
2017-01-23,1.074,1.24844,0.75637,0.7215,1.3283
2017-01-24,1.07492,1.25313,0.75838,0.72611,1.3152
2017-01-25,1.07434,1.26199,0.75649,0.7268,1.3074
2017-01-26,1.06701,1.25786,0.75313,0.72322,1.3104
2017-01-27,1.06895,1.25313,0.75489,0.72569,1.3108
2017-01-30,1.06815,1.24782,0.75557,0.72812,1.3092
2017-01-31,1.07945,1.25849,0.75821,0.73292,1.303
2017-02-01,1.07585,1.26422,0.75637,0.72511,1.3088
2017-02-02,1.08015,1.25408,0.76728,0.73062,1.3018
2017-02-03,1.07921,1.25047,0.76858,0.73223,1.3003
2017-02-06,1.07308,1.24502,0.76412,0.73041,1.3116
2017-02-07,1.06895,1.2486,0.76359,0.73158,1.3166
2017-02-08,1.07078,1.25423,0.76482,0.73223,1.3156
2017-02-09,1.06576,1.25156,0.76231,0.71818,1.3139
2017-02-10,1.06496,1.25016,0.76858,0.72072,1.3073
2017-02-13,1.06033,1.25094,0.76441,0.71751,1.3072
2017-02-14,1.05775,1.24657,0.76383,0.71541,1.3092
2017-02-15,1.05966,1.24657,0.76982,0.7202,1.3082
2017-02-16,1.06598,1.24766,0.76941,0.7227,1.3056
2017-02-17,1.06135,1.24285,0.7657,0.71818,1.3114
2017-02-21,1.05507,1.24657,0.76722,0.71561,1.3149
2017-02-22,1.05552,1.24564,0.76829,0.71608,1.3188
2017-02-23,1.05865,1.25486,0.7716,0.72348,1.3109
2017-02-24,1.05798,1.24984,0.76811,0.7201,1.3106
2017-02-27,1.06236,1.24735,0.76929,0.72239,1.31
2017-02-28,1.0618,1.2427,0.76858,0.72291,1.3247
2017-03-01,1.05641,1.23183,0.7664,0.71311,1.3345
2017-03-02,1.05141,1.22669,0.75781,0.70711,1.3384
2017-03-03,1.05519,1.22489,0.75592,0.70121,1.3419
2017-03-06,1.05865,1.22429,0.75832,0.69989,1.341
2017-03-07,1.0582,1.22085,0.76028,0.69832,1.3413
2017-03-08,1.05474,1.21521,0.75438,0.69262,1.3479
2017-03-09,1.05865,1.21655,0.75171,0.6907,1.3504
2017-03-10,1.06667,1.21581,0.75313,0.6919,1.3468
2017-03-13,1.06701,1.22339,0.75809,0.69271,1.3453
2017-03-14,1.06451,1.21684,0.75752,0.69329,1.3462
2017-03-15,1.06304,1.2222,0.7593,0.6956,1.3451
2017-03-16,1.07377,1.23701,0.76728,0.69789,1.3316
2017-03-17,1.07423,1.23716,0.76899,0.70082,1.3366
2017-03-20,1.07538,1.23655,0.77328,0.70502,1.3357
2017-03-21,1.08096,1.24797,0.77172,0.70631,1.3321
2017-03-22,1.08003,1.24766,0.7674,0.70562,1.3347
2017-03-23,1.07875,1.25266,0.76441,0.70432,1.3332
2017-03-24,1.08061,1.24906,0.7619,0.70299,1.3373
2017-03-27,1.08826,1.25834,0.76231,0.70552,1.3367
2017-03-28,1.08519,1.25031,0.76511,0.70368,1.3363
2017-03-29,1.07562,1.24116,0.76599,0.70249,1.3372
2017-03-30,1.07262,1.24891,0.76658,0.7023,1.3278
2017-03-31,1.06975,1.25376,0.76383,0.70008,1.3321
2017-04-03,1.06553,1.24797,0.76011,0.69969,1.3388
2017-04-04,1.06644,1.24363,0.75672,0.69769,1.3413
2017-04-05,1.0661,1.24875,0.75752,0.69551,1.341
2017-04-06,1.06508,1.2486,0.75489,0.6973,1.3409
2017-04-07,1.06157,1.23977,0.7516,0.6957,1.3396
2017-04-10,1.06056,1.24177,0.75002,0.69648,1.3347
2017-04-11,1.06135,1.24844,0.74968,0.6956,1.3333
2017-04-12,1.06112,1.25,0.7485,0.69252,1.3302
2017-04-13,1.06304,1.25219,0.7585,0.70111,1.3266
2017-04-14,1.06247,1.25313,0.75752,0.70092,1.3316
2017-04-17,1.06598,1.25865,0.7604,0.70279,1.3277
2017-04-18,1.07055,1.27698,0.75529,0.70338,1.3381
2017-04-19,1.07066,1.27894,0.75002,0.70018,1.3467
2017-04-20,1.07585,1.28304,0.75398,0.70171,1.3479
2017-04-21,1.0694,1.27828,0.75392,0.702,1.3502
2017-04-24,1.0846,1.27828,0.7558,0.7019,1.3517
2017-04-25,1.09409,1.28353,0.75381,0.69488,1.3614
2017-04-26,1.08719,1.28386,0.74621,0.68799,1.3591
2017-04-27,1.08637,1.28883,0.74521,0.6854,1.3664
2017-04-28,1.08944,1.29383,0.7475,0.68601,1.3669
2017-05-01,1.09123,1.29166,0.75341,0.69142,1.3653
2017-05-02,1.09099,1.29216,0.75228,0.69228,1.3742
2017-05-03,1.09194,1.29166,0.7451,0.69118,1.3705
2017-05-04,1.09673,1.29099,0.7403,0.6854,1.3745
2017-05-05,1.09963,1.295,0.7414,0.69152,1.3699
2017-05-08,1.09278,1.29416,0.73861,0.69099,1.3712
2017-05-09,1.08755,1.29383,0.73519,0.68989,1.3715
2017-05-10,1.08731,1.29383,0.73828,0.69459,1.3652
2017-05-11,1.08696,1.28849,0.73741,0.68488,1.3693
2017-05-12,1.09266,1.288,0.7397,0.68601,1.3717
2017-05-15,1.09794,1.29166,0.7425,0.68861,1.3648
2017-05-16,1.10717,1.29116,0.74289,0.68809,1.359
2017-05-17,1.11346,1.29433,0.74261,0.69262,1.3594
2017-05-18,1.11297,1.3009,0.74322,0.69161,1.3604
2017-05-19,1.11894,1.30174,0.74488,0.69132,1.3537
2017-05-22,1.1236,1.30056,0.74761,0.69901,1.3503
2017-05-23,1.11982,1.29836,0.7485,0.70141,1.3492
2017-05-24,1.11744,1.29349,0.74632,0.70121,1.3454
2017-05-25,1.12183,1.29534,0.7466,0.70432,1.3457
2017-05-26,1.11694,1.27943,0.74399,0.70552,1.3454
2017-05-30,1.11832,1.28584,0.74649,0.70952,1.3462
2017-05-31,1.1236,1.29049,0.74372,0.70998,1.3498
2017-06-01,1.12145,1.28932,0.73872,0.70641,1.3484
2017-06-02,1.12701,1.28849,0.7441,0.71408,1.35
2017-06-05,1.12499,1.29166,0.74789,0.71408,1.3484
2017-06-06,1.12663,1.29016,0.75143,0.7201,1.3451
2017-06-07,1.1236,1.29416,0.755,0.71958,1.3514
2017-06-08,1.1217,1.29383,0.75432,0.72192,1.3494
2017-06-09,1.11894,1.27372,0.75318,0.72072,1.3434
2017-06-12,1.12045,1.26582,0.75392,0.72062,1.3447
2017-06-13,1.11944,1.27389,0.75398,0.72213,1.3226
2017-06-14,1.12765,1.28074,0.7619,0.7303,1.3201
2017-06-15,1.1152,1.27681,0.75821,0.72088,1.3286
2017-06-16,1.11944,1.27779,0.7622,0.72522,1.3235
2017-06-19,1.11595,1.27437,0.76051,0.72438,1.3202
2017-06-20,1.11235,1.26279,0.75752,0.7239,1.3268
2017-06-21,1.11433,1.26662,0.75489,0.7214,1.3323
2017-06-22,1.11483,1.26582,0.7542,0.72648,1.3236
2017-06-23,1.11957,1.27275,0.75781,0.72939,1.3263
2017-06-26,1.11957,1.27324,0.75901,0.7303,1.3228
2017-06-27,1.12994,1.2791,0.75878,0.7278,1.3176
2017-06-28,1.13636,1.29366,0.76383,0.73078,1.3043
2017-06-29,1.14194,1.29836,0.76799,0.72902,1.301
2017-06-30,1.14116,1.29955,0.76758,0.73223,1.2982
2017-07-03,1.13675,1.29517,0.76523,0.72987,1.3
2017-07-05,1.13366,1.29333,0.75878,0.72733,1.2998
2017-07-06,1.1409,1.29668,0.75838,0.72659,1.2933
2017-07-07,1.1396,1.288,0.75988,0.72733,1.287
2017-07-10,1.1396,1.28833,0.75988,0.7269,1.2883
2017-07-11,1.14299,1.28518,0.76138,0.72088,1.2921
2017-07-12,1.14116,1.28883,0.76728,0.72611,1.2768
2017-07-13,1.13856,1.29216,0.7728,0.73148,1.2739
2017-07-14,1.14521,1.30787,0.78131,0.73308,1.2655
2017-07-17,1.14705,1.30582,0.78113,0.73223,1.2673
2017-07-18,1.15781,1.30259,0.79233,0.73681,1.2663
2017-07-19,1.15181,1.30361,0.7946,0.73573,1.2586
2017-07-20,1.16347,1.29752,0.7958,0.73943,1.2582
2017-07-21,1.1655,1.29685,0.79108,0.74372,1.2545
2017-07-24,1.16414,1.30276,0.79258,0.743,1.2519
2017-07-25,1.16564,1.30463,0.79491,0.74239,1.2512
2017-07-26,1.1632,1.3048,0.7922,0.74311,1.2506
2017-07-27,1.16564,1.30651,0.79618,0.74912,1.2529
2017-07-28,1.17536,1.31234,0.79911,0.75058,1.2436
2017-07-31,1.18259,1.31961,0.79879,0.7503,1.249
2017-08-01,1.17994,1.32066,0.79738,0.74738,1.254
2017-08-02,1.1861,1.32363,0.79828,0.74449,1.2544
2017-08-03,1.18793,1.31441,0.79447,0.74383,1.2563
2017-08-04,1.17536,1.30361,0.79239,0.7414,1.2639
2017-08-07,1.17883,1.30208,0.79051,0.73529,1.2684
2017-08-08,1.17233,1.29685,0.79051,0.73282,1.2658
2017-08-09,1.17481,1.29971,0.78722,0.73169,1.2711
2017-08-10,1.17509,1.29786,0.78883,0.72759,1.2705
2017-08-11,1.18106,1.29887,0.78802,0.73051,1.2689
2017-08-14,1.17855,1.29752,0.78641,0.72971,1.2698
2017-08-15,1.17357,1.28617,0.78223,0.72411,1.2745
2017-08-16,1.17028,1.28601,0.78821,0.72632,1.2708
2017-08-17,1.17357,1.28883,0.79183,0.73078,1.265
2017-08-18,1.17481,1.28469,0.79327,0.73292,1.2585
2017-08-21,1.18133,1.29032,0.79359,0.7326,1.2587
2017-08-22,1.17619,1.28337,0.79133,0.72918,1.2559
2017-08-23,1.18022,1.27877,0.78933,0.72082,1.2558
2017-08-24,1.18008,1.28025,0.79051,0.7215,1.2528
2017-08-25,1.18737,1.28733,0.7929,0.72322,1.2494
2017-08-28,1.19732,1.29266,0.79561,0.7249,1.2492
2017-08-29,1.2025,1.29366,0.79732,0.72711,1.2517
2017-08-30,1.19275,1.29333,0.79051,0.72098,1.2608
2017-08-31,1.18934,1.28883,0.79321,0.717,1.2515
2017-09-01,1.18779,1.29719,0.79802,0.71669,1.2372
2017-09-05,1.19104,1.30124,0.80103,0.72522,1.2355
2017-09-06,1.19432,1.30736,0.8016,0.72218,1.221
2017-09-07,1.20279,1.30941,0.80379,0.72359,1.2132
2017-09-08,1.20409,1.32118,0.8071,0.72791,1.2131
2017-09-11,1.19646,1.31735,0.80238,0.72501,1.2136
2017-09-12,1.19674,1.32802,0.80418,0.72971,1.2154
2017-09-13,1.18977,1.32188,0.79872,0.72338,1.2192
2017-09-14,1.18864,1.33976,0.79802,0.72088,1.2207
2017-09-15,1.19589,1.35777,0.8007,0.72892,1.2183
2017-09-18,1.19374,1.34844,0.79662,0.72611,1.2231
2017-09-19,1.19804,1.35172,0.80141,0.73228,1.2262
2017-09-20,1.19976,1.35648,0.80697,0.73883,1.2267
2017-09-21,1.1946,1.35759,0.79403,0.7318,1.2328
2017-09-22,1.19689,1.35318,0.79751,0.73432,1.2305
2017-09-25,1.18526,1.34571,0.79371,0.72669,1.2347
2017-09-26,1.17716,1.34228,0.78802,0.71901,1.2379
2017-09-27,1.17467,1.34012,0.7866,0.72181,1.2402
2017-09-28,1.17758,1.34354,0.78309,0.72129,1.2473
2017-09-29,1.18133,1.34012,0.78401,0.72249,1.2509
2017-10-02,1.17454,1.32679,0.78247,0.7201,1.2507
2017-10-03,1.17592,1.32503,0.78278,0.71551,1.2498
2017-10-04,1.17606,1.32679,0.78561,0.71592,1.2479
2017-10-05,1.17055,1.3132,0.77997,0.71179,1.2548
2017-10-06,1.17316,1.30634,0.77652,0.70922,1.2543
2017-10-10,1.18036,1.32153,0.77882,0.70771,1.2495
2017-10-11,1.18469,1.321,0.77809,0.70771,1.2511
2017-10-12,1.18399,1.31735,0.78272,0.71261,1.247
2017-10-13,1.18371,1.33032,0.78852,0.7186,1.2494
2017-10-16,1.18106,1.32855,0.78592,0.71808,1.2531
2017-10-17,1.17536,1.31822,0.78327,0.71669,1.2567
2017-10-18,1.17744,1.31822,0.78382,0.71378,1.2473
2017-10-19,1.18413,1.31804,0.78777,0.7024,1.2487
2017-10-20,1.17702,1.31787,0.78119,0.69589,1.2618
2017-10-23,1.17619,1.32013,0.7807,0.6975,1.2644
2017-10-24,1.17661,1.31234,0.77803,0.68961,1.266
2017-10-25,1.18022,1.32521,0.76941,0.6871,1.2799
2017-10-26,1.17,1.31804,0.76882,0.68601,1.2821
2017-10-27,1.15794,1.31079,0.76599,0.6871,1.2871
2017-10-30,1.16266,1.31944,0.76781,0.68691,1.2835
2017-10-31,1.16482,1.32802,0.76681,0.68498,1.2894
2017-11-01,1.16185,1.32573,0.76758,0.68961,1.289
2017-11-02,1.16713,1.30685,0.7722,0.69219,1.2808
2017-11-03,1.16158,1.30668,0.76499,0.69089,1.2769
2017-11-06,1.15996,1.31458,0.76728,0.69142,1.274
2017-11-07,1.15768,1.31527,0.76371,0.68999,1.2791
2017-11-08,1.15915,1.31079,0.7677,0.69209,1.2727
2017-11-09,1.16482,1.31337,0.76681,0.69522,1.2693
2017-11-13,1.16564,1.3101,0.7622,0.6898,1.2735
2017-11-14,1.17633,1.31285,0.76278,0.68828,1.2731
2017-11-15,1.17938,1.31648,0.75758,0.68729,1.2783
2017-11-16,1.17716,1.31978,0.75901,0.68611,1.2736
2017-11-17,1.17994,1.32223,0.75632,0.6812,1.2785
2017-11-20,1.17412,1.32415,0.75512,0.6812,1.2795
2017-11-21,1.17412,1.32328,0.75821,0.68362,1.2768
2017-11-22,1.17897,1.32908,0.75913,0.68611,1.2728
2017-11-24,1.1936,1.33351,0.7619,0.68852,1.2705
2017-11-27,1.19104,1.33333,0.76051,0.69089,1.2745
2017-11-28,1.18779,1.3231,0.76167,0.69319,1.2804
2017-11-29,1.18582,1.34354,0.75717,0.6898,1.285
2017-11-30,1.18977,1.35062,0.75717,0.68498,1.2884
2017-12-01,1.19104,1.35044,0.76243,0.68918,1.2705
2017-12-04,1.18483,1.34644,0.75982,0.6846,1.2696
2017-12-05,1.18203,1.34499,0.76057,0.6879,1.269
2017-12-06,1.17883,1.33815,0.75649,0.68799,1.2788
2017-12-07,1.17897,1.34318,0.75262,0.6846,1.2832
2017-12-08,1.17606,1.33672,0.75069,0.68451,1.2867
2017-12-11,1.18022,1.33636,0.75398,0.6919,1.2845
2017-12-12,1.17247,1.33227,0.755,0.69281,1.2884
2017-12-13,1.17619,1.33654,0.76051,0.69881,1.2872
2017-12-14,1.17786,1.34409,0.76722,0.69901,1.2849
2017-12-15,1.17786,1.33156,0.76458,0.70018,1.2846
2017-12-18,1.18036,1.33976,0.76752,0.70111,1.2856
2017-12-19,1.18217,1.33565,0.76523,0.69862,1.29
2017-12-20,1.18807,1.34084,0.76728,0.69842,1.2846
2017-12-21,1.18723,1.33726,0.7703,0.702,1.2717
2017-12-22,1.18385,1.33797,0.77131,0.70151,1.2748
2017-12-26,1.18666,1.3369,0.7728,0.70338,1.2685
2017-12-27,1.19019,1.3403,0.77718,0.70691,1.2645
2017-12-28,1.19517,1.34499,0.7793,0.70892,1.2586
2017-12-29,1.20221,1.35281,0.78149,0.70998,1.2517
2018-01-02,1.20496,1.35962,0.78241,0.71058,1.2507
2018-01-03,1.20294,1.35227,0.78401,0.71038,1.2534
2018-01-04,1.20642,1.35391,0.78561,0.71449,1.2522
2018-01-05,1.20395,1.35612,0.78592,0.717,1.2396
2018-01-08,1.19732,1.35667,0.78382,0.71818,1.2424
2018-01-09,1.19218,1.35172,0.78223,0.71798,1.2457
2018-01-10,1.19574,1.35135,0.78413,0.7188,1.2485
2018-01-11,1.20351,1.35428,0.78852,0.72438,1.2526
2018-01-12,1.213,1.36893,0.78858,0.7239,1.2517
2018-01-16,1.22444,1.37741,0.7958,0.72748,1.2422
2018-01-17,1.22294,1.38236,0.79821,0.72918,1.2443
2018-01-18,1.22384,1.38889,0.7993,0.7311,1.2442
2018-01-19,1.22384,1.38562,0.80013,0.72849,1.2456
2018-01-22,1.22294,1.39431,0.80038,0.7311,1.246
2018-01-23,1.22775,1.39684,0.7984,0.73448,1.2455
2018-01-24,1.239,1.41985,0.80658,0.74069,1.2357
2018-01-25,1.24875,1.42633,0.80893,0.73708,1.2315
2018-01-26,1.24224,1.41784,0.8105,0.73481,1.232
2018-01-29,1.23518,1.4043,0.80893,0.73078,1.2339
2018-01-30,1.239,1.41243,0.80762,0.73341,1.234
2018-01-31,1.24285,1.41904,0.80691,0.73719,1.2293
2018-02-01,1.24813,1.4247,0.80283,0.73981,1.228
2018-02-02,1.24456,1.41263,0.7929,0.73041,1.2393
2018-02-05,1.24177,1.40213,0.79258,0.72918,1.2483
2018-02-06,1.23808,1.39509,0.78771,0.73062,1.2537
2018-02-07,1.22805,1.38812,0.78419,0.72812,1.2545
2018-02-08,1.22384,1.39159,0.77888,0.72062,1.2603
2018-02-09,1.22264,1.37931,0.78088,0.72522,1.2599
2018-02-12,1.22669,1.38198,0.78358,0.7239,1.2612
2018-02-13,1.23625,1.38927,0.78567,0.72849,1.26
2018-02-14,1.23962,1.39548,0.78728,0.73341,1.2564
2018-02-15,1.24813,1.40607,0.7912,0.73823,1.2517
2018-02-16,1.24425,1.40548,0.79252,0.73981,1.2532
2018-02-20,1.23487,1.40213,0.79033,0.73562,1.2624
2018-02-21,1.23138,1.39451,0.78327,0.73389,1.2678
2018-02-22,1.23259,1.39392,0.78499,0.73492,1.2705
2018-02-23,1.22986,1.39782,0.78272,0.72908,1.2659
2018-02-26,1.22956,1.39528,0.78431,0.73089,1.2691
2018-02-27,1.22384,1.39063,0.7804,0.72432,1.2748
2018-02-28,1.22115,1.37931,0.78009,0.7227,1.2806
2018-03-01,1.2216,1.37552,0.77622,0.72501,1.284
2018-03-02,1.23138,1.37684,0.77537,0.72338,1.2882
2018-03-05,1.23305,1.38562,0.77592,0.72322,1.2982
2018-03-06,1.24146,1.3887,0.78223,0.73041,1.2892
2018-03-07,1.23977,1.38889,0.77961,0.72648,1.2993
2018-03-08,1.23138,1.38236,0.77869,0.72601,1.2936
2018-03-09,1.23259,1.38639,0.78493,0.7295,1.2822
2018-03-12,1.23183,1.38985,0.78641,0.72929,1.2835
2018-03-13,1.23977,1.3988,0.78808,0.73438,1.2925
2018-03-14,1.23625,1.39451,0.78771,0.73292,1.2946
2018-03-15,1.23213,1.39509,0.78162,0.72892,1.3053
2018-03-16,1.22805,1.39198,0.77328,0.72171,1.3096
2018-03-19,1.23289,1.40311,0.77048,0.7228,1.3089
2018-03-20,1.22714,1.40135,0.76911,0.71948,1.3083
2018-03-21,1.22684,1.40647,0.77077,0.71798,1.2957
2018-03-22,1.23107,1.40984,0.76959,0.72202,1.293
2018-03-23,1.23594,1.41503,0.77208,0.72543,1.287
2018-03-26,1.24394,1.42369,0.77268,0.7295,1.2866
2018-03-27,1.241,1.41603,0.77172,0.72881,1.2841
2018-03-28,1.23503,1.41103,0.76811,0.72432,1.2886
2018-03-29,1.22971,1.40292,0.76722,0.72202,1.2901
2018-03-30,1.23198,1.40272,0.76899,0.7239,1.2891
2018-04-02,1.2288,1.40311,0.76581,0.72181,1.2918
2018-04-03,1.22609,1.40687,0.7674,0.72601,1.28
2018-04-04,1.22926,1.40766,0.77012,0.72971,1.2801
2018-04-05,1.22294,1.39919,0.76882,0.72722,1.2777
2018-04-06,1.22745,1.40885,0.7684,0.72733,1.2763
2018-04-09,1.23198,1.41363,0.77077,0.73201,1.27
2018-04-10,1.23381,1.41603,0.77622,0.73638,1.2609
2018-04-11,1.23839,1.41945,0.77652,0.73692,1.2581
2018-04-12,1.23198,1.4245,0.77567,0.73752,1.2583
2018-04-13,1.23213,1.42552,0.77682,0.73508,1.2604
2018-04-16,1.23732,1.43328,0.77773,0.73611,1.258
2018-04-17,1.23457,1.43,0.77682,0.73389,1.2548
2018-04-18,1.23793,1.42268,0.77839,0.73282,1.2636
2018-04-19,1.23365,1.41924,0.77507,0.72801,1.2638
2018-04-20,1.2282,1.40331,0.76711,0.72108,1.274
2018-04-23,1.2216,1.39528,0.76138,0.71551,1.2845
2018-04-24,1.22264,1.39743,0.75982,0.71119,1.2823
2018-04-25,1.21773,1.39412,0.75592,0.70631,1.2871
2018-04-26,1.21124,1.39276,0.75597,0.70661,1.2867
2018-04-27,1.2108,1.37855,0.7566,0.70701,1.2862
2018-04-30,1.20744,1.37514,0.75432,0.70432,1.2818
2018-05-01,1.20005,1.3611,0.74878,0.70072,1.2873
2018-05-02,1.19674,1.36091,0.75008,0.70038,1.2848
2018-05-03,1.19703,1.35685,0.75131,0.70279,1.2878
2018-05-04,1.1946,1.35355,0.75341,0.70171,1.2848
2018-05-07,1.19275,1.35667,0.75262,0.70269,1.285
2018-05-08,1.18624,1.35208,0.74449,0.69638,1.2967
2018-05-09,1.18526,1.35667,0.7456,0.69862,1.2852
2018-05-10,1.18963,1.34862,0.75148,0.69459,1.2787
2018-05-11,1.19503,1.35483,0.75438,0.69701,1.2781
2018-05-14,1.1976,1.35943,0.7554,0.69358,1.2761
2018-05-15,1.18638,1.35117,0.74772,0.68771,1.2868
2018-05-16,1.17883,1.34789,0.75041,0.68951,1.2828
2018-05-17,1.1798,1.35062,0.75081,0.68771,1.2815
2018-05-18,1.17744,1.34753,0.75109,0.69118,1.2892
2018-05-21,1.17675,1.34174,0.75649,0.693,1.2835
2018-05-22,1.17827,1.34445,0.75947,0.69411,1.2775
2018-05-23,1.16932,1.33404,0.75341,0.68951,1.2882
2018-05-24,1.17288,1.33833,0.75672,0.6918,1.2907
2018-05-25,1.16659,1.33209,0.7558,0.69219,1.2972
2018-05-29,1.15513,1.32573,0.75143,0.69152,1.3027
2018-05-30,1.16645,1.32961,0.7574,0.6994,1.2842
2018-05-31,1.167,1.3289,0.757,0.70038,1.297
2018-06-01,1.16795,1.33583,0.7566,0.69871,1.2948
2018-06-04,1.16959,1.33138,0.76482,0.70319,1.2922
2018-06-05,1.16713,1.33601,0.76057,0.70151,1.3008
2018-06-06,1.17786,1.34282,0.7677,0.70462,1.2907
2018-06-07,1.18147,1.34264,0.76301,0.70328,1.2988
2018-06-08,1.1773,1.34066,0.76011,0.70358,1.2956
2018-06-11,1.18022,1.33869,0.76161,0.70398,1.298
2018-06-12,1.17925,1.34156,0.76069,0.70319,1.2987
2018-06-13,1.17841,1.33779,0.7604,0.70472,1.2963
2018-06-14,1.16347,1.33333,0.75143,0.69969,1.307
2018-06-15,1.16158,1.32837,0.74549,0.6943,1.3167
2018-06-18,1.16063,1.32468,0.74189,0.6931,1.3229
2018-06-19,1.15768,1.31718,0.73861,0.6907,1.3263
2018-06-20,1.15915,1.32135,0.73872,0.68799,1.3291
2018-06-21,1.15996,1.32503,0.73741,0.68729,1.3319
2018-06-22,1.16306,1.32573,0.74239,0.68951,1.3318
2018-06-25,1.16945,1.32732,0.74058,0.68942,1.3313
2018-06-26,1.16754,1.32433,0.74019,0.68648,1.3293
2018-06-27,1.15875,1.31389,0.7373,0.68018,1.33
2018-06-28,1.15821,1.30941,0.73551,0.6759,1.3253
2018-06-29,1.16768,1.31978,0.73992,0.67728,1.314
2018-07-02,1.16036,1.31337,0.73223,0.6702,1.3213
2018-07-03,1.16537,1.31735,0.7385,0.67508,1.315
2018-07-05,1.16973,1.32275,0.73883,0.67898,1.3121
2018-07-06,1.17385,1.32626,0.74212,0.68292,1.309
2018-07-09,1.1744,1.32013,0.7466,0.68381,1.3111
2018-07-10,1.17275,1.32661,0.74638,0.68362,1.312
2018-07-11,1.1722,1.32415,0.73997,0.67861,1.3127
2018-07-12,1.16918,1.3238,0.74178,0.67829,1.3158
2018-07-13,1.16673,1.32153,0.74102,0.676,1.3168
2018-07-16,1.17096,1.32363,0.74162,0.67709,1.3131
2018-07-17,1.16645,1.31614,0.73921,0.67898,1.3198
2018-07-18,1.16455,1.30497,0.73921,0.67898,1.3203
2018-07-19,1.16036,1.2987,0.73319,0.67182,1.3271
2018-07-20,1.17082,1.31148,0.74102,0.68018,1.3155
2018-07-23,1.17014,1.31044,0.73828,0.67861,1.315
2018-07-24,1.16836,1.31354,0.74162,0.68009,1.3165
2018-07-25,1.16768,1.31492,0.74118,0.6806,1.3104
2018-07-26,1.16537,1.31182,0.73839,0.67912,1.308
2018-07-27,1.16604,1.31182,0.74102,0.6799,1.3057
2018-07-30,1.17178,1.31406,0.7408,0.68292,1.3013
2018-07-31,1.17055,1.31251,0.74383,0.6812,1.3017
2018-08-01,1.16659,1.31199,0.74019,0.67949,1.3006
2018-08-02,1.16117,1.30344,0.7379,0.67558,1.3004
2018-08-03,1.15969,1.30208,0.74058,0.67572,1.2975
2018-08-06,1.15634,1.29467,0.73932,0.67358,1.2997
2018-08-07,1.15969,1.29567,0.74278,0.67408,1.3017
2018-08-08,1.15982,1.288,0.742,0.67422,1.3061
2018-08-09,1.1566,1.287,0.73943,0.66238,1.3046
2018-08-10,1.13986,1.27698,0.72982,0.6602,1.3126
2018-08-13,1.1396,1.27567,0.72701,0.65841,1.3138
2018-08-14,1.13507,1.27372,0.72401,0.65872,1.3107
2018-08-15,1.13314,1.26855,0.72327,0.65578,1.3155
2018-08-16,1.13882,1.27226,0.72759,0.65972,1.3144
2018-08-17,1.14103,1.27356,0.72823,0.66081,1.308
2018-08-20,1.14377,1.27649,0.73078,0.6619,1.3085
2018-08-21,1.1534,1.28601,0.73519,0.66751,1.3048
2018-08-22,1.15955,1.29099,0.73519,0.66988,1.3014
2018-08-23,1.15674,1.28304,0.72637,0.6652,1.3057
2018-08-24,1.16252,1.28584,0.73319,0.66921,1.3022
2018-08-27,1.16754,1.28916,0.73459,0.66939,1.2966
2018-08-28,1.17206,1.28866,0.73519,0.67191,1.2925
2018-08-29,1.16986,1.30056,0.72918,0.67011,1.2941
2018-08-30,1.16455,1.29971,0.72622,0.66401,1.2991
2018-08-31,1.15955,1.29634,0.71922,0.66142,1.3072
2018-09-04,1.1566,1.28337,0.71741,0.65479,1.3182
2018-09-05,1.16198,1.29032,0.71891,0.65811,1.3191
2018-09-06,1.16239,1.29333,0.71979,0.65959,1.3212
2018-09-07,1.15714,1.29333,0.71352,0.65488,1.317
2018-09-10,1.16036,1.30259,0.71179,0.65368,1.3159
2018-09-11,1.15915,1.30157,0.71068,0.65121,1.3131
2018-09-12,1.16266,1.30293,0.71608,0.65539,1.3005
2018-09-13,1.16713,1.31044,0.71922,0.6563,1.3005
2018-09-14,1.16564,1.30839,0.71782,0.6563,1.3029
2018-09-17,1.16863,1.31458,0.7186,0.6585,1.3017
2018-09-18,1.16932,1.31579,0.72202,0.65898,1.2977
2018-09-19,1.1685,1.31614,0.72733,0.66199,1.2939
2018-09-20,1.1744,1.32363,0.72759,0.66738,1.2918
2018-09-21,1.17385,1.30668,0.7278,0.66791,1.2912
2018-09-24,1.1773,1.31285,0.72632,0.6652,1.2934
2018-09-25,1.17702,1.31614,0.72511,0.66511,1.2944
2018-09-26,1.17578,1.31822,0.72601,0.66569,1.2963
2018-09-27,1.167,1.31044,0.72181,0.66238,1.3036
2018-09-28,1.16225,1.30531,0.7238,0.66348,1.2922
2018-10-01,1.15674,1.30327,0.72228,0.66129,1.2799
2018-10-02,1.15594,1.29836,0.71989,0.66059,1.2815
2018-10-03,1.15247,1.29938,0.71378,0.65411,1.2826
2018-10-04,1.15075,1.30141,0.70781,0.64889,1.2903
2018-10-05,1.15022,1.3101,0.70482,0.64392,1.2948
2018-10-09,1.14824,1.31389,0.70922,0.64599,1.2959
2018-10-10,1.15407,1.32066,0.70998,0.64771,1.2985
2018-10-11,1.15647,1.31926,0.71119,0.65172,1.3037
2018-10-12,1.15594,1.31544,0.71159,0.65108,1.3023
2018-10-15,1.15942,1.31683,0.71418,0.65518,1.2966
2018-10-16,1.15929,1.321,0.71398,0.65928,1.2935
2018-10-17,1.15393,1.31372,0.71301,0.65768,1.2985
2018-10-18,1.14943,1.30617,0.71179,0.65578,1.3059
2018-10-19,1.15128,1.30446,0.71322,0.6595,1.3101
2018-10-22,1.14666,1.29735,0.70862,0.65501,1.3104
2018-10-23,1.14797,1.2982,0.70741,0.65531,1.3101
2018-10-24,1.13895,1.28982,0.70721,0.65249,1.2994
2018-10-25,1.1374,1.28271,0.70842,0.65232,1.3066
2018-10-26,1.13882,1.28254,0.70882,0.65202,1.31
2018-10-29,1.13895,1.28074,0.70741,0.65308,1.3129
2018-10-30,1.13636,1.27307,0.71119,0.65621,1.3133
2018-10-31,1.13314,1.27796,0.70902,0.653,1.3129
2018-11-01,1.1396,1.29735,0.71891,0.66419,1.3108
2018-11-02,1.13779,1.29651,0.71989,0.66551,1.3108
2018-11-05,1.13934,1.30208,0.71979,0.666,1.3098
2018-11-06,1.14116,1.30753,0.72213,0.6672,1.3132
2018-11-07,1.14587,1.31441,0.72823,0.67898,1.3108
2018-11-08,1.14155,1.31165,0.7286,0.67801,1.3115
2018-11-09,1.1325,1.29786,0.7226,0.67349,1.323
2018-11-13,1.1288,1.3031,0.72202,0.67659,1.3223
2018-11-14,1.13122,1.30107,0.72192,0.67939,1.3237
2018-11-15,1.13237,1.27486,0.7269,0.68231,1.3193
2018-11-16,1.14025,1.28386,0.73121,0.68611,1.3174
2018-11-19,1.14482,1.28419,0.72908,0.68348,1.3187
2018-11-20,1.13908,1.2809,0.72459,0.68208,1.3245
2018-11-21,1.13934,1.27763,0.72669,0.6839,1.3274
2018-11-23,1.13314,1.28041,0.72249,0.67741,1.3226
2018-11-26,1.13366,1.2809,0.72301,0.67852,1.3237
2018-11-27,1.12816,1.27291,0.72062,0.67769,1.3313
2018-11-28,1.12854,1.27665,0.72327,0.67972,1.3328
2018-11-29,1.13817,1.27894,0.73142,0.68568,1.3278
2018-11-30,1.13225,1.27714,0.7311,0.68799,1.3282
2018-12-03,1.13559,1.27421,0.736,0.69329,1.319
2018-12-04,1.13456,1.27194,0.73529,0.69382,1.3202
2018-12-06,1.1374,1.27763,0.7216,0.68752,1.3417
2018-12-07,1.13895,1.27486,0.72098,0.68592,1.3302
2018-12-10,1.13675,1.25581,0.71901,0.68781,1.3385
2018-12-11,1.13135,1.25235,0.72041,0.68809,1.3408
2018-12-12,1.13623,1.26582,0.72228,0.68559,1.3336
2018-12-13,1.13585,1.26342,0.7228,0.68601,1.3349
2018-12-14,1.12994,1.25707,0.71762,0.6806,1.3387
2018-12-17,1.13392,1.26056,0.71818,0.68032,1.339
2018-12-18,1.13636,1.26438,0.71721,0.68512,1.3466
2018-12-19,1.1422,1.26695,0.71721,0.68521,1.3434
2018-12-20,1.14325,1.26502,0.71038,0.67668,1.3515
2018-12-21,1.14025,1.26807,0.70721,0.67259,1.357
2018-12-26,1.14077,1.26759,0.70701,0.67449,1.3576
2018-12-27,1.14116,1.26263,0.702,0.66979,1.365
2018-12-28,1.14456,1.26984,0.70442,0.67042,1.3629
2018-12-31,1.14561,1.27632,0.70462,0.6711,1.3644
2019-01-02,1.13572,1.25976,0.69999,0.6668,1.3591
2019-01-03,1.13986,1.26326,0.70141,0.66872,1.3484
2019-01-04,1.14103,1.27405,0.71078,0.67431,1.3399
2019-01-07,1.14679,1.27567,0.71429,0.67618,1.3297
2019-01-08,1.14443,1.27243,0.71342,0.67231,1.3307
2019-01-09,1.15234,1.27632,0.71721,0.67939,1.3212
2019-01-10,1.15168,1.27681,0.71901,0.67898,1.3232
2019-01-11,1.14784,1.28353,0.72041,0.68259,1.3256
2019-01-15,1.13921,1.27616,0.71922,0.6812,1.3272
2019-01-16,1.14077,1.28617,0.71839,0.6787,1.3243
2019-01-17,1.13856,1.294,0.7171,0.67472,1.3296
2019-01-18,1.13623,1.28982,0.71721,0.67508,1.3262
2019-01-22,1.13585,1.2955,0.71332,0.6729,1.3333
2019-01-23,1.13895,1.30736,0.71332,0.67889,1.3362
2019-01-24,1.13225,1.30276,0.70962,0.67682,1.3342
2019-01-25,1.14064,1.31752,0.71721,0.6839,1.3259
2019-01-28,1.14377,1.31579,0.71659,0.68339,1.3269
2019-01-29,1.14233,1.31458,0.7149,0.68301,1.3264
2019-01-30,1.14181,1.30617,0.71958,0.68371,1.3189
2019-01-31,1.14534,1.31354,0.72823,0.69228,1.314
2019-02-01,1.14745,1.30941,0.72601,0.6907,1.3095
2019-02-04,1.14377,1.30685,0.72181,0.68818,1.3127
2019-02-05,1.14064,1.29467,0.72338,0.68908,1.3132
2019-02-06,1.13804,1.29567,0.71281,0.68432,1.3192
2019-02-07,1.13572,1.29668,0.70932,0.67572,1.3296
2019-02-08,1.13263,1.29333,0.70902,0.67549,1.3277
2019-02-11,1.12765,1.28617,0.70651,0.67322,1.3296
2019-02-12,1.13161,1.28866,0.70942,0.67399,1.3244
2019-02-13,1.1288,1.2865,0.71129,0.68171,1.3222
2019-02-14,1.12841,1.27926,0.70912,0.68292,1.3307
2019-02-15,1.12676,1.28568,0.7122,0.68559,1.3272
2019-02-19,1.13276,1.30361,0.71459,0.6854,1.3248
2019-02-21,1.13379,1.30599,0.70801,0.6805,1.3192
2019-02-22,1.13417,1.30668,0.71378,0.68409,1.3188
2019-02-25,1.13456,1.30582,0.7169,0.68852,1.3183
2019-02-26,1.1374,1.32521,0.71818,0.68908,1.3175
2019-02-27,1.13701,1.33174,0.71342,0.68409,1.3145
2019-02-28,1.13792,1.32732,0.70992,0.68078,1.3166
2019-03-01,1.13766,1.32223,0.70801,0.6806,1.3277
2019-03-04,1.13276,1.31857,0.70842,0.6806,1.3329
2019-03-05,1.12994,1.31406,0.70731,0.6787,1.3352
2019-03-06,1.13199,1.31475,0.7023,0.67751,1.3445
2019-03-07,1.12145,1.31062,0.70319,0.67709,1.342
2019-03-08,1.12435,1.30107,0.70482,0.68069,1.3426
2019-03-11,1.12259,1.30941,0.70562,0.68278,1.3418
2019-03-12,1.12765,1.3101,0.70822,0.68648,1.338
2019-03-13,1.13097,1.32293,0.70872,0.68578,1.3318
2019-03-14,1.13045,1.32802,0.70611,0.68222,1.3316
2019-03-15,1.13263,1.32784,0.70892,0.68498,1.3337
2019-03-18,1.13366,1.32223,0.70998,0.68559,1.3342
2019-03-19,1.13456,1.32626,0.71018,0.68658,1.3294
2019-03-20,1.1352,1.31909,0.70882,0.68479,1.3327
2019-03-21,1.13611,1.30736,0.71098,0.68752,1.3369
2019-03-22,1.12816,1.32188,0.70912,0.6888,1.3406
2019-03-25,1.13237,1.32031,0.71139,0.69161,1.3418
2019-03-26,1.12803,1.32153,0.71398,0.69118,1.3389
2019-03-27,1.12499,1.31926,0.70701,0.67912,1.3434
2019-03-28,1.1236,1.30873,0.70791,0.67939,1.3424
2019-03-29,1.12284,1.30327,0.71038,0.68199,1.336
2019-04-01,1.12095,1.31441,0.71169,0.68129,1.3344
2019-04-02,1.11857,1.30344,0.70582,0.67431,1.3357
2019-04-03,1.12423,1.31804,0.7124,0.6793,1.3315
2019-04-04,1.12158,1.30719,0.71119,0.67558,1.3357
2019-04-05,1.1217,1.30107,0.70992,0.67249,1.3387
2019-04-08,1.12625,1.3048,0.7124,0.67422,1.3316
2019-04-09,1.12778,1.3048,0.71291,0.67449,1.332
2019-04-10,1.12663,1.30993,0.71582,0.67558,1.3322
2019-04-11,1.12625,1.30685,0.71281,0.6729,1.3379
2019-04-12,1.13045,1.30856,0.71762,0.67691,1.3332
2019-04-15,1.13045,1.31044,0.71782,0.67641,1.3372
2019-04-16,1.12931,1.30497,0.71741,0.67609,1.335
2019-04-17,1.12969,1.30361,0.71679,0.6711,1.3345
2019-04-18,1.1241,1.30022,0.715,0.66791,1.3372
2019-04-19,1.12461,1.30022,0.715,0.66912,1.3386
2019-04-22,1.12575,1.29836,0.71342,0.66769,1.3352
2019-04-23,1.12133,1.29433,0.70962,0.66481,1.342
2019-04-24,1.11919,1.29467,0.70259,0.66059,1.3465
2019-04-25,1.11396,1.29016,0.70102,0.66159,1.3494
2019-04-26,1.11545,1.29299,0.70442,0.66698,1.3459
2019-04-29,1.11657,1.29232,0.70542,0.66649,1.3448
2019-04-30,1.12007,1.30293,0.70398,0.66698,1.3427
2019-05-01,1.12461,1.30907,0.70378,0.6652,1.3417
2019-05-02,1.11844,1.30327,0.70018,0.66181,1.3468
2019-05-03,1.11857,1.31389,0.7018,0.66419,1.3425
2019-05-06,1.1197,1.30924,0.6995,0.66059,1.3446
2019-05-07,1.11782,1.30514,0.70038,0.65928,1.3472
2019-05-08,1.12057,1.30141,0.70038,0.65872,1.3458
2019-05-09,1.12284,1.30124,0.69759,0.65841,1.349
2019-05-10,1.1241,1.30361,0.69979,0.65998,1.3428
2019-05-13,1.12322,1.29618,0.69478,0.6572,1.3467
2019-05-14,1.1207,1.29216,0.69459,0.65768,1.3466
2019-05-15,1.12082,1.28783,0.693,0.65621,1.3432
2019-05-16,1.11782,1.28025,0.69051,0.65501,1.3433
2019-05-17,1.11657,1.27226,0.68738,0.65219,1.3477
2019-05-20,1.11694,1.27178,0.69132,0.65368,1.3432
2019-05-21,1.11582,1.2747,0.68762,0.65062,1.3425
2019-05-22,1.11557,1.26743,0.68799,0.64969,1.3417
2019-05-23,1.11719,1.26662,0.68961,0.6521,1.3471
2019-05-24,1.1197,1.27,0.69142,0.65479,1.3454
2019-05-28,1.11769,1.26678,0.693,0.65488,1.3473
2019-05-29,1.11359,1.2631,0.69118,0.65108,1.3533
2019-05-30,1.11396,1.26183,0.69099,0.6507,1.3508
2019-05-31,1.11495,1.26199,0.693,0.65249,1.3523
2019-06-03,1.12057,1.26215,0.69551,0.65751,1.3471
2019-06-04,1.1236,1.26743,0.69871,0.65972,1.3417
2019-06-05,1.12423,1.27065,0.6974,0.66238,1.3409
2019-06-06,1.12943,1.27129,0.69842,0.66388,1.3374
2019-06-07,1.13237,1.27405,0.70018,0.6664,1.3287
2019-06-10,1.13109,1.26839,0.69638,0.66151,1.3259
2019-06-11,1.13161,1.27243,0.6956,0.65811,1.3291
2019-06-12,1.13097,1.26936,0.6942,0.65798,1.3298
2019-06-13,1.12752,1.26775,0.69099,0.65651,1.333
2019-06-14,1.1217,1.26008,0.68719,0.6502,1.3382
2019-06-17,1.12347,1.25676,0.68601,0.65041,1.3398
2019-06-18,1.11957,1.25471,0.68719,0.65278,1.3396
2019-06-19,1.12145,1.26247,0.687,0.65249,1.3362
2019-06-20,1.12841,1.27,0.69171,0.65841,1.3208
2019-06-21,1.13276,1.27033,0.69199,0.6572,1.3217
2019-06-24,1.13934,1.27275,0.69638,0.66199,1.3196
2019-06-25,1.13856,1.2721,0.6975,0.66551,1.3164
2019-06-26,1.13895,1.26968,0.69901,0.66921,1.3109
2019-06-27,1.13714,1.26743,0.69979,0.66988,1.3115
2019-06-28,1.1374,1.27033,0.70092,0.6711,1.3091
2019-07-01,1.13071,1.26438,0.69628,0.66751,1.3124
2019-07-02,1.13007,1.25992,0.6992,0.66738,1.3117
2019-07-03,1.12752,1.25676,0.70328,0.67092,1.307
2019-07-05,1.12158,1.25063,0.69682,0.66168,1.3108
2019-07-08,1.12082,1.25031,0.69682,0.66238,1.3088
2019-07-09,1.12095,1.24626,0.69271,0.66081,1.3123
2019-07-10,1.126,1.25063,0.69638,0.6652,1.3099
2019-07-11,1.12613,1.25486,0.69818,0.6672,1.3071
2019-07-12,1.12537,1.25534,0.70072,0.66809,1.3042
2019-07-15,1.126,1.25235,0.70358,0.67191,1.3036
2019-07-16,1.1212,1.24085,0.702,0.67042,1.3043
2019-07-17,1.12322,1.24378,0.7021,0.6744,1.3041
2019-07-18,1.12284,1.24938,0.70432,0.67558,1.309
2019-07-19,1.12196,1.25,0.70418,0.67709,1.3081
2019-07-22,1.12145,1.2475,0.70418,0.67751,1.3115
2019-07-23,1.11557,1.24486,0.69989,0.67078,1.3138
2019-07-24,1.11408,1.24984,0.69779,0.67119,1.3134
2019-07-25,1.11557,1.24704,0.69541,0.6668,1.3145
2019-07-26,1.1121,1.2387,0.6908,0.66322,1.3187
2019-07-29,1.11421,1.22354,0.6908,0.66322,1.3151
2019-07-30,1.11483,1.21477,0.68719,0.66089,1.3169
2019-07-31,1.11297,1.22205,0.6888,0.6598,1.3143
2019-08-01,1.10619,1.21448,0.68578,0.65638,1.3202
2019-08-02,1.11123,1.21315,0.6806,0.65471,1.3217
2019-08-05,1.1197,1.21655,0.67801,0.65389,1.3196
2019-08-06,1.11957,1.21492,0.677,0.65291,1.3252
2019-08-07,1.1236,1.21581,0.6754,0.64612,1.333
2019-08-08,1.12095,1.21374,0.6812,0.64821,1.3241
2019-08-09,1.12221,1.20846,0.67958,0.64792,1.3226
2019-08-12,1.1212,1.207,0.67558,0.6457,1.3232
2019-08-13,1.11819,1.20671,0.67981,0.6457,1.3221
2019-08-14,1.11445,1.20685,0.67422,0.64251,1.332
2019-08-15,1.11062,1.21124,0.67838,0.64462,1.3322
2019-08-16,1.10914,1.21521,0.6782,0.643,1.328
2019-08-19,1.10963,1.21374,0.67719,0.64201,1.3306
2019-08-20,1.10914,1.21536,0.67769,0.6416,1.3331
2019-08-21,1.10975,1.21418,0.67921,0.64098,1.3275
2019-08-22,1.10889,1.22504,0.67641,0.63792,1.3295
2019-08-23,1.11483,1.22609,0.6749,0.63951,1.3319
2019-08-26,1.11123,1.22324,0.6782,0.63959,1.3282
2019-08-27,1.10939,1.2288,0.67581,0.63662,1.3274
2019-08-28,1.1084,1.22474,0.67458,0.63371,1.3299
2019-08-29,1.10595,1.21966,0.6734,0.63179,1.3299
2019-08-30,1.0989,1.21655,0.67299,0.62988,1.329
2019-09-03,1.09685,1.20861,0.67581,0.63259,1.3332
2019-09-04,1.10254,1.21907,0.67958,0.6354,1.3248
2019-09-05,1.10375,1.23365,0.68199,0.63759,1.3238
2019-09-06,1.10424,1.22986,0.68559,0.64392,1.317
2019-09-09,1.10558,1.23686,0.68738,0.64342,1.314
2019-09-10,1.10424,1.23548,0.68681,0.64251,1.3141
2019-09-11,1.10011,1.23289,0.68578,0.64152,1.3199
2019-09-12,1.10742,1.23564,0.6871,0.64168,1.3209
2019-09-13,1.10742,1.24626,0.68861,0.63841,1.3268
2019-09-16,1.10059,1.24224,0.68648,0.6352,1.324
2019-09-17,1.10632,1.24938,0.68578,0.635,1.3249
2019-09-18,1.10607,1.24782,0.68442,0.63331,1.3283
2019-09-19,1.10461,1.24813,0.67949,0.63012,1.3258
2019-09-20,1.10035,1.24891,0.677,0.62578,1.3268
2019-09-23,1.09914,1.24285,0.67719,0.6285,1.3271
2019-09-24,1.09987,1.2475,0.6793,0.63151,1.3253
2019-09-25,1.09493,1.23625,0.67499,0.62751,1.3279
2019-09-26,1.09385,1.23426,0.6754,0.63032,1.3271
2019-09-27,1.09421,1.23122,0.67641,0.6296,1.325
2019-09-30,1.09051,1.23047,0.67458,0.62621,1.3243
2019-10-01,1.09325,1.22414,0.67029,0.62461,1.3235
2019-10-02,1.09505,1.23138,0.66979,0.62559,1.3313
2019-10-03,1.09914,1.239,0.67508,0.63139,1.3323
2019-10-04,1.09745,1.23092,0.67641,0.63139,1.3332
2019-10-07,1.09842,1.23213,0.67422,0.62921,1.3305
2019-10-08,1.09493,1.22055,0.67272,0.62941,1.3332
2019-10-09,1.09782,1.22145,0.67299,0.62988,1.3327
2019-10-10,1.10181,1.23824,0.677,0.63239,1.3274
2019-10-11,1.10387,1.26823,0.68041,0.63452,1.3181
2019-10-15,1.10363,1.27372,0.67572,0.62842,1.3199
2019-10-16,1.10754,1.28535,0.67549,0.62759,1.3191
2019-10-17,1.11284,1.28535,0.68259,0.6352,1.3136
2019-10-18,1.11545,1.29032,0.6846,0.63731,1.3134
2019-10-21,1.11445,1.29836,0.68672,0.63918,1.31
2019-10-22,1.11383,1.29483,0.68629,0.6409,1.3086
2019-10-23,1.11185,1.28866,0.6847,0.64181,1.3089
2019-10-24,1.10975,1.28107,0.68171,0.6378,1.3078
2019-10-25,1.10816,1.28337,0.68292,0.63629,1.3064
2019-10-28,1.10939,1.28601,0.6839,0.63452,1.3063
2019-10-29,1.11173,1.29049,0.6862,0.63581,1.3078
2019-10-30,1.11235,1.28717,0.68719,0.63678,1.3179
2019-10-31,1.11545,1.29383,0.6888,0.6414,1.3144
2019-11-01,1.11694,1.295,0.69142,0.6445,1.3145
2019-11-04,1.11445,1.29066,0.6898,0.6416,1.3145
2019-11-05,1.10705,1.287,0.68918,0.63771,1.3176
2019-11-06,1.10754,1.28717,0.68809,0.63698,1.3187
2019-11-07,1.10448,1.28287,0.68951,0.63508,1.3177
2019-11-08,1.10193,1.27894,0.6854,0.63331,1.3218
2019-11-12,1.10169,1.28551,0.6846,0.63359,1.3227
2019-11-13,1.10035,1.28403,0.68311,0.64008,1.3239
2019-11-14,1.10156,1.28783,0.67801,0.63739,1.3251
2019-11-15,1.10461,1.29016,0.68101,0.64029,1.3228
2019-11-18,1.10791,1.29651,0.68199,0.64082,1.321
2019-11-19,1.10754,1.29266,0.68259,0.64259,1.3233
2019-11-20,1.10632,1.29182,0.67972,0.64131,1.3317
2019-11-21,1.10668,1.29149,0.6793,0.64131,1.3277
2019-11-22,1.1029,1.28287,0.67838,0.64061,1.3293
2019-11-25,1.10096,1.28849,0.677,0.6402,1.3312
2019-11-26,1.1012,1.28502,0.6787,0.64201,1.3285
2019-11-27,1.10023,1.28816,0.67801,0.64288,1.3284
2019-11-29,1.10193,1.29383,0.67618,0.64189,1.3291
2019-12-02,1.10754,1.29366,0.6819,0.65062,1.3298
2019-12-03,1.10889,1.30022,0.68409,0.65159,1.3298
2019-12-04,1.10754,1.30941,0.68512,0.65291,1.3212
2019-12-05,1.11037,1.31648,0.68339,0.65449,1.3177
2019-12-06,1.10522,1.31268,0.68362,0.65651,1.3255
2019-12-09,1.10668,1.31562,0.6832,0.65548,1.3228
2019-12-10,1.10902,1.31787,0.68138,0.65411,1.3231
2019-12-11,1.10914,1.31752,0.68639,0.65699,1.3202
2019-12-12,1.11148,1.31337,0.68961,0.65841,1.3185
2019-12-13,1.11284,1.33494,0.6871,0.65911,1.3196
2019-12-16,1.11396,1.33298,0.68871,0.65972,1.3158
2019-12-17,1.11483,1.31165,0.6847,0.65681,1.3155
2019-12-18,1.11136,1.30787,0.6854,0.65781,1.3117
2019-12-19,1.11284,1.30344,0.68871,0.66072,1.3122
2019-12-20,1.10754,1.30361,0.69018,0.66072,1.317
2019-12-23,1.10914,1.29166,0.69171,0.66278,1.3167
2019-12-24,1.1084,1.2955,0.69228,0.6641,1.316
2019-12-26,1.11025,1.30073,0.69391,0.66658,1.3124
2019-12-27,1.11744,1.30907,0.69779,0.67029,1.3073
2019-12-30,1.1217,1.31406,0.70038,0.67358,1.3058
2019-12-31,1.12271,1.32696,0.70299,0.67449,1.2962
2020-01-02,1.11657,1.31285,0.69818,0.66921,1.2998
2020-01-03,1.11732,1.30907,0.69628,0.66729,1.2985
2020-01-06,1.11869,1.31631,0.69319,0.66671,1.2964
2020-01-07,1.11383,1.31268,0.68611,0.66278,1.3016
2020-01-08,1.11173,1.31096,0.687,0.66419,1.3026
2020-01-09,1.11062,1.30685,0.68559,0.66089,1.309
2020-01-10,1.11185,1.30599,0.69032,0.66388,1.3051
2020-01-13,1.11383,1.29836,0.69109,0.66348,1.3049
2020-01-14,1.11297,1.30174,0.69051,0.66129,1.3056
2020-01-15,1.11595,1.30293,0.69109,0.66181,1.304
2020-01-16,1.11309,1.30753,0.68951,0.66388,1.3042
2020-01-17,1.10926,1.30293,0.68771,0.66098,1.3074
2020-01-21,1.10963,1.30463,0.68531,0.66089,1.3068
2020-01-22,1.10852,1.31354,0.68362,0.6588,1.3135
2020-01-23,1.10412,1.31044,0.68339,0.65872,1.3144
2020-01-24,1.10266,1.30702,0.68241,0.6602,1.3146
2020-01-27,1.10193,1.30548,0.67572,0.65509,1.3176
2020-01-28,1.10084,1.29955,0.67531,0.65338,1.3174
2020-01-29,1.10035,1.30124,0.6744,0.65232,1.3201
2020-01-30,1.10314,1.31062,0.6715,0.64901,1.3216
2020-01-31,1.10816,1.31944,0.66988,0.64658,1.322
2020-02-03,1.10619,1.30056,0.66881,0.64629,1.3295
2020-02-04,1.10424,1.30293,0.67322,0.648,1.3266
2020-02-05,1.10059,1.30005,0.67481,0.64771,1.3294
2020-02-06,1.09794,1.29349,0.67381,0.6462,1.3292
2020-02-07,1.09505,1.29082,0.66791,0.64061,1.3304
2020-02-10,1.09158,1.29182,0.66738,0.63849,1.3323
2020-02-11,1.0917,1.2945,0.67119,0.6402,1.3299
2020-02-12,1.08932,1.29786,0.67458,0.64721,1.3243
2020-02-13,1.08483,1.30514,0.6729,0.64441,1.3255
2020-02-14,1.08389,1.30395,0.67191,0.64371,1.3251
2020-02-18,1.08155,1.30174,0.6693,0.63939,1.3256
2020-02-19,1.07945,1.29333,0.66729,0.638,1.3232
2020-02-20,1.07968,1.28766,0.66181,0.63391,1.3259
2020-02-21,1.08554,1.29668,0.66322,0.63508,1.3217
2020-02-24,1.08566,1.29232,0.6612,0.63472,1.3282
2020-02-25,1.08684,1.30039,0.65972,0.63259,1.3285
2020-02-26,1.08873,1.29216,0.65561,0.62988,1.3321
2020-02-27,1.09769,1.28766,0.6582,0.63191,1.3356
2020-02-28,1.10011,1.27779,0.64952,0.62321,1.3411
2020-03-02,1.11645,1.2791,0.6524,0.62531,1.3334
2020-03-03,1.11744,1.28271,0.66168,0.6306,1.3352
2020-03-04,1.11297,1.28353,0.66089,0.62779,1.3425
2020-03-05,1.1202,1.29383,0.65998,0.63032,1.3403
2020-03-06,1.13186,1.30107,0.66339,0.63561,1.342
2020-03-09,1.14194,1.30993,0.66538,0.6409,1.3527
2020-03-10,1.13417,1.29333,0.647,0.6261,1.3775
2020-03-11,1.12803,1.28866,0.65121,0.63091,1.3748
2020-03-12,1.10816,1.25408,0.62798,0.6095,1.3869
2020-03-13,1.10656,1.24054,0.6161,0.60522,1.3991
2020-03-16,1.11396,1.22775,0.6132,0.61188,1.3974
2020-03-17,1.09709,1.20163,0.59759,0.594,1.4188
2020-03-18,1.08331,1.17606,0.582,0.5778,1.4529
2020-03-19,1.06986,1.16618,0.58589,0.58241,1.4463
2020-03-20,1.06815,1.17426,0.58411,0.57389,1.4363
2020-03-23,1.07596,1.14916,0.57551,0.56689,1.4539
2020-03-24,1.07945,1.17841,0.5927,0.57941,1.448
2020-03-25,1.08354,1.17633,0.5957,0.58099,1.4333
2020-03-26,1.10254,1.21403,0.6054,0.5962,1.4045
2020-03-27,1.10595,1.23594,0.61259,0.60219,1.4075
2020-03-30,1.10181,1.23916,0.61451,0.59909,1.4169
2020-03-31,1.10156,1.24533,0.61391,0.59591,1.4123
2020-04-01,1.09337,1.23946,0.61069,0.59439,1.4222
2020-04-02,1.08625,1.23793,0.6047,0.59091,1.411
2020-04-03,1.07968,1.22279,0.6001,0.58558,1.4132
2020-04-06,1.08085,1.22986,0.60961,0.59499,1.4125
2020-04-07,1.08861,1.23426,0.6187,0.59841,1.3971
2020-04-08,1.08637,1.23946,0.62232,0.60168,1.4015
2020-04-09,1.09314,1.2458,0.63091,0.60661,1.398
2020-04-10,1.09505,1.24844,0.63488,0.6082,1.3967
2020-04-13,1.09063,1.25188,0.638,0.60849,1.3953
2020-04-14,1.09709,1.26167,0.64189,0.60801,1.3903
2020-04-15,1.09087,1.25235,0.63279,0.5997,1.4105
2020-04-16,1.08401,1.24332,0.63012,0.59471,1.4141
2020-04-17,1.08826,1.25031,0.63569,0.60339,1.4026
2020-04-20,1.08743,1.24673,0.63869,0.6075,1.4067
2020-04-21,1.08542,1.22654,0.6279,0.59542,1.4199
2020-04-22,1.08295,1.2332,0.63199,0.59488,1.4132
2020-04-23,1.08155,1.23686,0.63881,0.60259,1.4028
2020-04-24,1.0798,1.2335,0.63771,0.60031,1.4098
2020-04-27,1.08295,1.24208,0.64599,0.6054,1.4042
2020-04-28,1.08366,1.24378,0.6499,0.60632,1.3992
2020-04-29,1.0853,1.24285,0.65359,0.61039,1.3936
2020-04-30,1.09337,1.26024,0.65232,0.61501,1.3911
2020-05-01,1.09975,1.25094,0.64238,0.60529,1.4102
2020-05-04,1.09111,1.24301,0.64119,0.60281,1.4088
2020-05-05,1.08436,1.24486,0.64579,0.6065,1.4025
2020-05-06,1.08061,1.23472,0.6414,0.6019,1.4143
2020-05-07,1.08155,1.23487,0.64998,0.60861,1.3972
2020-05-08,1.08542,1.24363,0.65428,0.6147,1.391
2020-05-11,1.08178,1.23305,0.64721,0.6065,1.4024
2020-05-12,1.08637,1.22986,0.65091,0.6102,1.4009
2020-05-13,1.08366,1.22249,0.64629,0.60089,1.4089
2020-05-14,1.08003,1.21936,0.64222,0.59719,1.4086
2020-05-15,1.08155,1.21286,0.64098,0.59291,1.409
2020-05-18,1.09039,1.22115,0.6513,0.60379,1.3966
2020-05-19,1.09373,1.22549,0.65669,0.61039,1.3879
2020-05-20,1.09806,1.22564,0.66011,0.61459,1.3911
2020-05-21,1.09529,1.22264,0.65621,0.61128,1.3946
2020-05-22,1.08944,1.21773,0.65278,0.6092,1.4021
2020-05-26,1.09697,1.23365,0.66441,0.62019,1.3821
2020-05-27,1.09685,1.22309,0.65898,0.6166,1.3786
2020-05-28,1.10693,1.23244,0.6664,0.62232,1.3763
2020-05-29,1.11074,1.23198,0.66419,0.6187,1.3809
2020-06-01,1.11235,1.24719,0.67852,0.62861,1.3603
2020-06-02,1.11657,1.25313,0.68719,0.63452,1.3515
2020-06-03,1.12461,1.25992,0.69478,0.64358,1.3489
2020-06-04,1.13225,1.26088,0.6944,0.6452,1.3513
2020-06-05,1.12969,1.27033,0.69832,0.6513,1.342
2020-06-08,1.12931,1.26936,0.6995,0.65411,1.3379
2020-06-09,1.13482,1.27356,0.69638,0.65261,1.3433
2020-06-10,1.13546,1.27584,0.70038,0.65428,1.3388
2020-06-11,1.13779,1.26342,0.6889,0.64599,1.3559
2020-06-12,1.12524,1.25266,0.6854,0.64309,1.3587
2020-06-15,1.12701,1.25423,0.68512,0.64358,1.3618
2020-06-16,1.12587,1.25865,0.68861,0.64512,1.3562
2020-06-17,1.12196,1.25266,0.6897,0.6462,1.357
2020-06-18,1.12158,1.24301,0.6847,0.6428,1.3593
2020-06-19,1.11894,1.23625,0.68559,0.64222,1.3601
2020-06-22,1.126,1.24471,0.69042,0.64851,1.3544
2020-06-23,1.13225,1.25313,0.69551,0.65151,1.3509
2020-06-24,1.12714,1.24316,0.68752,0.6416,1.3601
2020-06-25,1.12208,1.24054,0.68681,0.64251,1.366
2020-06-26,1.12145,1.23365,0.68611,0.64181,1.3695
2020-06-29,1.12372,1.2279,0.68512,0.64082,1.3686
2020-06-30,1.12372,1.23686,0.68932,0.64462,1.3614
2020-07-01,1.12587,1.24735,0.69171,0.64742,1.3579
2020-07-02,1.12372,1.24688,0.69209,0.6513,1.3591
2020-07-06,1.13071,1.24813,0.6973,0.65428,1.3546
2020-07-07,1.12994,1.25723,0.6972,0.65669,1.3587
2020-07-08,1.13289,1.25929,0.69672,0.65638,1.3539
2020-07-09,1.12982,1.26135,0.6958,0.6563,1.3577
2020-07-10,1.13186,1.26534,0.69589,0.65811,1.3591
2020-07-13,1.13636,1.26135,0.69832,0.65798,1.3568
2020-07-14,1.14064,1.25455,0.69701,0.65321,1.3606
2020-07-15,1.14064,1.25865,0.70028,0.65669,1.3521
2020-07-16,1.14325,1.26215,0.70082,0.65669,1.3539
2020-07-17,1.14377,1.25502,0.6994,0.65509,1.3572
2020-07-20,1.14416,1.26582,0.70092,0.65699,1.3531
2020-07-21,1.14956,1.27356,0.71109,0.66291,1.3443
2020-07-22,1.15875,1.27291,0.71469,0.6668,1.3407
2020-07-23,1.16225,1.27584,0.71362,0.66591,1.337
2020-07-24,1.16347,1.2791,0.70942,0.66331,1.3425
2020-07-27,1.17495,1.28866,0.71342,0.66832,1.3383
2020-07-28,1.1733,1.295,0.71608,0.66631,1.3364
2020-07-29,1.17702,1.29735,0.71679,0.66551,1.337
2020-07-30,1.17911,1.30344,0.71388,0.6641,1.344
2020-07-31,1.18217,1.31337,0.71592,0.66441,1.3384
2020-08-03,1.17495,1.30531,0.71068,0.65998,1.3408
2020-08-04,1.17661,1.30582,0.715,0.66111,1.3366
2020-08-05,1.18977,1.31406,0.7216,0.66618,1.3254
2020-08-06,1.18554,1.31475,0.7228,0.66609,1.3285
2020-08-07,1.17758,1.30429,0.71628,0.66072,1.3393
2020-08-10,1.17564,1.30822,0.71618,0.6592,1.335
2020-08-11,1.17633,1.3077,0.71551,0.65759,1.3296
2020-08-12,1.17966,1.30463,0.71669,0.65872,1.325
2020-08-13,1.18175,1.30822,0.71602,0.65569,1.3214
2020-08-14,1.18329,1.31079,0.71679,0.65539,1.325
2020-08-17,1.18694,1.31044,0.72108,0.65471,1.3202
2020-08-18,1.19275,1.32275,0.72348,0.6588,1.3181
2020-08-19,1.18977,1.31909,0.72338,0.66072,1.3173
2020-08-20,1.18624,1.31891,0.71782,0.65189,1.3177
2020-08-21,1.17744,1.30976,0.71561,0.6533,1.3201
2020-08-24,1.18036,1.30787,0.71741,0.65359,1.322
2020-08-25,1.18175,1.31354,0.71798,0.653,1.3191
2020-08-26,1.18133,1.31857,0.72218,0.65998,1.3145
2020-08-27,1.18245,1.32293,0.72601,0.6641,1.3111
2020-08-28,1.19005,1.33404,0.73519,0.67408,1.3106
2020-08-31,1.19503,1.33743,0.73883,0.67531,1.3034
2020-09-01,1.19489,1.34156,0.73752,0.67659,1.3043
2020-09-02,1.18399,1.33156,0.7319,0.67572,1.3061
2020-09-03,1.18315,1.32626,0.72722,0.67069,1.3131
2020-09-04,1.18203,1.32293,0.72637,0.6702,1.3095
2020-09-08,1.17897,1.30395,0.72301,0.66322,1.3194
2020-09-09,1.18106,1.30107,0.72748,0.66778,1.3163
2020-09-10,1.18793,1.28452,0.7287,0.66671,1.3162
2020-09-11,1.18315,1.27877,0.7277,0.66671,1.3183
2020-09-14,1.18737,1.28766,0.72987,0.67119,1.3172
2020-09-15,1.18455,1.28667,0.72961,0.67141,1.3199
2020-09-16,1.18343,1.29803,0.73362,0.67549,1.3164
2020-09-17,1.18231,1.2955,0.72892,0.67281,1.3204
2020-09-18,1.18568,1.295,0.7311,0.67778,1.3179
2020-09-21,1.17371,1.27943,0.72119,0.66631,1.3299
2020-09-22,1.17028,1.27259,0.71731,0.66361,1.3313
2020-09-23,1.16768,1.27502,0.70932,0.65669,1.3373
2020-09-24,1.16659,1.27389,0.70462,0.65419,1.337
2020-09-25,1.16185,1.27065,0.70121,0.65411,1.3409
2020-09-28,1.16604,1.2865,0.70671,0.65531,1.3377
2020-09-29,1.17165,1.28469,0.71088,0.6582,1.3411
2020-09-30,1.17233,1.29216,0.71602,0.66081,1.3323
2020-10-01,1.17523,1.29016,0.71891,0.66489,1.3289
2020-10-02,1.17055,1.29282,0.71469,0.66221,1.332
2020-10-05,1.17841,1.29719,0.71808,0.6641,1.3269
2020-10-06,1.17786,1.2945,0.7149,0.66331,1.3275
2020-10-07,1.17661,1.29132,0.71398,0.65928,1.3283
2020-10-08,1.17536,1.29433,0.71582,0.65759,1.3222
2020-10-09,1.18189,1.30022,0.72369,0.66658,1.312
2020-10-13,1.17371,1.29685,0.71649,0.66481,1.3138
2020-10-14,1.1755,1.30225,0.7169,0.6668,1.3147
2020-10-15,1.17014,1.29166,0.70791,0.65872,1.3243
2020-10-16,1.17165,1.29316,0.70832,0.66081,1.3194
2020-10-19,1.17883,1.29988,0.70902,0.66309,1.3155
2020-10-20,1.18245,1.29517,0.70572,0.65859,1.312
2020-10-21,1.18694,1.31423,0.712,0.66649,1.313
2020-10-22,1.18245,1.30907,0.71088,0.66751,1.3132
2020-10-23,1.18441,1.30395,0.71179,0.66769,1.3147
2020-10-26,1.18161,1.30208,0.712,0.66818,1.3214
2020-10-27,1.18343,1.30668,0.71429,0.67182,1.3156
2020-10-28,1.17509,1.29971,0.70671,0.666,1.3321
2020-10-29,1.16577,1.28899,0.70062,0.66011,1.3365
2020-10-30,1.16469,1.29333,0.7023,0.66098,1.3332
2020-11-02,1.16347,1.29032,0.70452,0.66269,1.3255
2020-11-03,1.17233,1.30497,0.71592,0.67051,1.3132
2020-11-04,1.17302,1.30208,0.71922,0.67011,1.3113
2020-11-05,1.18092,1.31165,0.72648,0.67609,1.3045
2020-11-06,1.18864,1.31614,0.7268,0.67829,1.3029
2020-11-09,1.18106,1.31372,0.72748,0.68069,1.2978
2020-11-10,1.18106,1.32345,0.72733,0.6818,1.2998
2020-11-12,1.18133,1.31423,0.72669,0.68752,1.3107
2020-11-13,1.18245,1.31752,0.72558,0.6839,1.3164
2020-11-16,1.18441,1.31978,0.73228,0.68989,1.3072
2020-11-17,1.18624,1.32468,0.72982,0.6889,1.3107
2020-11-18,1.18694,1.32996,0.73249,0.69382,1.3049
2020-11-19,1.18427,1.32258,0.72648,0.68999,1.3083
2020-11-20,1.18568,1.32943,0.73148,0.69488,1.3075
2020-11-23,1.18259,1.32996,0.72791,0.69118,1.3097
2020-11-24,1.18737,1.33494,0.73508,0.6973,1.3027
2020-11-25,1.19076,1.33779,0.736,0.70072,1.2994
2020-11-30,1.19474,1.33387,0.73508,0.70171,1.2982
2020-12-01,1.20395,1.33923,0.73551,0.70572,1.2958
2020-12-02,1.20934,1.33476,0.73948,0.70582,1.2934
2020-12-03,1.21521,1.34953,0.74438,0.70832,1.2875
2020-12-04,1.21418,1.34844,0.74383,0.70462,1.2797
2020-12-07,1.21374,1.33529,0.74488,0.70592,1.2796
2020-12-08,1.21109,1.33583,0.7414,0.70462,1.2808
2020-12-09,1.20802,1.33923,0.7451,0.70408,1.2791
2020-12-10,1.21183,1.32926,0.75199,0.70761,1.2727
2020-12-11,1.21124,1.31978,0.75318,0.70852,1.2767
2020-12-14,1.21448,1.33245,0.75369,0.70801,1.2787
2020-12-15,1.21581,1.34336,0.75552,0.70882,1.273
2020-12-16,1.21743,1.35026,0.75649,0.70791,1.2755
2020-12-17,1.22579,1.36091,0.76202,0.7149,1.2715
2020-12-18,1.22354,1.34971,0.7615,0.7124,1.2776
2020-12-21,1.22294,1.33547,0.75752,0.70882,1.2836
2020-12-22,1.21714,1.33494,0.75313,0.70408,1.2918
2020-12-23,1.21936,1.35099,0.75873,0.70998,1.2841
2020-12-28,1.2213,1.34463,0.75677,0.70932,1.2871
2020-12-29,1.22519,1.35117,0.76231,0.71618,1.2794
2020-12-30,1.22805,1.36054,0.76823,0.72072,1.2764
2020-12-31,1.22294,1.36612,0.77089,0.71942,1.2753
2021-01-04,1.22534,1.35501,0.7657,0.71638,1.2781
2021-01-05,1.22956,1.36203,0.77519,0.72422,1.27
2021-01-06,1.22895,1.35925,0.77869,0.72812,1.2685
2021-01-07,1.22654,1.35501,0.77549,0.7249,1.272
2021-01-08,1.22519,1.35833,0.77779,0.72522,1.2698
2021-01-11,1.21684,1.35227,0.77143,0.7187,1.2768
2021-01-12,1.21684,1.3637,0.77322,0.7187,1.2745
2021-01-13,1.21595,1.36314,0.77399,0.7188,1.271
2021-01-14,1.21566,1.36893,0.779,0.7226,1.2633
2021-01-15,1.20992,1.35999,0.77232,0.71592,1.2709
2021-01-19,1.21256,1.36277,0.7703,0.71159,1.2721
2021-01-21,1.21433,1.37212,0.77537,0.71901,1.2634
2021-01-22,1.21788,1.36855,0.7728,0.7188,1.2711
2021-01-25,1.21374,1.36687,0.7703,0.71922,1.2747
2021-01-26,1.21477,1.37287,0.77369,0.72301,1.2711
2021-01-27,1.21007,1.36874,0.76799,0.71788,1.2782
2021-01-28,1.21227,1.37268,0.7674,0.71731,1.2812
2021-01-29,1.21344,1.37231,0.76611,0.71999,1.2776
2021-02-01,1.207,1.36724,0.76249,0.71638,1.2826
2021-02-02,1.20207,1.36444,0.75861,0.71531,1.2815
2021-02-03,1.2025,1.36519,0.7622,0.71989,1.2765
2021-02-04,1.19746,1.36649,0.75988,0.71602,1.283
2021-02-05,1.20351,1.37137,0.76558,0.71932,1.2781
2021-02-08,1.20453,1.37382,0.77018,0.72228,1.2755
2021-02-09,1.21065,1.37969,0.77238,0.72312,1.2713
2021-02-10,1.21315,1.38504,0.77351,0.72202,1.2678
2021-02-11,1.21271,1.38217,0.77561,0.72322,1.2689
2021-02-12,1.21256,1.38543,0.77622,0.7227,1.2694
2021-02-16,1.21065,1.39101,0.77592,0.72098,1.2694
2021-02-17,1.20424,1.38485,0.77399,0.71782,1.2712
2021-02-18,1.20773,1.39567,0.77501,0.7202,1.2706
2021-02-19,1.21359,1.40252,0.78728,0.73121,1.2596
2021-02-22,1.21551,1.40766,0.79158,0.7333,1.2606
2021-02-23,1.21418,1.40924,0.7902,0.73292,1.261
2021-02-24,1.21433,1.41064,0.79352,0.74041,1.2537
2021-02-25,1.22294,1.41044,0.79529,0.74289,1.2528
2021-02-26,1.20934,1.3947,0.77202,0.7249,1.2698
2021-03-01,1.2054,1.39373,0.7776,0.72733,1.2652
2021-03-02,1.20788,1.39626,0.78223,0.72908,1.2612
2021-03-03,1.20729,1.39782,0.78082,0.72622,1.2611
2021-03-04,1.20453,1.39997,0.7807,0.72659,1.2584
2021-03-05,1.19147,1.38179,0.76652,0.7148,1.2666
2021-03-08,1.18483,1.38102,0.76529,0.7125,1.2672
2021-03-09,1.1885,1.38831,0.76988,0.71551,1.2652
2021-03-10,1.19005,1.38985,0.77208,0.71782,1.2641
2021-03-11,1.19775,1.39801,0.7773,0.7215,1.2558
2021-03-12,1.19517,1.39256,0.77718,0.7186,1.2471
2021-03-15,1.19175,1.38658,0.77292,0.71818,1.249
2021-03-16,1.18948,1.38927,0.77477,0.71911,1.2451
2021-03-17,1.19048,1.38889,0.77089,0.71608,1.2475
2021-03-18,1.19261,1.39373,0.77948,0.71942,1.2434
2021-03-19,1.1909,1.38715,0.77459,0.71659,1.2511
2021-03-22,1.19318,1.38562,0.77501,0.71788,1.2528
2021-03-23,1.18723,1.3795,0.76823,0.70328,1.2548
2021-03-24,1.18315,1.37231,0.7622,0.69842,1.2551
2021-03-25,1.17772,1.37212,0.757,0.69502,1.2613
2021-03-26,1.1798,1.37931,0.76289,0.69969,1.2577
2021-03-29,1.17786,1.37931,0.76429,0.70151,1.2592
2021-03-30,1.17233,1.37287,0.76069,0.69881,1.2626
2021-03-31,1.17426,1.3795,0.76132,0.69891,1.2571
2021-04-01,1.17716,1.38255,0.7604,0.70131,1.2569
2021-04-02,1.17633,1.38255,0.76069,0.7023,1.2566
2021-04-05,1.18106,1.39063,0.7657,0.70681,1.2512
2021-04-06,1.18526,1.38485,0.76599,0.70462,1.254
2021-04-07,1.18906,1.37571,0.76272,0.7024,1.2614
2021-04-08,1.19033,1.37382,0.764,0.70462,1.2576
2021-04-09,1.18977,1.37344,0.76313,0.70472,1.254
2021-04-12,1.19076,1.37419,0.76202,0.70289,1.2556
2021-04-13,1.19389,1.37419,0.76289,0.70388,1.2541
2021-04-14,1.19746,1.37893,0.7731,0.7148,1.2515
2021-04-15,1.19646,1.37817,0.77459,0.71659,1.2539
2021-04-16,1.19804,1.38255,0.7734,0.71372,1.2498
2021-04-19,1.20279,1.39762,0.77592,0.71751,1.2534
2021-04-20,1.20453,1.39548,0.77417,0.7186,1.2574
2021-04-21,1.20337,1.39353,0.77549,0.7214,1.2484
2021-04-22,1.2012,1.38504,0.7725,0.71669,1.249
2021-04-23,1.20685,1.38447,0.77387,0.71788,1.2495
2021-04-26,1.20831,1.38908,0.78021,0.72322,1.2399
2021-04-27,1.20788,1.39082,0.77748,0.72129,1.2396
2021-04-28,1.20977,1.39179,0.77682,0.72422,1.2354
2021-04-29,1.21095,1.39567,0.77592,0.72312,1.2295
2021-04-30,1.20294,1.38389,0.7716,0.7169,1.2291
2021-05-03,1.20584,1.39121,0.7758,0.71968,1.2275
2021-05-04,1.20135,1.38735,0.76882,0.71281,1.232
2021-05-05,1.20034,1.39121,0.77501,0.72108,1.2262
2021-05-06,1.20496,1.38793,0.77682,0.72213,1.2192
2021-05-07,1.21655,1.39997,0.7861,0.72961,1.2137
2021-05-10,1.21699,1.41523,0.78759,0.73051,1.2085
2021-05-11,1.21684,1.41483,0.78431,0.72748,1.2092
2021-05-12,1.20744,1.40805,0.7734,0.71659,1.2104
2021-05-13,1.207,1.40331,0.77232,0.71798,1.2147
2021-05-14,1.21403,1.40964,0.7776,0.72438,1.2114
2021-05-17,1.21551,1.41263,0.77652,0.72119,1.2073
2021-05-18,1.22026,1.41844,0.77821,0.7239,1.2061
2021-05-19,1.2216,1.41683,0.77531,0.7187,1.2089
2021-05-20,1.22249,1.41824,0.77803,0.72119,1.2049
2021-05-21,1.21773,1.41583,0.7731,0.71649,1.2072
2021-05-24,1.221,1.41463,0.77411,0.72051,1.2082
2021-05-25,1.22324,1.41223,0.77411,0.7216,1.2069
2021-05-26,1.22041,1.41283,0.77429,0.72918,1.2111
2021-05-27,1.21936,1.41723,0.77357,0.72908,1.2075
2021-05-28,1.21936,1.41884,0.77059,0.72522,1.2087
2021-06-01,1.22414,1.41683,0.77652,0.72569,1.2031
2021-06-02,1.2213,1.41764,0.77519,0.72448,1.2047
2021-06-03,1.21227,1.40984,0.76523,0.71439,1.2116
2021-06-04,1.21729,1.41743,0.77417,0.72041,1.2088
2021-06-07,1.21996,1.41784,0.77652,0.72422,1.2062
2021-06-08,1.21803,1.41463,0.77411,0.71958,1.2101
2021-06-09,1.21847,1.41243,0.7731,0.71751,1.2102
2021-06-10,1.21729,1.41643,0.77519,0.71989,1.2095
2021-06-11,1.21007,1.41143,0.76959,0.7125,1.2162
2021-06-14,1.21256,1.41163,0.77178,0.71459,1.2131
2021-06-15,1.21197,1.40726,0.76758,0.71098,1.2202
2021-06-16,1.21183,1.41103,0.77119,0.71449,1.2165
2021-06-17,1.19104,1.39159,0.75552,0.70038,1.2353
2021-06-18,1.18723,1.38179,0.74991,0.69391,1.2437
2021-06-21,1.1909,1.39159,0.75279,0.69881,1.237
2021-06-22,1.19104,1.39218,0.75279,0.70018,1.2364
2021-06-23,1.19503,1.39762,0.7589,0.70592,1.2286
2021-06-24,1.19275,1.39063,0.75729,0.70502,1.2337
2021-06-25,1.19403,1.38985,0.75947,0.70751,1.2293
2021-06-28,1.19374,1.38947,0.7574,0.70542,1.2325
2021-06-29,1.19048,1.38447,0.75171,0.6995,1.2378
2021-06-30,1.18483,1.38064,0.74963,0.69779,1.2404
2021-07-01,1.18568,1.37798,0.74722,0.69798,1.2405
2021-07-02,1.18483,1.3795,0.74991,0.70072,1.2346
2021-07-06,1.18161,1.37912,0.74963,0.70092,1.2466
2021-07-07,1.18036,1.37912,0.7485,0.70131,1.2506
2021-07-08,1.18399,1.37665,0.74372,0.69522,1.2533
2021-07-09,1.1861,1.38427,0.748,0.69842,1.2476
2021-07-12,1.18582,1.3887,0.74901,0.69862,1.2455
2021-07-13,1.18133,1.38466,0.7471,0.6972,1.2511
2021-07-14,1.18259,1.38543,0.74688,0.70259,1.2521
2021-07-15,1.18064,1.38485,0.7436,0.6994,1.2575
2021-07-16,1.18106,1.37855,0.74091,0.70111,1.2586
2021-07-19,1.18036,1.36893,0.73432,0.6944,1.2752
2021-07-20,1.17758,1.36147,0.73249,0.69142,1.2724
2021-07-21,1.17994,1.36949,0.73573,0.69701,1.2538
2021-07-22,1.17716,1.37495,0.73649,0.6957,1.2578
2021-07-23,1.17606,1.37495,0.73638,0.6975,1.258
2021-07-26,1.18106,1.38293,0.73861,0.70038,1.254
2021-07-27,1.18315,1.38831,0.73681,0.69638,1.2579
2021-07-28,1.18092,1.38831,0.73492,0.69329,1.2563
2021-07-29,1.18864,1.39665,0.73997,0.70151,1.2439
2021-07-30,1.18638,1.39121,0.73508,0.69818,1.2466
2021-08-02,1.18737,1.3887,0.73638,0.6973,1.2501
2021-08-03,1.18596,1.39043,0.7385,0.70062,1.255
2021-08-04,1.18413,1.39121,0.73779,0.70472,1.2551
2021-08-05,1.18385,1.39295,0.74091,0.70631,1.2487
2021-08-06,1.17606,1.38735,0.73573,0.70131,1.2563
2021-08-09,1.17495,1.38523,0.734,0.70008,1.2571
2021-08-10,1.1722,1.38408,0.73459,0.70048,1.2531
2021-08-11,1.17371,1.38658,0.73741,0.70472,1.2513
2021-08-12,1.17357,1.38332,0.73448,0.70082,1.2518
2021-08-13,1.17966,1.38562,0.73768,0.70452,1.2512
2021-08-16,1.17758,1.38485,0.73389,0.70249,1.257
2021-08-17,1.17137,1.37382,0.72543,0.69118,1.2622
2021-08-18,1.17014,1.37495,0.72359,0.68899,1.2638
2021-08-19,1.16932,1.36724,0.717,0.68531,1.279
2021-08-20,1.16904,1.36258,0.71332,0.68301,1.2853
2021-08-23,1.17316,1.37174,0.72082,0.68942,1.2666
2021-08-24,1.17454,1.37155,0.72543,0.69459,1.2615
2021-08-25,1.17578,1.37231,0.72659,0.69638,1.2624
2021-08-26,1.17606,1.37118,0.7248,0.6957,1.2654
2021-08-27,1.17938,1.37684,0.73089,0.70121,1.2613
2021-08-30,1.17952,1.37589,0.7295,0.70018,1.2606
2021-08-31,1.17994,1.37476,0.73067,0.70418,1.2629
2021-09-01,1.18497,1.37893,0.73692,0.70681,1.2615
2021-09-02,1.18582,1.38255,0.74008,0.71098,1.2559
2021-09-03,1.18835,1.38619,0.74421,0.71469,1.2524
2021-09-07,1.18483,1.37912,0.73943,0.71068,1.2622
2021-09-08,1.18175,1.37608,0.73681,0.70952,1.2681
2021-09-09,1.18273,1.38543,0.73801,0.71261,1.2648
2021-09-10,1.18203,1.38466,0.73659,0.71261,1.2636
2021-09-13,1.18092,1.38447,0.73697,0.71169,1.2643
2021-09-14,1.18245,1.38485,0.73351,0.71109,1.2663
2021-09-15,1.18106,1.3837,0.73239,0.71048,1.2653
2021-09-16,1.17633,1.37855,0.72881,0.70721,1.2679
2021-09-17,1.17343,1.37552,0.72759,0.70432,1.2738
2021-09-20,1.17288,1.36556,0.7248,0.70249,1.2818
2021-09-21,1.17233,1.36631,0.72401,0.70131,1.2789
2021-09-22,1.17385,1.36687,0.72637,0.70309,1.2733
2021-09-23,1.17343,1.37457,0.72971,0.70741,1.2662
2021-09-24,1.17151,1.36818,0.72579,0.70131,1.2672
2021-09-27,1.17014,1.37118,0.72839,0.70102,1.2643
2021-09-28,1.16809,1.35373,0.72369,0.6956,1.2692
2021-09-29,1.16117,1.34391,0.71901,0.6871,1.275
2021-09-30,1.15768,1.34698,0.7228,0.68989,1.2673
2021-10-01,1.15982,1.35722,0.72711,0.6943,1.2657
2021-10-04,1.16225,1.36017,0.72839,0.69638,1.2571
2021-10-05,1.1609,1.36407,0.7295,0.69691,1.2562
2021-10-06,1.1546,1.35685,0.72579,0.69132,1.2612
2021-10-07,1.15607,1.36333,0.73212,0.69391,1.2546
2021-10-08,1.15714,1.36295,0.73078,0.69319,1.2477
2021-10-12,1.15407,1.36054,0.73659,0.69459,1.2439
2021-10-13,1.15674,1.36444,0.73708,0.6956,1.2448
2021-10-14,1.15915,1.36836,0.74189,0.70279,1.2362
2021-10-15,1.15942,1.37552,0.74162,0.70711,1.2387
2021-10-18,1.1609,1.37268,0.74167,0.70811,1.2362
2021-10-19,1.1632,1.38064,0.74811,0.71628,1.2354
2021-10-20,1.16428,1.38217,0.7512,0.7201,1.2328
2021-10-21,1.16428,1.38122,0.74918,0.71721,1.2339
2021-10-22,1.1632,1.37419,0.74632,0.71398,1.2385
2021-10-25,1.1609,1.37722,0.7494,0.71659,1.2373
2021-10-26,1.15902,1.37722,0.74968,0.71551,1.2388
2021-10-27,1.15996,1.37382,0.75148,0.71762,1.2337
2021-10-28,1.1685,1.38045,0.75472,0.72082,1.2348
2021-10-29,1.15513,1.36855,0.75098,0.71582,1.2397
2021-11-01,1.15915,1.36799,0.75341,0.71948,1.2355
2021-11-02,1.15808,1.36129,0.74289,0.71038,1.242
2021-11-03,1.15835,1.36593,0.743,0.71372,1.2416
2021-11-04,1.1546,1.34935,0.74019,0.71098,1.2462
2021-11-05,1.1554,1.34916,0.7408,0.7123,1.2439
2021-11-08,1.15902,1.3563,0.74289,0.71731,1.2441
2021-11-09,1.15888,1.35501,0.73692,0.7123,1.2457
2021-11-10,1.15168,1.34698,0.736,0.70872,1.2447
2021-11-12,1.1443,1.3412,0.73223,0.70398,1.2558
2021-11-15,1.14207,1.34445,0.73611,0.70592,1.2515
2021-11-16,1.13327,1.34282,0.73089,0.6993,1.2562
2021-11-17,1.13225,1.3488,0.72733,0.70008,1.2594
2021-11-18,1.13585,1.34898,0.72701,0.70309,1.2629
2021-11-19,1.13186,1.34735,0.72569,0.70171,1.2631
2021-11-22,1.126,1.3412,0.72348,0.69662,1.2684
2021-11-23,1.12651,1.33887,0.72218,0.69459,1.2712
2021-11-24,1.11957,1.33316,0.71968,0.68681,1.2657
2021-11-26,1.1302,1.33227,0.7124,0.6825,1.2756
2021-11-29,1.12613,1.32908,0.7119,0.67898,1.2792
2021-11-30,1.12867,1.32521,0.70882,0.67949,1.2812
2021-12-01,1.13225,1.33085,0.71322,0.6839,1.2778
2021-12-02,1.13058,1.33049,0.70972,0.68148,1.2814
2021-12-03,1.13084,1.32345,0.70111,0.67531,1.2833
2021-12-06,1.12816,1.32521,0.70442,0.67481,1.2785
2021-12-07,1.12473,1.32363,0.71129,0.67769,1.2651
2021-12-08,1.13302,1.32363,0.71669,0.68069,1.2653
2021-12-09,1.12854,1.31874,0.71459,0.67829,1.2698
2021-12-10,1.13122,1.32626,0.71772,0.67981,1.2706
2021-12-13,1.12982,1.32328,0.7123,0.67549,1.2795
2021-12-14,1.12676,1.32258,0.71028,0.67458,1.2858
2021-12-15,1.12613,1.32135,0.7125,0.67349,1.2916
2021-12-16,1.13084,1.33245,0.71911,0.68101,1.2772
2021-12-17,1.12765,1.32696,0.7148,0.67549,1.283
2021-12-20,1.12982,1.32223,0.71169,0.67191,1.2941
2021-12-21,1.12714,1.32538,0.71398,0.67558,1.2927
2021-12-22,1.13237,1.33458,0.7215,0.68171,1.2844
2021-12-23,1.13199,1.34102,0.72401,0.68259,1.2809
2021-12-27,1.13289,1.34372,0.7238,0.68111,1.2797
2021-12-28,1.13135,1.34318,0.72327,0.67999,1.2814
2021-12-29,1.13366,1.34753,0.72411,0.68259,1.281
2021-12-30,1.13186,1.35007,0.72601,0.6839,1.2777
2022-01-03,1.12905,1.34698,0.71948,0.6787,1.2757
2022-01-04,1.12956,1.35446,0.72411,0.68078,1.2697
2022-01-05,1.13353,1.35722,0.72601,0.68259,1.27
2022-01-06,1.13071,1.35391,0.71679,0.67481,1.2725
2022-01-07,1.13585,1.35833,0.7186,0.67792,1.2643
2022-01-10,1.13276,1.35667,0.717,0.6754,1.2679
2022-01-11,1.13636,1.36221,0.71979,0.67741,1.2598
2022-01-12,1.14312,1.36986,0.7277,0.6846,1.2501
2022-01-13,1.14639,1.37231,0.72987,0.68799,1.2482
2022-01-14,1.14142,1.36705,0.72218,0.68101,1.2549
2022-01-18,1.13366,1.35888,0.7188,0.677,1.2535
2022-01-19,1.13456,1.36258,0.7226,0.67939,1.2499
2022-01-20,1.13366,1.36426,0.72659,0.6793,1.2462
2022-01-21,1.13456,1.35612,0.71989,0.67272,1.2542
2022-01-24,1.13097,1.34463,0.71008,0.66689,1.2688
2022-01-25,1.12829,1.34953,0.71378,0.66698,1.2637
2022-01-26,1.1279,1.35153,0.71669,0.66881,1.2597
2022-01-27,1.11408,1.33851,0.70442,0.65889,1.2709
2022-01-28,1.11595,1.34174,0.69979,0.65548,1.2753
2022-01-31,1.1212,1.34391,0.70641,0.65789,1.2694
2022-02-01,1.12385,1.35044,0.71098,0.66199,1.2688
2022-02-02,1.12994,1.35648,0.7125,0.66269,1.2689
2022-02-03,1.14247,1.36017,0.71429,0.66631,1.2679
2022-02-04,1.14548,1.35428,0.70671,0.6602,1.2759
2022-02-07,1.14338,1.35336,0.71109,0.66199,1.2685
2022-02-08,1.14155,1.3552,0.71332,0.6641,1.2709
2022-02-09,1.14351,1.35391,0.71829,0.66881,1.2675
2022-02-10,1.14877,1.36351,0.72448,0.6729,1.2647
2022-02-11,1.14038,1.36017,0.71772,0.66818,1.2678
2022-02-14,1.13058,1.35153,0.71271,0.66129,1.2732
2022-02-15,1.13636,1.35391,0.71521,0.66419,1.2742
2022-02-16,1.13804,1.35851,0.71829,0.66698,1.2687
2022-02-17,1.13636,1.3624,0.71948,0.66988,1.2696
2022-02-18,1.13276,1.35851,0.71741,0.66939,1.2748
2022-02-22,1.13417,1.35962,0.7226,0.67499,1.2736
2022-02-23,1.13161,1.35556,0.72448,0.6782,1.2717
2022-02-24,1.11545,1.33601,0.71332,0.66529,1.284
2022-02-25,1.12613,1.34066,0.72181,0.6739,1.274
2022-02-28,1.12246,1.34192,0.72611,0.67741,1.2662
2022-03-01,1.11025,1.33174,0.7248,0.67572,1.2709
2022-03-02,1.11025,1.33654,0.72823,0.67792,1.2657
2022-03-03,1.10534,1.33262,0.73148,0.67852,1.2675
2022-03-04,1.09123,1.32135,0.73621,0.68488,1.276
2022-03-07,1.08601,1.31148,0.73212,0.6825,1.2772
2022-03-08,1.08814,1.3101,0.72622,0.68129,1.2893
2022-03-09,1.10693,1.31596,0.73228,0.68479,1.2812
2022-03-10,1.10072,1.31079,0.73611,0.68658,1.2772
2022-03-11,1.09373,1.30634,0.73078,0.6818,1.2723
2022-03-14,1.09794,1.30446,0.7228,0.67829,1.2774
2022-03-15,1.09745,1.30651,0.71958,0.67668,1.2806
2022-03-16,1.09963,1.30959,0.72511,0.68069,1.2742
2022-03-17,1.11099,1.31596,0.73883,0.68932,1.2637
2022-03-18,1.10436,1.31683,0.74019,0.68989,1.2633
2022-03-21,1.10485,1.32013,0.74189,0.69032,1.258
2022-03-22,1.10217,1.32573,0.74383,0.69449,1.2604
2022-03-23,1.10011,1.32118,0.74979,0.6972,1.2555
2022-03-24,1.10059,1.31822,0.75053,0.69599,1.2532
2022-03-25,1.09854,1.31926,0.75008,0.69502,1.2512
2022-03-28,1.09769,1.30907,0.74828,0.68961,1.255
2022-03-29,1.11037,1.31251,0.75019,0.69238,1.2513
2022-03-30,1.11632,1.31492,0.75081,0.69769,1.2495
2022-03-31,1.10926,1.31527,0.74991,0.69459,1.2482
2022-04-01,1.10424,1.31148,0.74929,0.69118,1.2507
2022-04-04,1.09914,1.31165,0.75489,0.69638,1.2491
2022-04-05,1.09206,1.3101,0.75982,0.69682,1.2452
2022-04-06,1.09135,1.30822,0.7542,0.69329,1.2502
2022-04-07,1.09004,1.30599,0.74722,0.6888,1.2592
2022-04-08,1.08743,1.30327,0.7461,0.68521,1.2577
2022-04-11,1.08755,1.30327,0.742,0.68259,1.2622
2022-04-12,1.08519,1.3031,0.748,0.68809,1.2609
2022-04-13,1.08743,1.30719,0.743,0.67852,1.2595
2022-04-14,1.07956,1.30514,0.74041,0.67741,1.2628
2022-04-15,1.0812,1.30668,0.74008,0.6776,1.2613
2022-04-18,1.07852,1.30191,0.73529,0.6724,1.262
2022-04-19,1.07887,1.3009,0.73697,0.67259,1.2618
2022-04-20,1.08566,1.30548,0.74521,0.68101,1.249
2022-04-21,1.08389,1.30412,0.73763,0.67381,1.2526
2022-04-22,1.07898,1.28485,0.72569,0.6637,1.2716
2022-04-25,1.07032,1.26984,0.71469,0.65972,1.2775
2022-04-26,1.0661,1.26167,0.71449,0.65828,1.2796
2022-04-27,1.05485,1.25471,0.7124,0.65381,1.283
2022-04-28,1.04998,1.24425,0.70771,0.6475,1.2831
2022-04-29,1.05374,1.25644,0.71008,0.64758,1.2802
2022-05-02,1.05208,1.25235,0.70582,0.64329,1.2884
2022-05-03,1.05319,1.25094,0.70992,0.644,1.2837
2022-05-04,1.05385,1.24875,0.71449,0.6447,1.2817
2022-05-05,1.05075,1.23335,0.70892,0.64049,1.2849
2022-05-06,1.05719,1.23442,0.70912,0.64271,1.289
2022-05-09,1.05585,1.2335,0.69891,0.63472,1.2962
2022-05-10,1.05307,1.23138,0.69252,0.62861,1.303
2022-05-11,1.05374,1.23168,0.6994,0.63391,1.2943
2022-05-12,1.03756,1.21981,0.68521,0.62371,1.3055
2022-05-13,1.04102,1.22414,0.6918,0.6261,1.2929
2022-05-16,1.04199,1.22699,0.6943,0.62842,1.2883
2022-05-17,1.05319,1.24673,0.70131,0.6352,1.2839
2022-05-18,1.04943,1.23962,0.69979,0.63331,1.2838
2022-05-19,1.05865,1.25047,0.70572,0.64,1.2821
2022-05-20,1.05585,1.24922,0.70319,0.63881,1.2837
2022-05-23,1.06678,1.25707,0.70992,0.6462,1.2784
2022-05-24,1.07434,1.25439,0.70811,0.64429,1.284
2022-05-25,1.06576,1.25392,0.70661,0.64591,1.2837
2022-05-26,1.0725,1.25818,0.70781,0.6462,1.2788
2022-05-27,1.07089,1.26135,0.71551,0.65351,1.274
2022-05-31,1.07308,1.26247,0.7188,0.65202,1.2639
2022-06-01,1.06462,1.24719,0.71638,0.64708,1.267
2022-06-02,1.07331,1.25565,0.72511,0.65501,1.2587
2022-06-03,1.07216,1.24953,0.72088,0.65049,1.2581
2022-06-06,1.06986,1.25439,0.72072,0.6499,1.257
2022-06-07,1.06975,1.25945,0.72119,0.6475,1.255
2022-06-08,1.074,1.25565,0.72181,0.647,1.2524
2022-06-09,1.06564,1.25109,0.712,0.64049,1.2651
2022-06-10,1.05208,1.23305,0.70542,0.63629,1.2782
2022-06-13,1.04362,1.21699,0.69459,0.62759,1.2851
2022-06-14,1.04156,1.20106,0.68852,0.62208,1.2933
2022-06-15,1.03885,1.20569,0.69459,0.6241,1.297
2022-06-16,1.05307,1.23411,0.69979,0.63379,1.2925
2022-06-17,1.04734,1.22011,0.69228,0.62909,1.3054
2022-06-21,1.05485,1.22775,0.6975,0.63452,1.2927
2022-06-22,1.05831,1.22805,0.69339,0.62929,1.2932
2022-06-23,1.05031,1.22399,0.68932,0.6281,1.2979
2022-06-24,1.05385,1.2273,0.69459,0.63191,1.2919
2022-06-27,1.06011,1.23047,0.6942,0.63179,1.287
2022-06-28,1.05341,1.21996,0.69161,0.62539,1.2882
2022-06-29,1.04767,1.21507,0.68871,0.62239,1.2861
2022-06-30,1.0469,1.21625,0.69051,0.62449,1.2871
2022-07-01,1.04091,1.20482,0.67889,0.6187,1.2915
2022-07-05,1.02543,1.19318,0.67741,0.61421,1.3064
2022-07-06,1.01729,1.19076,0.67741,0.61399,1.3052
2022-07-07,1.01595,1.19933,0.68269,0.61702,1.2988
2022-07-08,1.01781,1.20366,0.68578,0.61962,1.2947
2022-07-11,1.00878,1.19076,0.67499,0.61361,1.2979
2022-07-12,1.00695,1.19048,0.67719,0.61399,1.3003
2022-07-13,1.00806,1.1919,0.67861,0.61561,1.2956
2022-07-14,1.00281,1.18273,0.6744,0.61241,1.31
2022-07-15,1.00888,1.18568,0.6793,0.6158,1.3041
2022-07-18,1.01595,1.1989,0.68381,0.61721,1.2919
2022-07-19,1.02375,1.20221,0.69042,0.62278,1.2887
2022-07-20,1.02166,1.1989,0.6897,0.62379,1.2875
2022-07-21,1.01968,1.19674,0.68961,0.62158,1.2885
2022-07-22,1.02249,1.20192,0.69478,0.62731,1.2861
2022-07-25,1.02114,1.20424,0.69541,0.6259,1.2845
2022-07-26,1.01163,1.20366,0.69391,0.62352,1.2891
2022-07-27,1.01082,1.20265,0.69209,0.61989,1.2881
2022-07-28,1.01626,1.21256,0.69711,0.62771,1.2835
2022-07-29,1.0202,1.21832,0.69852,0.6279,1.2801
2022-08-01,1.02701,1.22775,0.70348,0.6346,1.283
2022-08-02,1.01937,1.22175,0.69522,0.6281,1.2855
2022-08-03,1.01461,1.21315,0.693,0.625,1.2869
2022-08-04,1.02208,1.21403,0.69662,0.62968,1.2852
2022-08-05,1.01698,1.20613,0.69008,0.62391,1.2942
2022-08-08,1.02072,1.20977,0.69911,0.62889,1.2854
2022-08-09,1.0226,1.2089,0.6973,0.62869,1.288
2022-08-10,1.0337,1.22444,0.70992,0.64271,1.2773
2022-08-11,1.03381,1.22294,0.7119,0.64441,1.2744
2022-08-12,1.02575,1.21315,0.71058,0.64371,1.2783
2022-08-15,1.01864,1.20904,0.70462,0.6382,1.2891
2022-08-16,1.0174,1.20904,0.70111,0.63371,1.2874
2022-08-17,1.01636,1.20294,0.69142,0.62621,1.2932
2022-08-18,1.01143,1.19703,0.693,0.6268,1.2945
2022-08-19,1.00392,1.18106,0.687,0.6177,1.2994
2022-08-22,0.99364,1.17523,0.6871,0.61641,1.3038
2022-08-23,0.99761,1.18441,0.6943,0.6227,1.2945
2022-08-24,0.99671,1.18022,0.69132,0.619,1.2969
2022-08-25,0.99592,1.18036,0.69609,0.6215,1.2944
2022-08-26,0.9998,1.17786,0.69209,0.6161,1.3006
2022-08-29,1.0,1.17178,0.69089,0.6161,1.3001
2022-08-30,1.0018,1.16509,0.68752,0.61391,1.309
2022-08-31,1.00654,1.16469,0.68658,0.61361,1.3091
2022-09-01,0.99502,1.15407,0.67801,0.60691,1.316
2022-09-02,1.00301,1.15821,0.68451,0.6135,1.3089
2022-09-06,0.99138,1.15487,0.67499,0.60522,1.3122
2022-09-07,0.99423,1.14732,0.67308,0.6035,1.3166
2022-09-08,0.99562,1.1489,0.67399,0.6047,1.3118
2022-09-09,1.00462,1.15996,0.6846,0.6114,1.3036
2022-09-12,1.01286,1.17014,0.68871,0.61508,1.2976
2022-09-13,0.9997,1.1526,0.67632,0.60129,1.3123
2022-09-14,0.9993,1.15634,0.67522,0.60129,1.3156
2022-09-15,0.9991,1.14718,0.67078,0.59751,1.3204
2022-09-16,1.0013,1.14194,0.67029,0.5978,1.3273
2022-09-19,1.0003,1.14025,0.66939,0.59361,1.3287
2022-09-20,0.9994,1.14051,0.67042,0.59091,1.3339
2022-09-21,0.98804,1.13302,0.66609,0.58841,1.3397
2022-09-22,0.98406,1.12689,0.66361,0.58439,1.3499
2022-09-23,0.97191,1.09206,0.65428,0.5763,1.3581
2022-09-26,0.96228,1.07032,0.64658,0.5666,1.3745
2022-09-27,0.96163,1.07527,0.6445,0.56491,1.3738
2022-09-28,0.96805,1.08319,0.65121,0.57029,1.3648
2022-09-29,0.97742,1.10485,0.64901,0.57071,1.37
2022-09-30,0.97828,1.11346,0.64371,0.56421,1.3752
2022-10-03,0.98087,1.12714,0.65011,0.57091,1.3651
2022-10-04,0.99771,1.14456,0.64931,0.57399,1.3551
2022-10-05,0.98658,1.12752,0.64658,0.57039,1.3662
2022-10-06,0.98058,1.11334,0.64111,0.5659,1.3732
2022-10-07,0.97847,1.11161,0.6393,0.56281,1.3692
2022-10-11,0.9757,1.11682,0.63291,0.56421,1.3737
2022-10-12,0.96918,1.10963,0.62731,0.5607,1.3797
2022-10-13,0.978,1.13443,0.6285,0.56211,1.3744
2022-10-14,0.9739,1.12082,0.62189,0.55679,1.3873
2022-10-17,0.98425,1.14273,0.63091,0.56459,1.3723
2022-10-18,0.98416,1.13071,0.6281,0.56632,1.379
2022-10-19,0.978,1.12322,0.62712,0.5668,1.3783
2022-10-20,0.98232,1.1288,0.63359,0.57221,1.3715
2022-10-21,0.98551,1.12918,0.63678,0.57541,1.3673
2022-10-24,0.98736,1.12956,0.63099,0.56909,1.3704
2022-10-25,0.99592,1.14692,0.63951,0.5762,1.3616
2022-10-26,1.00685,1.16144,0.6499,0.5834,1.3551
2022-10-27,0.9985,1.15741,0.64771,0.58449,1.3532
2022-10-28,0.99344,1.15727,0.63959,0.57921,1.3622
2022-10-31,0.98853,1.15154,0.63939,0.58099,1.3639
2022-11-01,0.98707,1.146,0.63918,0.58421,1.3639
2022-11-02,0.98746,1.14666,0.64119,0.5863,1.3628
2022-11-03,0.9759,1.11832,0.62941,0.5779,1.3729
2022-11-04,0.98951,1.1279,0.6435,0.589,1.3528
2022-11-07,0.9997,1.14626,0.64629,0.592,1.3497
2022-11-08,1.00888,1.15955,0.65449,0.59959,1.3389
2022-11-09,1.00371,1.1396,0.64479,0.5899,1.3453
2022-11-10,1.0176,1.16768,0.65898,0.601,1.3362
2022-11-14,1.0337,1.17275,0.66948,0.60968,1.3295
2022-11-15,1.03724,1.18906,0.67792,0.6174,1.328
2022-11-16,1.0395,1.18892,0.67331,0.61451,1.3343
2022-11-17,1.03413,1.1812,0.66658,0.61002,1.3343
2022-11-18,1.03488,1.19019,0.66809,0.61599,1.3379
2022-11-21,1.02375,1.17855,0.65898,0.60931,1.3483
2022-11-22,1.02764,1.18793,0.66348,0.61399,1.3401
2022-11-23,1.03638,1.20395,0.67069,0.62208,1.3416
2022-11-25,1.04015,1.21021,0.67499,0.62441,1.337
2022-11-28,1.03864,1.20409,0.66939,0.62039,1.3433
2022-11-29,1.03563,1.19962,0.66912,0.62,1.3636
2022-11-30,1.03231,1.19617,0.67168,0.6234,1.3538
2022-12-01,1.04976,1.22519,0.68041,0.63719,1.3427
2022-12-02,1.05208,1.22926,0.68009,0.6398,1.3448
2022-12-05,1.04943,1.21684,0.67132,0.63072,1.3571
2022-12-06,1.04965,1.22026,0.66979,0.63271,1.3652
2022-12-07,1.05053,1.21936,0.67218,0.63662,1.364
2022-12-08,1.05519,1.22354,0.67691,0.63759,1.3574
2022-12-09,1.05496,1.23107,0.68092,0.64238,1.3604
2022-12-12,1.05452,1.2285,0.67408,0.63771,1.3654
2022-12-13,1.06304,1.23747,0.68691,0.64792,1.353
2022-12-14,1.06553,1.24085,0.68611,0.64499,1.3567
2022-12-15,1.06383,1.22055,0.67002,0.6342,1.3649
2022-12-16,1.06101,1.21684,0.66912,0.63698,1.369
2022-12-19,1.06236,1.21803,0.6711,0.63719,1.3638
2022-12-20,1.06349,1.21462,0.66649,0.63319,1.3618
2022-12-21,1.05988,1.20715,0.66961,0.62861,1.3622
2022-12-22,1.05876,1.20322,0.66711,0.62531,1.3653
2022-12-23,1.06213,1.2054,0.67101,0.62929,1.3587
2022-12-27,1.06542,1.20322,0.67422,0.62842,1.3504
2022-12-28,1.06225,1.20337,0.67522,0.6308,1.3588
2022-12-29,1.06678,1.20598,0.67792,0.63508,1.3546
2022-12-30,1.06975,1.20773,0.6805,0.6342,1.3532
2023-01-03,1.05585,1.19703,0.67299,0.62469,1.3664
2023-01-04,1.06202,1.20627,0.68601,0.63139,1.3492
2023-01-05,1.05219,1.19019,0.6744,0.62239,1.3579
2023-01-06,1.06191,1.20642,0.68639,0.63339,1.3452
2023-01-09,1.07585,1.22055,0.69478,0.64008,1.3372
2023-01-10,1.07365,1.21551,0.68828,0.63621,1.3433
2023-01-11,1.074,1.21256,0.68989,0.63472,1.3422
2023-01-12,1.08225,1.21818,0.69459,0.63771,1.338
2023-01-13,1.08108,1.21936,0.69502,0.63609,1.3413
2023-01-17,1.07933,1.22639,0.69862,0.64251,1.338
2023-01-18,1.08272,1.23686,0.69881,0.64599,1.3436
2023-01-19,1.08096,1.23655,0.68871,0.63751,1.3494
2023-01-20,1.08307,1.23747,0.69531,0.6457,1.3416
2023-01-23,1.08648,1.23701,0.7024,0.64771,1.3384
2023-01-24,1.08731,1.23229,0.70418,0.65011,1.3369
2023-01-25,1.09016,1.23747,0.70832,0.64629,1.3413
2023-01-26,1.0866,1.23701,0.70942,0.64708,1.3348
2023-01-27,1.08566,1.23793,0.71018,0.6483,1.3314
2023-01-30,1.08672,1.23732,0.70761,0.64859,1.335
2023-01-31,1.08578,1.23244,0.70502,0.64658,1.3333
2023-02-01,1.0917,1.23077,0.70671,0.6435,1.3335
2023-02-02,1.09182,1.22594,0.70842,0.64931,1.3317
2023-02-03,1.08249,1.20729,0.69459,0.6344,1.3395
2023-02-06,1.07216,1.20091,0.68691,0.62842,1.3442
2023-02-07,1.07055,1.20135,0.69252,0.63052,1.344
2023-02-08,1.07342,1.20934,0.69411,0.63119,1.343
2023-02-09,1.07608,1.21566,0.69638,0.6352,1.3428
2023-02-10,1.06701,1.20613,0.6919,0.6308,1.3363
2023-02-13,1.07181,1.21359,0.69638,0.63589,1.3348
2023-02-14,1.07216,1.21566,0.69618,0.63239,1.3367
2023-02-15,1.06826,1.20308,0.68932,0.62759,1.3401
2023-02-16,1.06838,1.20178,0.6889,0.62668,1.3451
2023-02-17,1.06781,1.2012,0.68648,0.62352,1.3487
2023-02-21,1.06564,1.21109,0.68648,0.62139,1.3515
2023-02-22,1.06225,1.20642,0.6819,0.6234,1.354
2023-02-23,1.05831,1.20163,0.6787,0.62081,1.3567
2023-02-24,1.05452,1.19474,0.67349,0.6166,1.3618
2023-02-27,1.05955,1.20366,0.67299,0.61641,1.3574
2023-02-28,1.06022,1.20934,0.6744,0.61939,1.3616
2023-03-01,1.06735,1.20337,0.67682,0.62621,1.3597
2023-03-02,1.05955,1.19417,0.672,0.621,1.3616
2023-03-03,1.06157,1.19962,0.6759,0.621,1.3609
2023-03-06,1.0694,1.20482,0.67381,0.61931,1.3606
2023-03-07,1.05731,1.18568,0.65998,0.61271,1.3736
2023-03-08,1.05485,1.18371,0.6602,0.6111,1.3784
2023-03-09,1.05775,1.19218,0.66111,0.61301,1.3777
2023-03-10,1.06587,1.20424,0.66098,0.6147,1.3804
2023-03-13,1.07331,1.21595,0.66858,0.62399,1.3687
2023-03-14,1.07216,1.21462,0.66618,0.62239,1.3676
2023-03-15,1.05352,1.20322,0.66111,0.6182,1.3799
2023-03-16,1.06225,1.21109,0.6652,0.61721,1.3761
2023-03-17,1.06474,1.21403,0.66832,0.62488,1.3753
2023-03-20,1.07216,1.22564,0.6711,0.62461,1.3686
2023-03-21,1.07689,1.21951,0.6652,0.61709,1.3732
2023-03-22,1.07921,1.22324,0.66858,0.62208,1.3722
2023-03-23,1.08897,1.23213,0.67191,0.62842,1.3658
2023-03-24,1.07619,1.22249,0.66432,0.62069,1.3763
2023-03-27,1.07887,1.22775,0.66419,0.61889,1.3686
2023-03-28,1.08436,1.23411,0.67092,0.625,1.3615
2023-03-29,1.0826,1.23138,0.668,0.6222,1.3575
2023-03-30,1.08992,1.23686,0.67011,0.6252,1.3536
2023-03-31,1.08719,1.23686,0.67042,0.62712,1.3525
2023-04-03,1.08909,1.24023,0.67838,0.62889,1.3435
2023-04-04,1.09505,1.24984,0.67422,0.6304,1.3454
2023-04-05,1.09182,1.24688,0.67281,0.63299,1.3453
2023-04-06,1.09266,1.24564,0.66738,0.6252,1.3472
2023-04-07,1.09135,1.24224,0.6668,0.62461,1.3513
2023-04-10,1.08401,1.23579,0.66251,0.62019,1.3534
2023-04-11,1.09063,1.24085,0.66489,0.61939,1.348
2023-04-12,1.09866,1.24704,0.66881,0.62131,1.345
2023-04-13,1.10546,1.25313,0.67792,0.63072,1.3344
2023-04-14,1.09806,1.24177,0.6702,0.62081,1.3379
2023-04-17,1.09146,1.23594,0.66921,0.6174,1.3403
2023-04-18,1.09577,1.24193,0.67191,0.62039,1.3391
2023-04-19,1.09529,1.24425,0.67168,0.62062,1.3454
2023-04-20,1.09697,1.24486,0.6754,0.61912,1.3459
2023-04-21,1.09733,1.24193,0.66912,0.6138,1.3534
2023-04-24,1.10266,1.24564,0.66809,0.61421,1.3543
2023-04-25,1.09685,1.23977,0.66278,0.6144,1.3627
2023-04-26,1.10522,1.2486,0.66159,0.6135,1.3601
2023-04-27,1.10169,1.24704,0.66142,0.61331,1.3611
2023-04-28,1.104,1.25818,0.66168,0.6187,1.3552
2023-05-01,1.09697,1.24953,0.66361,0.61709,1.3541
2023-05-02,1.09975,1.2475,0.66698,0.62081,1.3627
2023-05-03,1.10485,1.25471,0.66751,0.62379,1.361
2023-05-04,1.10096,1.25802,0.6676,0.62822,1.357
2023-05-05,1.10266,1.26502,0.67472,0.62988,1.3419
2023-05-08,1.10205,1.26326,0.67921,0.635,1.3356
2023-05-09,1.09529,1.26183,0.67522,0.63211,1.3399
2023-05-10,1.09661,1.26135,0.67641,0.6354,1.3374
2023-05-11,1.09158,1.25016,0.66939,0.6296,1.3487
2023-05-12,1.08566,1.24642,0.66489,0.61931,1.354
2023-05-15,1.08743,1.25266,0.66979,0.62259,1.3482
2023-05-16,1.0866,1.24938,0.66631,0.62371,1.3456
2023-05-17,1.08295,1.2475,0.66511,0.625,1.3483
2023-05-18,1.07759,1.24239,0.66181,0.62189,1.3502
2023-05-19,1.0819,1.24642,0.66609,0.62881,1.3508
2023-05-22,1.08061,1.24254,0.66441,0.62751,1.3508
2023-05-23,1.07712,1.24224,0.66221,0.62602,1.3485
2023-05-24,1.07585,1.23686,0.65411,0.6108,1.3589
2023-05-25,1.0725,1.23244,0.65062,0.60511,1.3636
2023-05-26,1.07135,1.23426,0.65108,0.60459,1.3625
2023-05-30,1.07216,1.24023,0.6513,0.60449,1.3593
2023-05-31,1.06542,1.23962,0.64729,0.59948,1.3588
2023-06-01,1.07515,1.2536,0.65768,0.60761,1.3441
2023-06-02,1.07239,1.24673,0.66159,0.6072,1.3438
2023-06-05,1.07216,1.24394,0.6626,0.60838,1.3419
2023-06-06,1.06952,1.24177,0.66738,0.60801,1.3403
2023-06-07,1.07021,1.24517,0.66609,0.60489,1.3363
2023-06-08,1.07805,1.25471,0.67069,0.60938,1.338
2023-06-09,1.07492,1.25786,0.67399,0.61271,1.3342
2023-06-12,1.07469,1.24891,0.67472,0.6117,1.3377
2023-06-13,1.07921,1.26103,0.6776,0.61482,1.3298
2023-06-14,1.08589,1.26968,0.6832,0.62352,1.3283
2023-06-15,1.09325,1.27616,0.6871,0.62278,1.3237
2023-06-16,1.09254,1.28156,0.68648,0.6222,1.3194
2023-06-20,1.09004,1.27324,0.677,0.61508,1.3246
2023-06-21,1.09505,1.27372,0.6781,0.61889,1.3179
2023-06-22,1.09529,1.27502,0.67531,0.61881,1.3164
2023-06-23,1.08873,1.27016,0.66872,0.61489,1.3196
2023-06-26,1.09099,1.27243,0.66832,0.61702,1.3145
2023-06-27,1.09613,1.27518,0.66832,0.61679,1.3175
2023-06-28,1.09039,1.26374,0.66199,0.6089,1.3249
2023-06-29,1.08814,1.26167,0.66331,0.6075,1.3246
2023-06-30,1.09194,1.27097,0.66631,0.61331,1.3232
2023-07-03,1.09194,1.26952,0.66778,0.6155,1.3243
2023-07-05,1.08684,1.27097,0.66631,0.61851,1.3271
2023-07-06,1.08731,1.2721,0.6619,0.6152,1.3353
2023-07-07,1.09637,1.28386,0.66858,0.621,1.3284
2023-07-10,1.09914,1.2837,0.66689,0.62081,1.3281
2023-07-11,1.09914,1.29016,0.6664,0.61809,1.3249
2023-07-12,1.11235,1.29938,0.6782,0.62941,1.3179
2023-07-13,1.11944,1.30976,0.68729,0.63731,1.3126
2023-07-14,1.12372,1.3113,0.68432,0.63759,1.3204
2023-07-17,1.1236,1.30787,0.68208,0.63351,1.3173
2023-07-18,1.12233,1.30548,0.68171,0.62921,1.3175
2023-07-19,1.11944,1.28982,0.67632,0.62441,1.3158
2023-07-20,1.11346,1.28485,0.67778,0.62239,1.3182
2023-07-21,1.11198,1.28535,0.67372,0.61782,1.3217
2023-07-24,1.10828,1.28287,0.67499,0.62112,1.3154
2023-07-25,1.10497,1.28766,0.67912,0.62239,1.3179
2023-07-26,1.10779,1.29299,0.67558,0.621,1.3218
2023-07-27,1.09975,1.287,0.67399,0.62089,1.3194
2023-07-28,1.10387,1.287,0.66698,0.61671,1.3225
2023-07-31,1.10205,1.28568,0.67299,0.62201,1.316
2023-08-01,1.09709,1.27502,0.66111,0.61421,1.3289
2023-08-02,1.09385,1.27113,0.65419,0.60838,1.3334
2023-08-03,1.09469,1.27097,0.65539,0.60872,1.334
2023-08-04,1.10363,1.27747,0.6605,0.61271,1.3337
2023-08-07,1.09999,1.27698,0.65638,0.60968,1.3372
2023-08-08,1.09505,1.27291,0.65138,0.6047,1.3454
2023-08-09,1.09745,1.27146,0.65249,0.60481,1.3442
2023-08-10,1.10156,1.27259,0.65569,0.60621,1.3401
2023-08-11,1.09565,1.26936,0.64931,0.5983,1.3437
2023-08-14,1.09218,1.26904,0.6496,0.59852,1.3451
2023-08-15,1.09278,1.27453,0.64838,0.59769,1.3472
2023-08-16,1.09039,1.27486,0.644,0.59499,1.3516
2023-08-17,1.08743,1.27535,0.64168,0.5934,1.3522
2023-08-18,1.08755,1.27372,0.64131,0.59421,1.3557
2023-08-21,1.08885,1.27372,0.6393,0.59049,1.3563
2023-08-22,1.0846,1.27324,0.64251,0.59481,1.3547
2023-08-23,1.08625,1.27146,0.64691,0.59741,1.3542
2023-08-24,1.0826,1.26342,0.64259,0.59249,1.3562
2023-08-25,1.07875,1.25707,0.64008,0.59001,1.3626
2023-08-28,1.08096,1.25913,0.64259,0.59119,1.3596
2023-08-29,1.08507,1.26135,0.64591,0.59488,1.3589
2023-08-30,1.09266,1.27259,0.64952,0.59841,1.3515
2023-08-31,1.08389,1.26662,0.64679,0.59481,1.3539
2023-09-01,1.07875,1.25945,0.64491,0.594,1.3582
2023-09-05,1.07273,1.25834,0.6382,0.5883,1.3607
2023-09-06,1.07135,1.24984,0.6382,0.58751,1.3655
2023-09-07,1.07043,1.24844,0.638,0.58841,1.3678
2023-09-08,1.07089,1.24766,0.63861,0.5898,1.3621
2023-09-11,1.07434,1.25298,0.6435,0.5921,1.3581
2023-09-12,1.07262,1.24766,0.6423,0.59049,1.3553
2023-09-13,1.07365,1.24875,0.64251,0.59179,1.3533
2023-09-14,1.06598,1.241,0.6445,0.59172,1.3513
2023-09-15,1.06735,1.23916,0.64421,0.59091,1.3504
2023-09-18,1.06952,1.24023,0.64421,0.592,1.3482
2023-09-19,1.06838,1.23931,0.64579,0.59319,1.3431
2023-09-20,1.07147,1.23885,0.6499,0.59769,1.3424
2023-09-21,1.06644,1.22986,0.64222,0.5934,1.3484
2023-09-22,1.06598,1.22564,0.64529,0.59751,1.3467
2023-09-25,1.0591,1.22175,0.64201,0.59659,1.3473
2023-09-26,1.05731,1.21684,0.64049,0.59542,1.3509
2023-09-27,1.05097,1.2133,0.63678,0.5927,1.3512
2023-09-28,1.05775,1.22234,0.64271,0.5973,1.3474
2023-09-29,1.05843,1.22145,0.64512,0.60129,1.3535
2023-10-02,1.04998,1.213,0.63751,0.5957,1.3666
2023-10-03,1.04526,1.20685,0.62929,0.58948,1.372
2023-10-04,1.05175,1.21566,0.63371,0.59221,1.3739
2023-10-05,1.05274,1.21714,0.635,0.59481,1.3736
2023-10-06,1.05955,1.22549,0.63939,0.59959,1.3657
2023-10-10,1.0618,1.2288,0.643,0.60441,1.3579
2023-10-11,1.06202,1.23047,0.6407,0.6023,1.3617
2023-10-12,1.0553,1.22145,0.63339,0.59439,1.3656
2023-10-13,1.0502,1.21389,0.62901,0.58931,1.365
2023-10-16,1.05463,1.21981,0.63391,0.59242,1.3615
2023-10-17,1.05932,1.22055,0.63771,0.5907,1.3622
2023-10-18,1.05319,1.21507,0.63359,0.58589,1.3696
2023-10-19,1.05697,1.21448,0.63251,0.58391,1.3716
2023-10-20,1.05921,1.21536,0.63191,0.58299,1.3692
2023-10-23,1.06462,1.22354,0.63371,0.58432,1.3676
2023-10-24,1.05955,1.21699,0.63488,0.5835,1.3744
2023-10-25,1.05831,1.21403,0.63339,0.58251,1.3772
2023-10-26,1.05319,1.21124,0.63119,0.5816,1.383
2023-10-27,1.05921,1.21507,0.6352,0.58241,1.3866
2023-10-30,1.06202,1.21566,0.63739,0.5837,1.3829
2023-10-31,1.05675,1.21344,0.63319,0.5816,1.3878
2023-11-01,1.05385,1.21271,0.63629,0.58299,1.3879
2023-11-02,1.0618,1.21743,0.64222,0.58851,1.3788
2023-11-03,1.07331,1.23747,0.6507,0.59902,1.3671
2023-11-06,1.07469,1.23916,0.65028,0.59801,1.3662
2023-11-07,1.06872,1.22956,0.64238,0.59319,1.3769
2023-11-08,1.07147,1.23016,0.6421,0.59291,1.3798
2023-11-09,1.07101,1.2279,0.64201,0.59471,1.3766
2023-11-13,1.06998,1.22684,0.63869,0.58921,1.3781
2023-11-14,1.08613,1.24828,0.6491,0.59869,1.3711
2023-11-15,1.0853,1.24316,0.65181,0.6031,1.3665
2023-11-16,1.08507,1.24224,0.64641,0.5978,1.3774
2023-11-17,1.0879,1.24301,0.64939,0.59709,1.374
2023-11-20,1.09445,1.25047,0.65569,0.60292,1.372
2023-11-21,1.0923,1.25408,0.65681,0.60632,1.369
2023-11-22,1.08707,1.24673,0.65351,0.6014,1.3733
2023-11-24,1.09337,1.26008,0.65841,0.60831,1.3608
2023-11-27,1.09373,1.26135,0.65972,0.60901,1.3633
2023-11-28,1.10072,1.27129,0.66658,0.61482,1.3562
2023-11-29,1.09685,1.26904,0.66181,0.61489,1.3596
2023-11-30,1.09075,1.26406,0.66142,0.6166,1.3587
2023-12-01,1.08778,1.26823,0.666,0.61981,1.3495
2023-12-04,1.08237,1.26326,0.66199,0.61702,1.3537
2023-12-05,1.07875,1.25897,0.65509,0.61331,1.3577
2023-12-06,1.07898,1.25897,0.6569,0.61569,1.358
2023-12-07,1.07945,1.25818,0.66011,0.61728,1.3594
2023-12-08,1.07458,1.25392,0.6569,0.61181,1.3595
2023-12-11,1.07469,1.25502,0.6563,0.612,1.3568
2023-12-12,1.07898,1.25486,0.65608,0.61308,1.3611
2023-12-13,1.07933,1.25266,0.65828,0.61241,1.357
2023-12-14,1.09975,1.27665,0.67132,0.6222,1.3404
2023-12-15,1.09063,1.27097,0.6715,0.62208,1.3374
2023-12-18,1.09194,1.26326,0.6697,0.62069,1.3391
2023-12-19,1.09769,1.27502,0.6765,0.62688,1.334
2023-12-20,1.09565,1.26598,0.67641,0.6283,1.3322
2023-12-21,1.09902,1.26678,0.67898,0.62842,1.3294
2023-12-22,1.10084,1.27194,0.68032,0.62968,1.3259
2023-12-26,1.10351,1.27097,0.68162,0.63219,1.3208
2023-12-27,1.11136,1.27975,0.68442,0.63432,1.3201
2023-12-28,1.1073,1.27437,0.68442,0.6346,1.3202
2023-12-29,1.10619,1.27437,0.68278,0.63399,1.3202
2024-01-02,1.09565,1.26326,0.67709,0.62629,1.331
2024-01-03,1.09087,1.26406,0.672,0.62352,1.3358
2024-01-04,1.09565,1.2692,0.67101,0.62329,1.3355
2024-01-05,1.09565,1.27405,0.67218,0.62551,1.3331
2024-01-08,1.09757,1.27665,0.67191,0.625,1.3361
2024-01-09,1.09349,1.27194,0.66921,0.62418,1.3384
2024-01-10,1.09601,1.27307,0.66921,0.62239,1.3379
2024-01-11,1.09433,1.27113,0.66529,0.62112,1.3439
2024-01-12,1.09589,1.27453,0.66921,0.62469,1.3399
2024-01-16,1.08826,1.26566,0.65972,0.6147,1.3472
2024-01-17,1.08578,1.26662,0.65389,0.61039,1.3523
2024-01-18,1.08625,1.26871,0.65638,0.61069,1.3503
2024-01-19,1.08873,1.26775,0.65811,0.61009,1.3467
2024-01-22,1.08944,1.27275,0.65859,0.61031,1.3454
2024-01-23,1.08295,1.26614,0.6566,0.60709,1.3486
2024-01-24,1.09016,1.27535,0.66011,0.61278,1.3479
2024-01-25,1.08366,1.27,0.65811,0.61158,1.3489
2024-01-26,1.0866,1.27194,0.65889,0.61031,1.3456
2024-01-29,1.08073,1.26807,0.65941,0.61099,1.3439
2024-01-30,1.08436,1.26823,0.6595,0.6129,1.3409
2024-01-31,1.08554,1.27324,0.65998,0.6147,1.3384
2024-02-01,1.08648,1.27275,0.6566,0.6135,1.338
2024-02-02,1.07875,1.26263,0.651,0.60661,1.3458
2024-02-05,1.07365,1.25313,0.64779,0.60481,1.3533
2024-02-06,1.07515,1.25897,0.65172,0.60731,1.3499
2024-02-07,1.07689,1.26295,0.65232,0.6111,1.347
2024-02-08,1.07735,1.26199,0.64901,0.6092,1.3463
2024-02-09,1.07817,1.26279,0.65159,0.6141,1.3478
2024-02-12,1.07735,1.2631,0.65381,0.6138,1.3437
2024-02-13,1.07204,1.26056,0.64599,0.60621,1.3563
2024-02-14,1.07354,1.25612,0.64889,0.60901,1.355
2024-02-15,1.07608,1.25802,0.65079,0.61039,1.3493
2024-02-16,1.07689,1.25897,0.65308,0.61188,1.3483
2024-02-20,1.08143,1.26454,0.656,0.6177,1.3517
2024-02-21,1.08178,1.26247,0.65458,0.61751,1.3504
2024-02-22,1.08155,1.26486,0.65471,0.61881,1.3496
2024-02-23,1.08284,1.26775,0.6566,0.61981,1.3502
2024-02-26,1.08554,1.26807,0.65389,0.61759,1.3513
2024-02-27,1.08566,1.26936,0.65471,0.61728,1.3522
2024-02-28,1.08425,1.26695,0.6496,0.60931,1.357
2024-02-29,1.08073,1.26326,0.65028,0.6092,1.3568
2024-03-01,1.08319,1.26518,0.65291,0.61061,1.3553
2024-03-04,1.08625,1.27016,0.6521,0.61002,1.3563
2024-03-05,1.08613,1.27113,0.6507,0.60909,1.3579
2024-03-06,1.09135,1.27567,0.65768,0.61421,1.3509
2024-03-07,1.09409,1.27959,0.66181,0.61728,1.3466
2024-03-08,1.09409,1.28518,0.66269,0.61801,1.3468
2024-03-11,1.09278,1.28074,0.66081,0.61709,1.3485
2024-03-12,1.09182,1.27861,0.66011,0.61508,1.3495
2024-03-13,1.09445,1.27992,0.6623,0.61592,1.347
2024-03-14,1.08885,1.27486,0.6585,0.61331,1.3516
2024-03-15,1.08885,1.27421,0.6569,0.60909,1.353
2024-03-18,1.08861,1.27356,0.65621,0.60849,1.354
2024-03-19,1.08589,1.27129,0.65278,0.605,1.3578
2024-03-20,1.08566,1.27129,0.65321,0.60368,1.3562
2024-03-21,1.08613,1.26695,0.65699,0.60459,1.3536
2024-03-22,1.08167,1.26024,0.65202,0.59981,1.3594
2024-03-25,1.08366,1.26486,0.65389,0.60038,1.3579
2024-03-26,1.08295,1.26295,0.65381,0.601,1.3568
2024-03-27,1.08213,1.2631,0.65249,0.6002,1.3586
2024-03-28,1.08015,1.26342,0.65249,0.59841,1.353
2024-03-29,1.0791,1.26374,0.6524,0.59869,1.354
2024-04-01,1.07331,1.25455,0.64838,0.59439,1.3579
2024-04-02,1.07689,1.25755,0.6513,0.5968,1.357
2024-04-03,1.08272,1.26342,0.65578,0.59999,1.3521
2024-04-04,1.08648,1.26695,0.66151,0.60419,1.3493
2024-04-05,1.08413,1.26326,0.65841,0.60201,1.358
2024-04-08,1.0853,1.2655,0.6602,0.60321,1.3583
2024-04-09,1.08566,1.26759,0.66221,0.60569,1.3583
2024-04-10,1.07365,1.25439,0.65091,0.59791,1.3688
2024-04-11,1.07216,1.25345,0.65249,0.5983,1.3705
2024-04-12,1.06474,1.24564,0.64779,0.59499,1.3756
2024-04-15,1.0644,1.24657,0.64691,0.5928,1.3751
2024-04-16,1.06281,1.24363,0.64119,0.58879,1.3824
2024-04-17,1.0644,1.24425,0.64189,0.59021,1.3804
2024-04-18,1.06598,1.24657,0.64371,0.59189,1.3755
2024-04-19,1.06553,1.23977,0.6423,0.58948,1.3742
2024-04-22,1.06553,1.23411,0.64392,0.59091,1.3721
2024-04-23,1.06952,1.24347,0.64792,0.59351,1.3676
2024-04-24,1.06872,1.24347,0.64859,0.59242,1.3721
2024-04-25,1.07216,1.24938,0.65062,0.59421,1.3691
2024-04-26,1.0686,1.24735,0.65278,0.594,1.3678
2024-04-29,1.0717,1.25534,0.65651,0.59741,1.3649
2024-04-30,1.06838,1.25141,0.64901,0.59119,1.3748
2024-05-01,1.06803,1.24875,0.6496,0.59028,1.376
2024-05-02,1.07055,1.25063,0.65471,0.59428,1.3696
2024-05-03,1.07701,1.25502,0.66159,0.60208,1.3683
2024-05-06,1.07793,1.25755,0.6623,0.60129,1.3655
2024-05-07,1.07666,1.25345,0.66081,0.60121,1.3712
2024-05-08,1.0755,1.25031,0.6585,0.60038,1.3719
2024-05-09,1.07712,1.25047,0.66059,0.60201,1.369
2024-05-10,1.07735,1.25282,0.66072,0.60201,1.3663
2024-05-13,1.07956,1.25628,0.66111,0.6019,1.3675
2024-05-14,1.08178,1.25881,0.6623,0.60339,1.365
2024-05-15,1.08601,1.26582,0.66738,0.61039,1.3612
2024-05-16,1.08755,1.26823,0.66832,0.61241,1.3606
2024-05-17,1.08696,1.27033,0.66858,0.6132,1.3615
2024-05-20,1.08613,1.27081,0.66751,0.6114,1.3611
2024-05-21,1.08554,1.27097,0.66658,0.60968,1.3644
2024-05-22,1.08366,1.27389,0.66361,0.6105,1.3667
2024-05-23,1.08272,1.27178,0.66291,0.61151,1.3696
2024-05-24,1.08519,1.27453,0.66291,0.61211,1.3665
2024-05-28,1.0879,1.27861,0.66658,0.61569,1.363
2024-05-29,1.08108,1.27146,0.6619,0.61181,1.3702
2024-05-30,1.08366,1.27389,0.66419,0.61278,1.3668
2024-05-31,1.0846,1.27372,0.66401,0.61369,1.3646
2024-06-03,1.08897,1.27943,0.66832,0.61831,1.3626
2024-06-04,1.08778,1.27845,0.66432,0.61751,1.3684
2024-06-05,1.08648,1.27714,0.66432,0.61858,1.3705
2024-06-06,1.08826,1.27861,0.66618,0.61969,1.3684
2024-06-07,1.08073,1.27275,0.65889,0.61128,1.3747
2024-06-10,1.07515,1.27324,0.66111,0.61259,1.3755
2024-06-11,1.07331,1.27243,0.6598,0.6132,1.3764
2024-06-12,1.08425,1.28436,0.67011,0.62189,1.369
2024-06-13,1.07562,1.27632,0.6641,0.6174,1.3746
2024-06-14,1.06986,1.26855,0.66168,0.61421,1.3735
2024-06-17,1.07227,1.26887,0.65989,0.61181,1.3752
2024-06-18,1.07388,1.26984,0.6652,0.61391,1.3723
2024-06-20,1.07078,1.26711,0.6656,0.612,1.3703
2024-06-21,1.0694,1.26454,0.66401,0.612,1.3698
2024-06-24,1.07273,1.26839,0.66551,0.61259,1.3658
2024-06-25,1.07055,1.26775,0.66419,0.61151,1.3658
2024-06-26,1.06815,1.26247,0.66489,0.60779,1.3697
2024-06-27,1.07078,1.26534,0.66481,0.6089,1.3693
2024-06-28,1.07112,1.26406,0.66769,0.60961,1.3684
2024-07-01,1.07285,1.26502,0.6656,0.6072,1.3742
2024-07-02,1.07365,1.26791,0.66591,0.6072,1.3691
2024-07-03,1.07991,1.27665,0.67191,0.6114,1.3624
2024-07-05,1.08284,1.28074,0.67431,0.6138,1.3631
2024-07-08,1.08354,1.28287,0.67408,0.61338,1.3637
2024-07-09,1.08131,1.27877,0.67372,0.61229,1.3636
2024-07-10,1.08225,1.28419,0.67472,0.60831,1.3608
2024-07-11,1.08696,1.29199,0.6776,0.61128,1.3619
2024-07-12,1.09016,1.29853,0.67879,0.61218,1.3627
2024-07-15,1.09123,1.29853,0.67778,0.60938,1.3662
2024-07-16,1.08849,1.29584,0.67259,0.60441,1.3686
2024-07-17,1.09325,1.30073,0.67281,0.60731,1.3683
2024-07-18,1.09135,1.29735,0.67259,0.60669,1.3695
2024-07-19,1.08885,1.29216,0.66939,0.6019,1.3723
2024-07-22,1.08802,1.29116,0.66388,0.59769,1.3756
2024-07-23,1.08554,1.29166,0.6619,0.59609,1.3763
2024-07-24,1.0853,1.29249,0.65998,0.59481,1.3783
2024-07-25,1.08613,1.28833,0.65518,0.59028,1.3809
2024-07-26,1.08589,1.28634,0.65569,0.58948,1.3832
2024-07-29,1.0819,1.28535,0.65398,0.5872,1.3853
2024-07-30,1.08085,1.28287,0.65368,0.58969,1.3848
2024-07-31,1.08225,1.28403,0.65351,0.59471,1.3806
2024-08-01,1.07887,1.27714,0.65219,0.5962,1.3845
2024-08-02,1.09135,1.27975,0.65278,0.59719,1.3846
2024-08-05,1.09565,1.27649,0.6488,0.59301,1.382
2024-08-06,1.09266,1.26952,0.65189,0.5951,1.3791
2024-08-07,1.09254,1.27178,0.65518,0.6015,1.3729
2024-08-08,1.09135,1.27405,0.65811,0.6002,1.3742
2024-08-09,1.09254,1.27665,0.65768,0.60121,1.3725
2024-08-12,1.09278,1.27763,0.6595,0.60208,1.3741
2024-08-13,1.09541,1.28287,0.66129,0.60591,1.3723
2024-08-14,1.10241,1.28485,0.66168,0.60208,1.3696
2024-08-15,1.09866,1.28634,0.66291,0.6006,1.3701
2024-08-16,1.09963,1.29066,0.66489,0.6035,1.3705
2024-08-19,1.10705,1.29836,0.6715,0.60931,1.3659
2024-08-20,1.11062,1.30276,0.67431,0.6144,1.3631
2024-08-21,1.11433,1.3077,0.67531,0.6161,1.3583
2024-08-22,1.11136,1.30941,0.67078,0.61399,1.3605
2024-08-23,1.11757,1.31978,0.67769,0.6212,1.3514
2024-08-26,1.11645,1.31857,0.67719,0.62039,1.3485
2024-08-27,1.11595,1.32345,0.67792,0.62371,1.3454
2024-08-28,1.11272,1.32013,0.6781,0.62418,1.3462
2024-08-29,1.10865,1.31857,0.68069,0.6268,1.346
2024-08-30,1.10595,1.3132,0.6765,0.62418,1.3493
2024-09-03,1.10424,1.31027,0.67209,0.61889,1.3543
2024-09-04,1.10816,1.31423,0.6724,0.61989,1.3519
2024-09-05,1.10963,1.31648,0.67272,0.62131,1.3515
2024-09-06,1.10865,1.31354,0.66778,0.61782,1.3561
2024-09-09,1.10424,1.30822,0.6664,0.61501,1.356
2024-09-10,1.10254,1.30651,0.6652,0.6155,1.3607
2024-09-11,1.1012,1.30276,0.66498,0.61211,1.3595
2024-09-12,1.10412,1.30804,0.66961,0.6152,1.3595
2024-09-13,1.10852,1.31406,0.67119,0.6166,1.3581
2024-09-16,1.11235,1.32013,0.6739,0.61851,1.3599
2024-09-17,1.11185,1.31648,0.6754,0.61831,1.3598
2024-09-18,1.11161,1.31996,0.67609,0.62031,1.3607
2024-09-19,1.1147,1.32784,0.68171,0.6241,1.356
2024-09-20,1.11595,1.33049,0.6806,0.6234,1.3565
2024-09-23,1.11297,1.33511,0.68479,0.62712,1.3502
2024-09-24,1.11495,1.33761,0.68729,0.63211,1.347
2024-09-25,1.11433,1.33387,0.68371,0.6279,1.3466
2024-09-26,1.11844,1.34282,0.69018,0.63271,1.3466
2024-09-27,1.11595,1.33941,0.69109,0.6342,1.3504
2024-09-30,1.11445,1.33994,0.69339,0.63629,1.3511
2024-10-01,1.10668,1.3282,0.6888,0.62842,1.3492
2024-10-02,1.10497,1.32714,0.68951,0.62771,1.3485
2024-10-03,1.10144,1.31148,0.68432,0.62158,1.3533
2024-10-04,1.09613,1.31062,0.67972,0.61561,1.3578
2024-10-07,1.09757,1.30804,0.67609,0.61229,1.3608
2024-10-08,1.09697,1.30924,0.67381,0.61241,1.3662
2024-10-09,1.09505,1.30804,0.67249,0.6065,1.3682
2024-10-10,1.09254,1.30531,0.67331,0.60861,1.3752
2024-10-11,1.09421,1.30702,0.67558,0.6111,1.3768
2024-10-15,1.08992,1.30822,0.67092,0.60861,1.3803
2024-10-16,1.08731,1.30005,0.66618,0.6058,1.3772
2024-10-17,1.08366,1.30073,0.6702,0.60632,1.3791
2024-10-18,1.08542,1.30225,0.67002,0.6065,1.3804
2024-10-21,1.08202,1.29803,0.66609,0.60328,1.3847
2024-10-22,1.0805,1.29685,0.66791,0.60441,1.383
2024-10-23,1.07793,1.29433,0.66322,0.60071,1.3838
2024-10-24,1.08061,1.29634,0.66291,0.60082,1.3858
2024-10-25,1.08131,1.29786,0.66212,0.59941,1.3882
2024-10-28,1.0819,1.29803,0.65872,0.59801,1.3903
2024-10-29,1.0798,1.30056,0.65569,0.59609,1.3909
2024-10-30,1.08637,1.30124,0.65841,0.59859,1.3911
2024-10-31,1.08554,1.28568,0.65501,0.5951,1.3939
2024-11-01,1.08483,1.29584,0.6582,0.59801,1.3925
2024-11-04,1.08838,1.29416,0.65841,0.5978,1.3898
2024-11-05,1.09194,1.30157,0.66331,0.59992,1.385
2024-11-06,1.07319,1.28966,0.65729,0.5946,1.3929
2024-11-07,1.07921,1.29853,0.66711,0.60201,1.3866
2024-11-08,1.07101,1.29049,0.65729,0.59609,1.3921
2024-11-12,1.05977,1.27324,0.65219,0.59172,1.3956
2024-11-13,1.05675,1.27097,0.64859,0.58862,1.3985
2024-11-14,1.05619,1.27065,0.64729,0.5872,1.4025
2024-11-15,1.05519,1.26295,0.64612,0.5862,1.4076
2024-11-18,1.05865,1.26646,0.64981,0.5883,1.4028
2024-11-19,1.05775,1.26662,0.6524,0.5907,1.3981
2024-11-20,1.05208,1.2639,0.64939,0.5872,1.3995
2024-11-21,1.04745,1.25865,0.65028,0.58531,1.396
2024-11-22,1.03993,1.25156,0.64952,0.58272,1.3985
2024-11-25,1.04778,1.25534,0.6491,0.58411,1.4003
2024-11-26,1.04811,1.25471,0.64612,0.58261,1.4058
2024-11-27,1.05753,1.26775,0.64918,0.59021,1.4028
2024-11-29,1.05474,1.26984,0.6513,0.5913,1.4014
2024-12-02,1.04844,1.2639,0.64591,0.58772,1.4069
2024-12-03,1.05175,1.26775,0.6483,0.5883,1.4065
2024-12-04,1.05274,1.27113,0.64358,0.58641,1.4069
2024-12-05,1.05708,1.27535,0.64392,0.58699,1.4035
2024-12-06,1.0563,1.27437,0.6382,0.58319,1.4144
2024-12-09,1.05697,1.27828,0.6462,0.5881,1.412
2024-12-10,1.05119,1.27584,0.63771,0.58021,1.416
2024-12-11,1.05075,1.27632,0.6378,0.57971,1.4126
2024-12-12,1.05141,1.27146,0.63881,0.57901,1.4179
2024-12-13,1.04976,1.26295,0.63589,0.5761,1.424
2024-12-16,1.05119,1.26904,0.63719,0.5781,1.423
2024-12-17,1.05064,1.27178,0.63391,0.5759,1.4312
2024-12-18,1.0469,1.26968,0.6302,0.57189,1.4335
2024-12-19,1.03573,1.25298,0.6252,0.5644,1.4366
2024-12-20,1.04297,1.25865,0.62661,0.56641,1.4354
2024-12-23,1.04091,1.25298,0.6243,0.56491,1.439
2024-12-24,1.03885,1.25282,0.62301,0.56389,1.4383
2024-12-26,1.04232,1.25219,0.6227,0.56319,1.4404
2024-12-27,1.04232,1.25723,0.62081,0.56309,1.4433
2024-12-30,1.03864,1.25235,0.62189,0.56402,1.4374
2024-12-31,1.03509,1.25203,0.61851,0.5596,1.44
2025-01-02,1.02606,1.23762,0.62081,0.5601,1.4422
2025-01-03,1.02923,1.24193,0.62089,0.56041,1.4455
2025-01-06,1.03972,1.25298,0.62512,0.56459,1.4359
2025-01-07,1.03691,1.24984,0.62449,0.5643,1.4341
2025-01-08,1.03135,1.23655,0.6217,0.56129,1.4375
2025-01-09,1.02976,1.23031,0.61962,0.55979,1.4394
2025-01-10,1.02375,1.22145,0.6147,0.55559,1.4437
2025-01-13,1.02093,1.21581,0.6155,0.55559,1.4411
2025-01-14,1.02923,1.21877,0.61839,0.5596,1.4369
2025-01-15,1.02817,1.22145,0.62181,0.56129,1.434
2025-01-16,1.03029,1.22459,0.62208,0.5618,1.4377
2025-01-17,1.0287,1.21803,0.621,0.5596,1.442
2025-01-21,1.04232,1.23305,0.6272,0.5667,1.4328
2025-01-22,1.04199,1.23244,0.62759,0.56689,1.4361
2025-01-23,1.04199,1.23472,0.62869,0.5677,1.4359
2025-01-24,1.05152,1.24953,0.63219,0.57198,1.4331
2025-01-27,1.04921,1.24797,0.62798,0.56821,1.4388
2025-01-28,1.04275,1.24332,0.62469,0.56632,1.4392
2025-01-29,1.04156,1.24347,0.62278,0.56539,1.4432
2025-01-30,1.04199,1.24533,0.62329,0.56539,1.4411
2025-01-31,1.04004,1.24471,0.62418,0.5668,1.4459
2025-02-03,1.02775,1.23885,0.6177,0.55891,1.4601
2025-02-04,1.03788,1.24875,0.6257,0.565,1.4318
2025-02-05,1.04188,1.25156,0.6296,0.5697,1.428
2025-02-06,1.03681,1.24347,0.6279,0.56699,1.4314
2025-02-07,1.03295,1.23962,0.62641,0.5652,1.4311
2025-02-10,1.03125,1.23854,0.6279,0.5651,1.4317
2025-02-11,1.03455,1.24224,0.62941,0.56571,1.4308
2025-02-12,1.03918,1.2444,0.6285,0.56411,1.4288
2025-02-13,1.04275,1.25282,0.62921,0.5652,1.423
2025-02-14,1.04976,1.26088,0.63589,0.57339,1.417
2025-02-18,1.0457,1.26135,0.63528,0.57052,1.4189
2025-02-19,1.04058,1.25707,0.63412,0.57009,1.4235
2025-02-20,1.04745,1.26422,0.6393,0.57561,1.4195
2025-02-21,1.04548,1.2647,0.63759,0.57511,1.4196
2025-02-24,1.04778,1.26406,0.63609,0.57461,1.4224
2025-02-25,1.04976,1.26518,0.63319,0.57159,1.43
2025-02-26,1.05141,1.26968,0.63231,0.5711,1.4346
2025-02-27,1.04145,1.26279,0.62559,0.56468,1.4419
2025-02-28,1.04015,1.25913,0.62112,0.56019,1.4433
2025-03-03,1.04965,1.27113,0.62488,0.56351,1.4399
2025-03-04,1.05341,1.27259,0.6212,0.56211,1.4515
2025-03-05,1.07677,1.28634,0.63119,0.57071,1.4375
2025-03-06,1.08178,1.28932,0.6348,0.57491,1.4282
2025-03-07,1.08589,1.29182,0.63,0.571,1.4385
2025-03-10,1.08366,1.29082,0.6308,0.57251,1.4431
2025-03-11,1.09266,1.29483,0.6285,0.571,1.4462
2025-03-12,1.09254,1.29702,0.6306,0.57231,1.4397
2025-03-13,1.08589,1.2945,0.62889,0.57091,1.4398
2025-03-14,1.08719,1.29166,0.63179,0.57409,1.4377
2025-03-17,1.09218,1.29887,0.63751,0.58109,1.4298
2025-03-18,1.09266,1.2987,0.63561,0.58099,1.4312
2025-03-19,1.08767,1.29685,0.63311,0.5783,1.4328
2025-03-20,1.08483,1.29735,0.63012,0.57511,1.4326
2025-03-21,1.08061,1.28966,0.62661,0.5731,1.4356
2025-03-24,1.07945,1.29132,0.6281,0.57189,1.4292
2025-03-25,1.08038,1.29483,0.63091,0.57379,1.4307
2025-03-26,1.07805,1.28883,0.63072,0.57428,1.4254
2025-03-27,1.08003,1.29634,0.6308,0.57481,1.4316
2025-03-28,1.0826,1.29416,0.63,0.573,1.4282
2025-03-31,1.07956,1.28966,0.6236,0.5666,1.4379
2025-04-01,1.08003,1.29232,0.62779,0.57039,1.4316
2025-04-02,1.08684,1.29735,0.63,0.57409,1.431
2025-04-03,1.10522,1.3113,0.6352,0.5815,1.4062
2025-04-04,1.10144,1.29266,0.6043,0.55932,1.4194
2025-04-07,1.09123,1.27291,0.59801,0.55359,1.4224
2025-04-08,1.09123,1.27698,0.6015,0.55769,1.4199
2025-04-09,1.104,1.27714,0.60031,0.55611,1.4187
2025-04-10,1.11919,1.294,0.6192,0.57221,1.401
2025-04-11,1.1325,1.30514,0.62449,0.57961,1.3895
2025-04-14,1.13585,1.31752,0.63119,0.58672,1.3892
2025-04-15,1.12905,1.32223,0.63581,0.59161,1.3944
2025-04-16,1.13817,1.32468,0.6389,0.59291,1.3882
2025-04-17,1.13636,1.32591,0.6382,0.59709,1.3856
2025-04-18,1.13895,1.32784,0.63751,0.5933,1.3846
2025-04-21,1.15075,1.33851,0.64119,0.6001,1.3818
2025-04-22,1.14666,1.33761,0.6391,0.59941,1.3798
2025-04-23,1.13494,1.32556,0.63759,0.59652,1.3894
2025-04-24,1.13636,1.33085,0.63959,0.59869,1.3889
2025-04-25,1.13804,1.33316,0.63959,0.59691,1.3858
2025-04-28,1.13869,1.33958,0.64131,0.59652,1.3857
2025-04-29,1.1396,1.33976,0.63849,0.594,1.3853
2025-04-30,1.13494,1.3344,0.63992,0.5933,1.3807
2025-05-01,1.1279,1.32732,0.63731,0.59011,1.3847
2025-05-02,1.13302,1.32837,0.6447,0.59549,1.379
2025-05-05,1.13148,1.32837,0.64721,0.59741,1.381
2025-05-06,1.13456,1.3369,0.64889,0.60038,1.3774
2025-05-07,1.13482,1.3344,0.6462,0.59769,1.3773
2025-05-08,1.12486,1.32873,0.6416,0.59221,1.3914
2025-05-09,1.12701,1.33174,0.64251,0.592,1.3925
2025-05-12,1.11062,1.31944,0.6369,0.58641,1.4003
2025-05-13,1.11757,1.32802,0.64721,0.59379,1.3958
2025-05-14,1.12057,1.33032,0.64479,0.59179,1.3963
2025-05-15,1.11894,1.32926,0.64029,0.5873,1.3989
2025-05-16,1.11408,1.32573,0.63951,0.5872,1.3991
2025-05-19,1.1236,1.33565,0.64579,0.59259,1.3944
2025-05-20,1.12537,1.33708,0.64049,0.59091,1.3941
2025-05-21,1.1343,1.34463,0.64679,0.59652,1.3822
2025-05-22,1.12816,1.34264,0.64168,0.5907,1.3856
2025-05-23,1.13494,1.35117,0.64779,0.59769,1.3755
2025-05-27,1.13263,1.35044,0.64371,0.59439,1.3776
2025-05-28,1.12854,1.34626,0.64168,0.5952,1.3819
2025-05-29,1.13701,1.34898,0.64429,0.59801,1.3809
2025-05-30,1.13469,1.3468,0.64342,0.59719,1.3747
2025-06-02,1.14325,1.35483,0.64931,0.6035,1.3699
2025-06-03,1.13727,1.35208,0.6462,0.59992,1.3722
2025-06-04,1.14233,1.35704,0.6499,0.60321,1.3668
2025-06-05,1.14403,1.35833,0.65172,0.60449,1.3667
2025-06-06,1.13973,1.35318,0.6496,0.60201,1.3686
2025-06-09,1.14247,1.3563,0.65261,0.60558,1.3675
2025-06-10,1.14233,1.3508,0.65232,0.60449,1.3683
2025-06-11,1.14903,1.35556,0.6521,0.6047,1.3662
2025-06-12,1.15781,1.35888,0.65249,0.60632,1.3615
2025-06-13,1.15567,1.35943,0.6513,0.6035,1.3575
2025-06-16,1.15808,1.35999,0.65359,0.6072,1.3556
2025-06-17,1.15354,1.35153,0.65151,0.60558,1.3587
2025-06-18,1.15207,1.34716,0.65202,0.60459,1.3683
2025-06-20,1.15194,1.34644,0.64549,0.59691,1.3739
2025-06-23,1.1538,1.34916,0.6423,0.594,1.3773
2025-06-24,1.16077,1.36166,0.6499,0.60161,1.3711
2025-06-25,1.16198,1.36258,0.64931,0.60201,1.375
2025-06-26,1.17165,1.37533,0.65548,0.60691,1.3629
2025-06-27,1.17233,1.37193,0.65351,0.60621,1.3666
2025-06-30,1.17702,1.37212,0.65729,0.6092,1.362
2025-07-01,1.17758,1.37287,0.6572,0.60872,1.3659
2025-07-02,1.17897,1.36221,0.65712,0.60772,1.362
2025-07-03,1.17578,1.36556,0.65759,0.6068,1.3559
2025-07-07,1.1733,1.36388,0.6513,0.6014,1.3644
2025-07-08,1.17069,1.35759,0.6524,0.59941,1.3671
2025-07-09,1.17069,1.35851,0.65321,0.5992,1.3694
2025-07-10,1.16877,1.35685,0.6572,0.6019,1.3682
2025-07-11,1.16959,1.35026,0.65768,0.60111,1.3678
2025-07-14,1.16713,1.34372,0.65501,0.59741,1.3694
2025-07-15,1.16185,1.33958,0.65202,0.5951,1.3713
2025-07-16,1.16293,1.34264,0.65219,0.59389,1.3706
2025-07-17,1.15969,1.34138,0.64851,0.59301,1.3749
2025-07-18,1.16455,1.34391,0.6527,0.59769,1.3711
2025-07-21,1.17055,1.34971,0.65308,0.59791,1.3689
2025-07-22,1.17495,1.35227,0.65561,0.6001,1.3615
2025-07-23,1.17481,1.35667,0.65898,0.6039,1.3609
2025-07-24,1.17647,1.35245,0.66011,0.60408,1.3643
2025-07-25,1.17302,1.34282,0.65561,0.6006,1.3714
2025-07-28,1.1609,1.33923,0.65189,0.5973,1.3718
2025-07-29,1.1534,1.33387,0.65091,0.59549,1.3777
2025-07-30,1.14705,1.32732,0.6452,0.59119,1.3814
2025-07-31,1.14312,1.32205,0.643,0.58941,1.3845
2025-08-01,1.15554,1.32591,0.64679,0.59119,1.3778
2025-08-04,1.15674,1.32908,0.64671,0.5907,1.3775
2025-08-05,1.15794,1.33085,0.64721,0.59011,1.3779
2025-08-06,1.16469,1.33601,0.65041,0.59389,1.3739
2025-08-07,1.16414,1.34336,0.6502,0.59439,1.3749
2025-08-08,1.16604,1.34445,0.65278,0.59559,1.3752
2025-08-11,1.16077,1.34138,0.65121,0.59361,1.3783
2025-08-12,1.16727,1.35099,0.65321,0.5957,1.3762
2025-08-13,1.17151,1.35722,0.65458,0.5978,1.3764
2025-08-14,1.16442,1.35318,0.64901,0.59161,1.3806
2025-08-15,1.17082,1.35648,0.65151,0.59301,1.3808
2025-08-18,1.16673,1.35208,0.64939,0.59249,1.3815
2025-08-19,1.16604,1.34953,0.64591,0.59011,1.3859
2025-08-20,1.16496,1.34499,0.6428,0.58221,1.3874
2025-08-21,1.1605,1.34174,0.6421,0.5818,1.39
2025-08-22,1.17123,1.35281,0.64851,0.5862,1.3845
2025-08-25,1.167,1.34916,0.64998,0.58672,1.3829
2025-08-26,1.16564,1.34844,0.64998,0.58651,1.3823
2025-08-27,1.16104,1.3468,0.6496,0.5848,1.3825
2025-08-28,1.16713,1.35153,0.65321,0.58851,1.375
2025-08-29,1.16945,1.35117,0.65449,0.59011,1.3726
2025-09-02,1.16537,1.33923,0.65159,0.58641,1.3784
2025-09-03,1.16754,1.34481,0.65501,0.5881,1.3787
2025-09-04,1.16482,1.34409,0.65138,0.58381,1.3828
2025-09-05,1.17592,1.35428,0.65699,0.59102,1.3823
2025-09-08,1.17509,1.35501,0.6592,0.59411,1.382
2025-09-09,1.17233,1.35336,0.65928,0.59308,1.3834
2025-09-10,1.17137,1.35483,0.6626,0.59542,1.3843
2025-09-11,1.17316,1.35685,0.66578,0.5973,1.383
2025-09-12,1.17137,1.35465,0.66361,0.59481,1.3858
2025-09-15,1.17716,1.36091,0.66711,0.59719,1.3797
2025-09-16,1.18483,1.36537,0.66778,0.59801,1.3745
2025-09-17,1.18455,1.36612,0.6668,0.59719,1.3761
2025-09-18,1.178,1.3552,0.66129,0.58779,1.3796
2025-09-19,1.17536,1.34844,0.65972,0.58589,1.3772
2025-09-22,1.1773,1.35044,0.65911,0.5863,1.3814
2025-09-23,1.17994,1.35172,0.66011,0.58579,1.3834
2025-09-24,1.17426,1.34499,0.65872,0.5815,1.3894
2025-09-25,1.16727,1.33511,0.65501,0.5777,1.3923
2025-09-26,1.16918,1.34048,0.65458,0.5769,1.3946
2025-09-29,1.17302,1.34336,0.65781,0.5786,1.3904
2025-09-30,1.17343,1.34427,0.66142,0.57991,1.3927
2025-10-01,1.17233,1.34735,0.6605,0.58109,1.3953
2025-10-02,1.16959,1.34228,0.6588,0.58129,1.3974
2025-10-03,1.17467,1.34807,0.66151,0.58401,1.3946
2025-10-06,1.17069,1.34753,0.66199,0.58381,1.3945
2025-10-07,1.16741,1.34409,0.65872,0.58059,1.3949
2025-10-08,1.16063,1.33905,0.6582,0.5779,1.3953
2025-10-09,1.15594,1.3312,0.65561,0.57451,1.4009
2025-10-10,1.16131,1.33422,0.64952,0.5733,1.3997
2025-10-14,1.16077,1.33209,0.64918,0.57189,1.4041
2025-10-15,1.16374,1.33958,0.65138,0.57241,1.4033
2025-10-16,1.16645,1.34246,0.64918,0.5732,1.4045
2025-10-17,1.16741,1.34246,0.64859,0.57221,1.4046
2025-10-20,1.16564,1.34192,0.65172,0.57511,1.4029
2025-10-21,1.16158,1.33905,0.6499,0.57471,1.401
2025-10-22,1.16117,1.33726,0.6502,0.57531,1.3978
2025-10-23,1.16117,1.33227,0.65159,0.57511,1.3991
2025-10-24,1.16266,1.32979,0.65108,0.57481,1.4013
2025-10-27,1.1636,1.33316,0.65539,0.5763,1.3995
2025-10-28,1.16591,1.32802,0.6585,0.578,1.3937
2025-10-29,1.16645,1.32433,0.66129,0.57981,1.3893
2025-10-30,1.15634,1.31475,0.65548,0.57471,1.3982
2025-10-31,1.15407,1.31406,0.65458,0.5728,1.401
2025-11-03,1.15314,1.31492,0.65368,0.57091,1.4049
2025-11-04,1.14916,1.30446,0.6502,0.5666,1.4081
2025-11-05,1.1485,1.30514,0.65121,0.56641,1.4108
2025-11-06,1.15393,1.31062,0.64679,0.56309,1.4127
2025-11-07,1.15781,1.31648,0.64758,0.5617,1.4075
2025-11-10,1.15447,1.31562,0.65219,0.56329,1.4029
2025-11-12,1.15915,1.31303,0.65411,0.56632,1.4
2025-11-13,1.16496,1.32135,0.65531,0.56779,1.401
2025-11-14,1.16171,1.31562,0.65488,0.5685,1.4023
2025-11-17,1.15982,1.31787,0.65159,0.56741,1.4028
2025-11-18,1.15794,1.31527,0.65049,0.56609,1.3996
2025-11-19,1.15393,1.3077,0.64679,0.56029,1.4049
2025-11-20,1.1534,1.30787,0.64479,0.55969,1.4092
2025-11-21,1.15062,1.30993,0.6457,0.56092,1.4094
2025-11-24,1.15181,1.30959,0.64562,0.5607,1.411
2025-11-25,1.15527,1.31735,0.64529,0.56092,1.4115
2025-11-26,1.15915,1.32275,0.65159,0.56941,1.4051
2025-11-28,1.15996,1.32398,0.65518,0.57369,1.3974
2025-12-01,1.16225,1.32293,0.65539,0.57369,1.3982
2025-12-02,1.15955,1.31857,0.65561,0.5727,1.3988
2025-12-03,1.16604,1.33333,0.6592,0.5769,1.395
2025-12-04,1.16591,1.33547,0.6619,0.5775,1.3939
2025-12-05,1.16347,1.33245,0.66348,0.5771,1.3858
2025-12-08,1.16266,1.33209,0.66221,0.5771,1.3846
2025-12-09,1.16387,1.33191,0.66529,0.57931,1.3832
2025-12-10,1.16496,1.33404,0.66419,0.5788,1.3834
2025-12-11,1.17564,1.34282,0.66711,0.5819,1.3769
2025-12-12,1.17316,1.33511,0.66401,0.57931,1.3783
2025-12-15,1.17564,1.33797,0.66432,0.57951,1.3765
2025-12-16,1.17702,1.34282,0.6637,0.57941,1.3749
2025-12-17,1.17481,1.33905,0.66081,0.5776,1.3791
2025-12-18,1.17288,1.33887,0.6619,0.5781,1.3762
2025-12-19,1.17206,1.33797,0.66168,0.576,1.378
2025-12-22,1.17495,1.34571,0.66569,0.57981,1.3744
2025-12-23,1.17758,1.34844,0.66939,0.58319,1.3713
2025-12-24,1.178,1.35044,0.67069,0.5837,1.3671
2025-12-26,1.17661,1.34916,0.67101,0.58299,1.3662
2025-12-29,1.17564,1.34971,0.66899,0.58069,1.368
2025-12-30,1.17647,1.34807,0.67029,0.58042,1.3678
2025-12-31,1.17357,1.34463,0.66689,0.57551,1.3712
2026-01-02,1.17385,1.34807,0.6684,0.5767,1.3738
2026-01-05,1.17151,1.35263,0.67182,0.5789,1.3757
2026-01-06,1.16891,1.34971,0.67322,0.5779,1.3789
2026-01-07,1.16904,1.34735,0.67281,0.578,1.3828
2026-01-08,1.1655,1.343,0.66939,0.57501,1.3864
2026-01-09,1.16347,1.34138,0.6684,0.5731,1.3893
2026-01-12,1.16713,1.34662,0.67159,0.5764,1.3876
2026-01-13,1.16455,1.34354,0.6684,0.57461,1.3885
2026-01-14,1.1655,1.34445,0.66791,0.57501,1.3871
2026-01-15,1.1605,1.33869,0.67051,0.57428,1.3896
2026-01-16,1.15996,1.33833,0.66818,0.57511,1.392
2026-01-20,1.17385,1.34716,0.67431,0.5848,1.3821
2026-01-21,1.17055,1.343,0.6765,0.5849,1.3813
2026-01-22,1.17385,1.34898,0.68339,0.59021,1.3799
2026-01-23,1.17716,1.35906,0.68781,0.59291,1.3726
2026-01-26,1.18864,1.36986,0.69329,0.59891,1.3692
2026-01-27,1.19804,1.37817,0.69779,0.60179,1.3598
2026-01-28,1.19403,1.37874,0.6993,0.60321,1.3575
2026-01-29,1.19432,1.3795,0.70102,0.60529,1.3518
2026-01-30,1.1885,1.37287,0.6995,0.60481,1.3557
2026-02-02,1.18064,1.36537,0.69599,0.601,1.3677
2026-02-03,1.18189,1.37005,0.7019,0.605,1.3644
2026-02-04,1.18036,1.36593,0.69959,0.60049,1.3667
2026-02-05,1.18022,1.35501,0.6974,0.59902,1.367
2026-02-06,1.1812,1.36054,0.70141,0.60201,1.3644
2026-02-09,1.18977,1.36668,0.70872,0.60481,1.357
2026-02-10,1.18977,1.36631,0.70721,0.60459,1.3533
2026-02-11,1.18835,1.36537,0.71291,0.60569,1.3569
2026-02-12,1.18694,1.36314,0.70972,0.6047,1.3623
2026-02-13,1.18694,1.36444,0.70681,0.60361,1.3618
2026-02-17,1.18315,1.35391,0.70641,0.60292,1.3652
2026-02-18,1.18106,1.35355,0.70651,0.59859,1.3675
2026-02-19,1.17619,1.34463,0.70502,0.5968,1.3701
2026-02-20,1.17813,1.35007,0.70822,0.59741,1.3688
2026-02-23,1.18036,1.35099,0.70611,0.59659,1.3685
2026-02-24,1.17897,1.35318,0.70671,0.5973,1.3702
2026-02-25,1.18036,1.3552,0.71159,0.5992,1.3685
2026-02-26,1.17925,1.35044,0.70922,0.59741,1.3683
2026-02-27,1.18217,1.34553,0.7121,0.59999,1.3632
2026-03-02,1.16904,1.33923,0.70671,0.59301,1.3705
2026-03-03,1.16036,1.33298,0.70259,0.58851,1.3662
2026-03-04,1.16374,1.33708,0.70721,0.5934,1.3661
2026-03-05,1.15848,1.33191,0.70048,0.58921,1.3693
2026-03-06,1.16063,1.33976,0.7022,0.59021,1.3599
2026-03-09,1.15915,1.33958,0.70462,0.59179,1.3573
2026-03-10,1.16482,1.34608,0.715,0.59559,1.3562
2026-03-11,1.1566,1.33994,0.715,0.59091,1.3603
2026-03-12,1.15221,1.33494,0.70892,0.58689,1.3618
2026-03-13,1.14443,1.32398,0.70038,0.58042,1.3736
2026-03-16,1.14877,1.33014,0.70552,0.58469,1.3683
2026-03-17,1.15247,1.33458,0.70998,0.58579,1.3706
2026-03-18,1.15128,1.33227,0.70781,0.58401,1.3697
2026-03-19,1.15154,1.33618,0.70358,0.58319,1.3721
2026-03-20,1.15433,1.33032,0.70328,0.58401,1.3731
2026-03-23,1.15875,1.33851,0.6995,0.58432,1.3718
2026-03-24,1.15781,1.33833,0.69648,0.5818,1.3764
2026-03-25,1.15701,1.33726,0.69618,0.5815,1.3799
2026-03-26,1.1542,1.33529,0.69132,0.5779,1.3849
2026-03-27,1.15194,1.32926,0.68899,0.5759,1.388
2026-03-30,1.14534,1.31909,0.68578,0.57149,1.3921
2026-03-31,1.15181,1.31839,0.68549,0.571,1.3953
2026-04-01,1.16144,1.33316,0.6944,0.577,1.3875
2026-04-02,1.1546,1.32415,0.69109,0.5727,1.3917
2026-04-03,1.15234,1.32013,0.68942,0.56951,1.3942
2026-04-06,1.15447,1.32345,0.6919,0.57189,1.3913
2026-04-07,1.15714,1.32398,0.6944,0.57039,1.3905
2026-04-08,1.16863,1.34391,0.70621,0.5836,1.3851
2026-04-09,1.17055,1.34427,0.70862,0.58699,1.3807
2026-04-10,1.17233,1.34608,0.70781,0.58421,1.3828
2026-04-13,1.17096,1.3459,0.70631,0.58432,1.3811
2026-04-14,1.17911,1.3563,0.71311,0.5907,1.3757
2026-04-15,1.17994,1.35685,0.71608,0.59081,1.374
2026-04-16,1.17827,1.35391,0.717,0.58959,1.3706
2026-04-17,1.18008,1.35556,0.71922,0.59102,1.3667
2026-04-20,1.17855,1.35428,0.71751,0.58921,1.3649
2026-04-21,1.17523,1.35117,0.71638,0.59049,1.3642
2026-04-22,1.17137,1.35044,0.71618,0.59102,1.3659
2026-04-23,1.17041,1.34953,0.71561,0.58789,1.3682
2026-04-24,1.17178,1.35172,0.71541,0.5881,1.3675
2026-04-27,1.17316,1.35538,0.71932,0.59179,1.3616
2026-04-28,1.17151,1.35135,0.71808,0.589,1.3671
2026-04-29,1.16945,1.34935,0.71301,0.5837,1.3671
2026-04-30,1.17288,1.35796,0.71839,0.58921,1.3611
2026-05-01,1.1755,1.36203,0.72192,0.59179,1.3575
2026-05-04,1.16986,1.35355,0.71669,0.5873,1.3608
2026-05-05,1.17069,1.35759,0.71958,0.59028,1.3609
2026-05-06,1.17536,1.35962,0.72348,0.59559,1.3621
2026-05-07,1.17633,1.36129,0.72411,0.5962,1.3636
2026-05-08,1.1773,1.36258,0.72422,0.59598,1.3679
2026-05-11,1.178,1.36519,0.7259,0.59691,1.3664
2026-05-12,1.1733,1.35281,0.72239,0.59439,1.3712
2026-05-13,1.1711,1.35208,0.72632,0.59368,1.3701
2026-05-14,1.16782,1.34807,0.72249,0.59231,1.3724
2026-05-15,1.16266,1.33316,0.7151,0.58411,1.375
2026-05-18,1.16496,1.34192,0.71602,0.58679,1.3742
2026-05-19,1.16023,1.34012,0.71008,0.58319,1.3754
2026-05-20,1.16198,1.34409,0.71521,0.58699,1.3747
2026-05-21,1.15888,1.34066,0.71342,0.58569,1.3788
2026-05-22,1.16036,1.34391,0.71322,0.58551,1.3817
2026-05-26,1.16198,1.34372,0.71618,0.5835,1.3803
2026-05-27,1.16306,1.34318,0.71372,0.58941,1.3829
2026-05-28,1.16496,1.34372,0.71592,0.5927,1.3798
2026-05-29,1.16795,1.34753,0.71911,0.5992,1.3784
2026-06-01,1.16239,1.34517,0.71531,0.59308,1.3837
2026-06-02,1.16414,1.34807,0.7186,0.5933,1.3822
2026-06-03,1.1605,1.34354,0.71388,0.5871,1.3891
2026-06-04,1.16293,1.34409,0.71429,0.58789,1.3889
2026-06-05,1.15327,1.33601,0.70602,0.58089,1.3931
2026-06-08,1.15447,1.33476,0.70552,0.5817,1.3949
2026-06-09,1.15554,1.33887,0.70279,0.58241,1.3957
2026-06-10,1.155,1.33923,0.7022,0.58231,1.3927
2026-06-11,1.15154,1.33369,0.6995,0.5779,1.4004
2026-06-12,1.15727,1.34138,0.70472,0.58289,1.3971
2026-06-15,1.15996,1.34264,0.70811,0.5835,1.3984
2026-06-16,1.16144,1.34372,0.70771,0.58411,1.3982
2026-06-17,1.15929,1.33994,0.70731,0.5818,1.403
2026-06-18,1.14705,1.32275,0.7019,0.5758,1.4142
2026-06-22,1.14325,1.32485,0.69999,0.57212,1.4167
2026-06-23,1.1383,1.31926,0.69262,0.56721,1.4198
2026-06-24,1.13482,1.31596,0.68951,0.56459,1.4237
2026-06-25,1.13856,1.32153,0.69219,0.5659,1.4191
2026-06-26,1.14025,1.32223,0.6907,0.5651,1.4182
2026-06-29,1.14247,1.32556,0.68852,0.565,1.421
2026-06-30,1.14168,1.32591,0.69152,0.5676,1.4205
2026-07-01,1.13843,1.32802,0.69032,0.56779,1.4205
2026-07-02,1.14482,1.33636,0.6931,0.57071,1.4182
2026-07-06,1.1426,1.3369,0.6944,0.56909,1.4214
2026-07-07,1.14233,1.33726,0.69348,0.5686,1.4194
2026-07-08,1.1396,1.33618,0.69109,0.56841,1.419
2026-07-09,1.1439,1.34084,0.6944,0.5761,1.4163
2026-07-10,1.14377,1.3421,0.69589,0.5774,1.4132
2026-07-13,1.14025,1.33815,0.69348,0.5771,1.4138
2026-07-14,1.14286,1.33833,0.6974,0.58079,1.4067
2026-07-15,1.14364,1.34971,0.69989,0.58391,1.4047
2026-07-16,1.14469,1.34844,0.70038,0.58449,1.4033
2026-07-17,1.14403,1.34463,0.69852,0.5848,1.4014
2026-07-20,1.14116,1.34192,0.70038,0.58469,1.4059
2026-07-21,1.14077,1.33743,0.70082,0.58319,1.4097
2026-07-22,1.14142,1.33779,0.69999,0.58231,1.4084
2026-07-23,1.13727,1.33138,0.6975,0.5776,1.4087
2026-07-24,1.13856,1.3344,0.69959,0.58021,1.4078
2026-07-27,1.13766,1.33032,0.6993,0.578,1.411
2026-07-28,1.14012,1.33103,0.69842,0.57981,1.4091
2026-07-29,1.13843,1.32873,0.693,0.5769,1.4086
2026-07-30,1.15221,1.34626,0.7022,0.58761,1.4003
2026-07-31,1.15194,1.34698,0.70259,0.58789,1.4028
2026-08-03,1.15088,1.34336,0.70008,0.58679,1.4039
2026-08-04,1.15274,1.34553,0.70378,0.58889,1.4071
2026-08-05,1.15473,1.34626,0.70512,0.58799,1.4018
2026-08-06,1.15207,1.34553,0.70279,0.58672,1.4029
2026-08-07,1.15594,1.34971,0.70641,0.58921,1.3933
2026-08-10,1.15513,1.35263,0.70661,0.5891,1.3927
2026-08-11,1.15433,1.35153,0.70621,0.5882,1.3923
2026-08-12,1.15393,1.35117,0.70701,0.58672,1.3919
2026-08-13,1.15314,1.34971,0.70582,0.5848,1.3934
2026-08-14,1.15808,1.35556,0.70912,0.58969,1.3872
2026-08-17,1.15915,1.35648,0.71129,0.59102,1.3867
2026-08-18,1.15794,1.35428,0.70972,0.58799,1.3889
2026-08-19,1.16645,1.36073,0.7123,0.59301,1.3821
2026-08-20,1.16795,1.36388,0.712,0.59488,1.378
2026-08-21,1.16836,1.36444,0.71782,0.5983,1.3765
2026-08-24,1.16645,1.36314,0.7151,0.5957,1.384
2026-08-25,1.16727,1.36444,0.71602,0.59719,1.3833
2026-08-26,1.16509,1.35943,0.7169,0.59379,1.3876
2026-08-27,1.16537,1.35999,0.71979,0.59531,1.3854
2026-08-28,1.15982,1.35556,0.71659,0.59151,1.3895
2026-08-31,1.16171,1.35501,0.71659,0.59172,1.3862
2026-09-01,1.15929,1.35263,0.71608,0.59049,1.3902
2026-09-02,1.15915,1.35026,0.7169,0.58469,1.385
2026-09-03,1.16225,1.35355,0.71989,0.58851,1.3782
2026-09-04,1.16185,1.35208,0.72088,0.589,1.3834
2026-09-08,1.16266,1.35428,0.72181,0.58551,1.3779
2026-09-09,1.16266,1.35483,0.72192,0.58421,1.3805
2026-09-10,1.16293,1.35318,0.7171,0.58099,1.3806
2026-09-11,1.16036,1.35245,0.71741,0.5817,1.3864
2026-09-14,1.15487,1.34935,0.71408,0.5779,1.3911
2026-09-15,1.1542,1.34789,0.71281,0.57571,1.3916
2026-09-16,1.1538,1.34517,0.71322,0.5759,1.3934
2026-09-17,1.14784,1.33476,0.71139,0.57359,1.3991
2026-09-18,1.14639,1.33726,0.71109,0.571,1.4008
2026-09-21,1.14692,1.33708,0.7123,0.57189,1.4023
2026-09-22,1.14325,1.33262,0.71018,0.57149,1.407
2026-09-23,1.13934,1.32538,0.70358,0.56721,1.4098
2026-09-24,1.13727,1.3217,0.70161,0.5659,1.414
2026-09-25,1.13999,1.32503,0.70328,0.5667,1.414
