Date,gross_pnl,cost,net_pnl,n_pairs,in_market,position,cum_net,cum_gross
2022-06-13,0.0,0.0,0.0,2,0,0,0.0,0.0
2022-06-14,0.0,9.999999999999998e-05,-9.999999999999998e-05,2,1,1,-9.999999999999998e-05,0.0
2022-06-15,0.0016795696071817128,0.0,0.0016795696071817128,2,1,1,0.0015795696071817127,0.0016795696071817128
2022-06-16,0.0044491457342480615,0.0,0.0044491457342480615,2,1,1,0.006028715341429774,0.006128715341429774
2022-06-17,-0.002433853327088769,0.00010117810725609794,-0.002535031434344867,2,0,0,0.003493683907084907,0.003694862014341005
2022-06-21,0.0,0.0,0.0,2,0,0,0.003493683907084907,0.003694862014341005
2022-06-22,0.0,0.0,0.0,2,0,0,0.003493683907084907,0.003694862014341005
2022-06-23,0.0,0.0,0.0,2,0,0,0.003493683907084907,0.003694862014341005
2022-06-24,0.0,0.0,0.0,2,0,0,0.003493683907084907,0.003694862014341005
2022-06-27,0.0,0.0,0.0,2,0,0,0.003493683907084907,0.003694862014341005
2022-06-28,0.0,0.0,0.0,2,0,0,0.003493683907084907,0.003694862014341005
2022-06-29,0.0,0.0,0.0,2,0,0,0.003493683907084907,0.003694862014341005
2022-06-30,0.0,0.0,0.0,2,0,0,0.003493683907084907,0.003694862014341005
2022-07-01,0.0,0.0,0.0,2,0,0,0.003493683907084907,0.003694862014341005
2022-07-05,0.0,0.0,0.0,2,0,0,0.003493683907084907,0.003694862014341005
2022-07-06,0.0,0.0,0.0,2,0,0,0.003493683907084907,0.003694862014341005
2022-07-07,0.0,0.0,0.0,2,0,0,0.003493683907084907,0.003694862014341005
2022-07-08,0.0,0.0,0.0,2,0,0,0.003493683907084907,0.003694862014341005
2022-07-11,0.0,0.0,0.0,2,0,0,0.003493683907084907,0.003694862014341005
2022-07-12,0.0,0.0,0.0,2,0,0,0.003493683907084907,0.003694862014341005
2022-07-13,0.0,0.0,0.0,2,0,0,0.003493683907084907,0.003694862014341005
2022-07-14,0.0,0.0,0.0,2,0,0,0.003493683907084907,0.003694862014341005
2022-07-15,0.0,0.0,0.0,2,0,0,0.003493683907084907,0.003694862014341005
2022-07-18,0.0,0.0,0.0,2,0,0,0.003493683907084907,0.003694862014341005
2022-07-19,0.0,0.0,0.0,2,0,0,0.003493683907084907,0.003694862014341005
2022-07-20,0.0,0.0,0.0,2,0,0,0.003493683907084907,0.003694862014341005
2022-07-21,0.0,0.0,0.0,2,0,0,0.003493683907084907,0.003694862014341005
2022-07-22,0.0,0.0,0.0,2,0,0,0.003493683907084907,0.003694862014341005
2022-07-25,0.0,0.0,0.0,2,0,0,0.003493683907084907,0.003694862014341005
2022-07-26,0.0,0.0,0.0,2,0,0,0.003493683907084907,0.003694862014341005
2022-07-27,0.0,9.999999999999998e-05,-9.999999999999998e-05,2,1,1,0.003393683907084907,0.003694862014341005
2022-07-28,-0.0014760063825164757,0.0,-0.0014760063825164757,2,1,1,0.0019176775245684312,0.0022188556318245294
2022-07-29,-0.0007084848345002781,0.0,-0.0007084848345002781,2,1,1,0.0012091926900681532,0.0015103707973242514
2022-08-01,-0.0010908419182547558,0.0,-0.0010908419182547558,2,1,1,0.0001183507718133974,0.00041952887906949554
2022-08-02,5.90333026388144e-05,0.0,5.90333026388144e-05,2,1,1,0.0001773840744522118,0.00047856218170830994
2022-08-03,0.0012733830104728714,0.0,0.0012733830104728714,2,1,1,0.0014507670849250832,0.0017519451921811813
2022-08-04,0.0012106041121946267,0.0,0.0012106041121946267,2,1,1,0.00266137119711971,0.002962549304375808
2022-08-05,0.0010300478462454087,0.0,0.0010300478462454087,2,1,1,0.0036914190433651184,0.0039925971506212165
2022-08-08,-0.00020766395499323908,0.0,-0.00020766395499323908,2,1,1,0.003483755088371879,0.0037849331956279772
2022-08-09,0.0005822949440607491,0.0,0.0005822949440607491,2,1,1,0.0040660500324326285,0.004367228139688727
2022-08-10,-0.0018211408440418674,0.00010198717638229248,-0.0019231280204241598,2,0,0,0.0021429220120084687,0.0025460872956468593
2022-08-11,0.0,0.0,0.0,2,0,0,0.0021429220120084687,0.0025460872956468593
2022-08-12,0.0,0.0,0.0,2,0,0,0.0021429220120084687,0.0025460872956468593
2022-08-15,0.0,0.0,0.0,2,0,0,0.0021429220120084687,0.0025460872956468593
2022-08-16,0.0,0.0,0.0,2,0,0,0.0021429220120084687,0.0025460872956468593
2022-08-17,0.0,0.0,0.0,2,0,0,0.0021429220120084687,0.0025460872956468593
2022-08-18,0.0,0.0,0.0,2,0,0,0.0021429220120084687,0.0025460872956468593
2022-08-19,0.0,0.0,0.0,2,0,0,0.0021429220120084687,0.0025460872956468593
2022-08-22,0.0,0.0,0.0,2,0,0,0.0021429220120084687,0.0025460872956468593
2022-08-23,0.0,0.0,0.0,2,0,0,0.0021429220120084687,0.0025460872956468593
2022-08-24,0.0,0.0,0.0,2,0,0,0.0021429220120084687,0.0025460872956468593
2022-08-25,0.0,0.0,0.0,2,0,0,0.0021429220120084687,0.0025460872956468593
2022-08-26,0.0,0.0,0.0,2,0,0,0.0021429220120084687,0.0025460872956468593
2022-08-29,0.0,0.0,0.0,2,0,0,0.0021429220120084687,0.0025460872956468593
2022-08-30,0.0,0.0001,-0.0001,2,1,1,0.002042922012008469,0.0025460872956468593
2022-08-31,-0.001035311831475414,0.0,-0.001035311831475414,2,1,1,0.0010076101805330548,0.0015107754641714452
2022-09-01,-0.0005003724446737598,0.0,-0.0005003724446737598,2,1,1,0.000507237735859295,0.0010104030194976854
2022-09-02,-0.0004923839774287249,0.0001,-0.0005923839774287249,2,1,1,-8.514624156942996e-05,0.0005180190420689605
2022-09-06,0.0007837864509651472,0.0,0.0007837864509651472,2,1,1,0.0006986402093957173,0.0013018054930341077
2022-09-07,-0.0030561366244211785,0.0,-0.0030561366244211785,2,1,1,-0.002357496415025461,-0.0017543311313870707
2022-09-08,0.00138642564591374,0.0,0.00138642564591374,2,1,1,-0.0009710707691117212,-0.0003679054854733308
2022-09-09,0.0024028596152610346,0.0,0.0024028596152610346,2,1,1,0.0014317888461493134,0.002034954129787704
2022-09-12,0.001766661488657357,9.95771519779576e-05,0.0016670843366793995,2,1,1,0.003098873182828713,0.003801615618445061
2022-09-13,-0.0019789379736364367,0.0,-0.0019789379736364367,2,1,1,0.0011199352091922762,0.0018226776448086244
2022-09-14,0.0010518274188107278,0.0,0.0010518274188107278,2,1,1,0.002171762628003004,0.0028745050636193523
2022-09-15,-0.002344373391580372,0.0,-0.002344373391580372,2,1,1,-0.00017261076357736813,0.0005301316720389801
2022-09-16,-0.001795794116413668,0.0,-0.001795794116413668,2,1,1,-0.001968404879991036,-0.001265662444374688
2022-09-19,-0.0002433208088101778,9.999999999999998e-05,-0.0003433208088101778,2,1,1,-0.002311725688801214,-0.0015089832531848656
2022-09-20,-0.001293616679841832,0.0,-0.001293616679841832,2,1,1,-0.003605342368643046,-0.002802599933026698
2022-09-21,-0.0006577087747635143,0.0,-0.0006577087747635143,2,1,1,-0.00426305114340656,-0.0034603087077902123
2022-09-22,-0.003168722046026002,0.0,-0.003168722046026002,2,1,1,-0.0074317731894325625,-0.0066290307538162145
2022-09-23,-0.005591006239669692,0.0,-0.005591006239669692,2,1,1,-0.013022779429102255,-0.012220036993485906
2022-09-26,-0.006368543216416096,0.0,-0.006368543216416096,2,1,1,-0.01939132264551835,-0.018588580209902002
2022-09-27,0.0011261900679588764,0.0,0.0011261900679588764,2,1,1,-0.018265132577559472,-0.017462390141943125
2022-09-28,0.0026278519706445756,0.0,0.0026278519706445756,2,1,1,-0.015637280606914897,-0.01483453817129855
2022-09-29,0.00012539302636856587,0.0,0.00012539302636856587,2,1,1,-0.015511887580546332,-0.014709145144929985
2022-09-30,-0.000298448304544981,0.0,-0.000298448304544981,2,1,1,-0.015810335885091314,-0.015007593449474966
2022-10-03,0.004625186625472065,0.0,0.004625186625472065,2,1,1,-0.01118514925961925,-0.010382406824002901
2022-10-04,0.002397159376261321,9.877080966450862e-05,0.002298388566596812,2,1,1,-0.008886760693022439,-0.00798524744774158
2022-10-05,-0.0015301683848777412,0.0,-0.0015301683848777412,2,1,1,-0.01041692907790018,-0.009515415832619322
2022-10-06,-0.0006228223202250174,0.0,-0.0006228223202250174,2,1,1,-0.011039751398125196,-0.010138238152844339
2022-10-07,0.001335585906115506,0.0,0.001335585906115506,2,1,1,-0.00970416549200969,-0.008802652246728833
2022-10-11,-0.0018277147940538017,0.0,-0.0018277147940538017,2,1,1,-0.011531880286063492,-0.010630367040782634
2022-10-12,-0.00102845962300047,0.0,-0.00102845962300047,2,1,1,-0.012560339909063961,-0.011658826663783104
2022-10-13,-0.0009296594231146551,0.0,-0.0009296594231146551,2,1,1,-0.013489999332178617,-0.01258848608689776
2022-10-14,-0.0023953617416293503,0.0,-0.0023953617416293503,2,1,1,-0.015885361073807967,-0.01498384782852711
2022-10-17,0.0021790890478598627,0.0,0.0021790890478598627,2,1,1,-0.013706272025948105,-0.012804758780667247
2022-10-18,-0.000750790456574161,0.0,-0.000750790456574161,2,1,1,-0.014457062482522267,-0.013555549237241409
2022-10-19,0.0009498224012434502,0.0,0.0009498224012434502,2,1,1,-0.013507240081278817,-0.01260572683599796
2022-10-20,0.0014215142507767536,0.0,0.0014215142507767536,2,1,1,-0.012085725830502063,-0.011184212585221205
2022-10-21,0.0011835189978184567,0.0,0.0011835189978184567,2,1,1,-0.010902206832683607,-0.01000069358740275
2022-10-24,-0.0009393556581130077,0.0,-0.0009393556581130077,2,1,1,-0.011841562490796615,-0.010940049245515757
2022-10-25,0.0008294345680240835,0.0,0.0008294345680240835,2,1,1,-0.011012127922772532,-0.010110614677491674
2022-10-26,0.0004435443675531972,0.0,0.0004435443675531972,2,1,1,-0.010568583555219335,-0.009667070309938477
2022-10-27,0.000954054264980884,0.00010176688734176571,0.0008522873776391183,2,0,0,-0.009716296177580217,-0.008713016044957594
2022-10-28,0.0,0.0,0.0,2,0,0,-0.009716296177580217,-0.008713016044957594
2022-10-31,0.0,0.0,0.0,2,0,0,-0.009716296177580217,-0.008713016044957594
2022-11-01,0.0,0.0,0.0,2,0,0,-0.009716296177580217,-0.008713016044957594
2022-11-02,0.0,0.0,0.0,2,0,0,-0.009716296177580217,-0.008713016044957594
2022-11-03,0.0,0.0,0.0,2,0,0,-0.009716296177580217,-0.008713016044957594
2022-11-04,0.0,0.0,0.0,2,0,0,-0.009716296177580217,-0.008713016044957594
2022-11-07,0.0,0.0,0.0,2,0,0,-0.009716296177580217,-0.008713016044957594
2022-11-08,0.0,0.0,0.0,2,0,0,-0.009716296177580217,-0.008713016044957594
2022-11-09,0.0,0.0001,-0.0001,2,1,1,-0.009816296177580217,-0.008713016044957594
2022-11-10,0.0001499725684117187,0.0,0.0001499725684117187,2,1,1,-0.009666323609168498,-0.008563043476545875
2022-11-14,-0.0014296296457236841,0.0,-0.0014296296457236841,2,1,1,-0.011095953254892182,-0.00999267312226956
2022-11-15,0.0011776073912184387,0.0,0.0011776073912184387,2,1,1,-0.009918345863673744,-0.008815065731051121
2022-11-16,0.001800966585799246,0.0,0.001800966585799246,2,1,1,-0.008117379277874499,-0.007014099145251875
2022-11-17,-0.0007619174994183155,0.0,-0.0007619174994183155,2,1,1,-0.008879296777292814,-0.007776016644670191
2022-11-18,0.0019242781311537979,0.0,0.0019242781311537979,2,1,1,-0.006955018646139016,-0.005851738513516393
2022-11-21,0.0018470355919989016,0.0,0.0018470355919989016,2,1,1,-0.005107983054140114,-0.004004702921517491
2022-11-22,-0.0014363499738083354,0.00010065439262992635,-0.0015370043664382617,2,0,0,-0.006644987420578376,-0.0054410528953258265
2022-11-23,0.0,0.0,0.0,2,0,0,-0.006644987420578376,-0.0054410528953258265
2022-11-25,0.0,0.0001,-0.0001,2,1,1,-0.006744987420578376,-0.0054410528953258265
2022-11-28,0.001247819955966688,0.0,0.001247819955966688,2,1,1,-0.005497167464611688,-0.004193232939359139
2022-11-29,0.0005506348703073833,0.0,0.0005506348703073833,2,1,1,-0.004946532594304305,-0.0036425980690517556
2022-11-30,0.0002364157349264665,0.0001,0.0001364157349264665,2,1,1,-0.0048101168593778386,-0.003406182334125289
2022-12-01,-0.0036423399003857088,0.0,-0.0036423399003857088,2,1,1,-0.008452456759763548,-0.007048522234510997
2022-12-02,-0.0015716327189878596,0.0,-0.0015716327189878596,2,1,1,-0.010024089478751406,-0.008620154953498858
2022-12-05,0.0003299998113199939,0.0,0.0003299998113199939,2,1,1,-0.009694089667431412,-0.008290155142178863
2022-12-06,-0.0034439211810771285,0.0,-0.0034439211810771285,2,1,1,-0.01313801084850854,-0.011734076323255991
2022-12-07,0.0008196053308011973,0.0,0.0008196053308011973,2,1,1,-0.012318405517707343,-0.010914470992454794
2022-12-08,0.001299282259011155,0.0,0.001299282259011155,2,1,1,-0.011019123258696188,-0.00961518873344364
2022-12-09,-0.003512206752245196,0.0,-0.003512206752245196,2,1,1,-0.014531330010941385,-0.013127395485688836
2022-12-12,-0.0006071802249235402,0.0,-0.0006071802249235402,2,1,1,-0.015138510235864926,-0.013734575710612377
2022-12-13,0.0020083282111840973,0.0,0.0020083282111840973,2,1,1,-0.013130182024680827,-0.011726247499428279
2022-12-14,-0.0017531725171947418,0.0,-0.0017531725171947418,2,1,1,-0.01488335454187557,-0.013479420016623021
2022-12-15,0.004411959637486331,0.0,0.004411959637486331,2,1,1,-0.010471394904389239,-0.00906746037913669
2022-12-16,-0.0004058654801262065,0.0001011214576099607,-0.0005069869377361672,2,1,1,-0.010978381842125406,-0.009473325859262896
2022-12-19,0.0013586465978319162,0.0,0.0013586465978319162,2,1,1,-0.00961973524429349,-0.00811467926143098
2022-12-20,0.0008982396159780326,0.0,0.0008982396159780326,2,1,1,-0.008721495628315458,-0.007216439645452948
2022-12-21,0.0006121859315231428,0.0,0.0006121859315231428,2,1,1,-0.008109309696792315,-0.006604253713929805
2022-12-22,-0.0004971358689267451,0.0,-0.0004971358689267451,2,1,1,-0.008606445565719061,-0.00710138958285655
2022-12-23,0.0016593938521537186,0.0,0.0016593938521537186,2,1,1,-0.006947051713565342,-0.005441995730702831
2022-12-27,0.0025648584161511116,9.994417383801529e-05,0.002464914242313096,2,0,0,-0.004482137471252246,-0.00287713731455172
2022-12-28,0.0,0.0,0.0,2,0,0,-0.004482137471252246,-0.00287713731455172
2022-12-29,0.0,0.0,0.0,2,0,0,-0.004482137471252246,-0.00287713731455172
2022-12-30,0.0,0.0,0.0,2,0,0,-0.004482137471252246,-0.00287713731455172
2023-01-03,0.0,0.0,0.0,2,0,0,-0.004482137471252246,-0.00287713731455172
2023-01-04,0.0,0.0,0.0,2,0,0,-0.004482137471252246,-0.00287713731455172
2023-01-05,0.0,0.0,0.0,2,0,0,-0.004482137471252246,-0.00287713731455172
2023-01-06,0.0,0.0,0.0,2,0,0,-0.004482137471252246,-0.00287713731455172
2023-01-09,0.0,0.0,0.0,2,0,0,-0.004482137471252246,-0.00287713731455172
2023-01-10,0.0,0.0,0.0,2,0,0,-0.004482137471252246,-0.00287713731455172
2023-01-11,0.0,0.0,0.0,2,0,0,-0.004482137471252246,-0.00287713731455172
2023-01-12,0.0,0.0,0.0,2,0,0,-0.004482137471252246,-0.00287713731455172
2023-01-13,0.0,0.0,0.0,2,0,0,-0.004482137471252246,-0.00287713731455172
2023-01-17,0.0,0.0,0.0,2,0,0,-0.004482137471252246,-0.00287713731455172
2023-01-18,0.0,0.0,0.0,2,0,0,-0.004482137471252246,-0.00287713731455172
2023-01-19,0.0,0.0,0.0,2,0,0,-0.004482137471252246,-0.00287713731455172
2023-01-20,0.0,0.0,0.0,2,0,0,-0.004482137471252246,-0.00287713731455172
2023-01-23,0.0,0.0,0.0,2,0,0,-0.004482137471252246,-0.00287713731455172
2023-01-24,0.0,0.0,0.0,2,0,0,-0.004482137471252246,-0.00287713731455172
2023-01-25,0.0,0.0,0.0,2,0,0,-0.004482137471252246,-0.00287713731455172
2023-01-26,0.0,0.0,0.0,2,0,0,-0.004482137471252246,-0.00287713731455172
2023-01-27,0.0,0.0,0.0,2,0,0,-0.004482137471252246,-0.00287713731455172
2023-01-30,0.0,0.0,0.0,2,0,0,-0.004482137471252246,-0.00287713731455172
2023-01-31,0.0,0.0,0.0,2,0,0,-0.004482137471252246,-0.00287713731455172
2023-02-01,0.0,0.0,0.0,2,0,0,-0.004482137471252246,-0.00287713731455172
2023-02-02,0.0,0.0,0.0,2,0,0,-0.004482137471252246,-0.00287713731455172
2023-02-03,0.0,0.0,0.0,2,0,0,-0.004482137471252246,-0.00287713731455172
2023-02-06,0.0,0.0001,-0.0001,2,1,1,-0.0045821374712522464,-0.00287713731455172
2023-02-07,0.00041174136748301036,0.0,0.00041174136748301036,2,1,1,-0.004170396103769236,-0.0024653959470687095
2023-02-08,0.0014483201921826777,0.0,0.0014483201921826777,2,1,1,-0.0027220759115865584,-0.0010170757548860318
2023-02-09,0.0010724010004260034,0.0,0.0010724010004260034,2,1,1,-0.001649674911160555,5.532524553997155e-05
2023-02-10,-0.0006671719553263099,0.00010006625451913843,-0.0007672382098454483,2,0,0,-0.0024169131210060035,-0.0006118467097863383
2023-02-13,0.0,0.0,0.0,2,0,0,-0.0024169131210060035,-0.0006118467097863383
2023-02-14,0.0,0.0,0.0,2,0,0,-0.0024169131210060035,-0.0006118467097863383
2023-02-15,0.0,0.0,0.0,2,0,0,-0.0024169131210060035,-0.0006118467097863383
2023-02-16,0.0,0.0,0.0,2,0,0,-0.0024169131210060035,-0.0006118467097863383
2023-02-17,0.0,0.0,0.0,2,0,0,-0.0024169131210060035,-0.0006118467097863383
2023-02-21,0.0,0.0,0.0,2,0,0,-0.0024169131210060035,-0.0006118467097863383
2023-02-22,0.0,0.0,0.0,2,0,0,-0.0024169131210060035,-0.0006118467097863383
2023-02-23,0.0,0.0,0.0,2,0,0,-0.0024169131210060035,-0.0006118467097863383
2023-02-24,0.0,0.0,0.0,2,0,0,-0.0024169131210060035,-0.0006118467097863383
2023-02-27,0.0,0.0,0.0,2,0,0,-0.0024169131210060035,-0.0006118467097863383
2023-02-28,0.0,0.0,0.0,2,0,0,-0.0024169131210060035,-0.0006118467097863383
2023-03-01,0.0,0.00010000000000000003,-0.00010000000000000003,2,1,1,-0.0025169131210060034,-0.0006118467097863383
2023-03-02,0.00035329087328788106,0.0,0.00035329087328788106,2,1,1,-0.0021636222477181225,-0.00025855583649845725
2023-03-03,-0.0003293612902774192,0.0,-0.0003293612902774192,2,1,1,-0.0024929835379955416,-0.0005879171267758764
2023-03-06,-0.00041805981758186015,0.0,-0.00041805981758186015,2,1,1,-0.0029110433555774016,-0.0010059769443577365
2023-03-07,-0.0018178264068490838,0.0,-0.0018178264068490838,2,1,1,-0.004728869762426485,-0.0028238033512068203
2023-03-08,-0.0011639576342771523,0.0,-0.0011639576342771523,2,1,1,-0.005892827396703637,-0.003987760985483972
2023-03-09,-0.0006213199563006442,0.0,-0.0006213199563006442,2,1,1,-0.006514147353004281,-0.004609080941784616
2023-03-10,-0.001927755377568292,0.0,-0.001927755377568292,2,1,1,-0.008441902730572572,-0.006536836319352908
2023-03-13,0.0021693033694040785,0.0,0.0021693033694040785,2,1,1,-0.006272599361168494,-0.004367532949948829
2023-03-14,0.000438962873498495,0.0,0.000438962873498495,2,1,1,-0.005833636487669999,-0.003928570076450334
2023-03-15,-0.0023685735730183226,0.0,-0.0023685735730183226,2,1,1,-0.00820221006068832,-0.006297143649468657
2023-03-16,0.0003114065823067053,0.0,0.0003114065823067053,2,1,1,-0.007890803478381616,-0.005985737067161951
2023-03-17,-5.8490079529095377e-05,0.0,-5.8490079529095377e-05,2,1,1,-0.00794929355791071,-0.006044227146691047
2023-03-20,0.0007681297368003861,0.0,0.0007681297368003861,2,1,1,-0.007181163821110325,-0.00527609740989066
2023-03-21,-0.0007053557600587298,0.0001,-0.0008053557600587298,2,1,1,-0.007986519581169055,-0.00598145316994939
2023-03-22,-0.0005651379382699898,0.0,-0.0005651379382699898,2,1,1,-0.008551657519439045,-0.00654659110821938
2023-03-23,0.0005721281956223045,0.0,0.0005721281956223045,2,1,1,-0.00797952932381674,-0.005974462912597075
2023-03-24,-0.002032887685090035,0.0,-0.002032887685090035,2,1,1,-0.010012417008906776,-0.00800735059768711
2023-03-27,0.0008679558055035713,0.0,0.0008679558055035713,2,1,1,-0.009144461203403204,-0.007139394792183539
2023-03-28,0.0008435870571135036,0.0,0.0008435870571135036,2,1,1,-0.0083008741462897,-0.006295807735070035
2023-03-29,0.0017373075606168078,0.00010041741963781481,0.001636890140978993,2,1,1,-0.006663984005310708,-0.004558500174453227
2023-03-30,1.1394536655515456e-05,0.0,1.1394536655515456e-05,2,1,1,-0.006652589468655192,-0.004547105637797711
2023-03-31,-0.0005070170626925778,0.0,-0.0005070170626925778,2,1,1,-0.00715960653134777,-0.005054122700490289
2023-04-03,-0.0004761508499696589,0.0,-0.0004761508499696589,2,1,1,-0.007635757381317429,-0.005530273550459948
2023-04-04,-0.0012571652301952717,0.0,-0.0012571652301952717,2,1,1,-0.008892922611512701,-0.00678743878065522
2023-04-05,0.00012828255343994,0.0,0.00012828255343994,2,1,1,-0.00876464005807276,-0.00665915622721528
2023-04-06,0.0004610452014750853,0.0,0.0004610452014750853,2,1,1,-0.008303594856597676,-0.006198111025740195
2023-04-07,0.000593105964907312,0.0,0.000593105964907312,2,1,1,-0.007710488891690364,-0.005605005060832883
2023-04-10,0.0002235110146234045,0.0,0.0002235110146234045,2,1,1,-0.0074869778770669596,-0.005381494046209478
2023-04-11,-1.528985484975211e-05,0.0,-1.528985484975211e-05,2,1,1,-0.007502267731916711,-0.0053967839010592294
2023-04-12,-3.140385511885696e-05,0.0,-3.140385511885696e-05,2,1,1,-0.007533671587035568,-0.005428187756178086
2023-04-13,-0.0002352401180523067,0.0,-0.0002352401180523067,2,1,1,-0.007768911705087875,-0.005663427874230393
2023-04-14,0.0014202275900987802,0.0001,0.0013202275900987802,2,1,1,-0.006448684114989095,-0.004243200284131613
2023-04-17,0.0003225691978109266,0.00010134954551252902,0.00022121965229839757,2,1,1,-0.006227464462690698,-0.003920631086320687
2023-04-18,0.00024166049960934103,0.0,0.00024166049960934103,2,1,1,-0.0059858039630813565,-0.0036789705867113455
2023-04-19,0.0020117591021656315,0.0,0.0020117591021656315,2,1,1,-0.003974044860915725,-0.001667211484545714
2023-04-20,0.00020103653153241935,0.0,0.00020103653153241935,2,1,1,-0.003773008329383306,-0.0014661749530132946
2023-04-21,0.0018419888158259135,0.0,0.0018419888158259135,2,1,1,-0.0019310195135573923,0.0003758138628126189
2023-04-24,0.0006156187798130252,0.0001010052417382722,0.000514613538074753,2,0,0,-0.0014164059754826395,0.000991432642625644
2023-04-25,0.0,0.0,0.0,2,0,0,-0.0014164059754826395,0.000991432642625644
2023-04-26,0.0,0.0,0.0,2,0,0,-0.0014164059754826395,0.000991432642625644
2023-04-27,0.0,0.0,0.0,2,0,0,-0.0014164059754826395,0.000991432642625644
2023-04-28,0.0,0.0,0.0,2,0,0,-0.0014164059754826395,0.000991432642625644
2023-05-01,0.0,9.999999999999999e-05,-9.999999999999999e-05,2,1,1,-0.0015164059754826395,0.000991432642625644
2023-05-02,0.0009935969646470775,0.0,0.0009935969646470775,2,1,1,-0.000522809010835562,0.001985029607272722
2023-05-03,-0.0008085130541574622,0.0001005356450060838,-0.000909048699163546,2,0,0,-0.001431857709999108,0.0011765165531152596
2023-05-04,0.0,0.0,0.0,2,0,0,-0.001431857709999108,0.0011765165531152596
2023-05-05,0.0,0.0001,-0.0001,2,1,1,-0.001531857709999108,0.0011765165531152596
2023-05-08,0.0003097692638392192,0.0,0.0003097692638392192,2,1,1,-0.0012220884461598888,0.0014862858169544788
2023-05-09,-0.000875700891625841,0.0,-0.000875700891625841,2,1,1,-0.00209778933778573,0.0006105849253286379
2023-05-10,0.00035198074448965395,0.0,0.00035198074448965395,2,1,1,-0.001745808593296076,0.0009625656698182918
2023-05-11,0.0017622389074631976,0.0,0.0017622389074631976,2,1,1,1.6430314167121575e-05,0.0027248045772814895
2023-05-12,-0.00017386837181226987,0.0,-0.00017386837181226987,2,1,1,-0.0001574380576451483,0.0025509362054692195
2023-05-15,-0.0011689512727599601,0.0,-0.0011689512727599601,2,1,1,-0.0013263893304051085,0.0013819849327092594
2023-05-16,0.0006325147864894557,0.0,0.0006325147864894557,2,1,1,-0.0006938745439156528,0.0020144997191987152
2023-05-17,-0.0002087284516173835,0.0,-0.0002087284516173835,2,1,1,-0.0009026029955330363,0.0018057712675813317
2023-05-18,0.0002534952705982313,0.0,0.0002534952705982313,2,1,1,-0.000649107724934805,0.002059266538179563
2023-05-19,-0.00018501084011005888,0.0,-0.00018501084011005888,2,1,1,-0.0008341185650448639,0.0018742556980695041
2023-05-22,0.0006927577727894008,0.0,0.0006927577727894008,2,1,1,-0.00014136079225546304,0.0025670134708589048
2023-05-23,-0.0005565749042231746,0.0,-0.0005565749042231746,2,1,1,-0.0006979356964786377,0.0020104385666357303
2023-05-24,0.0010539280560014506,0.0,0.0010539280560014506,2,1,1,0.00035599235952281296,0.003064366622637181
2023-05-25,0.00045074877025196155,9.736114362532443e-05,0.0003533876266266371,2,0,0,0.0007093799861494501,0.0035151153928891427
2023-05-26,0.0,0.0,0.0,2,0,0,0.0007093799861494501,0.0035151153928891427
2023-05-30,0.0,0.0,0.0,2,0,0,0.0007093799861494501,0.0035151153928891427
2023-05-31,0.0,0.0,0.0,2,0,0,0.0007093799861494501,0.0035151153928891427
2023-06-01,0.0,0.0,0.0,2,0,0,0.0007093799861494501,0.0035151153928891427
2023-06-02,0.0,0.0001,-0.0001,2,1,1,0.00060937998614945,0.0035151153928891427
2023-06-05,0.0006361678017556193,0.0,0.0006361678017556193,2,1,1,0.0012455477879050694,0.0041512831946447625
2023-06-06,4.3013549316666376e-05,0.0,4.3013549316666376e-05,2,1,1,0.0012885613372217357,0.004194296743961429
2023-06-07,-0.0007000476119149279,0.0,-0.0007000476119149279,2,1,1,0.0005885137253068078,0.003494249132046501
2023-06-08,-0.0008804708443327521,0.0001,-0.0009804708443327521,2,1,1,-0.00039195711902594433,0.002613778287713749
2023-06-09,-0.002109991256261646,0.0,-0.002109991256261646,2,1,1,-0.0025019483752875904,0.000503787031452103
2023-06-12,0.0022566036645463314,0.0,0.0022566036645463314,2,1,1,-0.000245344710741259,0.0027603906959984344
2023-06-13,-0.0031771327181683053,0.0,-0.0031771327181683053,2,1,1,-0.0034224774289095643,-0.00041674202216987087
2023-06-14,-0.0004630602591920665,0.0,-0.0004630602591920665,2,1,1,-0.003885537688101631,-0.0008798022813619374
2023-06-15,-0.0008976254747932979,0.0,-0.0008976254747932979,2,1,1,-0.0047831631628949284,-0.0017774277561552353
2023-06-16,-0.002136229520547363,0.0,-0.002136229520547363,2,1,1,-0.006919392683442291,-0.003913657276702598
2023-06-20,0.0022285656589326945,0.0,0.0022285656589326945,2,1,1,-0.004690827024509597,-0.001685091617769904
2023-06-21,-0.0010454419912025378,0.0,-0.0010454419912025378,2,1,1,-0.005736269015712135,-0.0027305336089724417
2023-06-22,-0.0005703051253808089,0.0,-0.0005703051253808089,2,1,1,-0.006306574141092944,-0.0033008387343532505
2023-06-23,0.00041160131802973643,0.0,0.00041160131802973643,2,1,1,-0.005894972823063208,-0.002889237416323514
2023-06-26,-0.0013595258094684344,0.0,-0.0013595258094684344,2,1,1,-0.007254498632531642,-0.0042487632257919485
2023-06-27,0.001389829050794383,0.0,0.001389829050794383,2,1,1,-0.005864669581737259,-0.0028589341749975655
2023-06-28,0.002712316289447164,0.0,0.002712316289447164,2,1,1,-0.0031523532922900954,-0.0001466178855504016
2023-06-29,-0.00019513944713254701,0.00010130477462943917,-0.0002964442217619862,2,1,1,-0.0034487975140520817,-0.0003417573326829486
2023-06-30,0.0005052143405087364,0.0,0.0005052143405087364,2,1,1,-0.002943583173543345,0.00016345700782578775
2023-07-03,0.00017060193295023062,0.0,0.00017060193295023062,2,1,1,-0.0027729812405931143,0.00033405894077601837
2023-07-05,0.0009324126040840108,0.0,0.0009324126040840108,2,1,1,-0.0018405686365091036,0.0012664715448600292
2023-07-06,0.002428655560806213,0.00010018429246584699,0.0023284712683403663,2,0,0,0.0004879026318312628,0.0036951271056662426
2023-07-07,0.0,0.0,0.0,2,0,0,0.0004879026318312628,0.0036951271056662426
2023-07-10,0.0,0.0,0.0,2,0,0,0.0004879026318312628,0.0036951271056662426
2023-07-11,0.0,0.0,0.0,2,0,0,0.0004879026318312628,0.0036951271056662426
2023-07-12,0.0,0.0,0.0,2,0,0,0.0004879026318312628,0.0036951271056662426
2023-07-13,0.0,0.0,0.0,2,0,0,0.0004879026318312628,0.0036951271056662426
2023-07-14,0.0,0.0001,-0.0001,2,1,1,0.0003879026318312628,0.0036951271056662426
2023-07-17,0.0007731300513406092,0.0,0.0007731300513406092,2,1,1,0.001161032683171872,0.004468257157006852
2023-07-18,0.0003313473094203377,0.0,0.0003313473094203377,2,1,1,0.0014923799925922097,0.004799604466427189
2023-07-19,0.0031204278671236475,0.0,0.0031204278671236475,2,1,1,0.0046128078597158576,0.007920032333550837
2023-07-20,0.0001054166363725908,9.841661097698385e-05,7.000025395606944e-06,2,0,0,0.004619807885111464,0.008025448969923427
2023-07-21,0.0,0.0,0.0,2,0,0,0.004619807885111464,0.008025448969923427
2023-07-24,0.0,0.0,0.0,2,0,0,0.004619807885111464,0.008025448969923427
2023-07-25,0.0,0.0,0.0,2,0,0,0.004619807885111464,0.008025448969923427
2023-07-26,0.0,0.0,0.0,2,0,0,0.004619807885111464,0.008025448969923427
2023-07-27,0.0,0.0,0.0,2,0,0,0.004619807885111464,0.008025448969923427
2023-07-28,0.0,0.0,0.0,2,0,0,0.004619807885111464,0.008025448969923427
2023-07-31,0.0,0.0,0.0,2,0,0,0.004619807885111464,0.008025448969923427
2023-08-01,0.0,0.0,0.0,2,0,0,0.004619807885111464,0.008025448969923427
2023-08-02,0.0,0.0,0.0,2,0,0,0.004619807885111464,0.008025448969923427
2023-08-03,0.0,0.0,0.0,2,0,0,0.004619807885111464,0.008025448969923427
2023-08-04,0.0,0.0,0.0,2,0,0,0.004619807885111464,0.008025448969923427
2023-08-07,0.0,0.0,0.0,2,0,0,0.004619807885111464,0.008025448969923427
2023-08-08,0.0,0.0001,-0.0001,2,1,1,0.004519807885111464,0.008025448969923427
2023-08-09,0.00047622075185368637,0.0,0.00047622075185368637,2,1,1,0.00499602863696515,0.008501669721777114
2023-08-10,0.0010420453486871973,0.0,0.0010420453486871973,2,1,1,0.006038073985652348,0.009543715070464311
2023-08-11,-0.0006997834671141586,0.0,-0.0006997834671141586,2,1,1,0.005338290518538189,0.008843931603350152
2023-08-14,-0.00036215272904143174,0.0,-0.00036215272904143174,2,1,1,0.004976137789496757,0.00848177887430872
2023-08-15,-0.001117293258077752,0.0,-0.001117293258077752,2,1,1,0.0038588445314190053,0.007364485616230968
2023-08-16,-0.0012666341079330373,0.0,-0.0012666341079330373,2,1,1,0.002592210423485968,0.00609785150829793
2023-08-17,-0.00021551321032200994,0.0,-0.00021551321032200994,2,1,1,0.002376697213163958,0.00588233829797592
2023-08-18,-0.0008255705568500795,0.0,-0.0008255705568500795,2,1,1,0.0015511266563138786,0.005056767741125841
2023-08-21,-0.00016839571608204588,0.0,-0.00016839571608204588,2,1,1,0.0013827309402318327,0.0048883720250437945
2023-08-22,0.0004952111556102294,0.0,0.0004952111556102294,2,1,1,0.0018779420958420622,0.005383583180654024
2023-08-23,0.0003114912730897175,0.0,0.0003114912730897175,2,1,1,0.00218943336893178,0.005695074453743741
2023-08-24,0.00021179248453497186,0.0,0.00021179248453497186,2,1,1,0.0024012258534667516,0.005906866938278713
2023-08-25,-0.0011856167094518567,0.0,-0.0011856167094518567,2,1,1,0.001215609144014895,0.0047212502288268565
2023-08-28,0.0006438927882991077,0.0,0.0006438927882991077,2,1,1,0.0018595019323140026,0.005365143017125964
2023-08-29,-1.7009427590217966e-05,0.0,-1.7009427590217966e-05,2,1,1,0.0018424925047237847,0.005348133589535746
2023-08-30,0.0009960628753705643,0.0,0.0009960628753705643,2,1,1,0.0028385553800943488,0.00634419646490631
2023-08-31,-9.951869981243396e-05,0.0,-9.951869981243396e-05,2,1,1,0.002739036680281915,0.006244677765093876
2023-09-01,-0.0005173820189265213,0.0,-0.0005173820189265213,2,1,1,0.0022216546613553936,0.005727295746167355
2023-09-05,-0.0005949132688320611,0.0,-0.0005949132688320611,2,1,1,0.0016267413925233325,0.005132382477335294
2023-09-06,-0.0005298214408196852,0.0,-0.0005298214408196852,2,1,1,0.0010969199517036473,0.004602561036515609
2023-09-07,-0.0005108954995334432,0.0,-0.0005108954995334432,2,1,1,0.0005860244521702042,0.004091665536982166
2023-09-08,0.0016747626609568893,0.0,0.0016747626609568893,2,1,1,0.0022607871131270934,0.0057664281979390546
2023-09-11,0.0006110767411793275,0.0,0.0006110767411793275,2,1,1,0.002871863854306421,0.006377504939118382
2023-09-12,0.0012974080410834018,0.00010007010719794434,0.0011973379338854574,2,0,0,0.004069201788191878,0.007674912980201783
2023-09-13,0.0,0.0,0.0,2,0,0,0.004069201788191878,0.007674912980201783
2023-09-14,0.0,0.0,0.0,2,0,0,0.004069201788191878,0.007674912980201783
2023-09-15,0.0,0.0,0.0,2,0,0,0.004069201788191878,0.007674912980201783
2023-09-18,0.0,0.0001,-0.0001,2,1,1,0.0039692017881918775,0.007674912980201783
2023-09-19,-1.4490501579706973e-05,0.0,-1.4490501579706973e-05,2,1,1,0.00395471128661217,0.007660422478622076
2023-09-20,-0.0006819513190946994,0.0001,-0.0007819513190946995,2,1,1,0.003172759967517471,0.0069784711595273765
2023-09-21,-0.0004416115647473361,0.0,-0.0004416115647473361,2,1,1,0.002731148402770135,0.00653685959478004
2023-09-22,-0.0018358760859617923,0.0,-0.0018358760859617923,2,1,1,0.0008952723168083427,0.004700983508818248
2023-09-25,0.00011107589466578062,0.0,0.00011107589466578062,2,1,1,0.0010063482114741234,0.004812059403484028
2023-09-26,-0.0003262340495440133,0.0,-0.0003262340495440133,2,1,1,0.0006801141619301101,0.004485825353940015
2023-09-27,4.6029672615606715e-05,0.0,4.6029672615606715e-05,2,1,1,0.0007261438345457168,0.004531855026555622
2023-09-28,0.0007586404066256334,0.0,0.0007586404066256334,2,1,1,0.00148478424117135,0.005290495433181256
2023-09-29,0.0012972713844725933,0.0,0.0012972713844725933,2,1,1,0.002782055625643943,0.006587766817653849
2023-10-02,0.002382291880994532,0.0,0.002382291880994532,2,1,1,0.005164347506638476,0.008970058698648382
2023-10-03,0.0003002727505924858,0.0001010547775313643,0.0001992179730611215,2,1,1,0.005363565479699597,0.009270331449240868
2023-10-04,0.0009548136021070742,0.0,0.0009548136021070742,2,1,1,0.006318379081806671,0.010225145051347943
2023-10-05,0.00017888273354385305,0.0,0.00017888273354385305,2,1,1,0.006497261815350524,0.010404027784891795
2023-10-06,0.0007835004822485017,0.0,0.0007835004822485017,2,1,1,0.007280762297599026,0.011187528267140296
2023-10-10,0.00039345478355539283,0.0,0.00039345478355539283,2,1,1,0.007674217081154419,0.011580983050695689
2023-10-11,0.0003672231374344997,9.924684334931571e-05,0.000267976294085184,2,0,0,0.007942193375239603,0.011948206188130188
2023-10-12,0.0,0.0,0.0,2,0,0,0.007942193375239603,0.011948206188130188
2023-10-13,0.0,0.0,0.0,2,0,0,0.007942193375239603,0.011948206188130188
2023-10-16,0.0,0.0,0.0,2,0,0,0.007942193375239603,0.011948206188130188
2023-10-17,0.0,0.0,0.0,2,0,0,0.007942193375239603,0.011948206188130188
2023-10-18,0.0,0.0,0.0,2,0,0,0.007942193375239603,0.011948206188130188
2023-10-19,0.0,0.0,0.0,2,0,0,0.007942193375239603,0.011948206188130188
2023-10-20,0.0,0.0,0.0,2,0,0,0.007942193375239603,0.011948206188130188
2023-10-23,0.0,0.0,0.0,2,0,0,0.007942193375239603,0.011948206188130188
2023-10-24,0.0,0.0,0.0,2,0,0,0.007942193375239603,0.011948206188130188
2023-10-25,0.0,0.0,0.0,2,0,0,0.007942193375239603,0.011948206188130188
2023-10-26,0.0,0.0,0.0,2,0,0,0.007942193375239603,0.011948206188130188
2023-10-27,0.0,0.0,0.0,2,0,0,0.007942193375239603,0.011948206188130188
2023-10-30,0.0,0.0001,-0.0001,2,1,1,0.007842193375239604,0.011948206188130188
2023-10-31,-0.0011502131851553997,0.0,-0.0011502131851553997,2,1,1,0.006691980190084205,0.010797993002974788
2023-11-01,4.171074885850527e-05,0.0,4.171074885850527e-05,2,1,1,0.00673369093894271,0.010839703751833293
2023-11-02,0.002079260779264978,0.0,0.002079260779264978,2,1,1,0.008812951718207687,0.012918964531098271
2023-11-03,0.0013432220230411474,0.0,0.0013432220230411474,2,1,1,0.010156173741248834,0.014262186554139418
2023-11-06,8.919087906940752e-05,0.0,8.919087906940752e-05,2,1,1,0.010245364620318241,0.014351377433208825
2023-11-07,-0.002059264987654502,9.993121874851517e-05,-0.002159196206403017,2,0,0,0.008086168413915224,0.012292112445554323
2023-11-08,0.0,0.0,0.0,2,0,0,0.008086168413915224,0.012292112445554323
2023-11-09,0.0,0.0,0.0,2,0,0,0.008086168413915224,0.012292112445554323
2023-11-13,0.0,0.0,0.0,2,0,0,0.008086168413915224,0.012292112445554323
2023-11-14,0.0,0.0,0.0,2,0,0,0.008086168413915224,0.012292112445554323
2023-11-15,0.0,0.0,0.0,2,0,0,0.008086168413915224,0.012292112445554323
2023-11-16,0.0,0.0,0.0,2,0,0,0.008086168413915224,0.012292112445554323
2023-11-17,0.0,0.0,0.0,2,0,0,0.008086168413915224,0.012292112445554323
2023-11-20,0.0,0.0,0.0,2,0,0,0.008086168413915224,0.012292112445554323
2023-11-21,0.0,0.0,0.0,2,0,0,0.008086168413915224,0.012292112445554323
2023-11-22,0.0,0.0,0.0,2,0,0,0.008086168413915224,0.012292112445554323
2023-11-24,0.0,0.0,0.0,2,0,0,0.008086168413915224,0.012292112445554323
2023-11-27,0.0,0.0001,-0.0001,2,1,1,0.007986168413915225,0.012292112445554323
2023-11-28,-0.0011170705082832139,0.0,-0.0011170705082832139,2,1,1,0.0068690979056320114,0.01117504193727111
2023-11-29,-0.00016091942876075133,0.0,-0.00016091942876075133,2,1,1,0.00670817847687126,0.011014122508510358
2023-11-30,8.97749461228909e-05,0.0,8.97749461228909e-05,2,1,1,0.006797953422994151,0.01110389745463325
2023-12-01,-0.0015361782740142007,0.0,-0.0015361782740142007,2,1,1,0.00526177514897995,0.009567719180619048
2023-12-04,0.0002121768080801873,0.0001,0.0001121768080801873,2,1,1,0.005373951957060137,0.009779895988699236
2023-12-05,0.001081154187907794,0.0,0.001081154187907794,2,1,1,0.00645510614496793,0.01086105017660703
2023-12-06,0.0001255616898327264,0.0,0.0001255616898327264,2,1,1,0.006580667834800657,0.010986611866439757
2023-12-07,0.0005903396114679752,0.0,0.0005903396114679752,2,1,1,0.0071710074462686315,0.011576951477907733
2023-12-08,-0.00024075130277288216,0.0,-0.00024075130277288216,2,1,1,0.006930256143495749,0.01133620017513485
2023-12-11,-0.0008938157704586946,0.0,-0.0008938157704586946,2,1,1,0.006036440373037055,0.010442384404676156
2023-12-12,0.0020023666835833768,0.0,0.0020023666835833768,2,1,1,0.008038807056620433,0.012444751088259532
2023-12-13,-0.0007680874205455698,0.0,-0.0007680874205455698,2,1,1,0.007270719636074863,0.011676663667713963
2023-12-14,-0.004399535084394564,0.0,-0.004399535084394564,2,1,1,0.0028711845516802992,0.007277128583319399
2023-12-15,-0.0016730182062980536,0.0,-0.0016730182062980536,2,1,1,0.0011981663453822457,0.005604110377021345
2023-12-18,0.0018204983609980884,0.0,0.0018204983609980884,2,1,1,0.0030186647063803343,0.007424608738019434
2023-12-19,-0.0020770650916484908,0.00010079822979464935,-0.00217786332144314,2,1,1,0.0008408013849371945,0.005347543646370943
2023-12-20,-0.001370614873075174,0.0,-0.001370614873075174,2,1,1,-0.0005298134881379795,0.003976928773295769
2023-12-21,-0.0007069385373815769,0.0,-0.0007069385373815769,2,1,1,-0.0012367520255195563,0.003269990235914192
2023-12-22,-0.0004847734156836984,0.0,-0.0004847734156836984,2,1,1,-0.0017215254412032547,0.0027852168202304934
2023-12-26,-0.0015203752361913105,0.0,-0.0015203752361913105,2,1,1,-0.003241900677394565,0.001264841584039183
2023-12-27,0.0006459961124936653,0.0,0.0006459961124936653,2,1,1,-0.0025959045649009,0.0019108376965328482
2023-12-28,-0.00048789727961882033,0.0,-0.00048789727961882033,2,1,1,-0.0030838018445197204,0.0014229404169140277
2023-12-29,0.0,0.0,0.0,2,1,1,-0.0030838018445197204,0.0014229404169140277
2024-01-02,0.001957319272724879,0.0,0.001957319272724879,2,1,1,-0.0011264825717948413,0.003380259689638907
2024-01-03,0.0014201115411381512,0.0,0.0014201115411381512,2,1,1,0.0002936289693433098,0.004800371230777058
2024-01-04,0.00040890883008844864,0.0,0.00040890883008844864,2,1,1,0.0007025377994317585,0.005209280060865507
2024-01-05,-0.00020663660729344058,0.0,-0.00020663660729344058,2,1,1,0.0004959011921383178,0.005002643453572066
2024-01-08,0.0010889373785216237,0.0,0.0010889373785216237,2,1,1,0.0015848385706599415,0.00609158083209369
2024-01-09,0.0001920736172809552,9.9310046405042e-05,9.276357087591321e-05,2,0,0,0.0016776021415358547,0.006283654449374646
2024-01-10,0.0,0.0,0.0,2,0,0,0.0016776021415358547,0.006283654449374646
2024-01-11,0.0,0.0,0.0,2,0,0,0.0016776021415358547,0.006283654449374646
2024-01-12,0.0,0.0,0.0,2,0,0,0.0016776021415358547,0.006283654449374646
2024-01-16,0.0,0.0,0.0,2,0,0,0.0016776021415358547,0.006283654449374646
2024-01-17,0.0,0.0,0.0,2,0,0,0.0016776021415358547,0.006283654449374646
2024-01-18,0.0,0.0,0.0,2,0,0,0.0016776021415358547,0.006283654449374646
2024-01-19,0.0,0.0,0.0,2,0,0,0.0016776021415358547,0.006283654449374646
2024-01-22,0.0,0.0,0.0,2,0,0,0.0016776021415358547,0.006283654449374646
2024-01-23,0.0,0.0,0.0,2,0,0,0.0016776021415358547,0.006283654449374646
2024-01-24,0.0,0.0,0.0,2,0,0,0.0016776021415358547,0.006283654449374646
2024-01-25,0.0,0.0,0.0,2,0,0,0.0016776021415358547,0.006283654449374646
2024-01-26,0.0,0.0,0.0,2,0,0,0.0016776021415358547,0.006283654449374646
2024-01-29,0.0,0.0,0.0,2,0,0,0.0016776021415358547,0.006283654449374646
2024-01-30,0.0,0.0,0.0,2,0,0,0.0016776021415358547,0.006283654449374646
2024-01-31,0.0,0.0,0.0,2,0,0,0.0016776021415358547,0.006283654449374646
2024-02-01,0.0,0.0,0.0,2,0,0,0.0016776021415358547,0.006283654449374646
2024-02-02,0.0,0.0,0.0,2,0,0,0.0016776021415358547,0.006283654449374646
2024-02-05,0.0,0.0,0.0,2,0,0,0.0016776021415358547,0.006283654449374646
2024-02-06,0.0,0.0,0.0,2,0,0,0.0016776021415358547,0.006283654449374646
2024-02-07,0.0,0.0,0.0,2,0,0,0.0016776021415358547,0.006283654449374646
2024-02-08,0.0,0.0,0.0,2,0,0,0.0016776021415358547,0.006283654449374646
2024-02-09,0.0,0.0,0.0,2,0,0,0.0016776021415358547,0.006283654449374646
2024-02-12,0.0,0.0,0.0,2,0,0,0.0016776021415358547,0.006283654449374646
2024-02-13,0.0,0.0,0.0,2,0,0,0.0016776021415358547,0.006283654449374646
2024-02-14,0.0,0.0,0.0,2,0,0,0.0016776021415358547,0.006283654449374646
2024-02-15,0.0,0.0,0.0,2,0,0,0.0016776021415358547,0.006283654449374646
2024-02-16,0.0,0.0,0.0,2,0,0,0.0016776021415358547,0.006283654449374646
2024-02-20,0.0,0.0,0.0,2,0,0,0.0016776021415358547,0.006283654449374646
2024-02-21,0.0,0.0,0.0,2,0,0,0.0016776021415358547,0.006283654449374646
2024-02-22,0.0,0.0,0.0,2,0,0,0.0016776021415358547,0.006283654449374646
2024-02-23,0.0,0.0,0.0,2,0,0,0.0016776021415358547,0.006283654449374646
2024-02-26,0.0,0.0,0.0,2,0,0,0.0016776021415358547,0.006283654449374646
2024-02-27,0.0,0.0,0.0,2,0,0,0.0016776021415358547,0.006283654449374646
2024-02-28,0.0,0.0,0.0,2,0,0,0.0016776021415358547,0.006283654449374646
2024-02-29,0.0,9.999999999999999e-05,-9.999999999999999e-05,2,1,1,0.0015776021415358546,0.006283654449374646
2024-03-01,0.00023529664315240743,0.0,0.00023529664315240743,2,1,1,0.0018128987846882621,0.006518951092527053
2024-03-04,-0.0007560920553250248,0.0,-0.0007560920553250248,2,1,1,0.0010568067293632373,0.005762859037202028
2024-03-05,-0.000539875893848443,0.0,-0.000539875893848443,2,1,1,0.0005169308355147944,0.0052229831433535856
2024-03-06,0.0015211478239626163,0.0,0.0015211478239626163,2,1,1,0.0020380786594774106,0.006744130967316202
2024-03-07,0.0008261426923402212,0.0,0.0008261426923402212,2,1,1,0.0028642213518176316,0.007570273659656423
2024-03-08,-0.0005909710814166941,9.986087037422699e-05,-0.0006908319517909211,2,0,0,0.0021733894000267105,0.006979302578239729
2024-03-11,0.0,0.0001,-0.0001,2,1,1,0.0020733894000267107,0.006979302578239729
2024-03-12,0.000333667060926384,0.0,0.000333667060926384,2,1,1,0.0024070564609530946,0.007312969639166113
2024-03-13,0.0001604060547500903,0.0,0.0001604060547500903,2,1,1,0.002567462515703185,0.007473375693916203
2024-03-14,0.00019760559467238837,0.0,0.00019760559467238837,2,1,1,0.002765068110375573,0.007670981288588592
2024-03-15,0.0001543395296866665,0.0,0.0001543395296866665,2,1,1,0.0029194076400622395,0.007825320818275259
2024-03-18,0.0001113166032903493,0.0,0.0001113166032903493,2,1,1,0.0030307242433525888,0.007936637421565609
2024-03-19,5.140796092696111e-05,0.0,5.140796092696111e-05,2,1,1,0.00308213220427955,0.00798804538249257
2024-03-20,-4.1230304463125694e-05,9.929595877347247e-05,-0.00014052626323659816,2,0,0,0.002941605941042952,0.007946815078029443
2024-03-21,0.0,0.0,0.0,2,0,0,0.002941605941042952,0.007946815078029443
2024-03-22,0.0,0.0,0.0,2,0,0,0.002941605941042952,0.007946815078029443
2024-03-25,0.0,0.0,0.0,2,0,0,0.002941605941042952,0.007946815078029443
2024-03-26,0.0,0.0,0.0,2,0,0,0.002941605941042952,0.007946815078029443
2024-03-27,0.0,0.0,0.0,2,0,0,0.002941605941042952,0.007946815078029443
2024-03-28,0.0,0.0,0.0,2,0,0,0.002941605941042952,0.007946815078029443
2024-03-29,0.0,0.0,0.0,2,0,0,0.002941605941042952,0.007946815078029443
2024-04-01,0.0,0.0,0.0,2,0,0,0.002941605941042952,0.007946815078029443
2024-04-02,0.0,0.0,0.0,2,0,0,0.002941605941042952,0.007946815078029443
2024-04-03,0.0,0.0,0.0,2,0,0,0.002941605941042952,0.007946815078029443
2024-04-04,0.0,0.0,0.0,2,0,0,0.002941605941042952,0.007946815078029443
2024-04-05,0.0,0.0,0.0,2,0,0,0.002941605941042952,0.007946815078029443
2024-04-08,0.0,0.0,0.0,2,0,0,0.002941605941042952,0.007946815078029443
2024-04-09,0.0,0.0,0.0,2,0,0,0.002941605941042952,0.007946815078029443
2024-04-10,0.0,0.0,0.0,2,0,0,0.002941605941042952,0.007946815078029443
2024-04-11,0.0,9.999999999999999e-05,-9.999999999999999e-05,2,1,1,0.002841605941042952,0.007946815078029443
2024-04-12,-0.0006734009904997279,0.0,-0.0006734009904997279,2,1,1,0.002168204950543224,0.007273414087529716
2024-04-15,5.0381404594424984e-05,0.0,5.0381404594424984e-05,2,1,1,0.002218586355137649,0.007323795492124141
2024-04-16,-0.001748023423406801,0.0,-0.001748023423406801,2,1,1,0.0004705629317308482,0.0055757720687173405
2024-04-17,0.0004965632420491843,0.0,0.0004965632420491843,2,1,1,0.0009671261737800325,0.006072335310766525
2024-04-18,0.0011403460280009323,0.0,0.0011403460280009323,2,1,1,0.0021074722017809648,0.007212681338767457
2024-04-19,0.0010083003019466495,0.0,0.0010083003019466495,2,1,1,0.0031157725037276145,0.008220981640714107
2024-04-22,0.0011220309018905778,0.0001,0.0010220309018905778,2,1,1,0.0041378034056181925,0.009343012542604685
2024-04-23,0.0019161315103048235,9.964891831735915e-05,0.0018164825919874644,2,1,1,0.005954285997605657,0.011259144052909509
2024-04-24,0.00014813740442638,0.0,0.00014813740442638,2,1,1,0.006102423402032037,0.01140728145733589
2024-04-25,0.0008125729611322959,0.0,0.0008125729611322959,2,1,1,0.006914996363164333,0.012219854418468186
2024-04-26,0.0001613071325507014,0.0,0.0001613071325507014,2,1,1,0.007076303495715035,0.012381161551018887
2024-04-29,0.0013856993282917937,0.0,0.0013856993282917937,2,1,1,0.008462002824006828,0.01376686087931068
2024-04-30,-0.00034915290778140585,0.00010095419269736667,-0.00045010710047877254,2,0,0,0.008011895723528055,0.013417707971529275
2024-05-01,0.0,0.0,0.0,2,0,0,0.008011895723528055,0.013417707971529275
2024-05-02,0.0,0.0,0.0,2,0,0,0.008011895723528055,0.013417707971529275
2024-05-03,0.0,0.0,0.0,2,0,0,0.008011895723528055,0.013417707971529275
2024-05-06,0.0,0.0,0.0,2,0,0,0.008011895723528055,0.013417707971529275
2024-05-07,0.0,0.0,0.0,2,0,0,0.008011895723528055,0.013417707971529275
2024-05-08,0.0,0.0,0.0,2,0,0,0.008011895723528055,0.013417707971529275
2024-05-09,0.0,0.0,0.0,2,0,0,0.008011895723528055,0.013417707971529275
2024-05-10,0.0,0.0,0.0,2,0,0,0.008011895723528055,0.013417707971529275
2024-05-13,0.0,0.0,0.0,2,0,0,0.008011895723528055,0.013417707971529275
2024-05-14,0.0,0.0,0.0,2,0,0,0.008011895723528055,0.013417707971529275
2024-05-15,0.0,0.0,0.0,2,0,0,0.008011895723528055,0.013417707971529275
2024-05-16,0.0,0.0,0.0,2,0,0,0.008011895723528055,0.013417707971529275
2024-05-17,0.0,0.0,0.0,2,0,0,0.008011895723528055,0.013417707971529275
2024-05-20,0.0,0.0,0.0,2,0,0,0.008011895723528055,0.013417707971529275
2024-05-21,0.0,9.999999999999999e-05,-9.999999999999999e-05,2,1,1,0.007911895723528056,0.013417707971529275
2024-05-22,-0.0010378629336234065,0.0,-0.0010378629336234065,2,1,1,0.006874032789904649,0.012379845037905868
2024-05-23,0.00033492672510326165,0.0,0.00033492672510326165,2,1,1,0.0072089595150079105,0.01271477176300913
2024-05-24,-0.00021172926175129644,0.0,-0.00021172926175129644,2,1,1,0.006997230253256614,0.012503042501257833
2024-05-28,-0.00048649681083497913,0.0,-0.00048649681083497913,2,1,1,0.006510733442421634,0.012016545690422854
2024-05-29,0.00047862974591605044,0.0,0.00047862974591605044,2,1,1,0.006989363188337685,0.012495175436338905
2024-05-30,-0.00011533039843303642,0.0,-0.00011533039843303642,2,1,1,0.006874032789904649,0.012379845037905868
2024-05-31,0.0002103944730945197,0.0,0.0002103944730945197,2,1,1,0.007084427262999168,0.012590239511000387
2024-06-03,-0.0005766096235645137,0.0,-0.0005766096235645137,2,1,1,0.0065078176394346545,0.012013629887435874
2024-06-04,1.951571564722825e-05,0.0,1.951571564722825e-05,2,1,1,0.006527333355081883,0.012033145603083103
2024-06-05,7.858122900819011e-05,0.0,7.858122900819011e-05,2,1,1,0.006605914584090073,0.012111726832091293
2024-06-06,-3.017641687082191e-05,0.0001,-0.0001301764168708219,2,1,1,0.0064757381672192514,0.01208155041522047
2024-06-07,-0.001146139097311954,0.0,-0.001146139097311954,2,1,1,0.005329599069907298,0.010935411317908516
2024-06-10,-0.001392662320049698,0.0,-0.001392662320049698,2,1,1,0.0039369367498576,0.009542748997858818
2024-06-11,-0.00031080609311765183,0.0,-0.00031080609311765183,2,1,1,0.003626130656739948,0.009231942904741167
2024-06-12,3.892365885548683e-05,0.0,3.892365885548683e-05,2,1,1,0.003665054315595435,0.009270866563596655
2024-06-13,-0.0004228839040029376,0.0,-0.0004228839040029376,2,1,1,0.003242170411592497,0.008847982659593717
2024-06-14,0.0018596110975972245,0.0,0.0018596110975972245,2,1,1,0.005101781509189721,0.010707593757190942
2024-06-17,-0.00014224204983054903,0.0,-0.00014224204983054903,2,1,1,0.004959539459359172,0.010565351707360393
2024-06-18,0.000769399871899338,0.0,0.000769399871899338,2,1,1,0.00572893933125851,0.011334751579259731
2024-06-20,0.0009056386504598015,0.0,0.0009056386504598015,2,1,1,0.006634577981718312,0.012240390229719532
2024-06-21,0.0007476017032263279,9.981064779855862e-05,0.0006477910554277694,2,1,1,0.007282369037146081,0.01298799193294586
2024-06-24,-0.0003195337574909802,9.941396824437e-05,-0.0004189477257353502,2,0,0,0.00686342131141073,0.01266845817545488
2024-06-25,0.0,0.0,0.0,2,0,0,0.00686342131141073,0.01266845817545488
2024-06-26,0.0,0.0,0.0,2,0,0,0.00686342131141073,0.01266845817545488
2024-06-27,0.0,0.0,0.0,2,0,0,0.00686342131141073,0.01266845817545488
2024-06-28,0.0,0.0,0.0,2,0,0,0.00686342131141073,0.01266845817545488
2024-07-01,0.0,0.0,0.0,2,0,0,0.00686342131141073,0.01266845817545488
2024-07-02,0.0,0.0,0.0,2,0,0,0.00686342131141073,0.01266845817545488
2024-07-03,0.0,0.0,0.0,2,0,0,0.00686342131141073,0.01266845817545488
2024-07-05,0.0,0.0,0.0,2,0,0,0.00686342131141073,0.01266845817545488
2024-07-08,0.0,0.0,0.0,2,0,0,0.00686342131141073,0.01266845817545488
2024-07-09,0.0,0.0,0.0,2,0,0,0.00686342131141073,0.01266845817545488
2024-07-10,0.0,0.0,0.0,2,0,0,0.00686342131141073,0.01266845817545488
2024-07-11,0.0,0.0001,-0.0001,2,1,1,0.00676342131141073,0.01266845817545488
2024-07-12,-0.0009760760793477809,0.0,-0.0009760760793477809,2,1,1,0.005787345232062949,0.0116923820961071
2024-07-15,0.0001911880556997485,0.0,0.0001911880556997485,2,1,1,0.005978533287762698,0.011883570151806848
2024-07-16,0.00014707094797402687,0.0,0.00014707094797402687,2,1,1,0.006125604235736724,0.012030641099780874
2024-07-17,-0.00030682113184215783,0.0,-0.00030682113184215783,2,1,1,0.005818783103894567,0.011723819967938717
2024-07-18,0.00046046814411565226,0.0,0.00046046814411565226,2,1,1,0.006279251248010219,0.012184288112054369
2024-07-19,0.0007816413458248002,0.0,0.0007816413458248002,2,1,1,0.0070608925938350185,0.01296592945787917
2024-07-22,8.837008476830004e-05,0.0,8.837008476830004e-05,2,1,1,0.0071492626786033185,0.01305429954264747
2024-07-23,-0.0005614648753288593,9.999999999999999e-05,-0.0006614648753288594,2,1,1,0.006487797803274459,0.012492834667318611
2024-07-24,-0.0008672972525413617,0.0,-0.0008672972525413617,2,1,1,0.005620500550733098,0.011625537414777249
2024-07-25,0.0008099408530796687,0.0,0.0008099408530796687,2,1,1,0.0064304414038127665,0.012435478267856917
2024-07-26,-1.674280853487792e-05,0.0,-1.674280853487792e-05,2,1,1,0.006413698595277888,0.012418735459322039
2024-07-29,-0.0009626741208166201,9.950487122379897e-05,-0.0010621789920404192,2,1,1,0.005351519603237469,0.011456061338505418
2024-07-30,0.000371028672653455,0.0,0.000371028672653455,2,1,1,0.005722548275890925,0.011827090011158873
2024-07-31,0.0010453262511724423,0.0,0.0010453262511724423,2,1,1,0.006767874527063367,0.012872416262331314
2024-08-01,-0.000423176648096335,0.0,-0.000423176648096335,2,1,1,0.006344697878967032,0.01244923961423498
2024-08-02,-0.0002733126398841205,0.0,-0.0002733126398841205,2,1,1,0.006071385239082911,0.012175926974350859
2024-08-05,0.0010217832794510288,0.0,0.0010217832794510288,2,1,1,0.00709316851853394,0.013197710253801887
2024-08-06,0.0014536793589632361,0.0001,0.001353679358963236,2,1,1,0.008446847877497176,0.014651389612765124
2024-08-07,0.0020526754561537024,9.943858866587756e-05,0.0019532368674878248,2,1,1,0.010400084744985001,0.016704065068918826
2024-08-08,0.0007563859112213987,0.0,0.0007563859112213987,2,1,1,0.0111564706562064,0.017460450980140225
2024-08-09,0.0004062180269290712,0.0,0.0004062180269290712,2,1,1,0.011562688683135472,0.017866669007069295
2024-08-12,0.00019069789055610226,0.0,0.00019069789055610226,2,1,1,0.011753386573691574,0.018057366897625396
2024-08-13,0.0007769275962189982,0.0,0.0007769275962189982,2,1,1,0.012530314169910572,0.018834294493844394
2024-08-14,-0.0007889309849803633,0.0,-0.0007889309849803633,2,1,1,0.01174138318493021,0.01804536350886403
2024-08-15,0.001031567774387799,0.0,0.001031567774387799,2,1,1,0.012772950959318009,0.019076931283251827
2024-08-16,0.0008564803428016026,0.0,0.0008564803428016026,2,1,1,0.013629431302119611,0.01993341162605343
2024-08-19,0.0005008947941894102,0.00010189568411930842,0.0003989991100701018,2,0,0,0.014028430412189713,0.02043430642024284
2024-08-20,0.0,0.0,0.0,2,0,0,0.014028430412189713,0.02043430642024284
2024-08-21,0.0,0.0,0.0,2,0,0,0.014028430412189713,0.02043430642024284
2024-08-22,0.0,0.0,0.0,2,0,0,0.014028430412189713,0.02043430642024284
2024-08-23,0.0,0.0,0.0,2,0,0,0.014028430412189713,0.02043430642024284
2024-08-26,0.0,0.0,0.0,2,0,0,0.014028430412189713,0.02043430642024284
2024-08-27,0.0,0.0001,-0.0001,2,1,1,0.013928430412189713,0.02043430642024284
2024-08-28,-9.380568168042299e-05,0.0,-9.380568168042299e-05,2,1,1,0.01383462473050929,0.020340500738562417
2024-08-29,-0.00020415431001990781,0.0,-0.00020415431001990781,2,1,1,0.013630470420489383,0.02013634642854251
2024-08-30,0.0004058623186802828,0.0,0.0004058623186802828,2,1,1,0.014036332739169667,0.020542208747222793
2024-09-03,0.0011107580528617266,0.0,0.0011107580528617266,2,1,1,0.015147090792031394,0.02165296680008452
2024-09-04,-0.0002899780941385964,0.0,-0.0002899780941385964,2,1,1,0.014857112697892798,0.021362988705945923
2024-09-05,0.00010309002952622146,0.0,0.00010309002952622146,2,1,1,0.01496020272741902,0.021466078735472145
2024-09-06,0.000998622579963512,0.0,0.000998622579963512,2,1,1,0.015958825307382532,0.022464701315435657
2024-09-09,-0.0005344328103228107,0.000100299192416974,-0.0006347320027397848,2,0,0,0.015324093304642747,0.021930268505112847
2024-09-10,0.0,0.0,0.0,2,0,0,0.015324093304642747,0.021930268505112847
2024-09-11,0.0,0.0,0.0,2,0,0,0.015324093304642747,0.021930268505112847
2024-09-12,0.0,0.0,0.0,2,0,0,0.015324093304642747,0.021930268505112847
2024-09-13,0.0,0.0,0.0,2,0,0,0.015324093304642747,0.021930268505112847
2024-09-16,0.0,0.0,0.0,2,0,0,0.015324093304642747,0.021930268505112847
2024-09-17,0.0,0.0,0.0,2,0,0,0.015324093304642747,0.021930268505112847
2024-09-18,0.0,0.0,0.0,2,0,0,0.015324093304642747,0.021930268505112847
2024-09-19,0.0,0.0,0.0,2,0,0,0.015324093304642747,0.021930268505112847
2024-09-20,0.0,0.0,0.0,2,0,0,0.015324093304642747,0.021930268505112847
2024-09-23,0.0,0.0,0.0,2,0,0,0.015324093304642747,0.021930268505112847
2024-09-24,0.0,9.999999999999999e-05,-9.999999999999999e-05,2,1,1,0.015224093304642748,0.021930268505112847
2024-09-25,0.0007506635094245617,0.0,0.0007506635094245617,2,1,1,0.01597475681406731,0.022680932014537407
2024-09-26,-0.0013414769502403815,0.0,-0.0013414769502403815,2,1,1,0.01463327986382693,0.021339455064297026
2024-09-27,0.00035105475141158964,0.0,0.00035105475141158964,2,1,1,0.014984334615238518,0.021690509815708615
2024-09-30,-0.00038140708176275754,0.0,-0.00038140708176275754,2,1,1,0.01460292753347576,0.02130910273394586
2024-10-01,0.001347634821549331,0.0,0.001347634821549331,2,1,1,0.01595056235502509,0.02265673755549519
2024-10-02,-5.2993769237632995e-05,0.0,-5.2993769237632995e-05,2,1,1,0.015897568585787458,0.022603743786257558
2024-10-03,0.0029813840399366587,0.0,0.0029813840399366587,2,1,1,0.018878952625724116,0.025585127826194216
2024-10-04,-0.0007224263802633919,9.810960638044764e-05,-0.0008205359866438396,2,0,0,0.018058416639080276,0.024862701445930824
2024-10-07,0.0,0.0,0.0,2,0,0,0.018058416639080276,0.024862701445930824
2024-10-08,0.0,0.0,0.0,2,0,0,0.018058416639080276,0.024862701445930824
2024-10-09,0.0,0.0,0.0,2,0,0,0.018058416639080276,0.024862701445930824
2024-10-10,0.0,0.0001,-0.0001,2,1,1,0.017958416639080276,0.024862701445930824
2024-10-11,-0.0005997171618572982,0.0,-0.0005997171618572982,2,1,1,0.017358699477222978,0.024262984284073526
2024-10-15,-0.0010730623775337834,0.0,-0.0010730623775337834,2,1,1,0.016285637099689193,0.02318992190653974
2024-10-16,0.0016184985646703226,0.0,0.0016184985646703226,2,1,1,0.017904135664359517,0.024808420471210065
2024-10-17,-0.0005852052925058414,0.0,-0.0005852052925058414,2,1,1,0.017318930371853676,0.024223215178704224
2024-10-18,-0.0004995489524425272,0.0,-0.0004995489524425272,2,1,1,0.01681938141941115,0.023723666226261698
2024-10-21,-0.0007830705533329542,0.0,-0.0007830705533329542,2,1,1,0.016036310866078197,0.022940595672928745
2024-10-22,0.0005773331933551419,0.0,0.0005773331933551419,2,1,1,0.016613644059433337,0.023517928866283885
2024-10-23,1.739163696971174e-05,0.0,1.739163696971174e-05,2,1,1,0.01663103569640305,0.023535320503253597
2024-10-24,-0.0007376614440898877,0.0,-0.0007376614440898877,2,1,1,0.01589337425231316,0.02279765905916371
2024-10-25,-0.0008013456753181848,0.0,-0.0008013456753181848,2,1,1,0.015092028576994976,0.021996313383845525
2024-10-28,-0.0005921373910109101,0.0,-0.0005921373910109101,2,1,1,0.014499891185984066,0.021404175992834614
2024-10-29,-0.0004024365576388082,0.0,-0.0004024365576388082,2,1,1,0.014097454628345258,0.021001739435195805
2024-10-30,-0.00011879217533440395,0.0,-0.00011879217533440395,2,1,1,0.013978662453010854,0.020882947259861402
2024-10-31,0.0006944311645449185,0.0,0.0006944311645449185,2,1,1,0.014673093617555772,0.02157737842440632
2024-11-01,-0.0005709357359311706,0.0001,-0.0006709357359311706,2,1,1,0.014002157881624601,0.02100644268847515
2024-11-04,-0.00013214141676943494,0.0,-0.00013214141676943494,2,1,1,0.013870016464855165,0.020874301271705715
2024-11-05,0.0017368640899867826,0.0,0.0017368640899867826,2,1,1,0.015606880554841948,0.022611165361692498
2024-11-06,-0.0005170111583892953,0.0,-0.0005170111583892953,2,1,1,0.015089869396452653,0.022094154203303202
2024-11-07,0.0019172560554428317,0.0,0.0019172560554428317,2,1,1,0.017007125451895484,0.024011410258746035
2024-11-08,-0.0011904453146562508,9.92536772367953e-05,-0.0012896989918930461,2,1,1,0.01571742646000244,0.022820964944089785
2024-11-12,0.0006612388136436767,0.0,0.0006612388136436767,2,1,1,0.016378665273646117,0.023482203757733463
2024-11-13,-0.0005822657592062638,0.0,-0.0005822657592062638,2,1,1,0.015796399514439854,0.0228999379985272
2024-11-14,-0.0010673626079786777,0.0,-0.0010673626079786777,2,1,1,0.014729036906461176,0.021832575390548524
2024-11-15,-0.0006754388543832694,0.0,-0.0006754388543832694,2,1,1,0.014053598052077907,0.021157136536165255
2024-11-18,0.0009869909277521196,0.0001,0.0008869909277521195,2,1,1,0.014940588979830026,0.022144127463917373
2024-11-19,0.0014776465927482016,0.0,0.0014776465927482016,2,1,1,0.016418235572578228,0.023621774056665573
2024-11-20,0.0002493243069965694,0.00010055488425908963,0.00014876942273747974,2,1,1,0.016567004995315708,0.023871098363662142
2024-11-21,-0.00042468108739623076,0.0,-0.00042468108739623076,2,1,1,0.016142323907919476,0.02344641727626591
2024-11-22,-0.0003419393684526951,0.0,-0.0003419393684526951,2,1,1,0.01580038453946678,0.023104477907813215
2024-11-25,-0.0005195451375196457,0.0,-0.0005195451375196457,2,1,1,0.015280839401947134,0.02258493277029357
2024-11-26,-0.00021279403606412321,0.0,-0.00021279403606412321,2,1,1,0.015068045365883012,0.022372138734229448
2024-11-27,0.0014349278335209542,0.0,0.0014349278335209542,2,1,1,0.016502973199403966,0.0238070665677504
2024-11-29,0.0010157192951115886,0.0,0.0010157192951115886,2,1,1,0.017518692494515556,0.02482278586286199
2024-12-02,-0.00028652309958524837,9.950292115572068e-05,-0.00038602602074096903,2,0,0,0.017132666473774587,0.024536262763276744
2024-12-03,0.0,0.0,0.0,2,0,0,0.017132666473774587,0.024536262763276744
2024-12-04,0.0,0.0,0.0,2,0,0,0.017132666473774587,0.024536262763276744
2024-12-05,0.0,0.0001,-0.0001,2,1,1,0.017032666473774587,0.024536262763276744
2024-12-06,-0.0028700085499881586,0.0,-0.0028700085499881586,2,1,1,0.014162657923786428,0.021666254213288584
2024-12-09,0.0002880744451640605,0.0,0.0002880744451640605,2,1,1,0.014450732368950489,0.021954328658452645
2024-12-10,-0.0008595758256543353,0.0,-0.0008595758256543353,2,1,1,0.013591156543296155,0.02109475283279831
2024-12-11,0.0008790072580466991,0.0,0.0008790072580466991,2,1,1,0.014470163801342854,0.02197376009084501
2024-12-12,-0.0009874985582307648,0.0,-0.0009874985582307648,2,1,1,0.013482665243112089,0.020986261532614247
2024-12-13,-0.000865098162927159,0.0,-0.000865098162927159,2,1,1,0.01261756708018493,0.020121163369687087
2024-12-16,-0.0002951785518663359,0.0,-0.0002951785518663359,2,1,1,0.012322388528318594,0.01982598481782075
2024-12-17,-0.002482747478924034,0.0,-0.002482747478924034,2,1,1,0.00983964104939456,0.017343237338896717
2024-12-18,-0.0004293800891178244,0.0,-0.0004293800891178244,2,1,1,0.009410260960276735,0.016913857249778893
2024-12-19,0.0007122345334968686,0.0,0.0007122345334968686,2,1,1,0.010122495493773604,0.01762609178327576
2024-12-20,-0.0002017509833047994,0.0,-0.0002017509833047994,2,1,1,0.009920744510468805,0.01742434079997096
2024-12-23,-0.0004502620580954116,0.0,-0.0004502620580954116,2,1,1,0.009470482452373393,0.01697407874187555
2024-12-24,0.00020506309838740688,0.0,0.00020506309838740688,2,1,1,0.0096755455507608,0.01717914184026296
2024-12-26,-0.0005118716885579656,0.0,-0.0005118716885579656,2,1,1,0.009163673862202834,0.016667270151704994
2024-12-27,-0.0012569668730296984,0.0,-0.0012569668730296984,2,1,1,0.007906706989173135,0.015410303278675295
2024-12-30,0.002057090546800957,0.0,0.002057090546800957,2,1,1,0.009963797535974091,0.01746739382547625
2024-12-31,-0.0006765622055589308,0.0,-0.0006765622055589308,2,1,1,0.00928723533041516,0.01679083161991732
2025-01-02,0.0007435886860729136,0.0,0.0007435886860729136,2,1,1,0.010030824016488074,0.017534420305990235
2025-01-03,-0.001297688098108972,0.0,-0.001297688098108972,2,1,1,0.008733135918379101,0.016236732207881265
2025-01-06,0.0015795300458029378,0.0,0.0015795300458029378,2,1,1,0.010312665964182038,0.0178162622536842
2025-01-07,0.0007812776051375518,0.0,0.0007812776051375518,2,1,1,0.01109394356931959,0.018597539858821753
2025-01-08,0.0003133337695199517,0.0,0.0003133337695199517,2,1,1,0.011407277338839542,0.018910873628341703
2025-01-09,6.463550007151703e-05,0.00020111215072697271,-0.0001364766506554557,2,1,1,0.011270800688184087,0.01897550912841322
2025-01-10,-0.0010765044253153227,0.0,-0.0010765044253153227,2,1,1,0.010194296262868763,0.017899004703097895
2025-01-13,-0.0008743685352554814,0.0,-0.0008743685352554814,2,1,1,0.009319927727613283,0.017024636167842413
2025-01-14,-0.0008233593042431071,0.0,-0.0008233593042431071,2,1,1,0.008496568423370175,0.016201276863599307
2025-01-15,0.0008667109657836742,0.0,0.0008667109657836742,2,1,1,0.00936327938915385,0.017067987829382982
2025-01-16,0.0003833867528658457,0.0,0.0003833867528658457,2,1,1,0.009746666142019696,0.017451374582248828
2025-01-17,-0.0013347377726542272,0.0,-0.0013347377726542272,2,1,1,0.008411928369365468,0.0161166368095946
2025-01-21,0.0011797902101582615,0.0,0.0011797902101582615,2,1,1,0.00959171857952373,0.017296427019752862
2025-01-22,-8.986790641998053e-05,0.0,-8.986790641998053e-05,2,1,1,0.009501850673103749,0.01720655911333288
2025-01-23,0.0005678028000597194,0.0,0.0005678028000597194,2,1,1,0.010069653473163468,0.0177743619133926
2025-01-24,0.0018964652113242632,0.0,0.0018964652113242632,2,1,1,0.011966118684487732,0.019670827124716864
2025-01-27,4.581307092065549e-05,0.00010161096632147695,-5.579789540082146e-05,2,0,0,0.01191032078908691,0.01971664019563752
2025-01-28,0.0,0.0,0.0,2,0,0,0.01191032078908691,0.01971664019563752
2025-01-29,0.0,0.0,0.0,2,0,0,0.01191032078908691,0.01971664019563752
2025-01-30,0.0,0.0,0.0,2,0,0,0.01191032078908691,0.01971664019563752
2025-01-31,0.0,0.0,0.0,2,0,0,0.01191032078908691,0.01971664019563752
2025-02-03,0.0,0.0,0.0,2,0,0,0.01191032078908691,0.01971664019563752
2025-02-04,0.0,0.00010000000000000003,-0.00010000000000000003,2,1,1,0.011810320789086911,0.01971664019563752
2025-02-05,0.0007628496165453659,9.984743007669096e-05,0.0006630021864686749,2,0,0,0.012473322975555586,0.020479489812182887
2025-02-06,0.0,0.0,0.0,2,0,0,0.012473322975555586,0.020479489812182887
2025-02-07,0.0,0.0,0.0,2,0,0,0.012473322975555586,0.020479489812182887
2025-02-10,0.0,0.0,0.0,2,0,0,0.012473322975555586,0.020479489812182887
2025-02-11,0.0,0.0,0.0,2,0,0,0.012473322975555586,0.020479489812182887
2025-02-12,0.0,0.0,0.0,2,0,0,0.012473322975555586,0.020479489812182887
2025-02-13,0.0,0.0,0.0,2,0,0,0.012473322975555586,0.020479489812182887
2025-02-14,0.0,0.0,0.0,2,0,0,0.012473322975555586,0.020479489812182887
2025-02-18,0.0,0.0,0.0,2,0,0,0.012473322975555586,0.020479489812182887
2025-02-19,0.0,0.0,0.0,2,0,0,0.012473322975555586,0.020479489812182887
2025-02-20,0.0,0.0,0.0,2,0,0,0.012473322975555586,0.020479489812182887
2025-02-21,0.0,0.0,0.0,2,0,0,0.012473322975555586,0.020479489812182887
2025-02-24,0.0,0.0,0.0,2,0,0,0.012473322975555586,0.020479489812182887
2025-02-25,0.0,0.0,0.0,2,0,0,0.012473322975555586,0.020479489812182887
2025-02-26,0.0,0.0,0.0,2,0,0,0.012473322975555586,0.020479489812182887
2025-02-27,0.0,0.0,0.0,2,0,0,0.012473322975555586,0.020479489812182887
2025-02-28,0.0,0.0,0.0,2,0,0,0.012473322975555586,0.020479489812182887
2025-03-03,0.0,0.0,0.0,2,0,0,0.012473322975555586,0.020479489812182887
2025-03-04,0.0,0.0,0.0,2,0,0,0.012473322975555586,0.020479489812182887
2025-03-05,0.0,0.0001,-0.0001,2,1,1,0.012373322975555587,0.020479489812182887
2025-03-06,0.002203951191792616,0.0,0.002203951191792616,2,1,1,0.014577274167348202,0.022683441003975503
2025-03-07,-0.0029699772691123695,0.0,-0.0029699772691123695,2,1,1,0.011607296898235833,0.019713463734863133
2025-03-10,-0.0011333567363067015,0.0,-0.0011333567363067015,2,1,1,0.01047394016192913,0.01858010699855643
2025-03-11,-0.0011909913608714386,0.0,-0.0011909913608714386,2,1,1,0.009282948801057692,0.017389115637684992
2025-03-12,0.0015306181700020145,0.0,0.0015306181700020145,2,1,1,0.010813566971059707,0.018919733807687005
2025-03-13,0.00020322165802695656,0.0,0.00020322165802695656,2,1,1,0.011016788629086663,0.01912295546571396
2025-03-14,0.000818069124953569,0.0,0.000818069124953569,2,1,1,0.011834857754040232,0.01994102459066753
2025-03-17,0.001445450512339624,0.0,0.001445450512339624,2,1,1,0.013280308266379857,0.021386475103007153
2025-03-18,-0.0003571881731494519,0.0,-0.0003571881731494519,2,1,1,0.012923120093230404,0.021029286929857702
2025-03-19,-0.00025720168009099506,0.0,-0.00025720168009099506,2,1,1,0.01266591841313941,0.020772085249766706
2025-03-20,7.638224541126107e-06,0.0,7.638224541126107e-06,2,1,1,0.012673556637680536,0.020779723474307833
2025-03-21,-9.724396443558825e-05,0.0,-9.724396443558825e-05,2,1,1,0.012576312673244947,0.020682479509872245
2025-03-24,0.0015523371263144198,0.0,0.0015523371263144198,2,1,1,0.014128649799559367,0.022234816636186663
2025-03-25,-0.0007194523194593053,9.979282509909111e-05,-0.0008192451445583964,2,0,0,0.01330940465500097,0.021515364316727358
2025-03-26,0.0,0.0,0.0,2,0,0,0.01330940465500097,0.021515364316727358
2025-03-27,0.0,0.0,0.0,2,0,0,0.01330940465500097,0.021515364316727358
2025-03-28,0.0,0.0001,-0.0001,2,1,1,0.013209404655000971,0.021515364316727358
2025-03-31,0.0005221254866706106,0.0,0.0005221254866706106,2,1,1,0.013731530141671581,0.02203748980339797
2025-04-01,-0.0005458650827460044,9.982096686753673e-05,-0.0006456860496135411,2,0,0,0.013085844092058041,0.021491624720651966
2025-04-02,0.0,0.0,0.0,2,0,0,0.013085844092058041,0.021491624720651966
2025-04-03,0.0,0.0,0.0,2,0,0,0.013085844092058041,0.021491624720651966
2025-04-04,0.0,9.999999999999999e-05,-9.999999999999999e-05,2,1,1,0.012985844092058042,0.021491624720651966
2025-04-07,-0.001011296900307614,0.0001,-0.001111296900307614,2,1,1,0.011874547191750427,0.02048032782034435
2025-04-08,0.0006737229614646673,0.00010019411022837987,0.0005735288512362874,2,1,1,0.012448076042986714,0.021154050781809017
2025-04-09,-0.0003074668545855178,0.0,-0.0003074668545855178,2,1,1,0.012140609188401196,0.0208465839272235
2025-04-10,-0.0032013129251271654,0.0,-0.0032013129251271654,2,1,1,0.00893929626327403,0.017645271002096334
2025-04-11,-0.0020628611714361526,0.0,-0.0020628611714361526,2,1,1,0.006876435091837878,0.015582409830660181
2025-04-14,0.001058262806444612,0.0,0.001058262806444612,2,1,1,0.00793469789828249,0.016640672637104795
2025-04-15,0.0018293971456858267,0.0,0.0018293971456858267,2,1,1,0.009764095043968316,0.018470069782790623
2025-04-16,-0.0014392518777345815,0.0,-0.0014392518777345815,2,1,1,0.008324843166233734,0.01703081790505604
2025-04-17,-0.0005849222900612579,0.0,-0.0005849222900612579,2,1,1,0.007739920876172476,0.016445895614994783
2025-04-18,-9.095095490741992e-05,0.0,-9.095095490741992e-05,2,1,1,0.007648969921265056,0.016354944660087363
2025-04-21,0.00022974511011642819,0.0,0.00022974511011642819,2,1,1,0.007878715031381484,0.016584689770203793
2025-04-22,-0.0006197638640801505,0.0,-0.0006197638640801505,2,1,1,0.007258951167301334,0.015964925906123643
2025-04-23,0.0014690261712565357,0.0,0.0014690261712565357,2,1,1,0.008727977338557869,0.017433952077380178
2025-04-24,0.00035237178141124423,0.0,0.00035237178141124423,2,1,1,0.009080349119969112,0.017786323858791423
2025-04-25,-0.0006198191698804106,0.0,-0.0006198191698804106,2,1,1,0.008460529950088702,0.017166504688911014
2025-04-28,0.0005637129694692796,0.0,0.0005637129694692796,2,1,1,0.009024242919557982,0.017730217658380294
2025-04-29,-9.083716282956267e-05,0.0,-9.083716282956267e-05,2,1,1,0.00893340575672842,0.017639380495550732
2025-04-30,-0.0017280967675382224,0.0,-0.0017280967675382224,2,1,1,0.007205308989190197,0.01591128372801251
2025-05-01,0.00042267601516125764,0.0,0.00042267601516125764,2,1,1,0.007627985004351455,0.016333959743173768
2025-05-02,-0.0014337910956811683,0.0,-0.0014337910956811683,2,1,1,0.006194193908670287,0.0149001686474926
2025-05-05,0.0005369748391140219,0.0,0.0005369748391140219,2,1,1,0.006731168747784309,0.015437143486606622
2025-05-06,-0.00018189872933750293,0.0,-0.00018189872933750293,2,1,1,0.006549270018446806,0.015255244757269118
2025-05-07,-0.0002568182557504632,0.0,-0.0002568182557504632,2,1,1,0.006292451762696343,0.014998426501518655
2025-05-08,0.0032641017584673073,0.0,0.0032641017584673073,2,1,1,0.00955655352116365,0.018262528259985963
2025-05-09,0.000572219456121638,9.927451437071125e-05,0.0004729449417509267,2,0,0,0.010029498462914576,0.018834747716107603
2025-05-12,0.0,0.0,0.0,2,0,0,0.010029498462914576,0.018834747716107603
2025-05-13,0.0,0.0,0.0,2,0,0,0.010029498462914576,0.018834747716107603
2025-05-14,0.0,0.0,0.0,2,0,0,0.010029498462914576,0.018834747716107603
2025-05-15,0.0,0.0,0.0,2,0,0,0.010029498462914576,0.018834747716107603
2025-05-16,0.0,0.0,0.0,2,0,0,0.010029498462914576,0.018834747716107603
2025-05-19,0.0,0.0,0.0,2,0,0,0.010029498462914576,0.018834747716107603
2025-05-20,0.0,0.0,0.0,2,0,0,0.010029498462914576,0.018834747716107603
2025-05-21,0.0,0.0,0.0,2,0,0,0.010029498462914576,0.018834747716107603
2025-05-22,0.0,0.0,0.0,2,0,0,0.010029498462914576,0.018834747716107603
2025-05-23,0.0,0.0,0.0,2,0,0,0.010029498462914576,0.018834747716107603
2025-05-27,0.0,0.0001,-0.0001,2,1,1,0.009929498462914577,0.018834747716107603
2025-05-28,0.00024760619111888205,0.0,0.00024760619111888205,2,1,1,0.010177104654033459,0.019082353907226485
2025-05-29,0.0008330245957084647,0.0,0.0008330245957084647,2,1,1,0.011010129249741924,0.019915378502934948
2025-05-30,9.713958718812066e-05,0.0,9.713958718812066e-05,2,1,1,0.011107268836930044,0.02001251809012307
2025-06-02,-0.0003553628205202105,0.0,-0.0003553628205202105,2,1,1,0.010751906016409834,0.019657155269602856
2025-06-03,-0.00040005551609006247,0.0,-0.00040005551609006247,2,1,1,0.010351850500319771,0.019257099753512794
2025-06-04,-0.0002584170061612986,0.0,-0.0002584170061612986,2,1,1,0.010093433494158472,0.018998682747351496
2025-06-05,-1.4883479518500143e-06,0.0,-1.4883479518500143e-06,2,1,1,0.010091945146206621,0.018997194399399647
2025-06-06,0.0004315658834427925,0.0,0.0004315658834427925,2,1,1,0.010523511029649414,0.01942876028284244
2025-06-09,-0.0002383563204458179,0.0,-0.0002383563204458179,2,1,1,0.010285154709203596,0.019190403962396622
2025-06-10,0.001222903329629882,0.0,0.001222903329629882,2,1,1,0.011508058038833478,0.020413307292026506
2025-06-11,6.761248802267098e-05,0.00010079352144283552,-3.318103342016454e-05,2,0,0,0.011474877005413314,0.020480919780049178
2025-06-12,0.0,0.0,0.0,2,0,0,0.011474877005413314,0.020480919780049178
2025-06-13,0.0,0.0,0.0,2,0,0,0.011474877005413314,0.020480919780049178
2025-06-16,0.0,0.0,0.0,2,0,0,0.011474877005413314,0.020480919780049178
2025-06-17,0.0,0.0,0.0,2,0,0,0.011474877005413314,0.020480919780049178
2025-06-18,0.0,0.0,0.0,2,0,0,0.011474877005413314,0.020480919780049178
2025-06-20,0.0,0.0,0.0,2,0,0,0.011474877005413314,0.020480919780049178
2025-06-23,0.0,0.0,0.0,2,0,0,0.011474877005413314,0.020480919780049178
2025-06-24,0.0,0.0,0.0,2,0,0,0.011474877005413314,0.020480919780049178
2025-06-25,0.0,0.0,0.0,2,0,0,0.011474877005413314,0.020480919780049178
2025-06-26,0.0,0.0,0.0,2,0,0,0.011474877005413314,0.020480919780049178
2025-06-27,0.0,0.0,0.0,2,0,0,0.011474877005413314,0.020480919780049178
2025-06-30,0.0,0.0,0.0,2,0,0,0.011474877005413314,0.020480919780049178
2025-07-01,0.0,0.0,0.0,2,0,0,0.011474877005413314,0.020480919780049178
2025-07-02,0.0,0.0,0.0,2,0,0,0.011474877005413314,0.020480919780049178
2025-07-03,0.0,0.0001,-0.0001,2,1,1,0.011374877005413314,0.020480919780049178
2025-07-07,4.2673182161651665e-05,0.0,4.2673182161651665e-05,2,1,1,0.011417550187574966,0.02052359296221083
2025-07-08,-0.0009585245153845576,0.0,-0.0009585245153845576,2,1,1,0.010459025672190408,0.019565068446826272
2025-07-09,0.00020415148196141955,0.0,0.00020415148196141955,2,1,1,0.010663177154151828,0.01976921992878769
2025-07-10,-4.670489645589536e-05,0.0,-4.670489645589536e-05,2,1,1,0.010616472257695932,0.019722515032331796
2025-07-11,-0.0015997195959696845,0.0,-0.0015997195959696845,2,1,1,0.009016752661726248,0.01812279543636211
2025-07-14,-0.0010391297886177013,0.0,-0.0010391297886177013,2,1,1,0.007977622873108547,0.017083665647744408
2025-07-15,-3.412935673877636e-05,0.0,-3.412935673877636e-05,2,1,1,0.007943493516369771,0.017049536291005633
2025-07-16,0.0004980944265612662,0.0,0.0004980944265612662,2,1,1,0.008441587942931037,0.0175476307175669
2025-07-17,0.00026319469546230717,0.0,0.00026319469546230717,2,1,1,0.008704782638393345,0.017810825413029207
2025-07-18,-0.00025277362095946503,0.0,-0.00025277362095946503,2,1,1,0.008452009017433879,0.01755805179206974
2025-07-21,0.0002818688695781445,0.0,0.0002818688695781445,2,1,1,0.008733877887012024,0.017839920661647884
2025-07-22,-0.00016905323780352542,0.0,-0.00016905323780352542,2,1,1,0.008564824649208498,0.01767086742384436
2025-07-23,0.0009998306914370053,0.0,0.0009998306914370053,2,1,1,0.009564655340645503,0.018670698115281364
2025-07-24,-0.0012145318576028698,0.0,-0.0012145318576028698,2,1,1,0.008350123483042633,0.017456166257678495
2025-07-25,-0.0015589589249499348,0.0,-0.0015589589249499348,2,1,1,0.006791164558092698,0.01589720733272856
2025-07-28,0.0012338150382547968,0.0,0.0012338150382547968,2,1,1,0.008024979596347494,0.017131022370983358
2025-07-29,6.706206618718735e-05,0.0,6.706206618718735e-05,2,1,1,0.008092041662534681,0.017198084437170545
2025-07-30,-0.00038966161168838844,0.0,-0.00038966161168838844,2,1,1,0.0077023800508462924,0.01680842282548216
2025-07-31,-0.0005110445769272265,0.0,-0.0005110445769272265,2,1,1,0.0071913354739190655,0.01629737824855493
2025-08-01,-0.0012241596704707365,0.0,-0.0012241596704707365,2,1,1,0.005967175803448329,0.015073218578084194
2025-08-04,0.0005024003812443768,0.0,0.0005024003812443768,2,1,1,0.006469576184692705,0.01557561895932857
2025-08-05,0.00019173508260746707,0.0,0.00019173508260746707,2,1,1,0.006661311267300172,0.01576735404193604
2025-08-06,1.4203812104355076e-05,0.0,1.4203812104355076e-05,2,1,1,0.006675515079404527,0.015781557854040396
2025-08-07,0.0017231336836864013,0.0,0.0017231336836864013,2,1,1,0.008398648763090929,0.017504691537726796
2025-08-08,-7.642968390666311e-05,9.87367760268956e-05,-0.00017516645993355872,2,0,0,0.00822348230315737,0.017428261853820133
2025-08-11,0.0,0.0,0.0,2,0,0,0.00822348230315737,0.017428261853820133
2025-08-12,0.0,0.0,0.0,2,0,0,0.00822348230315737,0.017428261853820133
2025-08-13,0.0,0.0,0.0,2,0,0,0.00822348230315737,0.017428261853820133
2025-08-14,0.0,0.0001,-0.0001,2,1,1,0.00812348230315737,0.017428261853820133
2025-08-15,-0.000360756733876729,0.0,-0.000360756733876729,2,1,1,0.0077627255692806416,0.017067505119943403
2025-08-18,0.00021892885235823758,0.0,0.00021892885235823758,2,1,1,0.00798165442163888,0.01728643397230164
2025-08-19,-0.0009560498266268789,0.0,-0.0009560498266268789,2,1,1,0.007025604595012001,0.01633038414567476
2025-08-20,1.5039396171840399e-05,0.0,1.5039396171840399e-05,2,1,1,0.007040643991183842,0.0163454235418466
2025-08-21,-0.00040301635069403546,0.0,-0.00040301635069403546,2,1,1,0.006637627640489806,0.015942407191152565
2025-08-22,0.0004628657929728532,0.0,0.0004628657929728532,2,1,1,0.007100493433462659,0.01640527298412542
2025-08-25,0.0007728321577798057,0.0,0.0007728321577798057,2,1,1,0.007873325591242465,0.017178105141905223
2025-08-26,0.00022955040701526532,0.0,0.00022955040701526532,2,1,1,0.00810287599825773,0.017407655548920486
2025-08-27,9.811426671126484e-05,0.0,9.811426671126484e-05,2,1,1,0.008200990264968995,0.01750576981563175
2025-08-28,0.0015940159504294748,0.0,0.0015940159504294748,2,1,1,0.00979500621539847,0.019099785766061226
2025-08-29,0.0006841216844413871,9.952887088066351e-05,0.0005845928135607237,2,0,0,0.010379599028959194,0.019783907450502614
2025-09-02,0.0,0.0,0.0,2,0,0,0.010379599028959194,0.019783907450502614
2025-09-03,0.0,0.0,0.0,2,0,0,0.010379599028959194,0.019783907450502614
2025-09-04,0.0,0.0,0.0,2,0,0,0.010379599028959194,0.019783907450502614
2025-09-05,0.0,0.0,0.0,2,0,0,0.010379599028959194,0.019783907450502614
2025-09-08,0.0,0.0,0.0,2,0,0,0.010379599028959194,0.019783907450502614
2025-09-09,0.0,0.0,0.0,2,0,0,0.010379599028959194,0.019783907450502614
2025-09-10,0.0,0.0,0.0,2,0,0,0.010379599028959194,0.019783907450502614
2025-09-11,0.0,0.0,0.0,2,0,0,0.010379599028959194,0.019783907450502614
2025-09-12,0.0,0.0,0.0,2,0,0,0.010379599028959194,0.019783907450502614
2025-09-15,0.0,0.0,0.0,2,0,0,0.010379599028959194,0.019783907450502614
2025-09-16,0.0,0.0,0.0,2,0,0,0.010379599028959194,0.019783907450502614
2025-09-17,0.0,0.0,0.0,2,0,0,0.010379599028959194,0.019783907450502614
2025-09-18,0.0,0.0,0.0,2,0,0,0.010379599028959194,0.019783907450502614
2025-09-19,0.0,0.0,0.0,2,0,0,0.010379599028959194,0.019783907450502614
2025-09-22,0.0,0.0001,-0.0001,2,1,1,0.010279599028959195,0.019783907450502614
2025-09-23,-0.00015922668945397627,0.0,-0.00015922668945397627,2,1,1,0.010120372339505218,0.01962468076104864
2025-09-24,-0.0005452296345070628,0.0,-0.0005452296345070628,2,1,1,0.009575142704998155,0.019079451126541577
2025-09-25,-0.001027755952517845,0.0,-0.001027755952517845,2,1,1,0.008547386752480311,0.018051695174023732
2025-09-26,0.0008770820849055845,0.0,0.0008770820849055845,2,1,1,0.009424468837385895,0.018928777258929316
2025-09-29,-4.254253351245341e-06,0.0001,-0.00010425425335124535,2,1,1,0.009320214584034649,0.01892452300557807
2025-09-30,-0.0005715594211782057,0.0,-0.0005715594211782057,2,1,1,0.008748655162856443,0.018352963584399865
2025-10-01,-0.00011439680850657366,0.0,-0.00011439680850657366,2,1,1,0.00863425835434987,0.018238566775893292
2025-10-02,-0.0007682367322200982,0.0,-0.0007682367322200982,2,1,1,0.007866021622129772,0.017470330043673193
2025-10-03,0.0006570155802876442,0.0,0.0006570155802876442,2,1,1,0.008523037202417417,0.018127345623960837
2025-10-06,0.0006273525484379907,0.0,0.0006273525484379907,2,1,1,0.009150389750855407,0.018754698172398828
2025-10-07,-4.832105901148199e-06,9.938298396655548e-05,-0.0001042150898677037,2,1,1,0.009046174660987704,0.01874986606649768
2025-10-08,0.000358462062486248,0.0,0.000358462062486248,2,1,1,0.009404636723473952,0.01910832812898393
2025-10-09,-0.0007863357122159249,0.0,-0.0007863357122159249,2,1,1,0.008618301011258028,0.018321992416768004
2025-10-10,4.46606233048438e-05,0.0,4.46606233048438e-05,2,1,1,0.008662961634562871,0.018366653040072848
2025-10-14,-0.0009916028896599857,0.0,-0.0009916028896599857,2,1,1,0.0076713587449028856,0.017375050150412862
2025-10-15,-0.0004771785679578312,0.0,-0.0004771785679578312,2,1,1,0.007194180176945055,0.01689787158245503
2025-10-16,-0.0005907991508672366,0.0,-0.0005907991508672366,2,1,1,0.006603381026077818,0.016307072431587792
2025-10-17,-2.701745806125224e-05,0.0,-2.701745806125224e-05,2,1,1,0.006576363568016566,0.01628005497352654
2025-10-20,0.0005092823471911249,0.0,0.0005092823471911249,2,1,1,0.007085645915207691,0.016789337320717666
2025-10-21,0.0007789956987747041,0.0,0.0007789956987747041,2,1,1,0.007864641613982395,0.01756833301949237
2025-10-22,0.00103025153327151,0.0,0.00103025153327151,2,1,1,0.008894893147253904,0.01859858455276388
2025-10-23,0.00011067664732844717,0.00010026479271024325,1.0411854618203929e-05,2,0,0,0.008905305001872109,0.01870926120009233
2025-10-24,0.0,0.0,0.0,2,0,0,0.008905305001872109,0.01870926120009233
2025-10-27,0.0,0.0,0.0,2,0,0,0.008905305001872109,0.01870926120009233
2025-10-28,0.0,0.0,0.0,2,0,0,0.008905305001872109,0.01870926120009233
2025-10-29,0.0,0.0001,-0.0001,2,1,1,0.00880530500187211,0.01870926120009233
2025-10-30,-0.0004415821928425315,0.0,-0.0004415821928425315,2,1,1,0.008363722809029578,0.018267679007249796
2025-10-31,0.00023215052779137607,0.0,0.00023215052779137607,2,1,1,0.008595873336820953,0.018499829535041173
2025-11-03,0.00035422816394984653,0.0,0.00035422816394984653,2,1,1,0.0089501015007708,0.01885405769899102
2025-11-04,-0.0016905679694072433,0.0,-0.0016905679694072433,2,1,1,0.007259533531363557,0.017163489729583776
2025-11-05,0.0002671879199409469,0.0,0.0002671879199409469,2,1,1,0.007526721451304503,0.017430677649524724
2025-11-06,0.00031305814483340033,0.0,0.00031305814483340033,2,1,1,0.007839779596137905,0.017743735794358124
2025-11-07,0.0006645824490054915,0.0,0.0006645824490054915,2,1,1,0.008504362045143396,0.018408318243363617
2025-11-10,0.0003767813613213285,0.0,0.0003767813613213285,2,1,1,0.008881143406464724,0.018785099604684947
2025-11-12,-0.0013885137049619634,0.0,-0.0013885137049619634,2,1,1,0.007492629701502761,0.017396585899722983
2025-11-13,0.00089200750150843,0.0,0.00089200750150843,2,1,1,0.008384637203011192,0.01828859340123141
2025-11-14,-0.0007429572539149734,0.0,-0.0007429572539149734,2,1,1,0.0076416799490962185,0.017545636147316437
2025-11-17,0.0008337760840624228,0.0,0.0008337760840624228,2,1,1,0.008475456033158642,0.01837941223137886
2025-11-18,-0.00026773156244403823,0.0,-0.00026773156244403823,2,1,1,0.008207724470714604,0.01811168066893482
2025-11-19,-0.00103008990277931,0.0,-0.00103008990277931,2,1,1,0.007177634567935294,0.017081590766155508
2025-11-20,0.00012928374268405534,0.0,0.00012928374268405534,2,1,1,0.00730691831061935,0.017210874508839562
2025-11-21,0.0009430562878490962,0.0,0.0009430562878490962,2,1,1,0.008249974598468445,0.018153930796688658
2025-11-24,-0.00028082304468553303,0.0,-0.00028082304468553303,2,1,1,0.007969151553782913,0.017873107752003126
2025-11-25,0.001167332817585289,0.0,0.001167332817585289,2,1,1,0.009136484371368202,0.019040440569588413
2025-11-26,0.0005602719308639866,9.96783961584814e-05,0.00046059353470550516,2,0,0,0.009597077906073708,0.0196007125004524
2025-11-28,0.0,0.0,0.0,2,0,0,0.009597077906073708,0.0196007125004524
2025-12-01,0.0,0.0,0.0,2,0,0,0.009597077906073708,0.0196007125004524
2025-12-02,0.0,0.0,0.0,2,0,0,0.009597077906073708,0.0196007125004524
2025-12-03,0.0,0.0,0.0,2,0,0,0.009597077906073708,0.0196007125004524
2025-12-04,0.0,0.0,0.0,2,0,0,0.009597077906073708,0.0196007125004524
2025-12-05,0.0,0.0,0.0,2,0,0,0.009597077906073708,0.0196007125004524
2025-12-08,0.0,0.0001,-0.0001,2,1,1,0.009497077906073709,0.0196007125004524
2025-12-09,-0.0003969786773252112,0.0,-0.0003969786773252112,2,1,1,0.009100099228748498,0.01920373382312719
2025-12-10,0.0002525184434501507,0.0,0.0002525184434501507,2,1,1,0.009352617672198648,0.01945625226657734
2025-12-11,-0.0009483574539117909,0.0,-0.0009483574539117909,2,1,1,0.008404260218286858,0.01850789481266555
2025-12-12,-0.00033719863887686274,0.0,-0.00033719863887686274,2,1,1,0.008067061579409994,0.01817069617378869
2025-12-15,-0.00022273870639595198,0.0,-0.00022273870639595198,2,1,1,0.007844322873014042,0.017947957467392736
2025-12-16,1.675250964374564e-05,0.0,1.675250964374564e-05,2,1,1,0.007861075382657788,0.017964709977036482
2025-12-17,0.0007898835309830529,0.0,0.0007898835309830529,2,1,1,0.00865095891364084,0.018754593508019536
2025-12-18,-0.0008043673040469677,0.0,-0.0008043673040469677,2,1,1,0.007846591609593872,0.017950226203972568
2025-12-19,0.0004051198901419257,0.0,0.0004051198901419257,2,1,1,0.008251711499735798,0.018355346094114492
2025-12-22,-0.00025751313158424297,0.0,-0.00025751313158424297,2,1,1,0.007994198368151555,0.018097832962530248
2025-12-23,-0.0005879055607216922,0.0,-0.0005879055607216922,2,1,1,0.0074062928074298635,0.017509927401808557
2025-12-24,-0.0009545849061006133,0.0,-0.0009545849061006133,2,1,1,0.00645170790132925,0.016555342495707944
2025-12-26,-0.00036353925521414205,0.0,-0.00036353925521414205,2,1,1,0.006088168646115108,0.016191803240493803
2025-12-29,0.00054004474546429,0.0,0.00054004474546429,2,1,1,0.006628213391579398,0.016731847985958094
2025-12-30,-0.00020692314751369738,0.0,-0.00020692314751369738,2,1,1,0.0064212902440657004,0.016524924838444397
2025-12-31,0.0006033166327702936,0.0,0.0006033166327702936,2,1,1,0.007024606876835994,0.01712824147121469
2026-01-02,0.0010262378741169138,0.0,0.0010262378741169138,2,1,1,0.008050844750952907,0.018154479345331605
2026-01-05,0.0009403410009301791,0.0,0.0009403410009301791,2,1,1,0.008991185751883086,0.019094820346261785
2026-01-06,0.0005973849938747104,0.0002000182985679368,0.0003973666953067736,2,1,1,0.00938855244718986,0.019692205340136496
2026-01-07,0.0005506123066953546,0.0,0.0005506123066953546,2,1,1,0.009939164753885213,0.02024281764683185
2026-01-08,0.0003757373025166953,0.0,0.0003757373025166953,2,1,1,0.010314902056401908,0.02061855494934855
2026-01-09,1.9583406424979492e-05,0.0,1.9583406424979492e-05,2,1,1,0.010334485462826887,0.02063813835577353
2026-01-12,-0.0005547999735503515,0.0,-0.0005547999735503515,2,1,1,0.009779685489276536,0.020083338382223176
2026-01-13,0.00025360695611050237,0.0,0.00025360695611050237,2,1,1,0.010033292445387039,0.02033694533833368
2026-01-14,-4.318320637002125e-05,0.0,-4.318320637002125e-05,2,1,1,0.009990109239017018,0.02029376213196366
2026-01-15,0.00044467312073438617,0.0,0.00044467312073438617,2,1,1,0.010434782359751404,0.020738435252698046
2026-01-16,-1.067992474017667e-05,0.0,-1.067992474017667e-05,2,1,1,0.010424102435011228,0.02072775532795787
2026-01-20,0.0003710292674661401,0.0,0.0003710292674661401,2,1,1,0.010795131702477367,0.02109878459542401
2026-01-21,0.00037376408434034694,9.97548659631938e-05,0.00027400921837715314,2,0,0,0.011069140920854521,0.021472548679764357
2026-01-22,0.0,0.0,0.0,2,0,0,0.011069140920854521,0.021472548679764357
2026-01-23,0.0,0.0,0.0,2,0,0,0.011069140920854521,0.021472548679764357
2026-01-26,0.0,0.0,0.0,2,0,0,0.011069140920854521,0.021472548679764357
2026-01-27,0.0,0.0001,-0.0001,2,1,1,0.010969140920854522,0.021472548679764357
2026-01-28,-0.0007879887993370677,0.0,-0.0007879887993370677,2,1,1,0.010181152121517455,0.02068455988042729
2026-01-29,-0.00011851630439653473,0.0,-0.00011851630439653473,2,1,1,0.01006263581712092,0.020566043576030753
2026-01-30,0.00048980983505299,0.0,0.00048980983505299,2,1,1,0.01055244565217391,0.021055853411083743
2026-02-02,0.00034302354524674817,0.0,0.00034302354524674817,2,1,1,0.010895469197420658,0.02139887695633049
2026-02-03,-0.0008184144191609776,0.0,-0.0008184144191609776,2,1,1,0.010077054778259681,0.020580462537169514
2026-02-04,0.0006494460701670732,0.0,0.0006494460701670732,2,1,1,0.010726500848426754,0.02122990860733659
2026-02-05,0.0023688109430933823,0.0,0.0023688109430933823,2,1,1,0.013095311791520136,0.023598719550429973
2026-02-06,-0.0010492518884098732,9.867068404919697e-05,-0.0011479225724590702,2,0,0,0.011947389219061065,0.0225494676620201
2026-02-09,0.0,0.0,0.0,2,0,0,0.011947389219061065,0.0225494676620201
2026-02-10,0.0,0.0,0.0,2,0,0,0.011947389219061065,0.0225494676620201
2026-02-11,0.0,0.0,0.0,2,0,0,0.011947389219061065,0.0225494676620201
2026-02-12,0.0,0.0,0.0,2,0,0,0.011947389219061065,0.0225494676620201
2026-02-13,0.0,0.0,0.0,2,0,0,0.011947389219061065,0.0225494676620201
2026-02-17,0.0,0.0,0.0,2,0,0,0.011947389219061065,0.0225494676620201
2026-02-18,0.0,0.0,0.0,2,0,0,0.011947389219061065,0.0225494676620201
2026-02-19,0.0,0.0,0.0,2,0,0,0.011947389219061065,0.0225494676620201
2026-02-20,0.0,0.0,0.0,2,0,0,0.011947389219061065,0.0225494676620201
2026-02-23,0.0,0.0,0.0,2,0,0,0.011947389219061065,0.0225494676620201
2026-02-24,0.0,0.0,0.0,2,0,0,0.011947389219061065,0.0225494676620201
2026-02-25,0.0,0.0,0.0,2,0,0,0.011947389219061065,0.0225494676620201
2026-02-26,0.0,0.0,0.0,2,0,0,0.011947389219061065,0.0225494676620201
2026-02-27,0.0,0.0,0.0,2,0,0,0.011947389219061065,0.0225494676620201
2026-03-02,0.0,9.999999999999999e-05,-9.999999999999999e-05,2,1,1,0.011847389219061066,0.0225494676620201
2026-03-03,6.820273861380386e-05,0.0,6.820273861380386e-05,2,1,1,0.01191559195767487,0.022617670400633904
2026-03-04,0.0003484162408504976,0.0,0.0003484162408504976,2,1,1,0.012264008198525368,0.0229660866414844
2026-03-05,-0.00026980289394913084,0.0,-0.00026980289394913084,2,1,1,0.011994205304576237,0.02269628374753527
2026-03-06,0.0014012970134412743,0.0,0.0014012970134412743,2,1,1,0.013395502318017512,0.024097580760976546
2026-03-09,0.00021094132371555675,0.00019967969495462715,1.1261628760929592e-05,2,1,1,0.01340676394677844,0.024308522084692103
2026-03-10,0.0003102521464722428,0.0,0.0003102521464722428,2,1,1,0.013717016093250683,0.024618774231164348
2026-03-11,0.0005495755043285276,0.0,0.0005495755043285276,2,1,1,0.01426659159757921,0.025168349735492875
2026-03-12,-5.865756133271706e-05,0.0,-5.865756133271706e-05,2,1,1,0.014207934036246494,0.025109692174160158
2026-03-13,0.002214699284486487,0.0,0.002214699284486487,2,1,1,0.01642263332073298,0.027324391458646645
2026-03-16,-0.0008780382813622484,0.00010042756621851848,-0.0009784658475807668,2,0,0,0.015444167473152214,0.026446353177284398
2026-03-17,0.0,0.0,0.0,2,0,0,0.015444167473152214,0.026446353177284398
2026-03-18,0.0,0.0,0.0,2,0,0,0.015444167473152214,0.026446353177284398
2026-03-19,0.0,0.0,0.0,2,0,0,0.015444167473152214,0.026446353177284398
2026-03-20,0.0,0.0,0.0,2,0,0,0.015444167473152214,0.026446353177284398
2026-03-23,0.0,0.0,0.0,2,0,0,0.015444167473152214,0.026446353177284398
2026-03-24,0.0,0.0,0.0,2,0,0,0.015444167473152214,0.026446353177284398
2026-03-25,0.0,0.0,0.0,2,0,0,0.015444167473152214,0.026446353177284398
2026-03-26,0.0,0.0001,-0.0001,2,1,1,0.015344167473152214,0.026446353177284398
2026-03-27,-0.00028062235225052325,0.0,-0.00028062235225052325,2,1,1,0.01506354512090169,0.026165730825033876
2026-03-30,-0.00016706717520839805,0.0,-0.00016706717520839805,2,1,1,0.014896477945693293,0.025998663649825476
2026-03-31,-0.0008033502701446101,0.0,-0.0008033502701446101,2,1,1,0.014093127675548683,0.025195313379680867
2026-04-01,0.0007434844447245521,0.0001,0.000643484444724552,2,1,1,0.014736612120273235,0.02593879782440542
2026-04-02,-0.0011722127104479554,0.0,-0.0011722127104479554,2,1,1,0.01356439940982528,0.024766585113957462
2026-04-03,-0.0008281629365214037,0.0,-0.0008281629365214037,2,1,1,0.012736236473303875,0.02393842217743606
2026-04-06,0.0008656382134403031,0.0,0.0008656382134403031,2,1,1,0.013601874686744179,0.024804060390876362
2026-04-07,-0.00016831230965487048,0.0,-0.00016831230965487048,2,1,1,0.013433562377089309,0.02463574808122149
2026-04-08,0.002158862231724799,0.0,0.002158862231724799,2,1,1,0.015592424608814107,0.02679461031294629
2026-04-09,0.0009141288528420747,0.00010081392212632944,0.0008133149307157452,2,1,1,0.016405739539529854,0.027708739165788365
2026-04-10,-0.0007382075974879495,0.0,-0.0007382075974879495,2,1,1,0.015667531942041905,0.026970531568300416
2026-04-13,0.0004780937753076263,0.0,0.0004780937753076263,2,1,1,0.01614562571734953,0.027448625343608042
2026-04-14,0.0004984840697406448,0.0,0.0004984840697406448,2,1,1,0.016644109787090175,0.027947109413348686
2026-04-15,0.0004102175726636669,0.0,0.0004102175726636669,2,1,1,0.017054327359753842,0.028357326986012354
2026-04-16,0.001196078787356834,9.957009601025949e-05,0.0010965086913465746,2,0,0,0.018150836051100416,0.029553405773369186
2026-04-17,0.0,0.0,0.0,2,0,0,0.018150836051100416,0.029553405773369186
2026-04-20,0.0,0.0,0.0,2,0,0,0.018150836051100416,0.029553405773369186
2026-04-21,0.0,0.0,0.0,2,0,0,0.018150836051100416,0.029553405773369186
2026-04-22,0.0,0.0,0.0,2,0,0,0.018150836051100416,0.029553405773369186
2026-04-23,0.0,0.0,0.0,2,0,0,0.018150836051100416,0.029553405773369186
2026-04-24,0.0,0.0,0.0,2,0,0,0.018150836051100416,0.029553405773369186
2026-04-27,0.0,0.0,0.0,2,0,0,0.018150836051100416,0.029553405773369186
2026-04-28,0.0,0.0,0.0,2,0,0,0.018150836051100416,0.029553405773369186
2026-04-29,0.0,0.0,0.0,2,0,0,0.018150836051100416,0.029553405773369186
2026-04-30,0.0,0.0,0.0,2,0,0,0.018150836051100416,0.029553405773369186
2026-05-01,0.0,0.0,0.0,2,0,0,0.018150836051100416,0.029553405773369186
2026-05-04,0.0,0.0,0.0,2,0,0,0.018150836051100416,0.029553405773369186
2026-05-05,0.0,0.0,0.0,2,0,0,0.018150836051100416,0.029553405773369186
2026-05-06,0.0,0.0,0.0,2,0,0,0.018150836051100416,0.029553405773369186
2026-05-07,0.0,0.0,0.0,2,0,0,0.018150836051100416,0.029553405773369186
2026-05-08,0.0,0.0,0.0,2,0,0,0.018150836051100416,0.029553405773369186
2026-05-11,0.0,0.0,0.0,2,0,0,0.018150836051100416,0.029553405773369186
2026-05-12,0.0,0.0,0.0,2,0,0,0.018150836051100416,0.029553405773369186
2026-05-13,0.0,0.0,0.0,2,0,0,0.018150836051100416,0.029553405773369186
2026-05-14,0.0,0.0,0.0,2,0,0,0.018150836051100416,0.029553405773369186
2026-05-15,0.0,0.0,0.0,2,0,0,0.018150836051100416,0.029553405773369186
2026-05-18,0.0,0.0,0.0,2,0,0,0.018150836051100416,0.029553405773369186
2026-05-19,0.0,0.0,0.0,2,0,0,0.018150836051100416,0.029553405773369186
2026-05-20,0.0,0.0,0.0,2,0,0,0.018150836051100416,0.029553405773369186
2026-05-21,0.0,0.0,0.0,2,0,0,0.018150836051100416,0.029553405773369186
2026-05-22,0.0,0.0,0.0,2,0,0,0.018150836051100416,0.029553405773369186
2026-05-26,0.0,0.0001,-0.0001,2,1,1,0.018050836051100416,0.029553405773369186
2026-05-27,-0.0006560047919751354,0.0,-0.0006560047919751354,2,1,1,0.01739483125912528,0.02889740098139405
2026-05-28,0.0007918242686617148,0.0,0.0007918242686617148,2,1,1,0.018186655527786994,0.029689225250055764
2026-05-29,2.5707100114328967e-05,0.0,2.5707100114328967e-05,2,1,1,0.018212362627901324,0.029714932350170094
2026-06-01,-0.001220046992070215,0.0,-0.001220046992070215,2,1,1,0.016992315635831107,0.028494885358099877
2026-06-02,0.00013756248245770414,0.0,0.00013756248245770414,2,1,1,0.01712987811828881,0.02863244784055758
2026-06-03,-0.001452712694606427,0.0,-0.001452712694606427,2,1,1,0.015677165423682384,0.027179735145951154
2026-06-04,3.1406281983916147e-06,0.0,3.1406281983916147e-06,2,1,1,0.015680306051880775,0.027182875774149545
2026-06-05,-0.00038889765360725916,0.0,-0.00038889765360725916,2,1,1,0.015291408398273516,0.026793978120542288
2026-06-08,-0.00037261565589832407,0.0,-0.00037261565589832407,2,1,1,0.014918792742375193,0.026421362464643963
2026-06-09,-0.0005998188677479425,0.0,-0.0005998188677479425,2,1,1,0.01431897387462725,0.02582154359689602
2026-06-10,0.0007814125355892991,0.0,0.0007814125355892991,2,1,1,0.015100386410216549,0.026602956132485322
2026-06-11,-0.0015760256134849909,0.0,-0.0015760256134849909,2,1,1,0.013524360796731558,0.02502693051900033
2026-06-12,0.00018071894714557612,0.0,0.00018071894714557612,2,1,1,0.013705079743877134,0.02520764946614591
2026-06-15,-0.00047039577523960686,0.0,-0.00047039577523960686,2,1,1,0.013234683968637527,0.0247372536909063
2026-06-16,-4.61851829150409e-05,0.0,-4.61851829150409e-05,2,1,1,0.013188498785722485,0.02469106850799126
2026-06-17,-0.0009520715686269135,0.0,-0.0009520715686269135,2,1,1,0.012236427217095572,0.023738996939364345
2026-06-18,-0.0014425247814763963,0.0,-0.0014425247814763963,2,1,1,0.010793902435619175,0.02229647215788795
2026-06-22,-0.000874539276523704,0.0001,-0.0009745392765237041,2,1,1,0.00981936315909547,0.021421932881364247
2026-06-23,-0.0007452731318018053,0.0,-0.0007452731318018053,2,1,1,0.009074090027293666,0.02067665974956244
2026-06-24,-0.0009060042709834254,0.0,-0.0009060042709834254,2,1,1,0.00816808575631024,0.019770655478579015
2026-06-25,0.0013587793775842114,0.0,0.0013587793775842114,2,1,1,0.009526865133894452,0.021129434856163226
2026-06-26,4.772452944702395e-05,0.0,4.772452944702395e-05,2,1,1,0.009574589663341475,0.02117715938561025
2026-06-29,-0.0006925297906244881,0.0,-0.0006925297906244881,2,1,1,0.008882059872716987,0.020484629594985763
2026-06-30,0.00031952486021539096,9.999427367078976e-05,0.0002195305865446012,2,1,1,0.009101590459261589,0.020804154455201153
2026-07-01,-0.00019637256877237964,0.0,-0.00019637256877237964,2,1,1,0.008905217890489208,0.020607781886428773
2026-07-02,-0.0001514139255175337,0.0,-0.0001514139255175337,2,1,1,0.008753803964971675,0.02045636796091124
2026-07-06,-0.0009195011375886673,0.0001,-0.0010195011375886674,2,1,1,0.007734302827383008,0.019536866823322573
2026-07-07,0.0003816001954265518,0.0,0.0003816001954265518,2,1,1,0.008115903022809559,0.019918467018749126
2026-07-08,-1.3845026396248862e-05,0.0,-1.3845026396248862e-05,2,1,1,0.00810205799641331,0.019904621992352878
2026-07-09,-2.1627408317650336e-05,0.0,-2.1627408317650336e-05,2,1,1,0.00808043058809566,0.019882994584035227
2026-07-10,0.00041607882219064614,0.0,0.00041607882219064614,2,1,1,0.008496509410286306,0.020299073406225873
2026-07-13,0.0004984556929219913,0.0,0.0004984556929219913,2,1,1,0.008994965103208297,0.020797529099147866
2026-07-14,0.0023188937926613053,0.0,0.0023188937926613053,2,1,1,0.011313858895869602,0.023116422891809173
2026-07-15,-0.002968896674721026,0.00010143709303909056,-0.0030703337677601165,2,1,1,0.008243525128109486,0.020147526217088145
2026-07-16,0.0004689001464713206,0.0,0.0004689001464713206,2,1,1,0.008712425274580807,0.020616426363559464
2026-07-17,0.0007528293784272822,0.0,0.0007528293784272822,2,1,1,0.00946525465300809,0.021369255741986747
2026-07-20,0.0001234951883982133,0.0,0.0001234951883982133,2,1,1,0.009588749841406303,0.02149275093038496
2026-07-21,0.0009537459363345249,0.0,0.0009537459363345249,2,1,1,0.010542495777740827,0.022446496866719488
2026-07-22,2.9716738172938463e-05,0.0,2.9716738172938463e-05,2,1,1,0.010572212515913766,0.022476213604892426
2026-07-23,0.0007449148871050565,0.0,0.0007449148871050565,2,1,1,0.011317127403018823,0.02322112849199748
2026-07-24,-0.00046512426307165314,9.97476700766834e-05,-0.0005648719331483366,2,0,0,0.010752255469870487,0.02275600422892583
2026-07-27,0.0,0.0,0.0,2,0,0,0.010752255469870487,0.02275600422892583
2026-07-28,0.0,0.0,0.0,2,0,0,0.010752255469870487,0.02275600422892583
2026-07-29,0.0,0.0,0.0,2,0,0,0.010752255469870487,0.02275600422892583
2026-07-30,0.0,0.0,0.0,2,0,0,0.010752255469870487,0.02275600422892583
2026-07-31,0.0,0.0,0.0,2,0,0,0.010752255469870487,0.02275600422892583
2026-08-03,0.0,0.0,0.0,2,0,0,0.010752255469870487,0.02275600422892583
2026-08-04,0.0,0.0,0.0,2,0,0,0.010752255469870487,0.02275600422892583
2026-08-05,0.0,0.0,0.0,2,0,0,0.010752255469870487,0.02275600422892583
2026-08-06,0.0,0.0,0.0,2,0,0,0.010752255469870487,0.02275600422892583
2026-08-07,0.0,0.0,0.0,2,0,0,0.010752255469870487,0.02275600422892583
2026-08-10,0.0,0.0001,-0.0001,2,1,1,0.010652255469870487,0.02275600422892583
2026-08-11,-0.00020927303612080258,0.0,-0.00020927303612080258,2,1,1,0.010442982433749685,0.022546731192805026
2026-08-12,-0.00014097639353283144,0.0,-0.00014097639353283144,2,1,1,0.010302006040216853,0.022405754799272194
2026-08-13,0.0002693188194340363,0.0,0.0002693188194340363,2,1,1,0.010571324859650889,0.02267507361870623
2026-08-14,-0.0011302278500541951,0.0,-0.0011302278500541951,2,1,1,0.009441097009596694,0.021544845768652034
2026-08-17,-4.9779410367912e-05,0.0,-4.9779410367912e-05,2,1,1,0.009391317599228783,0.02149506635828412
2026-08-18,0.0003895864265683239,0.0,0.0003895864265683239,2,1,1,0.009780904025797106,0.021884652784852444
2026-08-19,-0.0012364786936637272,0.0,-0.0012364786936637272,2,1,1,0.008544425332133378,0.020648174091188718
2026-08-20,-0.0008137255535733113,0.0,-0.0008137255535733113,2,1,1,0.007730699778560066,0.019834448537615408
2026-08-21,-0.00035238230366263284,0.0,-0.00035238230366263284,2,1,1,0.007378317474897433,0.019482066233952777
2026-08-24,0.0019003506586944994,0.0,0.0019003506586944994,2,1,1,0.009278668133591933,0.021382416892647277
2026-08-25,-6.858366139199609e-05,0.0,-6.858366139199609e-05,2,1,1,0.009210084472199937,0.02131383323125528
2026-08-26,0.0006959365194213146,0.0,0.0006959365194213146,2,1,1,0.009906020991621252,0.022009769750676596
2026-08-27,-0.0005409465533849908,0.0,-0.0005409465533849908,2,1,1,0.00936507443823626,0.021468823197291605
2026-08-28,0.0006955908204480431,0.0,0.0006955908204480431,2,1,1,0.010060665258684303,0.022164414017739647
2026-08-31,-0.0009397067668306382,0.0,-0.0009397067668306382,2,1,1,0.009120958491853666,0.021224707250909008
2026-09-01,0.0008578532290085534,0.0,0.0008578532290085534,2,1,1,0.00997881172086222,0.02208256047991756
2026-09-02,-0.0016194968397394017,9.954141188225046e-05,-0.001719038251621652,2,0,0,0.008259773469240568,0.02046306364017816
2026-09-03,0.0,0.0,0.0,2,0,0,0.008259773469240568,0.02046306364017816
2026-09-04,0.0,0.0,0.0,2,0,0,0.008259773469240568,0.02046306364017816
2026-09-08,0.0,0.0,0.0,2,0,0,0.008259773469240568,0.02046306364017816
2026-09-09,0.0,0.0,0.0,2,0,0,0.008259773469240568,0.02046306364017816
2026-09-10,0.0,0.0,0.0,2,0,0,0.008259773469240568,0.02046306364017816
2026-09-11,0.0,0.0,0.0,2,0,0,0.008259773469240568,0.02046306364017816
2026-09-14,0.0,0.0,0.0,2,0,0,0.008259773469240568,0.02046306364017816
2026-09-15,0.0,0.0,0.0,2,0,0,0.008259773469240568,0.02046306364017816
2026-09-16,0.0,0.0,0.0,2,0,0,0.008259773469240568,0.02046306364017816
2026-09-17,0.0,0.0,0.0,2,0,0,0.008259773469240568,0.02046306364017816
2026-09-18,0.0,0.0001,-0.0001,2,1,1,0.008159773469240569,0.02046306364017816
2026-09-21,-0.00013168361813513743,0.0,-0.00013168361813513743,2,1,1,0.008028089851105431,0.020331380022043023
2026-09-22,-0.00038345206009907974,0.0,-0.00038345206009907974,2,1,1,0.007644637791006352,0.019947927961943942
2026-09-23,-0.000973355687886426,0.0001,-0.001073355687886426,2,1,1,0.006571282103119925,0.018974572274057515
2026-09-24,-0.0012690400854389813,0.0,-0.0012690400854389813,2,1,1,0.005302242017680944,0.017705532188618534
2026-09-25,-1.6301060638830578e-05,0.00019944433156088471,-0.00021574539219971532,2,0,0,0.005086496625481229,0.017689231127979703
