Date,gross_pnl,cost,net_pnl,n_pairs,in_market,position,cum_net,cum_gross
2018-01-08,0.0,0.0,0.0,0,0,0,0.0,0.0
2018-01-09,0.0,0.0,0.0,0,0,0,0.0,0.0
2018-01-10,0.0,0.0,0.0,0,0,0,0.0,0.0
2018-01-11,0.0,0.0,0.0,0,0,0,0.0,0.0
2018-01-12,0.0,0.0,0.0,0,0,0,0.0,0.0
2018-01-16,0.0,0.0,0.0,0,0,0,0.0,0.0
2018-01-17,0.0,0.0,0.0,0,0,0,0.0,0.0
2018-01-18,0.0,0.0,0.0,0,0,0,0.0,0.0
2018-01-19,0.0,0.0,0.0,0,0,0,0.0,0.0
2018-01-22,0.0,0.0,0.0,0,0,0,0.0,0.0
2018-01-23,0.0,0.0,0.0,0,0,0,0.0,0.0
2018-01-24,0.0,0.0,0.0,0,0,0,0.0,0.0
2018-01-25,0.0,0.0,0.0,0,0,0,0.0,0.0
2018-01-26,0.0,0.0,0.0,0,0,0,0.0,0.0
2018-01-29,0.0,0.0,0.0,0,0,0,0.0,0.0
2018-01-30,0.0,0.0,0.0,0,0,0,0.0,0.0
2018-01-31,0.0,0.0,0.0,0,0,0,0.0,0.0
2018-02-01,0.0,0.0,0.0,0,0,0,0.0,0.0
2018-02-02,0.0,0.0,0.0,0,0,0,0.0,0.0
2018-02-05,0.0,0.0,0.0,0,0,0,0.0,0.0
2018-02-06,0.0,0.0,0.0,0,0,0,0.0,0.0
2018-02-07,0.0,0.0,0.0,0,0,0,0.0,0.0
2018-02-08,0.0,0.0,0.0,0,0,0,0.0,0.0
2018-02-09,0.0,0.0,0.0,0,0,0,0.0,0.0
2018-02-12,0.0,0.0,0.0,0,0,0,0.0,0.0
2018-02-13,0.0,0.0,0.0,0,0,0,0.0,0.0
2018-02-14,0.0,0.0,0.0,0,0,0,0.0,0.0
2018-02-15,0.0,0.0,0.0,0,0,0,0.0,0.0
2018-02-16,0.0,0.0,0.0,0,0,0,0.0,0.0
2018-02-20,0.0,0.0,0.0,0,0,0,0.0,0.0
2018-02-21,0.0,0.0,0.0,0,0,0,0.0,0.0
2018-02-22,0.0,0.0,0.0,0,0,0,0.0,0.0
2018-02-23,0.0,0.0,0.0,0,0,0,0.0,0.0
2018-02-26,0.0,0.0,0.0,0,0,0,0.0,0.0
2018-02-27,0.0,0.0,0.0,0,0,0,0.0,0.0
2018-02-28,0.0,0.0,0.0,0,0,0,0.0,0.0
2018-03-01,0.0,0.0,0.0,0,0,0,0.0,0.0
2018-03-02,0.0,0.0,0.0,0,0,0,0.0,0.0
2018-03-05,0.0,0.0,0.0,0,0,0,0.0,0.0
2018-03-06,0.0,0.0,0.0,0,0,0,0.0,0.0
2018-03-07,0.0,0.0,0.0,0,0,0,0.0,0.0
2018-03-08,0.0,0.0,0.0,0,0,0,0.0,0.0
2018-03-09,0.0,0.0,0.0,0,0,0,0.0,0.0
2018-03-12,0.0,0.0,0.0,0,0,0,0.0,0.0
2018-03-13,0.0,0.0,0.0,0,0,0,0.0,0.0
2018-03-14,0.0,0.0,0.0,0,0,0,0.0,0.0
2018-03-15,0.0,0.0,0.0,0,0,0,0.0,0.0
2018-03-16,0.0,0.0,0.0,0,0,0,0.0,0.0
2018-03-19,0.0,0.0,0.0,0,0,0,0.0,0.0
2018-03-20,0.0,0.0,0.0,0,0,0,0.0,0.0
2018-03-21,0.0,0.0,0.0,0,0,0,0.0,0.0
2018-03-22,0.0,0.0,0.0,0,0,0,0.0,0.0
2018-03-23,0.0,0.0,0.0,0,0,0,0.0,0.0
2018-03-26,0.0,0.0,0.0,0,0,0,0.0,0.0
2018-03-27,0.0,0.0,0.0,0,0,0,0.0,0.0
2018-03-28,0.0,0.0,0.0,0,0,0,0.0,0.0
2018-03-29,0.0,0.0,0.0,0,0,0,0.0,0.0
2018-03-30,0.0,0.0,0.0,0,0,0,0.0,0.0
2018-04-02,0.0,0.0,0.0,0,0,0,0.0,0.0
2018-04-03,0.0,0.0,0.0,0,0,0,0.0,0.0
2018-04-04,0.0,0.0,0.0,0,0,0,0.0,0.0
2018-04-05,0.0,0.0,0.0,0,0,0,0.0,0.0
2018-04-06,0.0,0.0,0.0,0,0,0,0.0,0.0
2018-04-09,0.0,0.0,0.0,0,0,0,0.0,0.0
2018-04-10,0.0,0.0,0.0,0,0,0,0.0,0.0
2018-04-11,0.0,0.0,0.0,0,0,0,0.0,0.0
2018-04-12,0.0,0.0,0.0,0,0,0,0.0,0.0
2018-04-13,0.0,0.0,0.0,0,0,0,0.0,0.0
2018-04-16,0.0,0.0,0.0,0,0,0,0.0,0.0
2018-04-17,0.0,0.0,0.0,0,0,0,0.0,0.0
2018-04-18,0.0,0.0,0.0,0,0,0,0.0,0.0
2018-04-19,0.0,0.0,0.0,0,0,0,0.0,0.0
2018-04-20,0.0,0.0,0.0,0,0,0,0.0,0.0
2018-04-23,0.0,0.0,0.0,0,0,0,0.0,0.0
2018-04-24,0.0,0.0,0.0,0,0,0,0.0,0.0
2018-04-25,0.0,0.0,0.0,0,0,0,0.0,0.0
2018-04-26,0.0,0.0,0.0,0,0,0,0.0,0.0
2018-04-27,0.0,0.0,0.0,0,0,0,0.0,0.0
2018-04-30,0.0,0.0,0.0,0,0,0,0.0,0.0
2018-05-01,0.0,0.0,0.0,0,0,0,0.0,0.0
2018-05-02,0.0,0.0,0.0,0,0,0,0.0,0.0
2018-05-03,0.0,0.0,0.0,0,0,0,0.0,0.0
2018-05-04,0.0,0.0,0.0,0,0,0,0.0,0.0
2018-05-07,0.0,0.0,0.0,0,0,0,0.0,0.0
2018-05-08,0.0,0.0,0.0,0,0,0,0.0,0.0
2018-05-09,0.0,0.0,0.0,0,0,0,0.0,0.0
2018-05-10,0.0,0.0,0.0,0,0,0,0.0,0.0
2018-05-11,0.0,0.0,0.0,0,0,0,0.0,0.0
2018-05-14,0.0,0.0,0.0,0,0,0,0.0,0.0
2018-05-15,0.0,0.0,0.0,0,0,0,0.0,0.0
2018-05-16,0.0,0.0,0.0,0,0,0,0.0,0.0
2018-05-17,0.0,0.0,0.0,0,0,0,0.0,0.0
2018-05-18,0.0,0.0,0.0,0,0,0,0.0,0.0
2018-05-21,0.0,0.0,0.0,0,0,0,0.0,0.0
2018-05-22,0.0,0.0,0.0,0,0,0,0.0,0.0
2018-05-23,0.0,0.0,0.0,0,0,0,0.0,0.0
2018-05-24,0.0,0.0,0.0,0,0,0,0.0,0.0
2018-05-25,0.0,0.0,0.0,0,0,0,0.0,0.0
2018-05-29,0.0,0.0,0.0,0,0,0,0.0,0.0
2018-05-30,0.0,0.0,0.0,0,0,0,0.0,0.0
2018-05-31,0.0,0.0,0.0,0,0,0,0.0,0.0
2018-06-01,0.0,0.0,0.0,0,0,0,0.0,0.0
2018-06-04,0.0,0.0,0.0,0,0,0,0.0,0.0
2018-06-05,0.0,0.0,0.0,0,0,0,0.0,0.0
2018-06-06,0.0,0.0,0.0,0,0,0,0.0,0.0
2018-06-07,0.0,0.0,0.0,0,0,0,0.0,0.0
2018-06-08,0.0,0.0,0.0,0,0,0,0.0,0.0
2018-06-11,0.0,0.0,0.0,0,0,0,0.0,0.0
2018-06-12,0.0,0.0,0.0,0,0,0,0.0,0.0
2018-06-13,0.0,0.0,0.0,0,0,0,0.0,0.0
2018-06-14,0.0,0.0,0.0,0,0,0,0.0,0.0
2018-06-15,0.0,0.0,0.0,0,0,0,0.0,0.0
2018-06-18,0.0,0.0,0.0,0,0,0,0.0,0.0
2018-06-19,0.0,0.0,0.0,0,0,0,0.0,0.0
2018-06-20,0.0,0.0,0.0,0,0,0,0.0,0.0
2018-06-21,0.0,0.0,0.0,0,0,0,0.0,0.0
2018-06-22,0.0,0.0,0.0,0,0,0,0.0,0.0
2018-06-25,0.0,0.0,0.0,0,0,0,0.0,0.0
2018-06-26,0.0,0.0,0.0,0,0,0,0.0,0.0
2018-06-27,0.0,0.0,0.0,0,0,0,0.0,0.0
2018-06-28,0.0,0.0,0.0,0,0,0,0.0,0.0
2018-06-29,0.0,0.0,0.0,0,0,0,0.0,0.0
2018-07-02,0.0,0.0,0.0,0,0,0,0.0,0.0
2018-07-03,0.0,0.0,0.0,0,0,0,0.0,0.0
2018-07-05,0.0,0.0,0.0,0,0,0,0.0,0.0
2018-07-06,0.0,0.0,0.0,0,0,0,0.0,0.0
2018-07-09,0.0,0.0,0.0,0,0,0,0.0,0.0
2018-07-10,0.0,0.0,0.0,0,0,0,0.0,0.0
2018-07-11,0.0,0.0,0.0,0,0,0,0.0,0.0
2018-07-12,0.0,0.0,0.0,0,0,0,0.0,0.0
2018-07-13,0.0,0.0,0.0,0,0,0,0.0,0.0
2018-07-16,0.0,0.0,0.0,0,0,0,0.0,0.0
2018-07-17,0.0,0.0,0.0,0,0,0,0.0,0.0
2018-07-18,0.0,0.0,0.0,0,0,0,0.0,0.0
2018-07-19,0.0,0.0,0.0,0,0,0,0.0,0.0
2018-07-20,0.0,0.0,0.0,0,0,0,0.0,0.0
2018-07-23,0.0,0.0,0.0,0,0,0,0.0,0.0
2018-07-24,0.0,0.0,0.0,0,0,0,0.0,0.0
2018-07-25,0.0,0.0,0.0,0,0,0,0.0,0.0
2018-07-26,0.0,0.0,0.0,0,0,0,0.0,0.0
2018-07-27,0.0,0.0,0.0,0,0,0,0.0,0.0
2018-07-30,0.0,0.0,0.0,0,0,0,0.0,0.0
2018-07-31,0.0,0.0,0.0,0,0,0,0.0,0.0
2018-08-01,0.0,0.0,0.0,0,0,0,0.0,0.0
2018-08-02,0.0,0.0,0.0,0,0,0,0.0,0.0
2018-08-03,0.0,0.0,0.0,0,0,0,0.0,0.0
2018-08-06,0.0,0.0,0.0,0,0,0,0.0,0.0
2018-08-07,0.0,0.0,0.0,0,0,0,0.0,0.0
2018-08-08,0.0,0.0,0.0,0,0,0,0.0,0.0
2018-08-09,0.0,0.0,0.0,0,0,0,0.0,0.0
2018-08-10,0.0,0.0,0.0,0,0,0,0.0,0.0
2018-08-13,0.0,0.0,0.0,0,0,0,0.0,0.0
2018-08-14,0.0,0.0,0.0,0,0,0,0.0,0.0
2018-08-15,0.0,0.0,0.0,0,0,0,0.0,0.0
2018-08-16,0.0,0.0,0.0,0,0,0,0.0,0.0
2018-08-17,0.0,0.0,0.0,0,0,0,0.0,0.0
2018-08-20,0.0,0.0,0.0,0,0,0,0.0,0.0
2018-08-21,0.0,0.0,0.0,0,0,0,0.0,0.0
2018-08-22,0.0,0.0,0.0,0,0,0,0.0,0.0
2018-08-23,0.0,0.0,0.0,0,0,0,0.0,0.0
2018-08-24,0.0,0.0,0.0,0,0,0,0.0,0.0
2018-08-27,0.0,0.0,0.0,0,0,0,0.0,0.0
2018-08-28,0.0,0.0,0.0,0,0,0,0.0,0.0
2018-08-29,0.0,0.0,0.0,0,0,0,0.0,0.0
2018-08-30,0.0,0.0,0.0,0,0,0,0.0,0.0
2018-08-31,0.0,0.0,0.0,0,0,0,0.0,0.0
2018-09-04,0.0,0.0,0.0,0,0,0,0.0,0.0
2018-09-05,0.0,0.0,0.0,0,0,0,0.0,0.0
2018-09-06,0.0,0.0,0.0,0,0,0,0.0,0.0
2018-09-07,0.0,0.0,0.0,0,0,0,0.0,0.0
2018-09-10,0.0,0.0,0.0,0,0,0,0.0,0.0
2018-09-11,0.0,0.0,0.0,0,0,0,0.0,0.0
2018-09-12,0.0,0.0,0.0,0,0,0,0.0,0.0
2018-09-13,0.0,0.0,0.0,0,0,0,0.0,0.0
2018-09-14,0.0,0.0,0.0,0,0,0,0.0,0.0
2018-09-17,0.0,0.0,0.0,0,0,0,0.0,0.0
2018-09-18,0.0,0.0,0.0,0,0,0,0.0,0.0
2018-09-19,0.0,0.0,0.0,0,0,0,0.0,0.0
2018-09-20,0.0,0.0,0.0,0,0,0,0.0,0.0
2018-09-21,0.0,0.0,0.0,0,0,0,0.0,0.0
2018-09-24,0.0,0.0,0.0,0,0,0,0.0,0.0
2018-09-25,0.0,0.0,0.0,0,0,0,0.0,0.0
2018-09-26,0.0,0.0,0.0,0,0,0,0.0,0.0
2018-09-27,0.0,0.0,0.0,0,0,0,0.0,0.0
2018-09-28,0.0,0.0,0.0,0,0,0,0.0,0.0
2018-10-01,0.0,0.0,0.0,0,0,0,0.0,0.0
2018-10-02,0.0,0.0,0.0,0,0,0,0.0,0.0
2018-10-03,0.0,0.0,0.0,0,0,0,0.0,0.0
2018-10-04,0.0,0.0,0.0,0,0,0,0.0,0.0
2018-10-05,0.0,0.0,0.0,0,0,0,0.0,0.0
2018-10-09,0.0,0.0,0.0,0,0,0,0.0,0.0
2018-10-10,0.0,0.0,0.0,0,0,0,0.0,0.0
2018-10-11,0.0,0.0,0.0,0,0,0,0.0,0.0
2018-10-12,0.0,0.0,0.0,0,0,0,0.0,0.0
2018-10-15,0.0,0.0,0.0,0,0,0,0.0,0.0
2018-10-16,0.0,0.0,0.0,0,0,0,0.0,0.0
2018-10-17,0.0,0.0,0.0,0,0,0,0.0,0.0
2018-10-18,0.0,0.0,0.0,0,0,0,0.0,0.0
2018-10-19,0.0,0.0,0.0,0,0,0,0.0,0.0
2018-10-22,0.0,0.0,0.0,0,0,0,0.0,0.0
2018-10-23,0.0,0.0,0.0,0,0,0,0.0,0.0
2018-10-24,0.0,0.0,0.0,0,0,0,0.0,0.0
2018-10-25,0.0,0.0,0.0,0,0,0,0.0,0.0
2018-10-26,0.0,0.0,0.0,0,0,0,0.0,0.0
2018-10-29,0.0,0.0,0.0,0,0,0,0.0,0.0
2018-10-30,0.0,0.0,0.0,0,0,0,0.0,0.0
2018-10-31,0.0,0.0,0.0,0,0,0,0.0,0.0
2018-11-01,0.0,0.0,0.0,0,0,0,0.0,0.0
2018-11-02,0.0,0.0,0.0,0,0,0,0.0,0.0
2018-11-05,0.0,0.0,0.0,0,0,0,0.0,0.0
2018-11-06,0.0,0.0,0.0,0,0,0,0.0,0.0
2018-11-07,0.0,0.0,0.0,0,0,0,0.0,0.0
2018-11-08,0.0,0.0,0.0,0,0,0,0.0,0.0
2018-11-09,0.0,0.0,0.0,0,0,0,0.0,0.0
2018-11-13,0.0,0.0,0.0,0,0,0,0.0,0.0
2018-11-14,0.0,0.0,0.0,0,0,0,0.0,0.0
2018-11-15,0.0,0.0,0.0,0,0,0,0.0,0.0
2018-11-16,0.0,0.0,0.0,0,0,0,0.0,0.0
2018-11-19,0.0,0.0,0.0,0,0,0,0.0,0.0
2018-11-20,0.0,0.0,0.0,0,0,0,0.0,0.0
2018-11-21,0.0,0.0,0.0,0,0,0,0.0,0.0
2018-11-23,0.0,0.0,0.0,0,0,0,0.0,0.0
2018-11-26,0.0,0.0,0.0,0,0,0,0.0,0.0
2018-11-27,0.0,0.0,0.0,0,0,0,0.0,0.0
2018-11-28,0.0,0.0,0.0,0,0,0,0.0,0.0
2018-11-29,0.0,0.0,0.0,0,0,0,0.0,0.0
2018-11-30,0.0,0.0,0.0,0,0,0,0.0,0.0
2018-12-03,0.0,0.0,0.0,0,0,0,0.0,0.0
2018-12-04,0.0,0.0,0.0,0,0,0,0.0,0.0
2018-12-06,0.0,0.0,0.0,0,0,0,0.0,0.0
2018-12-07,0.0,0.0,0.0,0,0,0,0.0,0.0
2018-12-10,0.0,0.0,0.0,0,0,0,0.0,0.0
2018-12-11,0.0,0.0,0.0,0,0,0,0.0,0.0
2018-12-12,0.0,0.0,0.0,0,0,0,0.0,0.0
2018-12-13,0.0,0.0,0.0,0,0,0,0.0,0.0
2018-12-14,0.0,0.0,0.0,0,0,0,0.0,0.0
2018-12-17,0.0,0.0,0.0,0,0,0,0.0,0.0
2018-12-18,0.0,0.0,0.0,0,0,0,0.0,0.0
2018-12-19,0.0,0.0,0.0,0,0,0,0.0,0.0
2018-12-20,0.0,0.0,0.0,0,0,0,0.0,0.0
2018-12-21,0.0,0.0,0.0,0,0,0,0.0,0.0
2018-12-26,0.0,0.0,0.0,0,0,0,0.0,0.0
2018-12-27,0.0,0.0,0.0,0,0,0,0.0,0.0
2018-12-28,0.0,0.0,0.0,0,0,0,0.0,0.0
2018-12-31,0.0,0.0,0.0,0,0,0,0.0,0.0
2019-01-02,0.0,0.0,0.0,0,0,0,0.0,0.0
2019-01-03,0.0,0.0,0.0,0,0,0,0.0,0.0
2019-01-04,0.0,0.0,0.0,0,0,0,0.0,0.0
2019-01-07,0.0,0.0,0.0,0,0,0,0.0,0.0
2019-01-08,0.0,0.0,0.0,0,0,0,0.0,0.0
2019-01-09,0.0,0.0,0.0,0,0,0,0.0,0.0
2019-01-10,0.0,0.0,0.0,0,0,0,0.0,0.0
2019-01-11,0.0,0.0,0.0,0,0,0,0.0,0.0
2019-01-15,0.0,0.0,0.0,0,0,0,0.0,0.0
2019-01-16,0.0,0.0,0.0,0,0,0,0.0,0.0
2019-01-17,0.0,0.0,0.0,0,0,0,0.0,0.0
2019-01-18,0.0,0.0,0.0,0,0,0,0.0,0.0
2019-01-22,0.0,0.0,0.0,0,0,0,0.0,0.0
2019-01-23,0.0,0.0,0.0,0,0,0,0.0,0.0
2019-01-24,0.0,0.0,0.0,0,0,0,0.0,0.0
2019-01-25,0.0,0.0,0.0,0,0,0,0.0,0.0
2019-01-28,0.0,0.0,0.0,0,0,0,0.0,0.0
2019-01-29,0.0,0.0,0.0,0,0,0,0.0,0.0
2019-01-30,0.0,0.0,0.0,0,0,0,0.0,0.0
2019-01-31,0.0,0.0,0.0,0,0,0,0.0,0.0
2019-02-01,0.0,0.0,0.0,0,0,0,0.0,0.0
2019-02-04,0.0,0.0,0.0,0,0,0,0.0,0.0
2019-02-05,0.0,0.0,0.0,0,0,0,0.0,0.0
2019-02-06,0.0,0.0,0.0,0,0,0,0.0,0.0
2019-02-07,0.0,0.0,0.0,0,0,0,0.0,0.0
2019-02-08,0.0,0.0,0.0,0,0,0,0.0,0.0
2019-02-11,0.0,0.0,0.0,0,0,0,0.0,0.0
2019-02-12,0.0,0.0,0.0,0,0,0,0.0,0.0
2019-02-13,0.0,0.0,0.0,0,0,0,0.0,0.0
2019-02-14,0.0,0.0,0.0,0,0,0,0.0,0.0
2019-02-15,0.0,0.0,0.0,0,0,0,0.0,0.0
2019-02-19,0.0,0.0,0.0,0,0,0,0.0,0.0
2019-02-21,0.0,0.0,0.0,0,0,0,0.0,0.0
2019-02-22,0.0,0.0,0.0,0,0,0,0.0,0.0
2019-02-25,0.0,0.0,0.0,0,0,0,0.0,0.0
2019-02-26,0.0,0.0,0.0,0,0,0,0.0,0.0
2019-02-27,0.0,0.0,0.0,0,0,0,0.0,0.0
2019-02-28,0.0,0.0,0.0,0,0,0,0.0,0.0
2019-03-01,0.0,0.0,0.0,0,0,0,0.0,0.0
2019-03-04,0.0,0.0,0.0,0,0,0,0.0,0.0
2019-03-05,0.0,0.0,0.0,0,0,0,0.0,0.0
2019-03-06,0.0,0.0,0.0,0,0,0,0.0,0.0
2019-03-07,0.0,0.0,0.0,0,0,0,0.0,0.0
2019-03-08,0.0,0.0,0.0,0,0,0,0.0,0.0
2019-03-11,0.0,0.0,0.0,0,0,0,0.0,0.0
2019-03-12,0.0,0.0,0.0,0,0,0,0.0,0.0
2019-03-13,0.0,0.0,0.0,0,0,0,0.0,0.0
2019-03-14,0.0,0.0,0.0,0,0,0,0.0,0.0
2019-03-15,0.0,0.0,0.0,0,0,0,0.0,0.0
2019-03-18,0.0,0.0,0.0,0,0,0,0.0,0.0
2019-03-19,0.0,0.0,0.0,0,0,0,0.0,0.0
2019-03-20,0.0,0.0,0.0,0,0,0,0.0,0.0
2019-03-21,0.0,0.0,0.0,0,0,0,0.0,0.0
2019-03-22,0.0,0.0,0.0,0,0,0,0.0,0.0
2019-03-25,0.0,0.0,0.0,0,0,0,0.0,0.0
2019-03-26,0.0,0.0,0.0,0,0,0,0.0,0.0
2019-03-27,0.0,0.0,0.0,0,0,0,0.0,0.0
2019-03-28,0.0,0.0,0.0,0,0,0,0.0,0.0
2019-03-29,0.0,0.0,0.0,0,0,0,0.0,0.0
2019-04-01,0.0,0.0,0.0,0,0,0,0.0,0.0
2019-04-02,0.0,0.0,0.0,0,0,0,0.0,0.0
2019-04-03,0.0,0.0,0.0,0,0,0,0.0,0.0
2019-04-04,0.0,0.0,0.0,0,0,0,0.0,0.0
2019-04-05,0.0,0.0,0.0,0,0,0,0.0,0.0
2019-04-08,0.0,0.0,0.0,0,0,0,0.0,0.0
2019-04-09,0.0,0.0,0.0,0,0,0,0.0,0.0
2019-04-10,0.0,0.0,0.0,0,0,0,0.0,0.0
2019-04-11,0.0,0.0,0.0,0,0,0,0.0,0.0
2019-04-12,0.0,0.0,0.0,0,0,0,0.0,0.0
2019-04-15,0.0,0.0,0.0,0,0,0,0.0,0.0
2019-04-16,0.0,0.0,0.0,0,0,0,0.0,0.0
2019-04-17,0.0,0.0,0.0,0,0,0,0.0,0.0
2019-04-18,0.0,0.0,0.0,0,0,0,0.0,0.0
2019-04-19,0.0,0.0,0.0,0,0,0,0.0,0.0
2019-04-22,0.0,0.0,0.0,0,0,0,0.0,0.0
2019-04-23,0.0,0.0,0.0,0,0,0,0.0,0.0
2019-04-24,0.0,0.0,0.0,0,0,0,0.0,0.0
2019-04-25,0.0,0.0,0.0,0,0,0,0.0,0.0
2019-04-26,0.0,0.0,0.0,0,0,0,0.0,0.0
2019-04-29,0.0,0.0,0.0,0,0,0,0.0,0.0
2019-04-30,0.0,0.0,0.0,0,0,0,0.0,0.0
2019-05-01,0.0,0.0,0.0,0,0,0,0.0,0.0
2019-05-02,0.0,0.0,0.0,0,0,0,0.0,0.0
2019-05-03,0.0,0.0,0.0,0,0,0,0.0,0.0
2019-05-06,0.0,0.0,0.0,0,0,0,0.0,0.0
2019-05-07,0.0,0.0,0.0,0,0,0,0.0,0.0
2019-05-08,0.0,0.0,0.0,0,0,0,0.0,0.0
2019-05-09,0.0,0.0,0.0,0,0,0,0.0,0.0
2019-05-10,0.0,0.0,0.0,0,0,0,0.0,0.0
2019-05-13,0.0,0.0,0.0,0,0,0,0.0,0.0
2019-05-14,0.0,0.0,0.0,0,0,0,0.0,0.0
2019-05-15,0.0,0.0,0.0,0,0,0,0.0,0.0
2019-05-16,0.0,0.0,0.0,0,0,0,0.0,0.0
2019-05-17,0.0,0.0,0.0,0,0,0,0.0,0.0
2019-05-20,0.0,0.0,0.0,0,0,0,0.0,0.0
2019-05-21,0.0,0.0,0.0,0,0,0,0.0,0.0
2019-05-22,0.0,0.0,0.0,0,0,0,0.0,0.0
2019-05-23,0.0,0.0,0.0,0,0,0,0.0,0.0
2019-05-24,0.0,0.0,0.0,0,0,0,0.0,0.0
2019-05-28,0.0,0.0,0.0,0,0,0,0.0,0.0
2019-05-29,0.0,0.0,0.0,0,0,0,0.0,0.0
2019-05-30,0.0,0.0,0.0,0,0,0,0.0,0.0
2019-05-31,0.0,0.0,0.0,0,0,0,0.0,0.0
2019-06-03,0.0,0.0,0.0,0,0,0,0.0,0.0
2019-06-04,0.0,0.0,0.0,0,0,0,0.0,0.0
2019-06-05,0.0,0.0,0.0,0,0,0,0.0,0.0
2019-06-06,0.0,0.0,0.0,0,0,0,0.0,0.0
2019-06-07,0.0,0.0,0.0,0,0,0,0.0,0.0
2019-06-10,0.0,0.0,0.0,0,0,0,0.0,0.0
2019-06-11,0.0,0.0,0.0,0,0,0,0.0,0.0
2019-06-12,0.0,0.0,0.0,0,0,0,0.0,0.0
2019-06-13,0.0,0.0,0.0,0,0,0,0.0,0.0
2019-06-14,0.0,0.0,0.0,0,0,0,0.0,0.0
2019-06-17,0.0,0.0,0.0,0,0,0,0.0,0.0
2019-06-18,0.0,0.0,0.0,0,0,0,0.0,0.0
2019-06-19,0.0,0.0,0.0,0,0,0,0.0,0.0
2019-06-20,0.0,0.0,0.0,0,0,0,0.0,0.0
2019-06-21,0.0,0.0,0.0,0,0,0,0.0,0.0
2019-06-24,0.0,0.0,0.0,0,0,0,0.0,0.0
2019-06-25,0.0,0.0,0.0,0,0,0,0.0,0.0
2019-06-26,0.0,0.0,0.0,0,0,0,0.0,0.0
2019-06-27,0.0,0.0,0.0,0,0,0,0.0,0.0
2019-06-28,0.0,0.0,0.0,0,0,0,0.0,0.0
2019-07-01,0.0,0.0,0.0,0,0,0,0.0,0.0
2019-07-02,0.0,0.0,0.0,0,0,0,0.0,0.0
2019-07-03,0.0,0.0,0.0,0,0,0,0.0,0.0
2019-07-05,0.0,0.0,0.0,0,0,0,0.0,0.0
2019-07-08,0.0,0.0,0.0,0,0,0,0.0,0.0
2019-07-09,0.0,0.0,0.0,0,0,0,0.0,0.0
2019-07-10,0.0,0.0,0.0,0,0,0,0.0,0.0
2019-07-11,0.0,0.0,0.0,0,0,0,0.0,0.0
2019-07-12,0.0,0.0,0.0,0,0,0,0.0,0.0
2019-07-15,0.0,0.0,0.0,0,0,0,0.0,0.0
2019-07-16,0.0,0.0,0.0,0,0,0,0.0,0.0
2019-07-17,0.0,0.0,0.0,0,0,0,0.0,0.0
2019-07-18,0.0,0.0,0.0,0,0,0,0.0,0.0
2019-07-19,0.0,0.0,0.0,0,0,0,0.0,0.0
2019-07-22,0.0,0.0,0.0,0,0,0,0.0,0.0
2019-07-23,0.0,0.0,0.0,0,0,0,0.0,0.0
2019-07-24,0.0,0.0,0.0,0,0,0,0.0,0.0
2019-07-25,0.0,0.0,0.0,0,0,0,0.0,0.0
2019-07-26,0.0,0.0,0.0,0,0,0,0.0,0.0
2019-07-29,0.0,0.0,0.0,0,0,0,0.0,0.0
2019-07-30,0.0,0.0,0.0,0,0,0,0.0,0.0
2019-07-31,0.0,0.0,0.0,0,0,0,0.0,0.0
2019-08-01,0.0,0.0,0.0,0,0,0,0.0,0.0
2019-08-02,0.0,0.0,0.0,0,0,0,0.0,0.0
2019-08-05,0.0,0.0,0.0,0,0,0,0.0,0.0
2019-08-06,0.0,0.0,0.0,0,0,0,0.0,0.0
2019-08-07,0.0,0.0,0.0,0,0,0,0.0,0.0
2019-08-08,0.0,0.0,0.0,0,0,0,0.0,0.0
2019-08-09,0.0,0.0,0.0,0,0,0,0.0,0.0
2019-08-12,0.0,0.0,0.0,0,0,0,0.0,0.0
2019-08-13,0.0,0.0,0.0,0,0,0,0.0,0.0
2019-08-14,0.0,0.0,0.0,0,0,0,0.0,0.0
2019-08-15,0.0,0.0,0.0,0,0,0,0.0,0.0
2019-08-16,0.0,0.0,0.0,0,0,0,0.0,0.0
2019-08-19,0.0,0.0,0.0,0,0,0,0.0,0.0
2019-08-20,0.0,0.0,0.0,0,0,0,0.0,0.0
2019-08-21,0.0,0.0,0.0,0,0,0,0.0,0.0
2019-08-22,0.0,0.0,0.0,0,0,0,0.0,0.0
2019-08-23,0.0,0.0,0.0,0,0,0,0.0,0.0
2019-08-26,0.0,0.0,0.0,0,0,0,0.0,0.0
2019-08-27,0.0,0.0,0.0,0,0,0,0.0,0.0
2019-08-28,0.0,0.0,0.0,0,0,0,0.0,0.0
2019-08-29,0.0,0.0,0.0,0,0,0,0.0,0.0
2019-08-30,0.0,0.0,0.0,0,0,0,0.0,0.0
2019-09-03,0.0,0.0,0.0,0,0,0,0.0,0.0
2019-09-04,0.0,0.0,0.0,0,0,0,0.0,0.0
2019-09-05,0.0,0.0,0.0,0,0,0,0.0,0.0
2019-09-06,0.0,0.0,0.0,0,0,0,0.0,0.0
2019-09-09,0.0,0.0,0.0,0,0,0,0.0,0.0
2019-09-10,0.0,0.0,0.0,0,0,0,0.0,0.0
2019-09-11,0.0,0.0,0.0,0,0,0,0.0,0.0
2019-09-12,0.0,0.0,0.0,0,0,0,0.0,0.0
2019-09-13,0.0,0.0,0.0,0,0,0,0.0,0.0
2019-09-16,0.0,0.0,0.0,0,0,0,0.0,0.0
2019-09-17,0.0,0.0,0.0,0,0,0,0.0,0.0
2019-09-18,0.0,0.0,0.0,0,0,0,0.0,0.0
2019-09-19,0.0,0.0,0.0,0,0,0,0.0,0.0
2019-09-20,0.0,0.0,0.0,0,0,0,0.0,0.0
2019-09-23,0.0,0.0,0.0,0,0,0,0.0,0.0
2019-09-24,0.0,0.0,0.0,0,0,0,0.0,0.0
2019-09-25,0.0,0.0,0.0,0,0,0,0.0,0.0
2019-09-26,0.0,0.0,0.0,0,0,0,0.0,0.0
2019-09-27,0.0,0.0,0.0,0,0,0,0.0,0.0
2019-09-30,0.0,0.0,0.0,0,0,0,0.0,0.0
2019-10-01,0.0,0.0,0.0,0,0,0,0.0,0.0
2019-10-02,0.0,0.0,0.0,0,0,0,0.0,0.0
2019-10-03,0.0,0.0,0.0,0,0,0,0.0,0.0
2019-10-04,0.0,0.0,0.0,0,0,0,0.0,0.0
2019-10-07,0.0,0.0,0.0,0,0,0,0.0,0.0
2019-10-08,0.0,0.0,0.0,0,0,0,0.0,0.0
2019-10-09,0.0,0.0,0.0,0,0,0,0.0,0.0
2019-10-10,0.0,0.0,0.0,0,0,0,0.0,0.0
2019-10-11,0.0,0.0,0.0,0,0,0,0.0,0.0
2019-10-15,0.0,0.0,0.0,0,0,0,0.0,0.0
2019-10-16,0.0,0.0,0.0,0,0,0,0.0,0.0
2019-10-17,0.0,0.0,0.0,0,0,0,0.0,0.0
2019-10-18,0.0,0.0,0.0,0,0,0,0.0,0.0
2019-10-21,0.0,0.0,0.0,0,0,0,0.0,0.0
2019-10-22,0.0,0.0,0.0,0,0,0,0.0,0.0
2019-10-23,0.0,0.0,0.0,0,0,0,0.0,0.0
2019-10-24,0.0,0.0,0.0,0,0,0,0.0,0.0
2019-10-25,0.0,0.0,0.0,0,0,0,0.0,0.0
2019-10-28,0.0,0.0,0.0,0,0,0,0.0,0.0
2019-10-29,0.0,0.0,0.0,0,0,0,0.0,0.0
2019-10-30,0.0,0.0,0.0,0,0,0,0.0,0.0
2019-10-31,0.0,0.0,0.0,0,0,0,0.0,0.0
2019-11-01,0.0,0.0,0.0,0,0,0,0.0,0.0
2019-11-04,0.0,0.0,0.0,0,0,0,0.0,0.0
2019-11-05,0.0,0.0,0.0,0,0,0,0.0,0.0
2019-11-06,0.0,0.0,0.0,0,0,0,0.0,0.0
2019-11-07,0.0,0.0,0.0,0,0,0,0.0,0.0
2019-11-08,0.0,0.0,0.0,0,0,0,0.0,0.0
2019-11-12,0.0,0.0,0.0,0,0,0,0.0,0.0
2019-11-13,0.0,0.0,0.0,0,0,0,0.0,0.0
2019-11-14,0.0,0.0,0.0,0,0,0,0.0,0.0
2019-11-15,0.0,0.0,0.0,0,0,0,0.0,0.0
2019-11-18,0.0,0.0,0.0,0,0,0,0.0,0.0
2019-11-19,0.0,0.0,0.0,0,0,0,0.0,0.0
2019-11-20,0.0,0.0,0.0,0,0,0,0.0,0.0
2019-11-21,0.0,0.0,0.0,0,0,0,0.0,0.0
2019-11-22,0.0,0.0,0.0,0,0,0,0.0,0.0
2019-11-25,0.0,0.0,0.0,0,0,0,0.0,0.0
2019-11-26,0.0,0.0,0.0,0,0,0,0.0,0.0
2019-11-27,0.0,0.0,0.0,0,0,0,0.0,0.0
2019-11-29,0.0,0.0,0.0,0,0,0,0.0,0.0
2019-12-02,0.0,0.0,0.0,0,0,0,0.0,0.0
2019-12-03,0.0,0.0,0.0,0,0,0,0.0,0.0
2019-12-04,0.0,0.0,0.0,0,0,0,0.0,0.0
2019-12-05,0.0,0.0,0.0,0,0,0,0.0,0.0
2019-12-06,0.0,0.0,0.0,0,0,0,0.0,0.0
2019-12-09,0.0,0.0,0.0,0,0,0,0.0,0.0
2019-12-10,0.0,0.0,0.0,0,0,0,0.0,0.0
2019-12-11,0.0,0.0,0.0,0,0,0,0.0,0.0
2019-12-12,0.0,0.0,0.0,0,0,0,0.0,0.0
2019-12-13,0.0,0.0,0.0,0,0,0,0.0,0.0
2019-12-16,0.0,0.0,0.0,0,0,0,0.0,0.0
2019-12-17,0.0,0.0,0.0,0,0,0,0.0,0.0
2019-12-18,0.0,0.0,0.0,0,0,0,0.0,0.0
2019-12-19,0.0,0.0,0.0,0,0,0,0.0,0.0
2019-12-20,0.0,0.0,0.0,0,0,0,0.0,0.0
2019-12-23,0.0,0.0,0.0,0,0,0,0.0,0.0
2019-12-24,0.0,0.0,0.0,0,0,0,0.0,0.0
2019-12-26,0.0,0.0,0.0,0,0,0,0.0,0.0
2019-12-27,0.0,0.0,0.0,0,0,0,0.0,0.0
2019-12-30,0.0,0.0,0.0,0,0,0,0.0,0.0
2019-12-31,0.0,0.0,0.0,0,0,0,0.0,0.0
2020-01-02,0.0,0.0,0.0,0,0,0,0.0,0.0
2020-01-03,0.0,0.0,0.0,0,0,0,0.0,0.0
2020-01-06,0.0,0.0,0.0,0,0,0,0.0,0.0
2020-01-07,0.0,0.0,0.0,0,0,0,0.0,0.0
2020-01-08,0.0,0.0,0.0,0,0,0,0.0,0.0
2020-01-09,0.0,0.0,0.0,0,0,0,0.0,0.0
2020-01-10,0.0,0.0,0.0,0,0,0,0.0,0.0
2020-01-13,0.0,0.0,0.0,0,0,0,0.0,0.0
2020-01-14,0.0,0.0,0.0,0,0,0,0.0,0.0
2020-01-15,0.0,0.0,0.0,0,0,0,0.0,0.0
2020-01-16,0.0,0.0,0.0,0,0,0,0.0,0.0
2020-01-17,0.0,0.0,0.0,0,0,0,0.0,0.0
2020-01-21,0.0,0.0,0.0,0,0,0,0.0,0.0
2020-01-22,0.0,0.0,0.0,0,0,0,0.0,0.0
2020-01-23,0.0,0.0,0.0,0,0,0,0.0,0.0
2020-01-24,0.0,0.0,0.0,0,0,0,0.0,0.0
2020-01-27,0.0,0.0,0.0,0,0,0,0.0,0.0
2020-01-28,0.0,0.0,0.0,0,0,0,0.0,0.0
2020-01-29,0.0,0.0,0.0,0,0,0,0.0,0.0
2020-01-30,0.0,0.0,0.0,0,0,0,0.0,0.0
2020-01-31,0.0,0.0,0.0,0,0,0,0.0,0.0
2020-02-03,0.0,0.0,0.0,0,0,0,0.0,0.0
2020-02-04,0.0,0.0,0.0,0,0,0,0.0,0.0
2020-02-05,0.0,0.0,0.0,0,0,0,0.0,0.0
2020-02-06,0.0,0.0,0.0,0,0,0,0.0,0.0
2020-02-07,0.0,0.0,0.0,0,0,0,0.0,0.0
2020-02-10,0.0,0.0,0.0,0,0,0,0.0,0.0
2020-02-11,0.0,0.0,0.0,0,0,0,0.0,0.0
2020-02-12,0.0,0.0,0.0,0,0,0,0.0,0.0
2020-02-13,0.0,0.0,0.0,0,0,0,0.0,0.0
2020-02-14,0.0,0.0,0.0,0,0,0,0.0,0.0
2020-02-18,0.0,0.0,0.0,0,0,0,0.0,0.0
2020-02-19,0.0,0.0,0.0,0,0,0,0.0,0.0
2020-02-20,0.0,0.0,0.0,0,0,0,0.0,0.0
2020-02-21,0.0,0.0,0.0,0,0,0,0.0,0.0
2020-02-24,0.0,0.0,0.0,0,0,0,0.0,0.0
2020-02-25,0.0,0.0,0.0,0,0,0,0.0,0.0
2020-02-26,0.0,0.0,0.0,0,0,0,0.0,0.0
2020-02-27,0.0,0.0,0.0,0,0,0,0.0,0.0
2020-02-28,0.0,0.0,0.0,0,0,0,0.0,0.0
2020-03-02,0.0,0.0,0.0,0,0,0,0.0,0.0
2020-03-03,0.0,0.0,0.0,0,0,0,0.0,0.0
2020-03-04,0.0,0.0,0.0,0,0,0,0.0,0.0
2020-03-05,0.0,0.0,0.0,0,0,0,0.0,0.0
2020-03-06,0.0,0.0,0.0,0,0,0,0.0,0.0
2020-03-09,0.0,0.0,0.0,0,0,0,0.0,0.0
2020-03-10,0.0,0.0,0.0,0,0,0,0.0,0.0
2020-03-11,0.0,0.0,0.0,0,0,0,0.0,0.0
2020-03-12,0.0,0.0,0.0,0,0,0,0.0,0.0
2020-03-13,0.0,0.0,0.0,0,0,0,0.0,0.0
2020-03-16,0.0,0.0,0.0,0,0,0,0.0,0.0
2020-03-17,0.0,0.0,0.0,0,0,0,0.0,0.0
2020-03-18,0.0,0.0,0.0,0,0,0,0.0,0.0
2020-03-19,0.0,0.0,0.0,0,0,0,0.0,0.0
2020-03-20,0.0,0.0,0.0,0,0,0,0.0,0.0
2020-03-23,0.0,0.0,0.0,0,0,0,0.0,0.0
2020-03-24,0.0,0.0,0.0,0,0,0,0.0,0.0
2020-03-25,0.0,0.0,0.0,0,0,0,0.0,0.0
2020-03-26,0.0,0.0,0.0,0,0,0,0.0,0.0
2020-03-27,0.0,0.0,0.0,0,0,0,0.0,0.0
2020-03-30,0.0,0.0,0.0,0,0,0,0.0,0.0
2020-03-31,0.0,0.0,0.0,0,0,0,0.0,0.0
2020-04-01,0.0,0.0,0.0,0,0,0,0.0,0.0
2020-04-02,0.0,0.0,0.0,0,0,0,0.0,0.0
2020-04-03,0.0,0.0,0.0,0,0,0,0.0,0.0
2020-04-06,0.0,0.0,0.0,0,0,0,0.0,0.0
2020-04-07,0.0,0.0,0.0,0,0,0,0.0,0.0
2020-04-08,0.0,0.0,0.0,0,0,0,0.0,0.0
2020-04-09,0.0,0.0,0.0,0,0,0,0.0,0.0
2020-04-10,0.0,0.0,0.0,0,0,0,0.0,0.0
2020-04-13,0.0,0.0,0.0,0,0,0,0.0,0.0
2020-04-14,0.0,0.0,0.0,0,0,0,0.0,0.0
2020-04-15,0.0,0.0,0.0,0,0,0,0.0,0.0
2020-04-16,0.0,0.0,0.0,0,0,0,0.0,0.0
2020-04-17,0.0,0.0,0.0,0,0,0,0.0,0.0
2020-04-20,0.0,0.0,0.0,0,0,0,0.0,0.0
2020-04-21,0.0,0.0,0.0,0,0,0,0.0,0.0
2020-04-22,0.0,0.0,0.0,0,0,0,0.0,0.0
2020-04-23,0.0,0.0,0.0,0,0,0,0.0,0.0
2020-04-24,0.0,0.0,0.0,0,0,0,0.0,0.0
2020-04-27,0.0,0.0,0.0,0,0,0,0.0,0.0
2020-04-28,0.0,0.0,0.0,0,0,0,0.0,0.0
2020-04-29,0.0,0.0,0.0,0,0,0,0.0,0.0
2020-04-30,0.0,0.0,0.0,0,0,0,0.0,0.0
2020-05-01,0.0,0.0,0.0,0,0,0,0.0,0.0
2020-05-04,0.0,0.0,0.0,0,0,0,0.0,0.0
2020-05-05,0.0,0.0,0.0,0,0,0,0.0,0.0
2020-05-06,0.0,0.0,0.0,0,0,0,0.0,0.0
2020-05-07,0.0,0.0,0.0,0,0,0,0.0,0.0
2020-05-08,0.0,0.0,0.0,0,0,0,0.0,0.0
2020-05-11,0.0,0.0,0.0,0,0,0,0.0,0.0
2020-05-12,0.0,0.0,0.0,0,0,0,0.0,0.0
2020-05-13,0.0,0.0,0.0,0,0,0,0.0,0.0
2020-05-14,0.0,0.0,0.0,0,0,0,0.0,0.0
2020-05-15,0.0,0.0,0.0,0,0,0,0.0,0.0
2020-05-18,0.0,0.0,0.0,0,0,0,0.0,0.0
2020-05-19,0.0,0.0,0.0,0,0,0,0.0,0.0
2020-05-20,0.0,0.0,0.0,0,0,0,0.0,0.0
2020-05-21,0.0,0.0,0.0,0,0,0,0.0,0.0
2020-05-22,0.0,0.0,0.0,0,0,0,0.0,0.0
2020-05-26,0.0,0.0,0.0,0,0,0,0.0,0.0
2020-05-27,0.0,0.0,0.0,0,0,0,0.0,0.0
2020-05-28,0.0,0.0,0.0,0,0,0,0.0,0.0
2020-05-29,0.0,0.0,0.0,0,0,0,0.0,0.0
2020-06-01,0.0,0.0,0.0,0,0,0,0.0,0.0
2020-06-02,0.0,0.0,0.0,0,0,0,0.0,0.0
2020-06-03,0.0,0.0,0.0,0,0,0,0.0,0.0
2020-06-04,0.0,0.0,0.0,0,0,0,0.0,0.0
2020-06-05,0.0,0.0,0.0,0,0,0,0.0,0.0
2020-06-08,0.0,0.0,0.0,0,0,0,0.0,0.0
2020-06-09,0.0,0.0,0.0,0,0,0,0.0,0.0
2020-06-10,0.0,0.0,0.0,0,0,0,0.0,0.0
2020-06-11,0.0,0.0,0.0,0,0,0,0.0,0.0
2020-06-12,0.0,0.0,0.0,0,0,0,0.0,0.0
2020-06-15,0.0,0.0,0.0,0,0,0,0.0,0.0
2020-06-16,0.0,0.0,0.0,0,0,0,0.0,0.0
2020-06-17,0.0,0.0,0.0,0,0,0,0.0,0.0
2020-06-18,0.0,0.0,0.0,0,0,0,0.0,0.0
2020-06-19,0.0,0.0,0.0,0,0,0,0.0,0.0
2020-06-22,0.0,0.0,0.0,0,0,0,0.0,0.0
2020-06-23,0.0,0.0,0.0,0,0,0,0.0,0.0
2020-06-24,0.0,0.0,0.0,0,0,0,0.0,0.0
2020-06-25,0.0,0.0,0.0,0,0,0,0.0,0.0
2020-06-26,0.0,0.0,0.0,0,0,0,0.0,0.0
2020-06-29,0.0,0.0,0.0,0,0,0,0.0,0.0
2020-06-30,0.0,0.0,0.0,0,0,0,0.0,0.0
2020-07-01,0.0,0.0,0.0,0,0,0,0.0,0.0
2020-07-02,0.0,0.0,0.0,0,0,0,0.0,0.0
2020-07-06,0.0,0.0,0.0,0,0,0,0.0,0.0
2020-07-07,0.0,0.0,0.0,0,0,0,0.0,0.0
2020-07-08,0.0,0.0,0.0,0,0,0,0.0,0.0
2020-07-09,0.0,0.0,0.0,0,0,0,0.0,0.0
2020-07-10,0.0,0.0,0.0,0,0,0,0.0,0.0
2020-07-13,0.0,0.0,0.0,0,0,0,0.0,0.0
2020-07-14,0.0,0.0,0.0,0,0,0,0.0,0.0
2020-07-15,0.0,0.0,0.0,0,0,0,0.0,0.0
2020-07-16,0.0,0.0,0.0,0,0,0,0.0,0.0
2020-07-17,0.0,0.0,0.0,0,0,0,0.0,0.0
2020-07-20,0.0,0.0,0.0,0,0,0,0.0,0.0
2020-07-21,0.0,0.0,0.0,0,0,0,0.0,0.0
2020-07-22,0.0,0.0,0.0,0,0,0,0.0,0.0
2020-07-23,0.0,0.0,0.0,0,0,0,0.0,0.0
2020-07-24,0.0,0.0,0.0,0,0,0,0.0,0.0
2020-07-27,0.0,0.0,0.0,0,0,0,0.0,0.0
2020-07-28,0.0,0.0,0.0,0,0,0,0.0,0.0
2020-07-29,0.0,0.0,0.0,0,0,0,0.0,0.0
2020-07-30,0.0,0.0,0.0,0,0,0,0.0,0.0
2020-07-31,0.0,0.0,0.0,0,0,0,0.0,0.0
2020-08-03,0.0,0.0,0.0,0,0,0,0.0,0.0
2020-08-04,0.0,0.0,0.0,0,0,0,0.0,0.0
2020-08-05,0.0,0.0,0.0,0,0,0,0.0,0.0
2020-08-06,0.0,0.0,0.0,0,0,0,0.0,0.0
2020-08-07,0.0,0.0,0.0,0,0,0,0.0,0.0
2020-08-10,0.0,0.0,0.0,0,0,0,0.0,0.0
2020-08-11,0.0,0.0,0.0,0,0,0,0.0,0.0
2020-08-12,0.0,0.0,0.0,0,0,0,0.0,0.0
2020-08-13,0.0,0.0,0.0,0,0,0,0.0,0.0
2020-08-14,0.0,0.0,0.0,0,0,0,0.0,0.0
2020-08-17,0.0,0.0,0.0,0,0,0,0.0,0.0
2020-08-18,0.0,0.0,0.0,0,0,0,0.0,0.0
2020-08-19,0.0,0.0,0.0,0,0,0,0.0,0.0
2020-08-20,0.0,0.0,0.0,0,0,0,0.0,0.0
2020-08-21,0.0,0.0,0.0,0,0,0,0.0,0.0
2020-08-24,0.0,0.0,0.0,0,0,0,0.0,0.0
2020-08-25,0.0,0.0,0.0,0,0,0,0.0,0.0
2020-08-26,0.0,0.0,0.0,0,0,0,0.0,0.0
2020-08-27,0.0,0.0,0.0,0,0,0,0.0,0.0
2020-08-28,0.0,0.0,0.0,0,0,0,0.0,0.0
2020-08-31,0.0,0.0,0.0,0,0,0,0.0,0.0
2020-09-01,0.0,0.0,0.0,0,0,0,0.0,0.0
2020-09-02,0.0,0.0,0.0,0,0,0,0.0,0.0
2020-09-03,0.0,0.0,0.0,0,0,0,0.0,0.0
2020-09-04,0.0,0.0,0.0,0,0,0,0.0,0.0
2020-09-08,0.0,0.0,0.0,0,0,0,0.0,0.0
2020-09-09,0.0,0.0,0.0,0,0,0,0.0,0.0
2020-09-10,0.0,0.0,0.0,0,0,0,0.0,0.0
2020-09-11,0.0,0.0,0.0,0,0,0,0.0,0.0
2020-09-14,0.0,0.0,0.0,0,0,0,0.0,0.0
2020-09-15,0.0,0.0,0.0,0,0,0,0.0,0.0
2020-09-16,0.0,0.0,0.0,0,0,0,0.0,0.0
2020-09-17,0.0,0.0,0.0,0,0,0,0.0,0.0
2020-09-18,0.0,0.0,0.0,0,0,0,0.0,0.0
2020-09-21,0.0,0.0,0.0,0,0,0,0.0,0.0
2020-09-22,0.0,0.0,0.0,0,0,0,0.0,0.0
2020-09-23,0.0,0.0,0.0,0,0,0,0.0,0.0
2020-09-24,0.0,0.0,0.0,0,0,0,0.0,0.0
2020-09-25,0.0,0.0,0.0,0,0,0,0.0,0.0
2020-09-28,0.0,0.0,0.0,0,0,0,0.0,0.0
2020-09-29,0.0,0.0,0.0,0,0,0,0.0,0.0
2020-09-30,0.0,0.0,0.0,0,0,0,0.0,0.0
2020-10-01,0.0,0.0,0.0,0,0,0,0.0,0.0
2020-10-02,0.0,0.0,0.0,0,0,0,0.0,0.0
2020-10-05,0.0,0.0,0.0,0,0,0,0.0,0.0
2020-10-06,0.0,0.0,0.0,0,0,0,0.0,0.0
2020-10-07,0.0,0.0,0.0,0,0,0,0.0,0.0
2020-10-08,0.0,0.0,0.0,0,0,0,0.0,0.0
2020-10-09,0.0,0.0,0.0,0,0,0,0.0,0.0
2020-10-13,0.0,0.0,0.0,0,0,0,0.0,0.0
2020-10-14,0.0,0.0,0.0,0,0,0,0.0,0.0
2020-10-15,0.0,0.0,0.0,0,0,0,0.0,0.0
2020-10-16,0.0,0.0,0.0,0,0,0,0.0,0.0
2020-10-19,0.0,0.0,0.0,0,0,0,0.0,0.0
2020-10-20,0.0,0.0,0.0,0,0,0,0.0,0.0
2020-10-21,0.0,0.0,0.0,0,0,0,0.0,0.0
2020-10-22,0.0,0.0,0.0,0,0,0,0.0,0.0
2020-10-23,0.0,0.0,0.0,0,0,0,0.0,0.0
2020-10-26,0.0,0.0,0.0,0,0,0,0.0,0.0
2020-10-27,0.0,0.0,0.0,0,0,0,0.0,0.0
2020-10-28,0.0,0.0,0.0,0,0,0,0.0,0.0
2020-10-29,0.0,0.0,0.0,0,0,0,0.0,0.0
2020-10-30,0.0,0.0,0.0,0,0,0,0.0,0.0
2020-11-02,0.0,0.0,0.0,0,0,0,0.0,0.0
2020-11-03,0.0,0.0,0.0,0,0,0,0.0,0.0
2020-11-04,0.0,0.0,0.0,0,0,0,0.0,0.0
2020-11-05,0.0,0.0,0.0,0,0,0,0.0,0.0
2020-11-06,0.0,0.0,0.0,0,0,0,0.0,0.0
2020-11-09,0.0,0.0,0.0,0,0,0,0.0,0.0
2020-11-10,0.0,0.0,0.0,0,0,0,0.0,0.0
2020-11-12,0.0,0.0,0.0,0,0,0,0.0,0.0
2020-11-13,0.0,0.0,0.0,0,0,0,0.0,0.0
2020-11-16,0.0,0.0,0.0,0,0,0,0.0,0.0
2020-11-17,0.0,0.0,0.0,0,0,0,0.0,0.0
2020-11-18,0.0,0.0,0.0,0,0,0,0.0,0.0
2020-11-19,0.0,0.0,0.0,0,0,0,0.0,0.0
2020-11-20,0.0,0.0,0.0,0,0,0,0.0,0.0
2020-11-23,0.0,0.0,0.0,0,0,0,0.0,0.0
2020-11-24,0.0,0.0,0.0,0,0,0,0.0,0.0
2020-11-25,0.0,0.0,0.0,0,0,0,0.0,0.0
2020-11-30,0.0,0.0,0.0,0,0,0,0.0,0.0
2020-12-01,0.0,0.0,0.0,0,0,0,0.0,0.0
2020-12-02,0.0,0.0,0.0,0,0,0,0.0,0.0
2020-12-03,0.0,0.0,0.0,0,0,0,0.0,0.0
2020-12-04,0.0,0.0,0.0,0,0,0,0.0,0.0
2020-12-07,0.0,0.0,0.0,0,0,0,0.0,0.0
2020-12-08,0.0,0.0,0.0,0,0,0,0.0,0.0
2020-12-09,0.0,0.0,0.0,0,0,0,0.0,0.0
2020-12-10,0.0,0.0,0.0,0,0,0,0.0,0.0
2020-12-11,0.0,0.0,0.0,0,0,0,0.0,0.0
2020-12-14,0.0,0.0,0.0,0,0,0,0.0,0.0
2020-12-15,0.0,0.0,0.0,0,0,0,0.0,0.0
2020-12-16,0.0,0.0,0.0,0,0,0,0.0,0.0
2020-12-17,0.0,0.0,0.0,0,0,0,0.0,0.0
2020-12-18,0.0,0.0,0.0,0,0,0,0.0,0.0
2020-12-21,0.0,0.0,0.0,0,0,0,0.0,0.0
2020-12-22,0.0,0.0,0.0,0,0,0,0.0,0.0
2020-12-23,0.0,0.0,0.0,0,0,0,0.0,0.0
2020-12-28,0.0,0.0,0.0,0,0,0,0.0,0.0
2020-12-29,0.0,0.0,0.0,0,0,0,0.0,0.0
2020-12-30,0.0,0.0,0.0,0,0,0,0.0,0.0
2020-12-31,0.0,0.0,0.0,0,0,0,0.0,0.0
2021-01-04,0.0,0.0,0.0,0,0,0,0.0,0.0
2021-01-05,0.0,0.0,0.0,0,0,0,0.0,0.0
2021-01-06,0.0,0.0,0.0,0,0,0,0.0,0.0
2021-01-07,0.0,0.0,0.0,0,0,0,0.0,0.0
2021-01-08,0.0,0.0,0.0,0,0,0,0.0,0.0
2021-01-11,0.0,0.0,0.0,0,0,0,0.0,0.0
2021-01-12,0.0,0.0,0.0,0,0,0,0.0,0.0
2021-01-13,0.0,0.0,0.0,0,0,0,0.0,0.0
2021-01-14,0.0,0.0,0.0,0,0,0,0.0,0.0
2021-01-15,0.0,0.0,0.0,0,0,0,0.0,0.0
2021-01-19,0.0,0.0,0.0,0,0,0,0.0,0.0
2021-01-21,0.0,0.0,0.0,0,0,0,0.0,0.0
2021-01-22,0.0,0.0,0.0,0,0,0,0.0,0.0
2021-01-25,0.0,0.0,0.0,0,0,0,0.0,0.0
2021-01-26,0.0,0.0,0.0,0,0,0,0.0,0.0
2021-01-27,0.0,0.0,0.0,0,0,0,0.0,0.0
2021-01-28,0.0,0.0,0.0,0,0,0,0.0,0.0
2021-01-29,0.0,0.0,0.0,0,0,0,0.0,0.0
2021-02-01,0.0,0.0,0.0,0,0,0,0.0,0.0
2021-02-02,0.0,0.0,0.0,0,0,0,0.0,0.0
2021-02-03,0.0,0.0,0.0,0,0,0,0.0,0.0
2021-02-04,0.0,0.0,0.0,0,0,0,0.0,0.0
2021-02-05,0.0,0.0,0.0,0,0,0,0.0,0.0
2021-02-08,0.0,0.0,0.0,0,0,0,0.0,0.0
2021-02-09,0.0,0.0,0.0,0,0,0,0.0,0.0
2021-02-10,0.0,0.0,0.0,0,0,0,0.0,0.0
2021-02-11,0.0,0.0,0.0,0,0,0,0.0,0.0
2021-02-12,0.0,0.0,0.0,0,0,0,0.0,0.0
2021-02-16,0.0,0.0,0.0,0,0,0,0.0,0.0
2021-02-17,0.0,0.0,0.0,0,0,0,0.0,0.0
2021-02-18,0.0,0.0,0.0,0,0,0,0.0,0.0
2021-02-19,0.0,0.0,0.0,0,0,0,0.0,0.0
2021-02-22,0.0,0.0,0.0,0,0,0,0.0,0.0
2021-02-23,0.0,0.0,0.0,0,0,0,0.0,0.0
2021-02-24,0.0,0.0,0.0,0,0,0,0.0,0.0
2021-02-25,0.0,0.0,0.0,0,0,0,0.0,0.0
2021-02-26,0.0,0.0,0.0,0,0,0,0.0,0.0
2021-03-01,0.0,0.0,0.0,0,0,0,0.0,0.0
2021-03-02,0.0,0.0,0.0,0,0,0,0.0,0.0
2021-03-03,0.0,0.0,0.0,0,0,0,0.0,0.0
2021-03-04,0.0,0.0,0.0,0,0,0,0.0,0.0
2021-03-05,0.0,0.0,0.0,0,0,0,0.0,0.0
2021-03-08,0.0,0.0,0.0,0,0,0,0.0,0.0
2021-03-09,0.0,0.0,0.0,0,0,0,0.0,0.0
2021-03-10,0.0,0.0,0.0,0,0,0,0.0,0.0
2021-03-11,0.0,0.0,0.0,0,0,0,0.0,0.0
2021-03-12,0.0,0.0,0.0,0,0,0,0.0,0.0
2021-03-15,0.0,0.0,0.0,0,0,0,0.0,0.0
2021-03-16,0.0,0.0,0.0,0,0,0,0.0,0.0
2021-03-17,0.0,0.0,0.0,0,0,0,0.0,0.0
2021-03-18,0.0,0.0,0.0,0,0,0,0.0,0.0
2021-03-19,0.0,0.0,0.0,0,0,0,0.0,0.0
2021-03-22,0.0,0.0,0.0,0,0,0,0.0,0.0
2021-03-23,0.0,0.0,0.0,0,0,0,0.0,0.0
2021-03-24,0.0,0.0,0.0,0,0,0,0.0,0.0
2021-03-25,0.0,0.0,0.0,0,0,0,0.0,0.0
2021-03-26,0.0,0.0,0.0,0,0,0,0.0,0.0
2021-03-29,0.0,0.0,0.0,0,0,0,0.0,0.0
2021-03-30,0.0,0.0,0.0,0,0,0,0.0,0.0
2021-03-31,0.0,0.0,0.0,0,0,0,0.0,0.0
2021-04-01,0.0,0.0,0.0,0,0,0,0.0,0.0
2021-04-02,0.0,0.0,0.0,0,0,0,0.0,0.0
2021-04-05,0.0,0.0,0.0,0,0,0,0.0,0.0
2021-04-06,0.0,0.0,0.0,0,0,0,0.0,0.0
2021-04-07,0.0,0.0,0.0,0,0,0,0.0,0.0
2021-04-08,0.0,0.0,0.0,0,0,0,0.0,0.0
2021-04-09,0.0,0.0,0.0,0,0,0,0.0,0.0
2021-04-12,0.0,0.0,0.0,0,0,0,0.0,0.0
2021-04-13,0.0,0.0,0.0,0,0,0,0.0,0.0
2021-04-14,0.0,0.0,0.0,0,0,0,0.0,0.0
2021-04-15,0.0,0.0,0.0,0,0,0,0.0,0.0
2021-04-16,0.0,0.0,0.0,0,0,0,0.0,0.0
2021-04-19,0.0,0.0,0.0,0,0,0,0.0,0.0
2021-04-20,0.0,0.0,0.0,0,0,0,0.0,0.0
2021-04-21,0.0,0.0,0.0,0,0,0,0.0,0.0
2021-04-22,0.0,0.0,0.0,0,0,0,0.0,0.0
2021-04-23,0.0,0.0,0.0,0,0,0,0.0,0.0
2021-04-26,0.0,0.0,0.0,0,0,0,0.0,0.0
2021-04-27,0.0,0.0,0.0,0,0,0,0.0,0.0
2021-04-28,0.0,0.0,0.0,0,0,0,0.0,0.0
2021-04-29,0.0,0.0,0.0,0,0,0,0.0,0.0
2021-04-30,0.0,0.0,0.0,0,0,0,0.0,0.0
2021-05-03,0.0,0.0,0.0,0,0,0,0.0,0.0
2021-05-04,0.0,0.0,0.0,0,0,0,0.0,0.0
2021-05-05,0.0,0.0,0.0,0,0,0,0.0,0.0
2021-05-06,0.0,0.0,0.0,0,0,0,0.0,0.0
2021-05-07,0.0,0.0,0.0,0,0,0,0.0,0.0
2021-05-10,0.0,0.0,0.0,0,0,0,0.0,0.0
2021-05-11,0.0,0.0,0.0,0,0,0,0.0,0.0
2021-05-12,0.0,0.0,0.0,0,0,0,0.0,0.0
2021-05-13,0.0,0.0,0.0,0,0,0,0.0,0.0
2021-05-14,0.0,0.0,0.0,0,0,0,0.0,0.0
2021-05-17,0.0,0.0,0.0,0,0,0,0.0,0.0
2021-05-18,0.0,0.0,0.0,0,0,0,0.0,0.0
2021-05-19,0.0,0.0,0.0,0,0,0,0.0,0.0
2021-05-20,0.0,0.0,0.0,0,0,0,0.0,0.0
2021-05-21,0.0,0.0,0.0,0,0,0,0.0,0.0
2021-05-24,0.0,0.0,0.0,0,0,0,0.0,0.0
2021-05-25,0.0,0.0,0.0,0,0,0,0.0,0.0
2021-05-26,0.0,0.0,0.0,0,0,0,0.0,0.0
2021-05-27,0.0,0.0,0.0,0,0,0,0.0,0.0
2021-05-28,0.0,0.0,0.0,0,0,0,0.0,0.0
2021-06-01,0.0,0.0,0.0,0,0,0,0.0,0.0
2021-06-02,0.0,0.0,0.0,0,0,0,0.0,0.0
2021-06-03,0.0,0.0,0.0,0,0,0,0.0,0.0
2021-06-04,0.0,0.0,0.0,0,0,0,0.0,0.0
2021-06-07,0.0,0.0,0.0,0,0,0,0.0,0.0
2021-06-08,0.0,0.0,0.0,0,0,0,0.0,0.0
2021-06-09,0.0,0.0,0.0,0,0,0,0.0,0.0
2021-06-10,0.0,0.0,0.0,0,0,0,0.0,0.0
2021-06-11,0.0,0.0,0.0,0,0,0,0.0,0.0
2021-06-14,0.0,0.0,0.0,0,0,0,0.0,0.0
2021-06-15,0.0,0.0,0.0,0,0,0,0.0,0.0
2021-06-16,0.0,0.0,0.0,0,0,0,0.0,0.0
2021-06-17,0.0,0.0,0.0,0,0,0,0.0,0.0
2021-06-18,0.0,0.0,0.0,0,0,0,0.0,0.0
2021-06-21,0.0,0.0,0.0,0,0,0,0.0,0.0
2021-06-22,0.0,0.0,0.0,0,0,0,0.0,0.0
2021-06-23,0.0,0.0,0.0,0,0,0,0.0,0.0
2021-06-24,0.0,0.0,0.0,0,0,0,0.0,0.0
2021-06-25,0.0,0.0,0.0,0,0,0,0.0,0.0
2021-06-28,0.0,0.0,0.0,0,0,0,0.0,0.0
2021-06-29,0.0,0.0,0.0,0,0,0,0.0,0.0
2021-06-30,0.0,0.0,0.0,0,0,0,0.0,0.0
2021-07-01,0.0,0.0,0.0,0,0,0,0.0,0.0
2021-07-02,0.0,0.0,0.0,0,0,0,0.0,0.0
2021-07-06,0.0,0.0,0.0,0,0,0,0.0,0.0
2021-07-07,0.0,0.0,0.0,0,0,0,0.0,0.0
2021-07-08,0.0,0.0,0.0,0,0,0,0.0,0.0
2021-07-09,0.0,0.0,0.0,0,0,0,0.0,0.0
2021-07-12,0.0,0.0,0.0,0,0,0,0.0,0.0
2021-07-13,0.0,0.0,0.0,0,0,0,0.0,0.0
2021-07-14,0.0,0.0,0.0,0,0,0,0.0,0.0
2021-07-15,0.0,0.0,0.0,0,0,0,0.0,0.0
2021-07-16,0.0,0.0,0.0,0,0,0,0.0,0.0
2021-07-19,0.0,0.0,0.0,0,0,0,0.0,0.0
2021-07-20,0.0,0.0,0.0,0,0,0,0.0,0.0
2021-07-21,0.0,0.0,0.0,0,0,0,0.0,0.0
2021-07-22,0.0,0.0,0.0,0,0,0,0.0,0.0
2021-07-23,0.0,0.0,0.0,0,0,0,0.0,0.0
2021-07-26,0.0,0.0,0.0,0,0,0,0.0,0.0
2021-07-27,0.0,0.0,0.0,0,0,0,0.0,0.0
2021-07-28,0.0,0.0,0.0,0,0,0,0.0,0.0
2021-07-29,0.0,0.0,0.0,0,0,0,0.0,0.0
2021-07-30,0.0,0.0,0.0,0,0,0,0.0,0.0
2021-08-02,0.0,0.0,0.0,0,0,0,0.0,0.0
2021-08-03,0.0,0.0,0.0,0,0,0,0.0,0.0
2021-08-04,0.0,0.0,0.0,0,0,0,0.0,0.0
2021-08-05,0.0,0.0,0.0,0,0,0,0.0,0.0
2021-08-06,0.0,0.0,0.0,0,0,0,0.0,0.0
2021-08-09,0.0,0.0,0.0,0,0,0,0.0,0.0
2021-08-10,0.0,0.0,0.0,0,0,0,0.0,0.0
2021-08-11,0.0,0.0,0.0,0,0,0,0.0,0.0
2021-08-12,0.0,0.0,0.0,0,0,0,0.0,0.0
2021-08-13,0.0,0.0,0.0,0,0,0,0.0,0.0
2021-08-16,0.0,0.0,0.0,0,0,0,0.0,0.0
2021-08-17,0.0,0.0,0.0,0,0,0,0.0,0.0
2021-08-18,0.0,0.0,0.0,0,0,0,0.0,0.0
2021-08-19,0.0,0.0,0.0,0,0,0,0.0,0.0
2021-08-20,0.0,0.0,0.0,0,0,0,0.0,0.0
2021-08-23,0.0,0.0,0.0,0,0,0,0.0,0.0
2021-08-24,0.0,0.0,0.0,0,0,0,0.0,0.0
2021-08-25,0.0,0.0,0.0,0,0,0,0.0,0.0
2021-08-26,0.0,0.0,0.0,0,0,0,0.0,0.0
2021-08-27,0.0,0.0,0.0,0,0,0,0.0,0.0
2021-08-30,0.0,0.0,0.0,0,0,0,0.0,0.0
2021-08-31,0.0,0.0,0.0,0,0,0,0.0,0.0
2021-09-01,0.0,0.0,0.0,0,0,0,0.0,0.0
2021-09-02,0.0,0.0,0.0,0,0,0,0.0,0.0
2021-09-03,0.0,0.0,0.0,0,0,0,0.0,0.0
2021-09-07,0.0,0.0,0.0,0,0,0,0.0,0.0
2021-09-08,0.0,0.0,0.0,0,0,0,0.0,0.0
2021-09-09,0.0,0.0,0.0,0,0,0,0.0,0.0
2021-09-10,0.0,0.0,0.0,0,0,0,0.0,0.0
2021-09-13,0.0,0.0,0.0,0,0,0,0.0,0.0
2021-09-14,0.0,0.0,0.0,0,0,0,0.0,0.0
2021-09-15,0.0,0.0,0.0,0,0,0,0.0,0.0
2021-09-16,0.0,0.0,0.0,0,0,0,0.0,0.0
2021-09-17,0.0,0.0,0.0,0,0,0,0.0,0.0
2021-09-20,0.0,0.0,0.0,0,0,0,0.0,0.0
2021-09-21,0.0,0.0,0.0,0,0,0,0.0,0.0
2021-09-22,0.0,0.0,0.0,0,0,0,0.0,0.0
2021-09-23,0.0,0.0,0.0,0,0,0,0.0,0.0
2021-09-24,0.0,0.0,0.0,0,0,0,0.0,0.0
2021-09-27,0.0,0.0,0.0,0,0,0,0.0,0.0
2021-09-28,0.0,0.0,0.0,0,0,0,0.0,0.0
2021-09-29,0.0,0.0,0.0,0,0,0,0.0,0.0
2021-09-30,0.0,0.0,0.0,0,0,0,0.0,0.0
2021-10-01,0.0,0.0,0.0,0,0,0,0.0,0.0
2021-10-04,0.0,0.0,0.0,0,0,0,0.0,0.0
2021-10-05,0.0,0.0,0.0,0,0,0,0.0,0.0
2021-10-06,0.0,0.0,0.0,0,0,0,0.0,0.0
2021-10-07,0.0,0.0,0.0,0,0,0,0.0,0.0
2021-10-08,0.0,0.0,0.0,0,0,0,0.0,0.0
2021-10-12,0.0,0.0,0.0,0,0,0,0.0,0.0
2021-10-13,0.0,0.0,0.0,0,0,0,0.0,0.0
2021-10-14,0.0,0.0,0.0,0,0,0,0.0,0.0
2021-10-15,0.0,0.0,0.0,0,0,0,0.0,0.0
2021-10-18,0.0,0.0,0.0,0,0,0,0.0,0.0
2021-10-19,0.0,0.0,0.0,0,0,0,0.0,0.0
2021-10-20,0.0,0.0,0.0,0,0,0,0.0,0.0
2021-10-21,0.0,0.0,0.0,1,0,0,0.0,0.0
2021-10-22,0.0,0.0,0.0,1,0,0,0.0,0.0
2021-10-25,0.0,0.0,0.0,1,0,0,0.0,0.0
2021-10-26,0.0,0.0,0.0,1,0,0,0.0,0.0
2021-10-27,0.0,0.0,0.0,1,0,0,0.0,0.0
2021-10-28,0.0,0.0,0.0,1,0,0,0.0,0.0
2021-10-29,0.0,0.0,0.0,1,0,0,0.0,0.0
2021-11-01,0.0,0.0,0.0,1,0,0,0.0,0.0
2021-11-02,0.0,0.0,0.0,1,0,0,0.0,0.0
2021-11-03,0.0,0.0,0.0,1,0,0,0.0,0.0
2021-11-04,0.0,0.0,0.0,1,0,0,0.0,0.0
2021-11-05,0.0,0.0,0.0,1,0,0,0.0,0.0
2021-11-08,0.0,0.0002,-0.0002,1,1,1,-0.0002,0.0
2021-11-09,0.00017593388268155542,0.0,0.00017593388268155542,1,1,1,-2.4066117318444587e-05,0.00017593388268155542
2021-11-10,-0.0033428136753506977,0.0,-0.0033428136753506977,1,1,1,-0.0033668797926691423,-0.003166879792669142
2021-11-12,0.0023800976626578286,0.0,0.0023800976626578286,1,1,1,-0.0009867821300113136,-0.0007867821300113135
2021-11-15,-0.0005521688003375725,0.0,-0.0005521688003375725,1,1,1,-0.0015389509303488861,-0.001338950930348886
2021-11-16,0.0013068407231143712,0.0,0.0013068407231143712,1,1,1,-0.00023211020723451492,-3.211020723451483e-05
2021-11-17,0.003483653170784618,0.0,0.003483653170784618,1,1,1,0.003251542963550103,0.003451542963550103
2021-11-18,0.0014831297041017605,0.00020098693453353037,0.0012821427695682301,1,0,0,0.004533685733118333,0.004934672667651864
2021-11-19,0.0,0.0,0.0,1,0,0,0.004533685733118333,0.004934672667651864
2021-11-22,0.0,0.0,0.0,1,0,0,0.004533685733118333,0.004934672667651864
2021-11-23,0.0,0.0,0.0,1,0,0,0.004533685733118333,0.004934672667651864
2021-11-24,0.0,0.0,0.0,1,0,0,0.004533685733118333,0.004934672667651864
2021-11-26,0.0,0.0,0.0,1,0,0,0.004533685733118333,0.004934672667651864
2021-11-29,0.0,0.0,0.0,1,0,0,0.004533685733118333,0.004934672667651864
2021-11-30,0.0,0.0,0.0,1,0,0,0.004533685733118333,0.004934672667651864
2021-12-01,0.0,0.0,0.0,1,0,0,0.004533685733118333,0.004934672667651864
2021-12-02,0.0,0.0,0.0,1,0,0,0.004533685733118333,0.004934672667651864
2021-12-03,0.0,0.0,0.0,1,0,0,0.004533685733118333,0.004934672667651864
2021-12-06,0.0,0.0,0.0,1,0,0,0.004533685733118333,0.004934672667651864
2021-12-07,0.0,0.0,0.0,1,0,0,0.004533685733118333,0.004934672667651864
2021-12-08,0.0,0.0,0.0,1,0,0,0.004533685733118333,0.004934672667651864
2021-12-09,0.0,0.0,0.0,1,0,0,0.004533685733118333,0.004934672667651864
2021-12-10,0.0,0.0,0.0,1,0,0,0.004533685733118333,0.004934672667651864
2021-12-13,0.0,0.0,0.0,1,0,0,0.004533685733118333,0.004934672667651864
2021-12-14,0.0,0.0,0.0,1,0,0,0.004533685733118333,0.004934672667651864
2021-12-15,0.0,0.0,0.0,1,0,0,0.004533685733118333,0.004934672667651864
2021-12-16,0.0,0.0,0.0,1,0,0,0.004533685733118333,0.004934672667651864
2021-12-17,0.0,0.0,0.0,1,0,0,0.004533685733118333,0.004934672667651864
2021-12-20,0.0,0.0,0.0,1,0,0,0.004533685733118333,0.004934672667651864
2021-12-21,0.0,0.0,0.0,1,0,0,0.004533685733118333,0.004934672667651864
2021-12-22,0.0,0.0,0.0,1,0,0,0.004533685733118333,0.004934672667651864
2021-12-23,0.0,0.0,0.0,1,0,0,0.004533685733118333,0.004934672667651864
2021-12-27,0.0,0.0,0.0,1,0,0,0.004533685733118333,0.004934672667651864
2021-12-28,0.0,0.0,0.0,1,0,0,0.004533685733118333,0.004934672667651864
2021-12-29,0.0,0.0,0.0,1,0,0,0.004533685733118333,0.004934672667651864
2021-12-30,0.0,0.0,0.0,1,0,0,0.004533685733118333,0.004934672667651864
2022-01-03,0.0,0.0,0.0,1,0,0,0.004533685733118333,0.004934672667651864
2022-01-04,0.0,0.0,0.0,1,0,0,0.004533685733118333,0.004934672667651864
2022-01-05,0.0,0.0,0.0,1,0,0,0.004533685733118333,0.004934672667651864
2022-01-06,0.0,0.0,0.0,1,0,0,0.004533685733118333,0.004934672667651864
2022-01-07,0.0,0.0,0.0,1,0,0,0.004533685733118333,0.004934672667651864
2022-01-10,0.0,0.0,0.0,1,0,0,0.004533685733118333,0.004934672667651864
2022-01-11,0.0,0.0,0.0,1,0,0,0.004533685733118333,0.004934672667651864
2022-01-12,0.0,0.0,0.0,1,0,0,0.004533685733118333,0.004934672667651864
2022-01-13,0.0,0.0,0.0,1,0,0,0.004533685733118333,0.004934672667651864
2022-01-14,0.0,0.0,0.0,1,0,0,0.004533685733118333,0.004934672667651864
2022-01-18,0.0,0.0,0.0,1,0,0,0.004533685733118333,0.004934672667651864
2022-01-19,0.0,0.0,0.0,1,0,0,0.004533685733118333,0.004934672667651864
2022-01-20,0.0,0.0,0.0,1,0,0,0.004533685733118333,0.004934672667651864
2022-01-21,0.0,0.0,0.0,1,0,0,0.004533685733118333,0.004934672667651864
2022-01-24,0.0,0.0,0.0,1,0,0,0.004533685733118333,0.004934672667651864
2022-01-25,0.0,0.0,0.0,1,0,0,0.004533685733118333,0.004934672667651864
2022-01-26,0.0,0.0,0.0,1,0,0,0.004533685733118333,0.004934672667651864
2022-01-27,0.0,0.0,0.0,1,0,0,0.004533685733118333,0.004934672667651864
2022-01-28,0.0,0.0,0.0,1,0,0,0.004533685733118333,0.004934672667651864
2022-01-31,0.0,0.0,0.0,1,0,0,0.004533685733118333,0.004934672667651864
2022-02-01,0.0,0.0,0.0,1,0,0,0.004533685733118333,0.004934672667651864
2022-02-02,0.0,0.0,0.0,1,0,0,0.004533685733118333,0.004934672667651864
2022-02-03,0.0,0.0,0.0,1,0,0,0.004533685733118333,0.004934672667651864
2022-02-04,0.0,0.0,0.0,1,0,0,0.004533685733118333,0.004934672667651864
2022-02-07,0.0,0.0,0.0,1,0,0,0.004533685733118333,0.004934672667651864
2022-02-08,0.0,0.0,0.0,1,0,0,0.004533685733118333,0.004934672667651864
2022-02-09,0.0,0.0,0.0,1,0,0,0.004533685733118333,0.004934672667651864
2022-02-10,0.0,0.0,0.0,1,0,0,0.004533685733118333,0.004934672667651864
2022-02-11,0.0,0.0,0.0,1,0,0,0.004533685733118333,0.004934672667651864
2022-02-14,0.0,0.0,0.0,1,0,0,0.004533685733118333,0.004934672667651864
2022-02-15,0.0,0.0,0.0,1,0,0,0.004533685733118333,0.004934672667651864
2022-02-16,0.0,0.0,0.0,1,0,0,0.004533685733118333,0.004934672667651864
2022-02-17,0.0,0.0,0.0,1,0,0,0.004533685733118333,0.004934672667651864
2022-02-18,0.0,0.0,0.0,1,0,0,0.004533685733118333,0.004934672667651864
2022-02-22,0.0,0.0,0.0,1,0,0,0.004533685733118333,0.004934672667651864
2022-02-23,0.0,0.0,0.0,1,0,0,0.004533685733118333,0.004934672667651864
2022-02-24,0.0,0.0,0.0,1,0,0,0.004533685733118333,0.004934672667651864
2022-02-25,0.0,0.0,0.0,1,0,0,0.004533685733118333,0.004934672667651864
2022-02-28,0.0,0.0,0.0,1,0,0,0.004533685733118333,0.004934672667651864
2022-03-01,0.0,0.0,0.0,1,0,0,0.004533685733118333,0.004934672667651864
2022-03-02,0.0,0.0,0.0,1,0,0,0.004533685733118333,0.004934672667651864
2022-03-03,0.0,0.0,0.0,1,0,0,0.004533685733118333,0.004934672667651864
2022-03-04,0.0,0.0,0.0,1,0,0,0.004533685733118333,0.004934672667651864
2022-03-07,0.0,0.0002,-0.0002,1,1,1,0.004333685733118334,0.004934672667651864
2022-03-08,0.004322923067747308,0.0,0.004322923067747308,1,1,1,0.00865660880086564,0.009257595735399173
2022-03-09,-0.0010520301512721218,0.0,-0.0010520301512721218,1,1,1,0.007604578649593519,0.00820556558412705
2022-03-10,-0.003528350345029138,0.0,-0.003528350345029138,1,1,1,0.00407622830456438,0.004677215239097912
2022-03-11,-0.003619538299726955,0.0,-0.003619538299726955,1,1,1,0.0004566900048374252,0.001057676939370957
2022-03-14,0.0013376105009965979,0.0,0.0013376105009965979,1,1,1,0.001794300505834023,0.0023952874403675548
2022-03-15,0.0020443379630327076,0.0,0.0020443379630327076,1,1,1,0.0038386384688667307,0.004439625403400262
2022-03-16,-0.0014096261622724429,0.0,-0.0014096261622724429,1,1,1,0.0024290123065942876,0.0030299992411278193
2022-03-17,-0.001821306688815979,0.0,-0.001821306688815979,1,1,1,0.0006077056177783086,0.0012086925523118403
2022-03-18,0.0001646917095612702,0.0,0.0001646917095612702,1,1,1,0.0007723973273395788,0.0013733842618731105
2022-03-21,-0.0008877348387875321,0.0,-0.0008877348387875321,1,1,1,-0.0001153375114479533,0.0004856494230855784
2022-03-22,0.0030490807237242667,0.0,0.0030490807237242667,1,1,1,0.0029337432122763137,0.0035347301468098453
2022-03-23,-0.0036568509705319496,0.0,-0.0036568509705319496,1,1,1,-0.000723107758255636,-0.00012212082372210428
2022-03-24,-0.002024044082864116,0.0,-0.002024044082864116,1,1,1,-0.002747151841119752,-0.0021461649065862205
2022-03-25,-0.0004115908558362738,0.0,-0.0004115908558362738,1,1,1,-0.003158742696956026,-0.002557755762422494
2022-03-28,-0.0022828401538269316,0.0,-0.0022828401538269316,1,1,1,-0.0054415828507829575,-0.004840595916249426
2022-03-29,-0.0001957829938945639,0.0,-0.0001957829938945639,1,1,1,-0.005637365844677522,-0.00503637891014399
2022-03-30,0.00017955699741176872,0.0,0.00017955699741176872,1,1,1,-0.005457808847265753,-0.004856821912732221
2022-03-31,-0.00038917336311772885,0.0,-0.00038917336311772885,1,1,1,-0.005846982210383482,-0.00524599527584995
2022-04-01,-0.0004145969332470104,0.0,-0.0004145969332470104,1,1,1,-0.006261579143630493,-0.005660592209096961
2022-04-04,-0.000576282565397538,0.0,-0.000576282565397538,1,1,1,-0.0068378617090280305,-0.006236874774494499
2022-04-05,-0.0021376495302807327,0.0,-0.0021376495302807327,1,1,1,-0.008975511239308762,-0.00837452430477523
2022-04-06,0.0012976283693861405,0.0,0.0012976283693861405,1,1,1,-0.007677882869922622,-0.0070768959353890906
2022-04-07,0.0027663192859839984,0.0,0.0027663192859839984,1,1,1,-0.004911563583938624,-0.004310576649405092
2022-04-08,-0.001614636620049362,0.0,-0.001614636620049362,1,1,1,-0.006526200203987986,-0.005925213269454454
2022-04-11,0.001799195922466763,0.0,0.001799195922466763,1,1,1,-0.004727004281521223,-0.004126017346987691
2022-04-12,-0.0005831992513032392,0.0,-0.0005831992513032392,1,1,1,-0.005310203532824462,-0.00470921659829093
2022-04-13,0.000966338393375973,0.0,0.000966338393375973,1,1,1,-0.004343865139448489,-0.0037428782049149572
2022-04-14,0.0005545005916414271,0.0,0.0005545005916414271,1,1,1,-0.003789364547807062,-0.00318837761327353
2022-04-15,-2.511684375978117e-05,0.000198370366575063,-0.00022348721033484416,1,0,0,-0.004012851758141906,-0.0032134944570333113
2022-04-18,0.0,0.0,0.0,1,0,0,-0.004012851758141906,-0.0032134944570333113
2022-04-19,0.0,0.0,0.0,1,0,0,-0.004012851758141906,-0.0032134944570333113
2022-04-20,0.0,0.0,0.0,1,0,0,-0.004012851758141906,-0.0032134944570333113
2022-04-21,0.0,0.0,0.0,1,0,0,-0.004012851758141906,-0.0032134944570333113
2022-04-22,0.0,0.0,0.0,1,0,0,-0.004012851758141906,-0.0032134944570333113
2022-04-25,0.0,0.0,0.0,0,0,0,-0.004012851758141906,-0.0032134944570333113
2022-04-26,0.0,0.0,0.0,0,0,0,-0.004012851758141906,-0.0032134944570333113
2022-04-27,0.0,0.0,0.0,0,0,0,-0.004012851758141906,-0.0032134944570333113
2022-04-28,0.0,0.0,0.0,0,0,0,-0.004012851758141906,-0.0032134944570333113
2022-04-29,0.0,0.0,0.0,0,0,0,-0.004012851758141906,-0.0032134944570333113
2022-05-02,0.0,0.0,0.0,0,0,0,-0.004012851758141906,-0.0032134944570333113
2022-05-03,0.0,0.0,0.0,0,0,0,-0.004012851758141906,-0.0032134944570333113
2022-05-04,0.0,0.0,0.0,0,0,0,-0.004012851758141906,-0.0032134944570333113
2022-05-05,0.0,0.0,0.0,0,0,0,-0.004012851758141906,-0.0032134944570333113
2022-05-06,0.0,0.0,0.0,0,0,0,-0.004012851758141906,-0.0032134944570333113
2022-05-09,0.0,0.0,0.0,0,0,0,-0.004012851758141906,-0.0032134944570333113
2022-05-10,0.0,0.0,0.0,0,0,0,-0.004012851758141906,-0.0032134944570333113
2022-05-11,0.0,0.0,0.0,0,0,0,-0.004012851758141906,-0.0032134944570333113
2022-05-12,0.0,0.0,0.0,0,0,0,-0.004012851758141906,-0.0032134944570333113
2022-05-13,0.0,0.0,0.0,0,0,0,-0.004012851758141906,-0.0032134944570333113
2022-05-16,0.0,0.0,0.0,0,0,0,-0.004012851758141906,-0.0032134944570333113
2022-05-17,0.0,0.0,0.0,0,0,0,-0.004012851758141906,-0.0032134944570333113
2022-05-18,0.0,0.0,0.0,0,0,0,-0.004012851758141906,-0.0032134944570333113
2022-05-19,0.0,0.0,0.0,0,0,0,-0.004012851758141906,-0.0032134944570333113
2022-05-20,0.0,0.0,0.0,0,0,0,-0.004012851758141906,-0.0032134944570333113
2022-05-23,0.0,0.0,0.0,0,0,0,-0.004012851758141906,-0.0032134944570333113
2022-05-24,0.0,0.0,0.0,0,0,0,-0.004012851758141906,-0.0032134944570333113
2022-05-25,0.0,0.0,0.0,0,0,0,-0.004012851758141906,-0.0032134944570333113
2022-05-26,0.0,0.0,0.0,0,0,0,-0.004012851758141906,-0.0032134944570333113
2022-05-27,0.0,0.0,0.0,0,0,0,-0.004012851758141906,-0.0032134944570333113
2022-05-31,0.0,0.0,0.0,0,0,0,-0.004012851758141906,-0.0032134944570333113
2022-06-01,0.0,0.0,0.0,0,0,0,-0.004012851758141906,-0.0032134944570333113
2022-06-02,0.0,0.0,0.0,0,0,0,-0.004012851758141906,-0.0032134944570333113
2022-06-03,0.0,0.0,0.0,0,0,0,-0.004012851758141906,-0.0032134944570333113
2022-06-06,0.0,0.0,0.0,0,0,0,-0.004012851758141906,-0.0032134944570333113
2022-06-07,0.0,0.0,0.0,0,0,0,-0.004012851758141906,-0.0032134944570333113
2022-06-08,0.0,0.0,0.0,0,0,0,-0.004012851758141906,-0.0032134944570333113
2022-06-09,0.0,0.0,0.0,0,0,0,-0.004012851758141906,-0.0032134944570333113
2022-06-10,0.0,0.0,0.0,0,0,0,-0.004012851758141906,-0.0032134944570333113
2022-06-13,0.0,0.0,0.0,0,0,0,-0.004012851758141906,-0.0032134944570333113
2022-06-14,0.0,0.0,0.0,0,0,0,-0.004012851758141906,-0.0032134944570333113
2022-06-15,0.0,0.0,0.0,0,0,0,-0.004012851758141906,-0.0032134944570333113
2022-06-16,0.0,0.0,0.0,0,0,0,-0.004012851758141906,-0.0032134944570333113
2022-06-17,0.0,0.0,0.0,0,0,0,-0.004012851758141906,-0.0032134944570333113
2022-06-21,0.0,0.0,0.0,0,0,0,-0.004012851758141906,-0.0032134944570333113
2022-06-22,0.0,0.0,0.0,0,0,0,-0.004012851758141906,-0.0032134944570333113
2022-06-23,0.0,0.0,0.0,0,0,0,-0.004012851758141906,-0.0032134944570333113
2022-06-24,0.0,0.0,0.0,0,0,0,-0.004012851758141906,-0.0032134944570333113
2022-06-27,0.0,0.0,0.0,0,0,0,-0.004012851758141906,-0.0032134944570333113
2022-06-28,0.0,0.0,0.0,0,0,0,-0.004012851758141906,-0.0032134944570333113
2022-06-29,0.0,0.0,0.0,0,0,0,-0.004012851758141906,-0.0032134944570333113
2022-06-30,0.0,0.0,0.0,0,0,0,-0.004012851758141906,-0.0032134944570333113
2022-07-01,0.0,0.0,0.0,0,0,0,-0.004012851758141906,-0.0032134944570333113
2022-07-05,0.0,0.0,0.0,0,0,0,-0.004012851758141906,-0.0032134944570333113
2022-07-06,0.0,0.0,0.0,0,0,0,-0.004012851758141906,-0.0032134944570333113
2022-07-07,0.0,0.0,0.0,0,0,0,-0.004012851758141906,-0.0032134944570333113
2022-07-08,0.0,0.0,0.0,0,0,0,-0.004012851758141906,-0.0032134944570333113
2022-07-11,0.0,0.0,0.0,0,0,0,-0.004012851758141906,-0.0032134944570333113
2022-07-12,0.0,0.0,0.0,0,0,0,-0.004012851758141906,-0.0032134944570333113
2022-07-13,0.0,0.0,0.0,0,0,0,-0.004012851758141906,-0.0032134944570333113
2022-07-14,0.0,0.0,0.0,0,0,0,-0.004012851758141906,-0.0032134944570333113
2022-07-15,0.0,0.0,0.0,0,0,0,-0.004012851758141906,-0.0032134944570333113
2022-07-18,0.0,0.0,0.0,0,0,0,-0.004012851758141906,-0.0032134944570333113
2022-07-19,0.0,0.0,0.0,0,0,0,-0.004012851758141906,-0.0032134944570333113
2022-07-20,0.0,0.0,0.0,0,0,0,-0.004012851758141906,-0.0032134944570333113
2022-07-21,0.0,0.0,0.0,0,0,0,-0.004012851758141906,-0.0032134944570333113
2022-07-22,0.0,0.0,0.0,0,0,0,-0.004012851758141906,-0.0032134944570333113
2022-07-25,0.0,0.0,0.0,0,0,0,-0.004012851758141906,-0.0032134944570333113
2022-07-26,0.0,0.0,0.0,0,0,0,-0.004012851758141906,-0.0032134944570333113
2022-07-27,0.0,0.0,0.0,0,0,0,-0.004012851758141906,-0.0032134944570333113
2022-07-28,0.0,0.0,0.0,0,0,0,-0.004012851758141906,-0.0032134944570333113
2022-07-29,0.0,0.0,0.0,0,0,0,-0.004012851758141906,-0.0032134944570333113
2022-08-01,0.0,0.0,0.0,0,0,0,-0.004012851758141906,-0.0032134944570333113
2022-08-02,0.0,0.0,0.0,0,0,0,-0.004012851758141906,-0.0032134944570333113
2022-08-03,0.0,0.0,0.0,0,0,0,-0.004012851758141906,-0.0032134944570333113
2022-08-04,0.0,0.0,0.0,0,0,0,-0.004012851758141906,-0.0032134944570333113
2022-08-05,0.0,0.0,0.0,0,0,0,-0.004012851758141906,-0.0032134944570333113
2022-08-08,0.0,0.0,0.0,0,0,0,-0.004012851758141906,-0.0032134944570333113
2022-08-09,0.0,0.0,0.0,0,0,0,-0.004012851758141906,-0.0032134944570333113
2022-08-10,0.0,0.0,0.0,0,0,0,-0.004012851758141906,-0.0032134944570333113
2022-08-11,0.0,0.0,0.0,0,0,0,-0.004012851758141906,-0.0032134944570333113
2022-08-12,0.0,0.0,0.0,0,0,0,-0.004012851758141906,-0.0032134944570333113
2022-08-15,0.0,0.0,0.0,0,0,0,-0.004012851758141906,-0.0032134944570333113
2022-08-16,0.0,0.0,0.0,0,0,0,-0.004012851758141906,-0.0032134944570333113
2022-08-17,0.0,0.0,0.0,0,0,0,-0.004012851758141906,-0.0032134944570333113
2022-08-18,0.0,0.0,0.0,0,0,0,-0.004012851758141906,-0.0032134944570333113
2022-08-19,0.0,0.0,0.0,0,0,0,-0.004012851758141906,-0.0032134944570333113
2022-08-22,0.0,0.0,0.0,0,0,0,-0.004012851758141906,-0.0032134944570333113
2022-08-23,0.0,0.0,0.0,0,0,0,-0.004012851758141906,-0.0032134944570333113
2022-08-24,0.0,0.0,0.0,0,0,0,-0.004012851758141906,-0.0032134944570333113
2022-08-25,0.0,0.0,0.0,0,0,0,-0.004012851758141906,-0.0032134944570333113
2022-08-26,0.0,0.0,0.0,0,0,0,-0.004012851758141906,-0.0032134944570333113
2022-08-29,0.0,0.0,0.0,0,0,0,-0.004012851758141906,-0.0032134944570333113
2022-08-30,0.0,0.0,0.0,0,0,0,-0.004012851758141906,-0.0032134944570333113
2022-08-31,0.0,0.0,0.0,0,0,0,-0.004012851758141906,-0.0032134944570333113
2022-09-01,0.0,0.0,0.0,0,0,0,-0.004012851758141906,-0.0032134944570333113
2022-09-02,0.0,0.0,0.0,0,0,0,-0.004012851758141906,-0.0032134944570333113
2022-09-06,0.0,0.0,0.0,0,0,0,-0.004012851758141906,-0.0032134944570333113
2022-09-07,0.0,0.0,0.0,0,0,0,-0.004012851758141906,-0.0032134944570333113
2022-09-08,0.0,0.0,0.0,0,0,0,-0.004012851758141906,-0.0032134944570333113
2022-09-09,0.0,0.0,0.0,0,0,0,-0.004012851758141906,-0.0032134944570333113
2022-09-12,0.0,0.0,0.0,0,0,0,-0.004012851758141906,-0.0032134944570333113
2022-09-13,0.0,0.0,0.0,0,0,0,-0.004012851758141906,-0.0032134944570333113
2022-09-14,0.0,0.0,0.0,0,0,0,-0.004012851758141906,-0.0032134944570333113
2022-09-15,0.0,0.0,0.0,0,0,0,-0.004012851758141906,-0.0032134944570333113
2022-09-16,0.0,0.0,0.0,0,0,0,-0.004012851758141906,-0.0032134944570333113
2022-09-19,0.0,0.0,0.0,0,0,0,-0.004012851758141906,-0.0032134944570333113
2022-09-20,0.0,0.0,0.0,0,0,0,-0.004012851758141906,-0.0032134944570333113
2022-09-21,0.0,0.0,0.0,0,0,0,-0.004012851758141906,-0.0032134944570333113
2022-09-22,0.0,0.0,0.0,0,0,0,-0.004012851758141906,-0.0032134944570333113
2022-09-23,0.0,0.0,0.0,0,0,0,-0.004012851758141906,-0.0032134944570333113
2022-09-26,0.0,0.0,0.0,0,0,0,-0.004012851758141906,-0.0032134944570333113
2022-09-27,0.0,0.0,0.0,0,0,0,-0.004012851758141906,-0.0032134944570333113
2022-09-28,0.0,0.0,0.0,0,0,0,-0.004012851758141906,-0.0032134944570333113
2022-09-29,0.0,0.0,0.0,0,0,0,-0.004012851758141906,-0.0032134944570333113
2022-09-30,0.0,0.0,0.0,0,0,0,-0.004012851758141906,-0.0032134944570333113
2022-10-03,0.0,0.0,0.0,0,0,0,-0.004012851758141906,-0.0032134944570333113
2022-10-04,0.0,0.0,0.0,0,0,0,-0.004012851758141906,-0.0032134944570333113
2022-10-05,0.0,0.0,0.0,0,0,0,-0.004012851758141906,-0.0032134944570333113
2022-10-06,0.0,0.0,0.0,0,0,0,-0.004012851758141906,-0.0032134944570333113
2022-10-07,0.0,0.0,0.0,0,0,0,-0.004012851758141906,-0.0032134944570333113
2022-10-11,0.0,0.0,0.0,0,0,0,-0.004012851758141906,-0.0032134944570333113
2022-10-12,0.0,0.0,0.0,0,0,0,-0.004012851758141906,-0.0032134944570333113
2022-10-13,0.0,0.0,0.0,0,0,0,-0.004012851758141906,-0.0032134944570333113
2022-10-14,0.0,0.0,0.0,0,0,0,-0.004012851758141906,-0.0032134944570333113
2022-10-17,0.0,0.0,0.0,0,0,0,-0.004012851758141906,-0.0032134944570333113
2022-10-18,0.0,0.0,0.0,0,0,0,-0.004012851758141906,-0.0032134944570333113
2022-10-19,0.0,0.0,0.0,0,0,0,-0.004012851758141906,-0.0032134944570333113
2022-10-20,0.0,0.0,0.0,0,0,0,-0.004012851758141906,-0.0032134944570333113
2022-10-21,0.0,0.0,0.0,0,0,0,-0.004012851758141906,-0.0032134944570333113
2022-10-24,0.0,0.0,0.0,0,0,0,-0.004012851758141906,-0.0032134944570333113
2022-10-25,0.0,0.0,0.0,0,0,0,-0.004012851758141906,-0.0032134944570333113
2022-10-26,0.0,0.0,0.0,0,0,0,-0.004012851758141906,-0.0032134944570333113
2022-10-27,0.0,0.0,0.0,0,0,0,-0.004012851758141906,-0.0032134944570333113
2022-10-28,0.0,0.0,0.0,0,0,0,-0.004012851758141906,-0.0032134944570333113
2022-10-31,0.0,0.0,0.0,0,0,0,-0.004012851758141906,-0.0032134944570333113
2022-11-01,0.0,0.0,0.0,0,0,0,-0.004012851758141906,-0.0032134944570333113
2022-11-02,0.0,0.0,0.0,0,0,0,-0.004012851758141906,-0.0032134944570333113
2022-11-03,0.0,0.0,0.0,0,0,0,-0.004012851758141906,-0.0032134944570333113
2022-11-04,0.0,0.0,0.0,0,0,0,-0.004012851758141906,-0.0032134944570333113
2022-11-07,0.0,0.0,0.0,0,0,0,-0.004012851758141906,-0.0032134944570333113
2022-11-08,0.0,0.0,0.0,0,0,0,-0.004012851758141906,-0.0032134944570333113
2022-11-09,0.0,0.0,0.0,0,0,0,-0.004012851758141906,-0.0032134944570333113
2022-11-10,0.0,0.0,0.0,0,0,0,-0.004012851758141906,-0.0032134944570333113
2022-11-14,0.0,0.0,0.0,0,0,0,-0.004012851758141906,-0.0032134944570333113
2022-11-15,0.0,0.0,0.0,0,0,0,-0.004012851758141906,-0.0032134944570333113
2022-11-16,0.0,0.0,0.0,0,0,0,-0.004012851758141906,-0.0032134944570333113
2022-11-17,0.0,0.0,0.0,0,0,0,-0.004012851758141906,-0.0032134944570333113
2022-11-18,0.0,0.0,0.0,0,0,0,-0.004012851758141906,-0.0032134944570333113
2022-11-21,0.0,0.0,0.0,0,0,0,-0.004012851758141906,-0.0032134944570333113
2022-11-22,0.0,0.0,0.0,0,0,0,-0.004012851758141906,-0.0032134944570333113
2022-11-23,0.0,0.0,0.0,0,0,0,-0.004012851758141906,-0.0032134944570333113
2022-11-25,0.0,0.0,0.0,0,0,0,-0.004012851758141906,-0.0032134944570333113
2022-11-28,0.0,0.0,0.0,0,0,0,-0.004012851758141906,-0.0032134944570333113
2022-11-29,0.0,0.0,0.0,0,0,0,-0.004012851758141906,-0.0032134944570333113
2022-11-30,0.0,0.0,0.0,0,0,0,-0.004012851758141906,-0.0032134944570333113
2022-12-01,0.0,0.0,0.0,0,0,0,-0.004012851758141906,-0.0032134944570333113
2022-12-02,0.0,0.0,0.0,0,0,0,-0.004012851758141906,-0.0032134944570333113
2022-12-05,0.0,0.0,0.0,0,0,0,-0.004012851758141906,-0.0032134944570333113
2022-12-06,0.0,0.0,0.0,0,0,0,-0.004012851758141906,-0.0032134944570333113
2022-12-07,0.0,0.0,0.0,0,0,0,-0.004012851758141906,-0.0032134944570333113
2022-12-08,0.0,0.0,0.0,0,0,0,-0.004012851758141906,-0.0032134944570333113
2022-12-09,0.0,0.0,0.0,0,0,0,-0.004012851758141906,-0.0032134944570333113
2022-12-12,0.0,0.0,0.0,0,0,0,-0.004012851758141906,-0.0032134944570333113
2022-12-13,0.0,0.0,0.0,0,0,0,-0.004012851758141906,-0.0032134944570333113
2022-12-14,0.0,0.0,0.0,0,0,0,-0.004012851758141906,-0.0032134944570333113
2022-12-15,0.0,0.0,0.0,0,0,0,-0.004012851758141906,-0.0032134944570333113
2022-12-16,0.0,0.0,0.0,0,0,0,-0.004012851758141906,-0.0032134944570333113
2022-12-19,0.0,0.0,0.0,0,0,0,-0.004012851758141906,-0.0032134944570333113
2022-12-20,0.0,0.0,0.0,0,0,0,-0.004012851758141906,-0.0032134944570333113
2022-12-21,0.0,0.0,0.0,0,0,0,-0.004012851758141906,-0.0032134944570333113
2022-12-22,0.0,0.0,0.0,0,0,0,-0.004012851758141906,-0.0032134944570333113
2022-12-23,0.0,0.0,0.0,0,0,0,-0.004012851758141906,-0.0032134944570333113
2022-12-27,0.0,0.0,0.0,0,0,0,-0.004012851758141906,-0.0032134944570333113
2022-12-28,0.0,0.0,0.0,0,0,0,-0.004012851758141906,-0.0032134944570333113
2022-12-29,0.0,0.0,0.0,0,0,0,-0.004012851758141906,-0.0032134944570333113
2022-12-30,0.0,0.0,0.0,0,0,0,-0.004012851758141906,-0.0032134944570333113
2023-01-03,0.0,0.0,0.0,0,0,0,-0.004012851758141906,-0.0032134944570333113
2023-01-04,0.0,0.0,0.0,0,0,0,-0.004012851758141906,-0.0032134944570333113
2023-01-05,0.0,0.0,0.0,0,0,0,-0.004012851758141906,-0.0032134944570333113
2023-01-06,0.0,0.0,0.0,0,0,0,-0.004012851758141906,-0.0032134944570333113
2023-01-09,0.0,0.0,0.0,0,0,0,-0.004012851758141906,-0.0032134944570333113
2023-01-10,0.0,0.0,0.0,0,0,0,-0.004012851758141906,-0.0032134944570333113
2023-01-11,0.0,0.0,0.0,0,0,0,-0.004012851758141906,-0.0032134944570333113
2023-01-12,0.0,0.0,0.0,0,0,0,-0.004012851758141906,-0.0032134944570333113
2023-01-13,0.0,0.0,0.0,0,0,0,-0.004012851758141906,-0.0032134944570333113
2023-01-17,0.0,0.0,0.0,0,0,0,-0.004012851758141906,-0.0032134944570333113
2023-01-18,0.0,0.0,0.0,0,0,0,-0.004012851758141906,-0.0032134944570333113
2023-01-19,0.0,0.0,0.0,0,0,0,-0.004012851758141906,-0.0032134944570333113
2023-01-20,0.0,0.0,0.0,0,0,0,-0.004012851758141906,-0.0032134944570333113
2023-01-23,0.0,0.0,0.0,0,0,0,-0.004012851758141906,-0.0032134944570333113
2023-01-24,0.0,0.0,0.0,0,0,0,-0.004012851758141906,-0.0032134944570333113
2023-01-25,0.0,0.0,0.0,0,0,0,-0.004012851758141906,-0.0032134944570333113
2023-01-26,0.0,0.0,0.0,0,0,0,-0.004012851758141906,-0.0032134944570333113
2023-01-27,0.0,0.0,0.0,0,0,0,-0.004012851758141906,-0.0032134944570333113
2023-01-30,0.0,0.0,0.0,0,0,0,-0.004012851758141906,-0.0032134944570333113
2023-01-31,0.0,0.0,0.0,0,0,0,-0.004012851758141906,-0.0032134944570333113
2023-02-01,0.0,0.0,0.0,0,0,0,-0.004012851758141906,-0.0032134944570333113
2023-02-02,0.0,0.0,0.0,0,0,0,-0.004012851758141906,-0.0032134944570333113
2023-02-03,0.0,0.0,0.0,0,0,0,-0.004012851758141906,-0.0032134944570333113
2023-02-06,0.0,0.0,0.0,0,0,0,-0.004012851758141906,-0.0032134944570333113
2023-02-07,0.0,0.0,0.0,0,0,0,-0.004012851758141906,-0.0032134944570333113
2023-02-08,0.0,0.0,0.0,0,0,0,-0.004012851758141906,-0.0032134944570333113
2023-02-09,0.0,0.0,0.0,0,0,0,-0.004012851758141906,-0.0032134944570333113
2023-02-10,0.0,0.0,0.0,0,0,0,-0.004012851758141906,-0.0032134944570333113
2023-02-13,0.0,0.0,0.0,0,0,0,-0.004012851758141906,-0.0032134944570333113
2023-02-14,0.0,0.0,0.0,0,0,0,-0.004012851758141906,-0.0032134944570333113
2023-02-15,0.0,0.0,0.0,0,0,0,-0.004012851758141906,-0.0032134944570333113
2023-02-16,0.0,0.0,0.0,0,0,0,-0.004012851758141906,-0.0032134944570333113
2023-02-17,0.0,0.0,0.0,0,0,0,-0.004012851758141906,-0.0032134944570333113
2023-02-21,0.0,0.0,0.0,0,0,0,-0.004012851758141906,-0.0032134944570333113
2023-02-22,0.0,0.0,0.0,0,0,0,-0.004012851758141906,-0.0032134944570333113
2023-02-23,0.0,0.0,0.0,0,0,0,-0.004012851758141906,-0.0032134944570333113
2023-02-24,0.0,0.0,0.0,0,0,0,-0.004012851758141906,-0.0032134944570333113
2023-02-27,0.0,0.0,0.0,0,0,0,-0.004012851758141906,-0.0032134944570333113
2023-02-28,0.0,0.0,0.0,0,0,0,-0.004012851758141906,-0.0032134944570333113
2023-03-01,0.0,0.0,0.0,0,0,0,-0.004012851758141906,-0.0032134944570333113
2023-03-02,0.0,0.0,0.0,0,0,0,-0.004012851758141906,-0.0032134944570333113
2023-03-03,0.0,0.0,0.0,0,0,0,-0.004012851758141906,-0.0032134944570333113
2023-03-06,0.0,0.0,0.0,0,0,0,-0.004012851758141906,-0.0032134944570333113
2023-03-07,0.0,0.0,0.0,0,0,0,-0.004012851758141906,-0.0032134944570333113
2023-03-08,0.0,0.0,0.0,0,0,0,-0.004012851758141906,-0.0032134944570333113
2023-03-09,0.0,0.0,0.0,0,0,0,-0.004012851758141906,-0.0032134944570333113
2023-03-10,0.0,0.0,0.0,0,0,0,-0.004012851758141906,-0.0032134944570333113
2023-03-13,0.0,0.0,0.0,0,0,0,-0.004012851758141906,-0.0032134944570333113
2023-03-14,0.0,0.0,0.0,0,0,0,-0.004012851758141906,-0.0032134944570333113
2023-03-15,0.0,0.0,0.0,0,0,0,-0.004012851758141906,-0.0032134944570333113
2023-03-16,0.0,0.0,0.0,0,0,0,-0.004012851758141906,-0.0032134944570333113
2023-03-17,0.0,0.0,0.0,0,0,0,-0.004012851758141906,-0.0032134944570333113
2023-03-20,0.0,0.0,0.0,0,0,0,-0.004012851758141906,-0.0032134944570333113
2023-03-21,0.0,0.0,0.0,0,0,0,-0.004012851758141906,-0.0032134944570333113
2023-03-22,0.0,0.0,0.0,0,0,0,-0.004012851758141906,-0.0032134944570333113
2023-03-23,0.0,0.0,0.0,0,0,0,-0.004012851758141906,-0.0032134944570333113
2023-03-24,0.0,0.0,0.0,0,0,0,-0.004012851758141906,-0.0032134944570333113
2023-03-27,0.0,0.0,0.0,0,0,0,-0.004012851758141906,-0.0032134944570333113
2023-03-28,0.0,0.0,0.0,0,0,0,-0.004012851758141906,-0.0032134944570333113
2023-03-29,0.0,0.0,0.0,0,0,0,-0.004012851758141906,-0.0032134944570333113
2023-03-30,0.0,0.0,0.0,0,0,0,-0.004012851758141906,-0.0032134944570333113
2023-03-31,0.0,0.0,0.0,0,0,0,-0.004012851758141906,-0.0032134944570333113
2023-04-03,0.0,0.0,0.0,0,0,0,-0.004012851758141906,-0.0032134944570333113
2023-04-04,0.0,0.0,0.0,0,0,0,-0.004012851758141906,-0.0032134944570333113
2023-04-05,0.0,0.0,0.0,0,0,0,-0.004012851758141906,-0.0032134944570333113
2023-04-06,0.0,0.0,0.0,0,0,0,-0.004012851758141906,-0.0032134944570333113
2023-04-07,0.0,0.0,0.0,0,0,0,-0.004012851758141906,-0.0032134944570333113
2023-04-10,0.0,0.0,0.0,0,0,0,-0.004012851758141906,-0.0032134944570333113
2023-04-11,0.0,0.0,0.0,0,0,0,-0.004012851758141906,-0.0032134944570333113
2023-04-12,0.0,0.0,0.0,0,0,0,-0.004012851758141906,-0.0032134944570333113
2023-04-13,0.0,0.0,0.0,0,0,0,-0.004012851758141906,-0.0032134944570333113
2023-04-14,0.0,0.0,0.0,0,0,0,-0.004012851758141906,-0.0032134944570333113
2023-04-17,0.0,0.0,0.0,0,0,0,-0.004012851758141906,-0.0032134944570333113
2023-04-18,0.0,0.0,0.0,0,0,0,-0.004012851758141906,-0.0032134944570333113
2023-04-19,0.0,0.0,0.0,0,0,0,-0.004012851758141906,-0.0032134944570333113
2023-04-20,0.0,0.0,0.0,0,0,0,-0.004012851758141906,-0.0032134944570333113
2023-04-21,0.0,0.0,0.0,0,0,0,-0.004012851758141906,-0.0032134944570333113
2023-04-24,0.0,0.0,0.0,0,0,0,-0.004012851758141906,-0.0032134944570333113
2023-04-25,0.0,0.0,0.0,0,0,0,-0.004012851758141906,-0.0032134944570333113
2023-04-26,0.0,0.0,0.0,0,0,0,-0.004012851758141906,-0.0032134944570333113
2023-04-27,0.0,0.0,0.0,0,0,0,-0.004012851758141906,-0.0032134944570333113
2023-04-28,0.0,0.0,0.0,0,0,0,-0.004012851758141906,-0.0032134944570333113
2023-05-01,0.0,0.0,0.0,0,0,0,-0.004012851758141906,-0.0032134944570333113
2023-05-02,0.0,0.0,0.0,0,0,0,-0.004012851758141906,-0.0032134944570333113
2023-05-03,0.0,0.0,0.0,0,0,0,-0.004012851758141906,-0.0032134944570333113
2023-05-04,0.0,0.0,0.0,0,0,0,-0.004012851758141906,-0.0032134944570333113
2023-05-05,0.0,0.0,0.0,0,0,0,-0.004012851758141906,-0.0032134944570333113
2023-05-08,0.0,0.0,0.0,0,0,0,-0.004012851758141906,-0.0032134944570333113
2023-05-09,0.0,0.0,0.0,0,0,0,-0.004012851758141906,-0.0032134944570333113
2023-05-10,0.0,0.0,0.0,0,0,0,-0.004012851758141906,-0.0032134944570333113
2023-05-11,0.0,0.0,0.0,0,0,0,-0.004012851758141906,-0.0032134944570333113
2023-05-12,0.0,0.0,0.0,0,0,0,-0.004012851758141906,-0.0032134944570333113
2023-05-15,0.0,0.0,0.0,0,0,0,-0.004012851758141906,-0.0032134944570333113
2023-05-16,0.0,0.0,0.0,0,0,0,-0.004012851758141906,-0.0032134944570333113
2023-05-17,0.0,0.0,0.0,0,0,0,-0.004012851758141906,-0.0032134944570333113
2023-05-18,0.0,0.0,0.0,0,0,0,-0.004012851758141906,-0.0032134944570333113
2023-05-19,0.0,0.0,0.0,0,0,0,-0.004012851758141906,-0.0032134944570333113
2023-05-22,0.0,0.0,0.0,0,0,0,-0.004012851758141906,-0.0032134944570333113
2023-05-23,0.0,0.0,0.0,0,0,0,-0.004012851758141906,-0.0032134944570333113
2023-05-24,0.0,0.0,0.0,0,0,0,-0.004012851758141906,-0.0032134944570333113
2023-05-25,0.0,0.0,0.0,0,0,0,-0.004012851758141906,-0.0032134944570333113
2023-05-26,0.0,0.0,0.0,0,0,0,-0.004012851758141906,-0.0032134944570333113
2023-05-30,0.0,0.0,0.0,0,0,0,-0.004012851758141906,-0.0032134944570333113
2023-05-31,0.0,0.0,0.0,0,0,0,-0.004012851758141906,-0.0032134944570333113
2023-06-01,0.0,0.0,0.0,0,0,0,-0.004012851758141906,-0.0032134944570333113
2023-06-02,0.0,0.0,0.0,0,0,0,-0.004012851758141906,-0.0032134944570333113
2023-06-05,0.0,0.0,0.0,0,0,0,-0.004012851758141906,-0.0032134944570333113
2023-06-06,0.0,0.0,0.0,0,0,0,-0.004012851758141906,-0.0032134944570333113
2023-06-07,0.0,0.0,0.0,0,0,0,-0.004012851758141906,-0.0032134944570333113
2023-06-08,0.0,0.0,0.0,0,0,0,-0.004012851758141906,-0.0032134944570333113
2023-06-09,0.0,0.0,0.0,0,0,0,-0.004012851758141906,-0.0032134944570333113
2023-06-12,0.0,0.0,0.0,0,0,0,-0.004012851758141906,-0.0032134944570333113
2023-06-13,0.0,0.0,0.0,0,0,0,-0.004012851758141906,-0.0032134944570333113
2023-06-14,0.0,0.0,0.0,0,0,0,-0.004012851758141906,-0.0032134944570333113
2023-06-15,0.0,0.0,0.0,0,0,0,-0.004012851758141906,-0.0032134944570333113
2023-06-16,0.0,0.0,0.0,0,0,0,-0.004012851758141906,-0.0032134944570333113
2023-06-20,0.0,0.0,0.0,0,0,0,-0.004012851758141906,-0.0032134944570333113
2023-06-21,0.0,0.0,0.0,0,0,0,-0.004012851758141906,-0.0032134944570333113
2023-06-22,0.0,0.0,0.0,0,0,0,-0.004012851758141906,-0.0032134944570333113
2023-06-23,0.0,0.0,0.0,0,0,0,-0.004012851758141906,-0.0032134944570333113
2023-06-26,0.0,0.0,0.0,0,0,0,-0.004012851758141906,-0.0032134944570333113
2023-06-27,0.0,0.0,0.0,0,0,0,-0.004012851758141906,-0.0032134944570333113
2023-06-28,0.0,0.0,0.0,0,0,0,-0.004012851758141906,-0.0032134944570333113
2023-06-29,0.0,0.0,0.0,0,0,0,-0.004012851758141906,-0.0032134944570333113
2023-06-30,0.0,0.0,0.0,0,0,0,-0.004012851758141906,-0.0032134944570333113
2023-07-03,0.0,0.0,0.0,0,0,0,-0.004012851758141906,-0.0032134944570333113
2023-07-05,0.0,0.0,0.0,0,0,0,-0.004012851758141906,-0.0032134944570333113
2023-07-06,0.0,0.0,0.0,0,0,0,-0.004012851758141906,-0.0032134944570333113
2023-07-07,0.0,0.0,0.0,0,0,0,-0.004012851758141906,-0.0032134944570333113
2023-07-10,0.0,0.0,0.0,0,0,0,-0.004012851758141906,-0.0032134944570333113
2023-07-11,0.0,0.0,0.0,0,0,0,-0.004012851758141906,-0.0032134944570333113
2023-07-12,0.0,0.0,0.0,0,0,0,-0.004012851758141906,-0.0032134944570333113
2023-07-13,0.0,0.0,0.0,0,0,0,-0.004012851758141906,-0.0032134944570333113
2023-07-14,0.0,0.0,0.0,0,0,0,-0.004012851758141906,-0.0032134944570333113
2023-07-17,0.0,0.0,0.0,0,0,0,-0.004012851758141906,-0.0032134944570333113
2023-07-18,0.0,0.0,0.0,0,0,0,-0.004012851758141906,-0.0032134944570333113
2023-07-19,0.0,0.0,0.0,0,0,0,-0.004012851758141906,-0.0032134944570333113
2023-07-20,0.0,0.0,0.0,0,0,0,-0.004012851758141906,-0.0032134944570333113
2023-07-21,0.0,0.0,0.0,0,0,0,-0.004012851758141906,-0.0032134944570333113
2023-07-24,0.0,0.0,0.0,0,0,0,-0.004012851758141906,-0.0032134944570333113
2023-07-25,0.0,0.0,0.0,0,0,0,-0.004012851758141906,-0.0032134944570333113
2023-07-26,0.0,0.0,0.0,0,0,0,-0.004012851758141906,-0.0032134944570333113
2023-07-27,0.0,0.0,0.0,0,0,0,-0.004012851758141906,-0.0032134944570333113
2023-07-28,0.0,0.0,0.0,0,0,0,-0.004012851758141906,-0.0032134944570333113
2023-07-31,0.0,0.0,0.0,0,0,0,-0.004012851758141906,-0.0032134944570333113
2023-08-01,0.0,0.0,0.0,0,0,0,-0.004012851758141906,-0.0032134944570333113
2023-08-02,0.0,0.0,0.0,0,0,0,-0.004012851758141906,-0.0032134944570333113
2023-08-03,0.0,0.0,0.0,0,0,0,-0.004012851758141906,-0.0032134944570333113
2023-08-04,0.0,0.0,0.0,0,0,0,-0.004012851758141906,-0.0032134944570333113
2023-08-07,0.0,0.0,0.0,0,0,0,-0.004012851758141906,-0.0032134944570333113
2023-08-08,0.0,0.0,0.0,0,0,0,-0.004012851758141906,-0.0032134944570333113
2023-08-09,0.0,0.0,0.0,0,0,0,-0.004012851758141906,-0.0032134944570333113
2023-08-10,0.0,0.0,0.0,0,0,0,-0.004012851758141906,-0.0032134944570333113
2023-08-11,0.0,0.0,0.0,0,0,0,-0.004012851758141906,-0.0032134944570333113
2023-08-14,0.0,0.0,0.0,0,0,0,-0.004012851758141906,-0.0032134944570333113
2023-08-15,0.0,0.0,0.0,0,0,0,-0.004012851758141906,-0.0032134944570333113
2023-08-16,0.0,0.0,0.0,0,0,0,-0.004012851758141906,-0.0032134944570333113
2023-08-17,0.0,0.0,0.0,0,0,0,-0.004012851758141906,-0.0032134944570333113
2023-08-18,0.0,0.0,0.0,0,0,0,-0.004012851758141906,-0.0032134944570333113
2023-08-21,0.0,0.0,0.0,0,0,0,-0.004012851758141906,-0.0032134944570333113
2023-08-22,0.0,0.0,0.0,0,0,0,-0.004012851758141906,-0.0032134944570333113
2023-08-23,0.0,0.0,0.0,0,0,0,-0.004012851758141906,-0.0032134944570333113
2023-08-24,0.0,0.0,0.0,0,0,0,-0.004012851758141906,-0.0032134944570333113
2023-08-25,0.0,0.0,0.0,0,0,0,-0.004012851758141906,-0.0032134944570333113
2023-08-28,0.0,0.0,0.0,0,0,0,-0.004012851758141906,-0.0032134944570333113
2023-08-29,0.0,0.0,0.0,0,0,0,-0.004012851758141906,-0.0032134944570333113
2023-08-30,0.0,0.0,0.0,0,0,0,-0.004012851758141906,-0.0032134944570333113
2023-08-31,0.0,0.0,0.0,0,0,0,-0.004012851758141906,-0.0032134944570333113
2023-09-01,0.0,0.0,0.0,0,0,0,-0.004012851758141906,-0.0032134944570333113
2023-09-05,0.0,0.0,0.0,0,0,0,-0.004012851758141906,-0.0032134944570333113
2023-09-06,0.0,0.0,0.0,0,0,0,-0.004012851758141906,-0.0032134944570333113
2023-09-07,0.0,0.0,0.0,0,0,0,-0.004012851758141906,-0.0032134944570333113
2023-09-08,0.0,0.0,0.0,0,0,0,-0.004012851758141906,-0.0032134944570333113
2023-09-11,0.0,0.0,0.0,0,0,0,-0.004012851758141906,-0.0032134944570333113
2023-09-12,0.0,0.0,0.0,0,0,0,-0.004012851758141906,-0.0032134944570333113
2023-09-13,0.0,0.0,0.0,0,0,0,-0.004012851758141906,-0.0032134944570333113
2023-09-14,0.0,0.0,0.0,0,0,0,-0.004012851758141906,-0.0032134944570333113
2023-09-15,0.0,0.0,0.0,0,0,0,-0.004012851758141906,-0.0032134944570333113
2023-09-18,0.0,0.0,0.0,0,0,0,-0.004012851758141906,-0.0032134944570333113
2023-09-19,0.0,0.0,0.0,0,0,0,-0.004012851758141906,-0.0032134944570333113
2023-09-20,0.0,0.0,0.0,0,0,0,-0.004012851758141906,-0.0032134944570333113
2023-09-21,0.0,0.0,0.0,0,0,0,-0.004012851758141906,-0.0032134944570333113
2023-09-22,0.0,0.0,0.0,0,0,0,-0.004012851758141906,-0.0032134944570333113
2023-09-25,0.0,0.0,0.0,0,0,0,-0.004012851758141906,-0.0032134944570333113
2023-09-26,0.0,0.0,0.0,0,0,0,-0.004012851758141906,-0.0032134944570333113
2023-09-27,0.0,0.0,0.0,0,0,0,-0.004012851758141906,-0.0032134944570333113
2023-09-28,0.0,0.0,0.0,0,0,0,-0.004012851758141906,-0.0032134944570333113
2023-09-29,0.0,0.0,0.0,0,0,0,-0.004012851758141906,-0.0032134944570333113
2023-10-02,0.0,0.0,0.0,0,0,0,-0.004012851758141906,-0.0032134944570333113
2023-10-03,0.0,0.0,0.0,0,0,0,-0.004012851758141906,-0.0032134944570333113
2023-10-04,0.0,0.0,0.0,0,0,0,-0.004012851758141906,-0.0032134944570333113
2023-10-05,0.0,0.0,0.0,0,0,0,-0.004012851758141906,-0.0032134944570333113
2023-10-06,0.0,0.0,0.0,0,0,0,-0.004012851758141906,-0.0032134944570333113
2023-10-10,0.0,0.0,0.0,0,0,0,-0.004012851758141906,-0.0032134944570333113
2023-10-11,0.0,0.0,0.0,0,0,0,-0.004012851758141906,-0.0032134944570333113
2023-10-12,0.0,0.0,0.0,0,0,0,-0.004012851758141906,-0.0032134944570333113
2023-10-13,0.0,0.0,0.0,0,0,0,-0.004012851758141906,-0.0032134944570333113
2023-10-16,0.0,0.0,0.0,0,0,0,-0.004012851758141906,-0.0032134944570333113
2023-10-17,0.0,0.0,0.0,0,0,0,-0.004012851758141906,-0.0032134944570333113
2023-10-18,0.0,0.0,0.0,0,0,0,-0.004012851758141906,-0.0032134944570333113
2023-10-19,0.0,0.0,0.0,0,0,0,-0.004012851758141906,-0.0032134944570333113
2023-10-20,0.0,0.0,0.0,0,0,0,-0.004012851758141906,-0.0032134944570333113
2023-10-23,0.0,0.0,0.0,0,0,0,-0.004012851758141906,-0.0032134944570333113
2023-10-24,0.0,0.0,0.0,0,0,0,-0.004012851758141906,-0.0032134944570333113
2023-10-25,0.0,0.0,0.0,0,0,0,-0.004012851758141906,-0.0032134944570333113
2023-10-26,0.0,0.0,0.0,0,0,0,-0.004012851758141906,-0.0032134944570333113
2023-10-27,0.0,0.0,0.0,0,0,0,-0.004012851758141906,-0.0032134944570333113
2023-10-30,0.0,0.0,0.0,0,0,0,-0.004012851758141906,-0.0032134944570333113
2023-10-31,0.0,0.0,0.0,0,0,0,-0.004012851758141906,-0.0032134944570333113
2023-11-01,0.0,0.0,0.0,0,0,0,-0.004012851758141906,-0.0032134944570333113
2023-11-02,0.0,0.0,0.0,0,0,0,-0.004012851758141906,-0.0032134944570333113
2023-11-03,0.0,0.0,0.0,0,0,0,-0.004012851758141906,-0.0032134944570333113
2023-11-06,0.0,0.0,0.0,0,0,0,-0.004012851758141906,-0.0032134944570333113
2023-11-07,0.0,0.0,0.0,0,0,0,-0.004012851758141906,-0.0032134944570333113
2023-11-08,0.0,0.0,0.0,0,0,0,-0.004012851758141906,-0.0032134944570333113
2023-11-09,0.0,0.0,0.0,0,0,0,-0.004012851758141906,-0.0032134944570333113
2023-11-13,0.0,0.0,0.0,0,0,0,-0.004012851758141906,-0.0032134944570333113
2023-11-14,0.0,0.0,0.0,0,0,0,-0.004012851758141906,-0.0032134944570333113
2023-11-15,0.0,0.0,0.0,0,0,0,-0.004012851758141906,-0.0032134944570333113
2023-11-16,0.0,0.0,0.0,0,0,0,-0.004012851758141906,-0.0032134944570333113
2023-11-17,0.0,0.0,0.0,0,0,0,-0.004012851758141906,-0.0032134944570333113
2023-11-20,0.0,0.0,0.0,0,0,0,-0.004012851758141906,-0.0032134944570333113
2023-11-21,0.0,0.0,0.0,0,0,0,-0.004012851758141906,-0.0032134944570333113
2023-11-22,0.0,0.0,0.0,0,0,0,-0.004012851758141906,-0.0032134944570333113
2023-11-24,0.0,0.0,0.0,0,0,0,-0.004012851758141906,-0.0032134944570333113
2023-11-27,0.0,0.0,0.0,0,0,0,-0.004012851758141906,-0.0032134944570333113
2023-11-28,0.0,0.0,0.0,0,0,0,-0.004012851758141906,-0.0032134944570333113
2023-11-29,0.0,0.0,0.0,0,0,0,-0.004012851758141906,-0.0032134944570333113
2023-11-30,0.0,0.0,0.0,0,0,0,-0.004012851758141906,-0.0032134944570333113
2023-12-01,0.0,0.0,0.0,0,0,0,-0.004012851758141906,-0.0032134944570333113
2023-12-04,0.0,0.0,0.0,0,0,0,-0.004012851758141906,-0.0032134944570333113
2023-12-05,0.0,0.0,0.0,0,0,0,-0.004012851758141906,-0.0032134944570333113
2023-12-06,0.0,0.0,0.0,0,0,0,-0.004012851758141906,-0.0032134944570333113
2023-12-07,0.0,0.0,0.0,0,0,0,-0.004012851758141906,-0.0032134944570333113
2023-12-08,0.0,0.0,0.0,0,0,0,-0.004012851758141906,-0.0032134944570333113
2023-12-11,0.0,0.0,0.0,0,0,0,-0.004012851758141906,-0.0032134944570333113
2023-12-12,0.0,0.0,0.0,0,0,0,-0.004012851758141906,-0.0032134944570333113
2023-12-13,0.0,0.0,0.0,0,0,0,-0.004012851758141906,-0.0032134944570333113
2023-12-14,0.0,0.0,0.0,0,0,0,-0.004012851758141906,-0.0032134944570333113
2023-12-15,0.0,0.0,0.0,0,0,0,-0.004012851758141906,-0.0032134944570333113
2023-12-18,0.0,0.0,0.0,0,0,0,-0.004012851758141906,-0.0032134944570333113
2023-12-19,0.0,0.0,0.0,0,0,0,-0.004012851758141906,-0.0032134944570333113
2023-12-20,0.0,0.0,0.0,0,0,0,-0.004012851758141906,-0.0032134944570333113
2023-12-21,0.0,0.0,0.0,0,0,0,-0.004012851758141906,-0.0032134944570333113
2023-12-22,0.0,0.0,0.0,0,0,0,-0.004012851758141906,-0.0032134944570333113
2023-12-26,0.0,0.0,0.0,0,0,0,-0.004012851758141906,-0.0032134944570333113
2023-12-27,0.0,0.0,0.0,0,0,0,-0.004012851758141906,-0.0032134944570333113
2023-12-28,0.0,0.0,0.0,0,0,0,-0.004012851758141906,-0.0032134944570333113
2023-12-29,0.0,0.0,0.0,0,0,0,-0.004012851758141906,-0.0032134944570333113
2024-01-02,0.0,0.0,0.0,0,0,0,-0.004012851758141906,-0.0032134944570333113
2024-01-03,0.0,0.0,0.0,0,0,0,-0.004012851758141906,-0.0032134944570333113
2024-01-04,0.0,0.0,0.0,0,0,0,-0.004012851758141906,-0.0032134944570333113
2024-01-05,0.0,0.0,0.0,0,0,0,-0.004012851758141906,-0.0032134944570333113
2024-01-08,0.0,0.0,0.0,0,0,0,-0.004012851758141906,-0.0032134944570333113
2024-01-09,0.0,0.0,0.0,0,0,0,-0.004012851758141906,-0.0032134944570333113
2024-01-10,0.0,0.0,0.0,0,0,0,-0.004012851758141906,-0.0032134944570333113
2024-01-11,0.0,0.0,0.0,0,0,0,-0.004012851758141906,-0.0032134944570333113
2024-01-12,0.0,0.0,0.0,0,0,0,-0.004012851758141906,-0.0032134944570333113
2024-01-16,0.0,0.0,0.0,0,0,0,-0.004012851758141906,-0.0032134944570333113
2024-01-17,0.0,0.0,0.0,0,0,0,-0.004012851758141906,-0.0032134944570333113
2024-01-18,0.0,0.0,0.0,0,0,0,-0.004012851758141906,-0.0032134944570333113
2024-01-19,0.0,0.0,0.0,0,0,0,-0.004012851758141906,-0.0032134944570333113
2024-01-22,0.0,0.0,0.0,0,0,0,-0.004012851758141906,-0.0032134944570333113
2024-01-23,0.0,0.0,0.0,0,0,0,-0.004012851758141906,-0.0032134944570333113
2024-01-24,0.0,0.0,0.0,0,0,0,-0.004012851758141906,-0.0032134944570333113
2024-01-25,0.0,0.0,0.0,0,0,0,-0.004012851758141906,-0.0032134944570333113
2024-01-26,0.0,0.0,0.0,0,0,0,-0.004012851758141906,-0.0032134944570333113
2024-01-29,0.0,0.0,0.0,0,0,0,-0.004012851758141906,-0.0032134944570333113
2024-01-30,0.0,0.0,0.0,0,0,0,-0.004012851758141906,-0.0032134944570333113
2024-01-31,0.0,0.0,0.0,0,0,0,-0.004012851758141906,-0.0032134944570333113
2024-02-01,0.0,0.0,0.0,0,0,0,-0.004012851758141906,-0.0032134944570333113
2024-02-02,0.0,0.0,0.0,0,0,0,-0.004012851758141906,-0.0032134944570333113
2024-02-05,0.0,0.0,0.0,0,0,0,-0.004012851758141906,-0.0032134944570333113
2024-02-06,0.0,0.0,0.0,0,0,0,-0.004012851758141906,-0.0032134944570333113
2024-02-07,0.0,0.0,0.0,0,0,0,-0.004012851758141906,-0.0032134944570333113
2024-02-08,0.0,0.0,0.0,0,0,0,-0.004012851758141906,-0.0032134944570333113
2024-02-09,0.0,0.0,0.0,0,0,0,-0.004012851758141906,-0.0032134944570333113
2024-02-12,0.0,0.0,0.0,0,0,0,-0.004012851758141906,-0.0032134944570333113
2024-02-13,0.0,0.0,0.0,0,0,0,-0.004012851758141906,-0.0032134944570333113
2024-02-14,0.0,0.0,0.0,0,0,0,-0.004012851758141906,-0.0032134944570333113
2024-02-15,0.0,0.0,0.0,0,0,0,-0.004012851758141906,-0.0032134944570333113
2024-02-16,0.0,0.0,0.0,0,0,0,-0.004012851758141906,-0.0032134944570333113
2024-02-20,0.0,0.0,0.0,0,0,0,-0.004012851758141906,-0.0032134944570333113
2024-02-21,0.0,0.0,0.0,0,0,0,-0.004012851758141906,-0.0032134944570333113
2024-02-22,0.0,0.0,0.0,0,0,0,-0.004012851758141906,-0.0032134944570333113
2024-02-23,0.0,0.0,0.0,0,0,0,-0.004012851758141906,-0.0032134944570333113
2024-02-26,0.0,0.0,0.0,0,0,0,-0.004012851758141906,-0.0032134944570333113
2024-02-27,0.0,0.0,0.0,0,0,0,-0.004012851758141906,-0.0032134944570333113
2024-02-28,0.0,0.0,0.0,0,0,0,-0.004012851758141906,-0.0032134944570333113
2024-02-29,0.0,0.0,0.0,0,0,0,-0.004012851758141906,-0.0032134944570333113
2024-03-01,0.0,0.0,0.0,0,0,0,-0.004012851758141906,-0.0032134944570333113
2024-03-04,0.0,0.0,0.0,0,0,0,-0.004012851758141906,-0.0032134944570333113
2024-03-05,0.0,0.0,0.0,0,0,0,-0.004012851758141906,-0.0032134944570333113
2024-03-06,0.0,0.0,0.0,0,0,0,-0.004012851758141906,-0.0032134944570333113
2024-03-07,0.0,0.0,0.0,0,0,0,-0.004012851758141906,-0.0032134944570333113
2024-03-08,0.0,0.0,0.0,0,0,0,-0.004012851758141906,-0.0032134944570333113
2024-03-11,0.0,0.0,0.0,0,0,0,-0.004012851758141906,-0.0032134944570333113
2024-03-12,0.0,0.0,0.0,0,0,0,-0.004012851758141906,-0.0032134944570333113
2024-03-13,0.0,0.0,0.0,0,0,0,-0.004012851758141906,-0.0032134944570333113
2024-03-14,0.0,0.0,0.0,0,0,0,-0.004012851758141906,-0.0032134944570333113
2024-03-15,0.0,0.0,0.0,0,0,0,-0.004012851758141906,-0.0032134944570333113
2024-03-18,0.0,0.0,0.0,0,0,0,-0.004012851758141906,-0.0032134944570333113
2024-03-19,0.0,0.0,0.0,0,0,0,-0.004012851758141906,-0.0032134944570333113
2024-03-20,0.0,0.0,0.0,0,0,0,-0.004012851758141906,-0.0032134944570333113
2024-03-21,0.0,0.0,0.0,0,0,0,-0.004012851758141906,-0.0032134944570333113
2024-03-22,0.0,0.0,0.0,0,0,0,-0.004012851758141906,-0.0032134944570333113
2024-03-25,0.0,0.0,0.0,0,0,0,-0.004012851758141906,-0.0032134944570333113
2024-03-26,0.0,0.0,0.0,0,0,0,-0.004012851758141906,-0.0032134944570333113
2024-03-27,0.0,0.0,0.0,0,0,0,-0.004012851758141906,-0.0032134944570333113
2024-03-28,0.0,0.0,0.0,0,0,0,-0.004012851758141906,-0.0032134944570333113
2024-03-29,0.0,0.0,0.0,0,0,0,-0.004012851758141906,-0.0032134944570333113
2024-04-01,0.0,0.0,0.0,0,0,0,-0.004012851758141906,-0.0032134944570333113
2024-04-02,0.0,0.0,0.0,0,0,0,-0.004012851758141906,-0.0032134944570333113
2024-04-03,0.0,0.0,0.0,0,0,0,-0.004012851758141906,-0.0032134944570333113
2024-04-04,0.0,0.0,0.0,0,0,0,-0.004012851758141906,-0.0032134944570333113
2024-04-05,0.0,0.0,0.0,0,0,0,-0.004012851758141906,-0.0032134944570333113
2024-04-08,0.0,0.0,0.0,0,0,0,-0.004012851758141906,-0.0032134944570333113
2024-04-09,0.0,0.0,0.0,0,0,0,-0.004012851758141906,-0.0032134944570333113
2024-04-10,0.0,0.0,0.0,0,0,0,-0.004012851758141906,-0.0032134944570333113
2024-04-11,0.0,0.0,0.0,0,0,0,-0.004012851758141906,-0.0032134944570333113
2024-04-12,0.0,0.0,0.0,0,0,0,-0.004012851758141906,-0.0032134944570333113
2024-04-15,0.0,0.0,0.0,0,0,0,-0.004012851758141906,-0.0032134944570333113
2024-04-16,0.0,0.0,0.0,0,0,0,-0.004012851758141906,-0.0032134944570333113
2024-04-17,0.0,0.0,0.0,0,0,0,-0.004012851758141906,-0.0032134944570333113
2024-04-18,0.0,0.0,0.0,0,0,0,-0.004012851758141906,-0.0032134944570333113
2024-04-19,0.0,0.0,0.0,0,0,0,-0.004012851758141906,-0.0032134944570333113
2024-04-22,0.0,0.0,0.0,0,0,0,-0.004012851758141906,-0.0032134944570333113
2024-04-23,0.0,0.0,0.0,0,0,0,-0.004012851758141906,-0.0032134944570333113
2024-04-24,0.0,0.0,0.0,0,0,0,-0.004012851758141906,-0.0032134944570333113
2024-04-25,0.0,0.0,0.0,0,0,0,-0.004012851758141906,-0.0032134944570333113
2024-04-26,0.0,0.0,0.0,0,0,0,-0.004012851758141906,-0.0032134944570333113
2024-04-29,0.0,0.0,0.0,0,0,0,-0.004012851758141906,-0.0032134944570333113
2024-04-30,0.0,0.0,0.0,0,0,0,-0.004012851758141906,-0.0032134944570333113
2024-05-01,0.0,0.0,0.0,0,0,0,-0.004012851758141906,-0.0032134944570333113
2024-05-02,0.0,0.0,0.0,0,0,0,-0.004012851758141906,-0.0032134944570333113
2024-05-03,0.0,0.0,0.0,0,0,0,-0.004012851758141906,-0.0032134944570333113
2024-05-06,0.0,0.0,0.0,0,0,0,-0.004012851758141906,-0.0032134944570333113
2024-05-07,0.0,0.0,0.0,0,0,0,-0.004012851758141906,-0.0032134944570333113
2024-05-08,0.0,0.0,0.0,0,0,0,-0.004012851758141906,-0.0032134944570333113
2024-05-09,0.0,0.0,0.0,0,0,0,-0.004012851758141906,-0.0032134944570333113
2024-05-10,0.0,0.0,0.0,0,0,0,-0.004012851758141906,-0.0032134944570333113
2024-05-13,0.0,0.0,0.0,0,0,0,-0.004012851758141906,-0.0032134944570333113
2024-05-14,0.0,0.0,0.0,0,0,0,-0.004012851758141906,-0.0032134944570333113
2024-05-15,0.0,0.0,0.0,0,0,0,-0.004012851758141906,-0.0032134944570333113
2024-05-16,0.0,0.0,0.0,0,0,0,-0.004012851758141906,-0.0032134944570333113
2024-05-17,0.0,0.0,0.0,0,0,0,-0.004012851758141906,-0.0032134944570333113
2024-05-20,0.0,0.0,0.0,0,0,0,-0.004012851758141906,-0.0032134944570333113
2024-05-21,0.0,0.0,0.0,0,0,0,-0.004012851758141906,-0.0032134944570333113
2024-05-22,0.0,0.0,0.0,0,0,0,-0.004012851758141906,-0.0032134944570333113
2024-05-23,0.0,0.0,0.0,0,0,0,-0.004012851758141906,-0.0032134944570333113
2024-05-24,0.0,0.0,0.0,0,0,0,-0.004012851758141906,-0.0032134944570333113
2024-05-28,0.0,0.0,0.0,0,0,0,-0.004012851758141906,-0.0032134944570333113
2024-05-29,0.0,0.0,0.0,0,0,0,-0.004012851758141906,-0.0032134944570333113
2024-05-30,0.0,0.0,0.0,0,0,0,-0.004012851758141906,-0.0032134944570333113
2024-05-31,0.0,0.0,0.0,0,0,0,-0.004012851758141906,-0.0032134944570333113
2024-06-03,0.0,0.0,0.0,0,0,0,-0.004012851758141906,-0.0032134944570333113
2024-06-04,0.0,0.0,0.0,0,0,0,-0.004012851758141906,-0.0032134944570333113
2024-06-05,0.0,0.0,0.0,0,0,0,-0.004012851758141906,-0.0032134944570333113
2024-06-06,0.0,0.0,0.0,0,0,0,-0.004012851758141906,-0.0032134944570333113
2024-06-07,0.0,0.0,0.0,0,0,0,-0.004012851758141906,-0.0032134944570333113
2024-06-10,0.0,0.0,0.0,0,0,0,-0.004012851758141906,-0.0032134944570333113
2024-06-11,0.0,0.0,0.0,0,0,0,-0.004012851758141906,-0.0032134944570333113
2024-06-12,0.0,0.0,0.0,0,0,0,-0.004012851758141906,-0.0032134944570333113
2024-06-13,0.0,0.0,0.0,0,0,0,-0.004012851758141906,-0.0032134944570333113
2024-06-14,0.0,0.0,0.0,0,0,0,-0.004012851758141906,-0.0032134944570333113
2024-06-17,0.0,0.0,0.0,0,0,0,-0.004012851758141906,-0.0032134944570333113
2024-06-18,0.0,0.0,0.0,0,0,0,-0.004012851758141906,-0.0032134944570333113
2024-06-20,0.0,0.0,0.0,0,0,0,-0.004012851758141906,-0.0032134944570333113
2024-06-21,0.0,0.0,0.0,0,0,0,-0.004012851758141906,-0.0032134944570333113
2024-06-24,0.0,0.0,0.0,0,0,0,-0.004012851758141906,-0.0032134944570333113
2024-06-25,0.0,0.0,0.0,0,0,0,-0.004012851758141906,-0.0032134944570333113
2024-06-26,0.0,0.0,0.0,0,0,0,-0.004012851758141906,-0.0032134944570333113
2024-06-27,0.0,0.0,0.0,0,0,0,-0.004012851758141906,-0.0032134944570333113
2024-06-28,0.0,0.0,0.0,0,0,0,-0.004012851758141906,-0.0032134944570333113
2024-07-01,0.0,0.0,0.0,0,0,0,-0.004012851758141906,-0.0032134944570333113
2024-07-02,0.0,0.0,0.0,0,0,0,-0.004012851758141906,-0.0032134944570333113
2024-07-03,0.0,0.0,0.0,0,0,0,-0.004012851758141906,-0.0032134944570333113
2024-07-05,0.0,0.0,0.0,0,0,0,-0.004012851758141906,-0.0032134944570333113
2024-07-08,0.0,0.0,0.0,0,0,0,-0.004012851758141906,-0.0032134944570333113
2024-07-09,0.0,0.0,0.0,0,0,0,-0.004012851758141906,-0.0032134944570333113
2024-07-10,0.0,0.0,0.0,0,0,0,-0.004012851758141906,-0.0032134944570333113
2024-07-11,0.0,0.0,0.0,0,0,0,-0.004012851758141906,-0.0032134944570333113
2024-07-12,0.0,0.0,0.0,0,0,0,-0.004012851758141906,-0.0032134944570333113
2024-07-15,0.0,0.0,0.0,0,0,0,-0.004012851758141906,-0.0032134944570333113
2024-07-16,0.0,0.0,0.0,0,0,0,-0.004012851758141906,-0.0032134944570333113
2024-07-17,0.0,0.0,0.0,0,0,0,-0.004012851758141906,-0.0032134944570333113
2024-07-18,0.0,0.0,0.0,0,0,0,-0.004012851758141906,-0.0032134944570333113
2024-07-19,0.0,0.0,0.0,0,0,0,-0.004012851758141906,-0.0032134944570333113
2024-07-22,0.0,0.0,0.0,0,0,0,-0.004012851758141906,-0.0032134944570333113
2024-07-23,0.0,0.0,0.0,0,0,0,-0.004012851758141906,-0.0032134944570333113
2024-07-24,0.0,0.0,0.0,0,0,0,-0.004012851758141906,-0.0032134944570333113
2024-07-25,0.0,0.0,0.0,0,0,0,-0.004012851758141906,-0.0032134944570333113
2024-07-26,0.0,0.0,0.0,0,0,0,-0.004012851758141906,-0.0032134944570333113
2024-07-29,0.0,0.0,0.0,0,0,0,-0.004012851758141906,-0.0032134944570333113
2024-07-30,0.0,0.0,0.0,0,0,0,-0.004012851758141906,-0.0032134944570333113
2024-07-31,0.0,0.0,0.0,0,0,0,-0.004012851758141906,-0.0032134944570333113
2024-08-01,0.0,0.0,0.0,0,0,0,-0.004012851758141906,-0.0032134944570333113
2024-08-02,0.0,0.0,0.0,0,0,0,-0.004012851758141906,-0.0032134944570333113
2024-08-05,0.0,0.0,0.0,0,0,0,-0.004012851758141906,-0.0032134944570333113
2024-08-06,0.0,0.0,0.0,0,0,0,-0.004012851758141906,-0.0032134944570333113
2024-08-07,0.0,0.0,0.0,0,0,0,-0.004012851758141906,-0.0032134944570333113
2024-08-08,0.0,0.0,0.0,0,0,0,-0.004012851758141906,-0.0032134944570333113
2024-08-09,0.0,0.0,0.0,0,0,0,-0.004012851758141906,-0.0032134944570333113
2024-08-12,0.0,0.0,0.0,0,0,0,-0.004012851758141906,-0.0032134944570333113
2024-08-13,0.0,0.0,0.0,0,0,0,-0.004012851758141906,-0.0032134944570333113
2024-08-14,0.0,0.0,0.0,0,0,0,-0.004012851758141906,-0.0032134944570333113
2024-08-15,0.0,0.0,0.0,0,0,0,-0.004012851758141906,-0.0032134944570333113
2024-08-16,0.0,0.0,0.0,0,0,0,-0.004012851758141906,-0.0032134944570333113
2024-08-19,0.0,0.0,0.0,0,0,0,-0.004012851758141906,-0.0032134944570333113
2024-08-20,0.0,0.0,0.0,0,0,0,-0.004012851758141906,-0.0032134944570333113
2024-08-21,0.0,0.0,0.0,0,0,0,-0.004012851758141906,-0.0032134944570333113
2024-08-22,0.0,0.0,0.0,0,0,0,-0.004012851758141906,-0.0032134944570333113
2024-08-23,0.0,0.0,0.0,0,0,0,-0.004012851758141906,-0.0032134944570333113
2024-08-26,0.0,0.0,0.0,0,0,0,-0.004012851758141906,-0.0032134944570333113
2024-08-27,0.0,0.0,0.0,0,0,0,-0.004012851758141906,-0.0032134944570333113
2024-08-28,0.0,0.0,0.0,0,0,0,-0.004012851758141906,-0.0032134944570333113
2024-08-29,0.0,0.0,0.0,0,0,0,-0.004012851758141906,-0.0032134944570333113
2024-08-30,0.0,0.0,0.0,0,0,0,-0.004012851758141906,-0.0032134944570333113
2024-09-03,0.0,0.0,0.0,0,0,0,-0.004012851758141906,-0.0032134944570333113
2024-09-04,0.0,0.0,0.0,0,0,0,-0.004012851758141906,-0.0032134944570333113
2024-09-05,0.0,0.0,0.0,0,0,0,-0.004012851758141906,-0.0032134944570333113
2024-09-06,0.0,0.0,0.0,0,0,0,-0.004012851758141906,-0.0032134944570333113
2024-09-09,0.0,0.0,0.0,0,0,0,-0.004012851758141906,-0.0032134944570333113
2024-09-10,0.0,0.0,0.0,0,0,0,-0.004012851758141906,-0.0032134944570333113
2024-09-11,0.0,0.0,0.0,0,0,0,-0.004012851758141906,-0.0032134944570333113
2024-09-12,0.0,0.0,0.0,0,0,0,-0.004012851758141906,-0.0032134944570333113
2024-09-13,0.0,0.0,0.0,0,0,0,-0.004012851758141906,-0.0032134944570333113
2024-09-16,0.0,0.0,0.0,0,0,0,-0.004012851758141906,-0.0032134944570333113
2024-09-17,0.0,0.0,0.0,0,0,0,-0.004012851758141906,-0.0032134944570333113
2024-09-18,0.0,0.0,0.0,0,0,0,-0.004012851758141906,-0.0032134944570333113
2024-09-19,0.0,0.0,0.0,0,0,0,-0.004012851758141906,-0.0032134944570333113
2024-09-20,0.0,0.0,0.0,0,0,0,-0.004012851758141906,-0.0032134944570333113
2024-09-23,0.0,0.0,0.0,0,0,0,-0.004012851758141906,-0.0032134944570333113
2024-09-24,0.0,0.0,0.0,0,0,0,-0.004012851758141906,-0.0032134944570333113
2024-09-25,0.0,0.0,0.0,0,0,0,-0.004012851758141906,-0.0032134944570333113
2024-09-26,0.0,0.0,0.0,0,0,0,-0.004012851758141906,-0.0032134944570333113
2024-09-27,0.0,0.0,0.0,0,0,0,-0.004012851758141906,-0.0032134944570333113
2024-09-30,0.0,0.0,0.0,0,0,0,-0.004012851758141906,-0.0032134944570333113
2024-10-01,0.0,0.0,0.0,0,0,0,-0.004012851758141906,-0.0032134944570333113
2024-10-02,0.0,0.0,0.0,0,0,0,-0.004012851758141906,-0.0032134944570333113
2024-10-03,0.0,0.0,0.0,0,0,0,-0.004012851758141906,-0.0032134944570333113
2024-10-04,0.0,0.0,0.0,0,0,0,-0.004012851758141906,-0.0032134944570333113
2024-10-07,0.0,0.0,0.0,0,0,0,-0.004012851758141906,-0.0032134944570333113
2024-10-08,0.0,0.0,0.0,0,0,0,-0.004012851758141906,-0.0032134944570333113
2024-10-09,0.0,0.0,0.0,0,0,0,-0.004012851758141906,-0.0032134944570333113
2024-10-10,0.0,0.0,0.0,0,0,0,-0.004012851758141906,-0.0032134944570333113
2024-10-11,0.0,0.0,0.0,0,0,0,-0.004012851758141906,-0.0032134944570333113
2024-10-15,0.0,0.0,0.0,0,0,0,-0.004012851758141906,-0.0032134944570333113
2024-10-16,0.0,0.0,0.0,0,0,0,-0.004012851758141906,-0.0032134944570333113
2024-10-17,0.0,0.0,0.0,0,0,0,-0.004012851758141906,-0.0032134944570333113
2024-10-18,0.0,0.0,0.0,0,0,0,-0.004012851758141906,-0.0032134944570333113
2024-10-21,0.0,0.0,0.0,0,0,0,-0.004012851758141906,-0.0032134944570333113
2024-10-22,0.0,0.0,0.0,0,0,0,-0.004012851758141906,-0.0032134944570333113
2024-10-23,0.0,0.0,0.0,0,0,0,-0.004012851758141906,-0.0032134944570333113
2024-10-24,0.0,0.0,0.0,0,0,0,-0.004012851758141906,-0.0032134944570333113
2024-10-25,0.0,0.0,0.0,0,0,0,-0.004012851758141906,-0.0032134944570333113
2024-10-28,0.0,0.0,0.0,0,0,0,-0.004012851758141906,-0.0032134944570333113
2024-10-29,0.0,0.0,0.0,0,0,0,-0.004012851758141906,-0.0032134944570333113
2024-10-30,0.0,0.0,0.0,0,0,0,-0.004012851758141906,-0.0032134944570333113
2024-10-31,0.0,0.0,0.0,0,0,0,-0.004012851758141906,-0.0032134944570333113
2024-11-01,0.0,0.0,0.0,0,0,0,-0.004012851758141906,-0.0032134944570333113
2024-11-04,0.0,0.0,0.0,0,0,0,-0.004012851758141906,-0.0032134944570333113
2024-11-05,0.0,0.0,0.0,0,0,0,-0.004012851758141906,-0.0032134944570333113
2024-11-06,0.0,0.0,0.0,0,0,0,-0.004012851758141906,-0.0032134944570333113
2024-11-07,0.0,0.0,0.0,0,0,0,-0.004012851758141906,-0.0032134944570333113
2024-11-08,0.0,0.0,0.0,0,0,0,-0.004012851758141906,-0.0032134944570333113
2024-11-12,0.0,0.0,0.0,0,0,0,-0.004012851758141906,-0.0032134944570333113
2024-11-13,0.0,0.0,0.0,0,0,0,-0.004012851758141906,-0.0032134944570333113
2024-11-14,0.0,0.0,0.0,0,0,0,-0.004012851758141906,-0.0032134944570333113
2024-11-15,0.0,0.0,0.0,0,0,0,-0.004012851758141906,-0.0032134944570333113
2024-11-18,0.0,0.0,0.0,0,0,0,-0.004012851758141906,-0.0032134944570333113
2024-11-19,0.0,0.0,0.0,0,0,0,-0.004012851758141906,-0.0032134944570333113
2024-11-20,0.0,0.0,0.0,0,0,0,-0.004012851758141906,-0.0032134944570333113
2024-11-21,0.0,0.0,0.0,0,0,0,-0.004012851758141906,-0.0032134944570333113
2024-11-22,0.0,0.0,0.0,0,0,0,-0.004012851758141906,-0.0032134944570333113
2024-11-25,0.0,0.0,0.0,0,0,0,-0.004012851758141906,-0.0032134944570333113
2024-11-26,0.0,0.0,0.0,0,0,0,-0.004012851758141906,-0.0032134944570333113
2024-11-27,0.0,0.0,0.0,0,0,0,-0.004012851758141906,-0.0032134944570333113
2024-11-29,0.0,0.0,0.0,0,0,0,-0.004012851758141906,-0.0032134944570333113
2024-12-02,0.0,0.0,0.0,0,0,0,-0.004012851758141906,-0.0032134944570333113
2024-12-03,0.0,0.0,0.0,0,0,0,-0.004012851758141906,-0.0032134944570333113
2024-12-04,0.0,0.0,0.0,0,0,0,-0.004012851758141906,-0.0032134944570333113
2024-12-05,0.0,0.0,0.0,0,0,0,-0.004012851758141906,-0.0032134944570333113
2024-12-06,0.0,0.0,0.0,0,0,0,-0.004012851758141906,-0.0032134944570333113
2024-12-09,0.0,0.0,0.0,0,0,0,-0.004012851758141906,-0.0032134944570333113
2024-12-10,0.0,0.0,0.0,0,0,0,-0.004012851758141906,-0.0032134944570333113
2024-12-11,0.0,0.0,0.0,0,0,0,-0.004012851758141906,-0.0032134944570333113
2024-12-12,0.0,0.0,0.0,0,0,0,-0.004012851758141906,-0.0032134944570333113
2024-12-13,0.0,0.0,0.0,0,0,0,-0.004012851758141906,-0.0032134944570333113
2024-12-16,0.0,0.0,0.0,0,0,0,-0.004012851758141906,-0.0032134944570333113
2024-12-17,0.0,0.0,0.0,0,0,0,-0.004012851758141906,-0.0032134944570333113
2024-12-18,0.0,0.0,0.0,0,0,0,-0.004012851758141906,-0.0032134944570333113
2024-12-19,0.0,0.0,0.0,0,0,0,-0.004012851758141906,-0.0032134944570333113
2024-12-20,0.0,0.0,0.0,0,0,0,-0.004012851758141906,-0.0032134944570333113
2024-12-23,0.0,0.0,0.0,0,0,0,-0.004012851758141906,-0.0032134944570333113
2024-12-24,0.0,0.0,0.0,0,0,0,-0.004012851758141906,-0.0032134944570333113
2024-12-26,0.0,0.0,0.0,0,0,0,-0.004012851758141906,-0.0032134944570333113
2024-12-27,0.0,0.0,0.0,0,0,0,-0.004012851758141906,-0.0032134944570333113
2024-12-30,0.0,0.0,0.0,0,0,0,-0.004012851758141906,-0.0032134944570333113
2024-12-31,0.0,0.0,0.0,0,0,0,-0.004012851758141906,-0.0032134944570333113
2025-01-02,0.0,0.0,0.0,0,0,0,-0.004012851758141906,-0.0032134944570333113
2025-01-03,0.0,0.0,0.0,0,0,0,-0.004012851758141906,-0.0032134944570333113
2025-01-06,0.0,0.0,0.0,0,0,0,-0.004012851758141906,-0.0032134944570333113
2025-01-07,0.0,0.0,0.0,0,0,0,-0.004012851758141906,-0.0032134944570333113
2025-01-08,0.0,0.0,0.0,0,0,0,-0.004012851758141906,-0.0032134944570333113
2025-01-09,0.0,0.0,0.0,0,0,0,-0.004012851758141906,-0.0032134944570333113
2025-01-10,0.0,0.0,0.0,0,0,0,-0.004012851758141906,-0.0032134944570333113
2025-01-13,0.0,0.0,0.0,0,0,0,-0.004012851758141906,-0.0032134944570333113
2025-01-14,0.0,0.0,0.0,0,0,0,-0.004012851758141906,-0.0032134944570333113
2025-01-15,0.0,0.0,0.0,0,0,0,-0.004012851758141906,-0.0032134944570333113
2025-01-16,0.0,0.0,0.0,0,0,0,-0.004012851758141906,-0.0032134944570333113
2025-01-17,0.0,0.0,0.0,0,0,0,-0.004012851758141906,-0.0032134944570333113
2025-01-21,0.0,0.0,0.0,0,0,0,-0.004012851758141906,-0.0032134944570333113
2025-01-22,0.0,0.0,0.0,0,0,0,-0.004012851758141906,-0.0032134944570333113
2025-01-23,0.0,0.0,0.0,0,0,0,-0.004012851758141906,-0.0032134944570333113
2025-01-24,0.0,0.0,0.0,0,0,0,-0.004012851758141906,-0.0032134944570333113
2025-01-27,0.0,0.0,0.0,0,0,0,-0.004012851758141906,-0.0032134944570333113
2025-01-28,0.0,0.0,0.0,0,0,0,-0.004012851758141906,-0.0032134944570333113
2025-01-29,0.0,0.0,0.0,0,0,0,-0.004012851758141906,-0.0032134944570333113
2025-01-30,0.0,0.0,0.0,0,0,0,-0.004012851758141906,-0.0032134944570333113
2025-01-31,0.0,0.0,0.0,0,0,0,-0.004012851758141906,-0.0032134944570333113
2025-02-03,0.0,0.0,0.0,1,0,0,-0.004012851758141906,-0.0032134944570333113
2025-02-04,0.0,0.0,0.0,1,0,0,-0.004012851758141906,-0.0032134944570333113
2025-02-05,0.0,0.0,0.0,1,0,0,-0.004012851758141906,-0.0032134944570333113
2025-02-06,0.0,0.0,0.0,1,0,0,-0.004012851758141906,-0.0032134944570333113
2025-02-07,0.0,0.0,0.0,1,0,0,-0.004012851758141906,-0.0032134944570333113
2025-02-10,0.0,0.0,0.0,1,0,0,-0.004012851758141906,-0.0032134944570333113
2025-02-11,0.0,0.0002,-0.0002,1,1,1,-0.004212851758141905,-0.0032134944570333113
2025-02-12,0.002975781188570209,0.0,0.002975781188570209,1,1,1,-0.001237070569571696,-0.00023771326846310208
2025-02-13,0.0011843314762567366,0.0,0.0011843314762567366,1,1,1,-5.273909331495949e-05,0.0009466182077936345
2025-02-14,-0.00183140030117253,0.00020250416016065383,-0.002033904461333184,1,0,0,-0.0020866435546481434,-0.0008847820933788955
2025-02-18,0.0,0.0,0.0,1,0,0,-0.0020866435546481434,-0.0008847820933788955
2025-02-19,0.0,0.0,0.0,1,0,0,-0.0020866435546481434,-0.0008847820933788955
2025-02-20,0.0,0.0002,-0.0002,1,1,1,-0.0022866435546481435,-0.0008847820933788955
2025-02-21,0.0003778168531572132,0.0,0.0003778168531572132,1,1,1,-0.0019088267014909302,-0.0005069652402216823
2025-02-24,0.002270428097244843,0.0,0.002270428097244843,1,1,1,0.00036160139575391274,0.0017634628570231607
2025-02-25,0.003202104170716325,0.0,0.003202104170716325,1,1,1,0.003563705566470238,0.004965567027739486
2025-02-26,0.0014767177155903099,0.00019929708365911295,0.0012774206319311969,1,0,0,0.0048411261984014345,0.006442284743329796
2025-02-27,0.0,0.0,0.0,1,0,0,0.0048411261984014345,0.006442284743329796
2025-02-28,0.0,0.0,0.0,1,0,0,0.0048411261984014345,0.006442284743329796
2025-03-03,0.0,0.0,0.0,1,0,0,0.0048411261984014345,0.006442284743329796
2025-03-04,0.0,0.0002,-0.0002,1,1,1,0.004641126198401435,0.006442284743329796
2025-03-05,-0.003537048270472522,0.0,-0.003537048270472522,1,1,1,0.0011040779279289127,0.0029052364728572736
2025-03-06,0.00039229128512022595,0.0,0.00039229128512022595,1,1,1,0.0014963692130491387,0.0032975277579774995
2025-03-07,-0.005765288540061137,0.0,-0.005765288540061137,1,1,1,-0.004268919327011999,-0.0024677607820836373
2025-03-10,0.0017130043803967848,0.0,0.0017130043803967848,1,1,1,-0.0025559149466152136,-0.0007547564016868525
2025-03-11,-0.006185119506308525,0.0,-0.006185119506308525,1,1,1,-0.008741034452923738,-0.0069398759079953775
2025-03-12,0.0017053840681181633,0.0,0.0017053840681181633,1,1,1,-0.0070356503848055755,-0.005234491839877214
2025-03-13,0.001896191489373223,0.0,0.001896191489373223,1,1,1,-0.005139458895432353,-0.003338300350503991
2025-03-14,0.0016415283881624984,0.0,0.0016415283881624984,1,1,1,-0.0034979305072698544,-0.0016967719623414926
2025-03-17,0.0020568369545091634,0.0,0.0020568369545091634,1,1,1,-0.001441093552760691,0.0003600649921676707
2025-03-18,-0.0017237820429842573,0.0,-0.0017237820429842573,1,1,1,-0.0031648755957449483,-0.0013637170508165866
2025-03-19,0.0004685120637913042,0.0,0.0004685120637913042,1,1,1,-0.002696363531953644,-0.0008952049870252824
2025-03-20,-0.0009624237753177967,0.0,-0.0009624237753177967,1,1,1,-0.003658787307271441,-0.0018576287623430791
2025-03-21,-0.0006984449675711143,0.0,-0.0006984449675711143,1,1,1,-0.004357232274842556,-0.002556073729914193
2025-03-24,0.001733262854884283,0.0,0.001733262854884283,1,1,1,-0.002623969419958273,-0.0008228108750299103
2025-03-25,0.001751064159743629,0.0,0.001751064159743629,1,1,1,-0.0008729052602146439,0.0009282532847137187
2025-03-26,0.0009852582952955026,0.0,0.0009852582952955026,1,1,1,0.00011235303508085872,0.0019135115800092213
2025-03-27,-0.0009011441408524481,0.0,-0.0009011441408524481,1,1,1,-0.0007887911057715894,0.0010123674391567731
2025-03-28,-0.0018785201120460524,0.0,-0.0018785201120460524,1,1,1,-0.002667311217817642,-0.0008661526728892793
2025-03-31,-0.0035394218760077334,0.0,-0.0035394218760077334,1,1,1,-0.006206733093825375,-0.004405574548897013
2025-04-01,0.0030572896448599184,0.0,0.0030572896448599184,1,1,1,-0.003149443448965457,-0.0013482849040370943
2025-04-02,-0.0015819463047136086,0.0,-0.0015819463047136086,1,1,1,-0.004731389753679065,-0.0029302312087507026
2025-04-03,-0.004869382344978453,0.0,-0.004869382344978453,1,1,1,-0.009600772098657518,-0.007799613553729156
2025-04-04,-0.022393793849946435,0.0,-0.022393793849946435,1,1,1,-0.031994565948603955,-0.03019340740367559
2025-04-07,3.7282504850659134e-05,0.0,3.7282504850659134e-05,1,1,1,-0.031957283443753294,-0.03015612489882493
2025-04-08,0.002737101886294483,0.0,0.002737101886294483,1,1,1,-0.02922018155745881,-0.027419023012530446
2025-04-09,-0.007149857315293382,0.0,-0.007149857315293382,1,1,1,-0.03637003887275219,-0.03456888032782383
2025-04-10,0.007420199343855928,0.0,0.007420199343855928,1,1,1,-0.02894983952889626,-0.027148680983967898
2025-04-11,-0.002330666410171301,0.0,-0.002330666410171301,1,1,1,-0.03128050593906756,-0.0294793473941392
2025-04-14,0.0036237914380596063,0.0,0.0036237914380596063,1,1,1,-0.027656714501007953,-0.025855555956079593
2025-04-15,0.006933641485329205,0.0,0.006933641485329205,1,1,1,-0.020723073015678748,-0.018921914470750388
2025-04-16,-0.0020163221622930723,0.0,-0.0020163221622930723,1,1,1,-0.02273939517797182,-0.02093823663304346
2025-04-17,0.0003321389485227042,0.0,0.0003321389485227042,1,1,1,-0.022407256229449116,-0.020606097684520756
2025-04-18,-0.0018019866445941743,0.0,-0.0018019866445941743,1,1,1,-0.02420924287404329,-0.02240808432911493
2025-04-21,-0.002858256346408512,0.0,-0.002858256346408512,1,1,1,-0.027067499220451804,-0.025266340675523444
2025-04-22,0.0003519328372946428,0.0,0.0003519328372946428,1,1,1,-0.026715566383157162,-0.024914407838228802
2025-04-23,0.004521177111140989,0.0,0.004521177111140989,1,1,1,-0.022194389272016172,-0.020393230727087812
2025-04-24,0.0008772681777960927,0.0,0.0008772681777960927,1,1,1,-0.021317121094220078,-0.019515962549291718
2025-04-25,-0.0008178424387374942,0.00021112430719428963,-0.0010289667459317839,1,0,0,-0.022346087840151862,-0.02033380498802921
2025-04-28,0.0,0.0,0.0,1,0,0,-0.022346087840151862,-0.02033380498802921
2025-04-29,0.0,0.0,0.0,1,0,0,-0.022346087840151862,-0.02033380498802921
2025-04-30,0.0,0.0,0.0,1,0,0,-0.022346087840151862,-0.02033380498802921
2025-05-01,0.0,0.0,0.0,1,0,0,-0.022346087840151862,-0.02033380498802921
2025-05-02,0.0,0.0,0.0,0,0,0,-0.022346087840151862,-0.02033380498802921
2025-05-05,0.0,0.0,0.0,0,0,0,-0.022346087840151862,-0.02033380498802921
2025-05-06,0.0,0.0,0.0,0,0,0,-0.022346087840151862,-0.02033380498802921
2025-05-07,0.0,0.0,0.0,0,0,0,-0.022346087840151862,-0.02033380498802921
2025-05-08,0.0,0.0,0.0,0,0,0,-0.022346087840151862,-0.02033380498802921
2025-05-09,0.0,0.0,0.0,0,0,0,-0.022346087840151862,-0.02033380498802921
2025-05-12,0.0,0.0,0.0,0,0,0,-0.022346087840151862,-0.02033380498802921
2025-05-13,0.0,0.0,0.0,0,0,0,-0.022346087840151862,-0.02033380498802921
2025-05-14,0.0,0.0,0.0,0,0,0,-0.022346087840151862,-0.02033380498802921
2025-05-15,0.0,0.0,0.0,0,0,0,-0.022346087840151862,-0.02033380498802921
2025-05-16,0.0,0.0,0.0,0,0,0,-0.022346087840151862,-0.02033380498802921
2025-05-19,0.0,0.0,0.0,0,0,0,-0.022346087840151862,-0.02033380498802921
2025-05-20,0.0,0.0,0.0,0,0,0,-0.022346087840151862,-0.02033380498802921
2025-05-21,0.0,0.0,0.0,0,0,0,-0.022346087840151862,-0.02033380498802921
2025-05-22,0.0,0.0,0.0,0,0,0,-0.022346087840151862,-0.02033380498802921
2025-05-23,0.0,0.0,0.0,0,0,0,-0.022346087840151862,-0.02033380498802921
2025-05-27,0.0,0.0,0.0,0,0,0,-0.022346087840151862,-0.02033380498802921
2025-05-28,0.0,0.0,0.0,0,0,0,-0.022346087840151862,-0.02033380498802921
2025-05-29,0.0,0.0,0.0,0,0,0,-0.022346087840151862,-0.02033380498802921
2025-05-30,0.0,0.0,0.0,0,0,0,-0.022346087840151862,-0.02033380498802921
2025-06-02,0.0,0.0,0.0,0,0,0,-0.022346087840151862,-0.02033380498802921
2025-06-03,0.0,0.0,0.0,0,0,0,-0.022346087840151862,-0.02033380498802921
2025-06-04,0.0,0.0,0.0,0,0,0,-0.022346087840151862,-0.02033380498802921
2025-06-05,0.0,0.0,0.0,0,0,0,-0.022346087840151862,-0.02033380498802921
2025-06-06,0.0,0.0,0.0,0,0,0,-0.022346087840151862,-0.02033380498802921
2025-06-09,0.0,0.0,0.0,0,0,0,-0.022346087840151862,-0.02033380498802921
2025-06-10,0.0,0.0,0.0,0,0,0,-0.022346087840151862,-0.02033380498802921
2025-06-11,0.0,0.0,0.0,0,0,0,-0.022346087840151862,-0.02033380498802921
2025-06-12,0.0,0.0,0.0,0,0,0,-0.022346087840151862,-0.02033380498802921
2025-06-13,0.0,0.0,0.0,0,0,0,-0.022346087840151862,-0.02033380498802921
2025-06-16,0.0,0.0,0.0,0,0,0,-0.022346087840151862,-0.02033380498802921
2025-06-17,0.0,0.0,0.0,0,0,0,-0.022346087840151862,-0.02033380498802921
2025-06-18,0.0,0.0,0.0,0,0,0,-0.022346087840151862,-0.02033380498802921
2025-06-20,0.0,0.0,0.0,0,0,0,-0.022346087840151862,-0.02033380498802921
2025-06-23,0.0,0.0,0.0,0,0,0,-0.022346087840151862,-0.02033380498802921
2025-06-24,0.0,0.0,0.0,0,0,0,-0.022346087840151862,-0.02033380498802921
2025-06-25,0.0,0.0,0.0,0,0,0,-0.022346087840151862,-0.02033380498802921
2025-06-26,0.0,0.0,0.0,0,0,0,-0.022346087840151862,-0.02033380498802921
2025-06-27,0.0,0.0,0.0,0,0,0,-0.022346087840151862,-0.02033380498802921
2025-06-30,0.0,0.0,0.0,0,0,0,-0.022346087840151862,-0.02033380498802921
2025-07-01,0.0,0.0,0.0,0,0,0,-0.022346087840151862,-0.02033380498802921
2025-07-02,0.0,0.0,0.0,0,0,0,-0.022346087840151862,-0.02033380498802921
2025-07-03,0.0,0.0,0.0,0,0,0,-0.022346087840151862,-0.02033380498802921
2025-07-07,0.0,0.0,0.0,0,0,0,-0.022346087840151862,-0.02033380498802921
2025-07-08,0.0,0.0,0.0,0,0,0,-0.022346087840151862,-0.02033380498802921
2025-07-09,0.0,0.0,0.0,0,0,0,-0.022346087840151862,-0.02033380498802921
2025-07-10,0.0,0.0,0.0,0,0,0,-0.022346087840151862,-0.02033380498802921
2025-07-11,0.0,0.0,0.0,0,0,0,-0.022346087840151862,-0.02033380498802921
2025-07-14,0.0,0.0,0.0,0,0,0,-0.022346087840151862,-0.02033380498802921
2025-07-15,0.0,0.0,0.0,0,0,0,-0.022346087840151862,-0.02033380498802921
2025-07-16,0.0,0.0,0.0,0,0,0,-0.022346087840151862,-0.02033380498802921
2025-07-17,0.0,0.0,0.0,0,0,0,-0.022346087840151862,-0.02033380498802921
2025-07-18,0.0,0.0,0.0,0,0,0,-0.022346087840151862,-0.02033380498802921
2025-07-21,0.0,0.0,0.0,0,0,0,-0.022346087840151862,-0.02033380498802921
2025-07-22,0.0,0.0,0.0,0,0,0,-0.022346087840151862,-0.02033380498802921
2025-07-23,0.0,0.0,0.0,0,0,0,-0.022346087840151862,-0.02033380498802921
2025-07-24,0.0,0.0,0.0,0,0,0,-0.022346087840151862,-0.02033380498802921
2025-07-25,0.0,0.0,0.0,0,0,0,-0.022346087840151862,-0.02033380498802921
2025-07-28,0.0,0.0,0.0,0,0,0,-0.022346087840151862,-0.02033380498802921
2025-07-29,0.0,0.0,0.0,0,0,0,-0.022346087840151862,-0.02033380498802921
2025-07-30,0.0,0.0,0.0,0,0,0,-0.022346087840151862,-0.02033380498802921
2025-07-31,0.0,0.0,0.0,0,0,0,-0.022346087840151862,-0.02033380498802921
2025-08-01,0.0,0.0,0.0,0,0,0,-0.022346087840151862,-0.02033380498802921
2025-08-04,0.0,0.0,0.0,0,0,0,-0.022346087840151862,-0.02033380498802921
2025-08-05,0.0,0.0,0.0,0,0,0,-0.022346087840151862,-0.02033380498802921
2025-08-06,0.0,0.0,0.0,0,0,0,-0.022346087840151862,-0.02033380498802921
2025-08-07,0.0,0.0,0.0,0,0,0,-0.022346087840151862,-0.02033380498802921
2025-08-08,0.0,0.0,0.0,0,0,0,-0.022346087840151862,-0.02033380498802921
2025-08-11,0.0,0.0,0.0,0,0,0,-0.022346087840151862,-0.02033380498802921
2025-08-12,0.0,0.0,0.0,0,0,0,-0.022346087840151862,-0.02033380498802921
2025-08-13,0.0,0.0,0.0,0,0,0,-0.022346087840151862,-0.02033380498802921
2025-08-14,0.0,0.0,0.0,0,0,0,-0.022346087840151862,-0.02033380498802921
2025-08-15,0.0,0.0,0.0,0,0,0,-0.022346087840151862,-0.02033380498802921
2025-08-18,0.0,0.0,0.0,0,0,0,-0.022346087840151862,-0.02033380498802921
2025-08-19,0.0,0.0,0.0,0,0,0,-0.022346087840151862,-0.02033380498802921
2025-08-20,0.0,0.0,0.0,0,0,0,-0.022346087840151862,-0.02033380498802921
2025-08-21,0.0,0.0,0.0,0,0,0,-0.022346087840151862,-0.02033380498802921
2025-08-22,0.0,0.0,0.0,0,0,0,-0.022346087840151862,-0.02033380498802921
2025-08-25,0.0,0.0,0.0,0,0,0,-0.022346087840151862,-0.02033380498802921
2025-08-26,0.0,0.0,0.0,0,0,0,-0.022346087840151862,-0.02033380498802921
2025-08-27,0.0,0.0,0.0,0,0,0,-0.022346087840151862,-0.02033380498802921
2025-08-28,0.0,0.0,0.0,0,0,0,-0.022346087840151862,-0.02033380498802921
2025-08-29,0.0,0.0,0.0,0,0,0,-0.022346087840151862,-0.02033380498802921
2025-09-02,0.0,0.0,0.0,0,0,0,-0.022346087840151862,-0.02033380498802921
2025-09-03,0.0,0.0,0.0,0,0,0,-0.022346087840151862,-0.02033380498802921
2025-09-04,0.0,0.0,0.0,0,0,0,-0.022346087840151862,-0.02033380498802921
2025-09-05,0.0,0.0,0.0,0,0,0,-0.022346087840151862,-0.02033380498802921
2025-09-08,0.0,0.0,0.0,0,0,0,-0.022346087840151862,-0.02033380498802921
2025-09-09,0.0,0.0,0.0,0,0,0,-0.022346087840151862,-0.02033380498802921
2025-09-10,0.0,0.0,0.0,0,0,0,-0.022346087840151862,-0.02033380498802921
2025-09-11,0.0,0.0,0.0,0,0,0,-0.022346087840151862,-0.02033380498802921
2025-09-12,0.0,0.0,0.0,0,0,0,-0.022346087840151862,-0.02033380498802921
2025-09-15,0.0,0.0,0.0,0,0,0,-0.022346087840151862,-0.02033380498802921
2025-09-16,0.0,0.0,0.0,0,0,0,-0.022346087840151862,-0.02033380498802921
2025-09-17,0.0,0.0,0.0,0,0,0,-0.022346087840151862,-0.02033380498802921
2025-09-18,0.0,0.0,0.0,0,0,0,-0.022346087840151862,-0.02033380498802921
2025-09-19,0.0,0.0,0.0,0,0,0,-0.022346087840151862,-0.02033380498802921
2025-09-22,0.0,0.0,0.0,0,0,0,-0.022346087840151862,-0.02033380498802921
2025-09-23,0.0,0.0,0.0,0,0,0,-0.022346087840151862,-0.02033380498802921
2025-09-24,0.0,0.0,0.0,0,0,0,-0.022346087840151862,-0.02033380498802921
2025-09-25,0.0,0.0,0.0,0,0,0,-0.022346087840151862,-0.02033380498802921
2025-09-26,0.0,0.0,0.0,0,0,0,-0.022346087840151862,-0.02033380498802921
2025-09-29,0.0,0.0,0.0,0,0,0,-0.022346087840151862,-0.02033380498802921
2025-09-30,0.0,0.0,0.0,0,0,0,-0.022346087840151862,-0.02033380498802921
2025-10-01,0.0,0.0,0.0,0,0,0,-0.022346087840151862,-0.02033380498802921
2025-10-02,0.0,0.0,0.0,0,0,0,-0.022346087840151862,-0.02033380498802921
2025-10-03,0.0,0.0,0.0,0,0,0,-0.022346087840151862,-0.02033380498802921
2025-10-06,0.0,0.0,0.0,0,0,0,-0.022346087840151862,-0.02033380498802921
2025-10-07,0.0,0.0,0.0,0,0,0,-0.022346087840151862,-0.02033380498802921
2025-10-08,0.0,0.0,0.0,0,0,0,-0.022346087840151862,-0.02033380498802921
2025-10-09,0.0,0.0,0.0,0,0,0,-0.022346087840151862,-0.02033380498802921
2025-10-10,0.0,0.0,0.0,0,0,0,-0.022346087840151862,-0.02033380498802921
2025-10-14,0.0,0.0,0.0,0,0,0,-0.022346087840151862,-0.02033380498802921
2025-10-15,0.0,0.0,0.0,0,0,0,-0.022346087840151862,-0.02033380498802921
2025-10-16,0.0,0.0,0.0,0,0,0,-0.022346087840151862,-0.02033380498802921
2025-10-17,0.0,0.0,0.0,0,0,0,-0.022346087840151862,-0.02033380498802921
2025-10-20,0.0,0.0,0.0,0,0,0,-0.022346087840151862,-0.02033380498802921
2025-10-21,0.0,0.0,0.0,0,0,0,-0.022346087840151862,-0.02033380498802921
2025-10-22,0.0,0.0,0.0,0,0,0,-0.022346087840151862,-0.02033380498802921
2025-10-23,0.0,0.0,0.0,0,0,0,-0.022346087840151862,-0.02033380498802921
2025-10-24,0.0,0.0,0.0,0,0,0,-0.022346087840151862,-0.02033380498802921
2025-10-27,0.0,0.0,0.0,0,0,0,-0.022346087840151862,-0.02033380498802921
2025-10-28,0.0,0.0,0.0,0,0,0,-0.022346087840151862,-0.02033380498802921
2025-10-29,0.0,0.0,0.0,0,0,0,-0.022346087840151862,-0.02033380498802921
2025-10-30,0.0,0.0,0.0,0,0,0,-0.022346087840151862,-0.02033380498802921
2025-10-31,0.0,0.0,0.0,0,0,0,-0.022346087840151862,-0.02033380498802921
2025-11-03,0.0,0.0,0.0,1,0,0,-0.022346087840151862,-0.02033380498802921
2025-11-04,0.0,0.0,0.0,1,0,0,-0.022346087840151862,-0.02033380498802921
2025-11-05,0.0,0.0,0.0,1,0,0,-0.022346087840151862,-0.02033380498802921
2025-11-06,0.0,0.0,0.0,1,0,0,-0.022346087840151862,-0.02033380498802921
2025-11-07,0.0,0.0,0.0,1,0,0,-0.022346087840151862,-0.02033380498802921
2025-11-10,0.0,0.0002,-0.0002,1,1,1,-0.02254608784015186,-0.02033380498802921
2025-11-12,0.0007053801895141097,0.0,0.0007053801895141097,1,1,1,-0.02184070765063775,-0.0196284247985151
2025-11-13,0.001419082324917427,0.0,0.001419082324917427,1,1,1,-0.02042162532572032,-0.01820934247359767
2025-11-14,0.0010509384584187988,0.0,0.0010509384584187988,1,1,1,-0.019370686867301524,-0.017158404015178874
2025-11-17,-0.0004967953315065995,0.0,-0.0004967953315065995,1,1,1,-0.01986748219880812,-0.017655199346685475
2025-11-18,-0.0023042181270899994,0.0,-0.0023042181270899994,1,1,1,-0.02217170032589812,-0.019959417473775474
2025-11-19,-0.001462600274914059,0.0,-0.001462600274914059,1,1,1,-0.023634300600812178,-0.021422017748689532
2025-11-20,0.0015272294082497694,0.0,0.0015272294082497694,1,1,1,-0.02210707119256241,-0.019894788340439763
2025-11-21,0.0009025183599705472,0.0,0.0009025183599705472,1,1,1,-0.02120455283259186,-0.018992269980469215
2025-11-24,0.0005704235212494327,0.0,0.0005704235212494327,1,1,1,-0.02063412931134243,-0.018421846459219782
2025-11-25,0.00036912291895614956,0.0,0.00036912291895614956,1,1,1,-0.02026500639238628,-0.018052723540263632
2025-11-26,0.0027485638432629463,0.0,0.0027485638432629463,1,1,1,-0.01751644254912333,-0.015304159697000686
2025-11-28,-0.0006158966583768434,0.0002008827497265304,-0.0008167794081033738,1,0,0,-0.018333221957226704,-0.015920056355377528
2025-12-01,0.0,0.0,0.0,1,0,0,-0.018333221957226704,-0.015920056355377528
2025-12-02,0.0,0.0,0.0,1,0,0,-0.018333221957226704,-0.015920056355377528
2025-12-03,0.0,0.0,0.0,1,0,0,-0.018333221957226704,-0.015920056355377528
2025-12-04,0.0,0.0,0.0,1,0,0,-0.018333221957226704,-0.015920056355377528
2025-12-05,0.0,0.0,0.0,1,0,0,-0.018333221957226704,-0.015920056355377528
2025-12-08,0.0,0.0,0.0,1,0,0,-0.018333221957226704,-0.015920056355377528
2025-12-09,0.0,0.0,0.0,1,0,0,-0.018333221957226704,-0.015920056355377528
2025-12-10,0.0,0.0,0.0,1,0,0,-0.018333221957226704,-0.015920056355377528
2025-12-11,0.0,0.0,0.0,1,0,0,-0.018333221957226704,-0.015920056355377528
2025-12-12,0.0,0.0,0.0,1,0,0,-0.018333221957226704,-0.015920056355377528
2025-12-15,0.0,0.0,0.0,1,0,0,-0.018333221957226704,-0.015920056355377528
2025-12-16,0.0,0.0,0.0,1,0,0,-0.018333221957226704,-0.015920056355377528
2025-12-17,0.0,0.0,0.0,1,0,0,-0.018333221957226704,-0.015920056355377528
2025-12-18,0.0,0.0,0.0,1,0,0,-0.018333221957226704,-0.015920056355377528
2025-12-19,0.0,0.0,0.0,1,0,0,-0.018333221957226704,-0.015920056355377528
2025-12-22,0.0,0.0,0.0,1,0,0,-0.018333221957226704,-0.015920056355377528
2025-12-23,0.0,0.0,0.0,1,0,0,-0.018333221957226704,-0.015920056355377528
2025-12-24,0.0,0.0,0.0,1,0,0,-0.018333221957226704,-0.015920056355377528
2025-12-26,0.0,0.0,0.0,1,0,0,-0.018333221957226704,-0.015920056355377528
2025-12-29,0.0,0.0,0.0,1,0,0,-0.018333221957226704,-0.015920056355377528
2025-12-30,0.0,0.0,0.0,1,0,0,-0.018333221957226704,-0.015920056355377528
2025-12-31,0.0,0.0,0.0,1,0,0,-0.018333221957226704,-0.015920056355377528
2026-01-02,0.0,0.00019999999999999998,-0.00019999999999999998,1,1,1,-0.018533221957226703,-0.015920056355377528
2026-01-05,0.0023138946896863787,0.0,0.0023138946896863787,1,1,1,-0.016219327267540325,-0.01360616166569115
2026-01-06,0.0007738993263751086,0.0,0.0007738993263751086,1,1,1,-0.015445427941165216,-0.012832262339316041
2026-01-07,0.001818529187781137,0.00020098126464076853,0.0016175479231403684,1,0,0,-0.013827880018024848,-0.011013733151534904
2026-01-08,0.0,0.0,0.0,1,0,0,-0.013827880018024848,-0.011013733151534904
2026-01-09,0.0,0.0,0.0,1,0,0,-0.013827880018024848,-0.011013733151534904
2026-01-12,0.0,0.0,0.0,1,0,0,-0.013827880018024848,-0.011013733151534904
2026-01-13,0.0,0.0,0.0,1,0,0,-0.013827880018024848,-0.011013733151534904
2026-01-14,0.0,0.0,0.0,1,0,0,-0.013827880018024848,-0.011013733151534904
2026-01-15,0.0,0.0,0.0,1,0,0,-0.013827880018024848,-0.011013733151534904
2026-01-16,0.0,0.0,0.0,1,0,0,-0.013827880018024848,-0.011013733151534904
2026-01-20,0.0,0.0,0.0,1,0,0,-0.013827880018024848,-0.011013733151534904
2026-01-21,0.0,0.00019999999999999998,-0.00019999999999999998,1,1,1,-0.014027880018024848,-0.011013733151534904
2026-01-22,-0.002870317022068115,0.0,-0.002870317022068115,1,1,1,-0.016898197040092964,-0.01388405017360302
2026-01-23,0.001474512486346181,0.0,0.001474512486346181,1,1,1,-0.015423684553746783,-0.012409537687256838
2026-01-26,-0.0024336229528859883,0.0,-0.0024336229528859883,1,1,1,-0.01785730750663277,-0.014843160640142827
2026-01-27,0.002291303857492766,0.0,0.002291303857492766,1,1,1,-0.015566003649140004,-0.012551856782650061
2026-01-28,8.99823522618273e-05,0.0,8.99823522618273e-05,1,1,1,-0.015476021296878176,-0.012461874430388233
2026-01-29,0.0011698989329259756,0.0,0.0011698989329259756,1,1,1,-0.014306122363952201,-0.011291975497462258
2026-01-30,-0.001421023185146218,0.0,-0.001421023185146218,1,1,1,-0.015727145549098417,-0.012712998682608476
2026-02-02,-0.0028372932626715888,0.0,-0.0028372932626715888,1,1,1,-0.018564438811770008,-0.015550291945280065
2026-02-03,-0.0011622250808409208,0.0,-0.0011622250808409208,1,1,1,-0.019726663892610928,-0.016712517026120987
2026-02-04,0.0019431332205228223,0.0002007511301308126,0.0017423820903920096,1,0,0,-0.017984281802218918,-0.014769383805598165
2026-02-05,0.0,0.0,0.0,0,0,0,-0.017984281802218918,-0.014769383805598165
2026-02-06,0.0,0.0,0.0,0,0,0,-0.017984281802218918,-0.014769383805598165
2026-02-09,0.0,0.0,0.0,0,0,0,-0.017984281802218918,-0.014769383805598165
2026-02-10,0.0,0.0,0.0,0,0,0,-0.017984281802218918,-0.014769383805598165
2026-02-11,0.0,0.0,0.0,0,0,0,-0.017984281802218918,-0.014769383805598165
2026-02-12,0.0,0.0,0.0,0,0,0,-0.017984281802218918,-0.014769383805598165
2026-02-13,0.0,0.0,0.0,0,0,0,-0.017984281802218918,-0.014769383805598165
2026-02-17,0.0,0.0,0.0,0,0,0,-0.017984281802218918,-0.014769383805598165
2026-02-18,0.0,0.0,0.0,0,0,0,-0.017984281802218918,-0.014769383805598165
2026-02-19,0.0,0.0,0.0,0,0,0,-0.017984281802218918,-0.014769383805598165
2026-02-20,0.0,0.0,0.0,0,0,0,-0.017984281802218918,-0.014769383805598165
2026-02-23,0.0,0.0,0.0,0,0,0,-0.017984281802218918,-0.014769383805598165
2026-02-24,0.0,0.0,0.0,0,0,0,-0.017984281802218918,-0.014769383805598165
2026-02-25,0.0,0.0,0.0,0,0,0,-0.017984281802218918,-0.014769383805598165
2026-02-26,0.0,0.0,0.0,0,0,0,-0.017984281802218918,-0.014769383805598165
2026-02-27,0.0,0.0,0.0,0,0,0,-0.017984281802218918,-0.014769383805598165
2026-03-02,0.0,0.0,0.0,0,0,0,-0.017984281802218918,-0.014769383805598165
2026-03-03,0.0,0.0,0.0,0,0,0,-0.017984281802218918,-0.014769383805598165
2026-03-04,0.0,0.0,0.0,0,0,0,-0.017984281802218918,-0.014769383805598165
2026-03-05,0.0,0.0,0.0,0,0,0,-0.017984281802218918,-0.014769383805598165
2026-03-06,0.0,0.0,0.0,0,0,0,-0.017984281802218918,-0.014769383805598165
2026-03-09,0.0,0.0,0.0,0,0,0,-0.017984281802218918,-0.014769383805598165
2026-03-10,0.0,0.0,0.0,0,0,0,-0.017984281802218918,-0.014769383805598165
2026-03-11,0.0,0.0,0.0,0,0,0,-0.017984281802218918,-0.014769383805598165
2026-03-12,0.0,0.0,0.0,0,0,0,-0.017984281802218918,-0.014769383805598165
2026-03-13,0.0,0.0,0.0,0,0,0,-0.017984281802218918,-0.014769383805598165
2026-03-16,0.0,0.0,0.0,0,0,0,-0.017984281802218918,-0.014769383805598165
2026-03-17,0.0,0.0,0.0,0,0,0,-0.017984281802218918,-0.014769383805598165
2026-03-18,0.0,0.0,0.0,0,0,0,-0.017984281802218918,-0.014769383805598165
2026-03-19,0.0,0.0,0.0,0,0,0,-0.017984281802218918,-0.014769383805598165
2026-03-20,0.0,0.0,0.0,0,0,0,-0.017984281802218918,-0.014769383805598165
2026-03-23,0.0,0.0,0.0,0,0,0,-0.017984281802218918,-0.014769383805598165
2026-03-24,0.0,0.0,0.0,0,0,0,-0.017984281802218918,-0.014769383805598165
2026-03-25,0.0,0.0,0.0,0,0,0,-0.017984281802218918,-0.014769383805598165
2026-03-26,0.0,0.0,0.0,0,0,0,-0.017984281802218918,-0.014769383805598165
2026-03-27,0.0,0.0,0.0,0,0,0,-0.017984281802218918,-0.014769383805598165
2026-03-30,0.0,0.0,0.0,0,0,0,-0.017984281802218918,-0.014769383805598165
2026-03-31,0.0,0.0,0.0,0,0,0,-0.017984281802218918,-0.014769383805598165
2026-04-01,0.0,0.0,0.0,0,0,0,-0.017984281802218918,-0.014769383805598165
2026-04-02,0.0,0.0,0.0,0,0,0,-0.017984281802218918,-0.014769383805598165
2026-04-03,0.0,0.0,0.0,0,0,0,-0.017984281802218918,-0.014769383805598165
2026-04-06,0.0,0.0,0.0,0,0,0,-0.017984281802218918,-0.014769383805598165
2026-04-07,0.0,0.0,0.0,0,0,0,-0.017984281802218918,-0.014769383805598165
2026-04-08,0.0,0.0,0.0,0,0,0,-0.017984281802218918,-0.014769383805598165
2026-04-09,0.0,0.0,0.0,0,0,0,-0.017984281802218918,-0.014769383805598165
2026-04-10,0.0,0.0,0.0,0,0,0,-0.017984281802218918,-0.014769383805598165
2026-04-13,0.0,0.0,0.0,0,0,0,-0.017984281802218918,-0.014769383805598165
2026-04-14,0.0,0.0,0.0,0,0,0,-0.017984281802218918,-0.014769383805598165
2026-04-15,0.0,0.0,0.0,0,0,0,-0.017984281802218918,-0.014769383805598165
2026-04-16,0.0,0.0,0.0,0,0,0,-0.017984281802218918,-0.014769383805598165
2026-04-17,0.0,0.0,0.0,0,0,0,-0.017984281802218918,-0.014769383805598165
2026-04-20,0.0,0.0,0.0,0,0,0,-0.017984281802218918,-0.014769383805598165
2026-04-21,0.0,0.0,0.0,0,0,0,-0.017984281802218918,-0.014769383805598165
2026-04-22,0.0,0.0,0.0,0,0,0,-0.017984281802218918,-0.014769383805598165
2026-04-23,0.0,0.0,0.0,0,0,0,-0.017984281802218918,-0.014769383805598165
2026-04-24,0.0,0.0,0.0,0,0,0,-0.017984281802218918,-0.014769383805598165
2026-04-27,0.0,0.0,0.0,0,0,0,-0.017984281802218918,-0.014769383805598165
2026-04-28,0.0,0.0,0.0,0,0,0,-0.017984281802218918,-0.014769383805598165
2026-04-29,0.0,0.0,0.0,0,0,0,-0.017984281802218918,-0.014769383805598165
2026-04-30,0.0,0.0,0.0,0,0,0,-0.017984281802218918,-0.014769383805598165
2026-05-01,0.0,0.0,0.0,0,0,0,-0.017984281802218918,-0.014769383805598165
2026-05-04,0.0,0.0,0.0,0,0,0,-0.017984281802218918,-0.014769383805598165
2026-05-05,0.0,0.0,0.0,0,0,0,-0.017984281802218918,-0.014769383805598165
2026-05-06,0.0,0.0,0.0,0,0,0,-0.017984281802218918,-0.014769383805598165
2026-05-07,0.0,0.0,0.0,0,0,0,-0.017984281802218918,-0.014769383805598165
2026-05-08,0.0,0.0,0.0,0,0,0,-0.017984281802218918,-0.014769383805598165
2026-05-11,0.0,0.0,0.0,0,0,0,-0.017984281802218918,-0.014769383805598165
2026-05-12,0.0,0.0,0.0,0,0,0,-0.017984281802218918,-0.014769383805598165
2026-05-13,0.0,0.0,0.0,0,0,0,-0.017984281802218918,-0.014769383805598165
2026-05-14,0.0,0.0,0.0,0,0,0,-0.017984281802218918,-0.014769383805598165
2026-05-15,0.0,0.0,0.0,0,0,0,-0.017984281802218918,-0.014769383805598165
2026-05-18,0.0,0.0,0.0,0,0,0,-0.017984281802218918,-0.014769383805598165
2026-05-19,0.0,0.0,0.0,0,0,0,-0.017984281802218918,-0.014769383805598165
2026-05-20,0.0,0.0,0.0,0,0,0,-0.017984281802218918,-0.014769383805598165
2026-05-21,0.0,0.0,0.0,0,0,0,-0.017984281802218918,-0.014769383805598165
2026-05-22,0.0,0.0,0.0,0,0,0,-0.017984281802218918,-0.014769383805598165
2026-05-26,0.0,0.0,0.0,0,0,0,-0.017984281802218918,-0.014769383805598165
2026-05-27,0.0,0.0,0.0,0,0,0,-0.017984281802218918,-0.014769383805598165
2026-05-28,0.0,0.0,0.0,0,0,0,-0.017984281802218918,-0.014769383805598165
2026-05-29,0.0,0.0,0.0,0,0,0,-0.017984281802218918,-0.014769383805598165
2026-06-01,0.0,0.0,0.0,0,0,0,-0.017984281802218918,-0.014769383805598165
2026-06-02,0.0,0.0,0.0,0,0,0,-0.017984281802218918,-0.014769383805598165
2026-06-03,0.0,0.0,0.0,0,0,0,-0.017984281802218918,-0.014769383805598165
2026-06-04,0.0,0.0,0.0,0,0,0,-0.017984281802218918,-0.014769383805598165
2026-06-05,0.0,0.0,0.0,0,0,0,-0.017984281802218918,-0.014769383805598165
2026-06-08,0.0,0.0,0.0,0,0,0,-0.017984281802218918,-0.014769383805598165
2026-06-09,0.0,0.0,0.0,0,0,0,-0.017984281802218918,-0.014769383805598165
2026-06-10,0.0,0.0,0.0,0,0,0,-0.017984281802218918,-0.014769383805598165
2026-06-11,0.0,0.0,0.0,0,0,0,-0.017984281802218918,-0.014769383805598165
2026-06-12,0.0,0.0,0.0,0,0,0,-0.017984281802218918,-0.014769383805598165
2026-06-15,0.0,0.0,0.0,0,0,0,-0.017984281802218918,-0.014769383805598165
2026-06-16,0.0,0.0,0.0,0,0,0,-0.017984281802218918,-0.014769383805598165
2026-06-17,0.0,0.0,0.0,0,0,0,-0.017984281802218918,-0.014769383805598165
2026-06-18,0.0,0.0,0.0,0,0,0,-0.017984281802218918,-0.014769383805598165
2026-06-22,0.0,0.0,0.0,0,0,0,-0.017984281802218918,-0.014769383805598165
2026-06-23,0.0,0.0,0.0,0,0,0,-0.017984281802218918,-0.014769383805598165
2026-06-24,0.0,0.0,0.0,0,0,0,-0.017984281802218918,-0.014769383805598165
2026-06-25,0.0,0.0,0.0,0,0,0,-0.017984281802218918,-0.014769383805598165
2026-06-26,0.0,0.0,0.0,0,0,0,-0.017984281802218918,-0.014769383805598165
2026-06-29,0.0,0.0,0.0,0,0,0,-0.017984281802218918,-0.014769383805598165
2026-06-30,0.0,0.0,0.0,0,0,0,-0.017984281802218918,-0.014769383805598165
2026-07-01,0.0,0.0,0.0,0,0,0,-0.017984281802218918,-0.014769383805598165
2026-07-02,0.0,0.0,0.0,0,0,0,-0.017984281802218918,-0.014769383805598165
2026-07-06,0.0,0.0,0.0,0,0,0,-0.017984281802218918,-0.014769383805598165
2026-07-07,0.0,0.0,0.0,0,0,0,-0.017984281802218918,-0.014769383805598165
2026-07-08,0.0,0.0,0.0,0,0,0,-0.017984281802218918,-0.014769383805598165
2026-07-09,0.0,0.0,0.0,0,0,0,-0.017984281802218918,-0.014769383805598165
2026-07-10,0.0,0.0,0.0,0,0,0,-0.017984281802218918,-0.014769383805598165
2026-07-13,0.0,0.0,0.0,0,0,0,-0.017984281802218918,-0.014769383805598165
2026-07-14,0.0,0.0,0.0,0,0,0,-0.017984281802218918,-0.014769383805598165
2026-07-15,0.0,0.0,0.0,0,0,0,-0.017984281802218918,-0.014769383805598165
2026-07-16,0.0,0.0,0.0,0,0,0,-0.017984281802218918,-0.014769383805598165
2026-07-17,0.0,0.0,0.0,0,0,0,-0.017984281802218918,-0.014769383805598165
2026-07-20,0.0,0.0,0.0,0,0,0,-0.017984281802218918,-0.014769383805598165
2026-07-21,0.0,0.0,0.0,0,0,0,-0.017984281802218918,-0.014769383805598165
2026-07-22,0.0,0.0,0.0,0,0,0,-0.017984281802218918,-0.014769383805598165
2026-07-23,0.0,0.0,0.0,0,0,0,-0.017984281802218918,-0.014769383805598165
2026-07-24,0.0,0.0,0.0,0,0,0,-0.017984281802218918,-0.014769383805598165
2026-07-27,0.0,0.0,0.0,0,0,0,-0.017984281802218918,-0.014769383805598165
2026-07-28,0.0,0.0,0.0,0,0,0,-0.017984281802218918,-0.014769383805598165
2026-07-29,0.0,0.0,0.0,0,0,0,-0.017984281802218918,-0.014769383805598165
2026-07-30,0.0,0.0,0.0,0,0,0,-0.017984281802218918,-0.014769383805598165
2026-07-31,0.0,0.0,0.0,0,0,0,-0.017984281802218918,-0.014769383805598165
2026-08-03,0.0,0.0,0.0,0,0,0,-0.017984281802218918,-0.014769383805598165
2026-08-04,0.0,0.0,0.0,0,0,0,-0.017984281802218918,-0.014769383805598165
2026-08-05,0.0,0.0,0.0,0,0,0,-0.017984281802218918,-0.014769383805598165
2026-08-06,0.0,0.0,0.0,0,0,0,-0.017984281802218918,-0.014769383805598165
2026-08-07,0.0,0.0,0.0,0,0,0,-0.017984281802218918,-0.014769383805598165
2026-08-10,0.0,0.0,0.0,0,0,0,-0.017984281802218918,-0.014769383805598165
2026-08-11,0.0,0.0,0.0,0,0,0,-0.017984281802218918,-0.014769383805598165
2026-08-12,0.0,0.0,0.0,0,0,0,-0.017984281802218918,-0.014769383805598165
2026-08-13,0.0,0.0,0.0,0,0,0,-0.017984281802218918,-0.014769383805598165
2026-08-14,0.0,0.0,0.0,0,0,0,-0.017984281802218918,-0.014769383805598165
2026-08-17,0.0,0.0,0.0,0,0,0,-0.017984281802218918,-0.014769383805598165
2026-08-18,0.0,0.0,0.0,0,0,0,-0.017984281802218918,-0.014769383805598165
2026-08-19,0.0,0.0,0.0,0,0,0,-0.017984281802218918,-0.014769383805598165
2026-08-20,0.0,0.0,0.0,0,0,0,-0.017984281802218918,-0.014769383805598165
2026-08-21,0.0,0.0,0.0,0,0,0,-0.017984281802218918,-0.014769383805598165
2026-08-24,0.0,0.0,0.0,0,0,0,-0.017984281802218918,-0.014769383805598165
2026-08-25,0.0,0.0,0.0,0,0,0,-0.017984281802218918,-0.014769383805598165
2026-08-26,0.0,0.0,0.0,0,0,0,-0.017984281802218918,-0.014769383805598165
2026-08-27,0.0,0.0,0.0,0,0,0,-0.017984281802218918,-0.014769383805598165
2026-08-28,0.0,0.0,0.0,0,0,0,-0.017984281802218918,-0.014769383805598165
2026-08-31,0.0,0.0,0.0,0,0,0,-0.017984281802218918,-0.014769383805598165
2026-09-01,0.0,0.0,0.0,0,0,0,-0.017984281802218918,-0.014769383805598165
2026-09-02,0.0,0.0,0.0,0,0,0,-0.017984281802218918,-0.014769383805598165
2026-09-03,0.0,0.0,0.0,0,0,0,-0.017984281802218918,-0.014769383805598165
2026-09-04,0.0,0.0,0.0,0,0,0,-0.017984281802218918,-0.014769383805598165
2026-09-08,0.0,0.0,0.0,0,0,0,-0.017984281802218918,-0.014769383805598165
2026-09-09,0.0,0.0,0.0,0,0,0,-0.017984281802218918,-0.014769383805598165
2026-09-10,0.0,0.0,0.0,0,0,0,-0.017984281802218918,-0.014769383805598165
2026-09-11,0.0,0.0,0.0,0,0,0,-0.017984281802218918,-0.014769383805598165
2026-09-14,0.0,0.0,0.0,0,0,0,-0.017984281802218918,-0.014769383805598165
2026-09-15,0.0,0.0,0.0,0,0,0,-0.017984281802218918,-0.014769383805598165
2026-09-16,0.0,0.0,0.0,0,0,0,-0.017984281802218918,-0.014769383805598165
2026-09-17,0.0,0.0,0.0,0,0,0,-0.017984281802218918,-0.014769383805598165
2026-09-18,0.0,0.0,0.0,0,0,0,-0.017984281802218918,-0.014769383805598165
2026-09-21,0.0,0.0,0.0,0,0,0,-0.017984281802218918,-0.014769383805598165
2026-09-22,0.0,0.0,0.0,0,0,0,-0.017984281802218918,-0.014769383805598165
2026-09-23,0.0,0.0,0.0,0,0,0,-0.017984281802218918,-0.014769383805598165
2026-09-24,0.0,0.0,0.0,0,0,0,-0.017984281802218918,-0.014769383805598165
2026-09-25,0.0,0.0,0.0,0,0,0,-0.017984281802218918,-0.014769383805598165
