Date,EURUSD,GBPUSD
2006-01-03,1.19804,1.74034
2006-01-04,1.20904,1.75871
2006-01-05,1.21007,1.75654
2006-01-06,1.21477,1.7696
2006-01-09,1.20642,1.7646
2006-01-10,1.20627,1.7646
2006-01-11,1.21344,1.76429
2006-01-12,1.20351,1.76118
2006-01-13,1.21036,1.77148
2006-01-17,1.20729,1.76274
2006-01-18,1.20831,1.76211
2006-01-19,1.21095,1.7618
2006-01-20,1.21007,1.76616
2006-01-23,1.2276,1.78412
2006-01-24,1.22865,1.78859
2006-01-25,1.22519,1.78731
2006-01-26,1.22294,1.78285
2006-01-27,1.213,1.77336
2006-01-30,1.20904,1.76866
2006-01-31,1.21581,1.7819
2006-02-01,1.20919,1.77809
2006-02-02,1.21007,1.78063
2006-02-03,1.20207,1.76274
2006-02-06,1.19703,1.74611
2006-02-07,1.19746,1.74429
2006-02-08,1.19346,1.74064
2006-02-09,1.19632,1.74125
2006-02-10,1.19204,1.74551
2006-02-13,1.19048,1.74368
2006-02-14,1.18948,1.7343
2006-02-15,1.18835,1.74004
2006-02-16,1.18821,1.73551
2006-02-17,1.19062,1.74034
2006-02-21,1.19119,1.74459
2006-02-22,1.19048,1.74246
2006-02-23,1.19232,1.75223
2006-02-24,1.18821,1.7449
2006-02-27,1.18596,1.74095
2006-02-28,1.19246,1.75377
2006-03-01,1.18991,1.74734
2006-03-02,1.20034,1.74917
2006-03-03,1.20279,1.75316
2006-03-06,1.20019,1.74917
2006-03-07,1.18878,1.73611
2006-03-08,1.19147,1.73581
2006-03-09,1.19204,1.73671
2006-03-10,1.18864,1.72563
2006-03-13,1.19417,1.731
2006-03-14,1.2025,1.74795
2006-03-15,1.20453,1.74611
2006-03-16,1.21507,1.75531
2006-03-17,1.21966,1.75685
2006-03-20,1.21684,1.75623
2006-03-21,1.20788,1.74581
2006-03-22,1.20948,1.74825
2006-03-23,1.19847,1.73671
2006-03-24,1.20337,1.74277
2006-03-27,1.20149,1.74703
2006-03-28,1.20773,1.74978
2006-03-29,1.20294,1.73551
2006-03-30,1.21315,1.7449
2006-03-31,1.21389,1.73943
2006-04-03,1.21242,1.73883
2006-04-04,1.22579,1.75593
2006-04-05,1.22714,1.74978
2006-04-06,1.2216,1.75039
2006-04-07,1.21095,1.74064
2006-04-10,1.20904,1.74064
2006-04-11,1.21256,1.74672
2006-04-12,1.21065,1.7507
2006-04-13,1.21065,1.75285
2006-04-14,1.21065,1.75101
2006-04-17,1.22669,1.77148
2006-04-18,1.22745,1.7762
2006-04-19,1.23457,1.78955
2006-04-20,1.23259,1.77999
2006-04-21,1.23396,1.78158
2006-04-24,1.23732,1.7838
2006-04-25,1.24116,1.78763
2006-04-26,1.24642,1.78955
2006-04-27,1.25251,1.80115
2006-04-28,1.26247,1.82216
2006-05-01,1.26072,1.82849
2006-05-02,1.26438,1.83959
2006-05-03,1.2639,1.84468
2006-05-04,1.26839,1.84843
2006-05-05,1.27324,1.85874
2006-05-08,1.27194,1.85839
2006-05-09,1.2747,1.86324
2006-05-10,1.27992,1.86463
2006-05-11,1.28551,1.8843
2006-05-12,1.28883,1.89107
2006-05-15,1.28254,1.88359
2006-05-16,1.28172,1.88182
2006-05-17,1.27226,1.88218
2006-05-18,1.27943,1.88786
2006-05-19,1.27502,1.87547
2006-05-22,1.28502,1.88608
2006-05-23,1.28436,1.88076
2006-05-24,1.2747,1.86776
2006-05-25,1.27763,1.87196
2006-05-26,1.27389,1.85667
2006-05-30,1.28684,1.88253
2006-05-31,1.28337,1.87336
2006-06-01,1.28238,1.86846
2006-06-02,1.29116,1.88182
2006-06-05,1.29534,1.87864
2006-06-06,1.28287,1.86081
2006-06-07,1.27992,1.85839
2006-06-08,1.26486,1.84264
2006-06-09,1.26358,1.84264
2006-06-12,1.25865,1.844
2006-06-13,1.25739,1.83993
2006-06-14,1.2631,1.84911
2006-06-15,1.26167,1.84775
2006-06-16,1.26231,1.84843
2006-06-19,1.2577,1.84026
2006-06-20,1.25676,1.83993
2006-06-21,1.26646,1.84604
2006-06-22,1.25818,1.8305
2006-06-23,1.25219,1.8205
2006-06-26,1.25534,1.81884
2006-06-27,1.25897,1.82382
2006-06-28,1.25313,1.81587
2006-06-29,1.25345,1.81094
2006-06-30,1.27796,1.84911
2006-07-03,1.27926,1.84094
2006-07-05,1.27259,1.83419
2006-07-06,1.27567,1.83756
2006-07-07,1.28222,1.85117
2006-07-10,1.27502,1.84196
2006-07-11,1.27535,1.84298
2006-07-12,1.27065,1.83486
2006-07-13,1.26727,1.84026
2006-07-14,1.26406,1.83655
2006-07-17,1.25298,1.82017
2006-07-18,1.25,1.82715
2006-07-19,1.25597,1.83756
2006-07-20,1.2639,1.84945
2006-07-21,1.26839,1.85874
2006-07-24,1.26295,1.84911
2006-07-25,1.25755,1.8406
2006-07-26,1.26279,1.8474
2006-07-27,1.27324,1.86254
2006-07-28,1.27486,1.86463
2006-07-31,1.27632,1.86846
2006-08-01,1.27779,1.87126
2006-08-02,1.27975,1.87793
2006-08-03,1.27796,1.88466
2006-08-04,1.28932,1.90985
2006-08-07,1.28667,1.91022
2006-08-08,1.28386,1.90767
2006-08-09,1.28883,1.90876
2006-08-10,1.27649,1.88893
2006-08-11,1.27567,1.89538
2006-08-14,1.27356,1.89036
2006-08-15,1.27877,1.89466
2006-08-16,1.28634,1.90006
2006-08-17,1.287,1.89394
2006-08-18,1.28107,1.88076
2006-08-21,1.29132,1.89681
2006-08-22,1.28041,1.88822
2006-08-23,1.27943,1.89286
2006-08-24,1.276,1.88857
2006-08-25,1.27665,1.88857
2006-08-28,1.27845,1.89681
2006-08-29,1.27681,1.89143
2006-08-30,1.28254,1.90404
2006-08-31,1.27926,1.90223
2006-09-01,1.28337,1.90512
2006-09-05,1.28107,1.89251
2006-09-06,1.27877,1.88111
2006-09-07,1.27567,1.87617
2006-09-08,1.26727,1.86567
2006-09-11,1.26984,1.86289
2006-09-12,1.26936,1.87477
2006-09-13,1.27081,1.87652
2006-09-14,1.27356,1.88857
2006-09-15,1.26486,1.87829
2006-09-18,1.26711,1.87723
2006-09-19,1.26823,1.88288
2006-09-20,1.27016,1.88929
2006-09-21,1.27307,1.89717
2006-09-22,1.27959,1.90114
2006-09-25,1.2747,1.90006
2006-09-26,1.26871,1.89538
2006-09-27,1.26984,1.88644
2006-09-28,1.26968,1.87477
2006-09-29,1.26871,1.87161
2006-10-02,1.27437,1.88608
2006-10-03,1.27275,1.88715
2006-10-04,1.26871,1.88395
2006-10-05,1.26871,1.87723
2006-10-06,1.25992,1.87126
2006-10-10,1.25408,1.85494
2006-10-11,1.25471,1.85667
2006-10-12,1.25376,1.85563
2006-10-13,1.25016,1.85494
2006-10-16,1.25188,1.86047
2006-10-17,1.25644,1.87336
2006-10-18,1.25156,1.86741
2006-10-19,1.25945,1.87617
2006-10-20,1.26135,1.88288
2006-10-23,1.25439,1.87091
2006-10-24,1.25644,1.87441
2006-10-25,1.25913,1.87723
2006-10-26,1.26695,1.8875
2006-10-27,1.27243,1.89681
2006-10-30,1.27178,1.90259
2006-10-31,1.2773,1.9084
2006-11-01,1.27714,1.90913
2006-11-02,1.27796,1.90876
2006-11-03,1.27049,1.90114
2006-11-06,1.27146,1.89681
2006-11-07,1.28057,1.90985
2006-11-08,1.27747,1.90585
2006-11-09,1.28353,1.90658
2006-11-10,1.28617,1.91205
2006-11-13,1.28107,1.90223
2006-11-14,1.28123,1.89466
2006-11-15,1.28074,1.88822
2006-11-16,1.28074,1.89036
2006-11-17,1.28238,1.89358
2006-11-20,1.28107,1.89645
2006-11-21,1.28238,1.89825
2006-11-22,1.29282,1.91461
2006-11-24,1.30804,1.93162
2006-11-27,1.31199,1.93686
2006-11-28,1.31614,1.94818
2006-11-29,1.31458,1.94932
2006-11-30,1.32608,1.96928
2006-12-01,1.33156,1.97941
2006-12-04,1.33262,1.97863
2006-12-05,1.33262,1.97472
2006-12-06,1.33067,1.96928
2006-12-07,1.32961,1.96271
2006-12-08,1.32153,1.95656
2006-12-11,1.32223,1.95503
2006-12-12,1.32328,1.96541
2006-12-13,1.32153,1.96618
2006-12-14,1.31735,1.96464
2006-12-15,1.30941,1.95389
2006-12-18,1.30736,1.9459
2006-12-19,1.31944,1.96657
2006-12-20,1.31822,1.96464
2006-12-21,1.31752,1.96232
2006-12-22,1.31303,1.95695
2006-12-26,1.3132,1.95695
2006-12-27,1.31251,1.95656
2006-12-28,1.31579,1.96194
2006-12-29,1.31978,1.95848
2007-01-02,1.32855,1.97355
2007-01-03,1.31683,1.9497
2007-01-04,1.30941,1.94439
2007-01-05,1.30056,1.9305
2007-01-08,1.30225,1.93836
2007-01-09,1.29955,1.93986
2007-01-10,1.294,1.93349
2007-01-11,1.29032,1.94401
2007-01-12,1.29266,1.95771
2007-01-16,1.29182,1.9604
2007-01-17,1.29483,1.972
2007-01-18,1.29416,1.97161
2007-01-19,1.29685,1.97589
2007-01-22,1.29567,1.97707
2007-01-23,1.30242,1.98452
2007-01-24,1.29634,1.96734
2007-01-25,1.29803,1.97044
2007-01-26,1.29082,1.95963
2007-01-29,1.29483,1.95925
2007-01-30,1.29534,1.96155
2007-01-31,1.29988,1.96117
2007-02-01,1.30208,1.9685
2007-02-02,1.29601,1.96618
2007-02-05,1.29333,1.96002
2007-02-06,1.29685,1.96928
2007-02-07,1.30208,1.97006
2007-02-08,1.30344,1.95848
2007-02-09,1.30056,1.95122
2007-02-12,1.29618,1.94742
2007-02-13,1.30242,1.94439
2007-02-14,1.31268,1.96271
2007-02-15,1.31406,1.95312
2007-02-16,1.31372,1.95008
2007-02-20,1.31337,1.95465
2007-02-21,1.31268,1.95236
2007-02-22,1.31337,1.95695
2007-02-23,1.31648,1.96386
2007-02-26,1.31596,1.96309
2007-02-27,1.32468,1.96618
2007-02-28,1.32293,1.96117
2007-03-01,1.31735,1.95771
2007-03-02,1.31822,1.9459
2007-03-05,1.30941,1.92345
2007-03-06,1.31079,1.92715
2007-03-07,1.31475,1.93162
2007-03-08,1.31285,1.93013
2007-03-09,1.31182,1.93162
2007-03-12,1.31857,1.92901
2007-03-13,1.31996,1.93237
2007-03-14,1.32275,1.93386
2007-03-15,1.32485,1.93648
2007-03-16,1.33067,1.94212
2007-03-19,1.32996,1.9459
2007-03-20,1.32908,1.9581
2007-03-21,1.33049,1.95963
2007-03-22,1.33583,1.96734
2007-03-23,1.33014,1.96309
2007-03-26,1.33351,1.96928
2007-03-27,1.33565,1.96657
2007-03-28,1.33316,1.96117
2007-03-29,1.33351,1.96271
2007-03-30,1.33743,1.9685
2007-04-02,1.33743,1.97863
2007-04-03,1.33636,1.97824
2007-04-04,1.33636,1.9755
2007-04-05,1.34264,1.97083
2007-04-06,1.33797,1.96541
2007-04-09,1.33672,1.96078
2007-04-10,1.34354,1.97161
2007-04-11,1.34354,1.97863
2007-04-12,1.34844,1.97707
2007-04-13,1.35172,1.98295
2007-04-16,1.35501,1.99084
2007-04-17,1.35685,2.00602
2007-04-18,1.3574,2.00401
2007-04-19,1.36054,2.0028
2007-04-20,1.36017,2.00481
2007-04-23,1.35796,2.0016
2007-04-24,1.36221,2.0028
2007-04-25,1.36463,2.00401
2007-04-26,1.35906,1.99045
2007-04-27,1.36258,1.9984
2007-04-30,1.36593,2.0
2007-05-01,1.35999,1.9992
2007-05-02,1.3598,1.99084
2007-05-03,1.35667,1.98768
2007-05-04,1.3587,1.99322
2007-05-07,1.36166,1.99442
2007-05-08,1.35318,1.99005
2007-05-09,1.35483,1.99641
2007-05-10,1.35117,1.98334
2007-05-11,1.3519,1.98255
2007-05-14,1.35446,1.9802
2007-05-15,1.36036,1.9861
2007-05-16,1.35227,1.97746
2007-05-17,1.34935,1.97472
2007-05-18,1.35117,1.9755
2007-05-21,1.34571,1.96967
2007-05-22,1.34644,1.97668
2007-05-23,1.34825,1.98807
2007-05-24,1.34282,1.98531
2007-05-25,1.34517,1.98452
2007-05-29,1.34825,1.98138
2007-05-30,1.34192,1.97472
2007-05-31,1.34535,1.97981
2007-06-01,1.34409,1.98059
2007-06-04,1.3488,1.99203
2007-06-05,1.35263,1.99402
2007-06-06,1.34916,1.99164
2007-06-07,1.34553,1.97981
2007-06-08,1.33583,1.9658
2007-06-11,1.33583,1.9685
2007-06-12,1.33245,1.97511
2007-06-13,1.32943,1.97278
2007-06-14,1.33103,1.96967
2007-06-15,1.33654,1.97668
2007-06-18,1.34012,1.98216
2007-06-19,1.34156,1.98847
2007-06-20,1.34264,1.99362
2007-06-21,1.33994,1.99243
2007-06-22,1.34372,1.9976
2007-06-25,1.34499,1.99601
2007-06-26,1.3468,1.9996
2007-06-27,1.34336,1.99641
2007-06-28,1.34662,2.002
2007-06-29,1.35208,2.00642
2007-07-02,1.36277,2.01613
2007-07-03,1.36147,2.01694
2007-07-05,1.35925,2.01126
2007-07-06,1.36258,2.01207
2007-07-09,1.36221,2.01654
2007-07-10,1.37137,2.0247
2007-07-11,1.37571,2.03211
2007-07-12,1.3776,2.02881
2007-07-13,1.37874,2.03459
2007-07-16,1.37855,2.03749
2007-07-17,1.37817,2.04541
2007-07-18,1.38083,2.05339
2007-07-19,1.38102,2.04918
2007-07-20,1.38313,2.05677
2007-07-23,1.38179,2.05846
2007-07-24,1.38236,2.06271
2007-07-25,1.37118,2.05128
2007-07-26,1.37306,2.04876
2007-07-27,1.36463,2.02881
2007-07-30,1.36818,2.02388
2007-07-31,1.37118,2.03625
2007-08-01,1.36818,2.03087
2007-08-02,1.3693,2.03459
2007-08-03,1.37855,2.04248
2007-08-06,1.37893,2.02922
2007-08-07,1.37476,2.0202
2007-08-08,1.38083,2.03666
2007-08-09,1.37005,2.02716
2007-08-10,1.36855,2.02184
2007-08-13,1.3624,2.01248
2007-08-14,1.35814,2.0
2007-08-15,1.34789,1.99243
2007-08-16,1.34012,1.98295
2007-08-17,1.34916,1.98295
2007-08-20,1.3468,1.98295
2007-08-21,1.34825,1.98138
2007-08-22,1.35355,1.99164
2007-08-23,1.35593,2.00361
2007-08-24,1.36444,2.01005
2007-08-27,1.36444,2.01329
2007-08-28,1.36258,2.00642
2007-08-29,1.36743,2.01816
2007-08-30,1.36482,2.01613
2007-08-31,1.36407,2.01654
2007-09-03,1.36407,2.01654
2007-09-04,1.36054,2.01086
2007-09-05,1.36687,2.02224
2007-09-06,1.36968,2.02429
2007-09-07,1.37722,2.0284
2007-09-10,1.37931,2.02881
2007-09-11,1.3837,2.03169
2007-09-12,1.39043,2.03128
2007-09-13,1.3885,2.02799
2007-09-14,1.38485,2.00682
2007-09-17,1.386,1.99203
2007-09-18,1.38696,1.9972
2007-09-19,1.39509,1.9984
2007-09-20,1.40924,2.01329
2007-09-21,1.40766,2.02061
2007-09-24,1.40865,2.02224
2007-09-25,1.41283,2.01694
2007-09-26,1.41263,2.01572
2007-09-27,1.41383,2.02347
2007-09-28,1.42187,2.03874
2007-10-01,1.42288,2.04374
2007-10-02,1.41623,2.04165
2007-10-03,1.41343,2.03707
2007-10-04,1.41283,2.03915
2007-10-05,1.41543,2.04374
2007-10-08,1.41543,2.04374
2007-10-09,1.40924,2.03293
2007-10-10,1.41563,2.04332
2007-10-11,1.42288,2.03417
2007-10-12,1.41683,2.03417
2007-10-15,1.42167,2.04207
2007-10-16,1.41643,2.03252
2007-10-17,1.42086,2.03874
2007-10-18,1.42918,2.04583
2007-10-19,1.42633,2.04834
2007-10-22,1.41383,2.02799
2007-10-23,1.4247,2.0496
2007-10-24,1.42369,2.04918
2007-10-25,1.43,2.04834
2007-10-26,1.43906,2.05128
2007-10-29,1.44051,2.06101
2007-10-30,1.44238,2.06697
2007-10-31,1.44676,2.07771
2007-11-01,1.44342,2.0816
2007-11-02,1.44802,2.08203
2007-11-05,1.44697,2.07987
2007-11-06,1.4556,2.08594
2007-11-07,1.46671,2.10438
2007-11-08,1.46908,2.1106
2007-11-09,1.46649,2.09118
2007-11-13,1.45985,2.07297
2007-11-14,1.46692,2.05846
2007-11-15,1.46391,2.04834
2007-11-16,1.4652,2.04792
2007-11-19,1.46585,2.04792
2007-11-20,1.47863,2.06526
2007-11-21,1.4828,2.05846
2007-11-22,1.4828,2.05846
2007-11-23,1.48258,2.05634
2007-11-26,1.4861,2.06825
2007-11-27,1.4817,2.06526
2007-11-28,1.47493,2.06868
2007-11-29,1.47667,2.06441
2007-11-30,1.46886,2.05677
2007-12-03,1.46563,2.06569
2007-12-04,1.4758,2.05761
2007-12-05,1.46671,2.02881
2007-12-06,1.4637,2.02881
2007-12-07,1.46649,2.02881
2007-12-10,1.47145,2.04583
2007-12-11,1.47016,2.03874
2007-12-12,1.47016,2.0496
2007-12-13,1.459,2.03957
2007-12-14,1.44321,2.01979
2007-12-17,1.43699,2.01694
2007-12-18,1.43926,2.0141
2007-12-19,1.43431,1.99322
2007-12-20,1.43534,1.98216
2007-12-21,1.43616,1.98334
2007-12-24,1.44092,1.97746
2007-12-26,1.44991,1.98334
2007-12-27,1.46007,1.99084
2007-12-28,1.47189,1.99283
2007-12-31,1.46028,1.98413
2008-01-02,1.47384,1.98255
2008-01-03,1.47362,1.97316
2008-01-04,1.47863,1.97589
2008-01-07,1.46843,1.97044
2008-01-08,1.47167,1.97316
2008-01-09,1.46628,1.95656
2008-01-10,1.47406,1.95656
2008-01-11,1.47863,1.95925
2008-01-14,1.48765,1.95848
2008-01-15,1.48412,1.96696
2008-01-16,1.46434,1.96386
2008-01-17,1.46908,1.97433
2008-01-18,1.46156,1.95274
2008-01-22,1.46092,1.95771
2008-01-23,1.4573,1.9516
2008-01-24,1.47362,1.97316
2008-01-25,1.46735,1.9802
2008-01-28,1.47885,1.9857
2008-01-29,1.47667,1.9857
2008-01-30,1.4782,1.98807
2008-01-31,1.48412,1.98965
2008-02-01,1.485,1.96889
2008-02-04,1.48324,1.97785
2008-02-05,1.4637,1.96271
2008-02-06,1.46477,1.9604
2008-02-07,1.44949,1.94212
2008-02-08,1.45054,1.94742
2008-02-11,1.45054,1.94856
2008-02-12,1.45921,1.96232
2008-02-13,1.45688,1.96194
2008-02-14,1.46349,1.97083
2008-02-15,1.46735,1.96117
2008-02-19,1.47427,1.95122
2008-02-20,1.46628,1.94062
2008-02-21,1.48126,1.96155
2008-02-22,1.48258,1.96696
2008-02-25,1.48214,1.96696
2008-02-26,1.48898,1.97472
2008-02-27,1.51309,1.99243
2008-02-28,1.51722,1.98807
2008-02-29,1.5186,1.98649
2008-03-03,1.51953,1.98491
2008-03-04,1.52091,1.98531
2008-03-05,1.52812,1.99402
2008-03-06,1.53563,2.00723
2008-03-07,1.53327,2.01288
2008-03-10,1.53681,2.01654
2008-03-11,1.5328,2.00401
2008-03-12,1.54943,2.02102
2008-03-13,1.55836,2.03128
2008-03-14,1.56031,2.02922
2008-03-17,1.57654,2.0008
2008-03-18,1.57828,2.02143
2008-03-19,1.56421,1.9857
2008-03-20,1.54178,1.98216
2008-03-21,1.54464,1.98255
2008-03-24,1.53941,1.98531
2008-03-25,1.55958,1.9996
2008-03-26,1.57604,2.002
2008-03-27,1.57978,2.00965
2008-03-28,1.5758,1.98886
2008-03-31,1.58053,1.98531
2008-04-01,1.56152,1.97746
2008-04-02,1.56177,1.98255
2008-04-03,1.56666,1.99601
2008-04-04,1.57356,1.99481
2008-04-07,1.57134,1.98531
2008-04-08,1.5706,1.96889
2008-04-09,1.58028,1.97278
2008-04-10,1.57431,1.97433
2008-04-11,1.57953,1.97083
2008-04-14,1.58278,1.98177
2008-04-15,1.58003,1.96271
2008-04-16,1.5977,1.9755
2008-04-17,1.59236,1.99084
2008-04-18,1.57431,1.99641
2008-04-21,1.58806,1.98138
2008-04-22,1.60102,1.9992
2008-04-23,1.58983,1.97863
2008-04-24,1.56691,1.97161
2008-04-25,1.56348,1.98334
2008-04-28,1.5647,1.99084
2008-04-29,1.56031,1.97472
2008-04-30,1.5569,1.98452
2008-05-01,1.54583,1.97472
2008-05-02,1.54321,1.9755
2008-05-05,1.54919,1.96773
2008-05-06,1.55473,1.97472
2008-05-07,1.53704,1.95236
2008-05-08,1.54083,1.95427
2008-05-09,1.54464,1.94856
2008-05-12,1.55352,1.96155
2008-05-13,1.55087,1.94704
2008-05-14,1.54679,1.94515
2008-05-15,1.54919,1.94894
2008-05-16,1.55909,1.9581
2008-05-19,1.55159,1.94704
2008-05-20,1.56666,1.97044
2008-05-21,1.57729,1.96696
2008-05-22,1.57035,1.97863
2008-05-23,1.57828,1.98177
2008-05-27,1.57307,1.97511
2008-05-28,1.56274,1.98059
2008-05-29,1.5528,1.97589
2008-05-30,1.55594,1.97941
2008-06-02,1.55497,1.96657
2008-06-03,1.54536,1.96502
2008-06-04,1.54536,1.95465
2008-06-05,1.55594,1.95618
2008-06-06,1.57307,1.96967
2008-06-09,1.57183,1.97589
2008-06-10,1.54727,1.95427
2008-06-11,1.55618,1.96464
2008-06-12,1.54178,1.94666
2008-06-13,1.53681,1.9497
2008-06-16,1.54727,1.96386
2008-06-17,1.55183,1.95427
2008-06-18,1.55015,1.95695
2008-06-19,1.55015,1.97278
2008-06-20,1.5625,1.97355
2008-06-23,1.54919,1.96078
2008-06-24,1.55909,1.97083
2008-06-25,1.5569,1.96734
2008-06-26,1.57381,1.98728
2008-06-27,1.5748,1.99362
2008-06-30,1.5748,1.99045
2008-07-01,1.57778,1.99283
2008-07-02,1.5868,1.99243
2008-07-03,1.57085,1.98255
2008-07-07,1.5647,1.96967
2008-07-08,1.56519,1.9685
2008-07-09,1.57431,1.98138
2008-07-10,1.57704,1.97785
2008-07-11,1.58983,1.98965
2008-07-14,1.59134,1.99243
2008-07-15,1.59236,2.00361
2008-07-16,1.58479,1.9996
2008-07-17,1.58604,2.00361
2008-07-18,1.58554,1.9984
2008-07-21,1.58781,1.998
2008-07-22,1.58103,1.99402
2008-07-23,1.57085,2.002
2008-07-24,1.56568,1.98334
2008-07-25,1.56863,1.98807
2008-07-28,1.5748,1.99442
2008-07-29,1.55885,1.98059
2008-07-30,1.55594,1.98098
2008-07-31,1.55885,1.98059
2008-08-01,1.55666,1.97433
2008-08-04,1.5569,1.96078
2008-08-05,1.54679,1.95312
2008-08-06,1.54083,1.9478
2008-08-07,1.53421,1.94401
2008-08-08,1.50466,1.91939
2008-08-11,1.49589,1.91424
2008-08-12,1.49054,1.90042
2008-08-13,1.48943,1.86811
2008-08-14,1.48566,1.87161
2008-08-15,1.46951,1.86498
2008-08-18,1.47297,1.86741
2008-08-19,1.47449,1.86567
2008-08-20,1.47016,1.86047
2008-08-21,1.48743,1.87582
2008-08-22,1.47995,1.85426
2008-08-25,1.48038,1.85874
2008-08-26,1.46606,1.83857
2008-08-27,1.46843,1.83184
2008-08-28,1.46843,1.82648
2008-08-29,1.46692,1.81884
2008-09-02,1.45222,1.7854
2008-09-03,1.44886,1.77936
2008-09-04,1.43596,1.76897
2008-09-05,1.42735,1.76866
2008-09-08,1.41263,1.75439
2008-09-09,1.41723,1.7671
2008-09-10,1.40193,1.75469
2008-09-11,1.39392,1.74978
2008-09-12,1.41723,1.78955
2008-09-15,1.41743,1.78763
2008-09-16,1.41543,1.78031
2008-09-17,1.42146,1.78955
2008-09-18,1.43823,1.81851
2008-09-19,1.43843,1.82983
2008-09-22,1.46972,1.84843
2008-09-23,1.47362,1.85563
2008-09-24,1.46542,1.85014
2008-09-25,1.46434,1.8406
2008-09-26,1.45964,1.83993
2008-09-29,1.43802,1.8044
2008-09-30,1.40805,1.78031
2008-10-01,1.40588,1.78031
2008-10-02,1.38543,1.76554
2008-10-03,1.3816,1.77399
2008-10-06,1.3508,1.73792
2008-10-07,1.36482,1.75932
2008-10-08,1.36799,1.731
2008-10-09,1.36463,1.72236
2008-10-10,1.34716,1.70358
2008-10-14,1.36575,1.74825
2008-10-15,1.35667,1.74307
2008-10-16,1.34156,1.72444
2008-10-17,1.34626,1.7307
2008-10-20,1.33138,1.7135
2008-10-21,1.31027,1.68379
2008-10-22,1.28353,1.61734
2008-10-23,1.28783,1.61812
2008-10-24,1.2639,1.56299
2008-10-27,1.24456,1.54727
2008-10-28,1.24766,1.55909
2008-10-29,1.28518,1.62973
2008-10-30,1.28502,1.62707
2008-10-31,1.26823,1.61655
2008-11-03,1.27194,1.58554
2008-11-04,1.30208,1.60953
2008-11-05,1.30395,1.61551
2008-11-06,1.27567,1.58128
2008-11-07,1.27763,1.57878
2008-11-10,1.276,1.56397
2008-11-12,1.25581,1.50128
2008-11-13,1.25266,1.47995
2008-11-14,1.27307,1.4861
2008-11-17,1.27259,1.50308
2008-11-18,1.26904,1.50421
2008-11-19,1.25945,1.50943
2008-11-20,1.25251,1.47885
2008-11-21,1.25313,1.4817
2008-11-24,1.28899,1.51768
2008-11-25,1.30293,1.53492
2008-11-26,1.28287,1.52184
2008-11-28,1.26936,1.53468
2008-12-01,1.26342,1.4839
2008-12-02,1.27243,1.49499
2008-12-03,1.26695,1.4782
2008-12-04,1.28403,1.47907
2008-12-05,1.26534,1.46049
2008-12-08,1.29416,1.48302
2008-12-09,1.29366,1.47754
2008-12-10,1.30242,1.48302
2008-12-11,1.32943,1.49522
2008-12-12,1.33494,1.48743
2008-12-15,1.36631,1.52788
2008-12-16,1.38102,1.5321
2008-12-17,1.43575,1.5456
2008-12-18,1.4298,1.51035
2008-12-19,1.38754,1.48544
2008-12-22,1.39528,1.4806
2008-12-23,1.39665,1.47601
2008-12-24,1.39645,1.46735
2008-12-26,1.40627,1.46994
2008-12-29,1.42328,1.459
2008-12-30,1.40845,1.43947
2008-12-31,1.39198,1.46199
2009-01-02,1.39451,1.45201
2009-01-05,1.35759,1.46028
2009-01-06,1.34445,1.47776
2009-01-07,1.37174,1.52532
2009-01-08,1.37137,1.51906
2009-01-09,1.34953,1.52393
2009-01-12,1.33476,1.4828
2009-01-13,1.31978,1.45285
2009-01-14,1.31735,1.46177
2009-01-15,1.30941,1.46028
2009-01-16,1.32433,1.47362
2009-01-20,1.29467,1.40233
2009-01-21,1.287,1.37287
2009-01-22,1.2955,1.38408
2009-01-23,1.28485,1.36575
2009-01-26,1.31234,1.39606
2009-01-27,1.31596,1.41483
2009-01-28,1.32433,1.43164
2009-01-29,1.29887,1.42613
2009-01-30,1.28041,1.44134
2009-02-02,1.28074,1.42288
2009-02-03,1.30107,1.43947
2009-02-04,1.28568,1.44718
2009-02-05,1.28386,1.46327
2009-02-06,1.28733,1.47754
2009-02-09,1.30634,1.49365
2009-02-10,1.29668,1.46049
2009-02-11,1.28932,1.43678
2009-02-12,1.28222,1.4247
2009-02-13,1.28783,1.44217
2009-02-17,1.25707,1.42248
2009-02-18,1.25471,1.42349
2009-02-19,1.26743,1.43062
2009-02-20,1.26904,1.43328
2009-02-23,1.2747,1.45539
2009-02-24,1.27421,1.44071
2009-02-25,1.27307,1.42653
2009-02-26,1.27632,1.4341
2009-02-27,1.26614,1.42755
2009-03-02,1.25802,1.39899
2009-03-03,1.25486,1.40331
2009-03-04,1.26072,1.41423
2009-03-05,1.25644,1.41243
2009-03-06,1.26743,1.41103
2009-03-09,1.26358,1.37571
2009-03-10,1.27518,1.38408
2009-03-11,1.27747,1.37798
2009-03-12,1.27992,1.38102
2009-03-13,1.28916,1.39723
2009-03-16,1.29971,1.40905
2009-03-17,1.29719,1.40174
2009-03-18,1.31096,1.39743
2009-03-19,1.37306,1.45836
2009-03-20,1.35667,1.44342
2009-03-23,1.35685,1.4497
2009-03-24,1.35245,1.47297
2009-03-25,1.35391,1.45858
2009-03-26,1.35593,1.4497
2009-03-27,1.33067,1.43246
2009-03-30,1.31458,1.41483
2009-03-31,1.32608,1.43
2009-04-01,1.32223,1.4403
2009-04-02,1.34571,1.46994
2009-04-03,1.34463,1.48017
2009-04-06,1.33636,1.47124
2009-04-07,1.3282,1.47449
2009-04-08,1.32873,1.46929
2009-04-09,1.31492,1.4622
2009-04-10,1.31423,1.46349
2009-04-13,1.33547,1.48302
2009-04-14,1.32767,1.49076
2009-04-15,1.31822,1.49903
2009-04-16,1.31978,1.49098
2009-04-17,1.30293,1.47776
2009-04-20,1.29032,1.45328
2009-04-21,1.29786,1.46886
2009-04-22,1.30124,1.4497
2009-04-23,1.3048,1.46349
2009-04-24,1.32767,1.46972
2009-04-27,1.31354,1.46778
2009-04-28,1.30617,1.46071
2009-04-29,1.33245,1.48017
2009-04-30,1.32433,1.47995
2009-05-01,1.32679,1.4881
2009-05-04,1.33654,1.49858
2009-05-05,1.33743,1.50989
2009-05-06,1.33138,1.50625
2009-05-07,1.34102,1.50195
2009-05-08,1.34935,1.50898
2009-05-11,1.36203,1.51446
2009-05-12,1.36388,1.52393
2009-05-13,1.36129,1.51653
2009-05-14,1.36073,1.51953
2009-05-15,1.35391,1.5223
2009-05-18,1.35026,1.53092
2009-05-19,1.36073,1.55015
2009-05-20,1.37646,1.56691
2009-05-21,1.38045,1.57629
2009-05-22,1.40056,1.58932
2009-05-26,1.39919,1.59388
2009-05-27,1.39237,1.60668
2009-05-28,1.39489,1.59566
2009-05-29,1.41263,1.61603
2009-06-01,1.41924,1.64474
2009-06-02,1.42694,1.65153
2009-06-03,1.41945,1.64042
2009-06-04,1.41864,1.61734
2009-06-05,1.39899,1.60179
2009-06-08,1.38831,1.5977
2009-06-09,1.40135,1.62681
2009-06-10,1.39821,1.63345
2009-06-11,1.40924,1.65481
2009-06-12,1.4039,1.65235
2009-06-15,1.37836,1.62681
2009-06-16,1.38773,1.64447
2009-06-17,1.38504,1.6292
2009-06-18,1.39782,1.63693
2009-06-19,1.39978,1.65371
2009-06-22,1.38466,1.63425
2009-06-23,1.40351,1.63452
2009-06-24,1.40154,1.64853
2009-06-25,1.39528,1.63372
2009-06-26,1.40568,1.64989
2009-06-29,1.40588,1.65317
2009-06-30,1.40193,1.64528
2009-07-01,1.41864,1.65235
2009-07-02,1.40174,1.63988
2009-07-03,1.39919,1.63372
2009-07-06,1.39373,1.62311
2009-07-07,1.39645,1.61577
2009-07-08,1.38523,1.60282
2009-07-09,1.40252,1.62999
2009-07-10,1.39256,1.61838
2009-07-13,1.39723,1.61786
2009-07-14,1.39704,1.62946
2009-07-15,1.41163,1.64393
2009-07-16,1.41143,1.64177
2009-07-17,1.41203,1.63292
2009-07-20,1.42106,1.64935
2009-07-21,1.41965,1.64177
2009-07-22,1.42207,1.64393
2009-07-23,1.42653,1.65618
2009-07-24,1.42126,1.64312
2009-07-27,1.42126,1.64853
2009-07-28,1.42146,1.64772
2009-07-29,1.40331,1.638
2009-07-30,1.40667,1.64826
2009-07-31,1.42796,1.6714
2009-08-03,1.44155,1.69549
2009-08-04,1.44009,1.69319
2009-08-05,1.43906,1.69779
2009-08-06,1.43575,1.67729
2009-08-07,1.41804,1.66694
2009-08-10,1.41423,1.6488
2009-08-11,1.41403,1.65017
2009-08-12,1.42146,1.65371
2009-08-13,1.42837,1.6581
2009-08-14,1.42167,1.65289
2009-08-17,1.40885,1.63239
2009-08-18,1.40746,1.64177
2009-08-19,1.42613,1.65563
2009-08-20,1.42349,1.64935
2009-08-21,1.43041,1.65017
2009-08-24,1.43205,1.64177
2009-08-25,1.43493,1.64312
2009-08-26,1.42308,1.62338
2009-08-27,1.42714,1.62127
2009-08-28,1.43575,1.63319
2009-08-31,1.43534,1.63132
2009-09-01,1.42349,1.61681
2009-09-02,1.4245,1.62681
2009-09-03,1.42776,1.63532
2009-09-04,1.42776,1.63773
2009-09-08,1.4497,1.65125
2009-09-09,1.4573,1.65563
2009-09-10,1.45688,1.665
2009-09-11,1.45858,1.66945
2009-09-14,1.46135,1.65893
2009-09-15,1.46177,1.64366
2009-09-16,1.46972,1.65017
2009-09-17,1.47341,1.65207
2009-09-18,1.47037,1.62655
2009-09-21,1.46929,1.62285
2009-09-22,1.47951,1.638
2009-09-23,1.47514,1.64042
2009-09-24,1.46951,1.60668
2009-09-25,1.46821,1.59668
2009-09-28,1.46499,1.59109
2009-09-29,1.45539,1.59236
2009-09-30,1.46306,1.60051
2009-10-01,1.45328,1.5949
2009-10-02,1.459,1.58781
2009-10-05,1.46477,1.59261
2009-10-06,1.47449,1.59033
2009-10-07,1.46757,1.58983
2009-10-08,1.47776,1.60901
2009-10-09,1.47145,1.58957
2009-10-13,1.4839,1.58957
2009-10-14,1.48987,1.59744
2009-10-15,1.49454,1.62496
2009-10-16,1.48898,1.63506
2009-10-19,1.49477,1.63988
2009-10-20,1.49054,1.638
2009-10-21,1.50083,1.66113
2009-10-22,1.50038,1.65948
2009-10-23,1.50286,1.63506
2009-10-26,1.4941,1.63506
2009-10-27,1.48214,1.63345
2009-10-28,1.47623,1.63747
2009-10-29,1.48192,1.6559
2009-10-30,1.47558,1.64799
2009-11-02,1.4828,1.64096
2009-11-03,1.46585,1.63827
2009-11-04,1.48368,1.657
2009-11-05,1.48566,1.65645
2009-11-06,1.48346,1.65865
2009-11-09,1.49993,1.67196
2009-11-10,1.49611,1.66806
2009-11-12,1.48655,1.65426
2009-11-13,1.48854,1.66583
2009-11-16,1.49768,1.67954
2009-11-17,1.48302,1.67673
2009-11-18,1.49903,1.6756
2009-11-19,1.49054,1.66583
2009-11-20,1.48699,1.65289
2009-11-23,1.49678,1.66003
2009-11-24,1.49365,1.65782
2009-11-25,1.50852,1.66722
2009-11-27,1.49633,1.64935
2009-11-30,1.49948,1.64096
2009-12-01,1.50989,1.66251
2009-12-02,1.5058,1.66417
2009-12-03,1.50807,1.65782
2009-12-04,1.48854,1.65153
2009-12-07,1.48192,1.64285
2009-12-08,1.47406,1.63026
2009-12-09,1.47254,1.62417
2009-12-10,1.47167,1.62575
2009-12-11,1.46007,1.62364
2009-12-14,1.46456,1.6284
2009-12-15,1.45138,1.62338
2009-12-16,1.45773,1.63693
2009-12-17,1.43164,1.61342
2009-12-18,1.42816,1.60823
2009-12-21,1.43184,1.60823
2009-12-22,1.4243,1.59566
2009-12-23,1.4341,1.59541
2009-12-24,1.43678,1.59413
2009-12-28,1.43926,1.6
2009-12-29,1.43554,1.58932
2009-12-30,1.43164,1.60488
2009-12-31,1.43328,1.61681
2010-01-04,1.44196,1.61082
2010-01-05,1.4403,1.60102
2010-01-06,1.4403,1.60154
2010-01-07,1.43143,1.59109
2010-01-08,1.43575,1.59923
2010-01-11,1.4537,1.61473
2010-01-12,1.45222,1.61812
2010-01-13,1.44928,1.62893
2010-01-14,1.44781,1.63212
2010-01-15,1.43761,1.6239
2010-01-19,1.42694,1.63693
2010-01-20,1.40944,1.62866
2010-01-21,1.41064,1.62127
2010-01-22,1.41543,1.61212
2010-01-25,1.41463,1.62364
2010-01-26,1.40627,1.61082
2010-01-27,1.40528,1.62048
2010-01-28,1.39938,1.62417
2010-01-29,1.38696,1.60102
2010-02-01,1.39043,1.59236
2010-02-02,1.39548,1.59668
2010-02-03,1.39063,1.5916
2010-02-04,1.37589,1.57629
2010-02-05,1.36073,1.56201
2010-02-08,1.36986,1.56495
2010-02-09,1.3795,1.56789
2010-02-10,1.37212,1.56055
2010-02-11,1.36407,1.5674
2010-02-12,1.36258,1.56691
2010-02-16,1.37419,1.57332
2010-02-17,1.36221,1.57035
2010-02-18,1.3563,1.55812
2010-02-19,1.35373,1.54369
2010-02-22,1.35906,1.54775
2010-02-23,1.35373,1.54631
2010-02-24,1.35759,1.54321
2010-02-25,1.34753,1.51999
2010-02-26,1.36593,1.52393
2010-03-01,1.35153,1.49745
2010-03-02,1.35648,1.4941
2010-03-03,1.37306,1.5124
2010-03-04,1.35704,1.50308
2010-03-05,1.36073,1.51149
2010-03-08,1.36129,1.50602
2010-03-09,1.35851,1.50038
2010-03-10,1.36575,1.49768
2010-03-11,1.36743,1.50512
2010-03-12,1.37533,1.51883
2010-03-15,1.36519,1.50421
2010-03-16,1.37589,1.5193
2010-03-17,1.37382,1.52952
2010-03-18,1.36036,1.52462
2010-03-19,1.353,1.5015
2010-03-22,1.35318,1.50716
2010-03-23,1.35355,1.5067
2010-03-24,1.33476,1.49142
2010-03-25,1.3344,1.48832
2010-03-26,1.33976,1.49054
2010-03-29,1.34644,1.49701
2010-03-30,1.34084,1.50898
2010-03-31,1.35263,1.5186
2010-04-01,1.35685,1.52905
2010-04-02,1.34862,1.51976
2010-04-05,1.34862,1.52835
2010-04-06,1.33779,1.523
2010-04-07,1.33636,1.52462
2010-04-08,1.33601,1.52718
2010-04-09,1.3468,1.53704
2010-04-12,1.3587,1.53681
2010-04-13,1.35925,1.54154
2010-04-14,1.36668,1.54847
2010-04-15,1.35391,1.54655
2010-04-16,1.34862,1.53941
2010-04-19,1.34571,1.52625
2010-04-20,1.34463,1.53752
2010-04-21,1.33833,1.53965
2010-04-22,1.32979,1.53681
2010-04-23,1.33601,1.53633
2010-04-26,1.33351,1.54655
2010-04-27,1.32293,1.52858
2010-04-28,1.31303,1.51607
2010-04-29,1.32433,1.53022
2010-04-30,1.33014,1.53069
2010-05-03,1.31822,1.52416
2010-05-04,1.30378,1.51355
2010-05-05,1.28899,1.51332
2010-05-06,1.26887,1.48898
2010-05-07,1.2721,1.47384
2010-05-10,1.28617,1.4979
2010-05-11,1.27146,1.49522
2010-05-12,1.26422,1.48544
2010-05-13,1.25676,1.46585
2010-05-14,1.239,1.4556
2010-05-17,1.22986,1.43885
2010-05-18,1.23579,1.44383
2010-05-19,1.23168,1.43493
2010-05-20,1.23701,1.43431
2010-05-21,1.25755,1.44655
2010-05-24,1.24054,1.44363
2010-05-25,1.2279,1.43513
2010-05-26,1.22234,1.44009
2010-05-27,1.23701,1.45688
2010-05-28,1.23686,1.44928
2010-06-01,1.22654,1.46735
2010-06-02,1.22055,1.46413
2010-06-03,1.21936,1.46156
2010-06-04,1.19976,1.44928
2010-06-07,1.19589,1.4497
2010-06-08,1.19947,1.44217
2010-06-09,1.20453,1.45858
2010-06-10,1.21109,1.46735
2010-06-11,1.20773,1.45455
2010-06-14,1.22775,1.4771
2010-06-15,1.23274,1.4828
2010-06-16,1.23229,1.4839
2010-06-17,1.23655,1.4806
2010-06-18,1.23594,1.47863
2010-06-21,1.23854,1.48258
2010-06-22,1.23031,1.485
2010-06-23,1.23107,1.49522
2010-06-24,1.2288,1.49858
2010-06-25,1.2332,1.49858
2010-06-28,1.23153,1.50989
2010-06-29,1.21877,1.50807
2010-06-30,1.22911,1.49477
2010-07-01,1.24642,1.51263
2010-07-02,1.2577,1.51791
2010-07-06,1.26454,1.51791
2010-07-07,1.25945,1.51791
2010-07-08,1.26823,1.51561
2010-07-09,1.2639,1.50943
2010-07-12,1.25723,1.5015
2010-07-13,1.27194,1.51745
2010-07-14,1.27551,1.52835
2010-07-15,1.28932,1.53752
2010-07-16,1.29182,1.52882
2010-07-19,1.29634,1.5223
2010-07-20,1.29049,1.52555
2010-07-21,1.28172,1.51999
2010-07-22,1.29032,1.52835
2010-07-23,1.28733,1.5425
2010-07-26,1.29836,1.54895
2010-07-27,1.29836,1.55376
2010-07-28,1.29988,1.56104
2010-07-29,1.30634,1.55909
2010-07-30,1.30685,1.57134
2010-08-02,1.31735,1.58983
2010-08-03,1.32398,1.59413
2010-08-04,1.31579,1.58881
2010-08-05,1.31562,1.58604
2010-08-06,1.3282,1.59795
2010-08-09,1.32415,1.59439
2010-08-10,1.30941,1.57754
2010-08-11,1.28982,1.56887
2010-08-12,1.28667,1.55739
2010-08-13,1.27665,1.55812
2010-08-16,1.28386,1.56789
2010-08-17,1.28899,1.5586
2010-08-18,1.28717,1.56201
2010-08-19,1.2837,1.56128
2010-08-20,1.26871,1.55159
2010-08-23,1.2663,1.55328
2010-08-24,1.26743,1.54703
2010-08-25,1.26518,1.54607
2010-08-26,1.27178,1.55739
2010-08-27,1.27649,1.5528
2010-08-30,1.26855,1.54727
2010-08-31,1.27033,1.53586
2010-09-01,1.28123,1.54727
2010-09-02,1.28238,1.53941
2010-09-03,1.28849,1.54512
2010-09-07,1.27226,1.53139
2010-09-08,1.27275,1.55135
2010-09-09,1.27081,1.54488
2010-09-10,1.27307,1.5387
2010-09-13,1.28899,1.54655
2010-09-14,1.30141,1.55594
2010-09-15,1.30073,1.56421
2010-09-16,1.30787,1.56128
2010-09-17,1.30463,1.56348
2010-09-20,1.30736,1.55642
2010-09-21,1.31354,1.55521
2010-09-22,1.33851,1.56495
2010-09-23,1.3344,1.57233
2010-09-24,1.34753,1.58278
2010-09-27,1.34753,1.58504
2010-09-28,1.35833,1.58078
2010-09-29,1.36388,1.58128
2010-09-30,1.36017,1.57307
2010-10-01,1.37533,1.58278
2010-10-04,1.36874,1.58479
2010-10-05,1.38332,1.5916
2010-10-06,1.39237,1.59033
2010-10-07,1.39218,1.59312
2010-10-08,1.39237,1.59515
2010-10-12,1.38466,1.57978
2010-10-13,1.39645,1.58428
2010-10-14,1.40667,1.59923
2010-10-15,1.39978,1.60282
2010-10-18,1.39782,1.59058
2010-10-19,1.38274,1.57381
2010-10-20,1.39489,1.58579
2010-10-21,1.39723,1.5753
2010-10-22,1.39043,1.56764
2010-10-25,1.3986,1.5748
2010-10-26,1.38735,1.58705
2010-10-27,1.37874,1.57828
2010-10-28,1.39295,1.59439
2010-10-29,1.38947,1.60205
2010-11-01,1.38889,1.60488
2010-11-02,1.40252,1.60102
2010-11-03,1.40135,1.60798
2010-11-04,1.42248,1.62813
2010-11-05,1.40331,1.62101
2010-11-08,1.39276,1.61499
2010-11-09,1.38658,1.60488
2010-11-10,1.37287,1.6072
2010-11-12,1.37005,1.61708
2010-11-15,1.36147,1.60643
2010-11-16,1.35172,1.58806
2010-11-17,1.35556,1.59413
2010-11-18,1.36184,1.60102
2010-11-19,1.36537,1.59617
2010-11-22,1.36129,1.59312
2010-11-23,1.33887,1.58228
2010-11-24,1.33494,1.57729
2010-11-26,1.32433,1.56152
2010-11-29,1.30924,1.55569
2010-11-30,1.30361,1.55788
2010-12-01,1.31492,1.56031
2010-12-02,1.32275,1.56104
2010-12-03,1.33672,1.57233
2010-12-06,1.32749,1.56789
2010-12-07,1.33227,1.58028
2010-12-08,1.32415,1.57928
2010-12-09,1.32066,1.57332
2010-12-10,1.32415,1.58078
2010-12-13,1.33887,1.58831
2010-12-14,1.33958,1.57953
2010-12-15,1.33067,1.56128
2010-12-16,1.32066,1.56128
2010-12-17,1.31544,1.54799
2010-12-20,1.31234,1.55207
2010-12-21,1.31303,1.54631
2010-12-22,1.3089,1.53894
2010-12-23,1.3101,1.53988
2010-12-27,1.31458,1.53822
2010-12-28,1.31216,1.5361
2010-12-29,1.31822,1.54631
2010-12-30,1.32696,1.53917
2011-01-03,1.33708,1.54895
2011-01-04,1.33067,1.5586
2011-01-05,1.31718,1.54967
2011-01-06,1.30276,1.54895
2011-01-07,1.29433,1.55594
2011-01-10,1.2945,1.55836
2011-01-11,1.29786,1.56274
2011-01-12,1.30668,1.57159
2011-01-13,1.33636,1.58705
2011-01-14,1.3328,1.5873
2011-01-18,1.33994,1.6
2011-01-19,1.34953,1.59898
2011-01-20,1.34427,1.58755
2011-01-21,1.35814,1.59974
2011-01-24,1.36537,1.59949
2011-01-25,1.36444,1.58178
2011-01-26,1.36874,1.58856
2011-01-27,1.36874,1.59058
2011-01-28,1.36073,1.58378
2011-01-31,1.37155,1.60411
2011-02-01,1.37931,1.61238
2011-02-02,1.37798,1.61681
2011-02-03,1.36537,1.61577
2011-02-04,1.35833,1.60901
2011-02-07,1.35575,1.61108
2011-02-08,1.36874,1.60901
2011-02-09,1.36874,1.60901
2011-02-10,1.3637,1.61316
2011-02-11,1.35208,1.59872
2011-02-14,1.34735,1.60231
2011-02-15,1.34935,1.6129
2011-02-16,1.35465,1.60643
2011-02-17,1.36129,1.61708
2011-02-18,1.36724,1.62443
2011-02-22,1.36612,1.6129
2011-02-23,1.37589,1.62206
2011-02-24,1.37931,1.61057
2011-02-25,1.37571,1.60772
2011-02-28,1.37931,1.6247
2011-03-01,1.38122,1.63079
2011-03-02,1.38696,1.63106
2011-03-03,1.3947,1.62655
2011-03-04,1.39821,1.62496
2011-03-07,1.39762,1.62048
2011-03-08,1.39121,1.61629
2011-03-09,1.39063,1.62022
2011-03-10,1.38236,1.60643
2011-03-11,1.38639,1.60333
2011-03-14,1.39743,1.61812
2011-03-15,1.39684,1.60643
2011-03-16,1.39218,1.60282
2011-03-17,1.40213,1.61421
2011-03-18,1.41403,1.61865
2011-03-21,1.41844,1.6276
2011-03-22,1.42126,1.63881
2011-03-23,1.41243,1.6247
2011-03-24,1.42005,1.61577
2011-03-25,1.41443,1.60849
2011-03-28,1.41044,1.60231
2011-03-29,1.40905,1.59821
2011-03-30,1.40944,1.60385
2011-03-31,1.41824,1.60488
2011-04-01,1.42146,1.61316
2011-04-04,1.42207,1.6129
2011-04-05,1.42308,1.62813
2011-04-06,1.43328,1.63132
2011-04-07,1.42878,1.63052
2011-04-08,1.44363,1.63399
2011-04-11,1.4453,1.63854
2011-04-12,1.4455,1.62628
2011-04-13,1.4476,1.6284
2011-04-14,1.44634,1.63506
2011-04-15,1.44425,1.63239
2011-04-18,1.42106,1.62285
2011-04-19,1.43184,1.63159
2011-04-20,1.45138,1.64042
2011-04-21,1.45858,1.65728
2011-04-22,1.45455,1.6518
2011-04-25,1.45751,1.64962
2011-04-26,1.46242,1.64663
2011-04-27,1.46585,1.65289
2011-04-28,1.47842,1.66362
2011-04-29,1.48214,1.66917
2011-05-02,1.48699,1.66889
2011-05-03,1.48743,1.65371
2011-05-04,1.48588,1.65235
2011-05-05,1.45836,1.64258
2011-05-06,1.44949,1.64177
2011-05-09,1.43,1.63372
2011-05-10,1.43575,1.63319
2011-05-11,1.42694,1.64123
2011-05-12,1.42288,1.62893
2011-05-13,1.41403,1.61786
2011-05-16,1.42187,1.6239
2011-05-17,1.41543,1.62048
2011-05-18,1.42694,1.61473
2011-05-19,1.42531,1.61786
2011-05-20,1.41723,1.62232
2011-05-23,1.40154,1.61031
2011-05-24,1.41064,1.61838
2011-05-25,1.41024,1.6276
2011-05-26,1.40885,1.63452
2011-05-27,1.42878,1.64935
2011-05-31,1.43761,1.64393
2011-06-01,1.443,1.63908
2011-06-02,1.44259,1.63239
2011-06-03,1.46049,1.63961
2011-06-06,1.46199,1.63613
2011-06-07,1.46757,1.64447
2011-06-08,1.45879,1.638
2011-06-09,1.45349,1.63827
2011-06-10,1.43658,1.62549
2011-06-13,1.43678,1.63079
2011-06-14,1.44739,1.63881
2011-06-15,1.42207,1.6218
2011-06-16,1.41543,1.6129
2011-06-17,1.43266,1.61865
2011-06-20,1.43205,1.62048
2011-06-21,1.43988,1.62311
2011-06-22,1.4403,1.61316
2011-06-23,1.41663,1.5977
2011-06-24,1.41884,1.59847
2011-06-27,1.42816,1.59719
2011-06-28,1.43678,1.60154
2011-06-29,1.44279,1.60694
2011-06-30,1.45222,1.60668
2011-07-01,1.45075,1.60694
2011-07-05,1.44697,1.60849
2011-07-06,1.43287,1.59974
2011-07-07,1.43493,1.59668
2011-07-08,1.42511,1.60308
2011-07-11,1.40331,1.59312
2011-07-12,1.40135,1.59388
2011-07-13,1.41663,1.61108
2011-07-14,1.41824,1.61238
2011-07-15,1.41563,1.61499
2011-07-18,1.4043,1.60231
2011-07-19,1.41563,1.61342
2011-07-20,1.41884,1.61394
2011-07-21,1.43719,1.62999
2011-07-22,1.43658,1.63185
2011-07-25,1.43575,1.6284
2011-07-26,1.44949,1.63908
2011-07-27,1.4374,1.63559
2011-07-28,1.43021,1.63372
2011-07-29,1.43885,1.64555
2011-08-01,1.42025,1.62787
2011-08-02,1.42328,1.62866
2011-08-03,1.43205,1.64069
2011-08-04,1.41583,1.63079
2011-08-05,1.41583,1.63613
2011-08-08,1.4241,1.63532
2011-08-09,1.4243,1.61943
2011-08-10,1.41924,1.61681
2011-08-11,1.42308,1.62285
2011-08-12,1.42389,1.6284
2011-08-15,1.4453,1.63881
2011-08-16,1.44217,1.64231
2011-08-17,1.44363,1.6592
2011-08-18,1.43205,1.6488
2011-08-19,1.44071,1.65453
2011-08-22,1.43843,1.64528
2011-08-23,1.443,1.65098
2011-08-24,1.4403,1.63747
2011-08-25,1.43802,1.62893
2011-08-26,1.44634,1.63212
2011-08-29,1.45096,1.63988
2011-08-30,1.44342,1.62787
2011-08-31,1.44051,1.62681
2011-09-01,1.42837,1.61786
2011-09-02,1.42025,1.61891
2011-09-06,1.39997,1.59541
2011-09-07,1.40588,1.5949
2011-09-08,1.3947,1.60205
2011-09-09,1.36668,1.58705
2011-09-12,1.36351,1.58128
2011-09-13,1.36799,1.58053
2011-09-14,1.37099,1.57729
2011-09-15,1.38581,1.58078
2011-09-16,1.37836,1.58028
2011-09-19,1.36351,1.5674
2011-09-20,1.36968,1.57183
2011-09-21,1.37231,1.56201
2011-09-22,1.34463,1.53586
2011-09-23,1.35172,1.54751
2011-09-26,1.35153,1.55521
2011-09-27,1.36054,1.56814
2011-09-28,1.36277,1.5647
2011-09-29,1.36388,1.56838
2011-09-30,1.34499,1.5625
2011-10-03,1.32802,1.54751
2011-10-04,1.32943,1.54036
2011-10-05,1.3328,1.54369
2011-10-06,1.34084,1.53988
2011-10-07,1.35117,1.56274
2011-10-11,1.36575,1.55933
2011-10-12,1.38045,1.5758
2011-10-13,1.37306,1.57282
2011-10-14,1.38619,1.58078
2011-10-17,1.37703,1.57778
2011-10-18,1.37193,1.56544
2011-10-19,1.37741,1.57978
2011-10-20,1.36724,1.57257
2011-10-21,1.38735,1.59439
2011-10-24,1.39315,1.59872
2011-10-25,1.39101,1.59949
2011-10-26,1.38389,1.59058
2011-10-27,1.41723,1.60798
2011-10-28,1.41643,1.6129
2011-10-31,1.3947,1.61421
2011-11-01,1.36761,1.59464
2011-11-02,1.38026,1.59744
2011-11-03,1.37438,1.59591
2011-11-04,1.37608,1.60256
2011-11-07,1.37438,1.60231
2011-11-08,1.37855,1.60772
2011-11-09,1.35962,1.59591
2011-11-10,1.35999,1.59363
2011-11-14,1.36258,1.58983
2011-11-15,1.35245,1.58178
2011-11-16,1.35044,1.57704
2011-11-17,1.35227,1.58003
2011-11-18,1.35208,1.57828
2011-11-21,1.35245,1.56617
2011-11-22,1.35007,1.5647
2011-11-23,1.33476,1.55111
2011-11-25,1.32433,1.54679
2011-11-28,1.33333,1.55376
2011-11-29,1.33422,1.5625
2011-11-30,1.34535,1.5706
2011-12-01,1.34862,1.56986
2011-12-02,1.33869,1.55909
2011-12-05,1.34626,1.56887
2011-12-06,1.33976,1.55812
2011-12-07,1.33869,1.56912
2011-12-08,1.33245,1.56348
2011-12-09,1.33672,1.56421
2011-12-12,1.31874,1.55982
2011-12-13,1.30941,1.5528
2011-12-14,1.29719,1.5444
2011-12-15,1.30124,1.54871
2011-12-16,1.30242,1.55135
2011-12-19,1.30174,1.55304
2011-12-20,1.30753,1.5674
2011-12-21,1.30395,1.56789
2011-12-22,1.30446,1.56666
2011-12-23,1.30395,1.56152
2011-12-27,1.30736,1.56715
2011-12-28,1.29266,1.54775
2011-12-29,1.29517,1.5387
2011-12-30,1.29735,1.55376
2012-01-03,1.30617,1.56544
2012-01-04,1.29299,1.56372
2012-01-05,1.27828,1.54799
2012-01-06,1.27226,1.54321
2012-01-09,1.27453,1.54369
2012-01-10,1.27812,1.54895
2012-01-11,1.26855,1.53257
2012-01-12,1.28172,1.53257
2012-01-13,1.26823,1.52999
2012-01-17,1.27405,1.53563
2012-01-18,1.28254,1.54107
2012-01-19,1.29366,1.54847
2012-01-20,1.29483,1.554
2012-01-23,1.30344,1.55812
2012-01-24,1.30039,1.55958
2012-01-25,1.29786,1.5569
2012-01-26,1.31527,1.5706
2012-01-27,1.31926,1.57159
2012-01-30,1.31234,1.56912
2012-01-31,1.30531,1.5753
2012-02-01,1.31787,1.58479
2012-02-02,1.31666,1.58128
2012-02-03,1.31062,1.57778
2012-02-06,1.31303,1.58328
2012-02-07,1.32433,1.58907
2012-02-08,1.32538,1.58203
2012-02-09,1.32979,1.58378
2012-02-10,1.31874,1.5748
2012-02-13,1.32118,1.57803
2012-02-14,1.31492,1.56912
2012-02-15,1.30873,1.57109
2012-02-16,1.31096,1.57953
2012-02-17,1.31492,1.58128
2012-02-21,1.32556,1.57953
2012-02-22,1.32503,1.56764
2012-02-23,1.33085,1.57011
2012-02-24,1.34626,1.5868
2012-02-27,1.34102,1.58453
2012-02-28,1.34517,1.58881
2012-02-29,1.33583,1.59515
2012-03-01,1.33191,1.59541
2012-03-02,1.32013,1.58529
2012-03-05,1.32258,1.58705
2012-03-06,1.31148,1.57208
2012-03-07,1.31492,1.57456
2012-03-08,1.32556,1.58228
2012-03-09,1.31079,1.56764
2012-03-12,1.31406,1.56152
2012-03-13,1.31096,1.57356
2012-03-14,1.30242,1.56863
2012-03-15,1.30702,1.56691
2012-03-16,1.31718,1.58453
2012-03-19,1.32415,1.58932
2012-03-20,1.32223,1.58579
2012-03-21,1.31891,1.58479
2012-03-22,1.31944,1.58078
2012-03-23,1.32626,1.58629
2012-03-26,1.3328,1.59388
2012-03-27,1.33351,1.59719
2012-03-28,1.32996,1.58554
2012-03-29,1.32644,1.59109
2012-03-30,1.33333,1.59847
2012-04-02,1.33245,1.60231
2012-04-03,1.33369,1.59668
2012-04-04,1.31268,1.58781
2012-04-05,1.30634,1.58228
2012-04-06,1.3089,1.58781
2012-04-09,1.30873,1.58781
2012-04-10,1.30685,1.58353
2012-04-11,1.31044,1.58932
2012-04-12,1.31718,1.59388
2012-04-13,1.30822,1.58504
2012-04-16,1.30668,1.58655
2012-04-17,1.31234,1.59312
2012-04-18,1.31216,1.60205
2012-04-19,1.3132,1.60591
2012-04-20,1.32118,1.61238
2012-04-23,1.31285,1.61031
2012-04-24,1.32066,1.61342
2012-04-25,1.321,1.61473
2012-04-26,1.32328,1.61891
2012-04-27,1.32485,1.6239
2012-04-30,1.32293,1.62259
2012-05-01,1.32258,1.62206
2012-05-02,1.31544,1.61917
2012-05-03,1.31475,1.61838
2012-05-04,1.30907,1.61473
2012-05-07,1.30514,1.61917
2012-05-08,1.30157,1.61577
2012-05-09,1.29534,1.6129
2012-05-10,1.29584,1.61603
2012-05-11,1.29366,1.60798
2012-05-14,1.28469,1.6116
2012-05-15,1.27698,1.60256
2012-05-16,1.27307,1.59337
2012-05-17,1.27097,1.58228
2012-05-18,1.2721,1.57878
2012-05-21,1.27698,1.57903
2012-05-22,1.27356,1.57754
2012-05-23,1.25691,1.56912
2012-05-24,1.25834,1.56986
2012-05-25,1.25188,1.5647
2012-05-29,1.24875,1.56299
2012-05-30,1.24054,1.55328
2012-05-31,1.2364,1.54059
2012-06-01,1.24193,1.53822
2012-06-04,1.24953,1.53822
2012-06-05,1.24363,1.53539
2012-06-06,1.25345,1.54751
2012-06-07,1.25676,1.55569
2012-06-08,1.24813,1.54321
2012-06-11,1.25047,1.55159
2012-06-12,1.24766,1.55618
2012-06-13,1.2596,1.55569
2012-06-14,1.26088,1.55328
2012-06-15,1.26326,1.56544
2012-06-18,1.25786,1.56642
2012-06-19,1.2692,1.57332
2012-06-20,1.27033,1.57505
2012-06-21,1.25865,1.56323
2012-06-22,1.25455,1.55812
2012-06-25,1.24797,1.55545
2012-06-26,1.24704,1.56201
2012-06-27,1.24564,1.55497
2012-06-28,1.24332,1.55039
2012-06-29,1.26678,1.56863
2012-07-02,1.25834,1.56789
2012-07-03,1.26199,1.57011
2012-07-05,1.23839,1.55304
2012-07-06,1.22835,1.54799
2012-07-09,1.22986,1.55063
2012-07-10,1.22549,1.55063
2012-07-11,1.22444,1.55328
2012-07-12,1.21996,1.5425
2012-07-13,1.22324,1.55497
2012-07-16,1.22669,1.56348
2012-07-17,1.22339,1.56128
2012-07-18,1.22609,1.56372
2012-07-19,1.22564,1.57183
2012-07-20,1.21758,1.56299
2012-07-23,1.21256,1.55111
2012-07-24,1.20627,1.55207
2012-07-25,1.21315,1.54799
2012-07-26,1.22805,1.56838
2012-07-27,1.23701,1.57282
2012-07-30,1.22504,1.56937
2012-07-31,1.23153,1.56863
2012-08-01,1.22986,1.55958
2012-08-02,1.21492,1.54991
2012-08-03,1.239,1.56495
2012-08-06,1.24224,1.5625
2012-08-07,1.24224,1.56568
2012-08-08,1.2364,1.56593
2012-08-09,1.22775,1.56226
2012-08-10,1.22986,1.56789
2012-08-13,1.23396,1.56912
2012-08-14,1.23289,1.56912
2012-08-15,1.2288,1.56863
2012-08-16,1.23564,1.57381
2012-08-17,1.23153,1.56961
2012-08-20,1.23426,1.5706
2012-08-21,1.24719,1.57878
2012-08-22,1.24719,1.58003
2012-08-23,1.25834,1.58831
2012-08-24,1.25329,1.58153
2012-08-27,1.25141,1.58003
2012-08-28,1.25644,1.58278
2012-08-29,1.25376,1.58378
2012-08-30,1.24969,1.57928
2012-08-31,1.25786,1.58629
2012-09-04,1.2566,1.58881
2012-09-05,1.26024,1.59058
2012-09-06,1.26263,1.5921
2012-09-07,1.27959,1.60154
2012-09-10,1.27943,1.60102
2012-09-11,1.28584,1.6072
2012-09-12,1.28932,1.61108
2012-09-13,1.29116,1.61238
2012-09-14,1.31423,1.62443
2012-09-17,1.31251,1.62628
2012-09-18,1.30514,1.62522
2012-09-19,1.30651,1.6218
2012-09-20,1.29483,1.6197
2012-09-21,1.29904,1.62522
2012-09-24,1.29082,1.61996
2012-09-25,1.2945,1.62311
2012-09-26,1.28518,1.61447
2012-09-27,1.28733,1.6218
2012-09-28,1.28568,1.61316
2012-10-01,1.28999,1.61421
2012-10-02,1.29517,1.61865
2012-10-03,1.29082,1.60772
2012-10-04,1.30005,1.61655
2012-10-05,1.30582,1.6197
2012-10-09,1.28766,1.59872
2012-10-10,1.28883,1.60077
2012-10-11,1.29282,1.60282
2012-10-12,1.29467,1.60746
2012-10-15,1.295,1.60694
2012-10-16,1.30361,1.61005
2012-10-17,1.31337,1.61655
2012-10-18,1.31062,1.61421
2012-10-19,1.30225,1.60026
2012-10-22,1.30634,1.60282
2012-10-23,1.29702,1.59312
2012-10-24,1.29467,1.60154
2012-10-25,1.29584,1.61186
2012-10-26,1.29383,1.60979
2012-10-29,1.29066,1.60256
2012-10-30,1.29786,1.60823
2012-10-31,1.29584,1.61108
2012-11-01,1.29366,1.61421
2012-11-02,1.28485,1.60359
2012-11-05,1.27894,1.5977
2012-11-06,1.28172,1.59847
2012-11-07,1.27584,1.59744
2012-11-08,1.27405,1.59795
2012-11-09,1.27146,1.59109
2012-11-13,1.27162,1.58856
2012-11-14,1.27405,1.58479
2012-11-15,1.27828,1.58655
2012-11-16,1.27146,1.58655
2012-11-19,1.28057,1.59084
2012-11-20,1.28139,1.59261
2012-11-21,1.28156,1.59363
2012-11-23,1.29584,1.60308
2012-11-26,1.29668,1.60128
2012-11-27,1.294,1.60282
2012-11-28,1.29232,1.59974
2012-11-29,1.29534,1.60256
2012-11-30,1.30107,1.60282
2012-12-03,1.30668,1.61031
2012-12-04,1.30804,1.60979
2012-12-05,1.3077,1.61031
2012-12-06,1.29685,1.60668
2012-12-07,1.29416,1.60308
2012-12-10,1.29299,1.60668
2012-12-11,1.29921,1.61031
2012-12-12,1.30378,1.61316
2012-12-13,1.3077,1.6129
2012-12-14,1.31337,1.61394
2012-12-17,1.31683,1.62022
2012-12-18,1.3224,1.62549
2012-12-19,1.32608,1.6276
2012-12-20,1.3224,1.62681
2012-12-21,1.31666,1.61681
2012-12-24,1.31787,1.61134
2012-12-26,1.32275,1.61186
2012-12-27,1.32275,1.61057
2012-12-28,1.32205,1.61577
2012-12-31,1.31857,1.62628
2013-01-02,1.31944,1.62549
2013-01-03,1.31096,1.61499
2013-01-04,1.30463,1.60359
2013-01-07,1.30993,1.60798
2013-01-08,1.30685,1.60411
2013-01-09,1.30787,1.60231
2013-01-10,1.32205,1.61238
2013-01-11,1.33529,1.6129
2013-01-14,1.3369,1.60772
2013-01-15,1.33422,1.60901
2013-01-16,1.33049,1.60102
2013-01-17,1.33565,1.59898
2013-01-18,1.33032,1.58755
2013-01-22,1.33032,1.58629
2013-01-23,1.33085,1.58479
2013-01-24,1.33779,1.57878
2013-01-25,1.34553,1.57978
2013-01-28,1.3459,1.56863
2013-01-29,1.34844,1.57505
2013-01-30,1.35648,1.57928
2013-01-31,1.35833,1.58554
2013-02-01,1.36911,1.57431
2013-02-04,1.35263,1.57381
2013-02-05,1.35685,1.56519
2013-02-06,1.35281,1.56544
2013-02-07,1.33815,1.57109
2013-02-08,1.33654,1.58128
2013-02-11,1.34138,1.56691
2013-02-12,1.34499,1.56544
2013-02-13,1.34481,1.55448
2013-02-14,1.33333,1.55015
2013-02-15,1.33618,1.55183
2013-02-19,1.33869,1.54321
2013-02-20,1.33494,1.52999
2013-02-21,1.32048,1.52625
2013-02-22,1.31666,1.52555
2013-02-25,1.31718,1.51126
2013-02-26,1.30548,1.5124
2013-02-27,1.31044,1.51332
2013-02-28,1.30787,1.5193
2013-03-01,1.29887,1.50331
2013-03-04,1.29955,1.5083
2013-03-05,1.30191,1.50989
2013-03-06,1.29904,1.50353
2013-03-07,1.30976,1.50331
2013-03-08,1.29921,1.49254
2013-03-11,1.30141,1.48987
2013-03-12,1.30225,1.48765
2013-03-13,1.29483,1.49254
2013-03-14,1.29735,1.50399
2013-03-15,1.30753,1.5124
2013-03-18,1.29567,1.51126
2013-03-19,1.28883,1.51172
2013-03-20,1.295,1.51332
2013-03-21,1.29282,1.51791
2013-03-22,1.29955,1.52393
2013-03-25,1.28816,1.51837
2013-03-26,1.28584,1.51561
2013-03-27,1.27812,1.51126
2013-03-28,1.28419,1.51837
2013-03-29,1.28156,1.5193
2013-04-01,1.28568,1.52323
2013-04-02,1.28353,1.51126
2013-04-03,1.28469,1.514
2013-04-04,1.28535,1.51976
2013-04-05,1.30276,1.53351
2013-04-08,1.30073,1.52579
2013-04-09,1.30924,1.53163
2013-04-10,1.30599,1.53139
2013-04-11,1.31234,1.54036
2013-04-12,1.30941,1.53728
2013-04-15,1.30822,1.5321
2013-04-16,1.31406,1.53163
2013-04-17,1.30497,1.52555
2013-04-18,1.30719,1.52812
2013-04-19,1.30668,1.52532
2013-04-22,1.30497,1.52625
2013-04-23,1.30124,1.52672
2013-04-24,1.29971,1.52579
2013-04-25,1.30039,1.54345
2013-04-26,1.30242,1.54799
2013-04-29,1.30907,1.54967
2013-04-30,1.31683,1.554
2013-05-01,1.31926,1.55788
2013-05-02,1.30668,1.55183
2013-05-03,1.31113,1.55642
2013-05-06,1.30668,1.55376
2013-05-07,1.30856,1.54679
2013-05-08,1.3177,1.55642
2013-05-09,1.31044,1.55015
2013-05-10,1.2955,1.53351
2013-05-13,1.29803,1.52905
2013-05-14,1.29685,1.52579
2013-05-15,1.28568,1.51976
2013-05-16,1.28982,1.53022
2013-05-17,1.28172,1.51722
2013-05-20,1.2865,1.5223
2013-05-21,1.29099,1.51699
2013-05-22,1.28634,1.50376
2013-05-23,1.29433,1.51194
2013-05-24,1.29199,1.51263
2013-05-28,1.287,1.50602
2013-05-29,1.29433,1.51217
2013-05-30,1.30412,1.52068
2013-05-31,1.29887,1.5186
2013-06-03,1.30976,1.53492
2013-06-04,1.30753,1.53046
2013-06-05,1.30873,1.53917
2013-06-06,1.32485,1.56006
2013-06-07,1.32415,1.55569
2013-06-10,1.32345,1.55569
2013-06-11,1.32784,1.5586
2013-06-12,1.33547,1.56961
2013-06-13,1.33138,1.56986
2013-06-14,1.33298,1.56863
2013-06-17,1.33404,1.57085
2013-06-18,1.34066,1.5625
2013-06-19,1.34048,1.56568
2013-06-20,1.32135,1.54679
2013-06-21,1.3113,1.53728
2013-06-24,1.30907,1.54036
2013-06-25,1.30804,1.54178
2013-06-26,1.30056,1.53327
2013-06-27,1.30157,1.52346
2013-06-28,1.30107,1.52091
2013-07-01,1.30599,1.52462
2013-07-02,1.30174,1.51699
2013-07-03,1.30056,1.52648
2013-07-05,1.28304,1.49098
2013-07-08,1.28634,1.49321
2013-07-09,1.27747,1.48368
2013-07-10,1.28452,1.49343
2013-07-11,1.30463,1.51263
2013-07-12,1.3048,1.5108
2013-07-15,1.30395,1.50875
2013-07-16,1.31441,1.51217
2013-07-17,1.30941,1.51837
2013-07-18,1.30787,1.5193
2013-07-19,1.31423,1.52602
2013-07-22,1.31926,1.53657
2013-07-23,1.32118,1.53539
2013-07-24,1.32275,1.53681
2013-07-25,1.32345,1.53327
2013-07-26,1.32696,1.53681
2013-07-29,1.32626,1.53539
2013-07-30,1.32661,1.52439
2013-07-31,1.3282,1.51768
2013-08-01,1.3217,1.51446
2013-08-02,1.32679,1.52765
2013-08-05,1.32573,1.53468
2013-08-06,1.32961,1.53681
2013-08-07,1.33298,1.55135
2013-08-08,1.33923,1.55545
2013-08-09,1.33387,1.55063
2013-08-12,1.3312,1.54751
2013-08-13,1.32468,1.54512
2013-08-14,1.32556,1.55304
2013-08-15,1.32626,1.55739
2013-08-16,1.33209,1.56201
2013-08-19,1.33476,1.56642
2013-08-20,1.34264,1.56789
2013-08-21,1.33672,1.56789
2013-08-22,1.33618,1.55812
2013-08-23,1.33923,1.55788
2013-08-26,1.3369,1.5569
2013-08-27,1.33869,1.5528
2013-08-28,1.33262,1.55207
2013-08-29,1.32275,1.54871
2013-08-30,1.31961,1.54679
2013-09-03,1.31648,1.55448
2013-09-04,1.32118,1.56421
2013-09-05,1.31199,1.55933
2013-09-06,1.31666,1.56323
2013-09-09,1.32608,1.57233
2013-09-10,1.32608,1.57307
2013-09-11,1.33014,1.58078
2013-09-12,1.33156,1.58178
2013-09-13,1.32767,1.58604
2013-09-16,1.33494,1.59261
2013-09-17,1.33565,1.59008
2013-09-18,1.33511,1.59642
2013-09-19,1.35263,1.60436
2013-09-20,1.35227,1.60205
2013-09-23,1.35208,1.60668
2013-09-24,1.34898,1.60051
2013-09-25,1.35355,1.60798
2013-09-26,1.34844,1.60128
2013-09-27,1.35373,1.61342
2013-09-30,1.35355,1.61786
2013-10-01,1.35336,1.62075
2013-10-02,1.35925,1.62232
2013-10-03,1.36426,1.61681
2013-10-04,1.35814,1.60694
2013-10-07,1.35685,1.60823
2013-10-08,1.35814,1.60901
2013-10-09,1.35135,1.59439
2013-10-10,1.35355,1.59744
2013-10-11,1.35593,1.59439
2013-10-15,1.34935,1.59744
2013-10-16,1.34898,1.59033
2013-10-17,1.36631,1.61655
2013-10-18,1.3693,1.61838
2013-10-21,1.36724,1.61499
2013-10-22,1.37779,1.62206
2013-10-23,1.37855,1.61708
2013-10-24,1.38102,1.61865
2013-10-25,1.37931,1.61577
2013-10-28,1.37855,1.61316
2013-10-29,1.37703,1.60591
2013-10-30,1.37703,1.60772
2013-10-31,1.35943,1.60668
2013-11-01,1.3488,1.5921
2013-11-04,1.35153,1.5949
2013-11-05,1.34698,1.60436
2013-11-06,1.353,1.60798
2013-11-07,1.33905,1.60694
2013-11-08,1.33565,1.59949
2013-11-12,1.34282,1.5916
2013-11-13,1.34553,1.60333
2013-11-14,1.3468,1.60772
2013-11-15,1.34807,1.61082
2013-11-18,1.35208,1.61108
2013-11-19,1.35281,1.61108
2013-11-20,1.34517,1.61499
2013-11-21,1.34698,1.61551
2013-11-22,1.35465,1.62101
2013-11-25,1.35026,1.61473
2013-11-26,1.35556,1.61865
2013-11-27,1.3563,1.62681
2013-11-29,1.36054,1.6372
2013-12-02,1.3552,1.63639
2013-12-03,1.36036,1.6415
2013-12-04,1.35556,1.63532
2013-12-05,1.36631,1.63292
2013-12-06,1.36893,1.63265
2013-12-09,1.37268,1.64042
2013-12-10,1.37646,1.64231
2013-12-11,1.37988,1.63881
2013-12-12,1.37514,1.63265
2013-12-13,1.37231,1.62946
2013-12-16,1.37571,1.63106
2013-12-17,1.37476,1.62549
2013-12-18,1.37665,1.63881
2013-12-19,1.36668,1.63827
2013-12-20,1.36724,1.63559
2013-12-23,1.37005,1.63559
2013-12-24,1.36761,1.6372
2013-12-26,1.36893,1.64258
2013-12-27,1.37665,1.64908
2013-12-30,1.3816,1.65207
2013-12-31,1.37798,1.65728
2014-01-02,1.36705,1.6442
2014-01-03,1.36054,1.64231
2014-01-06,1.36351,1.64123
2014-01-07,1.36184,1.64204
2014-01-08,1.35851,1.64609
2014-01-09,1.35906,1.64582
2014-01-10,1.36631,1.6469
2014-01-13,1.36463,1.638
2014-01-14,1.36818,1.64501
2014-01-15,1.36036,1.63747
2014-01-16,1.35999,1.63345
2014-01-17,1.35538,1.64285
2014-01-21,1.35593,1.6469
2014-01-22,1.35465,1.657
2014-01-23,1.36799,1.66113
2014-01-24,1.36799,1.64908
2014-01-27,1.36799,1.65893
2014-01-28,1.36612,1.6581
2014-01-29,1.36631,1.65618
2014-01-30,1.35483,1.6488
2014-01-31,1.35007,1.64501
2014-02-03,1.35227,1.63079
2014-02-04,1.35062,1.62999
2014-02-05,1.3519,1.63079
2014-02-06,1.36036,1.63452
2014-02-07,1.36147,1.63961
2014-02-10,1.36444,1.64177
2014-02-11,1.36537,1.6469
2014-02-12,1.35925,1.65782
2014-02-13,1.36687,1.66417
2014-02-14,1.36893,1.67364
2014-02-18,1.37589,1.66973
2014-02-19,1.37627,1.67168
2014-02-20,1.36893,1.66389
2014-02-21,1.37212,1.66306
2014-02-24,1.37438,1.66417
2014-02-25,1.37495,1.66973
2014-02-26,1.36687,1.66472
2014-02-27,1.37231,1.66917
2014-02-28,1.38064,1.67504
2014-03-03,1.37627,1.67112
2014-03-04,1.37306,1.66639
2014-03-05,1.37344,1.6728
2014-03-06,1.38485,1.6742
2014-03-07,1.38677,1.67252
2014-03-10,1.38793,1.66334
2014-03-11,1.38677,1.66279
2014-03-12,1.39043,1.66058
2014-03-13,1.39276,1.66778
2014-03-14,1.39237,1.66306
2014-03-17,1.39276,1.66445
2014-03-18,1.39121,1.65728
2014-03-19,1.39101,1.66279
2014-03-20,1.37836,1.65098
2014-03-21,1.37836,1.64989
2014-03-24,1.37836,1.64908
2014-03-25,1.37779,1.65071
2014-03-26,1.37855,1.65673
2014-03-27,1.37514,1.66279
2014-03-28,1.37533,1.66362
2014-03-31,1.37779,1.6675
2014-04-01,1.38045,1.66389
2014-04-02,1.37608,1.66334
2014-04-03,1.3708,1.65837
2014-04-04,1.37043,1.65948
2014-04-07,1.37457,1.66168
2014-04-08,1.38026,1.6742
2014-04-09,1.3816,1.67504
2014-04-10,1.38927,1.67813
2014-04-11,1.38985,1.67364
2014-04-14,1.38236,1.6742
2014-04-15,1.38064,1.67252
2014-04-16,1.38198,1.67926
2014-04-17,1.38313,1.68095
2014-04-18,1.3816,1.67926
2014-04-21,1.37893,1.67926
2014-04-22,1.38045,1.68322
2014-04-23,1.38141,1.67673
2014-04-24,1.38274,1.67983
2014-04-25,1.38389,1.68095
2014-04-28,1.38447,1.68124
2014-04-29,1.38083,1.68294
2014-04-30,1.38696,1.68833
2014-05-01,1.38677,1.69005
2014-05-02,1.38639,1.68663
2014-05-05,1.38831,1.68691
2014-05-06,1.39237,1.6975
2014-05-07,1.39179,1.69635
2014-05-08,1.38639,1.69434
2014-05-09,1.37627,1.68492
2014-05-12,1.37608,1.68719
2014-05-13,1.37118,1.68379
2014-05-14,1.37174,1.67842
2014-05-15,1.37118,1.67898
2014-05-16,1.3708,1.68265
2014-05-19,1.37155,1.68209
2014-05-20,1.37024,1.68464
2014-05-21,1.36575,1.68691
2014-05-22,1.36519,1.68577
2014-05-23,1.36277,1.68209
2014-05-27,1.36184,1.68011
2014-05-28,1.35962,1.67084
2014-05-29,1.36073,1.67196
2014-05-30,1.36407,1.67645
2014-06-02,1.36054,1.6756
2014-06-03,1.3624,1.67532
2014-06-04,1.36184,1.67476
2014-06-05,1.36184,1.67954
2014-06-06,1.36388,1.67926
2014-06-09,1.35888,1.67983
2014-06-10,1.35428,1.67532
2014-06-11,1.35318,1.67954
2014-06-12,1.35556,1.6852
2014-06-13,1.35227,1.6952
2014-06-16,1.35777,1.69866
2014-06-17,1.35428,1.69664
2014-06-18,1.35667,1.6952
2014-06-19,1.36203,1.70474
2014-06-20,1.35851,1.70126
2014-06-23,1.35925,1.70097
2014-06-24,1.35888,1.69722
2014-06-25,1.36388,1.69866
2014-06-26,1.36091,1.70184
2014-06-27,1.36314,1.70155
2014-06-30,1.36893,1.71057
2014-07-01,1.36818,1.71468
2014-07-02,1.36556,1.71644
2014-07-03,1.36091,1.71527
2014-07-07,1.36036,1.71292
2014-07-08,1.36147,1.71262
2014-07-09,1.36295,1.71292
2014-07-10,1.35999,1.71233
2014-07-11,1.3598,1.71086
2014-07-14,1.36203,1.70794
2014-07-15,1.35722,1.71497
2014-07-16,1.353,1.71321
2014-07-17,1.353,1.71028
2014-07-18,1.35153,1.70678
2014-07-21,1.35245,1.70678
2014-07-22,1.34698,1.7059
2014-07-23,1.34626,1.70358
2014-07-24,1.3468,1.69808
2014-07-25,1.34318,1.69722
2014-07-28,1.34409,1.69924
2014-07-29,1.34102,1.69377
2014-07-30,1.33779,1.69033
2014-07-31,1.33905,1.6889
2014-08-01,1.34354,1.68322
2014-08-04,1.34138,1.68407
2014-08-05,1.33654,1.68748
2014-08-06,1.33547,1.68322
2014-08-07,1.33618,1.68492
2014-08-08,1.3412,1.67785
2014-08-11,1.33851,1.6787
2014-08-12,1.33565,1.68067
2014-08-13,1.33672,1.66973
2014-08-14,1.33761,1.66945
2014-08-15,1.33923,1.66861
2014-08-18,1.33583,1.67196
2014-08-19,1.33191,1.66196
2014-08-20,1.32837,1.66334
2014-08-21,1.32837,1.65893
2014-08-22,1.32363,1.65728
2014-08-25,1.32066,1.65837
2014-08-26,1.31891,1.657
2014-08-27,1.31926,1.65728
2014-08-28,1.31787,1.65782
2014-08-29,1.31492,1.65837
2014-09-02,1.31234,1.65017
2014-09-03,1.31354,1.64501
2014-09-04,1.29266,1.63479
2014-09-05,1.29567,1.63132
2014-09-08,1.29483,1.61421
2014-09-09,1.29082,1.60875
2014-09-10,1.29082,1.61342
2014-09-11,1.29366,1.62259
2014-09-12,1.2955,1.62443
2014-09-15,1.29517,1.62443
2014-09-16,1.29752,1.62893
2014-09-17,1.29584,1.63292
2014-09-18,1.29132,1.6372
2014-09-19,1.28353,1.63132
2014-09-22,1.28287,1.63399
2014-09-23,1.28584,1.63693
2014-09-24,1.27877,1.63452
2014-09-25,1.27486,1.63132
2014-09-26,1.26855,1.62549
2014-09-29,1.27033,1.62628
2014-09-30,1.26279,1.62206
2014-10-01,1.26183,1.62153
2014-10-02,1.26695,1.61394
2014-10-03,1.25172,1.59617
2014-10-06,1.25913,1.60282
2014-10-07,1.26263,1.6072
2014-10-08,1.26823,1.60668
2014-10-09,1.26823,1.61238
2014-10-10,1.26358,1.60488
2014-10-14,1.26598,1.59312
2014-10-15,1.27779,1.59591
2014-10-16,1.28123,1.60643
2014-10-17,1.27551,1.60849
2014-10-20,1.27828,1.61368
2014-10-21,1.27243,1.61342
2014-10-22,1.26582,1.60694
2014-10-23,1.26582,1.60359
2014-10-24,1.26743,1.60979
2014-10-27,1.27113,1.61342
2014-10-28,1.2747,1.61577
2014-10-29,1.27616,1.61499
2014-10-30,1.26215,1.60231
2014-10-31,1.25298,1.6
2014-11-03,1.24875,1.59872
2014-11-04,1.25534,1.59898
2014-11-05,1.24875,1.59847
2014-11-06,1.24146,1.58629
2014-11-07,1.24224,1.58428
2014-11-10,1.24254,1.58579
2014-11-12,1.24564,1.58153
2014-11-13,1.24766,1.57159
2014-11-14,1.24938,1.56568
2014-11-17,1.24471,1.56446
2014-11-18,1.25345,1.5647
2014-11-19,1.25486,1.56691
2014-11-20,1.25266,1.56838
2014-11-21,1.23946,1.56715
2014-11-24,1.2427,1.57011
2014-11-25,1.24719,1.57134
2014-11-26,1.25031,1.57878
2014-11-28,1.24378,1.56372
2014-12-01,1.24906,1.57431
2014-12-02,1.239,1.56519
2014-12-03,1.23047,1.57011
2014-12-04,1.24316,1.5706
2014-12-05,1.23047,1.56006
2014-12-08,1.22926,1.5625
2014-12-09,1.24146,1.56937
2014-12-10,1.24254,1.56887
2014-12-11,1.23977,1.57109
2014-12-12,1.24844,1.57282
2014-12-15,1.24704,1.56642
2014-12-16,1.25047,1.57356
2014-12-17,1.24054,1.56519
2014-12-18,1.22911,1.56617
2014-12-19,1.22354,1.56079
2014-12-22,1.22519,1.56177
2014-12-23,1.21803,1.55159
2014-12-24,1.21877,1.55497
2014-12-29,1.21788,1.55231
2014-12-30,1.21743,1.55739
2014-12-31,1.21007,1.55788
2015-01-02,1.20149,1.5361
2015-01-05,1.19175,1.52346
2015-01-06,1.1936,1.51745
2015-01-07,1.18203,1.50739
2015-01-08,1.18106,1.51172
2015-01-09,1.18301,1.51515
2015-01-12,1.18315,1.51676
2015-01-13,1.17786,1.51653
2015-01-14,1.18064,1.52346
2015-01-15,1.15982,1.51607
2015-01-16,1.15168,1.51309
2015-01-20,1.15594,1.5163
2015-01-21,1.15835,1.51172
2015-01-22,1.14142,1.50512
2015-01-23,1.1279,1.50218
2015-01-26,1.12905,1.50875
2015-01-27,1.13701,1.51953
2015-01-28,1.13417,1.51653
2015-01-29,1.13084,1.50421
2015-01-30,1.12905,1.50263
2015-02-02,1.13366,1.50263
2015-02-03,1.14626,1.51286
2015-02-04,1.14181,1.52091
2015-02-05,1.14325,1.52929
2015-02-06,1.13302,1.52462
2015-02-09,1.13161,1.52161
2015-02-10,1.13161,1.52509
2015-02-11,1.12994,1.52323
2015-02-12,1.14103,1.53799
2015-02-13,1.14077,1.53941
2015-02-17,1.13947,1.53492
2015-02-18,1.13417,1.54297
2015-02-19,1.13921,1.54512
2015-02-20,1.13714,1.53846
2015-02-23,1.13456,1.54655
2015-02-24,1.13071,1.54345
2015-02-25,1.13636,1.54991
2015-02-26,1.1212,1.5425
2015-02-27,1.1197,1.54392
2015-03-02,1.11894,1.53704
2015-03-03,1.1212,1.53917
2015-03-04,1.10705,1.52648
2015-03-05,1.10059,1.523
2015-03-06,1.08554,1.50625
2015-03-09,1.0846,1.50966
2015-03-10,1.07066,1.50852
2015-03-11,1.05764,1.49454
2015-03-12,1.06146,1.49076
2015-03-13,1.05241,1.47558
2015-03-16,1.05753,1.47995
2015-03-17,1.06045,1.47449
2015-03-18,1.06428,1.46864
2015-03-19,1.06213,1.47297
2015-03-20,1.07921,1.49231
2015-03-23,1.09278,1.49365
2015-03-24,1.09075,1.48699
2015-03-25,1.09866,1.49142
2015-03-26,1.09194,1.48434
2015-03-27,1.08909,1.48787
2015-03-30,1.08178,1.47929
2015-03-31,1.07411,1.485
2015-04-01,1.07677,1.48236
2015-04-02,1.08743,1.48412
2015-04-03,1.09902,1.49165
2015-04-06,1.10084,1.49589
2015-04-07,1.08495,1.48566
2015-04-08,1.08178,1.49231
2015-04-09,1.06712,1.47384
2015-04-10,1.05977,1.46477
2015-04-13,1.0582,1.46585
2015-04-14,1.06724,1.47907
2015-04-15,1.05955,1.4782
2015-04-16,1.07423,1.49231
2015-04-17,1.07805,1.4941
2015-04-20,1.07631,1.4912
2015-04-21,1.07585,1.49432
2015-04-22,1.07285,1.50263
2015-04-23,1.08026,1.50466
2015-04-24,1.08755,1.51768
2015-04-27,1.08921,1.52346
2015-04-28,1.09794,1.5328
2015-04-29,1.11744,1.54847
2015-04-30,1.1162,1.5328
2015-05-01,1.11944,1.51378
2015-05-04,1.11445,1.51172
2015-05-05,1.11744,1.51791
2015-05-06,1.13456,1.52439
2015-05-07,1.12829,1.5223
2015-05-08,1.1241,1.5456
2015-05-11,1.11421,1.55933
2015-05-12,1.12397,1.56838
2015-05-13,1.13714,1.5748
2015-05-14,1.13675,1.57654
2015-05-15,1.14286,1.57729
2015-05-18,1.13546,1.56789
2015-05-19,1.11508,1.55231
2015-05-20,1.10791,1.55448
2015-05-21,1.11259,1.56715
2015-05-22,1.10327,1.54847
2015-05-26,1.08755,1.53988
2015-05-27,1.08885,1.53233
2015-05-28,1.09135,1.52905
2015-05-29,1.09938,1.52858
2015-06-01,1.09135,1.5186
2015-06-02,1.11297,1.53304
2015-06-03,1.12854,1.53516
2015-06-04,1.12714,1.53681
2015-06-05,1.11074,1.52672
2015-06-08,1.12322,1.52788
2015-06-09,1.12841,1.53822
2015-06-10,1.13071,1.55304
2015-06-11,1.1236,1.54919
2015-06-12,1.12778,1.5586
2015-06-15,1.12663,1.55715
2015-06-16,1.12385,1.56372
2015-06-17,1.12435,1.57085
2015-06-18,1.14038,1.58831
2015-06-19,1.13353,1.58806
2015-06-22,1.13779,1.58228
2015-06-23,1.11894,1.57505
2015-06-24,1.11782,1.56814
2015-06-25,1.11957,1.57282
2015-06-26,1.11557,1.57381
2015-06-29,1.11794,1.57629
2015-06-30,1.11545,1.57282
2015-07-01,1.1084,1.56177
2015-07-02,1.10902,1.56128
2015-07-06,1.10754,1.56201
2015-07-07,1.09517,1.5444
2015-07-08,1.10717,1.53539
2015-07-09,1.10254,1.53752
2015-07-10,1.11495,1.55039
2015-07-13,1.10205,1.55183
2015-07-14,1.10144,1.55836
2015-07-15,1.09649,1.56201
2015-07-16,1.0898,1.56006
2015-07-17,1.08483,1.5625
2015-07-20,1.08495,1.5586
2015-07-21,1.09266,1.55497
2015-07-22,1.08838,1.56177
2015-07-23,1.09757,1.55328
2015-07-24,1.09757,1.55135
2015-07-27,1.11123,1.55958
2015-07-28,1.10546,1.56177
2015-07-29,1.10266,1.5625
2015-07-30,1.09135,1.55812
2015-07-31,1.10278,1.56348
2015-08-03,1.09625,1.56031
2015-08-04,1.09529,1.56128
2015-08-05,1.08684,1.56031
2015-08-06,1.09218,1.55207
2015-08-07,1.09577,1.54679
2015-08-10,1.09938,1.55448
2015-08-11,1.10424,1.55715
2015-08-12,1.11982,1.56397
2015-08-13,1.11445,1.55958
2015-08-14,1.11099,1.5625
2015-08-17,1.10779,1.55982
2015-08-18,1.10278,1.56568
2015-08-19,1.10607,1.56446
2015-08-20,1.11995,1.56887
2015-08-21,1.13559,1.56986
2015-08-24,1.15794,1.57307
2015-08-25,1.14103,1.56986
2015-08-26,1.13895,1.54919
2015-08-27,1.12385,1.54107
2015-08-28,1.11719,1.5361
2015-08-31,1.11944,1.53633
2015-09-01,1.12625,1.53421
2015-09-02,1.12423,1.53092
2015-09-03,1.11037,1.52532
2015-09-04,1.11173,1.51953
2015-09-08,1.11819,1.53799
2015-09-09,1.11645,1.53633
2015-09-10,1.12625,1.5456
2015-09-11,1.13379,1.5425
2015-09-14,1.13071,1.54226
2015-09-15,1.126,1.53516
2015-09-16,1.13045,1.54991
2015-09-17,1.13122,1.55087
2015-09-18,1.13585,1.55739
2015-09-21,1.12045,1.55063
2015-09-22,1.11334,1.53563
2015-09-23,1.11595,1.52439
2015-09-24,1.12524,1.52532
2015-09-25,1.11919,1.51722
2015-09-28,1.1236,1.52091
2015-09-29,1.12461,1.51676
2015-09-30,1.1162,1.51149
2015-10-01,1.11995,1.5163
2015-10-02,1.12765,1.52161
2015-10-05,1.11995,1.51653
2015-10-06,1.12663,1.52277
2015-10-07,1.12486,1.53139
2015-10-08,1.12816,1.53163
2015-10-09,1.13636,1.53139
2015-10-13,1.13817,1.52416
2015-10-14,1.14364,1.5444
2015-10-15,1.14181,1.54751
2015-10-16,1.13598,1.54416
2015-10-19,1.13199,1.54703
2015-10-20,1.13585,1.54703
2015-10-21,1.13456,1.54631
2015-10-22,1.11396,1.53988
2015-10-23,1.10156,1.53398
2015-10-26,1.10509,1.5361
2015-10-27,1.10522,1.53116
2015-10-28,1.10656,1.53186
2015-10-29,1.09625,1.52952
2015-10-30,1.10424,1.5444
2015-11-02,1.10266,1.54273
2015-11-03,1.09457,1.54036
2015-11-04,1.08613,1.53775
2015-11-05,1.08696,1.52369
2015-11-06,1.07458,1.50716
2015-11-09,1.07666,1.5124
2015-11-10,1.0686,1.51103
2015-11-12,1.07677,1.52068
2015-11-13,1.07216,1.52091
2015-11-16,1.07078,1.52045
2015-11-17,1.06338,1.52138
2015-11-18,1.06383,1.52091
2015-11-19,1.07458,1.5328
2015-11-20,1.06598,1.51999
2015-11-23,1.06022,1.5124
2015-11-24,1.06519,1.5058
2015-11-25,1.06157,1.5108
2015-11-27,1.05955,1.50399
2015-11-30,1.05619,1.50444
2015-12-01,1.06202,1.50739
2015-12-02,1.05731,1.49276
2015-12-03,1.09016,1.50875
2015-12-04,1.08838,1.50989
2015-12-07,1.08401,1.50761
2015-12-08,1.08755,1.49993
2015-12-09,1.09842,1.51676
2015-12-10,1.09481,1.51768
2015-12-11,1.10023,1.52138
2015-12-14,1.10254,1.51309
2015-12-15,1.09111,1.50444
2015-12-16,1.09373,1.50128
2015-12-17,1.08038,1.48765
2015-12-18,1.08472,1.49142
2015-12-21,1.09194,1.49054
2015-12-22,1.09782,1.48104
2015-12-23,1.08755,1.48633
2015-12-24,1.09553,1.49432
2015-12-28,1.0983,1.48832
2015-12-29,1.09158,1.47951
2015-12-30,1.09123,1.48324
2015-12-31,1.08589,1.47449
2016-01-04,1.08026,1.46864
2016-01-05,1.07434,1.46649
2016-01-06,1.07619,1.46263
2016-01-07,1.08601,1.45794
2016-01-08,1.08849,1.45222
2016-01-11,1.08778,1.45645
2016-01-12,1.08366,1.4403
2016-01-13,1.08625,1.44697
2016-01-14,1.08625,1.44092
2016-01-15,1.09637,1.42898
2016-01-19,1.09063,1.41703
2016-01-20,1.09075,1.41663
2016-01-21,1.08331,1.41985
2016-01-22,1.08143,1.43082
2016-01-25,1.08319,1.4245
2016-01-26,1.0846,1.4341
2016-01-27,1.08672,1.42613
2016-01-28,1.09517,1.43513
2016-01-29,1.08319,1.41844
2016-02-01,1.08885,1.43678
2016-02-02,1.09075,1.43988
2016-02-03,1.10509,1.45751
2016-02-04,1.11995,1.45794
2016-02-05,1.11309,1.44676
2016-02-08,1.11694,1.44155
2016-02-09,1.12994,1.44739
2016-02-10,1.12221,1.44739
2016-02-11,1.13623,1.44488
2016-02-12,1.12347,1.44592
2016-02-16,1.11396,1.42898
2016-02-17,1.11396,1.43164
2016-02-18,1.10914,1.43328
2016-02-19,1.11272,1.43431
2016-02-22,1.10181,1.41563
2016-02-23,1.10156,1.4039
2016-02-24,1.10205,1.39315
2016-02-25,1.10266,1.39373
2016-02-26,1.09325,1.38677
2016-02-29,1.08684,1.39256
2016-03-01,1.08472,1.39489
2016-03-02,1.08448,1.40588
2016-03-03,1.09481,1.41523
2016-03-04,1.10096,1.42268
2016-03-07,1.10035,1.42552
2016-03-08,1.10278,1.42248
2016-03-09,1.10217,1.42369
2016-03-10,1.1162,1.43062
2016-03-11,1.11794,1.44259
2016-03-14,1.11074,1.43246
2016-03-15,1.11123,1.41663
2016-03-16,1.10754,1.41004
2016-03-17,1.13161,1.44907
2016-03-18,1.12918,1.45138
2016-03-21,1.126,1.4403
2016-03-22,1.12284,1.42167
2016-03-23,1.11744,1.41103
2016-03-24,1.11632,1.41423
2016-03-25,1.11645,1.41303
2016-03-28,1.12095,1.42491
2016-03-29,1.12045,1.42816
2016-03-30,1.13302,1.43906
2016-03-31,1.13895,1.43802
2016-04-01,1.13856,1.42045
2016-04-04,1.13856,1.42796
2016-04-05,1.1374,1.41483
2016-04-06,1.14299,1.41623
2016-04-07,1.13856,1.40825
2016-04-08,1.14064,1.41044
2016-04-11,1.14116,1.4241
2016-04-12,1.13947,1.4245
2016-04-13,1.12816,1.42227
2016-04-14,1.12625,1.41483
2016-04-15,1.12956,1.42167
2016-04-18,1.13225,1.42755
2016-04-19,1.13753,1.43968
2016-04-20,1.13302,1.4374
2016-04-21,1.13007,1.4339
2016-04-22,1.12385,1.43906
2016-04-25,1.1274,1.44928
2016-04-26,1.13186,1.46113
2016-04-27,1.13225,1.45539
2016-04-28,1.1325,1.45815
2016-04-29,1.14416,1.46242
2016-05-02,1.15154,1.46671
2016-05-03,1.15075,1.45433
2016-05-04,1.14863,1.4476
2016-05-05,1.14038,1.44865
2016-05-06,1.14207,1.44383
2016-05-09,1.14025,1.44092
2016-05-10,1.13856,1.4453
2016-05-11,1.14443,1.44802
2016-05-12,1.13804,1.4453
2016-05-13,1.12943,1.43699
2016-05-16,1.13276,1.44113
2016-05-17,1.13366,1.44844
2016-05-18,1.12765,1.46156
2016-05-19,1.12145,1.46071
2016-05-20,1.1207,1.45138
2016-05-23,1.11919,1.44446
2016-05-24,1.11445,1.4622
2016-05-25,1.11545,1.46951
2016-05-26,1.11844,1.46735
2016-05-27,1.11396,1.46434
2016-05-31,1.11346,1.45307
2016-06-01,1.11645,1.43947
2016-06-02,1.1157,1.44196
2016-06-03,1.13302,1.45201
2016-06-06,1.13546,1.44509
2016-06-07,1.13494,1.45645
2016-06-08,1.13999,1.45455
2016-06-09,1.13289,1.44676
2016-06-10,1.12816,1.4341
2016-06-13,1.12816,1.42227
2016-06-14,1.12057,1.41303
2016-06-15,1.12385,1.41844
2016-06-16,1.11582,1.40746
2016-06-17,1.12562,1.42857
2016-06-20,1.13186,1.46886
2016-06-21,1.12625,1.46671
2016-06-22,1.12854,1.46821
2016-06-23,1.13727,1.47995
2016-06-24,1.11259,1.36388
2016-06-27,1.10241,1.3217
2016-06-28,1.10546,1.32943
2016-06-29,1.11173,1.35099
2016-06-30,1.10314,1.32415
2016-07-01,1.11445,1.32802
2016-07-05,1.10803,1.30208
2016-07-06,1.10767,1.29216
2016-07-07,1.10644,1.29266
2016-07-08,1.10375,1.29383
2016-07-11,1.10448,1.29853
2016-07-12,1.10742,1.32363
2016-07-13,1.11123,1.31804
2016-07-14,1.11086,1.33316
2016-07-15,1.10595,1.31944
2016-07-18,1.10754,1.32784
2016-07-19,1.10144,1.31234
2016-07-20,1.10072,1.31787
2016-07-21,1.10156,1.32153
2016-07-22,1.09685,1.30907
2016-07-25,1.09806,1.31303
2016-07-26,1.09842,1.31337
2016-07-27,1.09878,1.30941
2016-07-28,1.10939,1.3151
2016-07-29,1.11682,1.32696
2016-08-01,1.11757,1.32083
2016-08-02,1.12246,1.33262
2016-08-03,1.11694,1.33351
2016-08-04,1.11346,1.31423
2016-08-05,1.10803,1.30685
2016-08-08,1.10779,1.30412
2016-08-09,1.11099,1.30107
2016-08-10,1.11707,1.29988
2016-08-11,1.11682,1.29601
2016-08-12,1.11719,1.29333
2016-08-15,1.11995,1.28733
2016-08-16,1.12765,1.30191
2016-08-17,1.12625,1.30124
2016-08-18,1.1334,1.31475
2016-08-19,1.13263,1.30617
2016-08-22,1.13135,1.31337
2016-08-23,1.13084,1.31787
2016-08-24,1.12562,1.32363
2016-08-25,1.1274,1.3177
2016-08-26,1.12372,1.31683
2016-08-29,1.11819,1.3089
2016-08-30,1.11495,1.30839
2016-08-31,1.11458,1.31285
2016-09-01,1.11944,1.32732
2016-09-02,1.11582,1.32996
2016-09-06,1.12372,1.34282
2016-09-07,1.12385,1.33387
2016-09-08,1.12562,1.33014
2016-09-09,1.12145,1.32573
2016-09-12,1.12296,1.33138
2016-09-13,1.12423,1.31839
2016-09-14,1.12714,1.32048
2016-09-15,1.12461,1.32153
2016-09-16,1.11595,1.30907
2016-09-19,1.11794,1.30514
2016-09-20,1.11719,1.29735
2016-09-21,1.11645,1.29786
2016-09-22,1.12284,1.30924
2016-09-23,1.12233,1.29584
2016-09-26,1.12701,1.29786
2016-09-27,1.12082,1.30056
2016-09-28,1.11995,1.29955
2016-09-29,1.12435,1.29904
2016-09-30,1.12385,1.30157
2016-10-03,1.12095,1.28403
2016-10-04,1.1212,1.27453
2016-10-05,1.11957,1.27453
2016-10-06,1.11582,1.2647
2016-10-07,1.11557,1.24347
2016-10-11,1.10619,1.22175
2016-10-12,1.10144,1.21951
2016-10-13,1.10375,1.22011
2016-10-14,1.09854,1.21892
2016-10-17,1.09999,1.21862
2016-10-18,1.09975,1.23107
2016-10-19,1.09661,1.2279
2016-10-20,1.09337,1.22564
2016-10-21,1.0866,1.221
2016-10-24,1.08885,1.22041
2016-10-25,1.08897,1.2164
2016-10-26,1.09158,1.22339
2016-10-27,1.09039,1.21729
2016-10-28,1.09337,1.21551
2016-10-31,1.09625,1.22115
2016-11-01,1.10424,1.22175
2016-11-02,1.11185,1.23153
2016-11-03,1.10939,1.24533
2016-11-04,1.1121,1.25455
2016-11-07,1.10375,1.24023
2016-11-08,1.10339,1.23716
2016-11-09,1.09517,1.24735
2016-11-10,1.08826,1.25235
2016-11-14,1.07227,1.24688
2016-11-15,1.07262,1.24224
2016-11-16,1.06986,1.24502
2016-11-17,1.06564,1.24502
2016-11-18,1.06,1.23274
2016-11-21,1.05966,1.24735
2016-11-22,1.0618,1.24239
2016-11-23,1.05597,1.2458
2016-11-25,1.05955,1.24626
2016-11-28,1.05764,1.24116
2016-11-29,1.06259,1.25047
2016-11-30,1.05775,1.24813
2016-12-01,1.06338,1.2596
2016-12-02,1.06655,1.26855
2016-12-05,1.07227,1.27081
2016-12-06,1.0717,1.27065
2016-12-07,1.07585,1.2604
2016-12-08,1.06247,1.25739
2016-12-09,1.05407,1.25897
2016-12-12,1.06056,1.26775
2016-12-13,1.06349,1.26855
2016-12-14,1.06564,1.27065
2016-12-15,1.03745,1.23885
2016-12-16,1.04559,1.24782
2016-12-19,1.04439,1.24193
2016-12-20,1.03896,1.23579
2016-12-21,1.04254,1.23487
2016-12-22,1.04515,1.23016
2016-12-23,1.04493,1.22519
2016-12-27,1.04581,1.22609
2016-12-28,1.03885,1.2222
2016-12-29,1.04855,1.22369
2016-12-30,1.05519,1.23365
2017-01-03,1.04156,1.22564
2017-01-04,1.04756,1.22986
2017-01-05,1.05977,1.24146
2017-01-06,1.05597,1.23138
2017-01-09,1.05764,1.21669
2017-01-10,1.05719,1.21655
2017-01-11,1.05009,1.21183
2017-01-12,1.06655,1.22115
2017-01-13,1.06247,1.21981
2017-01-17,1.06952,1.23885
2017-01-18,1.06815,1.23092
2017-01-19,1.06304,1.23183
2017-01-23,1.074,1.24844
2017-01-24,1.07492,1.25313
2017-01-25,1.07434,1.26199
2017-01-26,1.06701,1.25786
2017-01-27,1.06895,1.25313
2017-01-30,1.06815,1.24782
2017-01-31,1.07945,1.25849
2017-02-01,1.07585,1.26422
2017-02-02,1.08015,1.25408
2017-02-03,1.07921,1.25047
2017-02-06,1.07308,1.24502
2017-02-07,1.06895,1.2486
2017-02-08,1.07078,1.25423
2017-02-09,1.06576,1.25156
2017-02-10,1.06496,1.25016
2017-02-13,1.06033,1.25094
2017-02-14,1.05775,1.24657
2017-02-15,1.05966,1.24657
2017-02-16,1.06598,1.24766
2017-02-17,1.06135,1.24285
2017-02-21,1.05507,1.24657
2017-02-22,1.05552,1.24564
2017-02-23,1.05865,1.25486
2017-02-24,1.05798,1.24984
2017-02-27,1.06236,1.24735
2017-02-28,1.0618,1.2427
2017-03-01,1.05641,1.23183
2017-03-02,1.05141,1.22669
2017-03-03,1.05519,1.22489
2017-03-06,1.05865,1.22429
2017-03-07,1.0582,1.22085
2017-03-08,1.05474,1.21521
2017-03-09,1.05865,1.21655
2017-03-10,1.06667,1.21581
2017-03-13,1.06701,1.22339
2017-03-14,1.06451,1.21684
2017-03-15,1.06304,1.2222
2017-03-16,1.07377,1.23701
2017-03-17,1.07423,1.23716
2017-03-20,1.07538,1.23655
2017-03-21,1.08096,1.24797
2017-03-22,1.08003,1.24766
2017-03-23,1.07875,1.25266
2017-03-24,1.08061,1.24906
2017-03-27,1.08826,1.25834
2017-03-28,1.08519,1.25031
2017-03-29,1.07562,1.24116
2017-03-30,1.07262,1.24891
2017-03-31,1.06975,1.25376
2017-04-03,1.06553,1.24797
2017-04-04,1.06644,1.24363
2017-04-05,1.0661,1.24875
2017-04-06,1.06508,1.2486
2017-04-07,1.06157,1.23977
2017-04-10,1.06056,1.24177
2017-04-11,1.06135,1.24844
2017-04-12,1.06112,1.25
2017-04-13,1.06304,1.25219
2017-04-14,1.06247,1.25313
2017-04-17,1.06598,1.25865
2017-04-18,1.07055,1.27698
2017-04-19,1.07066,1.27894
2017-04-20,1.07585,1.28304
2017-04-21,1.0694,1.27828
2017-04-24,1.0846,1.27828
2017-04-25,1.09409,1.28353
2017-04-26,1.08719,1.28386
2017-04-27,1.08637,1.28883
2017-04-28,1.08944,1.29383
2017-05-01,1.09123,1.29166
2017-05-02,1.09099,1.29216
2017-05-03,1.09194,1.29166
2017-05-04,1.09673,1.29099
2017-05-05,1.09963,1.295
2017-05-08,1.09278,1.29416
2017-05-09,1.08755,1.29383
2017-05-10,1.08731,1.29383
2017-05-11,1.08696,1.28849
2017-05-12,1.09266,1.288
2017-05-15,1.09794,1.29166
2017-05-16,1.10717,1.29116
2017-05-17,1.11346,1.29433
2017-05-18,1.11297,1.3009
2017-05-19,1.11894,1.30174
2017-05-22,1.1236,1.30056
2017-05-23,1.11982,1.29836
2017-05-24,1.11744,1.29349
2017-05-25,1.12183,1.29534
2017-05-26,1.11694,1.27943
2017-05-30,1.11832,1.28584
2017-05-31,1.1236,1.29049
2017-06-01,1.12145,1.28932
2017-06-02,1.12701,1.28849
2017-06-05,1.12499,1.29166
2017-06-06,1.12663,1.29016
2017-06-07,1.1236,1.29416
2017-06-08,1.1217,1.29383
2017-06-09,1.11894,1.27372
2017-06-12,1.12045,1.26582
2017-06-13,1.11944,1.27389
2017-06-14,1.12765,1.28074
2017-06-15,1.1152,1.27681
2017-06-16,1.11944,1.27779
2017-06-19,1.11595,1.27437
2017-06-20,1.11235,1.26279
2017-06-21,1.11433,1.26662
2017-06-22,1.11483,1.26582
2017-06-23,1.11957,1.27275
2017-06-26,1.11957,1.27324
2017-06-27,1.12994,1.2791
2017-06-28,1.13636,1.29366
2017-06-29,1.14194,1.29836
2017-06-30,1.14116,1.29955
2017-07-03,1.13675,1.29517
2017-07-05,1.13366,1.29333
2017-07-06,1.1409,1.29668
2017-07-07,1.1396,1.288
2017-07-10,1.1396,1.28833
2017-07-11,1.14299,1.28518
2017-07-12,1.14116,1.28883
2017-07-13,1.13856,1.29216
2017-07-14,1.14521,1.30787
2017-07-17,1.14705,1.30582
2017-07-18,1.15781,1.30259
2017-07-19,1.15181,1.30361
2017-07-20,1.16347,1.29752
2017-07-21,1.1655,1.29685
2017-07-24,1.16414,1.30276
2017-07-25,1.16564,1.30463
2017-07-26,1.1632,1.3048
2017-07-27,1.16564,1.30651
2017-07-28,1.17536,1.31234
2017-07-31,1.18259,1.31961
2017-08-01,1.17994,1.32066
2017-08-02,1.1861,1.32363
2017-08-03,1.18793,1.31441
2017-08-04,1.17536,1.30361
2017-08-07,1.17883,1.30208
2017-08-08,1.17233,1.29685
2017-08-09,1.17481,1.29971
2017-08-10,1.17509,1.29786
2017-08-11,1.18106,1.29887
2017-08-14,1.17855,1.29752
2017-08-15,1.17357,1.28617
2017-08-16,1.17028,1.28601
2017-08-17,1.17357,1.28883
2017-08-18,1.17481,1.28469
2017-08-21,1.18133,1.29032
2017-08-22,1.17619,1.28337
2017-08-23,1.18022,1.27877
2017-08-24,1.18008,1.28025
2017-08-25,1.18737,1.28733
2017-08-28,1.19732,1.29266
2017-08-29,1.2025,1.29366
2017-08-30,1.19275,1.29333
2017-08-31,1.18934,1.28883
2017-09-01,1.18779,1.29719
2017-09-05,1.19104,1.30124
2017-09-06,1.19432,1.30736
2017-09-07,1.20279,1.30941
2017-09-08,1.20409,1.32118
2017-09-11,1.19646,1.31735
2017-09-12,1.19674,1.32802
2017-09-13,1.18977,1.32188
2017-09-14,1.18864,1.33976
2017-09-15,1.19589,1.35777
2017-09-18,1.19374,1.34844
2017-09-19,1.19804,1.35172
2017-09-20,1.19976,1.35648
2017-09-21,1.1946,1.35759
2017-09-22,1.19689,1.35318
2017-09-25,1.18526,1.34571
2017-09-26,1.17716,1.34228
2017-09-27,1.17467,1.34012
2017-09-28,1.17758,1.34354
2017-09-29,1.18133,1.34012
2017-10-02,1.17454,1.32679
2017-10-03,1.17592,1.32503
2017-10-04,1.17606,1.32679
2017-10-05,1.17055,1.3132
2017-10-06,1.17316,1.30634
2017-10-10,1.18036,1.32153
2017-10-11,1.18469,1.321
2017-10-12,1.18399,1.31735
2017-10-13,1.18371,1.33032
2017-10-16,1.18106,1.32855
2017-10-17,1.17536,1.31822
2017-10-18,1.17744,1.31822
2017-10-19,1.18413,1.31804
2017-10-20,1.17702,1.31787
2017-10-23,1.17619,1.32013
2017-10-24,1.17661,1.31234
2017-10-25,1.18022,1.32521
2017-10-26,1.17,1.31804
2017-10-27,1.15794,1.31079
2017-10-30,1.16266,1.31944
2017-10-31,1.16482,1.32802
2017-11-01,1.16185,1.32573
2017-11-02,1.16713,1.30685
2017-11-03,1.16158,1.30668
2017-11-06,1.15996,1.31458
2017-11-07,1.15768,1.31527
2017-11-08,1.15915,1.31079
2017-11-09,1.16482,1.31337
2017-11-13,1.16564,1.3101
2017-11-14,1.17633,1.31285
2017-11-15,1.17938,1.31648
2017-11-16,1.17716,1.31978
2017-11-17,1.17994,1.32223
2017-11-20,1.17412,1.32415
2017-11-21,1.17412,1.32328
2017-11-22,1.17897,1.32908
2017-11-24,1.1936,1.33351
2017-11-27,1.19104,1.33333
2017-11-28,1.18779,1.3231
2017-11-29,1.18582,1.34354
2017-11-30,1.18977,1.35062
2017-12-01,1.19104,1.35044
2017-12-04,1.18483,1.34644
2017-12-05,1.18203,1.34499
2017-12-06,1.17883,1.33815
2017-12-07,1.17897,1.34318
2017-12-08,1.17606,1.33672
2017-12-11,1.18022,1.33636
2017-12-12,1.17247,1.33227
2017-12-13,1.17619,1.33654
2017-12-14,1.17786,1.34409
2017-12-15,1.17786,1.33156
2017-12-18,1.18036,1.33976
2017-12-19,1.18217,1.33565
2017-12-20,1.18807,1.34084
2017-12-21,1.18723,1.33726
2017-12-22,1.18385,1.33797
2017-12-26,1.18666,1.3369
2017-12-27,1.19019,1.3403
2017-12-28,1.19517,1.34499
2017-12-29,1.20221,1.35281
2018-01-02,1.20496,1.35962
2018-01-03,1.20294,1.35227
2018-01-04,1.20642,1.35391
2018-01-05,1.20395,1.35612
2018-01-08,1.19732,1.35667
2018-01-09,1.19218,1.35172
2018-01-10,1.19574,1.35135
2018-01-11,1.20351,1.35428
2018-01-12,1.213,1.36893
2018-01-16,1.22444,1.37741
2018-01-17,1.22294,1.38236
2018-01-18,1.22384,1.38889
2018-01-19,1.22384,1.38562
2018-01-22,1.22294,1.39431
2018-01-23,1.22775,1.39684
2018-01-24,1.239,1.41985
2018-01-25,1.24875,1.42633
2018-01-26,1.24224,1.41784
2018-01-29,1.23518,1.4043
2018-01-30,1.239,1.41243
2018-01-31,1.24285,1.41904
2018-02-01,1.24813,1.4247
2018-02-02,1.24456,1.41263
2018-02-05,1.24177,1.40213
2018-02-06,1.23808,1.39509
2018-02-07,1.22805,1.38812
2018-02-08,1.22384,1.39159
2018-02-09,1.22264,1.37931
2018-02-12,1.22669,1.38198
2018-02-13,1.23625,1.38927
2018-02-14,1.23962,1.39548
2018-02-15,1.24813,1.40607
2018-02-16,1.24425,1.40548
2018-02-20,1.23487,1.40213
2018-02-21,1.23138,1.39451
2018-02-22,1.23259,1.39392
2018-02-23,1.22986,1.39782
2018-02-26,1.22956,1.39528
2018-02-27,1.22384,1.39063
2018-02-28,1.22115,1.37931
2018-03-01,1.2216,1.37552
2018-03-02,1.23138,1.37684
2018-03-05,1.23305,1.38562
2018-03-06,1.24146,1.3887
2018-03-07,1.23977,1.38889
2018-03-08,1.23138,1.38236
2018-03-09,1.23259,1.38639
2018-03-12,1.23183,1.38985
2018-03-13,1.23977,1.3988
2018-03-14,1.23625,1.39451
2018-03-15,1.23213,1.39509
2018-03-16,1.22805,1.39198
2018-03-19,1.23289,1.40311
2018-03-20,1.22714,1.40135
2018-03-21,1.22684,1.40647
2018-03-22,1.23107,1.40984
2018-03-23,1.23594,1.41503
2018-03-26,1.24394,1.42369
2018-03-27,1.241,1.41603
2018-03-28,1.23503,1.41103
2018-03-29,1.22971,1.40292
2018-03-30,1.23198,1.40272
2018-04-02,1.2288,1.40311
2018-04-03,1.22609,1.40687
2018-04-04,1.22926,1.40766
2018-04-05,1.22294,1.39919
2018-04-06,1.22745,1.40885
2018-04-09,1.23198,1.41363
2018-04-10,1.23381,1.41603
2018-04-11,1.23839,1.41945
2018-04-12,1.23198,1.4245
2018-04-13,1.23213,1.42552
2018-04-16,1.23732,1.43328
2018-04-17,1.23457,1.43
2018-04-18,1.23793,1.42268
2018-04-19,1.23365,1.41924
2018-04-20,1.2282,1.40331
2018-04-23,1.2216,1.39528
2018-04-24,1.22264,1.39743
2018-04-25,1.21773,1.39412
2018-04-26,1.21124,1.39276
2018-04-27,1.2108,1.37855
2018-04-30,1.20744,1.37514
2018-05-01,1.20005,1.3611
2018-05-02,1.19674,1.36091
2018-05-03,1.19703,1.35685
2018-05-04,1.1946,1.35355
2018-05-07,1.19275,1.35667
2018-05-08,1.18624,1.35208
2018-05-09,1.18526,1.35667
2018-05-10,1.18963,1.34862
2018-05-11,1.19503,1.35483
2018-05-14,1.1976,1.35943
2018-05-15,1.18638,1.35117
2018-05-16,1.17883,1.34789
2018-05-17,1.1798,1.35062
2018-05-18,1.17744,1.34753
2018-05-21,1.17675,1.34174
2018-05-22,1.17827,1.34445
2018-05-23,1.16932,1.33404
2018-05-24,1.17288,1.33833
2018-05-25,1.16659,1.33209
2018-05-29,1.15513,1.32573
2018-05-30,1.16645,1.32961
2018-05-31,1.167,1.3289
2018-06-01,1.16795,1.33583
2018-06-04,1.16959,1.33138
2018-06-05,1.16713,1.33601
2018-06-06,1.17786,1.34282
2018-06-07,1.18147,1.34264
2018-06-08,1.1773,1.34066
2018-06-11,1.18022,1.33869
2018-06-12,1.17925,1.34156
2018-06-13,1.17841,1.33779
2018-06-14,1.16347,1.33333
2018-06-15,1.16158,1.32837
2018-06-18,1.16063,1.32468
2018-06-19,1.15768,1.31718
2018-06-20,1.15915,1.32135
2018-06-21,1.15996,1.32503
2018-06-22,1.16306,1.32573
2018-06-25,1.16945,1.32732
2018-06-26,1.16754,1.32433
2018-06-27,1.15875,1.31389
2018-06-28,1.15821,1.30941
2018-06-29,1.16768,1.31978
2018-07-02,1.16036,1.31337
2018-07-03,1.16537,1.31735
2018-07-05,1.16973,1.32275
2018-07-06,1.17385,1.32626
2018-07-09,1.1744,1.32013
2018-07-10,1.17275,1.32661
2018-07-11,1.1722,1.32415
2018-07-12,1.16918,1.3238
2018-07-13,1.16673,1.32153
2018-07-16,1.17096,1.32363
2018-07-17,1.16645,1.31614
2018-07-18,1.16455,1.30497
2018-07-19,1.16036,1.2987
2018-07-20,1.17082,1.31148
2018-07-23,1.17014,1.31044
2018-07-24,1.16836,1.31354
2018-07-25,1.16768,1.31492
2018-07-26,1.16537,1.31182
2018-07-27,1.16604,1.31182
2018-07-30,1.17178,1.31406
2018-07-31,1.17055,1.31251
2018-08-01,1.16659,1.31199
2018-08-02,1.16117,1.30344
2018-08-03,1.15969,1.30208
2018-08-06,1.15634,1.29467
2018-08-07,1.15969,1.29567
2018-08-08,1.15982,1.288
2018-08-09,1.1566,1.287
2018-08-10,1.13986,1.27698
2018-08-13,1.1396,1.27567
2018-08-14,1.13507,1.27372
2018-08-15,1.13314,1.26855
2018-08-16,1.13882,1.27226
2018-08-17,1.14103,1.27356
2018-08-20,1.14377,1.27649
2018-08-21,1.1534,1.28601
2018-08-22,1.15955,1.29099
2018-08-23,1.15674,1.28304
2018-08-24,1.16252,1.28584
2018-08-27,1.16754,1.28916
2018-08-28,1.17206,1.28866
2018-08-29,1.16986,1.30056
2018-08-30,1.16455,1.29971
2018-08-31,1.15955,1.29634
2018-09-04,1.1566,1.28337
2018-09-05,1.16198,1.29032
2018-09-06,1.16239,1.29333
2018-09-07,1.15714,1.29333
2018-09-10,1.16036,1.30259
2018-09-11,1.15915,1.30157
2018-09-12,1.16266,1.30293
2018-09-13,1.16713,1.31044
2018-09-14,1.16564,1.30839
2018-09-17,1.16863,1.31458
2018-09-18,1.16932,1.31579
2018-09-19,1.1685,1.31614
2018-09-20,1.1744,1.32363
2018-09-21,1.17385,1.30668
2018-09-24,1.1773,1.31285
2018-09-25,1.17702,1.31614
2018-09-26,1.17578,1.31822
2018-09-27,1.167,1.31044
2018-09-28,1.16225,1.30531
2018-10-01,1.15674,1.30327
2018-10-02,1.15594,1.29836
2018-10-03,1.15247,1.29938
2018-10-04,1.15075,1.30141
2018-10-05,1.15022,1.3101
2018-10-09,1.14824,1.31389
2018-10-10,1.15407,1.32066
2018-10-11,1.15647,1.31926
2018-10-12,1.15594,1.31544
2018-10-15,1.15942,1.31683
2018-10-16,1.15929,1.321
2018-10-17,1.15393,1.31372
2018-10-18,1.14943,1.30617
2018-10-19,1.15128,1.30446
2018-10-22,1.14666,1.29735
2018-10-23,1.14797,1.2982
2018-10-24,1.13895,1.28982
2018-10-25,1.1374,1.28271
2018-10-26,1.13882,1.28254
2018-10-29,1.13895,1.28074
2018-10-30,1.13636,1.27307
2018-10-31,1.13314,1.27796
2018-11-01,1.1396,1.29735
2018-11-02,1.13779,1.29651
2018-11-05,1.13934,1.30208
2018-11-06,1.14116,1.30753
2018-11-07,1.14587,1.31441
2018-11-08,1.14155,1.31165
2018-11-09,1.1325,1.29786
2018-11-13,1.1288,1.3031
2018-11-14,1.13122,1.30107
2018-11-15,1.13237,1.27486
2018-11-16,1.14025,1.28386
2018-11-19,1.14482,1.28419
2018-11-20,1.13908,1.2809
2018-11-21,1.13934,1.27763
2018-11-23,1.13314,1.28041
2018-11-26,1.13366,1.2809
2018-11-27,1.12816,1.27291
2018-11-28,1.12854,1.27665
2018-11-29,1.13817,1.27894
2018-11-30,1.13225,1.27714
2018-12-03,1.13559,1.27421
2018-12-04,1.13456,1.27194
2018-12-06,1.1374,1.27763
2018-12-07,1.13895,1.27486
2018-12-10,1.13675,1.25581
2018-12-11,1.13135,1.25235
2018-12-12,1.13623,1.26582
2018-12-13,1.13585,1.26342
2018-12-14,1.12994,1.25707
2018-12-17,1.13392,1.26056
2018-12-18,1.13636,1.26438
2018-12-19,1.1422,1.26695
2018-12-20,1.14325,1.26502
2018-12-21,1.14025,1.26807
2018-12-26,1.14077,1.26759
2018-12-27,1.14116,1.26263
2018-12-28,1.14456,1.26984
2018-12-31,1.14561,1.27632
2019-01-02,1.13572,1.25976
2019-01-03,1.13986,1.26326
2019-01-04,1.14103,1.27405
2019-01-07,1.14679,1.27567
2019-01-08,1.14443,1.27243
2019-01-09,1.15234,1.27632
2019-01-10,1.15168,1.27681
2019-01-11,1.14784,1.28353
2019-01-15,1.13921,1.27616
2019-01-16,1.14077,1.28617
2019-01-17,1.13856,1.294
2019-01-18,1.13623,1.28982
2019-01-22,1.13585,1.2955
2019-01-23,1.13895,1.30736
2019-01-24,1.13225,1.30276
2019-01-25,1.14064,1.31752
2019-01-28,1.14377,1.31579
2019-01-29,1.14233,1.31458
2019-01-30,1.14181,1.30617
2019-01-31,1.14534,1.31354
2019-02-01,1.14745,1.30941
2019-02-04,1.14377,1.30685
2019-02-05,1.14064,1.29467
2019-02-06,1.13804,1.29567
2019-02-07,1.13572,1.29668
2019-02-08,1.13263,1.29333
2019-02-11,1.12765,1.28617
2019-02-12,1.13161,1.28866
2019-02-13,1.1288,1.2865
2019-02-14,1.12841,1.27926
2019-02-15,1.12676,1.28568
2019-02-19,1.13276,1.30361
2019-02-21,1.13379,1.30599
2019-02-22,1.13417,1.30668
2019-02-25,1.13456,1.30582
2019-02-26,1.1374,1.32521
2019-02-27,1.13701,1.33174
2019-02-28,1.13792,1.32732
2019-03-01,1.13766,1.32223
2019-03-04,1.13276,1.31857
2019-03-05,1.12994,1.31406
2019-03-06,1.13199,1.31475
2019-03-07,1.12145,1.31062
2019-03-08,1.12435,1.30107
2019-03-11,1.12259,1.30941
2019-03-12,1.12765,1.3101
2019-03-13,1.13097,1.32293
2019-03-14,1.13045,1.32802
2019-03-15,1.13263,1.32784
2019-03-18,1.13366,1.32223
2019-03-19,1.13456,1.32626
2019-03-20,1.1352,1.31909
2019-03-21,1.13611,1.30736
2019-03-22,1.12816,1.32188
2019-03-25,1.13237,1.32031
2019-03-26,1.12803,1.32153
2019-03-27,1.12499,1.31926
2019-03-28,1.1236,1.30873
2019-03-29,1.12284,1.30327
2019-04-01,1.12095,1.31441
2019-04-02,1.11857,1.30344
2019-04-03,1.12423,1.31804
2019-04-04,1.12158,1.30719
2019-04-05,1.1217,1.30107
2019-04-08,1.12625,1.3048
2019-04-09,1.12778,1.3048
2019-04-10,1.12663,1.30993
2019-04-11,1.12625,1.30685
2019-04-12,1.13045,1.30856
2019-04-15,1.13045,1.31044
2019-04-16,1.12931,1.30497
2019-04-17,1.12969,1.30361
2019-04-18,1.1241,1.30022
2019-04-19,1.12461,1.30022
2019-04-22,1.12575,1.29836
2019-04-23,1.12133,1.29433
2019-04-24,1.11919,1.29467
2019-04-25,1.11396,1.29016
2019-04-26,1.11545,1.29299
2019-04-29,1.11657,1.29232
2019-04-30,1.12007,1.30293
2019-05-01,1.12461,1.30907
2019-05-02,1.11844,1.30327
2019-05-03,1.11857,1.31389
2019-05-06,1.1197,1.30924
2019-05-07,1.11782,1.30514
2019-05-08,1.12057,1.30141
2019-05-09,1.12284,1.30124
2019-05-10,1.1241,1.30361
2019-05-13,1.12322,1.29618
2019-05-14,1.1207,1.29216
2019-05-15,1.12082,1.28783
2019-05-16,1.11782,1.28025
2019-05-17,1.11657,1.27226
2019-05-20,1.11694,1.27178
2019-05-21,1.11582,1.2747
2019-05-22,1.11557,1.26743
2019-05-23,1.11719,1.26662
2019-05-24,1.1197,1.27
2019-05-28,1.11769,1.26678
2019-05-29,1.11359,1.2631
2019-05-30,1.11396,1.26183
2019-05-31,1.11495,1.26199
2019-06-03,1.12057,1.26215
2019-06-04,1.1236,1.26743
2019-06-05,1.12423,1.27065
2019-06-06,1.12943,1.27129
2019-06-07,1.13237,1.27405
2019-06-10,1.13109,1.26839
2019-06-11,1.13161,1.27243
2019-06-12,1.13097,1.26936
2019-06-13,1.12752,1.26775
2019-06-14,1.1217,1.26008
2019-06-17,1.12347,1.25676
2019-06-18,1.11957,1.25471
2019-06-19,1.12145,1.26247
2019-06-20,1.12841,1.27
2019-06-21,1.13276,1.27033
2019-06-24,1.13934,1.27275
2019-06-25,1.13856,1.2721
2019-06-26,1.13895,1.26968
2019-06-27,1.13714,1.26743
2019-06-28,1.1374,1.27033
2019-07-01,1.13071,1.26438
2019-07-02,1.13007,1.25992
2019-07-03,1.12752,1.25676
2019-07-05,1.12158,1.25063
2019-07-08,1.12082,1.25031
2019-07-09,1.12095,1.24626
2019-07-10,1.126,1.25063
2019-07-11,1.12613,1.25486
2019-07-12,1.12537,1.25534
2019-07-15,1.126,1.25235
2019-07-16,1.1212,1.24085
2019-07-17,1.12322,1.24378
2019-07-18,1.12284,1.24938
2019-07-19,1.12196,1.25
2019-07-22,1.12145,1.2475
2019-07-23,1.11557,1.24486
2019-07-24,1.11408,1.24984
2019-07-25,1.11557,1.24704
2019-07-26,1.1121,1.2387
2019-07-29,1.11421,1.22354
2019-07-30,1.11483,1.21477
2019-07-31,1.11297,1.22205
2019-08-01,1.10619,1.21448
2019-08-02,1.11123,1.21315
2019-08-05,1.1197,1.21655
2019-08-06,1.11957,1.21492
2019-08-07,1.1236,1.21581
2019-08-08,1.12095,1.21374
2019-08-09,1.12221,1.20846
2019-08-12,1.1212,1.207
2019-08-13,1.11819,1.20671
2019-08-14,1.11445,1.20685
2019-08-15,1.11062,1.21124
2019-08-16,1.10914,1.21521
2019-08-19,1.10963,1.21374
2019-08-20,1.10914,1.21536
2019-08-21,1.10975,1.21418
2019-08-22,1.10889,1.22504
2019-08-23,1.11483,1.22609
2019-08-26,1.11123,1.22324
2019-08-27,1.10939,1.2288
2019-08-28,1.1084,1.22474
2019-08-29,1.10595,1.21966
2019-08-30,1.0989,1.21655
2019-09-03,1.09685,1.20861
2019-09-04,1.10254,1.21907
2019-09-05,1.10375,1.23365
2019-09-06,1.10424,1.22986
2019-09-09,1.10558,1.23686
2019-09-10,1.10424,1.23548
2019-09-11,1.10011,1.23289
2019-09-12,1.10742,1.23564
2019-09-13,1.10742,1.24626
2019-09-16,1.10059,1.24224
2019-09-17,1.10632,1.24938
2019-09-18,1.10607,1.24782
2019-09-19,1.10461,1.24813
2019-09-20,1.10035,1.24891
2019-09-23,1.09914,1.24285
2019-09-24,1.09987,1.2475
2019-09-25,1.09493,1.23625
2019-09-26,1.09385,1.23426
2019-09-27,1.09421,1.23122
2019-09-30,1.09051,1.23047
2019-10-01,1.09325,1.22414
2019-10-02,1.09505,1.23138
2019-10-03,1.09914,1.239
2019-10-04,1.09745,1.23092
2019-10-07,1.09842,1.23213
2019-10-08,1.09493,1.22055
2019-10-09,1.09782,1.22145
2019-10-10,1.10181,1.23824
2019-10-11,1.10387,1.26823
2019-10-15,1.10363,1.27372
2019-10-16,1.10754,1.28535
2019-10-17,1.11284,1.28535
2019-10-18,1.11545,1.29032
2019-10-21,1.11445,1.29836
2019-10-22,1.11383,1.29483
2019-10-23,1.11185,1.28866
2019-10-24,1.10975,1.28107
2019-10-25,1.10816,1.28337
2019-10-28,1.10939,1.28601
2019-10-29,1.11173,1.29049
2019-10-30,1.11235,1.28717
2019-10-31,1.11545,1.29383
2019-11-01,1.11694,1.295
2019-11-04,1.11445,1.29066
2019-11-05,1.10705,1.287
2019-11-06,1.10754,1.28717
2019-11-07,1.10448,1.28287
2019-11-08,1.10193,1.27894
2019-11-12,1.10169,1.28551
2019-11-13,1.10035,1.28403
2019-11-14,1.10156,1.28783
2019-11-15,1.10461,1.29016
2019-11-18,1.10791,1.29651
2019-11-19,1.10754,1.29266
2019-11-20,1.10632,1.29182
2019-11-21,1.10668,1.29149
2019-11-22,1.1029,1.28287
2019-11-25,1.10096,1.28849
2019-11-26,1.1012,1.28502
2019-11-27,1.10023,1.28816
2019-11-29,1.10193,1.29383
2019-12-02,1.10754,1.29366
2019-12-03,1.10889,1.30022
2019-12-04,1.10754,1.30941
2019-12-05,1.11037,1.31648
2019-12-06,1.10522,1.31268
2019-12-09,1.10668,1.31562
2019-12-10,1.10902,1.31787
2019-12-11,1.10914,1.31752
2019-12-12,1.11148,1.31337
2019-12-13,1.11284,1.33494
2019-12-16,1.11396,1.33298
2019-12-17,1.11483,1.31165
2019-12-18,1.11136,1.30787
2019-12-19,1.11284,1.30344
2019-12-20,1.10754,1.30361
2019-12-23,1.10914,1.29166
2019-12-24,1.1084,1.2955
2019-12-26,1.11025,1.30073
2019-12-27,1.11744,1.30907
2019-12-30,1.1217,1.31406
2019-12-31,1.12271,1.32696
2020-01-02,1.11657,1.31285
2020-01-03,1.11732,1.30907
2020-01-06,1.11869,1.31631
2020-01-07,1.11383,1.31268
2020-01-08,1.11173,1.31096
2020-01-09,1.11062,1.30685
2020-01-10,1.11185,1.30599
2020-01-13,1.11383,1.29836
2020-01-14,1.11297,1.30174
2020-01-15,1.11595,1.30293
2020-01-16,1.11309,1.30753
2020-01-17,1.10926,1.30293
2020-01-21,1.10963,1.30463
2020-01-22,1.10852,1.31354
2020-01-23,1.10412,1.31044
2020-01-24,1.10266,1.30702
2020-01-27,1.10193,1.30548
2020-01-28,1.10084,1.29955
2020-01-29,1.10035,1.30124
2020-01-30,1.10314,1.31062
2020-01-31,1.10816,1.31944
2020-02-03,1.10619,1.30056
2020-02-04,1.10424,1.30293
2020-02-05,1.10059,1.30005
2020-02-06,1.09794,1.29349
2020-02-07,1.09505,1.29082
2020-02-10,1.09158,1.29182
2020-02-11,1.0917,1.2945
2020-02-12,1.08932,1.29786
2020-02-13,1.08483,1.30514
2020-02-14,1.08389,1.30395
2020-02-18,1.08155,1.30174
2020-02-19,1.07945,1.29333
2020-02-20,1.07968,1.28766
2020-02-21,1.08554,1.29668
2020-02-24,1.08566,1.29232
2020-02-25,1.08684,1.30039
2020-02-26,1.08873,1.29216
2020-02-27,1.09769,1.28766
2020-02-28,1.10011,1.27779
2020-03-02,1.11645,1.2791
2020-03-03,1.11744,1.28271
2020-03-04,1.11297,1.28353
2020-03-05,1.1202,1.29383
2020-03-06,1.13186,1.30107
2020-03-09,1.14194,1.30993
2020-03-10,1.13417,1.29333
2020-03-11,1.12803,1.28866
2020-03-12,1.10816,1.25408
2020-03-13,1.10656,1.24054
2020-03-16,1.11396,1.22775
2020-03-17,1.09709,1.20163
2020-03-18,1.08331,1.17606
2020-03-19,1.06986,1.16618
2020-03-20,1.06815,1.17426
2020-03-23,1.07596,1.14916
2020-03-24,1.07945,1.17841
2020-03-25,1.08354,1.17633
2020-03-26,1.10254,1.21403
2020-03-27,1.10595,1.23594
2020-03-30,1.10181,1.23916
2020-03-31,1.10156,1.24533
2020-04-01,1.09337,1.23946
2020-04-02,1.08625,1.23793
2020-04-03,1.07968,1.22279
2020-04-06,1.08085,1.22986
2020-04-07,1.08861,1.23426
2020-04-08,1.08637,1.23946
2020-04-09,1.09314,1.2458
2020-04-10,1.09505,1.24844
2020-04-13,1.09063,1.25188
2020-04-14,1.09709,1.26167
2020-04-15,1.09087,1.25235
2020-04-16,1.08401,1.24332
2020-04-17,1.08826,1.25031
2020-04-20,1.08743,1.24673
2020-04-21,1.08542,1.22654
2020-04-22,1.08295,1.2332
2020-04-23,1.08155,1.23686
2020-04-24,1.0798,1.2335
2020-04-27,1.08295,1.24208
2020-04-28,1.08366,1.24378
2020-04-29,1.0853,1.24285
2020-04-30,1.09337,1.26024
2020-05-01,1.09975,1.25094
2020-05-04,1.09111,1.24301
2020-05-05,1.08436,1.24486
2020-05-06,1.08061,1.23472
2020-05-07,1.08155,1.23487
2020-05-08,1.08542,1.24363
2020-05-11,1.08178,1.23305
2020-05-12,1.08637,1.22986
2020-05-13,1.08366,1.22249
2020-05-14,1.08003,1.21936
2020-05-15,1.08155,1.21286
2020-05-18,1.09039,1.22115
2020-05-19,1.09373,1.22549
2020-05-20,1.09806,1.22564
2020-05-21,1.09529,1.22264
2020-05-22,1.08944,1.21773
2020-05-26,1.09697,1.23365
2020-05-27,1.09685,1.22309
2020-05-28,1.10693,1.23244
2020-05-29,1.11074,1.23198
2020-06-01,1.11235,1.24719
2020-06-02,1.11657,1.25313
2020-06-03,1.12461,1.25992
2020-06-04,1.13225,1.26088
2020-06-05,1.12969,1.27033
2020-06-08,1.12931,1.26936
2020-06-09,1.13482,1.27356
2020-06-10,1.13546,1.27584
2020-06-11,1.13779,1.26342
2020-06-12,1.12524,1.25266
2020-06-15,1.12701,1.25423
2020-06-16,1.12587,1.25865
2020-06-17,1.12196,1.25266
2020-06-18,1.12158,1.24301
2020-06-19,1.11894,1.23625
2020-06-22,1.126,1.24471
2020-06-23,1.13225,1.25313
2020-06-24,1.12714,1.24316
2020-06-25,1.12208,1.24054
2020-06-26,1.12145,1.23365
2020-06-29,1.12372,1.2279
2020-06-30,1.12372,1.23686
2020-07-01,1.12587,1.24735
2020-07-02,1.12372,1.24688
2020-07-06,1.13071,1.24813
2020-07-07,1.12994,1.25723
2020-07-08,1.13289,1.25929
2020-07-09,1.12982,1.26135
2020-07-10,1.13186,1.26534
2020-07-13,1.13636,1.26135
2020-07-14,1.14064,1.25455
2020-07-15,1.14064,1.25865
2020-07-16,1.14325,1.26215
2020-07-17,1.14377,1.25502
2020-07-20,1.14416,1.26582
2020-07-21,1.14956,1.27356
2020-07-22,1.15875,1.27291
2020-07-23,1.16225,1.27584
2020-07-24,1.16347,1.2791
2020-07-27,1.17495,1.28866
2020-07-28,1.1733,1.295
2020-07-29,1.17702,1.29735
2020-07-30,1.17911,1.30344
2020-07-31,1.18217,1.31337
2020-08-03,1.17495,1.30531
2020-08-04,1.17661,1.30582
2020-08-05,1.18977,1.31406
2020-08-06,1.18554,1.31475
2020-08-07,1.17758,1.30429
2020-08-10,1.17564,1.30822
2020-08-11,1.17633,1.3077
2020-08-12,1.17966,1.30463
2020-08-13,1.18175,1.30822
2020-08-14,1.18329,1.31079
2020-08-17,1.18694,1.31044
2020-08-18,1.19275,1.32275
2020-08-19,1.18977,1.31909
2020-08-20,1.18624,1.31891
2020-08-21,1.17744,1.30976
2020-08-24,1.18036,1.30787
2020-08-25,1.18175,1.31354
2020-08-26,1.18133,1.31857
2020-08-27,1.18245,1.32293
2020-08-28,1.19005,1.33404
2020-08-31,1.19503,1.33743
2020-09-01,1.19489,1.34156
2020-09-02,1.18399,1.33156
2020-09-03,1.18315,1.32626
2020-09-04,1.18203,1.32293
2020-09-08,1.17897,1.30395
2020-09-09,1.18106,1.30107
2020-09-10,1.18793,1.28452
2020-09-11,1.18315,1.27877
2020-09-14,1.18737,1.28766
2020-09-15,1.18455,1.28667
2020-09-16,1.18343,1.29803
2020-09-17,1.18231,1.2955
2020-09-18,1.18568,1.295
2020-09-21,1.17371,1.27943
2020-09-22,1.17028,1.27259
2020-09-23,1.16768,1.27502
2020-09-24,1.16659,1.27389
2020-09-25,1.16185,1.27065
2020-09-28,1.16604,1.2865
2020-09-29,1.17165,1.28469
2020-09-30,1.17233,1.29216
2020-10-01,1.17523,1.29016
2020-10-02,1.17055,1.29282
2020-10-05,1.17841,1.29719
2020-10-06,1.17786,1.2945
2020-10-07,1.17661,1.29132
2020-10-08,1.17536,1.29433
2020-10-09,1.18189,1.30022
2020-10-13,1.17371,1.29685
2020-10-14,1.1755,1.30225
2020-10-15,1.17014,1.29166
2020-10-16,1.17165,1.29316
2020-10-19,1.17883,1.29988
2020-10-20,1.18245,1.29517
2020-10-21,1.18694,1.31423
2020-10-22,1.18245,1.30907
2020-10-23,1.18441,1.30395
2020-10-26,1.18161,1.30208
2020-10-27,1.18343,1.30668
2020-10-28,1.17509,1.29971
2020-10-29,1.16577,1.28899
2020-10-30,1.16469,1.29333
2020-11-02,1.16347,1.29032
2020-11-03,1.17233,1.30497
2020-11-04,1.17302,1.30208
2020-11-05,1.18092,1.31165
2020-11-06,1.18864,1.31614
2020-11-09,1.18106,1.31372
2020-11-10,1.18106,1.32345
2020-11-12,1.18133,1.31423
2020-11-13,1.18245,1.31752
2020-11-16,1.18441,1.31978
2020-11-17,1.18624,1.32468
2020-11-18,1.18694,1.32996
2020-11-19,1.18427,1.32258
2020-11-20,1.18568,1.32943
2020-11-23,1.18259,1.32996
2020-11-24,1.18737,1.33494
2020-11-25,1.19076,1.33779
2020-11-30,1.19474,1.33387
2020-12-01,1.20395,1.33923
2020-12-02,1.20934,1.33476
2020-12-03,1.21521,1.34953
2020-12-04,1.21418,1.34844
2020-12-07,1.21374,1.33529
2020-12-08,1.21109,1.33583
2020-12-09,1.20802,1.33923
2020-12-10,1.21183,1.32926
2020-12-11,1.21124,1.31978
2020-12-14,1.21448,1.33245
2020-12-15,1.21581,1.34336
2020-12-16,1.21743,1.35026
2020-12-17,1.22579,1.36091
2020-12-18,1.22354,1.34971
2020-12-21,1.22294,1.33547
2020-12-22,1.21714,1.33494
2020-12-23,1.21936,1.35099
2020-12-28,1.2213,1.34463
2020-12-29,1.22519,1.35117
2020-12-30,1.22805,1.36054
2020-12-31,1.22294,1.36612
2021-01-04,1.22534,1.35501
2021-01-05,1.22956,1.36203
2021-01-06,1.22895,1.35925
2021-01-07,1.22654,1.35501
2021-01-08,1.22519,1.35833
2021-01-11,1.21684,1.35227
2021-01-12,1.21684,1.3637
2021-01-13,1.21595,1.36314
2021-01-14,1.21566,1.36893
2021-01-15,1.20992,1.35999
2021-01-19,1.21256,1.36277
2021-01-21,1.21433,1.37212
2021-01-22,1.21788,1.36855
2021-01-25,1.21374,1.36687
2021-01-26,1.21477,1.37287
2021-01-27,1.21007,1.36874
2021-01-28,1.21227,1.37268
2021-01-29,1.21344,1.37231
2021-02-01,1.207,1.36724
2021-02-02,1.20207,1.36444
2021-02-03,1.2025,1.36519
2021-02-04,1.19746,1.36649
2021-02-05,1.20351,1.37137
2021-02-08,1.20453,1.37382
2021-02-09,1.21065,1.37969
2021-02-10,1.21315,1.38504
2021-02-11,1.21271,1.38217
2021-02-12,1.21256,1.38543
2021-02-16,1.21065,1.39101
2021-02-17,1.20424,1.38485
2021-02-18,1.20773,1.39567
2021-02-19,1.21359,1.40252
2021-02-22,1.21551,1.40766
2021-02-23,1.21418,1.40924
2021-02-24,1.21433,1.41064
2021-02-25,1.22294,1.41044
2021-02-26,1.20934,1.3947
2021-03-01,1.2054,1.39373
2021-03-02,1.20788,1.39626
2021-03-03,1.20729,1.39782
2021-03-04,1.20453,1.39997
2021-03-05,1.19147,1.38179
2021-03-08,1.18483,1.38102
2021-03-09,1.1885,1.38831
2021-03-10,1.19005,1.38985
2021-03-11,1.19775,1.39801
2021-03-12,1.19517,1.39256
2021-03-15,1.19175,1.38658
2021-03-16,1.18948,1.38927
2021-03-17,1.19048,1.38889
2021-03-18,1.19261,1.39373
2021-03-19,1.1909,1.38715
2021-03-22,1.19318,1.38562
2021-03-23,1.18723,1.3795
2021-03-24,1.18315,1.37231
2021-03-25,1.17772,1.37212
2021-03-26,1.1798,1.37931
2021-03-29,1.17786,1.37931
2021-03-30,1.17233,1.37287
2021-03-31,1.17426,1.3795
2021-04-01,1.17716,1.38255
2021-04-02,1.17633,1.38255
2021-04-05,1.18106,1.39063
2021-04-06,1.18526,1.38485
2021-04-07,1.18906,1.37571
2021-04-08,1.19033,1.37382
2021-04-09,1.18977,1.37344
2021-04-12,1.19076,1.37419
2021-04-13,1.19389,1.37419
2021-04-14,1.19746,1.37893
2021-04-15,1.19646,1.37817
2021-04-16,1.19804,1.38255
2021-04-19,1.20279,1.39762
2021-04-20,1.20453,1.39548
2021-04-21,1.20337,1.39353
2021-04-22,1.2012,1.38504
2021-04-23,1.20685,1.38447
2021-04-26,1.20831,1.38908
2021-04-27,1.20788,1.39082
2021-04-28,1.20977,1.39179
2021-04-29,1.21095,1.39567
2021-04-30,1.20294,1.38389
2021-05-03,1.20584,1.39121
2021-05-04,1.20135,1.38735
2021-05-05,1.20034,1.39121
2021-05-06,1.20496,1.38793
2021-05-07,1.21655,1.39997
2021-05-10,1.21699,1.41523
2021-05-11,1.21684,1.41483
2021-05-12,1.20744,1.40805
2021-05-13,1.207,1.40331
2021-05-14,1.21403,1.40964
2021-05-17,1.21551,1.41263
2021-05-18,1.22026,1.41844
2021-05-19,1.2216,1.41683
2021-05-20,1.22249,1.41824
2021-05-21,1.21773,1.41583
2021-05-24,1.221,1.41463
2021-05-25,1.22324,1.41223
2021-05-26,1.22041,1.41283
2021-05-27,1.21936,1.41723
2021-05-28,1.21936,1.41884
2021-06-01,1.22414,1.41683
2021-06-02,1.2213,1.41764
2021-06-03,1.21227,1.40984
2021-06-04,1.21729,1.41743
2021-06-07,1.21996,1.41784
2021-06-08,1.21803,1.41463
2021-06-09,1.21847,1.41243
2021-06-10,1.21729,1.41643
2021-06-11,1.21007,1.41143
2021-06-14,1.21256,1.41163
2021-06-15,1.21197,1.40726
2021-06-16,1.21183,1.41103
2021-06-17,1.19104,1.39159
2021-06-18,1.18723,1.38179
2021-06-21,1.1909,1.39159
2021-06-22,1.19104,1.39218
2021-06-23,1.19503,1.39762
2021-06-24,1.19275,1.39063
2021-06-25,1.19403,1.38985
2021-06-28,1.19374,1.38947
2021-06-29,1.19048,1.38447
2021-06-30,1.18483,1.38064
2021-07-01,1.18568,1.37798
2021-07-02,1.18483,1.3795
2021-07-06,1.18161,1.37912
2021-07-07,1.18036,1.37912
2021-07-08,1.18399,1.37665
2021-07-09,1.1861,1.38427
2021-07-12,1.18582,1.3887
2021-07-13,1.18133,1.38466
2021-07-14,1.18259,1.38543
2021-07-15,1.18064,1.38485
2021-07-16,1.18106,1.37855
2021-07-19,1.18036,1.36893
2021-07-20,1.17758,1.36147
2021-07-21,1.17994,1.36949
2021-07-22,1.17716,1.37495
2021-07-23,1.17606,1.37495
2021-07-26,1.18106,1.38293
2021-07-27,1.18315,1.38831
2021-07-28,1.18092,1.38831
2021-07-29,1.18864,1.39665
2021-07-30,1.18638,1.39121
2021-08-02,1.18737,1.3887
2021-08-03,1.18596,1.39043
2021-08-04,1.18413,1.39121
2021-08-05,1.18385,1.39295
2021-08-06,1.17606,1.38735
2021-08-09,1.17495,1.38523
2021-08-10,1.1722,1.38408
2021-08-11,1.17371,1.38658
2021-08-12,1.17357,1.38332
2021-08-13,1.17966,1.38562
2021-08-16,1.17758,1.38485
2021-08-17,1.17137,1.37382
2021-08-18,1.17014,1.37495
2021-08-19,1.16932,1.36724
2021-08-20,1.16904,1.36258
2021-08-23,1.17316,1.37174
2021-08-24,1.17454,1.37155
2021-08-25,1.17578,1.37231
2021-08-26,1.17606,1.37118
2021-08-27,1.17938,1.37684
2021-08-30,1.17952,1.37589
2021-08-31,1.17994,1.37476
2021-09-01,1.18497,1.37893
2021-09-02,1.18582,1.38255
2021-09-03,1.18835,1.38619
2021-09-07,1.18483,1.37912
2021-09-08,1.18175,1.37608
2021-09-09,1.18273,1.38543
2021-09-10,1.18203,1.38466
2021-09-13,1.18092,1.38447
2021-09-14,1.18245,1.38485
2021-09-15,1.18106,1.3837
2021-09-16,1.17633,1.37855
2021-09-17,1.17343,1.37552
2021-09-20,1.17288,1.36556
2021-09-21,1.17233,1.36631
2021-09-22,1.17385,1.36687
2021-09-23,1.17343,1.37457
2021-09-24,1.17151,1.36818
2021-09-27,1.17014,1.37118
2021-09-28,1.16809,1.35373
2021-09-29,1.16117,1.34391
2021-09-30,1.15768,1.34698
2021-10-01,1.15982,1.35722
2021-10-04,1.16225,1.36017
2021-10-05,1.1609,1.36407
2021-10-06,1.1546,1.35685
2021-10-07,1.15607,1.36333
2021-10-08,1.15714,1.36295
2021-10-12,1.15407,1.36054
2021-10-13,1.15674,1.36444
2021-10-14,1.15915,1.36836
2021-10-15,1.15942,1.37552
2021-10-18,1.1609,1.37268
2021-10-19,1.1632,1.38064
2021-10-20,1.16428,1.38217
2021-10-21,1.16428,1.38122
2021-10-22,1.1632,1.37419
2021-10-25,1.1609,1.37722
2021-10-26,1.15902,1.37722
2021-10-27,1.15996,1.37382
2021-10-28,1.1685,1.38045
2021-10-29,1.15513,1.36855
2021-11-01,1.15915,1.36799
2021-11-02,1.15808,1.36129
2021-11-03,1.15835,1.36593
2021-11-04,1.1546,1.34935
2021-11-05,1.1554,1.34916
2021-11-08,1.15902,1.3563
2021-11-09,1.15888,1.35501
2021-11-10,1.15168,1.34698
2021-11-12,1.1443,1.3412
2021-11-15,1.14207,1.34445
2021-11-16,1.13327,1.34282
2021-11-17,1.13225,1.3488
2021-11-18,1.13585,1.34898
2021-11-19,1.13186,1.34735
2021-11-22,1.126,1.3412
2021-11-23,1.12651,1.33887
2021-11-24,1.11957,1.33316
2021-11-26,1.1302,1.33227
2021-11-29,1.12613,1.32908
2021-11-30,1.12867,1.32521
2021-12-01,1.13225,1.33085
2021-12-02,1.13058,1.33049
2021-12-03,1.13084,1.32345
2021-12-06,1.12816,1.32521
2021-12-07,1.12473,1.32363
2021-12-08,1.13302,1.32363
2021-12-09,1.12854,1.31874
2021-12-10,1.13122,1.32626
2021-12-13,1.12982,1.32328
2021-12-14,1.12676,1.32258
2021-12-15,1.12613,1.32135
2021-12-16,1.13084,1.33245
2021-12-17,1.12765,1.32696
2021-12-20,1.12982,1.32223
2021-12-21,1.12714,1.32538
2021-12-22,1.13237,1.33458
2021-12-23,1.13199,1.34102
2021-12-27,1.13289,1.34372
2021-12-28,1.13135,1.34318
2021-12-29,1.13366,1.34753
2021-12-30,1.13186,1.35007
2022-01-03,1.12905,1.34698
2022-01-04,1.12956,1.35446
2022-01-05,1.13353,1.35722
2022-01-06,1.13071,1.35391
2022-01-07,1.13585,1.35833
2022-01-10,1.13276,1.35667
2022-01-11,1.13636,1.36221
2022-01-12,1.14312,1.36986
2022-01-13,1.14639,1.37231
2022-01-14,1.14142,1.36705
2022-01-18,1.13366,1.35888
2022-01-19,1.13456,1.36258
2022-01-20,1.13366,1.36426
2022-01-21,1.13456,1.35612
2022-01-24,1.13097,1.34463
2022-01-25,1.12829,1.34953
2022-01-26,1.1279,1.35153
2022-01-27,1.11408,1.33851
2022-01-28,1.11595,1.34174
2022-01-31,1.1212,1.34391
2022-02-01,1.12385,1.35044
2022-02-02,1.12994,1.35648
2022-02-03,1.14247,1.36017
2022-02-04,1.14548,1.35428
2022-02-07,1.14338,1.35336
2022-02-08,1.14155,1.3552
2022-02-09,1.14351,1.35391
2022-02-10,1.14877,1.36351
2022-02-11,1.14038,1.36017
2022-02-14,1.13058,1.35153
2022-02-15,1.13636,1.35391
2022-02-16,1.13804,1.35851
2022-02-17,1.13636,1.3624
2022-02-18,1.13276,1.35851
2022-02-22,1.13417,1.35962
2022-02-23,1.13161,1.35556
2022-02-24,1.11545,1.33601
2022-02-25,1.12613,1.34066
2022-02-28,1.12246,1.34192
2022-03-01,1.11025,1.33174
2022-03-02,1.11025,1.33654
2022-03-03,1.10534,1.33262
2022-03-04,1.09123,1.32135
2022-03-07,1.08601,1.31148
2022-03-08,1.08814,1.3101
2022-03-09,1.10693,1.31596
2022-03-10,1.10072,1.31079
2022-03-11,1.09373,1.30634
2022-03-14,1.09794,1.30446
2022-03-15,1.09745,1.30651
2022-03-16,1.09963,1.30959
2022-03-17,1.11099,1.31596
2022-03-18,1.10436,1.31683
2022-03-21,1.10485,1.32013
2022-03-22,1.10217,1.32573
2022-03-23,1.10011,1.32118
2022-03-24,1.10059,1.31822
2022-03-25,1.09854,1.31926
2022-03-28,1.09769,1.30907
2022-03-29,1.11037,1.31251
2022-03-30,1.11632,1.31492
2022-03-31,1.10926,1.31527
2022-04-01,1.10424,1.31148
2022-04-04,1.09914,1.31165
2022-04-05,1.09206,1.3101
2022-04-06,1.09135,1.30822
2022-04-07,1.09004,1.30599
2022-04-08,1.08743,1.30327
2022-04-11,1.08755,1.30327
2022-04-12,1.08519,1.3031
2022-04-13,1.08743,1.30719
2022-04-14,1.07956,1.30514
2022-04-15,1.0812,1.30668
2022-04-18,1.07852,1.30191
2022-04-19,1.07887,1.3009
2022-04-20,1.08566,1.30548
2022-04-21,1.08389,1.30412
2022-04-22,1.07898,1.28485
2022-04-25,1.07032,1.26984
2022-04-26,1.0661,1.26167
2022-04-27,1.05485,1.25471
2022-04-28,1.04998,1.24425
2022-04-29,1.05374,1.25644
2022-05-02,1.05208,1.25235
2022-05-03,1.05319,1.25094
2022-05-04,1.05385,1.24875
2022-05-05,1.05075,1.23335
2022-05-06,1.05719,1.23442
2022-05-09,1.05585,1.2335
2022-05-10,1.05307,1.23138
2022-05-11,1.05374,1.23168
2022-05-12,1.03756,1.21981
2022-05-13,1.04102,1.22414
2022-05-16,1.04199,1.22699
2022-05-17,1.05319,1.24673
2022-05-18,1.04943,1.23962
2022-05-19,1.05865,1.25047
2022-05-20,1.05585,1.24922
2022-05-23,1.06678,1.25707
2022-05-24,1.07434,1.25439
2022-05-25,1.06576,1.25392
2022-05-26,1.0725,1.25818
2022-05-27,1.07089,1.26135
2022-05-31,1.07308,1.26247
2022-06-01,1.06462,1.24719
2022-06-02,1.07331,1.25565
2022-06-03,1.07216,1.24953
2022-06-06,1.06986,1.25439
2022-06-07,1.06975,1.25945
2022-06-08,1.074,1.25565
2022-06-09,1.06564,1.25109
2022-06-10,1.05208,1.23305
2022-06-13,1.04362,1.21699
2022-06-14,1.04156,1.20106
2022-06-15,1.03885,1.20569
2022-06-16,1.05307,1.23411
2022-06-17,1.04734,1.22011
2022-06-21,1.05485,1.22775
2022-06-22,1.05831,1.22805
2022-06-23,1.05031,1.22399
2022-06-24,1.05385,1.2273
2022-06-27,1.06011,1.23047
2022-06-28,1.05341,1.21996
2022-06-29,1.04767,1.21507
2022-06-30,1.0469,1.21625
2022-07-01,1.04091,1.20482
2022-07-05,1.02543,1.19318
2022-07-06,1.01729,1.19076
2022-07-07,1.01595,1.19933
2022-07-08,1.01781,1.20366
2022-07-11,1.00878,1.19076
2022-07-12,1.00695,1.19048
2022-07-13,1.00806,1.1919
2022-07-14,1.00281,1.18273
2022-07-15,1.00888,1.18568
2022-07-18,1.01595,1.1989
2022-07-19,1.02375,1.20221
2022-07-20,1.02166,1.1989
2022-07-21,1.01968,1.19674
2022-07-22,1.02249,1.20192
2022-07-25,1.02114,1.20424
2022-07-26,1.01163,1.20366
2022-07-27,1.01082,1.20265
2022-07-28,1.01626,1.21256
2022-07-29,1.0202,1.21832
2022-08-01,1.02701,1.22775
2022-08-02,1.01937,1.22175
2022-08-03,1.01461,1.21315
2022-08-04,1.02208,1.21403
2022-08-05,1.01698,1.20613
2022-08-08,1.02072,1.20977
2022-08-09,1.0226,1.2089
2022-08-10,1.0337,1.22444
2022-08-11,1.03381,1.22294
2022-08-12,1.02575,1.21315
2022-08-15,1.01864,1.20904
2022-08-16,1.0174,1.20904
2022-08-17,1.01636,1.20294
2022-08-18,1.01143,1.19703
2022-08-19,1.00392,1.18106
2022-08-22,0.99364,1.17523
2022-08-23,0.99761,1.18441
2022-08-24,0.99671,1.18022
2022-08-25,0.99592,1.18036
2022-08-26,0.9998,1.17786
2022-08-29,1.0,1.17178
2022-08-30,1.0018,1.16509
2022-08-31,1.00654,1.16469
2022-09-01,0.99502,1.15407
2022-09-02,1.00301,1.15821
2022-09-06,0.99138,1.15487
2022-09-07,0.99423,1.14732
2022-09-08,0.99562,1.1489
2022-09-09,1.00462,1.15996
2022-09-12,1.01286,1.17014
2022-09-13,0.9997,1.1526
2022-09-14,0.9993,1.15634
2022-09-15,0.9991,1.14718
2022-09-16,1.0013,1.14194
2022-09-19,1.0003,1.14025
2022-09-20,0.9994,1.14051
2022-09-21,0.98804,1.13302
2022-09-22,0.98406,1.12689
2022-09-23,0.97191,1.09206
2022-09-26,0.96228,1.07032
2022-09-27,0.96163,1.07527
2022-09-28,0.96805,1.08319
2022-09-29,0.97742,1.10485
2022-09-30,0.97828,1.11346
2022-10-03,0.98087,1.12714
2022-10-04,0.99771,1.14456
2022-10-05,0.98658,1.12752
2022-10-06,0.98058,1.11334
2022-10-07,0.97847,1.11161
2022-10-11,0.9757,1.11682
2022-10-12,0.96918,1.10963
2022-10-13,0.978,1.13443
2022-10-14,0.9739,1.12082
2022-10-17,0.98425,1.14273
2022-10-18,0.98416,1.13071
2022-10-19,0.978,1.12322
2022-10-20,0.98232,1.1288
2022-10-21,0.98551,1.12918
2022-10-24,0.98736,1.12956
2022-10-25,0.99592,1.14692
2022-10-26,1.00685,1.16144
2022-10-27,0.9985,1.15741
2022-10-28,0.99344,1.15727
2022-10-31,0.98853,1.15154
2022-11-01,0.98707,1.146
2022-11-02,0.98746,1.14666
2022-11-03,0.9759,1.11832
2022-11-04,0.98951,1.1279
2022-11-07,0.9997,1.14626
2022-11-08,1.00888,1.15955
2022-11-09,1.00371,1.1396
2022-11-10,1.0176,1.16768
2022-11-14,1.0337,1.17275
2022-11-15,1.03724,1.18906
2022-11-16,1.0395,1.18892
2022-11-17,1.03413,1.1812
2022-11-18,1.03488,1.19019
2022-11-21,1.02375,1.17855
2022-11-22,1.02764,1.18793
2022-11-23,1.03638,1.20395
2022-11-25,1.04015,1.21021
2022-11-28,1.03864,1.20409
2022-11-29,1.03563,1.19962
2022-11-30,1.03231,1.19617
2022-12-01,1.04976,1.22519
2022-12-02,1.05208,1.22926
2022-12-05,1.04943,1.21684
2022-12-06,1.04965,1.22026
2022-12-07,1.05053,1.21936
2022-12-08,1.05519,1.22354
2022-12-09,1.05496,1.23107
2022-12-12,1.05452,1.2285
2022-12-13,1.06304,1.23747
2022-12-14,1.06553,1.24085
2022-12-15,1.06383,1.22055
2022-12-16,1.06101,1.21684
2022-12-19,1.06236,1.21803
2022-12-20,1.06349,1.21462
2022-12-21,1.05988,1.20715
2022-12-22,1.05876,1.20322
2022-12-23,1.06213,1.2054
2022-12-27,1.06542,1.20322
2022-12-28,1.06225,1.20337
2022-12-29,1.06678,1.20598
2022-12-30,1.06975,1.20773
2023-01-03,1.05585,1.19703
2023-01-04,1.06202,1.20627
2023-01-05,1.05219,1.19019
2023-01-06,1.06191,1.20642
2023-01-09,1.07585,1.22055
2023-01-10,1.07365,1.21551
2023-01-11,1.074,1.21256
2023-01-12,1.08225,1.21818
2023-01-13,1.08108,1.21936
2023-01-17,1.07933,1.22639
2023-01-18,1.08272,1.23686
2023-01-19,1.08096,1.23655
2023-01-20,1.08307,1.23747
2023-01-23,1.08648,1.23701
2023-01-24,1.08731,1.23229
2023-01-25,1.09016,1.23747
2023-01-26,1.0866,1.23701
2023-01-27,1.08566,1.23793
2023-01-30,1.08672,1.23732
2023-01-31,1.08578,1.23244
2023-02-01,1.0917,1.23077
2023-02-02,1.09182,1.22594
2023-02-03,1.08249,1.20729
2023-02-06,1.07216,1.20091
2023-02-07,1.07055,1.20135
2023-02-08,1.07342,1.20934
2023-02-09,1.07608,1.21566
2023-02-10,1.06701,1.20613
2023-02-13,1.07181,1.21359
2023-02-14,1.07216,1.21566
2023-02-15,1.06826,1.20308
2023-02-16,1.06838,1.20178
2023-02-17,1.06781,1.2012
2023-02-21,1.06564,1.21109
2023-02-22,1.06225,1.20642
2023-02-23,1.05831,1.20163
2023-02-24,1.05452,1.19474
2023-02-27,1.05955,1.20366
2023-02-28,1.06022,1.20934
2023-03-01,1.06735,1.20337
2023-03-02,1.05955,1.19417
2023-03-03,1.06157,1.19962
2023-03-06,1.0694,1.20482
2023-03-07,1.05731,1.18568
2023-03-08,1.05485,1.18371
2023-03-09,1.05775,1.19218
2023-03-10,1.06587,1.20424
2023-03-13,1.07331,1.21595
2023-03-14,1.07216,1.21462
2023-03-15,1.05352,1.20322
2023-03-16,1.06225,1.21109
2023-03-17,1.06474,1.21403
2023-03-20,1.07216,1.22564
2023-03-21,1.07689,1.21951
2023-03-22,1.07921,1.22324
2023-03-23,1.08897,1.23213
2023-03-24,1.07619,1.22249
2023-03-27,1.07887,1.22775
2023-03-28,1.08436,1.23411
2023-03-29,1.0826,1.23138
2023-03-30,1.08992,1.23686
2023-03-31,1.08719,1.23686
2023-04-03,1.08909,1.24023
2023-04-04,1.09505,1.24984
2023-04-05,1.09182,1.24688
2023-04-06,1.09266,1.24564
2023-04-07,1.09135,1.24224
2023-04-10,1.08401,1.23579
2023-04-11,1.09063,1.24085
2023-04-12,1.09866,1.24704
2023-04-13,1.10546,1.25313
2023-04-14,1.09806,1.24177
2023-04-17,1.09146,1.23594
2023-04-18,1.09577,1.24193
2023-04-19,1.09529,1.24425
2023-04-20,1.09697,1.24486
2023-04-21,1.09733,1.24193
2023-04-24,1.10266,1.24564
2023-04-25,1.09685,1.23977
2023-04-26,1.10522,1.2486
2023-04-27,1.10169,1.24704
2023-04-28,1.104,1.25818
2023-05-01,1.09697,1.24953
2023-05-02,1.09975,1.2475
2023-05-03,1.10485,1.25471
2023-05-04,1.10096,1.25802
2023-05-05,1.10266,1.26502
2023-05-08,1.10205,1.26326
2023-05-09,1.09529,1.26183
2023-05-10,1.09661,1.26135
2023-05-11,1.09158,1.25016
2023-05-12,1.08566,1.24642
2023-05-15,1.08743,1.25266
2023-05-16,1.0866,1.24938
2023-05-17,1.08295,1.2475
2023-05-18,1.07759,1.24239
2023-05-19,1.0819,1.24642
2023-05-22,1.08061,1.24254
2023-05-23,1.07712,1.24224
2023-05-24,1.07585,1.23686
2023-05-25,1.0725,1.23244
2023-05-26,1.07135,1.23426
2023-05-30,1.07216,1.24023
2023-05-31,1.06542,1.23962
2023-06-01,1.07515,1.2536
2023-06-02,1.07239,1.24673
2023-06-05,1.07216,1.24394
2023-06-06,1.06952,1.24177
2023-06-07,1.07021,1.24517
2023-06-08,1.07805,1.25471
2023-06-09,1.07492,1.25786
2023-06-12,1.07469,1.24891
2023-06-13,1.07921,1.26103
2023-06-14,1.08589,1.26968
2023-06-15,1.09325,1.27616
2023-06-16,1.09254,1.28156
2023-06-20,1.09004,1.27324
2023-06-21,1.09505,1.27372
2023-06-22,1.09529,1.27502
2023-06-23,1.08873,1.27016
2023-06-26,1.09099,1.27243
2023-06-27,1.09613,1.27518
2023-06-28,1.09039,1.26374
2023-06-29,1.08814,1.26167
2023-06-30,1.09194,1.27097
2023-07-03,1.09194,1.26952
2023-07-05,1.08684,1.27097
2023-07-06,1.08731,1.2721
2023-07-07,1.09637,1.28386
2023-07-10,1.09914,1.2837
2023-07-11,1.09914,1.29016
2023-07-12,1.11235,1.29938
2023-07-13,1.11944,1.30976
2023-07-14,1.12372,1.3113
2023-07-17,1.1236,1.30787
2023-07-18,1.12233,1.30548
2023-07-19,1.11944,1.28982
2023-07-20,1.11346,1.28485
2023-07-21,1.11198,1.28535
2023-07-24,1.10828,1.28287
2023-07-25,1.10497,1.28766
2023-07-26,1.10779,1.29299
2023-07-27,1.09975,1.287
2023-07-28,1.10387,1.287
2023-07-31,1.10205,1.28568
2023-08-01,1.09709,1.27502
2023-08-02,1.09385,1.27113
2023-08-03,1.09469,1.27097
2023-08-04,1.10363,1.27747
2023-08-07,1.09999,1.27698
2023-08-08,1.09505,1.27291
2023-08-09,1.09745,1.27146
2023-08-10,1.10156,1.27259
2023-08-11,1.09565,1.26936
2023-08-14,1.09218,1.26904
2023-08-15,1.09278,1.27453
2023-08-16,1.09039,1.27486
2023-08-17,1.08743,1.27535
2023-08-18,1.08755,1.27372
2023-08-21,1.08885,1.27372
2023-08-22,1.0846,1.27324
2023-08-23,1.08625,1.27146
2023-08-24,1.0826,1.26342
2023-08-25,1.07875,1.25707
2023-08-28,1.08096,1.25913
2023-08-29,1.08507,1.26135
2023-08-30,1.09266,1.27259
2023-08-31,1.08389,1.26662
2023-09-01,1.07875,1.25945
2023-09-05,1.07273,1.25834
2023-09-06,1.07135,1.24984
2023-09-07,1.07043,1.24844
2023-09-08,1.07089,1.24766
2023-09-11,1.07434,1.25298
2023-09-12,1.07262,1.24766
2023-09-13,1.07365,1.24875
2023-09-14,1.06598,1.241
2023-09-15,1.06735,1.23916
2023-09-18,1.06952,1.24023
2023-09-19,1.06838,1.23931
2023-09-20,1.07147,1.23885
2023-09-21,1.06644,1.22986
2023-09-22,1.06598,1.22564
2023-09-25,1.0591,1.22175
2023-09-26,1.05731,1.21684
2023-09-27,1.05097,1.2133
2023-09-28,1.05775,1.22234
2023-09-29,1.05843,1.22145
2023-10-02,1.04998,1.213
2023-10-03,1.04526,1.20685
2023-10-04,1.05175,1.21566
2023-10-05,1.05274,1.21714
2023-10-06,1.05955,1.22549
2023-10-10,1.0618,1.2288
2023-10-11,1.06202,1.23047
2023-10-12,1.0553,1.22145
2023-10-13,1.0502,1.21389
2023-10-16,1.05463,1.21981
2023-10-17,1.05932,1.22055
2023-10-18,1.05319,1.21507
2023-10-19,1.05697,1.21448
2023-10-20,1.05921,1.21536
2023-10-23,1.06462,1.22354
2023-10-24,1.05955,1.21699
2023-10-25,1.05831,1.21403
2023-10-26,1.05319,1.21124
2023-10-27,1.05921,1.21507
2023-10-30,1.06202,1.21566
2023-10-31,1.05675,1.21344
2023-11-01,1.05385,1.21271
2023-11-02,1.0618,1.21743
2023-11-03,1.07331,1.23747
2023-11-06,1.07469,1.23916
2023-11-07,1.06872,1.22956
2023-11-08,1.07147,1.23016
2023-11-09,1.07101,1.2279
2023-11-13,1.06998,1.22684
2023-11-14,1.08613,1.24828
2023-11-15,1.0853,1.24316
2023-11-16,1.08507,1.24224
2023-11-17,1.0879,1.24301
2023-11-20,1.09445,1.25047
2023-11-21,1.0923,1.25408
2023-11-22,1.08707,1.24673
2023-11-24,1.09337,1.26008
2023-11-27,1.09373,1.26135
2023-11-28,1.10072,1.27129
2023-11-29,1.09685,1.26904
2023-11-30,1.09075,1.26406
2023-12-01,1.08778,1.26823
2023-12-04,1.08237,1.26326
2023-12-05,1.07875,1.25897
2023-12-06,1.07898,1.25897
2023-12-07,1.07945,1.25818
2023-12-08,1.07458,1.25392
2023-12-11,1.07469,1.25502
2023-12-12,1.07898,1.25486
2023-12-13,1.07933,1.25266
2023-12-14,1.09975,1.27665
2023-12-15,1.09063,1.27097
2023-12-18,1.09194,1.26326
2023-12-19,1.09769,1.27502
2023-12-20,1.09565,1.26598
2023-12-21,1.09902,1.26678
2023-12-22,1.10084,1.27194
2023-12-26,1.10351,1.27097
2023-12-27,1.11136,1.27975
2023-12-28,1.1073,1.27437
2023-12-29,1.10619,1.27437
2024-01-02,1.09565,1.26326
2024-01-03,1.09087,1.26406
2024-01-04,1.09565,1.2692
2024-01-05,1.09565,1.27405
2024-01-08,1.09757,1.27665
2024-01-09,1.09349,1.27194
2024-01-10,1.09601,1.27307
2024-01-11,1.09433,1.27113
2024-01-12,1.09589,1.27453
2024-01-16,1.08826,1.26566
2024-01-17,1.08578,1.26662
2024-01-18,1.08625,1.26871
2024-01-19,1.08873,1.26775
2024-01-22,1.08944,1.27275
2024-01-23,1.08295,1.26614
2024-01-24,1.09016,1.27535
2024-01-25,1.08366,1.27
2024-01-26,1.0866,1.27194
2024-01-29,1.08073,1.26807
2024-01-30,1.08436,1.26823
2024-01-31,1.08554,1.27324
2024-02-01,1.08648,1.27275
2024-02-02,1.07875,1.26263
2024-02-05,1.07365,1.25313
2024-02-06,1.07515,1.25897
2024-02-07,1.07689,1.26295
2024-02-08,1.07735,1.26199
2024-02-09,1.07817,1.26279
2024-02-12,1.07735,1.2631
2024-02-13,1.07204,1.26056
2024-02-14,1.07354,1.25612
2024-02-15,1.07608,1.25802
2024-02-16,1.07689,1.25897
2024-02-20,1.08143,1.26454
2024-02-21,1.08178,1.26247
2024-02-22,1.08155,1.26486
2024-02-23,1.08284,1.26775
2024-02-26,1.08554,1.26807
2024-02-27,1.08566,1.26936
2024-02-28,1.08425,1.26695
2024-02-29,1.08073,1.26326
2024-03-01,1.08319,1.26518
2024-03-04,1.08625,1.27016
2024-03-05,1.08613,1.27113
2024-03-06,1.09135,1.27567
2024-03-07,1.09409,1.27959
2024-03-08,1.09409,1.28518
2024-03-11,1.09278,1.28074
2024-03-12,1.09182,1.27861
2024-03-13,1.09445,1.27992
2024-03-14,1.08885,1.27486
2024-03-15,1.08885,1.27421
2024-03-18,1.08861,1.27356
2024-03-19,1.08589,1.27129
2024-03-20,1.08566,1.27129
2024-03-21,1.08613,1.26695
2024-03-22,1.08167,1.26024
2024-03-25,1.08366,1.26486
2024-03-26,1.08295,1.26295
2024-03-27,1.08213,1.2631
2024-03-28,1.08015,1.26342
2024-03-29,1.0791,1.26374
2024-04-01,1.07331,1.25455
2024-04-02,1.07689,1.25755
2024-04-03,1.08272,1.26342
2024-04-04,1.08648,1.26695
2024-04-05,1.08413,1.26326
2024-04-08,1.0853,1.2655
2024-04-09,1.08566,1.26759
2024-04-10,1.07365,1.25439
2024-04-11,1.07216,1.25345
2024-04-12,1.06474,1.24564
2024-04-15,1.0644,1.24657
2024-04-16,1.06281,1.24363
2024-04-17,1.0644,1.24425
2024-04-18,1.06598,1.24657
2024-04-19,1.06553,1.23977
2024-04-22,1.06553,1.23411
2024-04-23,1.06952,1.24347
2024-04-24,1.06872,1.24347
2024-04-25,1.07216,1.24938
2024-04-26,1.0686,1.24735
2024-04-29,1.0717,1.25534
2024-04-30,1.06838,1.25141
2024-05-01,1.06803,1.24875
2024-05-02,1.07055,1.25063
2024-05-03,1.07701,1.25502
2024-05-06,1.07793,1.25755
2024-05-07,1.07666,1.25345
2024-05-08,1.0755,1.25031
2024-05-09,1.07712,1.25047
2024-05-10,1.07735,1.25282
2024-05-13,1.07956,1.25628
2024-05-14,1.08178,1.25881
2024-05-15,1.08601,1.26582
2024-05-16,1.08755,1.26823
2024-05-17,1.08696,1.27033
2024-05-20,1.08613,1.27081
2024-05-21,1.08554,1.27097
2024-05-22,1.08366,1.27389
2024-05-23,1.08272,1.27178
2024-05-24,1.08519,1.27453
2024-05-28,1.0879,1.27861
2024-05-29,1.08108,1.27146
2024-05-30,1.08366,1.27389
2024-05-31,1.0846,1.27372
2024-06-03,1.08897,1.27943
2024-06-04,1.08778,1.27845
2024-06-05,1.08648,1.27714
2024-06-06,1.08826,1.27861
2024-06-07,1.08073,1.27275
2024-06-10,1.07515,1.27324
2024-06-11,1.07331,1.27243
2024-06-12,1.08425,1.28436
2024-06-13,1.07562,1.27632
2024-06-14,1.06986,1.26855
2024-06-17,1.07227,1.26887
2024-06-18,1.07388,1.26984
2024-06-20,1.07078,1.26711
2024-06-21,1.0694,1.26454
2024-06-24,1.07273,1.26839
2024-06-25,1.07055,1.26775
2024-06-26,1.06815,1.26247
2024-06-27,1.07078,1.26534
2024-06-28,1.07112,1.26406
2024-07-01,1.07285,1.26502
2024-07-02,1.07365,1.26791
2024-07-03,1.07991,1.27665
2024-07-05,1.08284,1.28074
2024-07-08,1.08354,1.28287
2024-07-09,1.08131,1.27877
2024-07-10,1.08225,1.28419
2024-07-11,1.08696,1.29199
2024-07-12,1.09016,1.29853
2024-07-15,1.09123,1.29853
2024-07-16,1.08849,1.29584
2024-07-17,1.09325,1.30073
2024-07-18,1.09135,1.29735
2024-07-19,1.08885,1.29216
2024-07-22,1.08802,1.29116
2024-07-23,1.08554,1.29166
2024-07-24,1.0853,1.29249
2024-07-25,1.08613,1.28833
2024-07-26,1.08589,1.28634
2024-07-29,1.0819,1.28535
2024-07-30,1.08085,1.28287
2024-07-31,1.08225,1.28403
2024-08-01,1.07887,1.27714
2024-08-02,1.09135,1.27975
2024-08-05,1.09565,1.27649
2024-08-06,1.09266,1.26952
2024-08-07,1.09254,1.27178
2024-08-08,1.09135,1.27405
2024-08-09,1.09254,1.27665
2024-08-12,1.09278,1.27763
2024-08-13,1.09541,1.28287
2024-08-14,1.10241,1.28485
2024-08-15,1.09866,1.28634
2024-08-16,1.09963,1.29066
2024-08-19,1.10705,1.29836
2024-08-20,1.11062,1.30276
2024-08-21,1.11433,1.3077
2024-08-22,1.11136,1.30941
2024-08-23,1.11757,1.31978
2024-08-26,1.11645,1.31857
2024-08-27,1.11595,1.32345
2024-08-28,1.11272,1.32013
2024-08-29,1.10865,1.31857
2024-08-30,1.10595,1.3132
2024-09-03,1.10424,1.31027
2024-09-04,1.10816,1.31423
2024-09-05,1.10963,1.31648
2024-09-06,1.10865,1.31354
2024-09-09,1.10424,1.30822
2024-09-10,1.10254,1.30651
2024-09-11,1.1012,1.30276
2024-09-12,1.10412,1.30804
2024-09-13,1.10852,1.31406
2024-09-16,1.11235,1.32013
2024-09-17,1.11185,1.31648
2024-09-18,1.11161,1.31996
2024-09-19,1.1147,1.32784
2024-09-20,1.11595,1.33049
2024-09-23,1.11297,1.33511
2024-09-24,1.11495,1.33761
2024-09-25,1.11433,1.33387
2024-09-26,1.11844,1.34282
2024-09-27,1.11595,1.33941
2024-09-30,1.11445,1.33994
2024-10-01,1.10668,1.3282
2024-10-02,1.10497,1.32714
2024-10-03,1.10144,1.31148
2024-10-04,1.09613,1.31062
2024-10-07,1.09757,1.30804
2024-10-08,1.09697,1.30924
2024-10-09,1.09505,1.30804
2024-10-10,1.09254,1.30531
2024-10-11,1.09421,1.30702
2024-10-15,1.08992,1.30822
2024-10-16,1.08731,1.30005
2024-10-17,1.08366,1.30073
2024-10-18,1.08542,1.30225
2024-10-21,1.08202,1.29803
2024-10-22,1.0805,1.29685
2024-10-23,1.07793,1.29433
2024-10-24,1.08061,1.29634
2024-10-25,1.08131,1.29786
2024-10-28,1.0819,1.29803
2024-10-29,1.0798,1.30056
2024-10-30,1.08637,1.30124
2024-10-31,1.08554,1.28568
2024-11-01,1.08483,1.29584
2024-11-04,1.08838,1.29416
2024-11-05,1.09194,1.30157
2024-11-06,1.07319,1.28966
2024-11-07,1.07921,1.29853
2024-11-08,1.07101,1.29049
2024-11-12,1.05977,1.27324
2024-11-13,1.05675,1.27097
2024-11-14,1.05619,1.27065
2024-11-15,1.05519,1.26295
2024-11-18,1.05865,1.26646
2024-11-19,1.05775,1.26662
2024-11-20,1.05208,1.2639
2024-11-21,1.04745,1.25865
2024-11-22,1.03993,1.25156
2024-11-25,1.04778,1.25534
2024-11-26,1.04811,1.25471
2024-11-27,1.05753,1.26775
2024-11-29,1.05474,1.26984
2024-12-02,1.04844,1.2639
2024-12-03,1.05175,1.26775
2024-12-04,1.05274,1.27113
2024-12-05,1.05708,1.27535
2024-12-06,1.0563,1.27437
2024-12-09,1.05697,1.27828
2024-12-10,1.05119,1.27584
2024-12-11,1.05075,1.27632
2024-12-12,1.05141,1.27146
2024-12-13,1.04976,1.26295
2024-12-16,1.05119,1.26904
2024-12-17,1.05064,1.27178
2024-12-18,1.0469,1.26968
2024-12-19,1.03573,1.25298
2024-12-20,1.04297,1.25865
2024-12-23,1.04091,1.25298
2024-12-24,1.03885,1.25282
2024-12-26,1.04232,1.25219
2024-12-27,1.04232,1.25723
2024-12-30,1.03864,1.25235
2024-12-31,1.03509,1.25203
2025-01-02,1.02606,1.23762
2025-01-03,1.02923,1.24193
2025-01-06,1.03972,1.25298
2025-01-07,1.03691,1.24984
2025-01-08,1.03135,1.23655
2025-01-09,1.02976,1.23031
2025-01-10,1.02375,1.22145
2025-01-13,1.02093,1.21581
2025-01-14,1.02923,1.21877
2025-01-15,1.02817,1.22145
2025-01-16,1.03029,1.22459
2025-01-17,1.0287,1.21803
2025-01-21,1.04232,1.23305
2025-01-22,1.04199,1.23244
2025-01-23,1.04199,1.23472
2025-01-24,1.05152,1.24953
2025-01-27,1.04921,1.24797
2025-01-28,1.04275,1.24332
2025-01-29,1.04156,1.24347
2025-01-30,1.04199,1.24533
2025-01-31,1.04004,1.24471
2025-02-03,1.02775,1.23885
2025-02-04,1.03788,1.24875
2025-02-05,1.04188,1.25156
2025-02-06,1.03681,1.24347
2025-02-07,1.03295,1.23962
2025-02-10,1.03125,1.23854
2025-02-11,1.03455,1.24224
2025-02-12,1.03918,1.2444
2025-02-13,1.04275,1.25282
2025-02-14,1.04976,1.26088
2025-02-18,1.0457,1.26135
2025-02-19,1.04058,1.25707
2025-02-20,1.04745,1.26422
2025-02-21,1.04548,1.2647
2025-02-24,1.04778,1.26406
2025-02-25,1.04976,1.26518
2025-02-26,1.05141,1.26968
2025-02-27,1.04145,1.26279
2025-02-28,1.04015,1.25913
2025-03-03,1.04965,1.27113
2025-03-04,1.05341,1.27259
2025-03-05,1.07677,1.28634
2025-03-06,1.08178,1.28932
2025-03-07,1.08589,1.29182
2025-03-10,1.08366,1.29082
2025-03-11,1.09266,1.29483
2025-03-12,1.09254,1.29702
2025-03-13,1.08589,1.2945
2025-03-14,1.08719,1.29166
2025-03-17,1.09218,1.29887
2025-03-18,1.09266,1.2987
2025-03-19,1.08767,1.29685
2025-03-20,1.08483,1.29735
2025-03-21,1.08061,1.28966
2025-03-24,1.07945,1.29132
2025-03-25,1.08038,1.29483
2025-03-26,1.07805,1.28883
2025-03-27,1.08003,1.29634
2025-03-28,1.0826,1.29416
2025-03-31,1.07956,1.28966
2025-04-01,1.08003,1.29232
2025-04-02,1.08684,1.29735
2025-04-03,1.10522,1.3113
2025-04-04,1.10144,1.29266
2025-04-07,1.09123,1.27291
2025-04-08,1.09123,1.27698
2025-04-09,1.104,1.27714
2025-04-10,1.11919,1.294
2025-04-11,1.1325,1.30514
2025-04-14,1.13585,1.31752
2025-04-15,1.12905,1.32223
2025-04-16,1.13817,1.32468
2025-04-17,1.13636,1.32591
2025-04-18,1.13895,1.32784
2025-04-21,1.15075,1.33851
2025-04-22,1.14666,1.33761
2025-04-23,1.13494,1.32556
2025-04-24,1.13636,1.33085
2025-04-25,1.13804,1.33316
2025-04-28,1.13869,1.33958
2025-04-29,1.1396,1.33976
2025-04-30,1.13494,1.3344
2025-05-01,1.1279,1.32732
2025-05-02,1.13302,1.32837
2025-05-05,1.13148,1.32837
2025-05-06,1.13456,1.3369
2025-05-07,1.13482,1.3344
2025-05-08,1.12486,1.32873
2025-05-09,1.12701,1.33174
2025-05-12,1.11062,1.31944
2025-05-13,1.11757,1.32802
2025-05-14,1.12057,1.33032
2025-05-15,1.11894,1.32926
2025-05-16,1.11408,1.32573
2025-05-19,1.1236,1.33565
2025-05-20,1.12537,1.33708
2025-05-21,1.1343,1.34463
2025-05-22,1.12816,1.34264
2025-05-23,1.13494,1.35117
2025-05-27,1.13263,1.35044
2025-05-28,1.12854,1.34626
2025-05-29,1.13701,1.34898
2025-05-30,1.13469,1.3468
2025-06-02,1.14325,1.35483
2025-06-03,1.13727,1.35208
2025-06-04,1.14233,1.35704
2025-06-05,1.14403,1.35833
2025-06-06,1.13973,1.35318
2025-06-09,1.14247,1.3563
2025-06-10,1.14233,1.3508
2025-06-11,1.14903,1.35556
2025-06-12,1.15781,1.35888
2025-06-13,1.15567,1.35943
2025-06-16,1.15808,1.35999
2025-06-17,1.15354,1.35153
2025-06-18,1.15207,1.34716
2025-06-20,1.15194,1.34644
2025-06-23,1.1538,1.34916
2025-06-24,1.16077,1.36166
2025-06-25,1.16198,1.36258
2025-06-26,1.17165,1.37533
2025-06-27,1.17233,1.37193
2025-06-30,1.17702,1.37212
2025-07-01,1.17758,1.37287
2025-07-02,1.17897,1.36221
2025-07-03,1.17578,1.36556
2025-07-07,1.1733,1.36388
2025-07-08,1.17069,1.35759
2025-07-09,1.17069,1.35851
2025-07-10,1.16877,1.35685
2025-07-11,1.16959,1.35026
2025-07-14,1.16713,1.34372
2025-07-15,1.16185,1.33958
2025-07-16,1.16293,1.34264
2025-07-17,1.15969,1.34138
2025-07-18,1.16455,1.34391
2025-07-21,1.17055,1.34971
2025-07-22,1.17495,1.35227
2025-07-23,1.17481,1.35667
2025-07-24,1.17647,1.35245
2025-07-25,1.17302,1.34282
2025-07-28,1.1609,1.33923
2025-07-29,1.1534,1.33387
2025-07-30,1.14705,1.32732
2025-07-31,1.14312,1.32205
2025-08-01,1.15554,1.32591
2025-08-04,1.15674,1.32908
2025-08-05,1.15794,1.33085
2025-08-06,1.16469,1.33601
2025-08-07,1.16414,1.34336
2025-08-08,1.16604,1.34445
2025-08-11,1.16077,1.34138
2025-08-12,1.16727,1.35099
2025-08-13,1.17151,1.35722
2025-08-14,1.16442,1.35318
2025-08-15,1.17082,1.35648
2025-08-18,1.16673,1.35208
2025-08-19,1.16604,1.34953
2025-08-20,1.16496,1.34499
2025-08-21,1.1605,1.34174
2025-08-22,1.17123,1.35281
2025-08-25,1.167,1.34916
2025-08-26,1.16564,1.34844
2025-08-27,1.16104,1.3468
2025-08-28,1.16713,1.35153
2025-08-29,1.16945,1.35117
2025-09-02,1.16537,1.33923
2025-09-03,1.16754,1.34481
2025-09-04,1.16482,1.34409
2025-09-05,1.17592,1.35428
2025-09-08,1.17509,1.35501
2025-09-09,1.17233,1.35336
2025-09-10,1.17137,1.35483
2025-09-11,1.17316,1.35685
2025-09-12,1.17137,1.35465
2025-09-15,1.17716,1.36091
2025-09-16,1.18483,1.36537
2025-09-17,1.18455,1.36612
2025-09-18,1.178,1.3552
2025-09-19,1.17536,1.34844
2025-09-22,1.1773,1.35044
2025-09-23,1.17994,1.35172
2025-09-24,1.17426,1.34499
2025-09-25,1.16727,1.33511
2025-09-26,1.16918,1.34048
2025-09-29,1.17302,1.34336
2025-09-30,1.17343,1.34427
2025-10-01,1.17233,1.34735
2025-10-02,1.16959,1.34228
2025-10-03,1.17467,1.34807
2025-10-06,1.17069,1.34753
2025-10-07,1.16741,1.34409
2025-10-08,1.16063,1.33905
2025-10-09,1.15594,1.3312
2025-10-10,1.16131,1.33422
2025-10-14,1.16077,1.33209
2025-10-15,1.16374,1.33958
2025-10-16,1.16645,1.34246
2025-10-17,1.16741,1.34246
2025-10-20,1.16564,1.34192
2025-10-21,1.16158,1.33905
2025-10-22,1.16117,1.33726
2025-10-23,1.16117,1.33227
2025-10-24,1.16266,1.32979
2025-10-27,1.1636,1.33316
2025-10-28,1.16591,1.32802
2025-10-29,1.16645,1.32433
2025-10-30,1.15634,1.31475
2025-10-31,1.15407,1.31406
2025-11-03,1.15314,1.31492
2025-11-04,1.14916,1.30446
2025-11-05,1.1485,1.30514
2025-11-06,1.15393,1.31062
2025-11-07,1.15781,1.31648
2025-11-10,1.15447,1.31562
2025-11-12,1.15915,1.31303
2025-11-13,1.16496,1.32135
2025-11-14,1.16171,1.31562
2025-11-17,1.15982,1.31787
2025-11-18,1.15794,1.31527
2025-11-19,1.15393,1.3077
2025-11-20,1.1534,1.30787
2025-11-21,1.15062,1.30993
2025-11-24,1.15181,1.30959
2025-11-25,1.15527,1.31735
2025-11-26,1.15915,1.32275
2025-11-28,1.15996,1.32398
2025-12-01,1.16225,1.32293
2025-12-02,1.15955,1.31857
2025-12-03,1.16604,1.33333
2025-12-04,1.16591,1.33547
2025-12-05,1.16347,1.33245
2025-12-08,1.16266,1.33209
2025-12-09,1.16387,1.33191
2025-12-10,1.16496,1.33404
2025-12-11,1.17564,1.34282
2025-12-12,1.17316,1.33511
2025-12-15,1.17564,1.33797
2025-12-16,1.17702,1.34282
2025-12-17,1.17481,1.33905
2025-12-18,1.17288,1.33887
2025-12-19,1.17206,1.33797
2025-12-22,1.17495,1.34571
2025-12-23,1.17758,1.34844
2025-12-24,1.178,1.35044
2025-12-26,1.17661,1.34916
2025-12-29,1.17564,1.34971
2025-12-30,1.17647,1.34807
2025-12-31,1.17357,1.34463
2026-01-02,1.17385,1.34807
2026-01-05,1.17151,1.35263
2026-01-06,1.16891,1.34971
2026-01-07,1.16904,1.34735
2026-01-08,1.1655,1.343
2026-01-09,1.16347,1.34138
2026-01-12,1.16713,1.34662
2026-01-13,1.16455,1.34354
2026-01-14,1.1655,1.34445
2026-01-15,1.1605,1.33869
2026-01-16,1.15996,1.33833
2026-01-20,1.17385,1.34716
2026-01-21,1.17055,1.343
2026-01-22,1.17385,1.34898
2026-01-23,1.17716,1.35906
2026-01-26,1.18864,1.36986
2026-01-27,1.19804,1.37817
2026-01-28,1.19403,1.37874
2026-01-29,1.19432,1.3795
2026-01-30,1.1885,1.37287
2026-02-02,1.18064,1.36537
2026-02-03,1.18189,1.37005
2026-02-04,1.18036,1.36593
2026-02-05,1.18022,1.35501
2026-02-06,1.1812,1.36054
2026-02-09,1.18977,1.36668
2026-02-10,1.18977,1.36631
2026-02-11,1.18835,1.36537
2026-02-12,1.18694,1.36314
2026-02-13,1.18694,1.36444
2026-02-17,1.18315,1.35391
2026-02-18,1.18106,1.35355
2026-02-19,1.17619,1.34463
2026-02-20,1.17813,1.35007
2026-02-23,1.18036,1.35099
2026-02-24,1.17897,1.35318
2026-02-25,1.18036,1.3552
2026-02-26,1.17925,1.35044
2026-02-27,1.18217,1.34553
2026-03-02,1.16904,1.33923
2026-03-03,1.16036,1.33298
2026-03-04,1.16374,1.33708
2026-03-05,1.15848,1.33191
2026-03-06,1.16063,1.33976
2026-03-09,1.15915,1.33958
2026-03-10,1.16482,1.34608
2026-03-11,1.1566,1.33994
2026-03-12,1.15221,1.33494
2026-03-13,1.14443,1.32398
2026-03-16,1.14877,1.33014
2026-03-17,1.15247,1.33458
2026-03-18,1.15128,1.33227
2026-03-19,1.15154,1.33618
2026-03-20,1.15433,1.33032
2026-03-23,1.15875,1.33851
2026-03-24,1.15781,1.33833
2026-03-25,1.15701,1.33726
2026-03-26,1.1542,1.33529
2026-03-27,1.15194,1.32926
2026-03-30,1.14534,1.31909
2026-03-31,1.15181,1.31839
2026-04-01,1.16144,1.33316
2026-04-02,1.1546,1.32415
2026-04-03,1.15234,1.32013
2026-04-06,1.15447,1.32345
2026-04-07,1.15714,1.32398
2026-04-08,1.16863,1.34391
2026-04-09,1.17055,1.34427
2026-04-10,1.17233,1.34608
2026-04-13,1.17096,1.3459
2026-04-14,1.17911,1.3563
2026-04-15,1.17994,1.35685
2026-04-16,1.17827,1.35391
2026-04-17,1.18008,1.35556
2026-04-20,1.17855,1.35428
2026-04-21,1.17523,1.35117
2026-04-22,1.17137,1.35044
2026-04-23,1.17041,1.34953
2026-04-24,1.17178,1.35172
2026-04-27,1.17316,1.35538
2026-04-28,1.17151,1.35135
2026-04-29,1.16945,1.34935
2026-04-30,1.17288,1.35796
2026-05-01,1.1755,1.36203
2026-05-04,1.16986,1.35355
2026-05-05,1.17069,1.35759
2026-05-06,1.17536,1.35962
2026-05-07,1.17633,1.36129
2026-05-08,1.1773,1.36258
2026-05-11,1.178,1.36519
2026-05-12,1.1733,1.35281
2026-05-13,1.1711,1.35208
2026-05-14,1.16782,1.34807
2026-05-15,1.16266,1.33316
2026-05-18,1.16496,1.34192
2026-05-19,1.16023,1.34012
2026-05-20,1.16198,1.34409
2026-05-21,1.15888,1.34066
2026-05-22,1.16036,1.34391
2026-05-26,1.16198,1.34372
2026-05-27,1.16306,1.34318
2026-05-28,1.16496,1.34372
2026-05-29,1.16795,1.34753
2026-06-01,1.16239,1.34517
2026-06-02,1.16414,1.34807
2026-06-03,1.1605,1.34354
2026-06-04,1.16293,1.34409
2026-06-05,1.15327,1.33601
2026-06-08,1.15447,1.33476
2026-06-09,1.15554,1.33887
2026-06-10,1.155,1.33923
2026-06-11,1.15154,1.33369
2026-06-12,1.15727,1.34138
2026-06-15,1.15996,1.34264
2026-06-16,1.16144,1.34372
2026-06-17,1.15929,1.33994
2026-06-18,1.14705,1.32275
2026-06-22,1.14325,1.32485
2026-06-23,1.1383,1.31926
2026-06-24,1.13482,1.31596
2026-06-25,1.13856,1.32153
2026-06-26,1.14025,1.32223
2026-06-29,1.14247,1.32556
2026-06-30,1.14168,1.32591
2026-07-01,1.13843,1.32802
2026-07-02,1.14482,1.33636
2026-07-06,1.1426,1.3369
2026-07-07,1.14233,1.33726
2026-07-08,1.1396,1.33618
2026-07-09,1.1439,1.34084
2026-07-10,1.14377,1.3421
2026-07-13,1.14025,1.33815
2026-07-14,1.14286,1.33833
2026-07-15,1.14364,1.34971
2026-07-16,1.14469,1.34844
2026-07-17,1.14403,1.34463
2026-07-20,1.14116,1.34192
2026-07-21,1.14077,1.33743
2026-07-22,1.14142,1.33779
2026-07-23,1.13727,1.33138
2026-07-24,1.13856,1.3344
2026-07-27,1.13766,1.33032
2026-07-28,1.14012,1.33103
2026-07-29,1.13843,1.32873
2026-07-30,1.15221,1.34626
2026-07-31,1.15194,1.34698
2026-08-03,1.15088,1.34336
2026-08-04,1.15274,1.34553
2026-08-05,1.15473,1.34626
2026-08-06,1.15207,1.34553
2026-08-07,1.15594,1.34971
2026-08-10,1.15513,1.35263
2026-08-11,1.15433,1.35153
2026-08-12,1.15393,1.35117
2026-08-13,1.15314,1.34971
2026-08-14,1.15808,1.35556
2026-08-17,1.15915,1.35648
2026-08-18,1.15794,1.35428
2026-08-19,1.16645,1.36073
2026-08-20,1.16795,1.36388
2026-08-21,1.16836,1.36444
2026-08-24,1.16645,1.36314
2026-08-25,1.16727,1.36444
2026-08-26,1.16509,1.35943
2026-08-27,1.16537,1.35999
2026-08-28,1.15982,1.35556
2026-08-31,1.16171,1.35501
2026-09-01,1.15929,1.35263
2026-09-02,1.15915,1.35026
2026-09-03,1.16225,1.35355
2026-09-04,1.16185,1.35208
2026-09-08,1.16266,1.35428
2026-09-09,1.16266,1.35483
2026-09-10,1.16293,1.35318
2026-09-11,1.16036,1.35245
2026-09-14,1.15487,1.34935
2026-09-15,1.1542,1.34789
2026-09-16,1.1538,1.34517
2026-09-17,1.14784,1.33476
2026-09-18,1.14639,1.33726
2026-09-21,1.14692,1.33708
2026-09-22,1.14325,1.33262
2026-09-23,1.13934,1.32538
2026-09-24,1.13727,1.3217
2026-09-25,1.13999,1.32503
