Date,gross_pnl,cost,net_pnl,n_pairs,in_market,position,cum_net,cum_gross
2011-01-04,0.0,0.0,0.0,0,0,0,0.0,0.0
2011-01-05,0.0,0.0,0.0,0,0,0,0.0,0.0
2011-01-06,0.0,0.0,0.0,0,0,0,0.0,0.0
2011-01-07,0.0,0.0,0.0,0,0,0,0.0,0.0
2011-01-10,0.0,0.0,0.0,0,0,0,0.0,0.0
2011-01-11,0.0,0.0,0.0,0,0,0,0.0,0.0
2011-01-12,0.0,0.0,0.0,0,0,0,0.0,0.0
2011-01-13,0.0,0.0,0.0,0,0,0,0.0,0.0
2011-01-14,0.0,0.0,0.0,0,0,0,0.0,0.0
2011-01-18,0.0,0.0,0.0,0,0,0,0.0,0.0
2011-01-19,0.0,0.0,0.0,0,0,0,0.0,0.0
2011-01-20,0.0,0.0,0.0,0,0,0,0.0,0.0
2011-01-21,0.0,0.0,0.0,0,0,0,0.0,0.0
2011-01-24,0.0,0.0,0.0,0,0,0,0.0,0.0
2011-01-25,0.0,0.0,0.0,0,0,0,0.0,0.0
2011-01-26,0.0,0.0,0.0,0,0,0,0.0,0.0
2011-01-27,0.0,0.0,0.0,0,0,0,0.0,0.0
2011-01-28,0.0,0.0,0.0,0,0,0,0.0,0.0
2011-01-31,0.0,0.0,0.0,0,0,0,0.0,0.0
2011-02-01,0.0,0.0,0.0,0,0,0,0.0,0.0
2011-02-02,0.0,0.0,0.0,0,0,0,0.0,0.0
2011-02-03,0.0,0.0,0.0,0,0,0,0.0,0.0
2011-02-04,0.0,0.0,0.0,0,0,0,0.0,0.0
2011-02-07,0.0,0.0,0.0,0,0,0,0.0,0.0
2011-02-08,0.0,0.0,0.0,0,0,0,0.0,0.0
2011-02-09,0.0,0.0,0.0,0,0,0,0.0,0.0
2011-02-10,0.0,0.0,0.0,0,0,0,0.0,0.0
2011-02-11,0.0,0.0,0.0,0,0,0,0.0,0.0
2011-02-14,0.0,0.0,0.0,0,0,0,0.0,0.0
2011-02-15,0.0,0.0,0.0,0,0,0,0.0,0.0
2011-02-16,0.0,0.0,0.0,0,0,0,0.0,0.0
2011-02-17,0.0,0.0,0.0,0,0,0,0.0,0.0
2011-02-18,0.0,0.0,0.0,0,0,0,0.0,0.0
2011-02-22,0.0,0.0,0.0,0,0,0,0.0,0.0
2011-02-23,0.0,0.0,0.0,0,0,0,0.0,0.0
2011-02-24,0.0,0.0,0.0,0,0,0,0.0,0.0
2011-02-25,0.0,0.0,0.0,0,0,0,0.0,0.0
2011-02-28,0.0,0.0,0.0,0,0,0,0.0,0.0
2011-03-01,0.0,0.0,0.0,0,0,0,0.0,0.0
2011-03-02,0.0,0.0,0.0,0,0,0,0.0,0.0
2011-03-03,0.0,0.0,0.0,0,0,0,0.0,0.0
2011-03-04,0.0,0.0,0.0,0,0,0,0.0,0.0
2011-03-07,0.0,0.0,0.0,0,0,0,0.0,0.0
2011-03-08,0.0,0.0,0.0,0,0,0,0.0,0.0
2011-03-09,0.0,0.0,0.0,0,0,0,0.0,0.0
2011-03-10,0.0,0.0,0.0,0,0,0,0.0,0.0
2011-03-11,0.0,0.0,0.0,0,0,0,0.0,0.0
2011-03-14,0.0,0.0,0.0,0,0,0,0.0,0.0
2011-03-15,0.0,0.0,0.0,0,0,0,0.0,0.0
2011-03-16,0.0,0.0,0.0,0,0,0,0.0,0.0
2011-03-17,0.0,0.0,0.0,0,0,0,0.0,0.0
2011-03-18,0.0,0.0,0.0,0,0,0,0.0,0.0
2011-03-21,0.0,0.0,0.0,0,0,0,0.0,0.0
2011-03-22,0.0,0.0,0.0,0,0,0,0.0,0.0
2011-03-23,0.0,0.0,0.0,0,0,0,0.0,0.0
2011-03-24,0.0,0.0,0.0,0,0,0,0.0,0.0
2011-03-25,0.0,0.0,0.0,0,0,0,0.0,0.0
2011-03-28,0.0,0.0,0.0,0,0,0,0.0,0.0
2011-03-29,0.0,0.0,0.0,0,0,0,0.0,0.0
2011-03-30,0.0,0.0,0.0,0,0,0,0.0,0.0
2011-03-31,0.0,0.0,0.0,0,0,0,0.0,0.0
2011-04-01,0.0,0.0,0.0,0,0,0,0.0,0.0
2011-04-04,0.0,0.0,0.0,0,0,0,0.0,0.0
2011-04-05,0.0,0.0,0.0,0,0,0,0.0,0.0
2011-04-06,0.0,0.0,0.0,0,0,0,0.0,0.0
2011-04-07,0.0,0.0,0.0,0,0,0,0.0,0.0
2011-04-08,0.0,0.0,0.0,0,0,0,0.0,0.0
2011-04-11,0.0,0.0,0.0,0,0,0,0.0,0.0
2011-04-12,0.0,0.0,0.0,0,0,0,0.0,0.0
2011-04-13,0.0,0.0,0.0,0,0,0,0.0,0.0
2011-04-14,0.0,0.0,0.0,0,0,0,0.0,0.0
2011-04-15,0.0,0.0,0.0,0,0,0,0.0,0.0
2011-04-18,0.0,0.0,0.0,0,0,0,0.0,0.0
2011-04-19,0.0,0.0,0.0,0,0,0,0.0,0.0
2011-04-20,0.0,0.0,0.0,0,0,0,0.0,0.0
2011-04-21,0.0,0.0,0.0,0,0,0,0.0,0.0
2011-04-22,0.0,0.0,0.0,0,0,0,0.0,0.0
2011-04-25,0.0,0.0,0.0,0,0,0,0.0,0.0
2011-04-26,0.0,0.0,0.0,0,0,0,0.0,0.0
2011-04-27,0.0,0.0,0.0,0,0,0,0.0,0.0
2011-04-28,0.0,0.0,0.0,0,0,0,0.0,0.0
2011-04-29,0.0,0.0,0.0,0,0,0,0.0,0.0
2011-05-02,0.0,0.0,0.0,0,0,0,0.0,0.0
2011-05-03,0.0,0.0,0.0,0,0,0,0.0,0.0
2011-05-04,0.0,0.0,0.0,0,0,0,0.0,0.0
2011-05-05,0.0,0.0,0.0,0,0,0,0.0,0.0
2011-05-06,0.0,0.0,0.0,0,0,0,0.0,0.0
2011-05-09,0.0,0.0,0.0,0,0,0,0.0,0.0
2011-05-10,0.0,0.0,0.0,0,0,0,0.0,0.0
2011-05-11,0.0,0.0,0.0,0,0,0,0.0,0.0
2011-05-12,0.0,0.0,0.0,0,0,0,0.0,0.0
2011-05-13,0.0,0.0,0.0,0,0,0,0.0,0.0
2011-05-16,0.0,0.0,0.0,0,0,0,0.0,0.0
2011-05-17,0.0,0.0,0.0,0,0,0,0.0,0.0
2011-05-18,0.0,0.0,0.0,0,0,0,0.0,0.0
2011-05-19,0.0,0.0,0.0,0,0,0,0.0,0.0
2011-05-20,0.0,0.0,0.0,0,0,0,0.0,0.0
2011-05-23,0.0,0.0,0.0,0,0,0,0.0,0.0
2011-05-24,0.0,0.0,0.0,0,0,0,0.0,0.0
2011-05-25,0.0,0.0,0.0,0,0,0,0.0,0.0
2011-05-26,0.0,0.0,0.0,0,0,0,0.0,0.0
2011-05-27,0.0,0.0,0.0,0,0,0,0.0,0.0
2011-05-31,0.0,0.0,0.0,0,0,0,0.0,0.0
2011-06-01,0.0,0.0,0.0,0,0,0,0.0,0.0
2011-06-02,0.0,0.0,0.0,0,0,0,0.0,0.0
2011-06-03,0.0,0.0,0.0,0,0,0,0.0,0.0
2011-06-06,0.0,0.0,0.0,0,0,0,0.0,0.0
2011-06-07,0.0,0.0,0.0,0,0,0,0.0,0.0
2011-06-08,0.0,0.0,0.0,0,0,0,0.0,0.0
2011-06-09,0.0,0.0,0.0,0,0,0,0.0,0.0
2011-06-10,0.0,0.0,0.0,0,0,0,0.0,0.0
2011-06-13,0.0,0.0,0.0,0,0,0,0.0,0.0
2011-06-14,0.0,0.0,0.0,0,0,0,0.0,0.0
2011-06-15,0.0,0.0,0.0,0,0,0,0.0,0.0
2011-06-16,0.0,0.0,0.0,0,0,0,0.0,0.0
2011-06-17,0.0,0.0,0.0,0,0,0,0.0,0.0
2011-06-20,0.0,0.0,0.0,0,0,0,0.0,0.0
2011-06-21,0.0,0.0,0.0,0,0,0,0.0,0.0
2011-06-22,0.0,0.0,0.0,0,0,0,0.0,0.0
2011-06-23,0.0,0.0,0.0,0,0,0,0.0,0.0
2011-06-24,0.0,0.0,0.0,0,0,0,0.0,0.0
2011-06-27,0.0,0.0,0.0,0,0,0,0.0,0.0
2011-06-28,0.0,0.0,0.0,0,0,0,0.0,0.0
2011-06-29,0.0,0.0,0.0,0,0,0,0.0,0.0
2011-06-30,0.0,0.0,0.0,0,0,0,0.0,0.0
2011-07-01,0.0,0.0,0.0,0,0,0,0.0,0.0
2011-07-05,0.0,0.0,0.0,0,0,0,0.0,0.0
2011-07-06,0.0,0.0,0.0,0,0,0,0.0,0.0
2011-07-07,0.0,0.0,0.0,0,0,0,0.0,0.0
2011-07-08,0.0,0.0,0.0,0,0,0,0.0,0.0
2011-07-11,0.0,0.0,0.0,0,0,0,0.0,0.0
2011-07-12,0.0,0.0,0.0,0,0,0,0.0,0.0
2011-07-13,0.0,0.0,0.0,0,0,0,0.0,0.0
2011-07-14,0.0,0.0,0.0,0,0,0,0.0,0.0
2011-07-15,0.0,0.0,0.0,0,0,0,0.0,0.0
2011-07-18,0.0,0.0,0.0,0,0,0,0.0,0.0
2011-07-19,0.0,0.0,0.0,0,0,0,0.0,0.0
2011-07-20,0.0,0.0,0.0,0,0,0,0.0,0.0
2011-07-21,0.0,0.0,0.0,0,0,0,0.0,0.0
2011-07-22,0.0,0.0,0.0,0,0,0,0.0,0.0
2011-07-25,0.0,0.0,0.0,0,0,0,0.0,0.0
2011-07-26,0.0,0.0,0.0,0,0,0,0.0,0.0
2011-07-27,0.0,0.0,0.0,0,0,0,0.0,0.0
2011-07-28,0.0,0.0,0.0,0,0,0,0.0,0.0
2011-07-29,0.0,0.0,0.0,0,0,0,0.0,0.0
2011-08-01,0.0,0.0,0.0,0,0,0,0.0,0.0
2011-08-02,0.0,0.0,0.0,0,0,0,0.0,0.0
2011-08-03,0.0,0.0,0.0,0,0,0,0.0,0.0
2011-08-04,0.0,0.0,0.0,0,0,0,0.0,0.0
2011-08-05,0.0,0.0,0.0,0,0,0,0.0,0.0
2011-08-08,0.0,0.0,0.0,0,0,0,0.0,0.0
2011-08-09,0.0,0.0,0.0,0,0,0,0.0,0.0
2011-08-10,0.0,0.0,0.0,0,0,0,0.0,0.0
2011-08-11,0.0,0.0,0.0,0,0,0,0.0,0.0
2011-08-12,0.0,0.0,0.0,0,0,0,0.0,0.0
2011-08-15,0.0,0.0,0.0,0,0,0,0.0,0.0
2011-08-16,0.0,0.0,0.0,0,0,0,0.0,0.0
2011-08-17,0.0,0.0,0.0,0,0,0,0.0,0.0
2011-08-18,0.0,0.0,0.0,0,0,0,0.0,0.0
2011-08-19,0.0,0.0,0.0,0,0,0,0.0,0.0
2011-08-22,0.0,0.0,0.0,0,0,0,0.0,0.0
2011-08-23,0.0,0.0,0.0,0,0,0,0.0,0.0
2011-08-24,0.0,0.0,0.0,0,0,0,0.0,0.0
2011-08-25,0.0,0.0,0.0,0,0,0,0.0,0.0
2011-08-26,0.0,0.0,0.0,0,0,0,0.0,0.0
2011-08-29,0.0,0.0,0.0,0,0,0,0.0,0.0
2011-08-30,0.0,0.0,0.0,0,0,0,0.0,0.0
2011-08-31,0.0,0.0,0.0,0,0,0,0.0,0.0
2011-09-01,0.0,0.0,0.0,0,0,0,0.0,0.0
2011-09-02,0.0,0.0,0.0,0,0,0,0.0,0.0
2011-09-06,0.0,0.0,0.0,0,0,0,0.0,0.0
2011-09-07,0.0,0.0,0.0,0,0,0,0.0,0.0
2011-09-08,0.0,0.0,0.0,0,0,0,0.0,0.0
2011-09-09,0.0,0.0,0.0,0,0,0,0.0,0.0
2011-09-12,0.0,0.0,0.0,0,0,0,0.0,0.0
2011-09-13,0.0,0.0,0.0,0,0,0,0.0,0.0
2011-09-14,0.0,0.0,0.0,0,0,0,0.0,0.0
2011-09-15,0.0,0.0,0.0,0,0,0,0.0,0.0
2011-09-16,0.0,0.0,0.0,0,0,0,0.0,0.0
2011-09-19,0.0,0.0,0.0,0,0,0,0.0,0.0
2011-09-20,0.0,0.0,0.0,0,0,0,0.0,0.0
2011-09-21,0.0,0.0,0.0,0,0,0,0.0,0.0
2011-09-22,0.0,0.0,0.0,0,0,0,0.0,0.0
2011-09-23,0.0,0.0,0.0,0,0,0,0.0,0.0
2011-09-26,0.0,0.0,0.0,0,0,0,0.0,0.0
2011-09-27,0.0,0.0,0.0,0,0,0,0.0,0.0
2011-09-28,0.0,0.0,0.0,0,0,0,0.0,0.0
2011-09-29,0.0,0.0,0.0,0,0,0,0.0,0.0
2011-09-30,0.0,0.0,0.0,0,0,0,0.0,0.0
2011-10-03,0.0,0.0,0.0,0,0,0,0.0,0.0
2011-10-04,0.0,0.0,0.0,0,0,0,0.0,0.0
2011-10-05,0.0,0.0,0.0,0,0,0,0.0,0.0
2011-10-06,0.0,0.0,0.0,0,0,0,0.0,0.0
2011-10-07,0.0,0.0,0.0,0,0,0,0.0,0.0
2011-10-11,0.0,0.0,0.0,0,0,0,0.0,0.0
2011-10-12,0.0,0.0,0.0,0,0,0,0.0,0.0
2011-10-13,0.0,0.0,0.0,0,0,0,0.0,0.0
2011-10-14,0.0,0.0,0.0,0,0,0,0.0,0.0
2011-10-17,0.0,0.0,0.0,0,0,0,0.0,0.0
2011-10-18,0.0,0.0,0.0,0,0,0,0.0,0.0
2011-10-19,0.0,0.0,0.0,0,0,0,0.0,0.0
2011-10-20,0.0,0.0,0.0,0,0,0,0.0,0.0
2011-10-21,0.0,0.0,0.0,0,0,0,0.0,0.0
2011-10-24,0.0,0.0,0.0,0,0,0,0.0,0.0
2011-10-25,0.0,0.0,0.0,0,0,0,0.0,0.0
2011-10-26,0.0,0.0,0.0,0,0,0,0.0,0.0
2011-10-27,0.0,0.0,0.0,0,0,0,0.0,0.0
2011-10-28,0.0,0.0,0.0,0,0,0,0.0,0.0
2011-10-31,0.0,0.0,0.0,0,0,0,0.0,0.0
2011-11-01,0.0,0.0,0.0,0,0,0,0.0,0.0
2011-11-02,0.0,0.0,0.0,0,0,0,0.0,0.0
2011-11-03,0.0,0.0,0.0,0,0,0,0.0,0.0
2011-11-04,0.0,0.0,0.0,0,0,0,0.0,0.0
2011-11-07,0.0,0.0,0.0,0,0,0,0.0,0.0
2011-11-08,0.0,0.0,0.0,0,0,0,0.0,0.0
2011-11-09,0.0,0.0,0.0,0,0,0,0.0,0.0
2011-11-10,0.0,0.0,0.0,0,0,0,0.0,0.0
2011-11-14,0.0,0.0,0.0,0,0,0,0.0,0.0
2011-11-15,0.0,0.0,0.0,0,0,0,0.0,0.0
2011-11-16,0.0,0.0,0.0,0,0,0,0.0,0.0
2011-11-17,0.0,0.0,0.0,0,0,0,0.0,0.0
2011-11-18,0.0,0.0,0.0,0,0,0,0.0,0.0
2011-11-21,0.0,0.0,0.0,0,0,0,0.0,0.0
2011-11-22,0.0,0.0,0.0,0,0,0,0.0,0.0
2011-11-23,0.0,0.0,0.0,0,0,0,0.0,0.0
2011-11-25,0.0,0.0,0.0,0,0,0,0.0,0.0
2011-11-28,0.0,0.0,0.0,0,0,0,0.0,0.0
2011-11-29,0.0,0.0,0.0,0,0,0,0.0,0.0
2011-11-30,0.0,0.0,0.0,0,0,0,0.0,0.0
2011-12-01,0.0,0.0,0.0,0,0,0,0.0,0.0
2011-12-02,0.0,0.0,0.0,0,0,0,0.0,0.0
2011-12-05,0.0,0.0,0.0,0,0,0,0.0,0.0
2011-12-06,0.0,0.0,0.0,0,0,0,0.0,0.0
2011-12-07,0.0,0.0,0.0,0,0,0,0.0,0.0
2011-12-08,0.0,0.0,0.0,0,0,0,0.0,0.0
2011-12-09,0.0,0.0,0.0,0,0,0,0.0,0.0
2011-12-12,0.0,0.0,0.0,0,0,0,0.0,0.0
2011-12-13,0.0,0.0,0.0,0,0,0,0.0,0.0
2011-12-14,0.0,0.0,0.0,0,0,0,0.0,0.0
2011-12-15,0.0,0.0,0.0,0,0,0,0.0,0.0
2011-12-16,0.0,0.0,0.0,0,0,0,0.0,0.0
2011-12-19,0.0,0.0,0.0,0,0,0,0.0,0.0
2011-12-20,0.0,0.0,0.0,0,0,0,0.0,0.0
2011-12-21,0.0,0.0,0.0,0,0,0,0.0,0.0
2011-12-22,0.0,0.0,0.0,0,0,0,0.0,0.0
2011-12-23,0.0,0.0,0.0,0,0,0,0.0,0.0
2011-12-27,0.0,0.0,0.0,0,0,0,0.0,0.0
2011-12-28,0.0,0.0,0.0,0,0,0,0.0,0.0
2011-12-29,0.0,0.0,0.0,0,0,0,0.0,0.0
2011-12-30,0.0,0.0,0.0,0,0,0,0.0,0.0
2012-01-03,0.0,0.0,0.0,0,0,0,0.0,0.0
2012-01-04,0.0,0.0,0.0,0,0,0,0.0,0.0
2012-01-05,0.0,0.0,0.0,0,0,0,0.0,0.0
2012-01-06,0.0,0.0,0.0,0,0,0,0.0,0.0
2012-01-09,0.0,0.0,0.0,0,0,0,0.0,0.0
2012-01-10,0.0,0.0,0.0,0,0,0,0.0,0.0
2012-01-11,0.0,0.0,0.0,0,0,0,0.0,0.0
2012-01-12,0.0,0.0,0.0,0,0,0,0.0,0.0
2012-01-13,0.0,0.0,0.0,0,0,0,0.0,0.0
2012-01-17,0.0,0.0,0.0,0,0,0,0.0,0.0
2012-01-18,0.0,0.0,0.0,0,0,0,0.0,0.0
2012-01-19,0.0,0.0,0.0,0,0,0,0.0,0.0
2012-01-20,0.0,0.0,0.0,0,0,0,0.0,0.0
2012-01-23,0.0,0.0,0.0,0,0,0,0.0,0.0
2012-01-24,0.0,0.0,0.0,0,0,0,0.0,0.0
2012-01-25,0.0,0.0,0.0,0,0,0,0.0,0.0
2012-01-26,0.0,0.0,0.0,0,0,0,0.0,0.0
2012-01-27,0.0,0.0,0.0,0,0,0,0.0,0.0
2012-01-30,0.0,0.0,0.0,0,0,0,0.0,0.0
2012-01-31,0.0,0.0,0.0,0,0,0,0.0,0.0
2012-02-01,0.0,0.0,0.0,0,0,0,0.0,0.0
2012-02-02,0.0,0.0,0.0,0,0,0,0.0,0.0
2012-02-03,0.0,0.0,0.0,0,0,0,0.0,0.0
2012-02-06,0.0,0.0,0.0,0,0,0,0.0,0.0
2012-02-07,0.0,0.0,0.0,0,0,0,0.0,0.0
2012-02-08,0.0,0.0,0.0,0,0,0,0.0,0.0
2012-02-09,0.0,0.0,0.0,0,0,0,0.0,0.0
2012-02-10,0.0,0.0,0.0,0,0,0,0.0,0.0
2012-02-13,0.0,0.0,0.0,0,0,0,0.0,0.0
2012-02-14,0.0,0.0,0.0,0,0,0,0.0,0.0
2012-02-15,0.0,0.0,0.0,0,0,0,0.0,0.0
2012-02-16,0.0,0.0,0.0,0,0,0,0.0,0.0
2012-02-17,0.0,0.0,0.0,0,0,0,0.0,0.0
2012-02-21,0.0,0.0,0.0,0,0,0,0.0,0.0
2012-02-22,0.0,0.0,0.0,0,0,0,0.0,0.0
2012-02-23,0.0,0.0,0.0,0,0,0,0.0,0.0
2012-02-24,0.0,0.0,0.0,0,0,0,0.0,0.0
2012-02-27,0.0,0.0,0.0,0,0,0,0.0,0.0
2012-02-28,0.0,0.0,0.0,0,0,0,0.0,0.0
2012-02-29,0.0,0.0,0.0,0,0,0,0.0,0.0
2012-03-01,0.0,0.0,0.0,0,0,0,0.0,0.0
2012-03-02,0.0,0.0,0.0,0,0,0,0.0,0.0
2012-03-05,0.0,0.0,0.0,0,0,0,0.0,0.0
2012-03-06,0.0,0.0,0.0,0,0,0,0.0,0.0
2012-03-07,0.0,0.0,0.0,0,0,0,0.0,0.0
2012-03-08,0.0,0.0,0.0,0,0,0,0.0,0.0
2012-03-09,0.0,0.0,0.0,0,0,0,0.0,0.0
2012-03-12,0.0,0.0,0.0,0,0,0,0.0,0.0
2012-03-13,0.0,0.0,0.0,0,0,0,0.0,0.0
2012-03-14,0.0,0.0,0.0,0,0,0,0.0,0.0
2012-03-15,0.0,0.0,0.0,0,0,0,0.0,0.0
2012-03-16,0.0,0.0,0.0,0,0,0,0.0,0.0
2012-03-19,0.0,0.0,0.0,0,0,0,0.0,0.0
2012-03-20,0.0,0.0,0.0,0,0,0,0.0,0.0
2012-03-21,0.0,0.0,0.0,0,0,0,0.0,0.0
2012-03-22,0.0,0.0,0.0,0,0,0,0.0,0.0
2012-03-23,0.0,0.0,0.0,0,0,0,0.0,0.0
2012-03-26,0.0,0.0,0.0,0,0,0,0.0,0.0
2012-03-27,0.0,0.0,0.0,0,0,0,0.0,0.0
2012-03-28,0.0,0.0,0.0,0,0,0,0.0,0.0
2012-03-29,0.0,0.0,0.0,0,0,0,0.0,0.0
2012-03-30,0.0,0.0,0.0,0,0,0,0.0,0.0
2012-04-02,0.0,0.0,0.0,0,0,0,0.0,0.0
2012-04-03,0.0,0.0,0.0,0,0,0,0.0,0.0
2012-04-04,0.0,0.0,0.0,0,0,0,0.0,0.0
2012-04-05,0.0,0.0,0.0,0,0,0,0.0,0.0
2012-04-06,0.0,0.0,0.0,0,0,0,0.0,0.0
2012-04-09,0.0,0.0,0.0,0,0,0,0.0,0.0
2012-04-10,0.0,0.0,0.0,0,0,0,0.0,0.0
2012-04-11,0.0,0.0,0.0,0,0,0,0.0,0.0
2012-04-12,0.0,0.0,0.0,0,0,0,0.0,0.0
2012-04-13,0.0,0.0,0.0,0,0,0,0.0,0.0
2012-04-16,0.0,0.0,0.0,0,0,0,0.0,0.0
2012-04-17,0.0,0.0,0.0,0,0,0,0.0,0.0
2012-04-18,0.0,0.0,0.0,0,0,0,0.0,0.0
2012-04-19,0.0,0.0,0.0,0,0,0,0.0,0.0
2012-04-20,0.0,0.0,0.0,0,0,0,0.0,0.0
2012-04-23,0.0,0.0,0.0,0,0,0,0.0,0.0
2012-04-24,0.0,0.0,0.0,0,0,0,0.0,0.0
2012-04-25,0.0,0.0,0.0,0,0,0,0.0,0.0
2012-04-26,0.0,0.0,0.0,0,0,0,0.0,0.0
2012-04-27,0.0,0.0,0.0,0,0,0,0.0,0.0
2012-04-30,0.0,0.0,0.0,0,0,0,0.0,0.0
2012-05-01,0.0,0.0,0.0,0,0,0,0.0,0.0
2012-05-02,0.0,0.0,0.0,0,0,0,0.0,0.0
2012-05-03,0.0,0.0,0.0,0,0,0,0.0,0.0
2012-05-04,0.0,0.0,0.0,0,0,0,0.0,0.0
2012-05-07,0.0,0.0,0.0,0,0,0,0.0,0.0
2012-05-08,0.0,0.0,0.0,0,0,0,0.0,0.0
2012-05-09,0.0,0.0,0.0,0,0,0,0.0,0.0
2012-05-10,0.0,0.0,0.0,0,0,0,0.0,0.0
2012-05-11,0.0,0.0,0.0,0,0,0,0.0,0.0
2012-05-14,0.0,0.0,0.0,0,0,0,0.0,0.0
2012-05-15,0.0,0.0,0.0,0,0,0,0.0,0.0
2012-05-16,0.0,0.0,0.0,0,0,0,0.0,0.0
2012-05-17,0.0,0.0,0.0,0,0,0,0.0,0.0
2012-05-18,0.0,0.0,0.0,0,0,0,0.0,0.0
2012-05-21,0.0,0.0,0.0,0,0,0,0.0,0.0
2012-05-22,0.0,0.0,0.0,0,0,0,0.0,0.0
2012-05-23,0.0,0.0,0.0,0,0,0,0.0,0.0
2012-05-24,0.0,0.0,0.0,0,0,0,0.0,0.0
2012-05-25,0.0,0.0,0.0,0,0,0,0.0,0.0
2012-05-29,0.0,0.0,0.0,0,0,0,0.0,0.0
2012-05-30,0.0,0.0,0.0,0,0,0,0.0,0.0
2012-05-31,0.0,0.0,0.0,0,0,0,0.0,0.0
2012-06-01,0.0,0.0,0.0,0,0,0,0.0,0.0
2012-06-04,0.0,0.0,0.0,0,0,0,0.0,0.0
2012-06-05,0.0,0.0,0.0,0,0,0,0.0,0.0
2012-06-06,0.0,0.0,0.0,0,0,0,0.0,0.0
2012-06-07,0.0,0.0,0.0,0,0,0,0.0,0.0
2012-06-08,0.0,0.0,0.0,0,0,0,0.0,0.0
2012-06-11,0.0,0.0,0.0,0,0,0,0.0,0.0
2012-06-12,0.0,0.0,0.0,0,0,0,0.0,0.0
2012-06-13,0.0,0.0,0.0,0,0,0,0.0,0.0
2012-06-14,0.0,0.0,0.0,0,0,0,0.0,0.0
2012-06-15,0.0,0.0,0.0,0,0,0,0.0,0.0
2012-06-18,0.0,0.0,0.0,0,0,0,0.0,0.0
2012-06-19,0.0,0.0,0.0,0,0,0,0.0,0.0
2012-06-20,0.0,0.0,0.0,0,0,0,0.0,0.0
2012-06-21,0.0,0.0,0.0,0,0,0,0.0,0.0
2012-06-22,0.0,0.0,0.0,0,0,0,0.0,0.0
2012-06-25,0.0,0.0,0.0,0,0,0,0.0,0.0
2012-06-26,0.0,0.0,0.0,0,0,0,0.0,0.0
2012-06-27,0.0,0.0,0.0,0,0,0,0.0,0.0
2012-06-28,0.0,0.0,0.0,0,0,0,0.0,0.0
2012-06-29,0.0,0.0,0.0,0,0,0,0.0,0.0
2012-07-02,0.0,0.0,0.0,0,0,0,0.0,0.0
2012-07-03,0.0,0.0,0.0,0,0,0,0.0,0.0
2012-07-05,0.0,0.0,0.0,0,0,0,0.0,0.0
2012-07-06,0.0,0.0,0.0,0,0,0,0.0,0.0
2012-07-09,0.0,0.0,0.0,0,0,0,0.0,0.0
2012-07-10,0.0,0.0,0.0,0,0,0,0.0,0.0
2012-07-11,0.0,0.0,0.0,0,0,0,0.0,0.0
2012-07-12,0.0,0.0,0.0,0,0,0,0.0,0.0
2012-07-13,0.0,0.0,0.0,0,0,0,0.0,0.0
2012-07-16,0.0,0.0,0.0,0,0,0,0.0,0.0
2012-07-17,0.0,0.0,0.0,0,0,0,0.0,0.0
2012-07-18,0.0,0.0,0.0,0,0,0,0.0,0.0
2012-07-19,0.0,0.0,0.0,0,0,0,0.0,0.0
2012-07-20,0.0,0.0,0.0,0,0,0,0.0,0.0
2012-07-23,0.0,0.0,0.0,0,0,0,0.0,0.0
2012-07-24,0.0,0.0,0.0,0,0,0,0.0,0.0
2012-07-25,0.0,0.0,0.0,0,0,0,0.0,0.0
2012-07-26,0.0,0.0,0.0,0,0,0,0.0,0.0
2012-07-27,0.0,0.0,0.0,0,0,0,0.0,0.0
2012-07-30,0.0,0.0,0.0,0,0,0,0.0,0.0
2012-07-31,0.0,0.0,0.0,0,0,0,0.0,0.0
2012-08-01,0.0,0.0,0.0,0,0,0,0.0,0.0
2012-08-02,0.0,0.0,0.0,0,0,0,0.0,0.0
2012-08-03,0.0,0.0,0.0,0,0,0,0.0,0.0
2012-08-06,0.0,0.0,0.0,0,0,0,0.0,0.0
2012-08-07,0.0,0.0,0.0,0,0,0,0.0,0.0
2012-08-08,0.0,0.0,0.0,0,0,0,0.0,0.0
2012-08-09,0.0,0.0,0.0,0,0,0,0.0,0.0
2012-08-10,0.0,0.0,0.0,0,0,0,0.0,0.0
2012-08-13,0.0,0.0,0.0,0,0,0,0.0,0.0
2012-08-14,0.0,0.0,0.0,0,0,0,0.0,0.0
2012-08-15,0.0,0.0,0.0,0,0,0,0.0,0.0
2012-08-16,0.0,0.0,0.0,0,0,0,0.0,0.0
2012-08-17,0.0,0.0,0.0,0,0,0,0.0,0.0
2012-08-20,0.0,0.0,0.0,0,0,0,0.0,0.0
2012-08-21,0.0,0.0,0.0,0,0,0,0.0,0.0
2012-08-22,0.0,0.0,0.0,0,0,0,0.0,0.0
2012-08-23,0.0,0.0,0.0,0,0,0,0.0,0.0
2012-08-24,0.0,0.0,0.0,0,0,0,0.0,0.0
2012-08-27,0.0,0.0,0.0,0,0,0,0.0,0.0
2012-08-28,0.0,0.0,0.0,0,0,0,0.0,0.0
2012-08-29,0.0,0.0,0.0,0,0,0,0.0,0.0
2012-08-30,0.0,0.0,0.0,0,0,0,0.0,0.0
2012-08-31,0.0,0.0,0.0,0,0,0,0.0,0.0
2012-09-04,0.0,0.0,0.0,0,0,0,0.0,0.0
2012-09-05,0.0,0.0,0.0,0,0,0,0.0,0.0
2012-09-06,0.0,0.0,0.0,0,0,0,0.0,0.0
2012-09-07,0.0,0.0,0.0,0,0,0,0.0,0.0
2012-09-10,0.0,0.0,0.0,0,0,0,0.0,0.0
2012-09-11,0.0,0.0,0.0,0,0,0,0.0,0.0
2012-09-12,0.0,0.0,0.0,0,0,0,0.0,0.0
2012-09-13,0.0,0.0,0.0,0,0,0,0.0,0.0
2012-09-14,0.0,0.0,0.0,0,0,0,0.0,0.0
2012-09-17,0.0,0.0,0.0,0,0,0,0.0,0.0
2012-09-18,0.0,0.0,0.0,0,0,0,0.0,0.0
2012-09-19,0.0,0.0,0.0,0,0,0,0.0,0.0
2012-09-20,0.0,0.0,0.0,0,0,0,0.0,0.0
2012-09-21,0.0,0.0,0.0,0,0,0,0.0,0.0
2012-09-24,0.0,0.0,0.0,0,0,0,0.0,0.0
2012-09-25,0.0,0.0,0.0,0,0,0,0.0,0.0
2012-09-26,0.0,0.0,0.0,0,0,0,0.0,0.0
2012-09-27,0.0,0.0,0.0,0,0,0,0.0,0.0
2012-09-28,0.0,0.0,0.0,0,0,0,0.0,0.0
2012-10-01,0.0,0.0,0.0,0,0,0,0.0,0.0
2012-10-02,0.0,0.0,0.0,0,0,0,0.0,0.0
2012-10-03,0.0,0.0,0.0,0,0,0,0.0,0.0
2012-10-04,0.0,0.0,0.0,0,0,0,0.0,0.0
2012-10-05,0.0,0.0,0.0,0,0,0,0.0,0.0
2012-10-09,0.0,0.0,0.0,0,0,0,0.0,0.0
2012-10-10,0.0,0.0,0.0,0,0,0,0.0,0.0
2012-10-11,0.0,0.0,0.0,0,0,0,0.0,0.0
2012-10-12,0.0,0.0,0.0,0,0,0,0.0,0.0
2012-10-15,0.0,0.0,0.0,0,0,0,0.0,0.0
2012-10-16,0.0,0.0,0.0,0,0,0,0.0,0.0
2012-10-17,0.0,0.0,0.0,0,0,0,0.0,0.0
2012-10-18,0.0,0.0,0.0,0,0,0,0.0,0.0
2012-10-19,0.0,0.0,0.0,0,0,0,0.0,0.0
2012-10-22,0.0,0.0,0.0,0,0,0,0.0,0.0
2012-10-23,0.0,0.0,0.0,0,0,0,0.0,0.0
2012-10-24,0.0,0.0,0.0,0,0,0,0.0,0.0
2012-10-25,0.0,0.0,0.0,0,0,0,0.0,0.0
2012-10-26,0.0,0.0,0.0,0,0,0,0.0,0.0
2012-10-29,0.0,0.0,0.0,0,0,0,0.0,0.0
2012-10-30,0.0,0.0,0.0,0,0,0,0.0,0.0
2012-10-31,0.0,0.0,0.0,0,0,0,0.0,0.0
2012-11-01,0.0,0.0,0.0,0,0,0,0.0,0.0
2012-11-02,0.0,0.0,0.0,0,0,0,0.0,0.0
2012-11-05,0.0,0.0,0.0,0,0,0,0.0,0.0
2012-11-06,0.0,0.0,0.0,0,0,0,0.0,0.0
2012-11-07,0.0,0.0,0.0,0,0,0,0.0,0.0
2012-11-08,0.0,0.0,0.0,0,0,0,0.0,0.0
2012-11-09,0.0,0.0,0.0,0,0,0,0.0,0.0
2012-11-13,0.0,0.0,0.0,0,0,0,0.0,0.0
2012-11-14,0.0,0.0,0.0,0,0,0,0.0,0.0
2012-11-15,0.0,0.0,0.0,0,0,0,0.0,0.0
2012-11-16,0.0,0.0,0.0,0,0,0,0.0,0.0
2012-11-19,0.0,0.0,0.0,0,0,0,0.0,0.0
2012-11-20,0.0,0.0,0.0,0,0,0,0.0,0.0
2012-11-21,0.0,0.0,0.0,0,0,0,0.0,0.0
2012-11-23,0.0,0.0,0.0,0,0,0,0.0,0.0
2012-11-26,0.0,0.0,0.0,0,0,0,0.0,0.0
2012-11-27,0.0,0.0,0.0,0,0,0,0.0,0.0
2012-11-28,0.0,0.0,0.0,0,0,0,0.0,0.0
2012-11-29,0.0,0.0,0.0,0,0,0,0.0,0.0
2012-11-30,0.0,0.0,0.0,0,0,0,0.0,0.0
2012-12-03,0.0,0.0,0.0,0,0,0,0.0,0.0
2012-12-04,0.0,0.0,0.0,0,0,0,0.0,0.0
2012-12-05,0.0,0.0,0.0,0,0,0,0.0,0.0
2012-12-06,0.0,0.0,0.0,0,0,0,0.0,0.0
2012-12-07,0.0,0.0,0.0,0,0,0,0.0,0.0
2012-12-10,0.0,0.0,0.0,0,0,0,0.0,0.0
2012-12-11,0.0,0.0,0.0,0,0,0,0.0,0.0
2012-12-12,0.0,0.0,0.0,0,0,0,0.0,0.0
2012-12-13,0.0,0.0,0.0,0,0,0,0.0,0.0
2012-12-14,0.0,0.0,0.0,0,0,0,0.0,0.0
2012-12-17,0.0,0.0,0.0,0,0,0,0.0,0.0
2012-12-18,0.0,0.0,0.0,0,0,0,0.0,0.0
2012-12-19,0.0,0.0,0.0,0,0,0,0.0,0.0
2012-12-20,0.0,0.0,0.0,0,0,0,0.0,0.0
2012-12-21,0.0,0.0,0.0,0,0,0,0.0,0.0
2012-12-24,0.0,0.0,0.0,0,0,0,0.0,0.0
2012-12-26,0.0,0.0,0.0,0,0,0,0.0,0.0
2012-12-27,0.0,0.0,0.0,0,0,0,0.0,0.0
2012-12-28,0.0,0.0,0.0,0,0,0,0.0,0.0
2012-12-31,0.0,0.0,0.0,0,0,0,0.0,0.0
2013-01-02,0.0,0.0,0.0,0,0,0,0.0,0.0
2013-01-03,0.0,0.0,0.0,0,0,0,0.0,0.0
2013-01-04,0.0,0.0,0.0,0,0,0,0.0,0.0
2013-01-07,0.0,0.0,0.0,0,0,0,0.0,0.0
2013-01-08,0.0,0.0,0.0,0,0,0,0.0,0.0
2013-01-09,0.0,0.0,0.0,0,0,0,0.0,0.0
2013-01-10,0.0,0.0,0.0,0,0,0,0.0,0.0
2013-01-11,0.0,0.0,0.0,0,0,0,0.0,0.0
2013-01-14,0.0,0.0,0.0,0,0,0,0.0,0.0
2013-01-15,0.0,0.0,0.0,0,0,0,0.0,0.0
2013-01-16,0.0,0.0,0.0,0,0,0,0.0,0.0
2013-01-17,0.0,0.0,0.0,0,0,0,0.0,0.0
2013-01-18,0.0,0.0,0.0,0,0,0,0.0,0.0
2013-01-22,0.0,0.0,0.0,0,0,0,0.0,0.0
2013-01-23,0.0,0.0,0.0,0,0,0,0.0,0.0
2013-01-24,0.0,0.0,0.0,0,0,0,0.0,0.0
2013-01-25,0.0,0.0,0.0,0,0,0,0.0,0.0
2013-01-28,0.0,0.0,0.0,0,0,0,0.0,0.0
2013-01-29,0.0,0.0,0.0,0,0,0,0.0,0.0
2013-01-30,0.0,0.0,0.0,0,0,0,0.0,0.0
2013-01-31,0.0,0.0,0.0,0,0,0,0.0,0.0
2013-02-01,0.0,0.0,0.0,0,0,0,0.0,0.0
2013-02-04,0.0,0.0,0.0,0,0,0,0.0,0.0
2013-02-05,0.0,0.0,0.0,0,0,0,0.0,0.0
2013-02-06,0.0,0.0,0.0,0,0,0,0.0,0.0
2013-02-07,0.0,0.0,0.0,0,0,0,0.0,0.0
2013-02-08,0.0,0.0,0.0,0,0,0,0.0,0.0
2013-02-11,0.0,0.0,0.0,0,0,0,0.0,0.0
2013-02-12,0.0,0.0,0.0,0,0,0,0.0,0.0
2013-02-13,0.0,0.0,0.0,0,0,0,0.0,0.0
2013-02-14,0.0,0.0,0.0,0,0,0,0.0,0.0
2013-02-15,0.0,0.0,0.0,0,0,0,0.0,0.0
2013-02-19,0.0,0.0,0.0,0,0,0,0.0,0.0
2013-02-20,0.0,0.0,0.0,0,0,0,0.0,0.0
2013-02-21,0.0,0.0,0.0,0,0,0,0.0,0.0
2013-02-22,0.0,0.0,0.0,0,0,0,0.0,0.0
2013-02-25,0.0,0.0,0.0,0,0,0,0.0,0.0
2013-02-26,0.0,0.0,0.0,0,0,0,0.0,0.0
2013-02-27,0.0,0.0,0.0,0,0,0,0.0,0.0
2013-02-28,0.0,0.0,0.0,0,0,0,0.0,0.0
2013-03-01,0.0,0.0,0.0,0,0,0,0.0,0.0
2013-03-04,0.0,0.0,0.0,0,0,0,0.0,0.0
2013-03-05,0.0,0.0,0.0,0,0,0,0.0,0.0
2013-03-06,0.0,0.0,0.0,0,0,0,0.0,0.0
2013-03-07,0.0,0.0,0.0,0,0,0,0.0,0.0
2013-03-08,0.0,0.0,0.0,0,0,0,0.0,0.0
2013-03-11,0.0,0.0,0.0,0,0,0,0.0,0.0
2013-03-12,0.0,0.0,0.0,0,0,0,0.0,0.0
2013-03-13,0.0,0.0,0.0,0,0,0,0.0,0.0
2013-03-14,0.0,0.0,0.0,0,0,0,0.0,0.0
2013-03-15,0.0,0.0,0.0,0,0,0,0.0,0.0
2013-03-18,0.0,0.0,0.0,0,0,0,0.0,0.0
2013-03-19,0.0,0.0,0.0,0,0,0,0.0,0.0
2013-03-20,0.0,0.0,0.0,0,0,0,0.0,0.0
2013-03-21,0.0,0.0,0.0,0,0,0,0.0,0.0
2013-03-22,0.0,0.0,0.0,0,0,0,0.0,0.0
2013-03-25,0.0,0.0,0.0,0,0,0,0.0,0.0
2013-03-26,0.0,0.0,0.0,0,0,0,0.0,0.0
2013-03-27,0.0,0.0,0.0,0,0,0,0.0,0.0
2013-03-28,0.0,0.0,0.0,0,0,0,0.0,0.0
2013-03-29,0.0,0.0,0.0,0,0,0,0.0,0.0
2013-04-01,0.0,0.0,0.0,0,0,0,0.0,0.0
2013-04-02,0.0,0.0,0.0,0,0,0,0.0,0.0
2013-04-03,0.0,0.0,0.0,0,0,0,0.0,0.0
2013-04-04,0.0,0.0,0.0,0,0,0,0.0,0.0
2013-04-05,0.0,0.0,0.0,0,0,0,0.0,0.0
2013-04-08,0.0,0.0,0.0,0,0,0,0.0,0.0
2013-04-09,0.0,0.0,0.0,0,0,0,0.0,0.0
2013-04-10,0.0,0.0,0.0,0,0,0,0.0,0.0
2013-04-11,0.0,0.0,0.0,0,0,0,0.0,0.0
2013-04-12,0.0,0.0,0.0,0,0,0,0.0,0.0
2013-04-15,0.0,0.0,0.0,0,0,0,0.0,0.0
2013-04-16,0.0,0.0,0.0,0,0,0,0.0,0.0
2013-04-17,0.0,0.0,0.0,0,0,0,0.0,0.0
2013-04-18,0.0,0.0,0.0,0,0,0,0.0,0.0
2013-04-19,0.0,0.0,0.0,0,0,0,0.0,0.0
2013-04-22,0.0,0.0,0.0,0,0,0,0.0,0.0
2013-04-23,0.0,0.0,0.0,0,0,0,0.0,0.0
2013-04-24,0.0,0.0,0.0,0,0,0,0.0,0.0
2013-04-25,0.0,0.0,0.0,0,0,0,0.0,0.0
2013-04-26,0.0,0.0,0.0,0,0,0,0.0,0.0
2013-04-29,0.0,0.0,0.0,0,0,0,0.0,0.0
2013-04-30,0.0,0.0,0.0,0,0,0,0.0,0.0
2013-05-01,0.0,0.0,0.0,0,0,0,0.0,0.0
2013-05-02,0.0,0.0,0.0,0,0,0,0.0,0.0
2013-05-03,0.0,0.0,0.0,0,0,0,0.0,0.0
2013-05-06,0.0,0.0,0.0,0,0,0,0.0,0.0
2013-05-07,0.0,0.0,0.0,0,0,0,0.0,0.0
2013-05-08,0.0,0.0,0.0,0,0,0,0.0,0.0
2013-05-09,0.0,0.0,0.0,0,0,0,0.0,0.0
2013-05-10,0.0,0.0,0.0,0,0,0,0.0,0.0
2013-05-13,0.0,0.0,0.0,0,0,0,0.0,0.0
2013-05-14,0.0,0.0,0.0,0,0,0,0.0,0.0
2013-05-15,0.0,0.0,0.0,0,0,0,0.0,0.0
2013-05-16,0.0,0.0,0.0,0,0,0,0.0,0.0
2013-05-17,0.0,0.0,0.0,0,0,0,0.0,0.0
2013-05-20,0.0,0.0,0.0,0,0,0,0.0,0.0
2013-05-21,0.0,0.0,0.0,0,0,0,0.0,0.0
2013-05-22,0.0,0.0,0.0,0,0,0,0.0,0.0
2013-05-23,0.0,0.0,0.0,0,0,0,0.0,0.0
2013-05-24,0.0,0.0,0.0,0,0,0,0.0,0.0
2013-05-28,0.0,0.0,0.0,0,0,0,0.0,0.0
2013-05-29,0.0,0.0,0.0,0,0,0,0.0,0.0
2013-05-30,0.0,0.0,0.0,0,0,0,0.0,0.0
2013-05-31,0.0,0.0,0.0,0,0,0,0.0,0.0
2013-06-03,0.0,0.0,0.0,0,0,0,0.0,0.0
2013-06-04,0.0,0.0,0.0,0,0,0,0.0,0.0
2013-06-05,0.0,0.0,0.0,0,0,0,0.0,0.0
2013-06-06,0.0,0.0,0.0,0,0,0,0.0,0.0
2013-06-07,0.0,0.0,0.0,0,0,0,0.0,0.0
2013-06-10,0.0,0.0,0.0,0,0,0,0.0,0.0
2013-06-11,0.0,0.0,0.0,0,0,0,0.0,0.0
2013-06-12,0.0,0.0,0.0,0,0,0,0.0,0.0
2013-06-13,0.0,0.0,0.0,0,0,0,0.0,0.0
2013-06-14,0.0,0.0,0.0,0,0,0,0.0,0.0
2013-06-17,0.0,0.0,0.0,0,0,0,0.0,0.0
2013-06-18,0.0,0.0,0.0,0,0,0,0.0,0.0
2013-06-19,0.0,0.0,0.0,0,0,0,0.0,0.0
2013-06-20,0.0,0.0,0.0,0,0,0,0.0,0.0
2013-06-21,0.0,0.0,0.0,0,0,0,0.0,0.0
2013-06-24,0.0,0.0,0.0,0,0,0,0.0,0.0
2013-06-25,0.0,0.0,0.0,0,0,0,0.0,0.0
2013-06-26,0.0,0.0,0.0,0,0,0,0.0,0.0
2013-06-27,0.0,0.0,0.0,0,0,0,0.0,0.0
2013-06-28,0.0,0.0,0.0,0,0,0,0.0,0.0
2013-07-01,0.0,0.0,0.0,0,0,0,0.0,0.0
2013-07-02,0.0,0.0,0.0,0,0,0,0.0,0.0
2013-07-03,0.0,0.0,0.0,0,0,0,0.0,0.0
2013-07-05,0.0,0.0,0.0,0,0,0,0.0,0.0
2013-07-08,0.0,0.0,0.0,0,0,0,0.0,0.0
2013-07-09,0.0,0.0,0.0,0,0,0,0.0,0.0
2013-07-10,0.0,0.0,0.0,0,0,0,0.0,0.0
2013-07-11,0.0,0.0,0.0,0,0,0,0.0,0.0
2013-07-12,0.0,0.0,0.0,0,0,0,0.0,0.0
2013-07-15,0.0,0.0,0.0,0,0,0,0.0,0.0
2013-07-16,0.0,0.0,0.0,0,0,0,0.0,0.0
2013-07-17,0.0,0.0,0.0,0,0,0,0.0,0.0
2013-07-18,0.0,0.0,0.0,0,0,0,0.0,0.0
2013-07-19,0.0,0.0,0.0,0,0,0,0.0,0.0
2013-07-22,0.0,0.0,0.0,0,0,0,0.0,0.0
2013-07-23,0.0,0.0,0.0,0,0,0,0.0,0.0
2013-07-24,0.0,0.0,0.0,0,0,0,0.0,0.0
2013-07-25,0.0,0.0,0.0,0,0,0,0.0,0.0
2013-07-26,0.0,0.0,0.0,0,0,0,0.0,0.0
2013-07-29,0.0,0.0,0.0,0,0,0,0.0,0.0
2013-07-30,0.0,0.0,0.0,0,0,0,0.0,0.0
2013-07-31,0.0,0.0,0.0,0,0,0,0.0,0.0
2013-08-01,0.0,0.0,0.0,0,0,0,0.0,0.0
2013-08-02,0.0,0.0,0.0,0,0,0,0.0,0.0
2013-08-05,0.0,0.0,0.0,0,0,0,0.0,0.0
2013-08-06,0.0,0.0,0.0,0,0,0,0.0,0.0
2013-08-07,0.0,0.0,0.0,0,0,0,0.0,0.0
2013-08-08,0.0,0.0,0.0,0,0,0,0.0,0.0
2013-08-09,0.0,0.0,0.0,0,0,0,0.0,0.0
2013-08-12,0.0,0.0,0.0,0,0,0,0.0,0.0
2013-08-13,0.0,0.0,0.0,0,0,0,0.0,0.0
2013-08-14,0.0,0.0,0.0,0,0,0,0.0,0.0
2013-08-15,0.0,0.0,0.0,0,0,0,0.0,0.0
2013-08-16,0.0,0.0,0.0,0,0,0,0.0,0.0
2013-08-19,0.0,0.0,0.0,0,0,0,0.0,0.0
2013-08-20,0.0,0.0,0.0,0,0,0,0.0,0.0
2013-08-21,0.0,0.0,0.0,0,0,0,0.0,0.0
2013-08-22,0.0,0.0,0.0,0,0,0,0.0,0.0
2013-08-23,0.0,0.0,0.0,0,0,0,0.0,0.0
2013-08-26,0.0,0.0,0.0,0,0,0,0.0,0.0
2013-08-27,0.0,0.0,0.0,0,0,0,0.0,0.0
2013-08-28,0.0,0.0,0.0,0,0,0,0.0,0.0
2013-08-29,0.0,0.0,0.0,0,0,0,0.0,0.0
2013-08-30,0.0,0.0,0.0,0,0,0,0.0,0.0
2013-09-03,0.0,0.0,0.0,0,0,0,0.0,0.0
2013-09-04,0.0,0.0,0.0,0,0,0,0.0,0.0
2013-09-05,0.0,0.0,0.0,0,0,0,0.0,0.0
2013-09-06,0.0,0.0,0.0,0,0,0,0.0,0.0
2013-09-09,0.0,0.0,0.0,0,0,0,0.0,0.0
2013-09-10,0.0,0.0,0.0,0,0,0,0.0,0.0
2013-09-11,0.0,0.0,0.0,0,0,0,0.0,0.0
2013-09-12,0.0,0.0,0.0,0,0,0,0.0,0.0
2013-09-13,0.0,0.0,0.0,0,0,0,0.0,0.0
2013-09-16,0.0,0.0,0.0,0,0,0,0.0,0.0
2013-09-17,0.0,0.0,0.0,0,0,0,0.0,0.0
2013-09-18,0.0,0.0,0.0,0,0,0,0.0,0.0
2013-09-19,0.0,0.0,0.0,0,0,0,0.0,0.0
2013-09-20,0.0,0.0,0.0,0,0,0,0.0,0.0
2013-09-23,0.0,0.0,0.0,0,0,0,0.0,0.0
2013-09-24,0.0,0.0,0.0,0,0,0,0.0,0.0
2013-09-25,0.0,0.0,0.0,0,0,0,0.0,0.0
2013-09-26,0.0,0.0,0.0,0,0,0,0.0,0.0
2013-09-27,0.0,0.0,0.0,0,0,0,0.0,0.0
2013-09-30,0.0,0.0,0.0,0,0,0,0.0,0.0
2013-10-01,0.0,0.0,0.0,0,0,0,0.0,0.0
2013-10-02,0.0,0.0,0.0,0,0,0,0.0,0.0
2013-10-03,0.0,0.0,0.0,0,0,0,0.0,0.0
2013-10-04,0.0,0.0,0.0,1,0,0,0.0,0.0
2013-10-07,0.0,0.0,0.0,1,0,0,0.0,0.0
2013-10-08,0.0,0.0,0.0,1,0,0,0.0,0.0
2013-10-09,0.0,0.0,0.0,1,0,0,0.0,0.0
2013-10-10,0.0,0.0,0.0,1,0,0,0.0,0.0
2013-10-11,0.0,0.0,0.0,1,0,0,0.0,0.0
2013-10-15,0.0,0.0,0.0,1,0,0,0.0,0.0
2013-10-16,0.0,0.0,0.0,1,0,0,0.0,0.0
2013-10-17,0.0,0.0,0.0,1,0,0,0.0,0.0
2013-10-18,0.0,0.0,0.0,1,0,0,0.0,0.0
2013-10-21,0.0,0.0,0.0,1,0,0,0.0,0.0
2013-10-22,0.0,0.0,0.0,1,0,0,0.0,0.0
2013-10-23,0.0,0.0,0.0,1,0,0,0.0,0.0
2013-10-24,0.0,0.0,0.0,1,0,0,0.0,0.0
2013-10-25,0.0,0.0,0.0,1,0,0,0.0,0.0
2013-10-28,0.0,0.0,0.0,1,0,0,0.0,0.0
2013-10-29,0.0,0.0,0.0,1,0,0,0.0,0.0
2013-10-30,0.0,0.0,0.0,1,0,0,0.0,0.0
2013-10-31,0.0,0.0,0.0,1,0,0,0.0,0.0
2013-11-01,0.0,0.0,0.0,1,0,0,0.0,0.0
2013-11-04,0.0,0.0,0.0,1,0,0,0.0,0.0
2013-11-05,0.0,0.0,0.0,1,0,0,0.0,0.0
2013-11-06,0.0,0.0,0.0,1,0,0,0.0,0.0
2013-11-07,0.0,0.0,0.0,1,0,0,0.0,0.0
2013-11-08,0.0,0.0,0.0,1,0,0,0.0,0.0
2013-11-12,0.0,0.0,0.0,1,0,0,0.0,0.0
2013-11-13,0.0,0.0,0.0,1,0,0,0.0,0.0
2013-11-14,0.0,0.0,0.0,1,0,0,0.0,0.0
2013-11-15,0.0,0.0,0.0,1,0,0,0.0,0.0
2013-11-18,0.0,0.0,0.0,1,0,0,0.0,0.0
2013-11-19,0.0,0.0,0.0,1,0,0,0.0,0.0
2013-11-20,0.0,0.0,0.0,1,0,0,0.0,0.0
2013-11-21,0.0,0.0,0.0,1,0,0,0.0,0.0
2013-11-22,0.0,0.0,0.0,1,0,0,0.0,0.0
2013-11-25,0.0,0.0,0.0,1,0,0,0.0,0.0
2013-11-26,0.0,0.0,0.0,1,0,0,0.0,0.0
2013-11-27,0.0,0.0,0.0,1,0,0,0.0,0.0
2013-11-29,0.0,0.0,0.0,1,0,0,0.0,0.0
2013-12-02,0.0,0.0002,-0.0002,1,1,1,-0.0002,0.0
2013-12-03,-0.0009565498329204341,0.0,-0.0009565498329204341,1,1,1,-0.0011565498329204342,-0.0009565498329204341
2013-12-04,0.0014890787840060786,0.0,0.0014890787840060786,1,1,1,0.0003325289510856444,0.0005325289510856445
2013-12-05,0.0034876276679482077,0.0,0.0034876276679482077,1,1,1,0.003820156619033852,0.004020156619033852
2013-12-06,0.0007177084392631484,0.0,0.0007177084392631484,1,1,1,0.004537865058297,0.004737865058297001
2013-12-09,-0.0023991986079946862,0.0,-0.0023991986079946862,1,1,1,0.002138666450302314,0.0023386664503023146
2013-12-10,7.785694629166358e-05,0.0,7.785694629166358e-05,1,1,1,0.002216523396593978,0.0024165233965939784
2013-12-11,0.0022591171669465344,0.0,0.0022591171669465344,1,1,1,0.004475640563540512,0.004675640563540513
2013-12-12,0.0014945155205810677,0.0,0.0014945155205810677,1,1,1,0.00597015608412158,0.006170156084121581
2013-12-13,0.0006873721610840611,0.0,0.0006873721610840611,1,1,1,0.006657528245205642,0.006857528245205642
2013-12-16,0.00011203917781655573,0.0,0.00011203917781655573,1,1,1,0.006769567423022198,0.006969567423022198
2013-12-17,0.002120797457617782,0.0,0.002120797457617782,1,1,1,0.008890364880639979,0.009090364880639981
2013-12-18,-0.005159700164670071,0.00020119278122775205,-0.005360892945897823,1,0,0,0.0035294719347421562,0.0039306647159699105
2013-12-19,0.0,0.0,0.0,1,0,0,0.0035294719347421562,0.0039306647159699105
2013-12-20,0.0,0.0,0.0,1,0,0,0.0035294719347421562,0.0039306647159699105
2013-12-23,0.0,0.0,0.0,1,0,0,0.0035294719347421562,0.0039306647159699105
2013-12-24,0.0,0.0,0.0,1,0,0,0.0035294719347421562,0.0039306647159699105
2013-12-26,0.0,0.0,0.0,1,0,0,0.0035294719347421562,0.0039306647159699105
2013-12-27,0.0,0.0,0.0,1,0,0,0.0035294719347421562,0.0039306647159699105
2013-12-30,0.0,0.0,0.0,1,0,0,0.0035294719347421562,0.0039306647159699105
2013-12-31,0.0,0.0,0.0,1,0,0,0.0035294719347421562,0.0039306647159699105
2014-01-02,0.0,0.0002,-0.0002,1,1,1,0.003329471934742156,0.0039306647159699105
2014-01-03,-0.0007032818981862307,0.0,-0.0007032818981862307,1,1,1,0.0026261900365559254,0.0032273828177836797
2014-01-06,0.0011318999726286838,0.0,0.0011318999726286838,1,1,1,0.003758090009184609,0.004359282790412363
2014-01-07,-0.0007211103675531336,0.00019958071253711905,-0.0009206910800902526,1,0,0,0.0028373989290943567,0.0036381724228592297
2014-01-08,0.0,0.0,0.0,1,0,0,0.0028373989290943567,0.0036381724228592297
2014-01-09,0.0,0.0,0.0,1,0,0,0.0028373989290943567,0.0036381724228592297
2014-01-10,0.0,0.0,0.0,1,0,0,0.0028373989290943567,0.0036381724228592297
2014-01-13,0.0,0.0,0.0,1,0,0,0.0028373989290943567,0.0036381724228592297
2014-01-14,0.0,0.0,0.0,1,0,0,0.0028373989290943567,0.0036381724228592297
2014-01-15,0.0,0.0,0.0,1,0,0,0.0028373989290943567,0.0036381724228592297
2014-01-16,0.0,0.0,0.0,1,0,0,0.0028373989290943567,0.0036381724228592297
2014-01-17,0.0,0.0,0.0,1,0,0,0.0028373989290943567,0.0036381724228592297
2014-01-21,0.0,0.0,0.0,1,0,0,0.0028373989290943567,0.0036381724228592297
2014-01-22,0.0,0.0,0.0,1,0,0,0.0028373989290943567,0.0036381724228592297
2014-01-23,0.0,0.0002,-0.0002,1,1,1,0.0026373989290943566,0.0036381724228592297
2014-01-24,0.004965446248850469,0.0,0.004965446248850469,1,1,1,0.007602845177944826,0.008603618671709699
2014-01-27,-0.004058891746985653,0.0,-0.004058891746985653,1,1,1,0.0035439534309591727,0.004544726924724045
2014-01-28,-8.92574160889616e-05,0.0,-8.92574160889616e-05,1,1,1,0.003454696014870211,0.004455469508635084
2014-01-29,0.0008349942946923995,0.0,0.0008349942946923995,1,1,1,0.0042896903095626104,0.005290463803327483
2014-01-30,0.0003934605838899234,0.0,0.0003934605838899234,1,1,1,0.004683150893452534,0.0056839243872174065
2014-01-31,0.00046395345984810146,0.0,0.00046395345984810146,1,1,1,0.005147104353300635,0.0061478778470655075
2014-02-03,0.00636702182672931,0.0,0.00636702182672931,1,1,1,0.011514126180029945,0.012514899673794818
2014-02-04,-5.0881204646925995e-05,0.00019663242244779037,-0.00024751362709471636,1,0,0,0.01126661255293523,0.012464018469147893
2014-02-05,0.0,0.0,0.0,1,0,0,0.01126661255293523,0.012464018469147893
2014-02-06,0.0,0.0,0.0,1,0,0,0.01126661255293523,0.012464018469147893
2014-02-07,0.0,0.0,0.0,1,0,0,0.01126661255293523,0.012464018469147893
2014-02-10,0.0,0.0,0.0,1,0,0,0.01126661255293523,0.012464018469147893
2014-02-11,0.0,0.0,0.0,1,0,0,0.01126661255293523,0.012464018469147893
2014-02-12,0.0,0.0,0.0,1,0,0,0.01126661255293523,0.012464018469147893
2014-02-13,0.0,0.0,0.0,1,0,0,0.01126661255293523,0.012464018469147893
2014-02-14,0.0,0.0002,-0.0002,1,1,1,0.011066612552935229,0.012464018469147893
2014-02-18,0.003199185130284693,0.0,0.003199185130284693,1,1,1,0.014265797683219922,0.015663203599432587
2014-02-19,-0.000712072925531823,0.0,-0.000712072925531823,1,1,1,0.0135537247576881,0.014951130673900765
2014-02-20,0.0015091056779584877,0.0,0.0015091056779584877,1,1,1,0.015062830435646588,0.016460236351859253
2014-02-21,0.0010719655312445887,0.0,0.0010719655312445887,1,1,1,0.016134795966891175,0.01753220188310384
2014-02-24,6.348194118449709e-05,0.0,6.348194118449709e-05,1,1,1,0.01619827790807567,0.017595683824288336
2014-02-25,-0.002148112887881743,0.0,-0.002148112887881743,1,1,1,0.014050165020193928,0.015447570936406594
2014-02-26,0.00019991787273937814,0.0,0.00019991787273937814,1,1,1,0.014250082892933306,0.015647488809145974
2014-02-27,-0.0005759981403694009,0.0,-0.0005759981403694009,1,1,1,0.013674084752563905,0.015071490668776572
2014-02-28,-0.0004950556709126233,0.0,-0.0004950556709126233,1,1,1,0.013179029081651281,0.014576434997863949
2014-03-03,0.0006042220364797734,0.0,0.0006042220364797734,1,1,1,0.013783251118131055,0.015180657034343722
2014-03-04,0.0012023154041523015,0.0,0.0012023154041523015,1,1,1,0.014985566522283356,0.016382972438496023
2014-03-05,-0.002540086439059251,0.0,-0.002540086439059251,1,1,1,0.012445480083224105,0.013842885999436772
2014-03-06,0.002043597593707819,0.0,0.002043597593707819,1,1,1,0.014489077676931923,0.015886483593144592
2014-03-07,0.0011290202653817397,0.0,0.0011290202653817397,1,1,1,0.015618097942313662,0.01701550385852633
2014-03-10,0.004028692719292596,0.0,0.004028692719292596,1,1,1,0.01964679066160626,0.021044196577818926
2014-03-11,-4.067220659701901e-05,0.00019992907188698224,-0.00024060127848400125,1,0,0,0.01940618938312226,0.021003524371221906
2014-03-12,0.0,0.0,0.0,1,0,0,0.01940618938312226,0.021003524371221906
2014-03-13,0.0,0.0,0.0,1,0,0,0.01940618938312226,0.021003524371221906
2014-03-14,0.0,0.0,0.0,1,0,0,0.01940618938312226,0.021003524371221906
2014-03-17,0.0,0.0,0.0,1,0,0,0.01940618938312226,0.021003524371221906
2014-03-18,0.0,0.0,0.0,1,0,0,0.01940618938312226,0.021003524371221906
2014-03-19,0.0,0.0,0.0,1,0,0,0.01940618938312226,0.021003524371221906
2014-03-20,0.0,0.0,0.0,1,0,0,0.01940618938312226,0.021003524371221906
2014-03-21,0.0,0.0,0.0,1,0,0,0.01940618938312226,0.021003524371221906
2014-03-24,0.0,0.0,0.0,1,0,0,0.01940618938312226,0.021003524371221906
2014-03-25,0.0,0.0,0.0,1,0,0,0.01940618938312226,0.021003524371221906
2014-03-26,0.0,0.0,0.0,1,0,0,0.01940618938312226,0.021003524371221906
2014-03-27,0.0,0.0,0.0,1,0,0,0.01940618938312226,0.021003524371221906
2014-03-28,0.0,0.0,0.0,1,0,0,0.01940618938312226,0.021003524371221906
2014-03-31,0.0,0.0,0.0,1,0,0,0.01940618938312226,0.021003524371221906
2014-04-01,0.0,0.0,0.0,1,0,0,0.01940618938312226,0.021003524371221906
2014-04-02,0.0,0.0,0.0,1,0,0,0.01940618938312226,0.021003524371221906
2014-04-03,0.0,0.0,0.0,1,0,0,0.01940618938312226,0.021003524371221906
2014-04-04,0.0,0.0,0.0,1,0,0,0.01940618938312226,0.021003524371221906
2014-04-07,0.0,0.0,0.0,1,0,0,0.01940618938312226,0.021003524371221906
2014-04-08,0.0,0.0,0.0,1,0,0,0.01940618938312226,0.021003524371221906
2014-04-09,0.0,0.0,0.0,1,0,0,0.01940618938312226,0.021003524371221906
2014-04-10,0.0,0.0,0.0,1,0,0,0.01940618938312226,0.021003524371221906
2014-04-11,0.0,0.0,0.0,1,0,0,0.01940618938312226,0.021003524371221906
2014-04-14,0.0,0.0,0.0,1,0,0,0.01940618938312226,0.021003524371221906
2014-04-15,0.0,0.0,0.0,1,0,0,0.01940618938312226,0.021003524371221906
2014-04-16,0.0,0.0,0.0,1,0,0,0.01940618938312226,0.021003524371221906
2014-04-17,0.0,0.0,0.0,1,0,0,0.01940618938312226,0.021003524371221906
2014-04-18,0.0,0.0,0.0,1,0,0,0.01940618938312226,0.021003524371221906
2014-04-21,0.0,0.0,0.0,1,0,0,0.01940618938312226,0.021003524371221906
2014-04-22,0.0,0.0,0.0,1,0,0,0.01940618938312226,0.021003524371221906
2014-04-23,0.0,0.0,0.0,1,0,0,0.01940618938312226,0.021003524371221906
2014-04-24,0.0,0.0,0.0,1,0,0,0.01940618938312226,0.021003524371221906
2014-04-25,0.0,0.0,0.0,1,0,0,0.01940618938312226,0.021003524371221906
2014-04-28,0.0,0.0,0.0,1,0,0,0.01940618938312226,0.021003524371221906
2014-04-29,0.0,0.0,0.0,1,0,0,0.01940618938312226,0.021003524371221906
2014-04-30,0.0,0.0,0.0,1,0,0,0.01940618938312226,0.021003524371221906
2014-05-01,0.0,0.0,0.0,1,0,0,0.01940618938312226,0.021003524371221906
2014-05-02,0.0,0.0,0.0,1,0,0,0.01940618938312226,0.021003524371221906
2014-05-05,0.0,0.0,0.0,1,0,0,0.01940618938312226,0.021003524371221906
2014-05-06,0.0,0.0,0.0,1,0,0,0.01940618938312226,0.021003524371221906
2014-05-07,0.0,0.0002,-0.0002,1,1,1,0.01920618938312226,0.021003524371221906
2014-05-08,-0.0003253270321042701,0.0,-0.0003253270321042701,1,1,1,0.01888086235101799,0.020678197339117636
2014-05-09,0.001729135702203997,0.0,0.001729135702203997,1,1,1,0.020609998053221987,0.02240733304132163
2014-05-12,-0.0009798575480122911,0.0,-0.0009798575480122911,1,1,1,0.019630140505209694,0.02142747549330934
2014-05-13,0.0003568694175031214,0.0,0.0003568694175031214,1,1,1,0.019987009922712816,0.02178434491081246
2014-05-14,0.0023416689519423634,0.0,0.0023416689519423634,1,1,1,0.02232867887465518,0.024126013862754824
2014-05-15,-0.00035166083657512477,0.0,-0.00035166083657512477,1,1,1,0.021977018038080054,0.0237743530261797
2014-05-16,-0.0015997759982346474,0.0,-0.0015997759982346474,1,1,1,0.020377242039845405,0.02217457702794505
2014-05-19,0.00039236694552636847,0.0,0.00039236694552636847,1,1,1,0.020769608985371772,0.022566943973471417
2014-05-20,-0.001335651816399929,0.0,-0.001335651816399929,1,1,1,0.01943395716897184,0.021231292157071487
2014-05-21,-0.0019011010663818372,0.0,-0.0019011010663818372,1,1,1,0.017532856102590005,0.01933019109068965
2014-05-22,0.00035166843496826764,0.0,0.00035166843496826764,1,1,1,0.017884524537558275,0.01968185952565792
2014-05-23,0.0010040337289099876,0.0,0.0010040337289099876,1,1,1,0.018888558266468264,0.020685893254567905
2014-05-27,0.000619926048615499,0.0,0.000619926048615499,1,1,1,0.019508484315083764,0.021305819303183406
2014-05-28,0.0033595943987235455,0.0,0.0033595943987235455,1,1,1,0.02286807871380731,0.02466541370190695
2014-05-29,-0.0002255604996702586,0.0,-0.0002255604996702586,1,1,1,0.02264251821413705,0.02443985320223669
2014-05-30,-0.0011420461762501476,0.0,-0.0011420461762501476,1,1,1,0.0215004720378869,0.023297807025986543
2014-06-02,-0.00040461202000602797,0.0,-0.00040461202000602797,1,1,1,0.021095860017880875,0.022893195005980516
2014-06-03,0.0005143338506187692,0.0,0.0005143338506187692,1,1,1,0.021610193868499643,0.023407528856599285
2014-06-04,0.00011170903644164547,0.0,0.00011170903644164547,1,1,1,0.02172190290494129,0.02351923789304093
2014-06-05,-0.0019775964223400105,0.0,-0.0019775964223400105,1,1,1,0.019744306482601278,0.02154164147070092
2014-06-06,0.0005528975327830928,0.0,0.0005528975327830928,1,1,1,0.02029720401538437,0.02209453900348401
2014-06-09,-0.001307035560970516,0.0,-0.001307035560970516,1,1,1,0.018990168454413855,0.020787503442513497
2014-06-10,0.0008803748631180514,0.0,0.0008803748631180514,1,1,1,0.019870543317531908,0.02166787830563155
2014-06-11,-0.0019815784323912408,0.0,-0.0019815784323912408,1,1,1,0.017888964885140666,0.019686299873240307
2014-06-12,-0.0018317751758553551,0.0,-0.0018317751758553551,1,1,1,0.01605718970928531,0.017854524697384952
2014-06-13,-0.004842089421971611,0.0,-0.004842089421971611,1,1,1,0.0112151002873137,0.01301243527541334
2014-06-16,-0.0002531471963432288,0.0,-0.0002531471963432288,1,1,1,0.01096195309097047,0.012759288079070112
2014-06-17,8.80137152039081e-05,0.0,8.80137152039081e-05,1,1,1,0.011049966806174379,0.01284730179427402
2014-06-18,0.0011078012673779725,0.0,0.0011078012673779725,1,1,1,0.012157768073552351,0.013955103061651992
2014-06-19,-0.0027985776248801606,0.0,-0.0027985776248801606,1,1,1,0.00935919044867219,0.011156525436771831
2014-06-20,0.0006856221621687196,0.0,0.0006856221621687196,1,1,1,0.01004481261084091,0.01184214759894055
2014-06-23,0.0002785192814943046,0.0,0.0002785192814943046,1,1,1,0.010323331892335214,0.012120666880434856
2014-06-24,0.001472191837289357,0.0,0.001472191837289357,1,1,1,0.011795523729624571,0.013592858717724213
2014-06-25,0.0004754521281455056,0.0,0.0004754521281455056,1,1,1,0.012270975857770077,0.014068310845869719
2014-06-26,-0.0019519402165983474,0.0,-0.0019519402165983474,1,1,1,0.01031903564117173,0.01211637062927137
2014-06-27,0.0005977408727433956,0.0,0.0005977408727433956,1,1,1,0.010916776513915125,0.012714111502014767
2014-06-30,-0.002491317260571141,0.0,-0.002491317260571141,1,1,1,0.008425459253343984,0.010222794241443626
2014-07-01,-0.001861083953749664,0.0,-0.001861083953749664,1,1,1,0.006564375299594321,0.008361710287693962
2014-07-02,-0.0012894684757673387,0.0,-0.0012894684757673387,1,1,1,0.005274906823826982,0.007072241811926623
2014-07-03,-0.0005121724278490618,0.0,-0.0005121724278490618,1,1,1,0.00476273439597792,0.006560069384077561
2014-07-07,0.0008544158138538733,0.0,0.0008544158138538733,1,1,1,0.005617150209831793,0.0074144851979314344
2014-07-08,0.00036192630361893104,0.00020004708736677467,0.00016187921625215637,1,0,0,0.005779029426083949,0.007776411501550366
2014-07-09,0.0,0.0,0.0,0,0,0,0.005779029426083949,0.007776411501550366
2014-07-10,0.0,0.0,0.0,0,0,0,0.005779029426083949,0.007776411501550366
2014-07-11,0.0,0.0,0.0,0,0,0,0.005779029426083949,0.007776411501550366
2014-07-14,0.0,0.0,0.0,0,0,0,0.005779029426083949,0.007776411501550366
2014-07-15,0.0,0.0,0.0,0,0,0,0.005779029426083949,0.007776411501550366
2014-07-16,0.0,0.0,0.0,0,0,0,0.005779029426083949,0.007776411501550366
2014-07-17,0.0,0.0,0.0,0,0,0,0.005779029426083949,0.007776411501550366
2014-07-18,0.0,0.0,0.0,0,0,0,0.005779029426083949,0.007776411501550366
2014-07-21,0.0,0.0,0.0,0,0,0,0.005779029426083949,0.007776411501550366
2014-07-22,0.0,0.0,0.0,0,0,0,0.005779029426083949,0.007776411501550366
2014-07-23,0.0,0.0,0.0,0,0,0,0.005779029426083949,0.007776411501550366
2014-07-24,0.0,0.0,0.0,0,0,0,0.005779029426083949,0.007776411501550366
2014-07-25,0.0,0.0,0.0,0,0,0,0.005779029426083949,0.007776411501550366
2014-07-28,0.0,0.0,0.0,0,0,0,0.005779029426083949,0.007776411501550366
2014-07-29,0.0,0.0,0.0,0,0,0,0.005779029426083949,0.007776411501550366
2014-07-30,0.0,0.0,0.0,0,0,0,0.005779029426083949,0.007776411501550366
2014-07-31,0.0,0.0,0.0,0,0,0,0.005779029426083949,0.007776411501550366
2014-08-01,0.0,0.0,0.0,0,0,0,0.005779029426083949,0.007776411501550366
2014-08-04,0.0,0.0,0.0,0,0,0,0.005779029426083949,0.007776411501550366
2014-08-05,0.0,0.0,0.0,0,0,0,0.005779029426083949,0.007776411501550366
2014-08-06,0.0,0.0,0.0,0,0,0,0.005779029426083949,0.007776411501550366
2014-08-07,0.0,0.0,0.0,0,0,0,0.005779029426083949,0.007776411501550366
2014-08-08,0.0,0.0,0.0,0,0,0,0.005779029426083949,0.007776411501550366
2014-08-11,0.0,0.0,0.0,0,0,0,0.005779029426083949,0.007776411501550366
2014-08-12,0.0,0.0,0.0,0,0,0,0.005779029426083949,0.007776411501550366
2014-08-13,0.0,0.0,0.0,0,0,0,0.005779029426083949,0.007776411501550366
2014-08-14,0.0,0.0,0.0,0,0,0,0.005779029426083949,0.007776411501550366
2014-08-15,0.0,0.0,0.0,0,0,0,0.005779029426083949,0.007776411501550366
2014-08-18,0.0,0.0,0.0,0,0,0,0.005779029426083949,0.007776411501550366
2014-08-19,0.0,0.0,0.0,0,0,0,0.005779029426083949,0.007776411501550366
2014-08-20,0.0,0.0,0.0,0,0,0,0.005779029426083949,0.007776411501550366
2014-08-21,0.0,0.0,0.0,0,0,0,0.005779029426083949,0.007776411501550366
2014-08-22,0.0,0.0,0.0,0,0,0,0.005779029426083949,0.007776411501550366
2014-08-25,0.0,0.0,0.0,0,0,0,0.005779029426083949,0.007776411501550366
2014-08-26,0.0,0.0,0.0,0,0,0,0.005779029426083949,0.007776411501550366
2014-08-27,0.0,0.0,0.0,0,0,0,0.005779029426083949,0.007776411501550366
2014-08-28,0.0,0.0,0.0,0,0,0,0.005779029426083949,0.007776411501550366
2014-08-29,0.0,0.0,0.0,0,0,0,0.005779029426083949,0.007776411501550366
2014-09-02,0.0,0.0,0.0,0,0,0,0.005779029426083949,0.007776411501550366
2014-09-03,0.0,0.0,0.0,0,0,0,0.005779029426083949,0.007776411501550366
2014-09-04,0.0,0.0,0.0,0,0,0,0.005779029426083949,0.007776411501550366
2014-09-05,0.0,0.0,0.0,0,0,0,0.005779029426083949,0.007776411501550366
2014-09-08,0.0,0.0,0.0,0,0,0,0.005779029426083949,0.007776411501550366
2014-09-09,0.0,0.0,0.0,0,0,0,0.005779029426083949,0.007776411501550366
2014-09-10,0.0,0.0,0.0,0,0,0,0.005779029426083949,0.007776411501550366
2014-09-11,0.0,0.0,0.0,0,0,0,0.005779029426083949,0.007776411501550366
2014-09-12,0.0,0.0,0.0,0,0,0,0.005779029426083949,0.007776411501550366
2014-09-15,0.0,0.0,0.0,0,0,0,0.005779029426083949,0.007776411501550366
2014-09-16,0.0,0.0,0.0,0,0,0,0.005779029426083949,0.007776411501550366
2014-09-17,0.0,0.0,0.0,0,0,0,0.005779029426083949,0.007776411501550366
2014-09-18,0.0,0.0,0.0,0,0,0,0.005779029426083949,0.007776411501550366
2014-09-19,0.0,0.0,0.0,0,0,0,0.005779029426083949,0.007776411501550366
2014-09-22,0.0,0.0,0.0,0,0,0,0.005779029426083949,0.007776411501550366
2014-09-23,0.0,0.0,0.0,0,0,0,0.005779029426083949,0.007776411501550366
2014-09-24,0.0,0.0,0.0,0,0,0,0.005779029426083949,0.007776411501550366
2014-09-25,0.0,0.0,0.0,0,0,0,0.005779029426083949,0.007776411501550366
2014-09-26,0.0,0.0,0.0,0,0,0,0.005779029426083949,0.007776411501550366
2014-09-29,0.0,0.0,0.0,0,0,0,0.005779029426083949,0.007776411501550366
2014-09-30,0.0,0.0,0.0,0,0,0,0.005779029426083949,0.007776411501550366
2014-10-01,0.0,0.0,0.0,0,0,0,0.005779029426083949,0.007776411501550366
2014-10-02,0.0,0.0,0.0,0,0,0,0.005779029426083949,0.007776411501550366
2014-10-03,0.0,0.0,0.0,0,0,0,0.005779029426083949,0.007776411501550366
2014-10-06,0.0,0.0,0.0,0,0,0,0.005779029426083949,0.007776411501550366
2014-10-07,0.0,0.0,0.0,0,0,0,0.005779029426083949,0.007776411501550366
2014-10-08,0.0,0.0,0.0,0,0,0,0.005779029426083949,0.007776411501550366
2014-10-09,0.0,0.0,0.0,0,0,0,0.005779029426083949,0.007776411501550366
2014-10-10,0.0,0.0,0.0,0,0,0,0.005779029426083949,0.007776411501550366
2014-10-14,0.0,0.0,0.0,0,0,0,0.005779029426083949,0.007776411501550366
2014-10-15,0.0,0.0,0.0,0,0,0,0.005779029426083949,0.007776411501550366
2014-10-16,0.0,0.0,0.0,0,0,0,0.005779029426083949,0.007776411501550366
2014-10-17,0.0,0.0,0.0,0,0,0,0.005779029426083949,0.007776411501550366
2014-10-20,0.0,0.0,0.0,0,0,0,0.005779029426083949,0.007776411501550366
2014-10-21,0.0,0.0,0.0,0,0,0,0.005779029426083949,0.007776411501550366
2014-10-22,0.0,0.0,0.0,0,0,0,0.005779029426083949,0.007776411501550366
2014-10-23,0.0,0.0,0.0,0,0,0,0.005779029426083949,0.007776411501550366
2014-10-24,0.0,0.0,0.0,0,0,0,0.005779029426083949,0.007776411501550366
2014-10-27,0.0,0.0,0.0,0,0,0,0.005779029426083949,0.007776411501550366
2014-10-28,0.0,0.0,0.0,0,0,0,0.005779029426083949,0.007776411501550366
2014-10-29,0.0,0.0,0.0,0,0,0,0.005779029426083949,0.007776411501550366
2014-10-30,0.0,0.0,0.0,0,0,0,0.005779029426083949,0.007776411501550366
2014-10-31,0.0,0.0,0.0,0,0,0,0.005779029426083949,0.007776411501550366
2014-11-03,0.0,0.0,0.0,0,0,0,0.005779029426083949,0.007776411501550366
2014-11-04,0.0,0.0,0.0,0,0,0,0.005779029426083949,0.007776411501550366
2014-11-05,0.0,0.0,0.0,0,0,0,0.005779029426083949,0.007776411501550366
2014-11-06,0.0,0.0,0.0,0,0,0,0.005779029426083949,0.007776411501550366
2014-11-07,0.0,0.0,0.0,0,0,0,0.005779029426083949,0.007776411501550366
2014-11-10,0.0,0.0,0.0,0,0,0,0.005779029426083949,0.007776411501550366
2014-11-12,0.0,0.0,0.0,0,0,0,0.005779029426083949,0.007776411501550366
2014-11-13,0.0,0.0,0.0,0,0,0,0.005779029426083949,0.007776411501550366
2014-11-14,0.0,0.0,0.0,0,0,0,0.005779029426083949,0.007776411501550366
2014-11-17,0.0,0.0,0.0,0,0,0,0.005779029426083949,0.007776411501550366
2014-11-18,0.0,0.0,0.0,0,0,0,0.005779029426083949,0.007776411501550366
2014-11-19,0.0,0.0,0.0,0,0,0,0.005779029426083949,0.007776411501550366
2014-11-20,0.0,0.0,0.0,0,0,0,0.005779029426083949,0.007776411501550366
2014-11-21,0.0,0.0,0.0,0,0,0,0.005779029426083949,0.007776411501550366
2014-11-24,0.0,0.0,0.0,0,0,0,0.005779029426083949,0.007776411501550366
2014-11-25,0.0,0.0,0.0,0,0,0,0.005779029426083949,0.007776411501550366
2014-11-26,0.0,0.0,0.0,0,0,0,0.005779029426083949,0.007776411501550366
2014-11-28,0.0,0.0,0.0,0,0,0,0.005779029426083949,0.007776411501550366
2014-12-01,0.0,0.0,0.0,0,0,0,0.005779029426083949,0.007776411501550366
2014-12-02,0.0,0.0,0.0,0,0,0,0.005779029426083949,0.007776411501550366
2014-12-03,0.0,0.0,0.0,0,0,0,0.005779029426083949,0.007776411501550366
2014-12-04,0.0,0.0,0.0,0,0,0,0.005779029426083949,0.007776411501550366
2014-12-05,0.0,0.0,0.0,0,0,0,0.005779029426083949,0.007776411501550366
2014-12-08,0.0,0.0,0.0,0,0,0,0.005779029426083949,0.007776411501550366
2014-12-09,0.0,0.0,0.0,0,0,0,0.005779029426083949,0.007776411501550366
2014-12-10,0.0,0.0,0.0,0,0,0,0.005779029426083949,0.007776411501550366
2014-12-11,0.0,0.0,0.0,0,0,0,0.005779029426083949,0.007776411501550366
2014-12-12,0.0,0.0,0.0,0,0,0,0.005779029426083949,0.007776411501550366
2014-12-15,0.0,0.0,0.0,0,0,0,0.005779029426083949,0.007776411501550366
2014-12-16,0.0,0.0,0.0,0,0,0,0.005779029426083949,0.007776411501550366
2014-12-17,0.0,0.0,0.0,0,0,0,0.005779029426083949,0.007776411501550366
2014-12-18,0.0,0.0,0.0,0,0,0,0.005779029426083949,0.007776411501550366
2014-12-19,0.0,0.0,0.0,0,0,0,0.005779029426083949,0.007776411501550366
2014-12-22,0.0,0.0,0.0,0,0,0,0.005779029426083949,0.007776411501550366
2014-12-23,0.0,0.0,0.0,0,0,0,0.005779029426083949,0.007776411501550366
2014-12-24,0.0,0.0,0.0,0,0,0,0.005779029426083949,0.007776411501550366
2014-12-29,0.0,0.0,0.0,0,0,0,0.005779029426083949,0.007776411501550366
2014-12-30,0.0,0.0,0.0,0,0,0,0.005779029426083949,0.007776411501550366
2014-12-31,0.0,0.0,0.0,0,0,0,0.005779029426083949,0.007776411501550366
2015-01-02,0.0,0.0,0.0,0,0,0,0.005779029426083949,0.007776411501550366
2015-01-05,0.0,0.0,0.0,0,0,0,0.005779029426083949,0.007776411501550366
2015-01-06,0.0,0.0,0.0,0,0,0,0.005779029426083949,0.007776411501550366
2015-01-07,0.0,0.0,0.0,0,0,0,0.005779029426083949,0.007776411501550366
2015-01-08,0.0,0.0,0.0,0,0,0,0.005779029426083949,0.007776411501550366
2015-01-09,0.0,0.0,0.0,0,0,0,0.005779029426083949,0.007776411501550366
2015-01-12,0.0,0.0,0.0,0,0,0,0.005779029426083949,0.007776411501550366
2015-01-13,0.0,0.0,0.0,0,0,0,0.005779029426083949,0.007776411501550366
2015-01-14,0.0,0.0,0.0,0,0,0,0.005779029426083949,0.007776411501550366
2015-01-15,0.0,0.0,0.0,0,0,0,0.005779029426083949,0.007776411501550366
2015-01-16,0.0,0.0,0.0,0,0,0,0.005779029426083949,0.007776411501550366
2015-01-20,0.0,0.0,0.0,0,0,0,0.005779029426083949,0.007776411501550366
2015-01-21,0.0,0.0,0.0,0,0,0,0.005779029426083949,0.007776411501550366
2015-01-22,0.0,0.0,0.0,0,0,0,0.005779029426083949,0.007776411501550366
2015-01-23,0.0,0.0,0.0,0,0,0,0.005779029426083949,0.007776411501550366
2015-01-26,0.0,0.0,0.0,0,0,0,0.005779029426083949,0.007776411501550366
2015-01-27,0.0,0.0,0.0,0,0,0,0.005779029426083949,0.007776411501550366
2015-01-28,0.0,0.0,0.0,0,0,0,0.005779029426083949,0.007776411501550366
2015-01-29,0.0,0.0,0.0,0,0,0,0.005779029426083949,0.007776411501550366
2015-01-30,0.0,0.0,0.0,0,0,0,0.005779029426083949,0.007776411501550366
2015-02-02,0.0,0.0,0.0,0,0,0,0.005779029426083949,0.007776411501550366
2015-02-03,0.0,0.0,0.0,0,0,0,0.005779029426083949,0.007776411501550366
2015-02-04,0.0,0.0,0.0,0,0,0,0.005779029426083949,0.007776411501550366
2015-02-05,0.0,0.0,0.0,0,0,0,0.005779029426083949,0.007776411501550366
2015-02-06,0.0,0.0,0.0,0,0,0,0.005779029426083949,0.007776411501550366
2015-02-09,0.0,0.0,0.0,0,0,0,0.005779029426083949,0.007776411501550366
2015-02-10,0.0,0.0,0.0,0,0,0,0.005779029426083949,0.007776411501550366
2015-02-11,0.0,0.0,0.0,0,0,0,0.005779029426083949,0.007776411501550366
2015-02-12,0.0,0.0,0.0,0,0,0,0.005779029426083949,0.007776411501550366
2015-02-13,0.0,0.0,0.0,0,0,0,0.005779029426083949,0.007776411501550366
2015-02-17,0.0,0.0,0.0,0,0,0,0.005779029426083949,0.007776411501550366
2015-02-18,0.0,0.0,0.0,0,0,0,0.005779029426083949,0.007776411501550366
2015-02-19,0.0,0.0,0.0,0,0,0,0.005779029426083949,0.007776411501550366
2015-02-20,0.0,0.0,0.0,0,0,0,0.005779029426083949,0.007776411501550366
2015-02-23,0.0,0.0,0.0,0,0,0,0.005779029426083949,0.007776411501550366
2015-02-24,0.0,0.0,0.0,0,0,0,0.005779029426083949,0.007776411501550366
2015-02-25,0.0,0.0,0.0,0,0,0,0.005779029426083949,0.007776411501550366
2015-02-26,0.0,0.0,0.0,0,0,0,0.005779029426083949,0.007776411501550366
2015-02-27,0.0,0.0,0.0,0,0,0,0.005779029426083949,0.007776411501550366
2015-03-02,0.0,0.0,0.0,0,0,0,0.005779029426083949,0.007776411501550366
2015-03-03,0.0,0.0,0.0,0,0,0,0.005779029426083949,0.007776411501550366
2015-03-04,0.0,0.0,0.0,0,0,0,0.005779029426083949,0.007776411501550366
2015-03-05,0.0,0.0,0.0,0,0,0,0.005779029426083949,0.007776411501550366
2015-03-06,0.0,0.0,0.0,0,0,0,0.005779029426083949,0.007776411501550366
2015-03-09,0.0,0.0,0.0,0,0,0,0.005779029426083949,0.007776411501550366
2015-03-10,0.0,0.0,0.0,0,0,0,0.005779029426083949,0.007776411501550366
2015-03-11,0.0,0.0,0.0,0,0,0,0.005779029426083949,0.007776411501550366
2015-03-12,0.0,0.0,0.0,0,0,0,0.005779029426083949,0.007776411501550366
2015-03-13,0.0,0.0,0.0,0,0,0,0.005779029426083949,0.007776411501550366
2015-03-16,0.0,0.0,0.0,0,0,0,0.005779029426083949,0.007776411501550366
2015-03-17,0.0,0.0,0.0,0,0,0,0.005779029426083949,0.007776411501550366
2015-03-18,0.0,0.0,0.0,0,0,0,0.005779029426083949,0.007776411501550366
2015-03-19,0.0,0.0,0.0,0,0,0,0.005779029426083949,0.007776411501550366
2015-03-20,0.0,0.0,0.0,0,0,0,0.005779029426083949,0.007776411501550366
2015-03-23,0.0,0.0,0.0,0,0,0,0.005779029426083949,0.007776411501550366
2015-03-24,0.0,0.0,0.0,0,0,0,0.005779029426083949,0.007776411501550366
2015-03-25,0.0,0.0,0.0,0,0,0,0.005779029426083949,0.007776411501550366
2015-03-26,0.0,0.0,0.0,0,0,0,0.005779029426083949,0.007776411501550366
2015-03-27,0.0,0.0,0.0,0,0,0,0.005779029426083949,0.007776411501550366
2015-03-30,0.0,0.0,0.0,0,0,0,0.005779029426083949,0.007776411501550366
2015-03-31,0.0,0.0,0.0,0,0,0,0.005779029426083949,0.007776411501550366
2015-04-01,0.0,0.0,0.0,0,0,0,0.005779029426083949,0.007776411501550366
2015-04-02,0.0,0.0,0.0,0,0,0,0.005779029426083949,0.007776411501550366
2015-04-03,0.0,0.0,0.0,0,0,0,0.005779029426083949,0.007776411501550366
2015-04-06,0.0,0.0,0.0,0,0,0,0.005779029426083949,0.007776411501550366
2015-04-07,0.0,0.0,0.0,0,0,0,0.005779029426083949,0.007776411501550366
2015-04-08,0.0,0.0,0.0,0,0,0,0.005779029426083949,0.007776411501550366
2015-04-09,0.0,0.0,0.0,0,0,0,0.005779029426083949,0.007776411501550366
2015-04-10,0.0,0.0,0.0,0,0,0,0.005779029426083949,0.007776411501550366
2015-04-13,0.0,0.0,0.0,0,0,0,0.005779029426083949,0.007776411501550366
2015-04-14,0.0,0.0,0.0,0,0,0,0.005779029426083949,0.007776411501550366
2015-04-15,0.0,0.0,0.0,0,0,0,0.005779029426083949,0.007776411501550366
2015-04-16,0.0,0.0,0.0,0,0,0,0.005779029426083949,0.007776411501550366
2015-04-17,0.0,0.0,0.0,0,0,0,0.005779029426083949,0.007776411501550366
2015-04-20,0.0,0.0,0.0,0,0,0,0.005779029426083949,0.007776411501550366
2015-04-21,0.0,0.0,0.0,0,0,0,0.005779029426083949,0.007776411501550366
2015-04-22,0.0,0.0,0.0,0,0,0,0.005779029426083949,0.007776411501550366
2015-04-23,0.0,0.0,0.0,0,0,0,0.005779029426083949,0.007776411501550366
2015-04-24,0.0,0.0,0.0,0,0,0,0.005779029426083949,0.007776411501550366
2015-04-27,0.0,0.0,0.0,0,0,0,0.005779029426083949,0.007776411501550366
2015-04-28,0.0,0.0,0.0,0,0,0,0.005779029426083949,0.007776411501550366
2015-04-29,0.0,0.0,0.0,0,0,0,0.005779029426083949,0.007776411501550366
2015-04-30,0.0,0.0,0.0,0,0,0,0.005779029426083949,0.007776411501550366
2015-05-01,0.0,0.0,0.0,0,0,0,0.005779029426083949,0.007776411501550366
2015-05-04,0.0,0.0,0.0,0,0,0,0.005779029426083949,0.007776411501550366
2015-05-05,0.0,0.0,0.0,0,0,0,0.005779029426083949,0.007776411501550366
2015-05-06,0.0,0.0,0.0,0,0,0,0.005779029426083949,0.007776411501550366
2015-05-07,0.0,0.0,0.0,0,0,0,0.005779029426083949,0.007776411501550366
2015-05-08,0.0,0.0,0.0,0,0,0,0.005779029426083949,0.007776411501550366
2015-05-11,0.0,0.0,0.0,0,0,0,0.005779029426083949,0.007776411501550366
2015-05-12,0.0,0.0,0.0,0,0,0,0.005779029426083949,0.007776411501550366
2015-05-13,0.0,0.0,0.0,0,0,0,0.005779029426083949,0.007776411501550366
2015-05-14,0.0,0.0,0.0,0,0,0,0.005779029426083949,0.007776411501550366
2015-05-15,0.0,0.0,0.0,0,0,0,0.005779029426083949,0.007776411501550366
2015-05-18,0.0,0.0,0.0,0,0,0,0.005779029426083949,0.007776411501550366
2015-05-19,0.0,0.0,0.0,0,0,0,0.005779029426083949,0.007776411501550366
2015-05-20,0.0,0.0,0.0,0,0,0,0.005779029426083949,0.007776411501550366
2015-05-21,0.0,0.0,0.0,0,0,0,0.005779029426083949,0.007776411501550366
2015-05-22,0.0,0.0,0.0,0,0,0,0.005779029426083949,0.007776411501550366
2015-05-26,0.0,0.0,0.0,0,0,0,0.005779029426083949,0.007776411501550366
2015-05-27,0.0,0.0,0.0,0,0,0,0.005779029426083949,0.007776411501550366
2015-05-28,0.0,0.0,0.0,0,0,0,0.005779029426083949,0.007776411501550366
2015-05-29,0.0,0.0,0.0,0,0,0,0.005779029426083949,0.007776411501550366
2015-06-01,0.0,0.0,0.0,0,0,0,0.005779029426083949,0.007776411501550366
2015-06-02,0.0,0.0,0.0,0,0,0,0.005779029426083949,0.007776411501550366
2015-06-03,0.0,0.0,0.0,0,0,0,0.005779029426083949,0.007776411501550366
2015-06-04,0.0,0.0,0.0,0,0,0,0.005779029426083949,0.007776411501550366
2015-06-05,0.0,0.0,0.0,0,0,0,0.005779029426083949,0.007776411501550366
2015-06-08,0.0,0.0,0.0,0,0,0,0.005779029426083949,0.007776411501550366
2015-06-09,0.0,0.0,0.0,0,0,0,0.005779029426083949,0.007776411501550366
2015-06-10,0.0,0.0,0.0,0,0,0,0.005779029426083949,0.007776411501550366
2015-06-11,0.0,0.0,0.0,0,0,0,0.005779029426083949,0.007776411501550366
2015-06-12,0.0,0.0,0.0,0,0,0,0.005779029426083949,0.007776411501550366
2015-06-15,0.0,0.0,0.0,0,0,0,0.005779029426083949,0.007776411501550366
2015-06-16,0.0,0.0,0.0,0,0,0,0.005779029426083949,0.007776411501550366
2015-06-17,0.0,0.0,0.0,0,0,0,0.005779029426083949,0.007776411501550366
2015-06-18,0.0,0.0,0.0,0,0,0,0.005779029426083949,0.007776411501550366
2015-06-19,0.0,0.0,0.0,0,0,0,0.005779029426083949,0.007776411501550366
2015-06-22,0.0,0.0,0.0,0,0,0,0.005779029426083949,0.007776411501550366
2015-06-23,0.0,0.0,0.0,0,0,0,0.005779029426083949,0.007776411501550366
2015-06-24,0.0,0.0,0.0,0,0,0,0.005779029426083949,0.007776411501550366
2015-06-25,0.0,0.0,0.0,0,0,0,0.005779029426083949,0.007776411501550366
2015-06-26,0.0,0.0,0.0,0,0,0,0.005779029426083949,0.007776411501550366
2015-06-29,0.0,0.0,0.0,0,0,0,0.005779029426083949,0.007776411501550366
2015-06-30,0.0,0.0,0.0,0,0,0,0.005779029426083949,0.007776411501550366
2015-07-01,0.0,0.0,0.0,0,0,0,0.005779029426083949,0.007776411501550366
2015-07-02,0.0,0.0,0.0,0,0,0,0.005779029426083949,0.007776411501550366
2015-07-06,0.0,0.0,0.0,0,0,0,0.005779029426083949,0.007776411501550366
2015-07-07,0.0,0.0,0.0,0,0,0,0.005779029426083949,0.007776411501550366
2015-07-08,0.0,0.0,0.0,0,0,0,0.005779029426083949,0.007776411501550366
2015-07-09,0.0,0.0,0.0,0,0,0,0.005779029426083949,0.007776411501550366
2015-07-10,0.0,0.0,0.0,0,0,0,0.005779029426083949,0.007776411501550366
2015-07-13,0.0,0.0,0.0,0,0,0,0.005779029426083949,0.007776411501550366
2015-07-14,0.0,0.0,0.0,0,0,0,0.005779029426083949,0.007776411501550366
2015-07-15,0.0,0.0,0.0,0,0,0,0.005779029426083949,0.007776411501550366
2015-07-16,0.0,0.0,0.0,0,0,0,0.005779029426083949,0.007776411501550366
2015-07-17,0.0,0.0,0.0,0,0,0,0.005779029426083949,0.007776411501550366
2015-07-20,0.0,0.0,0.0,0,0,0,0.005779029426083949,0.007776411501550366
2015-07-21,0.0,0.0,0.0,0,0,0,0.005779029426083949,0.007776411501550366
2015-07-22,0.0,0.0,0.0,0,0,0,0.005779029426083949,0.007776411501550366
2015-07-23,0.0,0.0,0.0,0,0,0,0.005779029426083949,0.007776411501550366
2015-07-24,0.0,0.0,0.0,0,0,0,0.005779029426083949,0.007776411501550366
2015-07-27,0.0,0.0,0.0,0,0,0,0.005779029426083949,0.007776411501550366
2015-07-28,0.0,0.0,0.0,0,0,0,0.005779029426083949,0.007776411501550366
2015-07-29,0.0,0.0,0.0,0,0,0,0.005779029426083949,0.007776411501550366
2015-07-30,0.0,0.0,0.0,0,0,0,0.005779029426083949,0.007776411501550366
2015-07-31,0.0,0.0,0.0,0,0,0,0.005779029426083949,0.007776411501550366
2015-08-03,0.0,0.0,0.0,0,0,0,0.005779029426083949,0.007776411501550366
2015-08-04,0.0,0.0,0.0,0,0,0,0.005779029426083949,0.007776411501550366
2015-08-05,0.0,0.0,0.0,0,0,0,0.005779029426083949,0.007776411501550366
2015-08-06,0.0,0.0,0.0,0,0,0,0.005779029426083949,0.007776411501550366
2015-08-07,0.0,0.0,0.0,0,0,0,0.005779029426083949,0.007776411501550366
2015-08-10,0.0,0.0,0.0,0,0,0,0.005779029426083949,0.007776411501550366
2015-08-11,0.0,0.0,0.0,0,0,0,0.005779029426083949,0.007776411501550366
2015-08-12,0.0,0.0,0.0,0,0,0,0.005779029426083949,0.007776411501550366
2015-08-13,0.0,0.0,0.0,0,0,0,0.005779029426083949,0.007776411501550366
2015-08-14,0.0,0.0,0.0,0,0,0,0.005779029426083949,0.007776411501550366
2015-08-17,0.0,0.0,0.0,0,0,0,0.005779029426083949,0.007776411501550366
2015-08-18,0.0,0.0,0.0,0,0,0,0.005779029426083949,0.007776411501550366
2015-08-19,0.0,0.0,0.0,0,0,0,0.005779029426083949,0.007776411501550366
2015-08-20,0.0,0.0,0.0,0,0,0,0.005779029426083949,0.007776411501550366
2015-08-21,0.0,0.0,0.0,0,0,0,0.005779029426083949,0.007776411501550366
2015-08-24,0.0,0.0,0.0,0,0,0,0.005779029426083949,0.007776411501550366
2015-08-25,0.0,0.0,0.0,0,0,0,0.005779029426083949,0.007776411501550366
2015-08-26,0.0,0.0,0.0,0,0,0,0.005779029426083949,0.007776411501550366
2015-08-27,0.0,0.0,0.0,0,0,0,0.005779029426083949,0.007776411501550366
2015-08-28,0.0,0.0,0.0,0,0,0,0.005779029426083949,0.007776411501550366
2015-08-31,0.0,0.0,0.0,0,0,0,0.005779029426083949,0.007776411501550366
2015-09-01,0.0,0.0,0.0,0,0,0,0.005779029426083949,0.007776411501550366
2015-09-02,0.0,0.0,0.0,0,0,0,0.005779029426083949,0.007776411501550366
2015-09-03,0.0,0.0,0.0,0,0,0,0.005779029426083949,0.007776411501550366
2015-09-04,0.0,0.0,0.0,0,0,0,0.005779029426083949,0.007776411501550366
2015-09-08,0.0,0.0,0.0,0,0,0,0.005779029426083949,0.007776411501550366
2015-09-09,0.0,0.0,0.0,0,0,0,0.005779029426083949,0.007776411501550366
2015-09-10,0.0,0.0,0.0,0,0,0,0.005779029426083949,0.007776411501550366
2015-09-11,0.0,0.0,0.0,0,0,0,0.005779029426083949,0.007776411501550366
2015-09-14,0.0,0.0,0.0,0,0,0,0.005779029426083949,0.007776411501550366
2015-09-15,0.0,0.0,0.0,0,0,0,0.005779029426083949,0.007776411501550366
2015-09-16,0.0,0.0,0.0,0,0,0,0.005779029426083949,0.007776411501550366
2015-09-17,0.0,0.0,0.0,0,0,0,0.005779029426083949,0.007776411501550366
2015-09-18,0.0,0.0,0.0,0,0,0,0.005779029426083949,0.007776411501550366
2015-09-21,0.0,0.0,0.0,0,0,0,0.005779029426083949,0.007776411501550366
2015-09-22,0.0,0.0,0.0,0,0,0,0.005779029426083949,0.007776411501550366
2015-09-23,0.0,0.0,0.0,0,0,0,0.005779029426083949,0.007776411501550366
2015-09-24,0.0,0.0,0.0,0,0,0,0.005779029426083949,0.007776411501550366
2015-09-25,0.0,0.0,0.0,0,0,0,0.005779029426083949,0.007776411501550366
2015-09-28,0.0,0.0,0.0,0,0,0,0.005779029426083949,0.007776411501550366
2015-09-29,0.0,0.0,0.0,0,0,0,0.005779029426083949,0.007776411501550366
2015-09-30,0.0,0.0,0.0,0,0,0,0.005779029426083949,0.007776411501550366
2015-10-01,0.0,0.0,0.0,0,0,0,0.005779029426083949,0.007776411501550366
2015-10-02,0.0,0.0,0.0,0,0,0,0.005779029426083949,0.007776411501550366
2015-10-05,0.0,0.0,0.0,0,0,0,0.005779029426083949,0.007776411501550366
2015-10-06,0.0,0.0,0.0,0,0,0,0.005779029426083949,0.007776411501550366
2015-10-07,0.0,0.0,0.0,0,0,0,0.005779029426083949,0.007776411501550366
2015-10-08,0.0,0.0,0.0,0,0,0,0.005779029426083949,0.007776411501550366
2015-10-09,0.0,0.0,0.0,0,0,0,0.005779029426083949,0.007776411501550366
2015-10-13,0.0,0.0,0.0,0,0,0,0.005779029426083949,0.007776411501550366
2015-10-14,0.0,0.0,0.0,0,0,0,0.005779029426083949,0.007776411501550366
2015-10-15,0.0,0.0,0.0,0,0,0,0.005779029426083949,0.007776411501550366
2015-10-16,0.0,0.0,0.0,0,0,0,0.005779029426083949,0.007776411501550366
2015-10-19,0.0,0.0,0.0,0,0,0,0.005779029426083949,0.007776411501550366
2015-10-20,0.0,0.0,0.0,0,0,0,0.005779029426083949,0.007776411501550366
2015-10-21,0.0,0.0,0.0,0,0,0,0.005779029426083949,0.007776411501550366
2015-10-22,0.0,0.0,0.0,0,0,0,0.005779029426083949,0.007776411501550366
2015-10-23,0.0,0.0,0.0,0,0,0,0.005779029426083949,0.007776411501550366
2015-10-26,0.0,0.0,0.0,0,0,0,0.005779029426083949,0.007776411501550366
2015-10-27,0.0,0.0,0.0,0,0,0,0.005779029426083949,0.007776411501550366
2015-10-28,0.0,0.0,0.0,0,0,0,0.005779029426083949,0.007776411501550366
2015-10-29,0.0,0.0,0.0,0,0,0,0.005779029426083949,0.007776411501550366
2015-10-30,0.0,0.0,0.0,0,0,0,0.005779029426083949,0.007776411501550366
2015-11-02,0.0,0.0,0.0,0,0,0,0.005779029426083949,0.007776411501550366
2015-11-03,0.0,0.0,0.0,0,0,0,0.005779029426083949,0.007776411501550366
2015-11-04,0.0,0.0,0.0,0,0,0,0.005779029426083949,0.007776411501550366
2015-11-05,0.0,0.0,0.0,0,0,0,0.005779029426083949,0.007776411501550366
2015-11-06,0.0,0.0,0.0,0,0,0,0.005779029426083949,0.007776411501550366
2015-11-09,0.0,0.0,0.0,0,0,0,0.005779029426083949,0.007776411501550366
2015-11-10,0.0,0.0,0.0,0,0,0,0.005779029426083949,0.007776411501550366
2015-11-12,0.0,0.0,0.0,0,0,0,0.005779029426083949,0.007776411501550366
2015-11-13,0.0,0.0,0.0,0,0,0,0.005779029426083949,0.007776411501550366
2015-11-16,0.0,0.0,0.0,0,0,0,0.005779029426083949,0.007776411501550366
2015-11-17,0.0,0.0,0.0,0,0,0,0.005779029426083949,0.007776411501550366
2015-11-18,0.0,0.0,0.0,0,0,0,0.005779029426083949,0.007776411501550366
2015-11-19,0.0,0.0,0.0,0,0,0,0.005779029426083949,0.007776411501550366
2015-11-20,0.0,0.0,0.0,0,0,0,0.005779029426083949,0.007776411501550366
2015-11-23,0.0,0.0,0.0,0,0,0,0.005779029426083949,0.007776411501550366
2015-11-24,0.0,0.0,0.0,0,0,0,0.005779029426083949,0.007776411501550366
2015-11-25,0.0,0.0,0.0,0,0,0,0.005779029426083949,0.007776411501550366
2015-11-27,0.0,0.0,0.0,0,0,0,0.005779029426083949,0.007776411501550366
2015-11-30,0.0,0.0,0.0,0,0,0,0.005779029426083949,0.007776411501550366
2015-12-01,0.0,0.0,0.0,0,0,0,0.005779029426083949,0.007776411501550366
2015-12-02,0.0,0.0,0.0,0,0,0,0.005779029426083949,0.007776411501550366
2015-12-03,0.0,0.0,0.0,0,0,0,0.005779029426083949,0.007776411501550366
2015-12-04,0.0,0.0,0.0,0,0,0,0.005779029426083949,0.007776411501550366
2015-12-07,0.0,0.0,0.0,0,0,0,0.005779029426083949,0.007776411501550366
2015-12-08,0.0,0.0,0.0,0,0,0,0.005779029426083949,0.007776411501550366
2015-12-09,0.0,0.0,0.0,0,0,0,0.005779029426083949,0.007776411501550366
2015-12-10,0.0,0.0,0.0,0,0,0,0.005779029426083949,0.007776411501550366
2015-12-11,0.0,0.0,0.0,0,0,0,0.005779029426083949,0.007776411501550366
2015-12-14,0.0,0.0,0.0,0,0,0,0.005779029426083949,0.007776411501550366
2015-12-15,0.0,0.0,0.0,0,0,0,0.005779029426083949,0.007776411501550366
2015-12-16,0.0,0.0,0.0,0,0,0,0.005779029426083949,0.007776411501550366
2015-12-17,0.0,0.0,0.0,0,0,0,0.005779029426083949,0.007776411501550366
2015-12-18,0.0,0.0,0.0,0,0,0,0.005779029426083949,0.007776411501550366
2015-12-21,0.0,0.0,0.0,0,0,0,0.005779029426083949,0.007776411501550366
2015-12-22,0.0,0.0,0.0,0,0,0,0.005779029426083949,0.007776411501550366
2015-12-23,0.0,0.0,0.0,0,0,0,0.005779029426083949,0.007776411501550366
2015-12-24,0.0,0.0,0.0,0,0,0,0.005779029426083949,0.007776411501550366
2015-12-28,0.0,0.0,0.0,0,0,0,0.005779029426083949,0.007776411501550366
2015-12-29,0.0,0.0,0.0,0,0,0,0.005779029426083949,0.007776411501550366
2015-12-30,0.0,0.0,0.0,0,0,0,0.005779029426083949,0.007776411501550366
2015-12-31,0.0,0.0,0.0,0,0,0,0.005779029426083949,0.007776411501550366
2016-01-04,0.0,0.0,0.0,0,0,0,0.005779029426083949,0.007776411501550366
2016-01-05,0.0,0.0,0.0,0,0,0,0.005779029426083949,0.007776411501550366
2016-01-06,0.0,0.0,0.0,0,0,0,0.005779029426083949,0.007776411501550366
2016-01-07,0.0,0.0,0.0,0,0,0,0.005779029426083949,0.007776411501550366
2016-01-08,0.0,0.0,0.0,0,0,0,0.005779029426083949,0.007776411501550366
2016-01-11,0.0,0.0,0.0,0,0,0,0.005779029426083949,0.007776411501550366
2016-01-12,0.0,0.0,0.0,0,0,0,0.005779029426083949,0.007776411501550366
2016-01-13,0.0,0.0,0.0,0,0,0,0.005779029426083949,0.007776411501550366
2016-01-14,0.0,0.0,0.0,0,0,0,0.005779029426083949,0.007776411501550366
2016-01-15,0.0,0.0,0.0,0,0,0,0.005779029426083949,0.007776411501550366
2016-01-19,0.0,0.0,0.0,0,0,0,0.005779029426083949,0.007776411501550366
2016-01-20,0.0,0.0,0.0,0,0,0,0.005779029426083949,0.007776411501550366
2016-01-21,0.0,0.0,0.0,0,0,0,0.005779029426083949,0.007776411501550366
2016-01-22,0.0,0.0,0.0,0,0,0,0.005779029426083949,0.007776411501550366
2016-01-25,0.0,0.0,0.0,0,0,0,0.005779029426083949,0.007776411501550366
2016-01-26,0.0,0.0,0.0,0,0,0,0.005779029426083949,0.007776411501550366
2016-01-27,0.0,0.0,0.0,0,0,0,0.005779029426083949,0.007776411501550366
2016-01-28,0.0,0.0,0.0,0,0,0,0.005779029426083949,0.007776411501550366
2016-01-29,0.0,0.0,0.0,0,0,0,0.005779029426083949,0.007776411501550366
2016-02-01,0.0,0.0,0.0,0,0,0,0.005779029426083949,0.007776411501550366
2016-02-02,0.0,0.0,0.0,0,0,0,0.005779029426083949,0.007776411501550366
2016-02-03,0.0,0.0,0.0,0,0,0,0.005779029426083949,0.007776411501550366
2016-02-04,0.0,0.0,0.0,0,0,0,0.005779029426083949,0.007776411501550366
2016-02-05,0.0,0.0,0.0,0,0,0,0.005779029426083949,0.007776411501550366
2016-02-08,0.0,0.0,0.0,0,0,0,0.005779029426083949,0.007776411501550366
2016-02-09,0.0,0.0,0.0,0,0,0,0.005779029426083949,0.007776411501550366
2016-02-10,0.0,0.0,0.0,0,0,0,0.005779029426083949,0.007776411501550366
2016-02-11,0.0,0.0,0.0,0,0,0,0.005779029426083949,0.007776411501550366
2016-02-12,0.0,0.0,0.0,0,0,0,0.005779029426083949,0.007776411501550366
2016-02-16,0.0,0.0,0.0,0,0,0,0.005779029426083949,0.007776411501550366
2016-02-17,0.0,0.0,0.0,0,0,0,0.005779029426083949,0.007776411501550366
2016-02-18,0.0,0.0,0.0,0,0,0,0.005779029426083949,0.007776411501550366
2016-02-19,0.0,0.0,0.0,0,0,0,0.005779029426083949,0.007776411501550366
2016-02-22,0.0,0.0,0.0,0,0,0,0.005779029426083949,0.007776411501550366
2016-02-23,0.0,0.0,0.0,0,0,0,0.005779029426083949,0.007776411501550366
2016-02-24,0.0,0.0,0.0,0,0,0,0.005779029426083949,0.007776411501550366
2016-02-25,0.0,0.0,0.0,0,0,0,0.005779029426083949,0.007776411501550366
2016-02-26,0.0,0.0,0.0,0,0,0,0.005779029426083949,0.007776411501550366
2016-02-29,0.0,0.0,0.0,0,0,0,0.005779029426083949,0.007776411501550366
2016-03-01,0.0,0.0,0.0,0,0,0,0.005779029426083949,0.007776411501550366
2016-03-02,0.0,0.0,0.0,0,0,0,0.005779029426083949,0.007776411501550366
2016-03-03,0.0,0.0,0.0,0,0,0,0.005779029426083949,0.007776411501550366
2016-03-04,0.0,0.0,0.0,0,0,0,0.005779029426083949,0.007776411501550366
2016-03-07,0.0,0.0,0.0,0,0,0,0.005779029426083949,0.007776411501550366
2016-03-08,0.0,0.0,0.0,0,0,0,0.005779029426083949,0.007776411501550366
2016-03-09,0.0,0.0,0.0,0,0,0,0.005779029426083949,0.007776411501550366
2016-03-10,0.0,0.0,0.0,0,0,0,0.005779029426083949,0.007776411501550366
2016-03-11,0.0,0.0,0.0,0,0,0,0.005779029426083949,0.007776411501550366
2016-03-14,0.0,0.0,0.0,0,0,0,0.005779029426083949,0.007776411501550366
2016-03-15,0.0,0.0,0.0,0,0,0,0.005779029426083949,0.007776411501550366
2016-03-16,0.0,0.0,0.0,0,0,0,0.005779029426083949,0.007776411501550366
2016-03-17,0.0,0.0,0.0,0,0,0,0.005779029426083949,0.007776411501550366
2016-03-18,0.0,0.0,0.0,0,0,0,0.005779029426083949,0.007776411501550366
2016-03-21,0.0,0.0,0.0,0,0,0,0.005779029426083949,0.007776411501550366
2016-03-22,0.0,0.0,0.0,0,0,0,0.005779029426083949,0.007776411501550366
2016-03-23,0.0,0.0,0.0,0,0,0,0.005779029426083949,0.007776411501550366
2016-03-24,0.0,0.0,0.0,0,0,0,0.005779029426083949,0.007776411501550366
2016-03-25,0.0,0.0,0.0,0,0,0,0.005779029426083949,0.007776411501550366
2016-03-28,0.0,0.0,0.0,0,0,0,0.005779029426083949,0.007776411501550366
2016-03-29,0.0,0.0,0.0,0,0,0,0.005779029426083949,0.007776411501550366
2016-03-30,0.0,0.0,0.0,0,0,0,0.005779029426083949,0.007776411501550366
2016-03-31,0.0,0.0,0.0,0,0,0,0.005779029426083949,0.007776411501550366
2016-04-01,0.0,0.0,0.0,0,0,0,0.005779029426083949,0.007776411501550366
2016-04-04,0.0,0.0,0.0,0,0,0,0.005779029426083949,0.007776411501550366
2016-04-05,0.0,0.0,0.0,0,0,0,0.005779029426083949,0.007776411501550366
2016-04-06,0.0,0.0,0.0,0,0,0,0.005779029426083949,0.007776411501550366
2016-04-07,0.0,0.0,0.0,0,0,0,0.005779029426083949,0.007776411501550366
2016-04-08,0.0,0.0,0.0,0,0,0,0.005779029426083949,0.007776411501550366
2016-04-11,0.0,0.0,0.0,0,0,0,0.005779029426083949,0.007776411501550366
2016-04-12,0.0,0.0,0.0,0,0,0,0.005779029426083949,0.007776411501550366
2016-04-13,0.0,0.0,0.0,0,0,0,0.005779029426083949,0.007776411501550366
2016-04-14,0.0,0.0,0.0,0,0,0,0.005779029426083949,0.007776411501550366
2016-04-15,0.0,0.0,0.0,0,0,0,0.005779029426083949,0.007776411501550366
2016-04-18,0.0,0.0,0.0,0,0,0,0.005779029426083949,0.007776411501550366
2016-04-19,0.0,0.0,0.0,0,0,0,0.005779029426083949,0.007776411501550366
2016-04-20,0.0,0.0,0.0,0,0,0,0.005779029426083949,0.007776411501550366
2016-04-21,0.0,0.0,0.0,0,0,0,0.005779029426083949,0.007776411501550366
2016-04-22,0.0,0.0,0.0,0,0,0,0.005779029426083949,0.007776411501550366
2016-04-25,0.0,0.0,0.0,0,0,0,0.005779029426083949,0.007776411501550366
2016-04-26,0.0,0.0,0.0,0,0,0,0.005779029426083949,0.007776411501550366
2016-04-27,0.0,0.0,0.0,0,0,0,0.005779029426083949,0.007776411501550366
2016-04-28,0.0,0.0,0.0,0,0,0,0.005779029426083949,0.007776411501550366
2016-04-29,0.0,0.0,0.0,0,0,0,0.005779029426083949,0.007776411501550366
2016-05-02,0.0,0.0,0.0,0,0,0,0.005779029426083949,0.007776411501550366
2016-05-03,0.0,0.0,0.0,0,0,0,0.005779029426083949,0.007776411501550366
2016-05-04,0.0,0.0,0.0,0,0,0,0.005779029426083949,0.007776411501550366
2016-05-05,0.0,0.0,0.0,0,0,0,0.005779029426083949,0.007776411501550366
2016-05-06,0.0,0.0,0.0,0,0,0,0.005779029426083949,0.007776411501550366
2016-05-09,0.0,0.0,0.0,0,0,0,0.005779029426083949,0.007776411501550366
2016-05-10,0.0,0.0,0.0,0,0,0,0.005779029426083949,0.007776411501550366
2016-05-11,0.0,0.0,0.0,0,0,0,0.005779029426083949,0.007776411501550366
2016-05-12,0.0,0.0,0.0,0,0,0,0.005779029426083949,0.007776411501550366
2016-05-13,0.0,0.0,0.0,0,0,0,0.005779029426083949,0.007776411501550366
2016-05-16,0.0,0.0,0.0,0,0,0,0.005779029426083949,0.007776411501550366
2016-05-17,0.0,0.0,0.0,0,0,0,0.005779029426083949,0.007776411501550366
2016-05-18,0.0,0.0,0.0,0,0,0,0.005779029426083949,0.007776411501550366
2016-05-19,0.0,0.0,0.0,0,0,0,0.005779029426083949,0.007776411501550366
2016-05-20,0.0,0.0,0.0,0,0,0,0.005779029426083949,0.007776411501550366
2016-05-23,0.0,0.0,0.0,0,0,0,0.005779029426083949,0.007776411501550366
2016-05-24,0.0,0.0,0.0,0,0,0,0.005779029426083949,0.007776411501550366
2016-05-25,0.0,0.0,0.0,0,0,0,0.005779029426083949,0.007776411501550366
2016-05-26,0.0,0.0,0.0,0,0,0,0.005779029426083949,0.007776411501550366
2016-05-27,0.0,0.0,0.0,0,0,0,0.005779029426083949,0.007776411501550366
2016-05-31,0.0,0.0,0.0,0,0,0,0.005779029426083949,0.007776411501550366
2016-06-01,0.0,0.0,0.0,0,0,0,0.005779029426083949,0.007776411501550366
2016-06-02,0.0,0.0,0.0,0,0,0,0.005779029426083949,0.007776411501550366
2016-06-03,0.0,0.0,0.0,0,0,0,0.005779029426083949,0.007776411501550366
2016-06-06,0.0,0.0,0.0,0,0,0,0.005779029426083949,0.007776411501550366
2016-06-07,0.0,0.0,0.0,0,0,0,0.005779029426083949,0.007776411501550366
2016-06-08,0.0,0.0,0.0,0,0,0,0.005779029426083949,0.007776411501550366
2016-06-09,0.0,0.0,0.0,0,0,0,0.005779029426083949,0.007776411501550366
2016-06-10,0.0,0.0,0.0,0,0,0,0.005779029426083949,0.007776411501550366
2016-06-13,0.0,0.0,0.0,0,0,0,0.005779029426083949,0.007776411501550366
2016-06-14,0.0,0.0,0.0,0,0,0,0.005779029426083949,0.007776411501550366
2016-06-15,0.0,0.0,0.0,0,0,0,0.005779029426083949,0.007776411501550366
2016-06-16,0.0,0.0,0.0,0,0,0,0.005779029426083949,0.007776411501550366
2016-06-17,0.0,0.0,0.0,0,0,0,0.005779029426083949,0.007776411501550366
2016-06-20,0.0,0.0,0.0,0,0,0,0.005779029426083949,0.007776411501550366
2016-06-21,0.0,0.0,0.0,0,0,0,0.005779029426083949,0.007776411501550366
2016-06-22,0.0,0.0,0.0,0,0,0,0.005779029426083949,0.007776411501550366
2016-06-23,0.0,0.0,0.0,0,0,0,0.005779029426083949,0.007776411501550366
2016-06-24,0.0,0.0,0.0,0,0,0,0.005779029426083949,0.007776411501550366
2016-06-27,0.0,0.0,0.0,0,0,0,0.005779029426083949,0.007776411501550366
2016-06-28,0.0,0.0,0.0,0,0,0,0.005779029426083949,0.007776411501550366
2016-06-29,0.0,0.0,0.0,0,0,0,0.005779029426083949,0.007776411501550366
2016-06-30,0.0,0.0,0.0,0,0,0,0.005779029426083949,0.007776411501550366
2016-07-01,0.0,0.0,0.0,0,0,0,0.005779029426083949,0.007776411501550366
2016-07-05,0.0,0.0,0.0,0,0,0,0.005779029426083949,0.007776411501550366
2016-07-06,0.0,0.0,0.0,0,0,0,0.005779029426083949,0.007776411501550366
2016-07-07,0.0,0.0,0.0,0,0,0,0.005779029426083949,0.007776411501550366
2016-07-08,0.0,0.0,0.0,0,0,0,0.005779029426083949,0.007776411501550366
2016-07-11,0.0,0.0,0.0,0,0,0,0.005779029426083949,0.007776411501550366
2016-07-12,0.0,0.0,0.0,0,0,0,0.005779029426083949,0.007776411501550366
2016-07-13,0.0,0.0,0.0,0,0,0,0.005779029426083949,0.007776411501550366
2016-07-14,0.0,0.0,0.0,0,0,0,0.005779029426083949,0.007776411501550366
2016-07-15,0.0,0.0,0.0,0,0,0,0.005779029426083949,0.007776411501550366
2016-07-18,0.0,0.0,0.0,0,0,0,0.005779029426083949,0.007776411501550366
2016-07-19,0.0,0.0,0.0,0,0,0,0.005779029426083949,0.007776411501550366
2016-07-20,0.0,0.0,0.0,0,0,0,0.005779029426083949,0.007776411501550366
2016-07-21,0.0,0.0,0.0,0,0,0,0.005779029426083949,0.007776411501550366
2016-07-22,0.0,0.0,0.0,0,0,0,0.005779029426083949,0.007776411501550366
2016-07-25,0.0,0.0,0.0,0,0,0,0.005779029426083949,0.007776411501550366
2016-07-26,0.0,0.0,0.0,0,0,0,0.005779029426083949,0.007776411501550366
2016-07-27,0.0,0.0,0.0,0,0,0,0.005779029426083949,0.007776411501550366
2016-07-28,0.0,0.0,0.0,0,0,0,0.005779029426083949,0.007776411501550366
2016-07-29,0.0,0.0,0.0,0,0,0,0.005779029426083949,0.007776411501550366
2016-08-01,0.0,0.0,0.0,0,0,0,0.005779029426083949,0.007776411501550366
2016-08-02,0.0,0.0,0.0,0,0,0,0.005779029426083949,0.007776411501550366
2016-08-03,0.0,0.0,0.0,0,0,0,0.005779029426083949,0.007776411501550366
2016-08-04,0.0,0.0,0.0,0,0,0,0.005779029426083949,0.007776411501550366
2016-08-05,0.0,0.0,0.0,0,0,0,0.005779029426083949,0.007776411501550366
2016-08-08,0.0,0.0,0.0,0,0,0,0.005779029426083949,0.007776411501550366
2016-08-09,0.0,0.0,0.0,0,0,0,0.005779029426083949,0.007776411501550366
2016-08-10,0.0,0.0,0.0,0,0,0,0.005779029426083949,0.007776411501550366
2016-08-11,0.0,0.0,0.0,0,0,0,0.005779029426083949,0.007776411501550366
2016-08-12,0.0,0.0,0.0,0,0,0,0.005779029426083949,0.007776411501550366
2016-08-15,0.0,0.0,0.0,0,0,0,0.005779029426083949,0.007776411501550366
2016-08-16,0.0,0.0,0.0,0,0,0,0.005779029426083949,0.007776411501550366
2016-08-17,0.0,0.0,0.0,0,0,0,0.005779029426083949,0.007776411501550366
2016-08-18,0.0,0.0,0.0,0,0,0,0.005779029426083949,0.007776411501550366
2016-08-19,0.0,0.0,0.0,0,0,0,0.005779029426083949,0.007776411501550366
2016-08-22,0.0,0.0,0.0,0,0,0,0.005779029426083949,0.007776411501550366
2016-08-23,0.0,0.0,0.0,0,0,0,0.005779029426083949,0.007776411501550366
2016-08-24,0.0,0.0,0.0,0,0,0,0.005779029426083949,0.007776411501550366
2016-08-25,0.0,0.0,0.0,0,0,0,0.005779029426083949,0.007776411501550366
2016-08-26,0.0,0.0,0.0,0,0,0,0.005779029426083949,0.007776411501550366
2016-08-29,0.0,0.0,0.0,0,0,0,0.005779029426083949,0.007776411501550366
2016-08-30,0.0,0.0,0.0,0,0,0,0.005779029426083949,0.007776411501550366
2016-08-31,0.0,0.0,0.0,0,0,0,0.005779029426083949,0.007776411501550366
2016-09-01,0.0,0.0,0.0,0,0,0,0.005779029426083949,0.007776411501550366
2016-09-02,0.0,0.0,0.0,0,0,0,0.005779029426083949,0.007776411501550366
2016-09-06,0.0,0.0,0.0,0,0,0,0.005779029426083949,0.007776411501550366
2016-09-07,0.0,0.0,0.0,0,0,0,0.005779029426083949,0.007776411501550366
2016-09-08,0.0,0.0,0.0,0,0,0,0.005779029426083949,0.007776411501550366
2016-09-09,0.0,0.0,0.0,0,0,0,0.005779029426083949,0.007776411501550366
2016-09-12,0.0,0.0,0.0,0,0,0,0.005779029426083949,0.007776411501550366
2016-09-13,0.0,0.0,0.0,0,0,0,0.005779029426083949,0.007776411501550366
2016-09-14,0.0,0.0,0.0,0,0,0,0.005779029426083949,0.007776411501550366
2016-09-15,0.0,0.0,0.0,0,0,0,0.005779029426083949,0.007776411501550366
2016-09-16,0.0,0.0,0.0,0,0,0,0.005779029426083949,0.007776411501550366
2016-09-19,0.0,0.0,0.0,0,0,0,0.005779029426083949,0.007776411501550366
2016-09-20,0.0,0.0,0.0,0,0,0,0.005779029426083949,0.007776411501550366
2016-09-21,0.0,0.0,0.0,0,0,0,0.005779029426083949,0.007776411501550366
2016-09-22,0.0,0.0,0.0,0,0,0,0.005779029426083949,0.007776411501550366
2016-09-23,0.0,0.0,0.0,0,0,0,0.005779029426083949,0.007776411501550366
2016-09-26,0.0,0.0,0.0,0,0,0,0.005779029426083949,0.007776411501550366
2016-09-27,0.0,0.0,0.0,0,0,0,0.005779029426083949,0.007776411501550366
2016-09-28,0.0,0.0,0.0,0,0,0,0.005779029426083949,0.007776411501550366
2016-09-29,0.0,0.0,0.0,0,0,0,0.005779029426083949,0.007776411501550366
2016-09-30,0.0,0.0,0.0,0,0,0,0.005779029426083949,0.007776411501550366
2016-10-03,0.0,0.0,0.0,0,0,0,0.005779029426083949,0.007776411501550366
2016-10-04,0.0,0.0,0.0,0,0,0,0.005779029426083949,0.007776411501550366
2016-10-05,0.0,0.0,0.0,0,0,0,0.005779029426083949,0.007776411501550366
2016-10-06,0.0,0.0,0.0,0,0,0,0.005779029426083949,0.007776411501550366
2016-10-07,0.0,0.0,0.0,0,0,0,0.005779029426083949,0.007776411501550366
2016-10-11,0.0,0.0,0.0,0,0,0,0.005779029426083949,0.007776411501550366
2016-10-12,0.0,0.0,0.0,0,0,0,0.005779029426083949,0.007776411501550366
2016-10-13,0.0,0.0,0.0,0,0,0,0.005779029426083949,0.007776411501550366
2016-10-14,0.0,0.0,0.0,0,0,0,0.005779029426083949,0.007776411501550366
2016-10-17,0.0,0.0,0.0,0,0,0,0.005779029426083949,0.007776411501550366
2016-10-18,0.0,0.0,0.0,0,0,0,0.005779029426083949,0.007776411501550366
2016-10-19,0.0,0.0,0.0,0,0,0,0.005779029426083949,0.007776411501550366
2016-10-20,0.0,0.0,0.0,0,0,0,0.005779029426083949,0.007776411501550366
2016-10-21,0.0,0.0,0.0,0,0,0,0.005779029426083949,0.007776411501550366
2016-10-24,0.0,0.0,0.0,0,0,0,0.005779029426083949,0.007776411501550366
2016-10-25,0.0,0.0,0.0,0,0,0,0.005779029426083949,0.007776411501550366
2016-10-26,0.0,0.0,0.0,0,0,0,0.005779029426083949,0.007776411501550366
2016-10-27,0.0,0.0,0.0,0,0,0,0.005779029426083949,0.007776411501550366
2016-10-28,0.0,0.0,0.0,0,0,0,0.005779029426083949,0.007776411501550366
2016-10-31,0.0,0.0,0.0,0,0,0,0.005779029426083949,0.007776411501550366
2016-11-01,0.0,0.0,0.0,0,0,0,0.005779029426083949,0.007776411501550366
2016-11-02,0.0,0.0,0.0,0,0,0,0.005779029426083949,0.007776411501550366
2016-11-03,0.0,0.0,0.0,0,0,0,0.005779029426083949,0.007776411501550366
2016-11-04,0.0,0.0,0.0,0,0,0,0.005779029426083949,0.007776411501550366
2016-11-07,0.0,0.0,0.0,0,0,0,0.005779029426083949,0.007776411501550366
2016-11-08,0.0,0.0,0.0,0,0,0,0.005779029426083949,0.007776411501550366
2016-11-09,0.0,0.0,0.0,0,0,0,0.005779029426083949,0.007776411501550366
2016-11-10,0.0,0.0,0.0,0,0,0,0.005779029426083949,0.007776411501550366
2016-11-14,0.0,0.0,0.0,0,0,0,0.005779029426083949,0.007776411501550366
2016-11-15,0.0,0.0,0.0,0,0,0,0.005779029426083949,0.007776411501550366
2016-11-16,0.0,0.0,0.0,0,0,0,0.005779029426083949,0.007776411501550366
2016-11-17,0.0,0.0,0.0,0,0,0,0.005779029426083949,0.007776411501550366
2016-11-18,0.0,0.0,0.0,0,0,0,0.005779029426083949,0.007776411501550366
2016-11-21,0.0,0.0,0.0,0,0,0,0.005779029426083949,0.007776411501550366
2016-11-22,0.0,0.0,0.0,0,0,0,0.005779029426083949,0.007776411501550366
2016-11-23,0.0,0.0,0.0,0,0,0,0.005779029426083949,0.007776411501550366
2016-11-25,0.0,0.0,0.0,0,0,0,0.005779029426083949,0.007776411501550366
2016-11-28,0.0,0.0,0.0,0,0,0,0.005779029426083949,0.007776411501550366
2016-11-29,0.0,0.0,0.0,0,0,0,0.005779029426083949,0.007776411501550366
2016-11-30,0.0,0.0,0.0,0,0,0,0.005779029426083949,0.007776411501550366
2016-12-01,0.0,0.0,0.0,0,0,0,0.005779029426083949,0.007776411501550366
2016-12-02,0.0,0.0,0.0,0,0,0,0.005779029426083949,0.007776411501550366
2016-12-05,0.0,0.0,0.0,0,0,0,0.005779029426083949,0.007776411501550366
2016-12-06,0.0,0.0,0.0,0,0,0,0.005779029426083949,0.007776411501550366
2016-12-07,0.0,0.0,0.0,0,0,0,0.005779029426083949,0.007776411501550366
2016-12-08,0.0,0.0,0.0,0,0,0,0.005779029426083949,0.007776411501550366
2016-12-09,0.0,0.0,0.0,0,0,0,0.005779029426083949,0.007776411501550366
2016-12-12,0.0,0.0,0.0,0,0,0,0.005779029426083949,0.007776411501550366
2016-12-13,0.0,0.0,0.0,0,0,0,0.005779029426083949,0.007776411501550366
2016-12-14,0.0,0.0,0.0,0,0,0,0.005779029426083949,0.007776411501550366
2016-12-15,0.0,0.0,0.0,0,0,0,0.005779029426083949,0.007776411501550366
2016-12-16,0.0,0.0,0.0,0,0,0,0.005779029426083949,0.007776411501550366
2016-12-19,0.0,0.0,0.0,0,0,0,0.005779029426083949,0.007776411501550366
2016-12-20,0.0,0.0,0.0,0,0,0,0.005779029426083949,0.007776411501550366
2016-12-21,0.0,0.0,0.0,0,0,0,0.005779029426083949,0.007776411501550366
2016-12-22,0.0,0.0,0.0,0,0,0,0.005779029426083949,0.007776411501550366
2016-12-23,0.0,0.0,0.0,0,0,0,0.005779029426083949,0.007776411501550366
2016-12-27,0.0,0.0,0.0,0,0,0,0.005779029426083949,0.007776411501550366
2016-12-28,0.0,0.0,0.0,0,0,0,0.005779029426083949,0.007776411501550366
2016-12-29,0.0,0.0,0.0,0,0,0,0.005779029426083949,0.007776411501550366
2016-12-30,0.0,0.0,0.0,0,0,0,0.005779029426083949,0.007776411501550366
2017-01-03,0.0,0.0,0.0,0,0,0,0.005779029426083949,0.007776411501550366
2017-01-04,0.0,0.0,0.0,0,0,0,0.005779029426083949,0.007776411501550366
2017-01-05,0.0,0.0,0.0,0,0,0,0.005779029426083949,0.007776411501550366
2017-01-06,0.0,0.0,0.0,0,0,0,0.005779029426083949,0.007776411501550366
2017-01-09,0.0,0.0,0.0,0,0,0,0.005779029426083949,0.007776411501550366
2017-01-10,0.0,0.0,0.0,0,0,0,0.005779029426083949,0.007776411501550366
2017-01-11,0.0,0.0,0.0,0,0,0,0.005779029426083949,0.007776411501550366
2017-01-12,0.0,0.0,0.0,0,0,0,0.005779029426083949,0.007776411501550366
2017-01-13,0.0,0.0,0.0,0,0,0,0.005779029426083949,0.007776411501550366
2017-01-17,0.0,0.0,0.0,0,0,0,0.005779029426083949,0.007776411501550366
2017-01-18,0.0,0.0,0.0,0,0,0,0.005779029426083949,0.007776411501550366
2017-01-19,0.0,0.0,0.0,0,0,0,0.005779029426083949,0.007776411501550366
2017-01-23,0.0,0.0,0.0,0,0,0,0.005779029426083949,0.007776411501550366
2017-01-24,0.0,0.0,0.0,0,0,0,0.005779029426083949,0.007776411501550366
2017-01-25,0.0,0.0,0.0,0,0,0,0.005779029426083949,0.007776411501550366
2017-01-26,0.0,0.0,0.0,0,0,0,0.005779029426083949,0.007776411501550366
2017-01-27,0.0,0.0,0.0,0,0,0,0.005779029426083949,0.007776411501550366
2017-01-30,0.0,0.0,0.0,0,0,0,0.005779029426083949,0.007776411501550366
2017-01-31,0.0,0.0,0.0,0,0,0,0.005779029426083949,0.007776411501550366
2017-02-01,0.0,0.0,0.0,0,0,0,0.005779029426083949,0.007776411501550366
2017-02-02,0.0,0.0,0.0,0,0,0,0.005779029426083949,0.007776411501550366
2017-02-03,0.0,0.0,0.0,0,0,0,0.005779029426083949,0.007776411501550366
2017-02-06,0.0,0.0,0.0,0,0,0,0.005779029426083949,0.007776411501550366
2017-02-07,0.0,0.0,0.0,0,0,0,0.005779029426083949,0.007776411501550366
2017-02-08,0.0,0.0,0.0,0,0,0,0.005779029426083949,0.007776411501550366
2017-02-09,0.0,0.0,0.0,0,0,0,0.005779029426083949,0.007776411501550366
2017-02-10,0.0,0.0,0.0,0,0,0,0.005779029426083949,0.007776411501550366
2017-02-13,0.0,0.0,0.0,0,0,0,0.005779029426083949,0.007776411501550366
2017-02-14,0.0,0.0,0.0,0,0,0,0.005779029426083949,0.007776411501550366
2017-02-15,0.0,0.0,0.0,0,0,0,0.005779029426083949,0.007776411501550366
2017-02-16,0.0,0.0,0.0,0,0,0,0.005779029426083949,0.007776411501550366
2017-02-17,0.0,0.0,0.0,0,0,0,0.005779029426083949,0.007776411501550366
2017-02-21,0.0,0.0,0.0,0,0,0,0.005779029426083949,0.007776411501550366
2017-02-22,0.0,0.0,0.0,0,0,0,0.005779029426083949,0.007776411501550366
2017-02-23,0.0,0.0,0.0,0,0,0,0.005779029426083949,0.007776411501550366
2017-02-24,0.0,0.0,0.0,0,0,0,0.005779029426083949,0.007776411501550366
2017-02-27,0.0,0.0,0.0,0,0,0,0.005779029426083949,0.007776411501550366
2017-02-28,0.0,0.0,0.0,0,0,0,0.005779029426083949,0.007776411501550366
2017-03-01,0.0,0.0,0.0,0,0,0,0.005779029426083949,0.007776411501550366
2017-03-02,0.0,0.0,0.0,0,0,0,0.005779029426083949,0.007776411501550366
2017-03-03,0.0,0.0,0.0,0,0,0,0.005779029426083949,0.007776411501550366
2017-03-06,0.0,0.0,0.0,0,0,0,0.005779029426083949,0.007776411501550366
2017-03-07,0.0,0.0,0.0,0,0,0,0.005779029426083949,0.007776411501550366
2017-03-08,0.0,0.0,0.0,0,0,0,0.005779029426083949,0.007776411501550366
2017-03-09,0.0,0.0,0.0,0,0,0,0.005779029426083949,0.007776411501550366
2017-03-10,0.0,0.0,0.0,0,0,0,0.005779029426083949,0.007776411501550366
2017-03-13,0.0,0.0,0.0,0,0,0,0.005779029426083949,0.007776411501550366
2017-03-14,0.0,0.0,0.0,0,0,0,0.005779029426083949,0.007776411501550366
2017-03-15,0.0,0.0,0.0,0,0,0,0.005779029426083949,0.007776411501550366
2017-03-16,0.0,0.0,0.0,0,0,0,0.005779029426083949,0.007776411501550366
2017-03-17,0.0,0.0,0.0,0,0,0,0.005779029426083949,0.007776411501550366
2017-03-20,0.0,0.0,0.0,0,0,0,0.005779029426083949,0.007776411501550366
2017-03-21,0.0,0.0,0.0,0,0,0,0.005779029426083949,0.007776411501550366
2017-03-22,0.0,0.0,0.0,0,0,0,0.005779029426083949,0.007776411501550366
2017-03-23,0.0,0.0,0.0,0,0,0,0.005779029426083949,0.007776411501550366
2017-03-24,0.0,0.0,0.0,0,0,0,0.005779029426083949,0.007776411501550366
2017-03-27,0.0,0.0,0.0,0,0,0,0.005779029426083949,0.007776411501550366
2017-03-28,0.0,0.0,0.0,0,0,0,0.005779029426083949,0.007776411501550366
2017-03-29,0.0,0.0,0.0,0,0,0,0.005779029426083949,0.007776411501550366
2017-03-30,0.0,0.0,0.0,0,0,0,0.005779029426083949,0.007776411501550366
2017-03-31,0.0,0.0,0.0,0,0,0,0.005779029426083949,0.007776411501550366
2017-04-03,0.0,0.0,0.0,0,0,0,0.005779029426083949,0.007776411501550366
2017-04-04,0.0,0.0,0.0,0,0,0,0.005779029426083949,0.007776411501550366
2017-04-05,0.0,0.0,0.0,0,0,0,0.005779029426083949,0.007776411501550366
2017-04-06,0.0,0.0,0.0,0,0,0,0.005779029426083949,0.007776411501550366
2017-04-07,0.0,0.0,0.0,0,0,0,0.005779029426083949,0.007776411501550366
2017-04-10,0.0,0.0,0.0,0,0,0,0.005779029426083949,0.007776411501550366
2017-04-11,0.0,0.0,0.0,0,0,0,0.005779029426083949,0.007776411501550366
2017-04-12,0.0,0.0,0.0,0,0,0,0.005779029426083949,0.007776411501550366
2017-04-13,0.0,0.0,0.0,0,0,0,0.005779029426083949,0.007776411501550366
2017-04-14,0.0,0.0,0.0,0,0,0,0.005779029426083949,0.007776411501550366
2017-04-17,0.0,0.0,0.0,0,0,0,0.005779029426083949,0.007776411501550366
2017-04-18,0.0,0.0,0.0,0,0,0,0.005779029426083949,0.007776411501550366
2017-04-19,0.0,0.0,0.0,0,0,0,0.005779029426083949,0.007776411501550366
2017-04-20,0.0,0.0,0.0,0,0,0,0.005779029426083949,0.007776411501550366
2017-04-21,0.0,0.0,0.0,0,0,0,0.005779029426083949,0.007776411501550366
2017-04-24,0.0,0.0,0.0,0,0,0,0.005779029426083949,0.007776411501550366
2017-04-25,0.0,0.0,0.0,0,0,0,0.005779029426083949,0.007776411501550366
2017-04-26,0.0,0.0,0.0,0,0,0,0.005779029426083949,0.007776411501550366
2017-04-27,0.0,0.0,0.0,0,0,0,0.005779029426083949,0.007776411501550366
2017-04-28,0.0,0.0,0.0,0,0,0,0.005779029426083949,0.007776411501550366
2017-05-01,0.0,0.0,0.0,0,0,0,0.005779029426083949,0.007776411501550366
2017-05-02,0.0,0.0,0.0,0,0,0,0.005779029426083949,0.007776411501550366
2017-05-03,0.0,0.0,0.0,0,0,0,0.005779029426083949,0.007776411501550366
2017-05-04,0.0,0.0,0.0,0,0,0,0.005779029426083949,0.007776411501550366
2017-05-05,0.0,0.0,0.0,0,0,0,0.005779029426083949,0.007776411501550366
2017-05-08,0.0,0.0,0.0,0,0,0,0.005779029426083949,0.007776411501550366
2017-05-09,0.0,0.0,0.0,0,0,0,0.005779029426083949,0.007776411501550366
2017-05-10,0.0,0.0,0.0,0,0,0,0.005779029426083949,0.007776411501550366
2017-05-11,0.0,0.0,0.0,0,0,0,0.005779029426083949,0.007776411501550366
2017-05-12,0.0,0.0,0.0,0,0,0,0.005779029426083949,0.007776411501550366
2017-05-15,0.0,0.0,0.0,0,0,0,0.005779029426083949,0.007776411501550366
2017-05-16,0.0,0.0,0.0,0,0,0,0.005779029426083949,0.007776411501550366
2017-05-17,0.0,0.0,0.0,0,0,0,0.005779029426083949,0.007776411501550366
2017-05-18,0.0,0.0,0.0,0,0,0,0.005779029426083949,0.007776411501550366
2017-05-19,0.0,0.0,0.0,0,0,0,0.005779029426083949,0.007776411501550366
2017-05-22,0.0,0.0,0.0,0,0,0,0.005779029426083949,0.007776411501550366
2017-05-23,0.0,0.0,0.0,0,0,0,0.005779029426083949,0.007776411501550366
2017-05-24,0.0,0.0,0.0,0,0,0,0.005779029426083949,0.007776411501550366
2017-05-25,0.0,0.0,0.0,0,0,0,0.005779029426083949,0.007776411501550366
2017-05-26,0.0,0.0,0.0,0,0,0,0.005779029426083949,0.007776411501550366
2017-05-30,0.0,0.0,0.0,0,0,0,0.005779029426083949,0.007776411501550366
2017-05-31,0.0,0.0,0.0,0,0,0,0.005779029426083949,0.007776411501550366
2017-06-01,0.0,0.0,0.0,0,0,0,0.005779029426083949,0.007776411501550366
2017-06-02,0.0,0.0,0.0,0,0,0,0.005779029426083949,0.007776411501550366
2017-06-05,0.0,0.0,0.0,0,0,0,0.005779029426083949,0.007776411501550366
2017-06-06,0.0,0.0,0.0,0,0,0,0.005779029426083949,0.007776411501550366
2017-06-07,0.0,0.0,0.0,0,0,0,0.005779029426083949,0.007776411501550366
2017-06-08,0.0,0.0,0.0,0,0,0,0.005779029426083949,0.007776411501550366
2017-06-09,0.0,0.0,0.0,0,0,0,0.005779029426083949,0.007776411501550366
2017-06-12,0.0,0.0,0.0,0,0,0,0.005779029426083949,0.007776411501550366
2017-06-13,0.0,0.0,0.0,0,0,0,0.005779029426083949,0.007776411501550366
2017-06-14,0.0,0.0,0.0,0,0,0,0.005779029426083949,0.007776411501550366
2017-06-15,0.0,0.0,0.0,0,0,0,0.005779029426083949,0.007776411501550366
2017-06-16,0.0,0.0,0.0,0,0,0,0.005779029426083949,0.007776411501550366
2017-06-19,0.0,0.0,0.0,0,0,0,0.005779029426083949,0.007776411501550366
2017-06-20,0.0,0.0,0.0,0,0,0,0.005779029426083949,0.007776411501550366
2017-06-21,0.0,0.0,0.0,0,0,0,0.005779029426083949,0.007776411501550366
2017-06-22,0.0,0.0,0.0,0,0,0,0.005779029426083949,0.007776411501550366
2017-06-23,0.0,0.0,0.0,0,0,0,0.005779029426083949,0.007776411501550366
2017-06-26,0.0,0.0,0.0,0,0,0,0.005779029426083949,0.007776411501550366
2017-06-27,0.0,0.0,0.0,0,0,0,0.005779029426083949,0.007776411501550366
2017-06-28,0.0,0.0,0.0,0,0,0,0.005779029426083949,0.007776411501550366
2017-06-29,0.0,0.0,0.0,0,0,0,0.005779029426083949,0.007776411501550366
2017-06-30,0.0,0.0,0.0,0,0,0,0.005779029426083949,0.007776411501550366
2017-07-03,0.0,0.0,0.0,0,0,0,0.005779029426083949,0.007776411501550366
2017-07-05,0.0,0.0,0.0,0,0,0,0.005779029426083949,0.007776411501550366
2017-07-06,0.0,0.0,0.0,0,0,0,0.005779029426083949,0.007776411501550366
2017-07-07,0.0,0.0,0.0,0,0,0,0.005779029426083949,0.007776411501550366
2017-07-10,0.0,0.0,0.0,0,0,0,0.005779029426083949,0.007776411501550366
2017-07-11,0.0,0.0,0.0,0,0,0,0.005779029426083949,0.007776411501550366
2017-07-12,0.0,0.0,0.0,0,0,0,0.005779029426083949,0.007776411501550366
2017-07-13,0.0,0.0,0.0,0,0,0,0.005779029426083949,0.007776411501550366
2017-07-14,0.0,0.0,0.0,0,0,0,0.005779029426083949,0.007776411501550366
2017-07-17,0.0,0.0,0.0,0,0,0,0.005779029426083949,0.007776411501550366
2017-07-18,0.0,0.0,0.0,0,0,0,0.005779029426083949,0.007776411501550366
2017-07-19,0.0,0.0,0.0,0,0,0,0.005779029426083949,0.007776411501550366
2017-07-20,0.0,0.0,0.0,0,0,0,0.005779029426083949,0.007776411501550366
2017-07-21,0.0,0.0,0.0,0,0,0,0.005779029426083949,0.007776411501550366
2017-07-24,0.0,0.0,0.0,0,0,0,0.005779029426083949,0.007776411501550366
2017-07-25,0.0,0.0,0.0,0,0,0,0.005779029426083949,0.007776411501550366
2017-07-26,0.0,0.0,0.0,0,0,0,0.005779029426083949,0.007776411501550366
2017-07-27,0.0,0.0,0.0,0,0,0,0.005779029426083949,0.007776411501550366
2017-07-28,0.0,0.0,0.0,0,0,0,0.005779029426083949,0.007776411501550366
2017-07-31,0.0,0.0,0.0,0,0,0,0.005779029426083949,0.007776411501550366
2017-08-01,0.0,0.0,0.0,0,0,0,0.005779029426083949,0.007776411501550366
2017-08-02,0.0,0.0,0.0,0,0,0,0.005779029426083949,0.007776411501550366
2017-08-03,0.0,0.0,0.0,0,0,0,0.005779029426083949,0.007776411501550366
2017-08-04,0.0,0.0,0.0,0,0,0,0.005779029426083949,0.007776411501550366
2017-08-07,0.0,0.0,0.0,0,0,0,0.005779029426083949,0.007776411501550366
2017-08-08,0.0,0.0,0.0,0,0,0,0.005779029426083949,0.007776411501550366
2017-08-09,0.0,0.0,0.0,0,0,0,0.005779029426083949,0.007776411501550366
2017-08-10,0.0,0.0,0.0,0,0,0,0.005779029426083949,0.007776411501550366
2017-08-11,0.0,0.0,0.0,0,0,0,0.005779029426083949,0.007776411501550366
2017-08-14,0.0,0.0,0.0,0,0,0,0.005779029426083949,0.007776411501550366
2017-08-15,0.0,0.0,0.0,0,0,0,0.005779029426083949,0.007776411501550366
2017-08-16,0.0,0.0,0.0,0,0,0,0.005779029426083949,0.007776411501550366
2017-08-17,0.0,0.0,0.0,0,0,0,0.005779029426083949,0.007776411501550366
2017-08-18,0.0,0.0,0.0,0,0,0,0.005779029426083949,0.007776411501550366
2017-08-21,0.0,0.0,0.0,0,0,0,0.005779029426083949,0.007776411501550366
2017-08-22,0.0,0.0,0.0,0,0,0,0.005779029426083949,0.007776411501550366
2017-08-23,0.0,0.0,0.0,0,0,0,0.005779029426083949,0.007776411501550366
2017-08-24,0.0,0.0,0.0,0,0,0,0.005779029426083949,0.007776411501550366
2017-08-25,0.0,0.0,0.0,0,0,0,0.005779029426083949,0.007776411501550366
2017-08-28,0.0,0.0,0.0,0,0,0,0.005779029426083949,0.007776411501550366
2017-08-29,0.0,0.0,0.0,0,0,0,0.005779029426083949,0.007776411501550366
2017-08-30,0.0,0.0,0.0,0,0,0,0.005779029426083949,0.007776411501550366
2017-08-31,0.0,0.0,0.0,0,0,0,0.005779029426083949,0.007776411501550366
2017-09-01,0.0,0.0,0.0,0,0,0,0.005779029426083949,0.007776411501550366
2017-09-05,0.0,0.0,0.0,0,0,0,0.005779029426083949,0.007776411501550366
2017-09-06,0.0,0.0,0.0,0,0,0,0.005779029426083949,0.007776411501550366
2017-09-07,0.0,0.0,0.0,0,0,0,0.005779029426083949,0.007776411501550366
2017-09-08,0.0,0.0,0.0,0,0,0,0.005779029426083949,0.007776411501550366
2017-09-11,0.0,0.0,0.0,0,0,0,0.005779029426083949,0.007776411501550366
2017-09-12,0.0,0.0,0.0,0,0,0,0.005779029426083949,0.007776411501550366
2017-09-13,0.0,0.0,0.0,0,0,0,0.005779029426083949,0.007776411501550366
2017-09-14,0.0,0.0,0.0,0,0,0,0.005779029426083949,0.007776411501550366
2017-09-15,0.0,0.0,0.0,0,0,0,0.005779029426083949,0.007776411501550366
2017-09-18,0.0,0.0,0.0,0,0,0,0.005779029426083949,0.007776411501550366
2017-09-19,0.0,0.0,0.0,0,0,0,0.005779029426083949,0.007776411501550366
2017-09-20,0.0,0.0,0.0,0,0,0,0.005779029426083949,0.007776411501550366
2017-09-21,0.0,0.0,0.0,0,0,0,0.005779029426083949,0.007776411501550366
2017-09-22,0.0,0.0,0.0,0,0,0,0.005779029426083949,0.007776411501550366
2017-09-25,0.0,0.0,0.0,0,0,0,0.005779029426083949,0.007776411501550366
2017-09-26,0.0,0.0,0.0,0,0,0,0.005779029426083949,0.007776411501550366
2017-09-27,0.0,0.0,0.0,0,0,0,0.005779029426083949,0.007776411501550366
2017-09-28,0.0,0.0,0.0,0,0,0,0.005779029426083949,0.007776411501550366
2017-09-29,0.0,0.0,0.0,0,0,0,0.005779029426083949,0.007776411501550366
2017-10-02,0.0,0.0,0.0,0,0,0,0.005779029426083949,0.007776411501550366
2017-10-03,0.0,0.0,0.0,0,0,0,0.005779029426083949,0.007776411501550366
2017-10-04,0.0,0.0,0.0,0,0,0,0.005779029426083949,0.007776411501550366
2017-10-05,0.0,0.0,0.0,0,0,0,0.005779029426083949,0.007776411501550366
2017-10-06,0.0,0.0,0.0,0,0,0,0.005779029426083949,0.007776411501550366
2017-10-10,0.0,0.0,0.0,0,0,0,0.005779029426083949,0.007776411501550366
2017-10-11,0.0,0.0,0.0,0,0,0,0.005779029426083949,0.007776411501550366
2017-10-12,0.0,0.0,0.0,0,0,0,0.005779029426083949,0.007776411501550366
2017-10-13,0.0,0.0,0.0,0,0,0,0.005779029426083949,0.007776411501550366
2017-10-16,0.0,0.0,0.0,0,0,0,0.005779029426083949,0.007776411501550366
2017-10-17,0.0,0.0,0.0,0,0,0,0.005779029426083949,0.007776411501550366
2017-10-18,0.0,0.0,0.0,0,0,0,0.005779029426083949,0.007776411501550366
2017-10-19,0.0,0.0,0.0,0,0,0,0.005779029426083949,0.007776411501550366
2017-10-20,0.0,0.0,0.0,0,0,0,0.005779029426083949,0.007776411501550366
2017-10-23,0.0,0.0,0.0,0,0,0,0.005779029426083949,0.007776411501550366
2017-10-24,0.0,0.0,0.0,0,0,0,0.005779029426083949,0.007776411501550366
2017-10-25,0.0,0.0,0.0,0,0,0,0.005779029426083949,0.007776411501550366
2017-10-26,0.0,0.0,0.0,0,0,0,0.005779029426083949,0.007776411501550366
2017-10-27,0.0,0.0,0.0,0,0,0,0.005779029426083949,0.007776411501550366
2017-10-30,0.0,0.0,0.0,0,0,0,0.005779029426083949,0.007776411501550366
2017-10-31,0.0,0.0,0.0,0,0,0,0.005779029426083949,0.007776411501550366
2017-11-01,0.0,0.0,0.0,0,0,0,0.005779029426083949,0.007776411501550366
2017-11-02,0.0,0.0,0.0,0,0,0,0.005779029426083949,0.007776411501550366
2017-11-03,0.0,0.0,0.0,0,0,0,0.005779029426083949,0.007776411501550366
2017-11-06,0.0,0.0,0.0,0,0,0,0.005779029426083949,0.007776411501550366
2017-11-07,0.0,0.0,0.0,0,0,0,0.005779029426083949,0.007776411501550366
2017-11-08,0.0,0.0,0.0,0,0,0,0.005779029426083949,0.007776411501550366
2017-11-09,0.0,0.0,0.0,0,0,0,0.005779029426083949,0.007776411501550366
2017-11-13,0.0,0.0,0.0,0,0,0,0.005779029426083949,0.007776411501550366
2017-11-14,0.0,0.0,0.0,0,0,0,0.005779029426083949,0.007776411501550366
2017-11-15,0.0,0.0,0.0,0,0,0,0.005779029426083949,0.007776411501550366
2017-11-16,0.0,0.0,0.0,0,0,0,0.005779029426083949,0.007776411501550366
2017-11-17,0.0,0.0,0.0,0,0,0,0.005779029426083949,0.007776411501550366
2017-11-20,0.0,0.0,0.0,0,0,0,0.005779029426083949,0.007776411501550366
2017-11-21,0.0,0.0,0.0,0,0,0,0.005779029426083949,0.007776411501550366
2017-11-22,0.0,0.0,0.0,0,0,0,0.005779029426083949,0.007776411501550366
2017-11-24,0.0,0.0,0.0,0,0,0,0.005779029426083949,0.007776411501550366
2017-11-27,0.0,0.0,0.0,0,0,0,0.005779029426083949,0.007776411501550366
2017-11-28,0.0,0.0,0.0,0,0,0,0.005779029426083949,0.007776411501550366
2017-11-29,0.0,0.0,0.0,0,0,0,0.005779029426083949,0.007776411501550366
2017-11-30,0.0,0.0,0.0,0,0,0,0.005779029426083949,0.007776411501550366
2017-12-01,0.0,0.0,0.0,0,0,0,0.005779029426083949,0.007776411501550366
2017-12-04,0.0,0.0,0.0,0,0,0,0.005779029426083949,0.007776411501550366
2017-12-05,0.0,0.0,0.0,0,0,0,0.005779029426083949,0.007776411501550366
2017-12-06,0.0,0.0,0.0,0,0,0,0.005779029426083949,0.007776411501550366
2017-12-07,0.0,0.0,0.0,0,0,0,0.005779029426083949,0.007776411501550366
2017-12-08,0.0,0.0,0.0,0,0,0,0.005779029426083949,0.007776411501550366
2017-12-11,0.0,0.0,0.0,0,0,0,0.005779029426083949,0.007776411501550366
2017-12-12,0.0,0.0,0.0,0,0,0,0.005779029426083949,0.007776411501550366
2017-12-13,0.0,0.0,0.0,0,0,0,0.005779029426083949,0.007776411501550366
2017-12-14,0.0,0.0,0.0,0,0,0,0.005779029426083949,0.007776411501550366
2017-12-15,0.0,0.0,0.0,0,0,0,0.005779029426083949,0.007776411501550366
2017-12-18,0.0,0.0,0.0,0,0,0,0.005779029426083949,0.007776411501550366
2017-12-19,0.0,0.0,0.0,0,0,0,0.005779029426083949,0.007776411501550366
2017-12-20,0.0,0.0,0.0,0,0,0,0.005779029426083949,0.007776411501550366
2017-12-21,0.0,0.0,0.0,0,0,0,0.005779029426083949,0.007776411501550366
2017-12-22,0.0,0.0,0.0,0,0,0,0.005779029426083949,0.007776411501550366
2017-12-26,0.0,0.0,0.0,0,0,0,0.005779029426083949,0.007776411501550366
2017-12-27,0.0,0.0,0.0,0,0,0,0.005779029426083949,0.007776411501550366
2017-12-28,0.0,0.0,0.0,0,0,0,0.005779029426083949,0.007776411501550366
2017-12-29,0.0,0.0,0.0,0,0,0,0.005779029426083949,0.007776411501550366
2018-01-02,0.0,0.0,0.0,0,0,0,0.005779029426083949,0.007776411501550366
2018-01-03,0.0,0.0,0.0,0,0,0,0.005779029426083949,0.007776411501550366
2018-01-04,0.0,0.0,0.0,0,0,0,0.005779029426083949,0.007776411501550366
2018-01-05,0.0,0.0,0.0,0,0,0,0.005779029426083949,0.007776411501550366
2018-01-08,0.0,0.0,0.0,0,0,0,0.005779029426083949,0.007776411501550366
2018-01-09,0.0,0.0,0.0,0,0,0,0.005779029426083949,0.007776411501550366
2018-01-10,0.0,0.0,0.0,0,0,0,0.005779029426083949,0.007776411501550366
2018-01-11,0.0,0.0,0.0,0,0,0,0.005779029426083949,0.007776411501550366
2018-01-12,0.0,0.0,0.0,0,0,0,0.005779029426083949,0.007776411501550366
2018-01-16,0.0,0.0,0.0,0,0,0,0.005779029426083949,0.007776411501550366
2018-01-17,0.0,0.0,0.0,0,0,0,0.005779029426083949,0.007776411501550366
2018-01-18,0.0,0.0,0.0,0,0,0,0.005779029426083949,0.007776411501550366
2018-01-19,0.0,0.0,0.0,0,0,0,0.005779029426083949,0.007776411501550366
2018-01-22,0.0,0.0,0.0,0,0,0,0.005779029426083949,0.007776411501550366
2018-01-23,0.0,0.0,0.0,0,0,0,0.005779029426083949,0.007776411501550366
2018-01-24,0.0,0.0,0.0,0,0,0,0.005779029426083949,0.007776411501550366
2018-01-25,0.0,0.0,0.0,0,0,0,0.005779029426083949,0.007776411501550366
2018-01-26,0.0,0.0,0.0,0,0,0,0.005779029426083949,0.007776411501550366
2018-01-29,0.0,0.0,0.0,0,0,0,0.005779029426083949,0.007776411501550366
2018-01-30,0.0,0.0,0.0,0,0,0,0.005779029426083949,0.007776411501550366
2018-01-31,0.0,0.0,0.0,0,0,0,0.005779029426083949,0.007776411501550366
2018-02-01,0.0,0.0,0.0,0,0,0,0.005779029426083949,0.007776411501550366
2018-02-02,0.0,0.0,0.0,0,0,0,0.005779029426083949,0.007776411501550366
2018-02-05,0.0,0.0,0.0,0,0,0,0.005779029426083949,0.007776411501550366
2018-02-06,0.0,0.0,0.0,0,0,0,0.005779029426083949,0.007776411501550366
2018-02-07,0.0,0.0,0.0,0,0,0,0.005779029426083949,0.007776411501550366
2018-02-08,0.0,0.0,0.0,0,0,0,0.005779029426083949,0.007776411501550366
2018-02-09,0.0,0.0,0.0,0,0,0,0.005779029426083949,0.007776411501550366
2018-02-12,0.0,0.0,0.0,0,0,0,0.005779029426083949,0.007776411501550366
2018-02-13,0.0,0.0,0.0,0,0,0,0.005779029426083949,0.007776411501550366
2018-02-14,0.0,0.0,0.0,0,0,0,0.005779029426083949,0.007776411501550366
2018-02-15,0.0,0.0,0.0,0,0,0,0.005779029426083949,0.007776411501550366
2018-02-16,0.0,0.0,0.0,0,0,0,0.005779029426083949,0.007776411501550366
2018-02-20,0.0,0.0,0.0,0,0,0,0.005779029426083949,0.007776411501550366
2018-02-21,0.0,0.0,0.0,0,0,0,0.005779029426083949,0.007776411501550366
2018-02-22,0.0,0.0,0.0,0,0,0,0.005779029426083949,0.007776411501550366
2018-02-23,0.0,0.0,0.0,0,0,0,0.005779029426083949,0.007776411501550366
2018-02-26,0.0,0.0,0.0,0,0,0,0.005779029426083949,0.007776411501550366
2018-02-27,0.0,0.0,0.0,0,0,0,0.005779029426083949,0.007776411501550366
2018-02-28,0.0,0.0,0.0,0,0,0,0.005779029426083949,0.007776411501550366
2018-03-01,0.0,0.0,0.0,0,0,0,0.005779029426083949,0.007776411501550366
2018-03-02,0.0,0.0,0.0,0,0,0,0.005779029426083949,0.007776411501550366
2018-03-05,0.0,0.0,0.0,0,0,0,0.005779029426083949,0.007776411501550366
2018-03-06,0.0,0.0,0.0,0,0,0,0.005779029426083949,0.007776411501550366
2018-03-07,0.0,0.0,0.0,0,0,0,0.005779029426083949,0.007776411501550366
2018-03-08,0.0,0.0,0.0,0,0,0,0.005779029426083949,0.007776411501550366
2018-03-09,0.0,0.0,0.0,0,0,0,0.005779029426083949,0.007776411501550366
2018-03-12,0.0,0.0,0.0,0,0,0,0.005779029426083949,0.007776411501550366
2018-03-13,0.0,0.0,0.0,0,0,0,0.005779029426083949,0.007776411501550366
2018-03-14,0.0,0.0,0.0,0,0,0,0.005779029426083949,0.007776411501550366
2018-03-15,0.0,0.0,0.0,0,0,0,0.005779029426083949,0.007776411501550366
2018-03-16,0.0,0.0,0.0,0,0,0,0.005779029426083949,0.007776411501550366
2018-03-19,0.0,0.0,0.0,0,0,0,0.005779029426083949,0.007776411501550366
2018-03-20,0.0,0.0,0.0,0,0,0,0.005779029426083949,0.007776411501550366
2018-03-21,0.0,0.0,0.0,0,0,0,0.005779029426083949,0.007776411501550366
2018-03-22,0.0,0.0,0.0,0,0,0,0.005779029426083949,0.007776411501550366
2018-03-23,0.0,0.0,0.0,0,0,0,0.005779029426083949,0.007776411501550366
2018-03-26,0.0,0.0,0.0,0,0,0,0.005779029426083949,0.007776411501550366
2018-03-27,0.0,0.0,0.0,0,0,0,0.005779029426083949,0.007776411501550366
2018-03-28,0.0,0.0,0.0,0,0,0,0.005779029426083949,0.007776411501550366
2018-03-29,0.0,0.0,0.0,0,0,0,0.005779029426083949,0.007776411501550366
2018-03-30,0.0,0.0,0.0,0,0,0,0.005779029426083949,0.007776411501550366
2018-04-02,0.0,0.0,0.0,0,0,0,0.005779029426083949,0.007776411501550366
2018-04-03,0.0,0.0,0.0,0,0,0,0.005779029426083949,0.007776411501550366
2018-04-04,0.0,0.0,0.0,0,0,0,0.005779029426083949,0.007776411501550366
2018-04-05,0.0,0.0,0.0,0,0,0,0.005779029426083949,0.007776411501550366
2018-04-06,0.0,0.0,0.0,0,0,0,0.005779029426083949,0.007776411501550366
2018-04-09,0.0,0.0,0.0,0,0,0,0.005779029426083949,0.007776411501550366
2018-04-10,0.0,0.0,0.0,0,0,0,0.005779029426083949,0.007776411501550366
2018-04-11,0.0,0.0,0.0,0,0,0,0.005779029426083949,0.007776411501550366
2018-04-12,0.0,0.0,0.0,0,0,0,0.005779029426083949,0.007776411501550366
2018-04-13,0.0,0.0,0.0,0,0,0,0.005779029426083949,0.007776411501550366
2018-04-16,0.0,0.0,0.0,0,0,0,0.005779029426083949,0.007776411501550366
2018-04-17,0.0,0.0,0.0,0,0,0,0.005779029426083949,0.007776411501550366
2018-04-18,0.0,0.0,0.0,0,0,0,0.005779029426083949,0.007776411501550366
2018-04-19,0.0,0.0,0.0,0,0,0,0.005779029426083949,0.007776411501550366
2018-04-20,0.0,0.0,0.0,0,0,0,0.005779029426083949,0.007776411501550366
2018-04-23,0.0,0.0,0.0,0,0,0,0.005779029426083949,0.007776411501550366
2018-04-24,0.0,0.0,0.0,0,0,0,0.005779029426083949,0.007776411501550366
2018-04-25,0.0,0.0,0.0,0,0,0,0.005779029426083949,0.007776411501550366
2018-04-26,0.0,0.0,0.0,0,0,0,0.005779029426083949,0.007776411501550366
2018-04-27,0.0,0.0,0.0,0,0,0,0.005779029426083949,0.007776411501550366
2018-04-30,0.0,0.0,0.0,0,0,0,0.005779029426083949,0.007776411501550366
2018-05-01,0.0,0.0,0.0,0,0,0,0.005779029426083949,0.007776411501550366
2018-05-02,0.0,0.0,0.0,0,0,0,0.005779029426083949,0.007776411501550366
2018-05-03,0.0,0.0,0.0,0,0,0,0.005779029426083949,0.007776411501550366
2018-05-04,0.0,0.0,0.0,0,0,0,0.005779029426083949,0.007776411501550366
2018-05-07,0.0,0.0,0.0,0,0,0,0.005779029426083949,0.007776411501550366
2018-05-08,0.0,0.0,0.0,0,0,0,0.005779029426083949,0.007776411501550366
2018-05-09,0.0,0.0,0.0,0,0,0,0.005779029426083949,0.007776411501550366
2018-05-10,0.0,0.0,0.0,0,0,0,0.005779029426083949,0.007776411501550366
2018-05-11,0.0,0.0,0.0,0,0,0,0.005779029426083949,0.007776411501550366
2018-05-14,0.0,0.0,0.0,0,0,0,0.005779029426083949,0.007776411501550366
2018-05-15,0.0,0.0,0.0,0,0,0,0.005779029426083949,0.007776411501550366
2018-05-16,0.0,0.0,0.0,0,0,0,0.005779029426083949,0.007776411501550366
2018-05-17,0.0,0.0,0.0,0,0,0,0.005779029426083949,0.007776411501550366
2018-05-18,0.0,0.0,0.0,0,0,0,0.005779029426083949,0.007776411501550366
2018-05-21,0.0,0.0,0.0,0,0,0,0.005779029426083949,0.007776411501550366
2018-05-22,0.0,0.0,0.0,0,0,0,0.005779029426083949,0.007776411501550366
2018-05-23,0.0,0.0,0.0,0,0,0,0.005779029426083949,0.007776411501550366
2018-05-24,0.0,0.0,0.0,0,0,0,0.005779029426083949,0.007776411501550366
2018-05-25,0.0,0.0,0.0,0,0,0,0.005779029426083949,0.007776411501550366
2018-05-29,0.0,0.0,0.0,0,0,0,0.005779029426083949,0.007776411501550366
2018-05-30,0.0,0.0,0.0,0,0,0,0.005779029426083949,0.007776411501550366
2018-05-31,0.0,0.0,0.0,0,0,0,0.005779029426083949,0.007776411501550366
2018-06-01,0.0,0.0,0.0,0,0,0,0.005779029426083949,0.007776411501550366
2018-06-04,0.0,0.0,0.0,0,0,0,0.005779029426083949,0.007776411501550366
2018-06-05,0.0,0.0,0.0,0,0,0,0.005779029426083949,0.007776411501550366
2018-06-06,0.0,0.0,0.0,0,0,0,0.005779029426083949,0.007776411501550366
2018-06-07,0.0,0.0,0.0,0,0,0,0.005779029426083949,0.007776411501550366
2018-06-08,0.0,0.0,0.0,0,0,0,0.005779029426083949,0.007776411501550366
2018-06-11,0.0,0.0,0.0,0,0,0,0.005779029426083949,0.007776411501550366
2018-06-12,0.0,0.0,0.0,0,0,0,0.005779029426083949,0.007776411501550366
2018-06-13,0.0,0.0,0.0,0,0,0,0.005779029426083949,0.007776411501550366
2018-06-14,0.0,0.0,0.0,0,0,0,0.005779029426083949,0.007776411501550366
2018-06-15,0.0,0.0,0.0,0,0,0,0.005779029426083949,0.007776411501550366
2018-06-18,0.0,0.0,0.0,0,0,0,0.005779029426083949,0.007776411501550366
2018-06-19,0.0,0.0,0.0,0,0,0,0.005779029426083949,0.007776411501550366
2018-06-20,0.0,0.0,0.0,0,0,0,0.005779029426083949,0.007776411501550366
2018-06-21,0.0,0.0,0.0,0,0,0,0.005779029426083949,0.007776411501550366
2018-06-22,0.0,0.0,0.0,0,0,0,0.005779029426083949,0.007776411501550366
2018-06-25,0.0,0.0,0.0,0,0,0,0.005779029426083949,0.007776411501550366
2018-06-26,0.0,0.0,0.0,0,0,0,0.005779029426083949,0.007776411501550366
2018-06-27,0.0,0.0,0.0,0,0,0,0.005779029426083949,0.007776411501550366
2018-06-28,0.0,0.0,0.0,0,0,0,0.005779029426083949,0.007776411501550366
2018-06-29,0.0,0.0,0.0,0,0,0,0.005779029426083949,0.007776411501550366
2018-07-02,0.0,0.0,0.0,0,0,0,0.005779029426083949,0.007776411501550366
2018-07-03,0.0,0.0,0.0,0,0,0,0.005779029426083949,0.007776411501550366
2018-07-05,0.0,0.0,0.0,0,0,0,0.005779029426083949,0.007776411501550366
2018-07-06,0.0,0.0,0.0,0,0,0,0.005779029426083949,0.007776411501550366
2018-07-09,0.0,0.0,0.0,0,0,0,0.005779029426083949,0.007776411501550366
2018-07-10,0.0,0.0,0.0,0,0,0,0.005779029426083949,0.007776411501550366
2018-07-11,0.0,0.0,0.0,0,0,0,0.005779029426083949,0.007776411501550366
2018-07-12,0.0,0.0,0.0,0,0,0,0.005779029426083949,0.007776411501550366
2018-07-13,0.0,0.0,0.0,0,0,0,0.005779029426083949,0.007776411501550366
2018-07-16,0.0,0.0,0.0,0,0,0,0.005779029426083949,0.007776411501550366
2018-07-17,0.0,0.0,0.0,0,0,0,0.005779029426083949,0.007776411501550366
2018-07-18,0.0,0.0,0.0,0,0,0,0.005779029426083949,0.007776411501550366
2018-07-19,0.0,0.0,0.0,0,0,0,0.005779029426083949,0.007776411501550366
2018-07-20,0.0,0.0,0.0,0,0,0,0.005779029426083949,0.007776411501550366
2018-07-23,0.0,0.0,0.0,0,0,0,0.005779029426083949,0.007776411501550366
2018-07-24,0.0,0.0,0.0,0,0,0,0.005779029426083949,0.007776411501550366
2018-07-25,0.0,0.0,0.0,0,0,0,0.005779029426083949,0.007776411501550366
2018-07-26,0.0,0.0,0.0,0,0,0,0.005779029426083949,0.007776411501550366
2018-07-27,0.0,0.0,0.0,0,0,0,0.005779029426083949,0.007776411501550366
2018-07-30,0.0,0.0,0.0,0,0,0,0.005779029426083949,0.007776411501550366
2018-07-31,0.0,0.0,0.0,0,0,0,0.005779029426083949,0.007776411501550366
2018-08-01,0.0,0.0,0.0,0,0,0,0.005779029426083949,0.007776411501550366
2018-08-02,0.0,0.0,0.0,0,0,0,0.005779029426083949,0.007776411501550366
2018-08-03,0.0,0.0,0.0,0,0,0,0.005779029426083949,0.007776411501550366
2018-08-06,0.0,0.0,0.0,0,0,0,0.005779029426083949,0.007776411501550366
2018-08-07,0.0,0.0,0.0,0,0,0,0.005779029426083949,0.007776411501550366
2018-08-08,0.0,0.0,0.0,0,0,0,0.005779029426083949,0.007776411501550366
2018-08-09,0.0,0.0,0.0,0,0,0,0.005779029426083949,0.007776411501550366
2018-08-10,0.0,0.0,0.0,0,0,0,0.005779029426083949,0.007776411501550366
2018-08-13,0.0,0.0,0.0,0,0,0,0.005779029426083949,0.007776411501550366
2018-08-14,0.0,0.0,0.0,0,0,0,0.005779029426083949,0.007776411501550366
2018-08-15,0.0,0.0,0.0,0,0,0,0.005779029426083949,0.007776411501550366
2018-08-16,0.0,0.0,0.0,0,0,0,0.005779029426083949,0.007776411501550366
2018-08-17,0.0,0.0,0.0,0,0,0,0.005779029426083949,0.007776411501550366
2018-08-20,0.0,0.0,0.0,0,0,0,0.005779029426083949,0.007776411501550366
2018-08-21,0.0,0.0,0.0,0,0,0,0.005779029426083949,0.007776411501550366
2018-08-22,0.0,0.0,0.0,0,0,0,0.005779029426083949,0.007776411501550366
2018-08-23,0.0,0.0,0.0,0,0,0,0.005779029426083949,0.007776411501550366
2018-08-24,0.0,0.0,0.0,0,0,0,0.005779029426083949,0.007776411501550366
2018-08-27,0.0,0.0,0.0,0,0,0,0.005779029426083949,0.007776411501550366
2018-08-28,0.0,0.0,0.0,0,0,0,0.005779029426083949,0.007776411501550366
2018-08-29,0.0,0.0,0.0,0,0,0,0.005779029426083949,0.007776411501550366
2018-08-30,0.0,0.0,0.0,0,0,0,0.005779029426083949,0.007776411501550366
2018-08-31,0.0,0.0,0.0,0,0,0,0.005779029426083949,0.007776411501550366
2018-09-04,0.0,0.0,0.0,0,0,0,0.005779029426083949,0.007776411501550366
2018-09-05,0.0,0.0,0.0,0,0,0,0.005779029426083949,0.007776411501550366
2018-09-06,0.0,0.0,0.0,0,0,0,0.005779029426083949,0.007776411501550366
2018-09-07,0.0,0.0,0.0,0,0,0,0.005779029426083949,0.007776411501550366
2018-09-10,0.0,0.0,0.0,0,0,0,0.005779029426083949,0.007776411501550366
2018-09-11,0.0,0.0,0.0,0,0,0,0.005779029426083949,0.007776411501550366
2018-09-12,0.0,0.0,0.0,0,0,0,0.005779029426083949,0.007776411501550366
2018-09-13,0.0,0.0,0.0,0,0,0,0.005779029426083949,0.007776411501550366
2018-09-14,0.0,0.0,0.0,0,0,0,0.005779029426083949,0.007776411501550366
2018-09-17,0.0,0.0,0.0,0,0,0,0.005779029426083949,0.007776411501550366
2018-09-18,0.0,0.0,0.0,0,0,0,0.005779029426083949,0.007776411501550366
2018-09-19,0.0,0.0,0.0,0,0,0,0.005779029426083949,0.007776411501550366
2018-09-20,0.0,0.0,0.0,0,0,0,0.005779029426083949,0.007776411501550366
2018-09-21,0.0,0.0,0.0,0,0,0,0.005779029426083949,0.007776411501550366
2018-09-24,0.0,0.0,0.0,0,0,0,0.005779029426083949,0.007776411501550366
2018-09-25,0.0,0.0,0.0,0,0,0,0.005779029426083949,0.007776411501550366
2018-09-26,0.0,0.0,0.0,0,0,0,0.005779029426083949,0.007776411501550366
2018-09-27,0.0,0.0,0.0,0,0,0,0.005779029426083949,0.007776411501550366
2018-09-28,0.0,0.0,0.0,0,0,0,0.005779029426083949,0.007776411501550366
2018-10-01,0.0,0.0,0.0,0,0,0,0.005779029426083949,0.007776411501550366
2018-10-02,0.0,0.0,0.0,0,0,0,0.005779029426083949,0.007776411501550366
2018-10-03,0.0,0.0,0.0,0,0,0,0.005779029426083949,0.007776411501550366
2018-10-04,0.0,0.0,0.0,0,0,0,0.005779029426083949,0.007776411501550366
2018-10-05,0.0,0.0,0.0,0,0,0,0.005779029426083949,0.007776411501550366
2018-10-09,0.0,0.0,0.0,0,0,0,0.005779029426083949,0.007776411501550366
2018-10-10,0.0,0.0,0.0,0,0,0,0.005779029426083949,0.007776411501550366
2018-10-11,0.0,0.0,0.0,0,0,0,0.005779029426083949,0.007776411501550366
2018-10-12,0.0,0.0,0.0,0,0,0,0.005779029426083949,0.007776411501550366
2018-10-15,0.0,0.0,0.0,0,0,0,0.005779029426083949,0.007776411501550366
2018-10-16,0.0,0.0,0.0,0,0,0,0.005779029426083949,0.007776411501550366
2018-10-17,0.0,0.0,0.0,0,0,0,0.005779029426083949,0.007776411501550366
2018-10-18,0.0,0.0,0.0,0,0,0,0.005779029426083949,0.007776411501550366
2018-10-19,0.0,0.0,0.0,0,0,0,0.005779029426083949,0.007776411501550366
2018-10-22,0.0,0.0,0.0,0,0,0,0.005779029426083949,0.007776411501550366
2018-10-23,0.0,0.0,0.0,0,0,0,0.005779029426083949,0.007776411501550366
2018-10-24,0.0,0.0,0.0,0,0,0,0.005779029426083949,0.007776411501550366
2018-10-25,0.0,0.0,0.0,0,0,0,0.005779029426083949,0.007776411501550366
2018-10-26,0.0,0.0,0.0,0,0,0,0.005779029426083949,0.007776411501550366
2018-10-29,0.0,0.0,0.0,0,0,0,0.005779029426083949,0.007776411501550366
2018-10-30,0.0,0.0,0.0,0,0,0,0.005779029426083949,0.007776411501550366
2018-10-31,0.0,0.0,0.0,0,0,0,0.005779029426083949,0.007776411501550366
2018-11-01,0.0,0.0,0.0,0,0,0,0.005779029426083949,0.007776411501550366
2018-11-02,0.0,0.0,0.0,0,0,0,0.005779029426083949,0.007776411501550366
2018-11-05,0.0,0.0,0.0,0,0,0,0.005779029426083949,0.007776411501550366
2018-11-06,0.0,0.0,0.0,0,0,0,0.005779029426083949,0.007776411501550366
2018-11-07,0.0,0.0,0.0,0,0,0,0.005779029426083949,0.007776411501550366
2018-11-08,0.0,0.0,0.0,0,0,0,0.005779029426083949,0.007776411501550366
2018-11-09,0.0,0.0,0.0,0,0,0,0.005779029426083949,0.007776411501550366
2018-11-13,0.0,0.0,0.0,0,0,0,0.005779029426083949,0.007776411501550366
2018-11-14,0.0,0.0,0.0,0,0,0,0.005779029426083949,0.007776411501550366
2018-11-15,0.0,0.0,0.0,0,0,0,0.005779029426083949,0.007776411501550366
2018-11-16,0.0,0.0,0.0,0,0,0,0.005779029426083949,0.007776411501550366
2018-11-19,0.0,0.0,0.0,0,0,0,0.005779029426083949,0.007776411501550366
2018-11-20,0.0,0.0,0.0,0,0,0,0.005779029426083949,0.007776411501550366
2018-11-21,0.0,0.0,0.0,0,0,0,0.005779029426083949,0.007776411501550366
2018-11-23,0.0,0.0,0.0,0,0,0,0.005779029426083949,0.007776411501550366
2018-11-26,0.0,0.0,0.0,0,0,0,0.005779029426083949,0.007776411501550366
2018-11-27,0.0,0.0,0.0,0,0,0,0.005779029426083949,0.007776411501550366
2018-11-28,0.0,0.0,0.0,0,0,0,0.005779029426083949,0.007776411501550366
2018-11-29,0.0,0.0,0.0,0,0,0,0.005779029426083949,0.007776411501550366
2018-11-30,0.0,0.0,0.0,0,0,0,0.005779029426083949,0.007776411501550366
2018-12-03,0.0,0.0,0.0,0,0,0,0.005779029426083949,0.007776411501550366
2018-12-04,0.0,0.0,0.0,0,0,0,0.005779029426083949,0.007776411501550366
2018-12-06,0.0,0.0,0.0,0,0,0,0.005779029426083949,0.007776411501550366
2018-12-07,0.0,0.0,0.0,0,0,0,0.005779029426083949,0.007776411501550366
2018-12-10,0.0,0.0,0.0,0,0,0,0.005779029426083949,0.007776411501550366
2018-12-11,0.0,0.0,0.0,0,0,0,0.005779029426083949,0.007776411501550366
2018-12-12,0.0,0.0,0.0,0,0,0,0.005779029426083949,0.007776411501550366
2018-12-13,0.0,0.0,0.0,0,0,0,0.005779029426083949,0.007776411501550366
2018-12-14,0.0,0.0,0.0,0,0,0,0.005779029426083949,0.007776411501550366
2018-12-17,0.0,0.0,0.0,0,0,0,0.005779029426083949,0.007776411501550366
2018-12-18,0.0,0.0,0.0,0,0,0,0.005779029426083949,0.007776411501550366
2018-12-19,0.0,0.0,0.0,0,0,0,0.005779029426083949,0.007776411501550366
2018-12-20,0.0,0.0,0.0,0,0,0,0.005779029426083949,0.007776411501550366
2018-12-21,0.0,0.0,0.0,0,0,0,0.005779029426083949,0.007776411501550366
2018-12-26,0.0,0.0,0.0,0,0,0,0.005779029426083949,0.007776411501550366
2018-12-27,0.0,0.0,0.0,0,0,0,0.005779029426083949,0.007776411501550366
2018-12-28,0.0,0.0,0.0,0,0,0,0.005779029426083949,0.007776411501550366
2018-12-31,0.0,0.0,0.0,0,0,0,0.005779029426083949,0.007776411501550366
2019-01-02,0.0,0.0,0.0,0,0,0,0.005779029426083949,0.007776411501550366
2019-01-03,0.0,0.0,0.0,0,0,0,0.005779029426083949,0.007776411501550366
2019-01-04,0.0,0.0,0.0,0,0,0,0.005779029426083949,0.007776411501550366
2019-01-07,0.0,0.0,0.0,0,0,0,0.005779029426083949,0.007776411501550366
2019-01-08,0.0,0.0,0.0,0,0,0,0.005779029426083949,0.007776411501550366
2019-01-09,0.0,0.0,0.0,0,0,0,0.005779029426083949,0.007776411501550366
2019-01-10,0.0,0.0,0.0,0,0,0,0.005779029426083949,0.007776411501550366
2019-01-11,0.0,0.0,0.0,0,0,0,0.005779029426083949,0.007776411501550366
2019-01-15,0.0,0.0,0.0,0,0,0,0.005779029426083949,0.007776411501550366
2019-01-16,0.0,0.0,0.0,0,0,0,0.005779029426083949,0.007776411501550366
2019-01-17,0.0,0.0,0.0,0,0,0,0.005779029426083949,0.007776411501550366
2019-01-18,0.0,0.0,0.0,0,0,0,0.005779029426083949,0.007776411501550366
2019-01-22,0.0,0.0,0.0,0,0,0,0.005779029426083949,0.007776411501550366
2019-01-23,0.0,0.0,0.0,0,0,0,0.005779029426083949,0.007776411501550366
2019-01-24,0.0,0.0,0.0,0,0,0,0.005779029426083949,0.007776411501550366
2019-01-25,0.0,0.0,0.0,0,0,0,0.005779029426083949,0.007776411501550366
2019-01-28,0.0,0.0,0.0,0,0,0,0.005779029426083949,0.007776411501550366
2019-01-29,0.0,0.0,0.0,0,0,0,0.005779029426083949,0.007776411501550366
2019-01-30,0.0,0.0,0.0,0,0,0,0.005779029426083949,0.007776411501550366
2019-01-31,0.0,0.0,0.0,0,0,0,0.005779029426083949,0.007776411501550366
2019-02-01,0.0,0.0,0.0,0,0,0,0.005779029426083949,0.007776411501550366
2019-02-04,0.0,0.0,0.0,0,0,0,0.005779029426083949,0.007776411501550366
2019-02-05,0.0,0.0,0.0,0,0,0,0.005779029426083949,0.007776411501550366
2019-02-06,0.0,0.0,0.0,0,0,0,0.005779029426083949,0.007776411501550366
2019-02-07,0.0,0.0,0.0,0,0,0,0.005779029426083949,0.007776411501550366
2019-02-08,0.0,0.0,0.0,0,0,0,0.005779029426083949,0.007776411501550366
2019-02-11,0.0,0.0,0.0,0,0,0,0.005779029426083949,0.007776411501550366
2019-02-12,0.0,0.0,0.0,0,0,0,0.005779029426083949,0.007776411501550366
2019-02-13,0.0,0.0,0.0,0,0,0,0.005779029426083949,0.007776411501550366
2019-02-14,0.0,0.0,0.0,0,0,0,0.005779029426083949,0.007776411501550366
2019-02-15,0.0,0.0,0.0,0,0,0,0.005779029426083949,0.007776411501550366
2019-02-19,0.0,0.0,0.0,0,0,0,0.005779029426083949,0.007776411501550366
2019-02-21,0.0,0.0,0.0,0,0,0,0.005779029426083949,0.007776411501550366
2019-02-22,0.0,0.0,0.0,0,0,0,0.005779029426083949,0.007776411501550366
2019-02-25,0.0,0.0,0.0,0,0,0,0.005779029426083949,0.007776411501550366
2019-02-26,0.0,0.0,0.0,0,0,0,0.005779029426083949,0.007776411501550366
2019-02-27,0.0,0.0,0.0,0,0,0,0.005779029426083949,0.007776411501550366
2019-02-28,0.0,0.0,0.0,0,0,0,0.005779029426083949,0.007776411501550366
2019-03-01,0.0,0.0,0.0,0,0,0,0.005779029426083949,0.007776411501550366
2019-03-04,0.0,0.0,0.0,0,0,0,0.005779029426083949,0.007776411501550366
2019-03-05,0.0,0.0,0.0,0,0,0,0.005779029426083949,0.007776411501550366
2019-03-06,0.0,0.0,0.0,0,0,0,0.005779029426083949,0.007776411501550366
2019-03-07,0.0,0.0,0.0,0,0,0,0.005779029426083949,0.007776411501550366
2019-03-08,0.0,0.0,0.0,0,0,0,0.005779029426083949,0.007776411501550366
2019-03-11,0.0,0.0,0.0,0,0,0,0.005779029426083949,0.007776411501550366
2019-03-12,0.0,0.0,0.0,0,0,0,0.005779029426083949,0.007776411501550366
2019-03-13,0.0,0.0,0.0,0,0,0,0.005779029426083949,0.007776411501550366
2019-03-14,0.0,0.0,0.0,0,0,0,0.005779029426083949,0.007776411501550366
2019-03-15,0.0,0.0,0.0,0,0,0,0.005779029426083949,0.007776411501550366
2019-03-18,0.0,0.0,0.0,0,0,0,0.005779029426083949,0.007776411501550366
2019-03-19,0.0,0.0,0.0,0,0,0,0.005779029426083949,0.007776411501550366
2019-03-20,0.0,0.0,0.0,0,0,0,0.005779029426083949,0.007776411501550366
2019-03-21,0.0,0.0,0.0,0,0,0,0.005779029426083949,0.007776411501550366
2019-03-22,0.0,0.0,0.0,0,0,0,0.005779029426083949,0.007776411501550366
2019-03-25,0.0,0.0,0.0,0,0,0,0.005779029426083949,0.007776411501550366
2019-03-26,0.0,0.0,0.0,0,0,0,0.005779029426083949,0.007776411501550366
2019-03-27,0.0,0.0,0.0,0,0,0,0.005779029426083949,0.007776411501550366
2019-03-28,0.0,0.0,0.0,0,0,0,0.005779029426083949,0.007776411501550366
2019-03-29,0.0,0.0,0.0,0,0,0,0.005779029426083949,0.007776411501550366
2019-04-01,0.0,0.0,0.0,0,0,0,0.005779029426083949,0.007776411501550366
2019-04-02,0.0,0.0,0.0,0,0,0,0.005779029426083949,0.007776411501550366
2019-04-03,0.0,0.0,0.0,0,0,0,0.005779029426083949,0.007776411501550366
2019-04-04,0.0,0.0,0.0,0,0,0,0.005779029426083949,0.007776411501550366
2019-04-05,0.0,0.0,0.0,0,0,0,0.005779029426083949,0.007776411501550366
2019-04-08,0.0,0.0,0.0,0,0,0,0.005779029426083949,0.007776411501550366
2019-04-09,0.0,0.0,0.0,0,0,0,0.005779029426083949,0.007776411501550366
2019-04-10,0.0,0.0,0.0,0,0,0,0.005779029426083949,0.007776411501550366
2019-04-11,0.0,0.0,0.0,0,0,0,0.005779029426083949,0.007776411501550366
2019-04-12,0.0,0.0,0.0,0,0,0,0.005779029426083949,0.007776411501550366
2019-04-15,0.0,0.0,0.0,0,0,0,0.005779029426083949,0.007776411501550366
2019-04-16,0.0,0.0,0.0,0,0,0,0.005779029426083949,0.007776411501550366
2019-04-17,0.0,0.0,0.0,0,0,0,0.005779029426083949,0.007776411501550366
2019-04-18,0.0,0.0,0.0,0,0,0,0.005779029426083949,0.007776411501550366
2019-04-19,0.0,0.0,0.0,0,0,0,0.005779029426083949,0.007776411501550366
2019-04-22,0.0,0.0,0.0,0,0,0,0.005779029426083949,0.007776411501550366
2019-04-23,0.0,0.0,0.0,0,0,0,0.005779029426083949,0.007776411501550366
2019-04-24,0.0,0.0,0.0,0,0,0,0.005779029426083949,0.007776411501550366
2019-04-25,0.0,0.0,0.0,0,0,0,0.005779029426083949,0.007776411501550366
2019-04-26,0.0,0.0,0.0,0,0,0,0.005779029426083949,0.007776411501550366
2019-04-29,0.0,0.0,0.0,0,0,0,0.005779029426083949,0.007776411501550366
2019-04-30,0.0,0.0,0.0,0,0,0,0.005779029426083949,0.007776411501550366
2019-05-01,0.0,0.0,0.0,0,0,0,0.005779029426083949,0.007776411501550366
2019-05-02,0.0,0.0,0.0,0,0,0,0.005779029426083949,0.007776411501550366
2019-05-03,0.0,0.0,0.0,0,0,0,0.005779029426083949,0.007776411501550366
2019-05-06,0.0,0.0,0.0,0,0,0,0.005779029426083949,0.007776411501550366
2019-05-07,0.0,0.0,0.0,0,0,0,0.005779029426083949,0.007776411501550366
2019-05-08,0.0,0.0,0.0,0,0,0,0.005779029426083949,0.007776411501550366
2019-05-09,0.0,0.0,0.0,0,0,0,0.005779029426083949,0.007776411501550366
2019-05-10,0.0,0.0,0.0,0,0,0,0.005779029426083949,0.007776411501550366
2019-05-13,0.0,0.0,0.0,0,0,0,0.005779029426083949,0.007776411501550366
2019-05-14,0.0,0.0,0.0,0,0,0,0.005779029426083949,0.007776411501550366
2019-05-15,0.0,0.0,0.0,0,0,0,0.005779029426083949,0.007776411501550366
2019-05-16,0.0,0.0,0.0,0,0,0,0.005779029426083949,0.007776411501550366
2019-05-17,0.0,0.0,0.0,0,0,0,0.005779029426083949,0.007776411501550366
2019-05-20,0.0,0.0,0.0,0,0,0,0.005779029426083949,0.007776411501550366
2019-05-21,0.0,0.0,0.0,0,0,0,0.005779029426083949,0.007776411501550366
2019-05-22,0.0,0.0,0.0,0,0,0,0.005779029426083949,0.007776411501550366
2019-05-23,0.0,0.0,0.0,0,0,0,0.005779029426083949,0.007776411501550366
2019-05-24,0.0,0.0,0.0,0,0,0,0.005779029426083949,0.007776411501550366
2019-05-28,0.0,0.0,0.0,0,0,0,0.005779029426083949,0.007776411501550366
2019-05-29,0.0,0.0,0.0,0,0,0,0.005779029426083949,0.007776411501550366
2019-05-30,0.0,0.0,0.0,0,0,0,0.005779029426083949,0.007776411501550366
2019-05-31,0.0,0.0,0.0,0,0,0,0.005779029426083949,0.007776411501550366
2019-06-03,0.0,0.0,0.0,0,0,0,0.005779029426083949,0.007776411501550366
2019-06-04,0.0,0.0,0.0,0,0,0,0.005779029426083949,0.007776411501550366
2019-06-05,0.0,0.0,0.0,0,0,0,0.005779029426083949,0.007776411501550366
2019-06-06,0.0,0.0,0.0,0,0,0,0.005779029426083949,0.007776411501550366
2019-06-07,0.0,0.0,0.0,0,0,0,0.005779029426083949,0.007776411501550366
2019-06-10,0.0,0.0,0.0,0,0,0,0.005779029426083949,0.007776411501550366
2019-06-11,0.0,0.0,0.0,0,0,0,0.005779029426083949,0.007776411501550366
2019-06-12,0.0,0.0,0.0,0,0,0,0.005779029426083949,0.007776411501550366
2019-06-13,0.0,0.0,0.0,0,0,0,0.005779029426083949,0.007776411501550366
2019-06-14,0.0,0.0,0.0,0,0,0,0.005779029426083949,0.007776411501550366
2019-06-17,0.0,0.0,0.0,0,0,0,0.005779029426083949,0.007776411501550366
2019-06-18,0.0,0.0,0.0,0,0,0,0.005779029426083949,0.007776411501550366
2019-06-19,0.0,0.0,0.0,0,0,0,0.005779029426083949,0.007776411501550366
2019-06-20,0.0,0.0,0.0,0,0,0,0.005779029426083949,0.007776411501550366
2019-06-21,0.0,0.0,0.0,0,0,0,0.005779029426083949,0.007776411501550366
2019-06-24,0.0,0.0,0.0,0,0,0,0.005779029426083949,0.007776411501550366
2019-06-25,0.0,0.0,0.0,0,0,0,0.005779029426083949,0.007776411501550366
2019-06-26,0.0,0.0,0.0,0,0,0,0.005779029426083949,0.007776411501550366
2019-06-27,0.0,0.0,0.0,0,0,0,0.005779029426083949,0.007776411501550366
2019-06-28,0.0,0.0,0.0,0,0,0,0.005779029426083949,0.007776411501550366
2019-07-01,0.0,0.0,0.0,0,0,0,0.005779029426083949,0.007776411501550366
2019-07-02,0.0,0.0,0.0,0,0,0,0.005779029426083949,0.007776411501550366
2019-07-03,0.0,0.0,0.0,0,0,0,0.005779029426083949,0.007776411501550366
2019-07-05,0.0,0.0,0.0,0,0,0,0.005779029426083949,0.007776411501550366
2019-07-08,0.0,0.0,0.0,0,0,0,0.005779029426083949,0.007776411501550366
2019-07-09,0.0,0.0,0.0,0,0,0,0.005779029426083949,0.007776411501550366
2019-07-10,0.0,0.0,0.0,0,0,0,0.005779029426083949,0.007776411501550366
2019-07-11,0.0,0.0,0.0,0,0,0,0.005779029426083949,0.007776411501550366
2019-07-12,0.0,0.0,0.0,0,0,0,0.005779029426083949,0.007776411501550366
2019-07-15,0.0,0.0,0.0,0,0,0,0.005779029426083949,0.007776411501550366
2019-07-16,0.0,0.0,0.0,0,0,0,0.005779029426083949,0.007776411501550366
2019-07-17,0.0,0.0,0.0,0,0,0,0.005779029426083949,0.007776411501550366
2019-07-18,0.0,0.0,0.0,0,0,0,0.005779029426083949,0.007776411501550366
2019-07-19,0.0,0.0,0.0,0,0,0,0.005779029426083949,0.007776411501550366
2019-07-22,0.0,0.0,0.0,0,0,0,0.005779029426083949,0.007776411501550366
2019-07-23,0.0,0.0,0.0,0,0,0,0.005779029426083949,0.007776411501550366
2019-07-24,0.0,0.0,0.0,0,0,0,0.005779029426083949,0.007776411501550366
2019-07-25,0.0,0.0,0.0,0,0,0,0.005779029426083949,0.007776411501550366
2019-07-26,0.0,0.0,0.0,0,0,0,0.005779029426083949,0.007776411501550366
2019-07-29,0.0,0.0,0.0,0,0,0,0.005779029426083949,0.007776411501550366
2019-07-30,0.0,0.0,0.0,0,0,0,0.005779029426083949,0.007776411501550366
2019-07-31,0.0,0.0,0.0,0,0,0,0.005779029426083949,0.007776411501550366
2019-08-01,0.0,0.0,0.0,0,0,0,0.005779029426083949,0.007776411501550366
2019-08-02,0.0,0.0,0.0,0,0,0,0.005779029426083949,0.007776411501550366
2019-08-05,0.0,0.0,0.0,0,0,0,0.005779029426083949,0.007776411501550366
2019-08-06,0.0,0.0,0.0,0,0,0,0.005779029426083949,0.007776411501550366
2019-08-07,0.0,0.0,0.0,0,0,0,0.005779029426083949,0.007776411501550366
2019-08-08,0.0,0.0,0.0,0,0,0,0.005779029426083949,0.007776411501550366
2019-08-09,0.0,0.0,0.0,0,0,0,0.005779029426083949,0.007776411501550366
2019-08-12,0.0,0.0,0.0,0,0,0,0.005779029426083949,0.007776411501550366
2019-08-13,0.0,0.0,0.0,0,0,0,0.005779029426083949,0.007776411501550366
2019-08-14,0.0,0.0,0.0,0,0,0,0.005779029426083949,0.007776411501550366
2019-08-15,0.0,0.0,0.0,0,0,0,0.005779029426083949,0.007776411501550366
2019-08-16,0.0,0.0,0.0,0,0,0,0.005779029426083949,0.007776411501550366
2019-08-19,0.0,0.0,0.0,0,0,0,0.005779029426083949,0.007776411501550366
2019-08-20,0.0,0.0,0.0,0,0,0,0.005779029426083949,0.007776411501550366
2019-08-21,0.0,0.0,0.0,0,0,0,0.005779029426083949,0.007776411501550366
2019-08-22,0.0,0.0,0.0,0,0,0,0.005779029426083949,0.007776411501550366
2019-08-23,0.0,0.0,0.0,0,0,0,0.005779029426083949,0.007776411501550366
2019-08-26,0.0,0.0,0.0,0,0,0,0.005779029426083949,0.007776411501550366
2019-08-27,0.0,0.0,0.0,0,0,0,0.005779029426083949,0.007776411501550366
2019-08-28,0.0,0.0,0.0,0,0,0,0.005779029426083949,0.007776411501550366
2019-08-29,0.0,0.0,0.0,0,0,0,0.005779029426083949,0.007776411501550366
2019-08-30,0.0,0.0,0.0,0,0,0,0.005779029426083949,0.007776411501550366
2019-09-03,0.0,0.0,0.0,0,0,0,0.005779029426083949,0.007776411501550366
2019-09-04,0.0,0.0,0.0,0,0,0,0.005779029426083949,0.007776411501550366
2019-09-05,0.0,0.0,0.0,0,0,0,0.005779029426083949,0.007776411501550366
2019-09-06,0.0,0.0,0.0,0,0,0,0.005779029426083949,0.007776411501550366
2019-09-09,0.0,0.0,0.0,0,0,0,0.005779029426083949,0.007776411501550366
2019-09-10,0.0,0.0,0.0,0,0,0,0.005779029426083949,0.007776411501550366
2019-09-11,0.0,0.0,0.0,0,0,0,0.005779029426083949,0.007776411501550366
2019-09-12,0.0,0.0,0.0,0,0,0,0.005779029426083949,0.007776411501550366
2019-09-13,0.0,0.0,0.0,0,0,0,0.005779029426083949,0.007776411501550366
2019-09-16,0.0,0.0,0.0,0,0,0,0.005779029426083949,0.007776411501550366
2019-09-17,0.0,0.0,0.0,0,0,0,0.005779029426083949,0.007776411501550366
2019-09-18,0.0,0.0,0.0,0,0,0,0.005779029426083949,0.007776411501550366
2019-09-19,0.0,0.0,0.0,0,0,0,0.005779029426083949,0.007776411501550366
2019-09-20,0.0,0.0,0.0,0,0,0,0.005779029426083949,0.007776411501550366
2019-09-23,0.0,0.0,0.0,0,0,0,0.005779029426083949,0.007776411501550366
2019-09-24,0.0,0.0,0.0,0,0,0,0.005779029426083949,0.007776411501550366
2019-09-25,0.0,0.0,0.0,0,0,0,0.005779029426083949,0.007776411501550366
2019-09-26,0.0,0.0,0.0,0,0,0,0.005779029426083949,0.007776411501550366
2019-09-27,0.0,0.0,0.0,0,0,0,0.005779029426083949,0.007776411501550366
2019-09-30,0.0,0.0,0.0,0,0,0,0.005779029426083949,0.007776411501550366
2019-10-01,0.0,0.0,0.0,0,0,0,0.005779029426083949,0.007776411501550366
2019-10-02,0.0,0.0,0.0,0,0,0,0.005779029426083949,0.007776411501550366
2019-10-03,0.0,0.0,0.0,0,0,0,0.005779029426083949,0.007776411501550366
2019-10-04,0.0,0.0,0.0,0,0,0,0.005779029426083949,0.007776411501550366
2019-10-07,0.0,0.0,0.0,0,0,0,0.005779029426083949,0.007776411501550366
2019-10-08,0.0,0.0,0.0,0,0,0,0.005779029426083949,0.007776411501550366
2019-10-09,0.0,0.0,0.0,0,0,0,0.005779029426083949,0.007776411501550366
2019-10-10,0.0,0.0,0.0,0,0,0,0.005779029426083949,0.007776411501550366
2019-10-11,0.0,0.0,0.0,0,0,0,0.005779029426083949,0.007776411501550366
2019-10-15,0.0,0.0,0.0,0,0,0,0.005779029426083949,0.007776411501550366
2019-10-16,0.0,0.0,0.0,0,0,0,0.005779029426083949,0.007776411501550366
2019-10-17,0.0,0.0,0.0,0,0,0,0.005779029426083949,0.007776411501550366
2019-10-18,0.0,0.0,0.0,0,0,0,0.005779029426083949,0.007776411501550366
2019-10-21,0.0,0.0,0.0,0,0,0,0.005779029426083949,0.007776411501550366
2019-10-22,0.0,0.0,0.0,0,0,0,0.005779029426083949,0.007776411501550366
2019-10-23,0.0,0.0,0.0,0,0,0,0.005779029426083949,0.007776411501550366
2019-10-24,0.0,0.0,0.0,0,0,0,0.005779029426083949,0.007776411501550366
2019-10-25,0.0,0.0,0.0,0,0,0,0.005779029426083949,0.007776411501550366
2019-10-28,0.0,0.0,0.0,0,0,0,0.005779029426083949,0.007776411501550366
2019-10-29,0.0,0.0,0.0,0,0,0,0.005779029426083949,0.007776411501550366
2019-10-30,0.0,0.0,0.0,0,0,0,0.005779029426083949,0.007776411501550366
2019-10-31,0.0,0.0,0.0,0,0,0,0.005779029426083949,0.007776411501550366
2019-11-01,0.0,0.0,0.0,0,0,0,0.005779029426083949,0.007776411501550366
2019-11-04,0.0,0.0,0.0,0,0,0,0.005779029426083949,0.007776411501550366
2019-11-05,0.0,0.0,0.0,0,0,0,0.005779029426083949,0.007776411501550366
2019-11-06,0.0,0.0,0.0,0,0,0,0.005779029426083949,0.007776411501550366
2019-11-07,0.0,0.0,0.0,0,0,0,0.005779029426083949,0.007776411501550366
2019-11-08,0.0,0.0,0.0,0,0,0,0.005779029426083949,0.007776411501550366
2019-11-12,0.0,0.0,0.0,0,0,0,0.005779029426083949,0.007776411501550366
2019-11-13,0.0,0.0,0.0,0,0,0,0.005779029426083949,0.007776411501550366
2019-11-14,0.0,0.0,0.0,0,0,0,0.005779029426083949,0.007776411501550366
2019-11-15,0.0,0.0,0.0,0,0,0,0.005779029426083949,0.007776411501550366
2019-11-18,0.0,0.0,0.0,0,0,0,0.005779029426083949,0.007776411501550366
2019-11-19,0.0,0.0,0.0,0,0,0,0.005779029426083949,0.007776411501550366
2019-11-20,0.0,0.0,0.0,0,0,0,0.005779029426083949,0.007776411501550366
2019-11-21,0.0,0.0,0.0,0,0,0,0.005779029426083949,0.007776411501550366
2019-11-22,0.0,0.0,0.0,0,0,0,0.005779029426083949,0.007776411501550366
2019-11-25,0.0,0.0,0.0,0,0,0,0.005779029426083949,0.007776411501550366
2019-11-26,0.0,0.0,0.0,0,0,0,0.005779029426083949,0.007776411501550366
2019-11-27,0.0,0.0,0.0,0,0,0,0.005779029426083949,0.007776411501550366
2019-11-29,0.0,0.0,0.0,0,0,0,0.005779029426083949,0.007776411501550366
2019-12-02,0.0,0.0,0.0,0,0,0,0.005779029426083949,0.007776411501550366
2019-12-03,0.0,0.0,0.0,0,0,0,0.005779029426083949,0.007776411501550366
2019-12-04,0.0,0.0,0.0,0,0,0,0.005779029426083949,0.007776411501550366
2019-12-05,0.0,0.0,0.0,0,0,0,0.005779029426083949,0.007776411501550366
2019-12-06,0.0,0.0,0.0,0,0,0,0.005779029426083949,0.007776411501550366
2019-12-09,0.0,0.0,0.0,0,0,0,0.005779029426083949,0.007776411501550366
2019-12-10,0.0,0.0,0.0,0,0,0,0.005779029426083949,0.007776411501550366
2019-12-11,0.0,0.0,0.0,0,0,0,0.005779029426083949,0.007776411501550366
2019-12-12,0.0,0.0,0.0,0,0,0,0.005779029426083949,0.007776411501550366
2019-12-13,0.0,0.0,0.0,0,0,0,0.005779029426083949,0.007776411501550366
2019-12-16,0.0,0.0,0.0,0,0,0,0.005779029426083949,0.007776411501550366
2019-12-17,0.0,0.0,0.0,0,0,0,0.005779029426083949,0.007776411501550366
2019-12-18,0.0,0.0,0.0,0,0,0,0.005779029426083949,0.007776411501550366
2019-12-19,0.0,0.0,0.0,0,0,0,0.005779029426083949,0.007776411501550366
2019-12-20,0.0,0.0,0.0,0,0,0,0.005779029426083949,0.007776411501550366
2019-12-23,0.0,0.0,0.0,0,0,0,0.005779029426083949,0.007776411501550366
2019-12-24,0.0,0.0,0.0,0,0,0,0.005779029426083949,0.007776411501550366
2019-12-26,0.0,0.0,0.0,0,0,0,0.005779029426083949,0.007776411501550366
2019-12-27,0.0,0.0,0.0,0,0,0,0.005779029426083949,0.007776411501550366
2019-12-30,0.0,0.0,0.0,0,0,0,0.005779029426083949,0.007776411501550366
2019-12-31,0.0,0.0,0.0,0,0,0,0.005779029426083949,0.007776411501550366
2020-01-02,0.0,0.0,0.0,0,0,0,0.005779029426083949,0.007776411501550366
2020-01-03,0.0,0.0,0.0,0,0,0,0.005779029426083949,0.007776411501550366
2020-01-06,0.0,0.0,0.0,0,0,0,0.005779029426083949,0.007776411501550366
2020-01-07,0.0,0.0,0.0,0,0,0,0.005779029426083949,0.007776411501550366
2020-01-08,0.0,0.0,0.0,0,0,0,0.005779029426083949,0.007776411501550366
2020-01-09,0.0,0.0,0.0,0,0,0,0.005779029426083949,0.007776411501550366
2020-01-10,0.0,0.0,0.0,0,0,0,0.005779029426083949,0.007776411501550366
2020-01-13,0.0,0.0,0.0,0,0,0,0.005779029426083949,0.007776411501550366
2020-01-14,0.0,0.0,0.0,0,0,0,0.005779029426083949,0.007776411501550366
2020-01-15,0.0,0.0,0.0,0,0,0,0.005779029426083949,0.007776411501550366
2020-01-16,0.0,0.0,0.0,0,0,0,0.005779029426083949,0.007776411501550366
2020-01-17,0.0,0.0,0.0,0,0,0,0.005779029426083949,0.007776411501550366
2020-01-21,0.0,0.0,0.0,0,0,0,0.005779029426083949,0.007776411501550366
2020-01-22,0.0,0.0,0.0,0,0,0,0.005779029426083949,0.007776411501550366
2020-01-23,0.0,0.0,0.0,0,0,0,0.005779029426083949,0.007776411501550366
2020-01-24,0.0,0.0,0.0,0,0,0,0.005779029426083949,0.007776411501550366
2020-01-27,0.0,0.0,0.0,0,0,0,0.005779029426083949,0.007776411501550366
2020-01-28,0.0,0.0,0.0,0,0,0,0.005779029426083949,0.007776411501550366
2020-01-29,0.0,0.0,0.0,0,0,0,0.005779029426083949,0.007776411501550366
2020-01-30,0.0,0.0,0.0,0,0,0,0.005779029426083949,0.007776411501550366
2020-01-31,0.0,0.0,0.0,0,0,0,0.005779029426083949,0.007776411501550366
2020-02-03,0.0,0.0,0.0,0,0,0,0.005779029426083949,0.007776411501550366
2020-02-04,0.0,0.0,0.0,0,0,0,0.005779029426083949,0.007776411501550366
2020-02-05,0.0,0.0,0.0,0,0,0,0.005779029426083949,0.007776411501550366
2020-02-06,0.0,0.0,0.0,0,0,0,0.005779029426083949,0.007776411501550366
2020-02-07,0.0,0.0,0.0,0,0,0,0.005779029426083949,0.007776411501550366
2020-02-10,0.0,0.0,0.0,0,0,0,0.005779029426083949,0.007776411501550366
2020-02-11,0.0,0.0,0.0,0,0,0,0.005779029426083949,0.007776411501550366
2020-02-12,0.0,0.0,0.0,0,0,0,0.005779029426083949,0.007776411501550366
2020-02-13,0.0,0.0,0.0,0,0,0,0.005779029426083949,0.007776411501550366
2020-02-14,0.0,0.0,0.0,0,0,0,0.005779029426083949,0.007776411501550366
2020-02-18,0.0,0.0,0.0,0,0,0,0.005779029426083949,0.007776411501550366
2020-02-19,0.0,0.0,0.0,0,0,0,0.005779029426083949,0.007776411501550366
2020-02-20,0.0,0.0,0.0,0,0,0,0.005779029426083949,0.007776411501550366
2020-02-21,0.0,0.0,0.0,0,0,0,0.005779029426083949,0.007776411501550366
2020-02-24,0.0,0.0,0.0,0,0,0,0.005779029426083949,0.007776411501550366
2020-02-25,0.0,0.0,0.0,0,0,0,0.005779029426083949,0.007776411501550366
2020-02-26,0.0,0.0,0.0,0,0,0,0.005779029426083949,0.007776411501550366
2020-02-27,0.0,0.0,0.0,0,0,0,0.005779029426083949,0.007776411501550366
2020-02-28,0.0,0.0,0.0,0,0,0,0.005779029426083949,0.007776411501550366
2020-03-02,0.0,0.0,0.0,0,0,0,0.005779029426083949,0.007776411501550366
2020-03-03,0.0,0.0,0.0,0,0,0,0.005779029426083949,0.007776411501550366
2020-03-04,0.0,0.0,0.0,0,0,0,0.005779029426083949,0.007776411501550366
2020-03-05,0.0,0.0,0.0,0,0,0,0.005779029426083949,0.007776411501550366
2020-03-06,0.0,0.0,0.0,0,0,0,0.005779029426083949,0.007776411501550366
2020-03-09,0.0,0.0,0.0,0,0,0,0.005779029426083949,0.007776411501550366
2020-03-10,0.0,0.0,0.0,0,0,0,0.005779029426083949,0.007776411501550366
2020-03-11,0.0,0.0,0.0,0,0,0,0.005779029426083949,0.007776411501550366
2020-03-12,0.0,0.0,0.0,0,0,0,0.005779029426083949,0.007776411501550366
2020-03-13,0.0,0.0,0.0,0,0,0,0.005779029426083949,0.007776411501550366
2020-03-16,0.0,0.0,0.0,0,0,0,0.005779029426083949,0.007776411501550366
2020-03-17,0.0,0.0,0.0,0,0,0,0.005779029426083949,0.007776411501550366
2020-03-18,0.0,0.0,0.0,0,0,0,0.005779029426083949,0.007776411501550366
2020-03-19,0.0,0.0,0.0,0,0,0,0.005779029426083949,0.007776411501550366
2020-03-20,0.0,0.0,0.0,0,0,0,0.005779029426083949,0.007776411501550366
2020-03-23,0.0,0.0,0.0,0,0,0,0.005779029426083949,0.007776411501550366
2020-03-24,0.0,0.0,0.0,0,0,0,0.005779029426083949,0.007776411501550366
2020-03-25,0.0,0.0,0.0,0,0,0,0.005779029426083949,0.007776411501550366
2020-03-26,0.0,0.0,0.0,0,0,0,0.005779029426083949,0.007776411501550366
2020-03-27,0.0,0.0,0.0,0,0,0,0.005779029426083949,0.007776411501550366
2020-03-30,0.0,0.0,0.0,0,0,0,0.005779029426083949,0.007776411501550366
2020-03-31,0.0,0.0,0.0,0,0,0,0.005779029426083949,0.007776411501550366
2020-04-01,0.0,0.0,0.0,0,0,0,0.005779029426083949,0.007776411501550366
2020-04-02,0.0,0.0,0.0,0,0,0,0.005779029426083949,0.007776411501550366
2020-04-03,0.0,0.0,0.0,0,0,0,0.005779029426083949,0.007776411501550366
2020-04-06,0.0,0.0,0.0,0,0,0,0.005779029426083949,0.007776411501550366
2020-04-07,0.0,0.0,0.0,0,0,0,0.005779029426083949,0.007776411501550366
2020-04-08,0.0,0.0,0.0,0,0,0,0.005779029426083949,0.007776411501550366
2020-04-09,0.0,0.0,0.0,0,0,0,0.005779029426083949,0.007776411501550366
2020-04-10,0.0,0.0,0.0,0,0,0,0.005779029426083949,0.007776411501550366
2020-04-13,0.0,0.0,0.0,0,0,0,0.005779029426083949,0.007776411501550366
2020-04-14,0.0,0.0,0.0,0,0,0,0.005779029426083949,0.007776411501550366
2020-04-15,0.0,0.0,0.0,0,0,0,0.005779029426083949,0.007776411501550366
2020-04-16,0.0,0.0,0.0,0,0,0,0.005779029426083949,0.007776411501550366
2020-04-17,0.0,0.0,0.0,0,0,0,0.005779029426083949,0.007776411501550366
2020-04-20,0.0,0.0,0.0,0,0,0,0.005779029426083949,0.007776411501550366
2020-04-21,0.0,0.0,0.0,0,0,0,0.005779029426083949,0.007776411501550366
2020-04-22,0.0,0.0,0.0,0,0,0,0.005779029426083949,0.007776411501550366
2020-04-23,0.0,0.0,0.0,0,0,0,0.005779029426083949,0.007776411501550366
2020-04-24,0.0,0.0,0.0,0,0,0,0.005779029426083949,0.007776411501550366
2020-04-27,0.0,0.0,0.0,0,0,0,0.005779029426083949,0.007776411501550366
2020-04-28,0.0,0.0,0.0,0,0,0,0.005779029426083949,0.007776411501550366
2020-04-29,0.0,0.0,0.0,0,0,0,0.005779029426083949,0.007776411501550366
2020-04-30,0.0,0.0,0.0,0,0,0,0.005779029426083949,0.007776411501550366
2020-05-01,0.0,0.0,0.0,0,0,0,0.005779029426083949,0.007776411501550366
2020-05-04,0.0,0.0,0.0,0,0,0,0.005779029426083949,0.007776411501550366
2020-05-05,0.0,0.0,0.0,0,0,0,0.005779029426083949,0.007776411501550366
2020-05-06,0.0,0.0,0.0,0,0,0,0.005779029426083949,0.007776411501550366
2020-05-07,0.0,0.0,0.0,0,0,0,0.005779029426083949,0.007776411501550366
2020-05-08,0.0,0.0,0.0,0,0,0,0.005779029426083949,0.007776411501550366
2020-05-11,0.0,0.0,0.0,0,0,0,0.005779029426083949,0.007776411501550366
2020-05-12,0.0,0.0,0.0,0,0,0,0.005779029426083949,0.007776411501550366
2020-05-13,0.0,0.0,0.0,0,0,0,0.005779029426083949,0.007776411501550366
2020-05-14,0.0,0.0,0.0,0,0,0,0.005779029426083949,0.007776411501550366
2020-05-15,0.0,0.0,0.0,0,0,0,0.005779029426083949,0.007776411501550366
2020-05-18,0.0,0.0,0.0,0,0,0,0.005779029426083949,0.007776411501550366
2020-05-19,0.0,0.0,0.0,0,0,0,0.005779029426083949,0.007776411501550366
2020-05-20,0.0,0.0,0.0,0,0,0,0.005779029426083949,0.007776411501550366
2020-05-21,0.0,0.0,0.0,0,0,0,0.005779029426083949,0.007776411501550366
2020-05-22,0.0,0.0,0.0,0,0,0,0.005779029426083949,0.007776411501550366
2020-05-26,0.0,0.0,0.0,0,0,0,0.005779029426083949,0.007776411501550366
2020-05-27,0.0,0.0,0.0,0,0,0,0.005779029426083949,0.007776411501550366
2020-05-28,0.0,0.0,0.0,0,0,0,0.005779029426083949,0.007776411501550366
2020-05-29,0.0,0.0,0.0,0,0,0,0.005779029426083949,0.007776411501550366
2020-06-01,0.0,0.0,0.0,0,0,0,0.005779029426083949,0.007776411501550366
2020-06-02,0.0,0.0,0.0,0,0,0,0.005779029426083949,0.007776411501550366
2020-06-03,0.0,0.0,0.0,0,0,0,0.005779029426083949,0.007776411501550366
2020-06-04,0.0,0.0,0.0,0,0,0,0.005779029426083949,0.007776411501550366
2020-06-05,0.0,0.0,0.0,0,0,0,0.005779029426083949,0.007776411501550366
2020-06-08,0.0,0.0,0.0,0,0,0,0.005779029426083949,0.007776411501550366
2020-06-09,0.0,0.0,0.0,0,0,0,0.005779029426083949,0.007776411501550366
2020-06-10,0.0,0.0,0.0,0,0,0,0.005779029426083949,0.007776411501550366
2020-06-11,0.0,0.0,0.0,0,0,0,0.005779029426083949,0.007776411501550366
2020-06-12,0.0,0.0,0.0,0,0,0,0.005779029426083949,0.007776411501550366
2020-06-15,0.0,0.0,0.0,0,0,0,0.005779029426083949,0.007776411501550366
2020-06-16,0.0,0.0,0.0,0,0,0,0.005779029426083949,0.007776411501550366
2020-06-17,0.0,0.0,0.0,0,0,0,0.005779029426083949,0.007776411501550366
2020-06-18,0.0,0.0,0.0,0,0,0,0.005779029426083949,0.007776411501550366
2020-06-19,0.0,0.0,0.0,0,0,0,0.005779029426083949,0.007776411501550366
2020-06-22,0.0,0.0,0.0,0,0,0,0.005779029426083949,0.007776411501550366
2020-06-23,0.0,0.0,0.0,0,0,0,0.005779029426083949,0.007776411501550366
2020-06-24,0.0,0.0,0.0,0,0,0,0.005779029426083949,0.007776411501550366
2020-06-25,0.0,0.0,0.0,0,0,0,0.005779029426083949,0.007776411501550366
2020-06-26,0.0,0.0,0.0,0,0,0,0.005779029426083949,0.007776411501550366
2020-06-29,0.0,0.0,0.0,0,0,0,0.005779029426083949,0.007776411501550366
2020-06-30,0.0,0.0,0.0,0,0,0,0.005779029426083949,0.007776411501550366
2020-07-01,0.0,0.0,0.0,0,0,0,0.005779029426083949,0.007776411501550366
2020-07-02,0.0,0.0,0.0,0,0,0,0.005779029426083949,0.007776411501550366
2020-07-06,0.0,0.0,0.0,0,0,0,0.005779029426083949,0.007776411501550366
2020-07-07,0.0,0.0,0.0,0,0,0,0.005779029426083949,0.007776411501550366
2020-07-08,0.0,0.0,0.0,0,0,0,0.005779029426083949,0.007776411501550366
2020-07-09,0.0,0.0,0.0,0,0,0,0.005779029426083949,0.007776411501550366
2020-07-10,0.0,0.0,0.0,0,0,0,0.005779029426083949,0.007776411501550366
2020-07-13,0.0,0.0,0.0,0,0,0,0.005779029426083949,0.007776411501550366
2020-07-14,0.0,0.0,0.0,0,0,0,0.005779029426083949,0.007776411501550366
2020-07-15,0.0,0.0,0.0,0,0,0,0.005779029426083949,0.007776411501550366
2020-07-16,0.0,0.0,0.0,0,0,0,0.005779029426083949,0.007776411501550366
2020-07-17,0.0,0.0,0.0,0,0,0,0.005779029426083949,0.007776411501550366
2020-07-20,0.0,0.0,0.0,0,0,0,0.005779029426083949,0.007776411501550366
2020-07-21,0.0,0.0,0.0,0,0,0,0.005779029426083949,0.007776411501550366
2020-07-22,0.0,0.0,0.0,0,0,0,0.005779029426083949,0.007776411501550366
2020-07-23,0.0,0.0,0.0,0,0,0,0.005779029426083949,0.007776411501550366
2020-07-24,0.0,0.0,0.0,0,0,0,0.005779029426083949,0.007776411501550366
2020-07-27,0.0,0.0,0.0,0,0,0,0.005779029426083949,0.007776411501550366
2020-07-28,0.0,0.0,0.0,0,0,0,0.005779029426083949,0.007776411501550366
2020-07-29,0.0,0.0,0.0,0,0,0,0.005779029426083949,0.007776411501550366
2020-07-30,0.0,0.0,0.0,0,0,0,0.005779029426083949,0.007776411501550366
2020-07-31,0.0,0.0,0.0,0,0,0,0.005779029426083949,0.007776411501550366
2020-08-03,0.0,0.0,0.0,0,0,0,0.005779029426083949,0.007776411501550366
2020-08-04,0.0,0.0,0.0,0,0,0,0.005779029426083949,0.007776411501550366
2020-08-05,0.0,0.0,0.0,0,0,0,0.005779029426083949,0.007776411501550366
2020-08-06,0.0,0.0,0.0,0,0,0,0.005779029426083949,0.007776411501550366
2020-08-07,0.0,0.0,0.0,0,0,0,0.005779029426083949,0.007776411501550366
2020-08-10,0.0,0.0,0.0,0,0,0,0.005779029426083949,0.007776411501550366
2020-08-11,0.0,0.0,0.0,0,0,0,0.005779029426083949,0.007776411501550366
2020-08-12,0.0,0.0,0.0,0,0,0,0.005779029426083949,0.007776411501550366
2020-08-13,0.0,0.0,0.0,0,0,0,0.005779029426083949,0.007776411501550366
2020-08-14,0.0,0.0,0.0,0,0,0,0.005779029426083949,0.007776411501550366
2020-08-17,0.0,0.0,0.0,0,0,0,0.005779029426083949,0.007776411501550366
2020-08-18,0.0,0.0,0.0,0,0,0,0.005779029426083949,0.007776411501550366
2020-08-19,0.0,0.0,0.0,0,0,0,0.005779029426083949,0.007776411501550366
2020-08-20,0.0,0.0,0.0,0,0,0,0.005779029426083949,0.007776411501550366
2020-08-21,0.0,0.0,0.0,0,0,0,0.005779029426083949,0.007776411501550366
2020-08-24,0.0,0.0,0.0,0,0,0,0.005779029426083949,0.007776411501550366
2020-08-25,0.0,0.0,0.0,0,0,0,0.005779029426083949,0.007776411501550366
2020-08-26,0.0,0.0,0.0,0,0,0,0.005779029426083949,0.007776411501550366
2020-08-27,0.0,0.0,0.0,0,0,0,0.005779029426083949,0.007776411501550366
2020-08-28,0.0,0.0,0.0,0,0,0,0.005779029426083949,0.007776411501550366
2020-08-31,0.0,0.0,0.0,0,0,0,0.005779029426083949,0.007776411501550366
2020-09-01,0.0,0.0,0.0,0,0,0,0.005779029426083949,0.007776411501550366
2020-09-02,0.0,0.0,0.0,0,0,0,0.005779029426083949,0.007776411501550366
2020-09-03,0.0,0.0,0.0,0,0,0,0.005779029426083949,0.007776411501550366
2020-09-04,0.0,0.0,0.0,0,0,0,0.005779029426083949,0.007776411501550366
2020-09-08,0.0,0.0,0.0,0,0,0,0.005779029426083949,0.007776411501550366
2020-09-09,0.0,0.0,0.0,0,0,0,0.005779029426083949,0.007776411501550366
2020-09-10,0.0,0.0,0.0,0,0,0,0.005779029426083949,0.007776411501550366
2020-09-11,0.0,0.0,0.0,0,0,0,0.005779029426083949,0.007776411501550366
2020-09-14,0.0,0.0,0.0,0,0,0,0.005779029426083949,0.007776411501550366
2020-09-15,0.0,0.0,0.0,0,0,0,0.005779029426083949,0.007776411501550366
2020-09-16,0.0,0.0,0.0,0,0,0,0.005779029426083949,0.007776411501550366
2020-09-17,0.0,0.0,0.0,0,0,0,0.005779029426083949,0.007776411501550366
2020-09-18,0.0,0.0,0.0,0,0,0,0.005779029426083949,0.007776411501550366
2020-09-21,0.0,0.0,0.0,0,0,0,0.005779029426083949,0.007776411501550366
2020-09-22,0.0,0.0,0.0,0,0,0,0.005779029426083949,0.007776411501550366
2020-09-23,0.0,0.0,0.0,0,0,0,0.005779029426083949,0.007776411501550366
2020-09-24,0.0,0.0,0.0,0,0,0,0.005779029426083949,0.007776411501550366
2020-09-25,0.0,0.0,0.0,0,0,0,0.005779029426083949,0.007776411501550366
2020-09-28,0.0,0.0,0.0,0,0,0,0.005779029426083949,0.007776411501550366
2020-09-29,0.0,0.0,0.0,0,0,0,0.005779029426083949,0.007776411501550366
2020-09-30,0.0,0.0,0.0,0,0,0,0.005779029426083949,0.007776411501550366
2020-10-01,0.0,0.0,0.0,0,0,0,0.005779029426083949,0.007776411501550366
2020-10-02,0.0,0.0,0.0,0,0,0,0.005779029426083949,0.007776411501550366
2020-10-05,0.0,0.0,0.0,0,0,0,0.005779029426083949,0.007776411501550366
2020-10-06,0.0,0.0,0.0,0,0,0,0.005779029426083949,0.007776411501550366
2020-10-07,0.0,0.0,0.0,0,0,0,0.005779029426083949,0.007776411501550366
2020-10-08,0.0,0.0,0.0,0,0,0,0.005779029426083949,0.007776411501550366
2020-10-09,0.0,0.0,0.0,0,0,0,0.005779029426083949,0.007776411501550366
2020-10-13,0.0,0.0,0.0,0,0,0,0.005779029426083949,0.007776411501550366
2020-10-14,0.0,0.0,0.0,0,0,0,0.005779029426083949,0.007776411501550366
2020-10-15,0.0,0.0,0.0,0,0,0,0.005779029426083949,0.007776411501550366
2020-10-16,0.0,0.0,0.0,0,0,0,0.005779029426083949,0.007776411501550366
2020-10-19,0.0,0.0,0.0,0,0,0,0.005779029426083949,0.007776411501550366
2020-10-20,0.0,0.0,0.0,0,0,0,0.005779029426083949,0.007776411501550366
2020-10-21,0.0,0.0,0.0,0,0,0,0.005779029426083949,0.007776411501550366
2020-10-22,0.0,0.0,0.0,0,0,0,0.005779029426083949,0.007776411501550366
2020-10-23,0.0,0.0,0.0,0,0,0,0.005779029426083949,0.007776411501550366
2020-10-26,0.0,0.0,0.0,0,0,0,0.005779029426083949,0.007776411501550366
2020-10-27,0.0,0.0,0.0,0,0,0,0.005779029426083949,0.007776411501550366
2020-10-28,0.0,0.0,0.0,0,0,0,0.005779029426083949,0.007776411501550366
2020-10-29,0.0,0.0,0.0,0,0,0,0.005779029426083949,0.007776411501550366
2020-10-30,0.0,0.0,0.0,0,0,0,0.005779029426083949,0.007776411501550366
2020-11-02,0.0,0.0,0.0,0,0,0,0.005779029426083949,0.007776411501550366
2020-11-03,0.0,0.0,0.0,0,0,0,0.005779029426083949,0.007776411501550366
2020-11-04,0.0,0.0,0.0,0,0,0,0.005779029426083949,0.007776411501550366
2020-11-05,0.0,0.0,0.0,0,0,0,0.005779029426083949,0.007776411501550366
2020-11-06,0.0,0.0,0.0,0,0,0,0.005779029426083949,0.007776411501550366
2020-11-09,0.0,0.0,0.0,0,0,0,0.005779029426083949,0.007776411501550366
2020-11-10,0.0,0.0,0.0,0,0,0,0.005779029426083949,0.007776411501550366
2020-11-12,0.0,0.0,0.0,0,0,0,0.005779029426083949,0.007776411501550366
2020-11-13,0.0,0.0,0.0,0,0,0,0.005779029426083949,0.007776411501550366
2020-11-16,0.0,0.0,0.0,0,0,0,0.005779029426083949,0.007776411501550366
2020-11-17,0.0,0.0,0.0,0,0,0,0.005779029426083949,0.007776411501550366
2020-11-18,0.0,0.0,0.0,0,0,0,0.005779029426083949,0.007776411501550366
2020-11-19,0.0,0.0,0.0,0,0,0,0.005779029426083949,0.007776411501550366
2020-11-20,0.0,0.0,0.0,0,0,0,0.005779029426083949,0.007776411501550366
2020-11-23,0.0,0.0,0.0,0,0,0,0.005779029426083949,0.007776411501550366
2020-11-24,0.0,0.0,0.0,0,0,0,0.005779029426083949,0.007776411501550366
2020-11-25,0.0,0.0,0.0,0,0,0,0.005779029426083949,0.007776411501550366
2020-11-30,0.0,0.0,0.0,0,0,0,0.005779029426083949,0.007776411501550366
2020-12-01,0.0,0.0,0.0,0,0,0,0.005779029426083949,0.007776411501550366
2020-12-02,0.0,0.0,0.0,0,0,0,0.005779029426083949,0.007776411501550366
2020-12-03,0.0,0.0,0.0,0,0,0,0.005779029426083949,0.007776411501550366
2020-12-04,0.0,0.0,0.0,0,0,0,0.005779029426083949,0.007776411501550366
2020-12-07,0.0,0.0,0.0,0,0,0,0.005779029426083949,0.007776411501550366
2020-12-08,0.0,0.0,0.0,0,0,0,0.005779029426083949,0.007776411501550366
2020-12-09,0.0,0.0,0.0,0,0,0,0.005779029426083949,0.007776411501550366
2020-12-10,0.0,0.0,0.0,0,0,0,0.005779029426083949,0.007776411501550366
2020-12-11,0.0,0.0,0.0,0,0,0,0.005779029426083949,0.007776411501550366
2020-12-14,0.0,0.0,0.0,0,0,0,0.005779029426083949,0.007776411501550366
2020-12-15,0.0,0.0,0.0,0,0,0,0.005779029426083949,0.007776411501550366
2020-12-16,0.0,0.0,0.0,0,0,0,0.005779029426083949,0.007776411501550366
2020-12-17,0.0,0.0,0.0,0,0,0,0.005779029426083949,0.007776411501550366
2020-12-18,0.0,0.0,0.0,0,0,0,0.005779029426083949,0.007776411501550366
2020-12-21,0.0,0.0,0.0,0,0,0,0.005779029426083949,0.007776411501550366
2020-12-22,0.0,0.0,0.0,0,0,0,0.005779029426083949,0.007776411501550366
2020-12-23,0.0,0.0,0.0,0,0,0,0.005779029426083949,0.007776411501550366
2020-12-28,0.0,0.0,0.0,0,0,0,0.005779029426083949,0.007776411501550366
2020-12-29,0.0,0.0,0.0,0,0,0,0.005779029426083949,0.007776411501550366
2020-12-30,0.0,0.0,0.0,0,0,0,0.005779029426083949,0.007776411501550366
2020-12-31,0.0,0.0,0.0,0,0,0,0.005779029426083949,0.007776411501550366
2021-01-04,0.0,0.0,0.0,0,0,0,0.005779029426083949,0.007776411501550366
2021-01-05,0.0,0.0,0.0,0,0,0,0.005779029426083949,0.007776411501550366
2021-01-06,0.0,0.0,0.0,0,0,0,0.005779029426083949,0.007776411501550366
2021-01-07,0.0,0.0,0.0,0,0,0,0.005779029426083949,0.007776411501550366
2021-01-08,0.0,0.0,0.0,0,0,0,0.005779029426083949,0.007776411501550366
2021-01-11,0.0,0.0,0.0,0,0,0,0.005779029426083949,0.007776411501550366
2021-01-12,0.0,0.0,0.0,0,0,0,0.005779029426083949,0.007776411501550366
2021-01-13,0.0,0.0,0.0,0,0,0,0.005779029426083949,0.007776411501550366
2021-01-14,0.0,0.0,0.0,0,0,0,0.005779029426083949,0.007776411501550366
2021-01-15,0.0,0.0,0.0,0,0,0,0.005779029426083949,0.007776411501550366
2021-01-19,0.0,0.0,0.0,0,0,0,0.005779029426083949,0.007776411501550366
2021-01-21,0.0,0.0,0.0,0,0,0,0.005779029426083949,0.007776411501550366
2021-01-22,0.0,0.0,0.0,0,0,0,0.005779029426083949,0.007776411501550366
2021-01-25,0.0,0.0,0.0,0,0,0,0.005779029426083949,0.007776411501550366
2021-01-26,0.0,0.0,0.0,0,0,0,0.005779029426083949,0.007776411501550366
2021-01-27,0.0,0.0,0.0,0,0,0,0.005779029426083949,0.007776411501550366
2021-01-28,0.0,0.0,0.0,0,0,0,0.005779029426083949,0.007776411501550366
2021-01-29,0.0,0.0,0.0,0,0,0,0.005779029426083949,0.007776411501550366
2021-02-01,0.0,0.0,0.0,0,0,0,0.005779029426083949,0.007776411501550366
2021-02-02,0.0,0.0,0.0,1,0,0,0.005779029426083949,0.007776411501550366
2021-02-03,0.0,0.0,0.0,1,0,0,0.005779029426083949,0.007776411501550366
2021-02-04,0.0,0.0,0.0,1,0,0,0.005779029426083949,0.007776411501550366
2021-02-05,0.0,0.0,0.0,1,0,0,0.005779029426083949,0.007776411501550366
2021-02-08,0.0,0.0,0.0,1,0,0,0.005779029426083949,0.007776411501550366
2021-02-09,0.0,0.0,0.0,1,0,0,0.005779029426083949,0.007776411501550366
2021-02-10,0.0,0.0002,-0.0002,1,1,1,0.0055790294260839495,0.007776411501550366
2021-02-11,0.0011650401359871308,0.0,0.0011650401359871308,1,1,1,0.006744069562071081,0.008941451637537496
2021-02-12,-0.0015229030232487963,0.0,-0.0015229030232487963,1,1,1,0.005221166538822285,0.0074185486142887
2021-02-16,-0.0031143914892529535,0.0,-0.0031143914892529535,1,1,1,0.0021067750495693312,0.004304157125035747
2021-02-17,0.0008221143748895279,0.0,0.0008221143748895279,1,1,1,0.002928889424458859,0.005126271499925275
2021-02-18,-0.0038298948711470234,0.0,-0.0038298948711470234,1,1,1,-0.0009010054466881642,0.0012963766287782514
2021-02-19,-0.0013035988889687632,0.0,-0.0013035988889687632,1,1,1,-0.0022046043356569274,-7.222260190511802e-06
2021-02-22,-0.0017388909979544937,0.0,-0.0017388909979544937,1,1,1,-0.0039434953336114215,-0.0017461132581450055
2021-02-23,-0.00112420440904178,0.0,-0.00112420440904178,1,1,1,-0.005067699742653201,-0.0028703176671867857
2021-02-24,-0.0005881610627205503,0.0,-0.0005881610627205503,1,1,1,-0.005655860805373752,-0.003458478729907336
2021-02-25,0.0027346886405456602,0.0,0.0027346886405456602,1,1,1,-0.0029211721648280914,-0.0007237900893616758
2021-02-26,0.0029540166253160883,0.0,0.0029540166253160883,1,1,1,3.284446048799688e-05,0.0022302265359544124
2021-03-01,-0.0007705254616933684,0.0,-0.0007705254616933684,1,1,1,-0.0007376810012053715,0.001459701074261044
2021-03-02,-0.0003845408924018376,0.0,-0.0003845408924018376,1,1,1,-0.0011222218936072091,0.0010751601818592064
2021-03-03,-0.0008878939989751327,0.0,-0.0008878939989751327,1,1,1,-0.002010115892582342,0.00018726618288407372
2021-03-04,-0.0018215700595476296,0.0,-0.0018215700595476296,1,1,1,-0.0038316859521299717,-0.001634303876663556
2021-03-05,0.004225211770133746,0.0,0.004225211770133746,1,1,1,0.00039352581800377456,0.00259090789347019
2021-03-08,-0.0016902846553886947,0.0,-0.0016902846553886947,1,1,1,-0.0012967588373849202,0.0009006232380814954
2021-03-09,-0.002175464136132662,0.0,-0.002175464136132662,1,1,1,-0.003472222973517582,-0.0012748408980511664
2021-03-10,-0.0002216510634278823,0.0,-0.0002216510634278823,1,1,1,-0.0036938740369454647,-0.0014964919614790487
2021-03-11,-0.0013319983505240265,0.0,-0.0013319983505240265,1,1,1,-0.005025872387469491,-0.002828490312003075
2021-03-12,0.0016766441153583673,0.0,0.0016766441153583673,1,1,1,-0.0033492282721111237,-0.0011518461966447079
2021-03-15,0.0016587841634957813,0.0,0.0016587841634957813,1,1,1,-0.0016904441086153423,0.0005069379668510734
2021-03-16,-0.0019157234194972438,0.0,-0.0019157234194972438,1,1,1,-0.003606167528112586,-0.0014087854526461704
2021-03-17,0.00047924151785335713,0.0,0.00047924151785335713,1,1,1,-0.003126926010259229,-0.0009295439347928133
2021-03-18,-0.0015384957058726385,0.0,-0.0015384957058726385,1,1,1,-0.004665421716131868,-0.0024680396406654517
2021-03-19,0.0024557268604238117,0.0,0.0024557268604238117,1,1,1,-0.002209694855708056,-1.231278024163996e-05
2021-03-22,0.0013932934348363966,0.0,0.0013932934348363966,1,1,1,-0.0008164014208716594,0.0013809806545947566
2021-03-23,0.0009452571972080584,0.0,0.0009452571972080584,1,1,1,0.00012885577633639901,0.002326237851802815
2021-03-24,0.002004253520679039,0.0,0.002004253520679039,1,1,1,0.002133109297015438,0.004330491372481854
2021-03-25,-0.001581450581144761,0.0,-0.001581450581144761,1,1,1,0.000551658715870677,0.002749040791337093
2021-03-26,-0.0026184428427942718,0.0,-0.0026184428427942718,1,1,1,-0.002066784126923595,0.0001305979485428212
2021-03-29,-0.000595763642451725,0.0,-0.000595763642451725,1,1,1,-0.00266254776937532,-0.0004651656939089038
2021-03-30,0.0012192027289960345,0.0,0.0012192027289960345,1,1,1,-0.0014433450403792854,0.0007540370350871307
2021-03-31,-0.0024108169372011297,0.0,-0.0024108169372011297,1,1,1,-0.003854161977580415,-0.001656779902113999
2021-04-01,-0.0004911305177413384,0.0,-0.0004911305177413384,1,1,1,-0.004345292495321754,-0.0021479104198553374
2021-04-02,-0.00025488856867775803,0.0,-0.00025488856867775803,1,1,1,-0.0046001810639995115,-0.0024027989885330955
2021-04-05,-0.0022078280503291963,0.0,-0.0022078280503291963,1,1,1,-0.006808009114328708,-0.004610627038862292
2021-04-06,0.003908241871914664,0.0,0.003908241871914664,1,1,1,-0.002899767242414044,-0.0007023851669476274
2021-04-07,0.005307544636001683,0.0,0.005307544636001683,1,1,1,0.002407777393587639,0.004605159469054055
2021-04-08,0.0012462143230800818,0.00019758184747574968,0.0010486324756043323,1,0,0,0.003456409869191971,0.005851373792134137
2021-04-09,0.0,0.0,0.0,1,0,0,0.003456409869191971,0.005851373792134137
2021-04-12,0.0,0.0,0.0,1,0,0,0.003456409869191971,0.005851373792134137
2021-04-13,0.0,0.0,0.0,1,0,0,0.003456409869191971,0.005851373792134137
2021-04-14,0.0,0.0,0.0,1,0,0,0.003456409869191971,0.005851373792134137
2021-04-15,0.0,0.0,0.0,1,0,0,0.003456409869191971,0.005851373792134137
2021-04-16,0.0,0.0,0.0,1,0,0,0.003456409869191971,0.005851373792134137
2021-04-19,0.0,0.0,0.0,1,0,0,0.003456409869191971,0.005851373792134137
2021-04-20,0.0,0.0,0.0,1,0,0,0.003456409869191971,0.005851373792134137
2021-04-21,0.0,0.0,0.0,1,0,0,0.003456409869191971,0.005851373792134137
2021-04-22,0.0,0.0,0.0,1,0,0,0.003456409869191971,0.005851373792134137
2021-04-23,0.0,0.0,0.0,1,0,0,0.003456409869191971,0.005851373792134137
2021-04-26,0.0,0.0,0.0,1,0,0,0.003456409869191971,0.005851373792134137
2021-04-27,0.0,0.0,0.0,1,0,0,0.003456409869191971,0.005851373792134137
2021-04-28,0.0,0.0,0.0,1,0,0,0.003456409869191971,0.005851373792134137
2021-04-29,0.0,0.0,0.0,1,0,0,0.003456409869191971,0.005851373792134137
2021-04-30,0.0,0.0,0.0,1,0,0,0.003456409869191971,0.005851373792134137
2021-05-03,0.0,0.0,0.0,1,0,0,0.003456409869191971,0.005851373792134137
2021-05-04,0.0,0.0,0.0,1,0,0,0.003456409869191971,0.005851373792134137
2021-05-05,0.0,0.0,0.0,1,0,0,0.003456409869191971,0.005851373792134137
2021-05-06,0.0,0.0,0.0,1,0,0,0.003456409869191971,0.005851373792134137
2021-05-07,0.0,0.0,0.0,1,0,0,0.003456409869191971,0.005851373792134137
2021-05-10,0.0,0.0,0.0,1,0,0,0.003456409869191971,0.005851373792134137
2021-05-11,0.0,0.0,0.0,1,0,0,0.003456409869191971,0.005851373792134137
2021-05-12,0.0,0.0,0.0,1,0,0,0.003456409869191971,0.005851373792134137
2021-05-13,0.0,0.0,0.0,1,0,0,0.003456409869191971,0.005851373792134137
2021-05-14,0.0,0.0,0.0,1,0,0,0.003456409869191971,0.005851373792134137
2021-05-17,0.0,0.0,0.0,1,0,0,0.003456409869191971,0.005851373792134137
2021-05-18,0.0,0.0,0.0,1,0,0,0.003456409869191971,0.005851373792134137
2021-05-19,0.0,0.0,0.0,1,0,0,0.003456409869191971,0.005851373792134137
2021-05-20,0.0,0.0,0.0,1,0,0,0.003456409869191971,0.005851373792134137
2021-05-21,0.0,0.0,0.0,1,0,0,0.003456409869191971,0.005851373792134137
2021-05-24,0.0,0.0,0.0,1,0,0,0.003456409869191971,0.005851373792134137
2021-05-25,0.0,0.0,0.0,1,0,0,0.003456409869191971,0.005851373792134137
2021-05-26,0.0,0.0,0.0,1,0,0,0.003456409869191971,0.005851373792134137
2021-05-27,0.0,0.0,0.0,1,0,0,0.003456409869191971,0.005851373792134137
2021-05-28,0.0,0.0,0.0,1,0,0,0.003456409869191971,0.005851373792134137
2021-06-01,0.0,0.0,0.0,1,0,0,0.003456409869191971,0.005851373792134137
2021-06-02,0.0,0.0,0.0,1,0,0,0.003456409869191971,0.005851373792134137
2021-06-03,0.0,0.0,0.0,1,0,0,0.003456409869191971,0.005851373792134137
2021-06-04,0.0,0.0,0.0,1,0,0,0.003456409869191971,0.005851373792134137
2021-06-07,0.0,0.0,0.0,1,0,0,0.003456409869191971,0.005851373792134137
2021-06-08,0.0,0.0,0.0,1,0,0,0.003456409869191971,0.005851373792134137
2021-06-09,0.0,0.0,0.0,1,0,0,0.003456409869191971,0.005851373792134137
2021-06-10,0.0,0.0,0.0,1,0,0,0.003456409869191971,0.005851373792134137
2021-06-11,0.0,0.0,0.0,1,0,0,0.003456409869191971,0.005851373792134137
2021-06-14,0.0,0.0,0.0,1,0,0,0.003456409869191971,0.005851373792134137
2021-06-15,0.0,0.0,0.0,1,0,0,0.003456409869191971,0.005851373792134137
2021-06-16,0.0,0.0,0.0,1,0,0,0.003456409869191971,0.005851373792134137
2021-06-17,0.0,0.0,0.0,1,0,0,0.003456409869191971,0.005851373792134137
2021-06-18,0.0,0.0,0.0,1,0,0,0.003456409869191971,0.005851373792134137
2021-06-21,0.0,0.0,0.0,1,0,0,0.003456409869191971,0.005851373792134137
2021-06-22,0.0,0.0,0.0,1,0,0,0.003456409869191971,0.005851373792134137
2021-06-23,0.0,0.0,0.0,1,0,0,0.003456409869191971,0.005851373792134137
2021-06-24,0.0,0.0,0.0,1,0,0,0.003456409869191971,0.005851373792134137
2021-06-25,0.0,0.0,0.0,1,0,0,0.003456409869191971,0.005851373792134137
2021-06-28,0.0,0.0,0.0,1,0,0,0.003456409869191971,0.005851373792134137
2021-06-29,0.0,0.0,0.0,1,0,0,0.003456409869191971,0.005851373792134137
2021-06-30,0.0,0.0,0.0,1,0,0,0.003456409869191971,0.005851373792134137
2021-07-01,0.0,0.0,0.0,1,0,0,0.003456409869191971,0.005851373792134137
2021-07-02,0.0,0.0,0.0,1,0,0,0.003456409869191971,0.005851373792134137
2021-07-06,0.0,0.0,0.0,1,0,0,0.003456409869191971,0.005851373792134137
2021-07-07,0.0,0.0,0.0,1,0,0,0.003456409869191971,0.005851373792134137
2021-07-08,0.0,0.0,0.0,1,0,0,0.003456409869191971,0.005851373792134137
2021-07-09,0.0,0.0,0.0,1,0,0,0.003456409869191971,0.005851373792134137
2021-07-12,0.0,0.0,0.0,1,0,0,0.003456409869191971,0.005851373792134137
2021-07-13,0.0,0.0,0.0,1,0,0,0.003456409869191971,0.005851373792134137
2021-07-14,0.0,0.0,0.0,1,0,0,0.003456409869191971,0.005851373792134137
2021-07-15,0.0,0.0,0.0,1,0,0,0.003456409869191971,0.005851373792134137
2021-07-16,0.0,0.0,0.0,1,0,0,0.003456409869191971,0.005851373792134137
2021-07-19,0.0,0.0,0.0,1,0,0,0.003456409869191971,0.005851373792134137
2021-07-20,0.0,0.0,0.0,1,0,0,0.003456409869191971,0.005851373792134137
2021-07-21,0.0,0.0002,-0.0002,1,1,1,0.003256409869191971,0.005851373792134137
2021-07-22,0.0033082783914491834,0.0,0.0033082783914491834,1,1,1,0.0065646882606411544,0.00915965218358332
2021-07-23,0.00038791948160526855,0.00020019192045147324,0.0001877275611537953,1,0,0,0.00675241582179495,0.009547571665188588
2021-07-26,0.0,0.0,0.0,1,0,0,0.00675241582179495,0.009547571665188588
2021-07-27,0.0,0.0,0.0,1,0,0,0.00675241582179495,0.009547571665188588
2021-07-28,0.0,0.0,0.0,1,0,0,0.00675241582179495,0.009547571665188588
2021-07-29,0.0,0.0,0.0,1,0,0,0.00675241582179495,0.009547571665188588
2021-07-30,0.0,0.0,0.0,1,0,0,0.00675241582179495,0.009547571665188588
2021-08-02,0.0,0.0,0.0,1,0,0,0.00675241582179495,0.009547571665188588
2021-08-03,0.0,0.0,0.0,1,0,0,0.00675241582179495,0.009547571665188588
2021-08-04,0.0,0.0,0.0,1,0,0,0.00675241582179495,0.009547571665188588
2021-08-05,0.0,0.0,0.0,1,0,0,0.00675241582179495,0.009547571665188588
2021-08-06,0.0,0.0002,-0.0002,1,1,1,0.0065524158217949505,0.009547571665188588
2021-08-09,0.00044159997426882966,0.0,0.00044159997426882966,1,1,1,0.00699401579606378,0.009989171639457417
2021-08-10,-0.0005631877349004284,0.0,-0.0005631877349004284,1,1,1,0.006430828061163352,0.009425983904556989
2021-08-11,-0.000445620040664453,0.0,-0.000445620040664453,1,1,1,0.005985208020498898,0.008980363863892536
2021-08-12,0.0012646630484802223,0.0,0.0012646630484802223,1,1,1,0.007249871068979121,0.010245026912372758
2021-08-13,0.0013468785556369433,0.0,0.0013468785556369433,1,1,1,0.008596749624616064,0.011591905468009702
2021-08-16,-0.0004662996094726553,0.0,-0.0004662996094726553,1,1,1,0.00813045001514341,0.011125605858537047
2021-08-17,0.0021350482552901563,0.0,0.0021350482552901563,1,1,1,0.010265498270433566,0.013260654113827203
2021-08-18,-0.0009161940918096941,0.00019855562011293935,-0.0011147497119226334,1,0,0,0.009150748558510932,0.01234446002201751
2021-08-19,0.0,0.0,0.0,1,0,0,0.009150748558510932,0.01234446002201751
2021-08-20,0.0,0.0,0.0,1,0,0,0.009150748558510932,0.01234446002201751
2021-08-23,0.0,0.0,0.0,1,0,0,0.009150748558510932,0.01234446002201751
2021-08-24,0.0,0.0,0.0,1,0,0,0.009150748558510932,0.01234446002201751
2021-08-25,0.0,0.0,0.0,1,0,0,0.009150748558510932,0.01234446002201751
2021-08-26,0.0,0.0,0.0,1,0,0,0.009150748558510932,0.01234446002201751
2021-08-27,0.0,0.0,0.0,1,0,0,0.009150748558510932,0.01234446002201751
2021-08-30,0.0,0.0,0.0,1,0,0,0.009150748558510932,0.01234446002201751
2021-08-31,0.0,0.0,0.0,1,0,0,0.009150748558510932,0.01234446002201751
2021-09-01,0.0,0.0,0.0,1,0,0,0.009150748558510932,0.01234446002201751
2021-09-02,0.0,0.0,0.0,1,0,0,0.009150748558510932,0.01234446002201751
2021-09-03,0.0,0.0,0.0,1,0,0,0.009150748558510932,0.01234446002201751
2021-09-07,0.0,0.0,0.0,1,0,0,0.009150748558510932,0.01234446002201751
2021-09-08,0.0,0.0,0.0,1,0,0,0.009150748558510932,0.01234446002201751
2021-09-09,0.0,0.0,0.0,1,0,0,0.009150748558510932,0.01234446002201751
2021-09-10,0.0,0.0,0.0,1,0,0,0.009150748558510932,0.01234446002201751
2021-09-13,0.0,0.0,0.0,1,0,0,0.009150748558510932,0.01234446002201751
2021-09-14,0.0,0.0,0.0,1,0,0,0.009150748558510932,0.01234446002201751
2021-09-15,0.0,0.0,0.0,1,0,0,0.009150748558510932,0.01234446002201751
2021-09-16,0.0,0.0,0.0,1,0,0,0.009150748558510932,0.01234446002201751
2021-09-17,0.0,0.0,0.0,1,0,0,0.009150748558510932,0.01234446002201751
2021-09-20,0.0,0.0,0.0,1,0,0,0.009150748558510932,0.01234446002201751
2021-09-21,0.0,0.0,0.0,1,0,0,0.009150748558510932,0.01234446002201751
2021-09-22,0.0,0.0,0.0,1,0,0,0.009150748558510932,0.01234446002201751
2021-09-23,0.0,0.0,0.0,1,0,0,0.009150748558510932,0.01234446002201751
2021-09-24,0.0,0.0,0.0,1,0,0,0.009150748558510932,0.01234446002201751
2021-09-27,0.0,0.0,0.0,1,0,0,0.009150748558510932,0.01234446002201751
2021-09-28,0.0,0.0,0.0,1,0,0,0.009150748558510932,0.01234446002201751
2021-09-29,0.0,0.0002,-0.0002,1,1,1,0.008950748558510932,0.01234446002201751
2021-09-30,0.002604767213045511,0.0,0.002604767213045511,1,1,1,0.011555515771556443,0.01494922723506302
2021-10-01,0.003415955118758429,0.0,0.003415955118758429,1,1,1,0.014971470890314871,0.01836518235382145
2021-10-04,0.0002902869145097927,0.0,0.0002902869145097927,1,1,1,0.015261757804824664,0.01865546926833124
2021-10-05,0.002129292469992018,0.00020164674203778567,0.0019276457279542324,1,0,0,0.017189403532778896,0.02078476173832326
2021-10-06,0.0,0.0,0.0,1,0,0,0.017189403532778896,0.02078476173832326
2021-10-07,0.0,0.0,0.0,1,0,0,0.017189403532778896,0.02078476173832326
2021-10-08,0.0,0.0,0.0,1,0,0,0.017189403532778896,0.02078476173832326
2021-10-12,0.0,0.0,0.0,1,0,0,0.017189403532778896,0.02078476173832326
2021-10-13,0.0,0.0,0.0,1,0,0,0.017189403532778896,0.02078476173832326
2021-10-14,0.0,0.0,0.0,1,0,0,0.017189403532778896,0.02078476173832326
2021-10-15,0.0,0.0,0.0,1,0,0,0.017189403532778896,0.02078476173832326
2021-10-18,0.0,0.0002,-0.0002,1,1,1,0.016989403532778898,0.02078476173832326
2021-10-19,-0.002383752434351659,0.0,-0.002383752434351659,1,1,1,0.01460565109842724,0.0184010093039716
2021-10-20,-0.0002169770531415422,0.0,-0.0002169770531415422,1,1,1,0.014388674045285698,0.018184032250830057
2021-10-21,0.00038828530791490585,0.0,0.00038828530791490585,1,1,1,0.014776959353200603,0.018572317558744965
2021-10-22,0.0024649446252804803,0.0,0.0024649446252804803,1,1,1,0.017241903978481084,0.021037262184025445
2021-10-25,-0.002108095496158756,0.0,-0.002108095496158756,1,1,1,0.015133808482322328,0.018929166687866688
2021-10-26,-0.0007108604705414764,0.0,-0.0007108604705414764,1,1,1,0.014422948011780852,0.01821830621732521
2021-10-27,0.0017450829162294096,0.0,0.0017450829162294096,1,1,1,0.016168030928010262,0.01996338913355462
2021-10-28,0.000519298771292395,0.0,0.000519298771292395,1,1,1,0.016687329699302658,0.020482687904847016
2021-10-29,-0.00019164353746355112,0.00019922604881141687,-0.000390869586274968,1,0,0,0.01629646011302769,0.020291044367383465
2021-11-01,0.0,0.0,0.0,1,0,0,0.01629646011302769,0.020291044367383465
2021-11-02,0.0,0.0,0.0,1,0,0,0.01629646011302769,0.020291044367383465
2021-11-03,0.0,0.0,0.0,1,0,0,0.01629646011302769,0.020291044367383465
2021-11-04,0.0,0.0,0.0,1,0,0,0.01629646011302769,0.020291044367383465
2021-11-05,0.0,0.0,0.0,1,0,0,0.01629646011302769,0.020291044367383465
2021-11-08,0.0,0.0,0.0,1,0,0,0.01629646011302769,0.020291044367383465
2021-11-09,0.0,0.0,0.0,1,0,0,0.01629646011302769,0.020291044367383465
2021-11-10,0.0,0.0,0.0,1,0,0,0.01629646011302769,0.020291044367383465
2021-11-12,0.0,0.0,0.0,1,0,0,0.01629646011302769,0.020291044367383465
2021-11-15,0.0,0.0,0.0,1,0,0,0.01629646011302769,0.020291044367383465
2021-11-16,0.0,0.0,0.0,1,0,0,0.01629646011302769,0.020291044367383465
2021-11-17,0.0,0.0,0.0,1,0,0,0.01629646011302769,0.020291044367383465
2021-11-18,0.0,0.0,0.0,1,0,0,0.01629646011302769,0.020291044367383465
2021-11-19,0.0,0.0,0.0,1,0,0,0.01629646011302769,0.020291044367383465
2021-11-22,0.0,0.0,0.0,1,0,0,0.01629646011302769,0.020291044367383465
2021-11-23,0.0,0.0,0.0,1,0,0,0.01629646011302769,0.020291044367383465
2021-11-24,0.0,0.0,0.0,1,0,0,0.01629646011302769,0.020291044367383465
2021-11-26,0.0,0.0,0.0,1,0,0,0.01629646011302769,0.020291044367383465
2021-11-29,0.0,0.0,0.0,1,0,0,0.01629646011302769,0.020291044367383465
2021-11-30,0.0,0.0,0.0,1,0,0,0.01629646011302769,0.020291044367383465
2021-12-01,0.0,0.0,0.0,1,0,0,0.01629646011302769,0.020291044367383465
2021-12-02,0.0,0.0,0.0,1,0,0,0.01629646011302769,0.020291044367383465
2021-12-03,0.0,0.0,0.0,1,0,0,0.01629646011302769,0.020291044367383465
2021-12-06,0.0,0.0,0.0,1,0,0,0.01629646011302769,0.020291044367383465
2021-12-07,0.0,0.0,0.0,1,0,0,0.01629646011302769,0.020291044367383465
2021-12-08,0.0,0.0,0.0,1,0,0,0.01629646011302769,0.020291044367383465
2021-12-09,0.0,0.0,0.0,1,0,0,0.01629646011302769,0.020291044367383465
2021-12-10,0.0,0.0,0.0,1,0,0,0.01629646011302769,0.020291044367383465
2021-12-13,0.0,0.0,0.0,1,0,0,0.01629646011302769,0.020291044367383465
2021-12-14,0.0,0.0,0.0,1,0,0,0.01629646011302769,0.020291044367383465
2021-12-15,0.0,0.0,0.0,1,0,0,0.01629646011302769,0.020291044367383465
2021-12-16,0.0,0.0,0.0,1,0,0,0.01629646011302769,0.020291044367383465
2021-12-17,0.0,0.0,0.0,1,0,0,0.01629646011302769,0.020291044367383465
2021-12-20,0.0,0.0,0.0,1,0,0,0.01629646011302769,0.020291044367383465
2021-12-21,0.0,0.0,0.0,1,0,0,0.01629646011302769,0.020291044367383465
2021-12-22,0.0,0.0,0.0,1,0,0,0.01629646011302769,0.020291044367383465
2021-12-23,0.0,0.0,0.0,1,0,0,0.01629646011302769,0.020291044367383465
2021-12-27,0.0,0.0,0.0,1,0,0,0.01629646011302769,0.020291044367383465
2021-12-28,0.0,0.0,0.0,1,0,0,0.01629646011302769,0.020291044367383465
2021-12-29,0.0,0.0,0.0,1,0,0,0.01629646011302769,0.020291044367383465
2021-12-30,0.0,0.0,0.0,1,0,0,0.01629646011302769,0.020291044367383465
2022-01-03,0.0,0.0,0.0,1,0,0,0.01629646011302769,0.020291044367383465
2022-01-04,0.0,0.0,0.0,1,0,0,0.01629646011302769,0.020291044367383465
2022-01-05,0.0,0.0002,-0.0002,1,1,1,0.01609646011302769,0.020291044367383465
2022-01-06,0.0002355114694226597,0.0,0.0002355114694226597,1,1,1,0.016331971582450353,0.020526555836806126
2022-01-07,0.0002277354819614579,0.0,0.0002277354819614579,1,1,1,0.01655970706441181,0.020754291318767583
2022-01-10,-0.0005430360261979132,0.0,-0.0005430360261979132,1,1,1,0.016016671038213897,0.02021125529256967
2022-01-11,-0.000836017098652797,0.0,-0.000836017098652797,1,1,1,0.0151806539395611,0.019375238193916875
2022-01-12,-0.0004486418320887747,0.0,-0.0004486418320887747,1,1,1,0.014732012107472325,0.0189265963618281
2022-01-13,0.0002922975662670794,0.0,0.0002922975662670794,1,1,1,0.015024309673739404,0.019218893928095178
2022-01-14,0.00018145647316549808,0.0,0.00018145647316549808,1,1,1,0.015205766146904902,0.019400350401260674
2022-01-18,0.0002658898483736327,0.0,0.0002658898483736327,1,1,1,0.015471655995278534,0.019666240249634308
2022-01-19,-0.001151870854723558,0.0,-0.001151870854723558,1,1,1,0.014319785140554975,0.01851436939491075
2022-01-20,-0.0010393266401901565,0.0,-0.0010393266401901565,1,1,1,0.01328045850036482,0.01747504275472059
2022-01-21,0.003670392777205501,0.0,0.003670392777205501,1,1,1,0.01695085127757032,0.02114543553192609
2022-01-24,0.003263312893900858,0.0,0.003263312893900858,1,1,1,0.020214164171471177,0.024408748425826948
2022-01-25,-0.003053069099625387,0.00019896011593333336,-0.0032520292155587206,1,0,0,0.016962134955912457,0.02135567932620156
2022-01-26,0.0,0.0,0.0,1,0,0,0.016962134955912457,0.02135567932620156
2022-01-27,0.0,0.0,0.0,1,0,0,0.016962134955912457,0.02135567932620156
2022-01-28,0.0,0.0,0.0,1,0,0,0.016962134955912457,0.02135567932620156
2022-01-31,0.0,0.0,0.0,1,0,0,0.016962134955912457,0.02135567932620156
2022-02-01,0.0,0.0,0.0,1,0,0,0.016962134955912457,0.02135567932620156
2022-02-02,0.0,0.0,0.0,1,0,0,0.016962134955912457,0.02135567932620156
2022-02-03,0.0,0.0,0.0,0,0,0,0.016962134955912457,0.02135567932620156
2022-02-04,0.0,0.0,0.0,0,0,0,0.016962134955912457,0.02135567932620156
2022-02-07,0.0,0.0,0.0,0,0,0,0.016962134955912457,0.02135567932620156
2022-02-08,0.0,0.0,0.0,0,0,0,0.016962134955912457,0.02135567932620156
2022-02-09,0.0,0.0,0.0,0,0,0,0.016962134955912457,0.02135567932620156
2022-02-10,0.0,0.0,0.0,0,0,0,0.016962134955912457,0.02135567932620156
2022-02-11,0.0,0.0,0.0,0,0,0,0.016962134955912457,0.02135567932620156
2022-02-14,0.0,0.0,0.0,0,0,0,0.016962134955912457,0.02135567932620156
2022-02-15,0.0,0.0,0.0,0,0,0,0.016962134955912457,0.02135567932620156
2022-02-16,0.0,0.0,0.0,0,0,0,0.016962134955912457,0.02135567932620156
2022-02-17,0.0,0.0,0.0,0,0,0,0.016962134955912457,0.02135567932620156
2022-02-18,0.0,0.0,0.0,0,0,0,0.016962134955912457,0.02135567932620156
2022-02-22,0.0,0.0,0.0,0,0,0,0.016962134955912457,0.02135567932620156
2022-02-23,0.0,0.0,0.0,0,0,0,0.016962134955912457,0.02135567932620156
2022-02-24,0.0,0.0,0.0,0,0,0,0.016962134955912457,0.02135567932620156
2022-02-25,0.0,0.0,0.0,0,0,0,0.016962134955912457,0.02135567932620156
2022-02-28,0.0,0.0,0.0,0,0,0,0.016962134955912457,0.02135567932620156
2022-03-01,0.0,0.0,0.0,0,0,0,0.016962134955912457,0.02135567932620156
2022-03-02,0.0,0.0,0.0,0,0,0,0.016962134955912457,0.02135567932620156
2022-03-03,0.0,0.0,0.0,0,0,0,0.016962134955912457,0.02135567932620156
2022-03-04,0.0,0.0,0.0,0,0,0,0.016962134955912457,0.02135567932620156
2022-03-07,0.0,0.0,0.0,0,0,0,0.016962134955912457,0.02135567932620156
2022-03-08,0.0,0.0,0.0,0,0,0,0.016962134955912457,0.02135567932620156
2022-03-09,0.0,0.0,0.0,0,0,0,0.016962134955912457,0.02135567932620156
2022-03-10,0.0,0.0,0.0,0,0,0,0.016962134955912457,0.02135567932620156
2022-03-11,0.0,0.0,0.0,0,0,0,0.016962134955912457,0.02135567932620156
2022-03-14,0.0,0.0,0.0,0,0,0,0.016962134955912457,0.02135567932620156
2022-03-15,0.0,0.0,0.0,0,0,0,0.016962134955912457,0.02135567932620156
2022-03-16,0.0,0.0,0.0,0,0,0,0.016962134955912457,0.02135567932620156
2022-03-17,0.0,0.0,0.0,0,0,0,0.016962134955912457,0.02135567932620156
2022-03-18,0.0,0.0,0.0,0,0,0,0.016962134955912457,0.02135567932620156
2022-03-21,0.0,0.0,0.0,0,0,0,0.016962134955912457,0.02135567932620156
2022-03-22,0.0,0.0,0.0,0,0,0,0.016962134955912457,0.02135567932620156
2022-03-23,0.0,0.0,0.0,0,0,0,0.016962134955912457,0.02135567932620156
2022-03-24,0.0,0.0,0.0,0,0,0,0.016962134955912457,0.02135567932620156
2022-03-25,0.0,0.0,0.0,0,0,0,0.016962134955912457,0.02135567932620156
2022-03-28,0.0,0.0,0.0,0,0,0,0.016962134955912457,0.02135567932620156
2022-03-29,0.0,0.0,0.0,0,0,0,0.016962134955912457,0.02135567932620156
2022-03-30,0.0,0.0,0.0,0,0,0,0.016962134955912457,0.02135567932620156
2022-03-31,0.0,0.0,0.0,0,0,0,0.016962134955912457,0.02135567932620156
2022-04-01,0.0,0.0,0.0,0,0,0,0.016962134955912457,0.02135567932620156
2022-04-04,0.0,0.0,0.0,0,0,0,0.016962134955912457,0.02135567932620156
2022-04-05,0.0,0.0,0.0,0,0,0,0.016962134955912457,0.02135567932620156
2022-04-06,0.0,0.0,0.0,0,0,0,0.016962134955912457,0.02135567932620156
2022-04-07,0.0,0.0,0.0,0,0,0,0.016962134955912457,0.02135567932620156
2022-04-08,0.0,0.0,0.0,0,0,0,0.016962134955912457,0.02135567932620156
2022-04-11,0.0,0.0,0.0,0,0,0,0.016962134955912457,0.02135567932620156
2022-04-12,0.0,0.0,0.0,0,0,0,0.016962134955912457,0.02135567932620156
2022-04-13,0.0,0.0,0.0,0,0,0,0.016962134955912457,0.02135567932620156
2022-04-14,0.0,0.0,0.0,0,0,0,0.016962134955912457,0.02135567932620156
2022-04-15,0.0,0.0,0.0,0,0,0,0.016962134955912457,0.02135567932620156
2022-04-18,0.0,0.0,0.0,0,0,0,0.016962134955912457,0.02135567932620156
2022-04-19,0.0,0.0,0.0,0,0,0,0.016962134955912457,0.02135567932620156
2022-04-20,0.0,0.0,0.0,0,0,0,0.016962134955912457,0.02135567932620156
2022-04-21,0.0,0.0,0.0,0,0,0,0.016962134955912457,0.02135567932620156
2022-04-22,0.0,0.0,0.0,0,0,0,0.016962134955912457,0.02135567932620156
2022-04-25,0.0,0.0,0.0,0,0,0,0.016962134955912457,0.02135567932620156
2022-04-26,0.0,0.0,0.0,0,0,0,0.016962134955912457,0.02135567932620156
2022-04-27,0.0,0.0,0.0,0,0,0,0.016962134955912457,0.02135567932620156
2022-04-28,0.0,0.0,0.0,0,0,0,0.016962134955912457,0.02135567932620156
2022-04-29,0.0,0.0,0.0,0,0,0,0.016962134955912457,0.02135567932620156
2022-05-02,0.0,0.0,0.0,0,0,0,0.016962134955912457,0.02135567932620156
2022-05-03,0.0,0.0,0.0,0,0,0,0.016962134955912457,0.02135567932620156
2022-05-04,0.0,0.0,0.0,0,0,0,0.016962134955912457,0.02135567932620156
2022-05-05,0.0,0.0,0.0,0,0,0,0.016962134955912457,0.02135567932620156
2022-05-06,0.0,0.0,0.0,0,0,0,0.016962134955912457,0.02135567932620156
2022-05-09,0.0,0.0,0.0,0,0,0,0.016962134955912457,0.02135567932620156
2022-05-10,0.0,0.0,0.0,0,0,0,0.016962134955912457,0.02135567932620156
2022-05-11,0.0,0.0,0.0,0,0,0,0.016962134955912457,0.02135567932620156
2022-05-12,0.0,0.0,0.0,0,0,0,0.016962134955912457,0.02135567932620156
2022-05-13,0.0,0.0,0.0,0,0,0,0.016962134955912457,0.02135567932620156
2022-05-16,0.0,0.0,0.0,0,0,0,0.016962134955912457,0.02135567932620156
2022-05-17,0.0,0.0,0.0,0,0,0,0.016962134955912457,0.02135567932620156
2022-05-18,0.0,0.0,0.0,0,0,0,0.016962134955912457,0.02135567932620156
2022-05-19,0.0,0.0,0.0,0,0,0,0.016962134955912457,0.02135567932620156
2022-05-20,0.0,0.0,0.0,0,0,0,0.016962134955912457,0.02135567932620156
2022-05-23,0.0,0.0,0.0,0,0,0,0.016962134955912457,0.02135567932620156
2022-05-24,0.0,0.0,0.0,0,0,0,0.016962134955912457,0.02135567932620156
2022-05-25,0.0,0.0,0.0,0,0,0,0.016962134955912457,0.02135567932620156
2022-05-26,0.0,0.0,0.0,0,0,0,0.016962134955912457,0.02135567932620156
2022-05-27,0.0,0.0,0.0,0,0,0,0.016962134955912457,0.02135567932620156
2022-05-31,0.0,0.0,0.0,0,0,0,0.016962134955912457,0.02135567932620156
2022-06-01,0.0,0.0,0.0,0,0,0,0.016962134955912457,0.02135567932620156
2022-06-02,0.0,0.0,0.0,0,0,0,0.016962134955912457,0.02135567932620156
2022-06-03,0.0,0.0,0.0,0,0,0,0.016962134955912457,0.02135567932620156
2022-06-06,0.0,0.0,0.0,0,0,0,0.016962134955912457,0.02135567932620156
2022-06-07,0.0,0.0,0.0,0,0,0,0.016962134955912457,0.02135567932620156
2022-06-08,0.0,0.0,0.0,0,0,0,0.016962134955912457,0.02135567932620156
2022-06-09,0.0,0.0,0.0,0,0,0,0.016962134955912457,0.02135567932620156
2022-06-10,0.0,0.0,0.0,0,0,0,0.016962134955912457,0.02135567932620156
2022-06-13,0.0,0.0,0.0,0,0,0,0.016962134955912457,0.02135567932620156
2022-06-14,0.0,0.0,0.0,0,0,0,0.016962134955912457,0.02135567932620156
2022-06-15,0.0,0.0,0.0,0,0,0,0.016962134955912457,0.02135567932620156
2022-06-16,0.0,0.0,0.0,0,0,0,0.016962134955912457,0.02135567932620156
2022-06-17,0.0,0.0,0.0,0,0,0,0.016962134955912457,0.02135567932620156
2022-06-21,0.0,0.0,0.0,0,0,0,0.016962134955912457,0.02135567932620156
2022-06-22,0.0,0.0,0.0,0,0,0,0.016962134955912457,0.02135567932620156
2022-06-23,0.0,0.0,0.0,0,0,0,0.016962134955912457,0.02135567932620156
2022-06-24,0.0,0.0,0.0,0,0,0,0.016962134955912457,0.02135567932620156
2022-06-27,0.0,0.0,0.0,0,0,0,0.016962134955912457,0.02135567932620156
2022-06-28,0.0,0.0,0.0,0,0,0,0.016962134955912457,0.02135567932620156
2022-06-29,0.0,0.0,0.0,0,0,0,0.016962134955912457,0.02135567932620156
2022-06-30,0.0,0.0,0.0,0,0,0,0.016962134955912457,0.02135567932620156
2022-07-01,0.0,0.0,0.0,0,0,0,0.016962134955912457,0.02135567932620156
2022-07-05,0.0,0.0,0.0,0,0,0,0.016962134955912457,0.02135567932620156
2022-07-06,0.0,0.0,0.0,0,0,0,0.016962134955912457,0.02135567932620156
2022-07-07,0.0,0.0,0.0,0,0,0,0.016962134955912457,0.02135567932620156
2022-07-08,0.0,0.0,0.0,0,0,0,0.016962134955912457,0.02135567932620156
2022-07-11,0.0,0.0,0.0,0,0,0,0.016962134955912457,0.02135567932620156
2022-07-12,0.0,0.0,0.0,0,0,0,0.016962134955912457,0.02135567932620156
2022-07-13,0.0,0.0,0.0,0,0,0,0.016962134955912457,0.02135567932620156
2022-07-14,0.0,0.0,0.0,0,0,0,0.016962134955912457,0.02135567932620156
2022-07-15,0.0,0.0,0.0,0,0,0,0.016962134955912457,0.02135567932620156
2022-07-18,0.0,0.0,0.0,0,0,0,0.016962134955912457,0.02135567932620156
2022-07-19,0.0,0.0,0.0,0,0,0,0.016962134955912457,0.02135567932620156
2022-07-20,0.0,0.0,0.0,0,0,0,0.016962134955912457,0.02135567932620156
2022-07-21,0.0,0.0,0.0,0,0,0,0.016962134955912457,0.02135567932620156
2022-07-22,0.0,0.0,0.0,0,0,0,0.016962134955912457,0.02135567932620156
2022-07-25,0.0,0.0,0.0,0,0,0,0.016962134955912457,0.02135567932620156
2022-07-26,0.0,0.0,0.0,0,0,0,0.016962134955912457,0.02135567932620156
2022-07-27,0.0,0.0,0.0,0,0,0,0.016962134955912457,0.02135567932620156
2022-07-28,0.0,0.0,0.0,0,0,0,0.016962134955912457,0.02135567932620156
2022-07-29,0.0,0.0,0.0,0,0,0,0.016962134955912457,0.02135567932620156
2022-08-01,0.0,0.0,0.0,0,0,0,0.016962134955912457,0.02135567932620156
2022-08-02,0.0,0.0,0.0,0,0,0,0.016962134955912457,0.02135567932620156
2022-08-03,0.0,0.0,0.0,0,0,0,0.016962134955912457,0.02135567932620156
2022-08-04,0.0,0.0,0.0,0,0,0,0.016962134955912457,0.02135567932620156
2022-08-05,0.0,0.0,0.0,0,0,0,0.016962134955912457,0.02135567932620156
2022-08-08,0.0,0.0,0.0,0,0,0,0.016962134955912457,0.02135567932620156
2022-08-09,0.0,0.0,0.0,0,0,0,0.016962134955912457,0.02135567932620156
2022-08-10,0.0,0.0,0.0,0,0,0,0.016962134955912457,0.02135567932620156
2022-08-11,0.0,0.0,0.0,0,0,0,0.016962134955912457,0.02135567932620156
2022-08-12,0.0,0.0,0.0,0,0,0,0.016962134955912457,0.02135567932620156
2022-08-15,0.0,0.0,0.0,0,0,0,0.016962134955912457,0.02135567932620156
2022-08-16,0.0,0.0,0.0,0,0,0,0.016962134955912457,0.02135567932620156
2022-08-17,0.0,0.0,0.0,0,0,0,0.016962134955912457,0.02135567932620156
2022-08-18,0.0,0.0,0.0,0,0,0,0.016962134955912457,0.02135567932620156
2022-08-19,0.0,0.0,0.0,0,0,0,0.016962134955912457,0.02135567932620156
2022-08-22,0.0,0.0,0.0,0,0,0,0.016962134955912457,0.02135567932620156
2022-08-23,0.0,0.0,0.0,0,0,0,0.016962134955912457,0.02135567932620156
2022-08-24,0.0,0.0,0.0,0,0,0,0.016962134955912457,0.02135567932620156
2022-08-25,0.0,0.0,0.0,0,0,0,0.016962134955912457,0.02135567932620156
2022-08-26,0.0,0.0,0.0,0,0,0,0.016962134955912457,0.02135567932620156
2022-08-29,0.0,0.0,0.0,0,0,0,0.016962134955912457,0.02135567932620156
2022-08-30,0.0,0.0,0.0,0,0,0,0.016962134955912457,0.02135567932620156
2022-08-31,0.0,0.0,0.0,0,0,0,0.016962134955912457,0.02135567932620156
2022-09-01,0.0,0.0,0.0,0,0,0,0.016962134955912457,0.02135567932620156
2022-09-02,0.0,0.0,0.0,0,0,0,0.016962134955912457,0.02135567932620156
2022-09-06,0.0,0.0,0.0,0,0,0,0.016962134955912457,0.02135567932620156
2022-09-07,0.0,0.0,0.0,0,0,0,0.016962134955912457,0.02135567932620156
2022-09-08,0.0,0.0,0.0,0,0,0,0.016962134955912457,0.02135567932620156
2022-09-09,0.0,0.0,0.0,0,0,0,0.016962134955912457,0.02135567932620156
2022-09-12,0.0,0.0,0.0,0,0,0,0.016962134955912457,0.02135567932620156
2022-09-13,0.0,0.0,0.0,0,0,0,0.016962134955912457,0.02135567932620156
2022-09-14,0.0,0.0,0.0,0,0,0,0.016962134955912457,0.02135567932620156
2022-09-15,0.0,0.0,0.0,0,0,0,0.016962134955912457,0.02135567932620156
2022-09-16,0.0,0.0,0.0,0,0,0,0.016962134955912457,0.02135567932620156
2022-09-19,0.0,0.0,0.0,0,0,0,0.016962134955912457,0.02135567932620156
2022-09-20,0.0,0.0,0.0,0,0,0,0.016962134955912457,0.02135567932620156
2022-09-21,0.0,0.0,0.0,0,0,0,0.016962134955912457,0.02135567932620156
2022-09-22,0.0,0.0,0.0,0,0,0,0.016962134955912457,0.02135567932620156
2022-09-23,0.0,0.0,0.0,0,0,0,0.016962134955912457,0.02135567932620156
2022-09-26,0.0,0.0,0.0,0,0,0,0.016962134955912457,0.02135567932620156
2022-09-27,0.0,0.0,0.0,0,0,0,0.016962134955912457,0.02135567932620156
2022-09-28,0.0,0.0,0.0,0,0,0,0.016962134955912457,0.02135567932620156
2022-09-29,0.0,0.0,0.0,0,0,0,0.016962134955912457,0.02135567932620156
2022-09-30,0.0,0.0,0.0,0,0,0,0.016962134955912457,0.02135567932620156
2022-10-03,0.0,0.0,0.0,0,0,0,0.016962134955912457,0.02135567932620156
2022-10-04,0.0,0.0,0.0,0,0,0,0.016962134955912457,0.02135567932620156
2022-10-05,0.0,0.0,0.0,0,0,0,0.016962134955912457,0.02135567932620156
2022-10-06,0.0,0.0,0.0,0,0,0,0.016962134955912457,0.02135567932620156
2022-10-07,0.0,0.0,0.0,0,0,0,0.016962134955912457,0.02135567932620156
2022-10-11,0.0,0.0,0.0,0,0,0,0.016962134955912457,0.02135567932620156
2022-10-12,0.0,0.0,0.0,0,0,0,0.016962134955912457,0.02135567932620156
2022-10-13,0.0,0.0,0.0,0,0,0,0.016962134955912457,0.02135567932620156
2022-10-14,0.0,0.0,0.0,0,0,0,0.016962134955912457,0.02135567932620156
2022-10-17,0.0,0.0,0.0,0,0,0,0.016962134955912457,0.02135567932620156
2022-10-18,0.0,0.0,0.0,0,0,0,0.016962134955912457,0.02135567932620156
2022-10-19,0.0,0.0,0.0,0,0,0,0.016962134955912457,0.02135567932620156
2022-10-20,0.0,0.0,0.0,0,0,0,0.016962134955912457,0.02135567932620156
2022-10-21,0.0,0.0,0.0,0,0,0,0.016962134955912457,0.02135567932620156
2022-10-24,0.0,0.0,0.0,0,0,0,0.016962134955912457,0.02135567932620156
2022-10-25,0.0,0.0,0.0,0,0,0,0.016962134955912457,0.02135567932620156
2022-10-26,0.0,0.0,0.0,0,0,0,0.016962134955912457,0.02135567932620156
2022-10-27,0.0,0.0,0.0,0,0,0,0.016962134955912457,0.02135567932620156
2022-10-28,0.0,0.0,0.0,0,0,0,0.016962134955912457,0.02135567932620156
2022-10-31,0.0,0.0,0.0,0,0,0,0.016962134955912457,0.02135567932620156
2022-11-01,0.0,0.0,0.0,0,0,0,0.016962134955912457,0.02135567932620156
2022-11-02,0.0,0.0,0.0,0,0,0,0.016962134955912457,0.02135567932620156
2022-11-03,0.0,0.0,0.0,0,0,0,0.016962134955912457,0.02135567932620156
2022-11-04,0.0,0.0,0.0,0,0,0,0.016962134955912457,0.02135567932620156
2022-11-07,0.0,0.0,0.0,0,0,0,0.016962134955912457,0.02135567932620156
2022-11-08,0.0,0.0,0.0,0,0,0,0.016962134955912457,0.02135567932620156
2022-11-09,0.0,0.0,0.0,0,0,0,0.016962134955912457,0.02135567932620156
2022-11-10,0.0,0.0,0.0,0,0,0,0.016962134955912457,0.02135567932620156
2022-11-14,0.0,0.0,0.0,0,0,0,0.016962134955912457,0.02135567932620156
2022-11-15,0.0,0.0,0.0,0,0,0,0.016962134955912457,0.02135567932620156
2022-11-16,0.0,0.0,0.0,0,0,0,0.016962134955912457,0.02135567932620156
2022-11-17,0.0,0.0,0.0,0,0,0,0.016962134955912457,0.02135567932620156
2022-11-18,0.0,0.0,0.0,0,0,0,0.016962134955912457,0.02135567932620156
2022-11-21,0.0,0.0,0.0,0,0,0,0.016962134955912457,0.02135567932620156
2022-11-22,0.0,0.0,0.0,0,0,0,0.016962134955912457,0.02135567932620156
2022-11-23,0.0,0.0,0.0,0,0,0,0.016962134955912457,0.02135567932620156
2022-11-25,0.0,0.0,0.0,0,0,0,0.016962134955912457,0.02135567932620156
2022-11-28,0.0,0.0,0.0,0,0,0,0.016962134955912457,0.02135567932620156
2022-11-29,0.0,0.0,0.0,0,0,0,0.016962134955912457,0.02135567932620156
2022-11-30,0.0,0.0,0.0,0,0,0,0.016962134955912457,0.02135567932620156
2022-12-01,0.0,0.0,0.0,0,0,0,0.016962134955912457,0.02135567932620156
2022-12-02,0.0,0.0,0.0,0,0,0,0.016962134955912457,0.02135567932620156
2022-12-05,0.0,0.0,0.0,0,0,0,0.016962134955912457,0.02135567932620156
2022-12-06,0.0,0.0,0.0,0,0,0,0.016962134955912457,0.02135567932620156
2022-12-07,0.0,0.0,0.0,0,0,0,0.016962134955912457,0.02135567932620156
2022-12-08,0.0,0.0,0.0,0,0,0,0.016962134955912457,0.02135567932620156
2022-12-09,0.0,0.0,0.0,0,0,0,0.016962134955912457,0.02135567932620156
2022-12-12,0.0,0.0,0.0,0,0,0,0.016962134955912457,0.02135567932620156
2022-12-13,0.0,0.0,0.0,0,0,0,0.016962134955912457,0.02135567932620156
2022-12-14,0.0,0.0,0.0,0,0,0,0.016962134955912457,0.02135567932620156
2022-12-15,0.0,0.0,0.0,0,0,0,0.016962134955912457,0.02135567932620156
2022-12-16,0.0,0.0,0.0,0,0,0,0.016962134955912457,0.02135567932620156
2022-12-19,0.0,0.0,0.0,0,0,0,0.016962134955912457,0.02135567932620156
2022-12-20,0.0,0.0,0.0,0,0,0,0.016962134955912457,0.02135567932620156
2022-12-21,0.0,0.0,0.0,0,0,0,0.016962134955912457,0.02135567932620156
2022-12-22,0.0,0.0,0.0,0,0,0,0.016962134955912457,0.02135567932620156
2022-12-23,0.0,0.0,0.0,0,0,0,0.016962134955912457,0.02135567932620156
2022-12-27,0.0,0.0,0.0,0,0,0,0.016962134955912457,0.02135567932620156
2022-12-28,0.0,0.0,0.0,0,0,0,0.016962134955912457,0.02135567932620156
2022-12-29,0.0,0.0,0.0,0,0,0,0.016962134955912457,0.02135567932620156
2022-12-30,0.0,0.0,0.0,0,0,0,0.016962134955912457,0.02135567932620156
2023-01-03,0.0,0.0,0.0,0,0,0,0.016962134955912457,0.02135567932620156
2023-01-04,0.0,0.0,0.0,0,0,0,0.016962134955912457,0.02135567932620156
2023-01-05,0.0,0.0,0.0,0,0,0,0.016962134955912457,0.02135567932620156
2023-01-06,0.0,0.0,0.0,0,0,0,0.016962134955912457,0.02135567932620156
2023-01-09,0.0,0.0,0.0,0,0,0,0.016962134955912457,0.02135567932620156
2023-01-10,0.0,0.0,0.0,0,0,0,0.016962134955912457,0.02135567932620156
2023-01-11,0.0,0.0,0.0,0,0,0,0.016962134955912457,0.02135567932620156
2023-01-12,0.0,0.0,0.0,0,0,0,0.016962134955912457,0.02135567932620156
2023-01-13,0.0,0.0,0.0,0,0,0,0.016962134955912457,0.02135567932620156
2023-01-17,0.0,0.0,0.0,0,0,0,0.016962134955912457,0.02135567932620156
2023-01-18,0.0,0.0,0.0,0,0,0,0.016962134955912457,0.02135567932620156
2023-01-19,0.0,0.0,0.0,0,0,0,0.016962134955912457,0.02135567932620156
2023-01-20,0.0,0.0,0.0,0,0,0,0.016962134955912457,0.02135567932620156
2023-01-23,0.0,0.0,0.0,0,0,0,0.016962134955912457,0.02135567932620156
2023-01-24,0.0,0.0,0.0,0,0,0,0.016962134955912457,0.02135567932620156
2023-01-25,0.0,0.0,0.0,0,0,0,0.016962134955912457,0.02135567932620156
2023-01-26,0.0,0.0,0.0,0,0,0,0.016962134955912457,0.02135567932620156
2023-01-27,0.0,0.0,0.0,0,0,0,0.016962134955912457,0.02135567932620156
2023-01-30,0.0,0.0,0.0,0,0,0,0.016962134955912457,0.02135567932620156
2023-01-31,0.0,0.0,0.0,0,0,0,0.016962134955912457,0.02135567932620156
2023-02-01,0.0,0.0,0.0,0,0,0,0.016962134955912457,0.02135567932620156
2023-02-02,0.0,0.0,0.0,0,0,0,0.016962134955912457,0.02135567932620156
2023-02-03,0.0,0.0,0.0,0,0,0,0.016962134955912457,0.02135567932620156
2023-02-06,0.0,0.0,0.0,0,0,0,0.016962134955912457,0.02135567932620156
2023-02-07,0.0,0.0,0.0,0,0,0,0.016962134955912457,0.02135567932620156
2023-02-08,0.0,0.0,0.0,0,0,0,0.016962134955912457,0.02135567932620156
2023-02-09,0.0,0.0,0.0,0,0,0,0.016962134955912457,0.02135567932620156
2023-02-10,0.0,0.0,0.0,0,0,0,0.016962134955912457,0.02135567932620156
2023-02-13,0.0,0.0,0.0,0,0,0,0.016962134955912457,0.02135567932620156
2023-02-14,0.0,0.0,0.0,0,0,0,0.016962134955912457,0.02135567932620156
2023-02-15,0.0,0.0,0.0,0,0,0,0.016962134955912457,0.02135567932620156
2023-02-16,0.0,0.0,0.0,0,0,0,0.016962134955912457,0.02135567932620156
2023-02-17,0.0,0.0,0.0,0,0,0,0.016962134955912457,0.02135567932620156
2023-02-21,0.0,0.0,0.0,0,0,0,0.016962134955912457,0.02135567932620156
2023-02-22,0.0,0.0,0.0,0,0,0,0.016962134955912457,0.02135567932620156
2023-02-23,0.0,0.0,0.0,0,0,0,0.016962134955912457,0.02135567932620156
2023-02-24,0.0,0.0,0.0,0,0,0,0.016962134955912457,0.02135567932620156
2023-02-27,0.0,0.0,0.0,0,0,0,0.016962134955912457,0.02135567932620156
2023-02-28,0.0,0.0,0.0,0,0,0,0.016962134955912457,0.02135567932620156
2023-03-01,0.0,0.0,0.0,0,0,0,0.016962134955912457,0.02135567932620156
2023-03-02,0.0,0.0,0.0,0,0,0,0.016962134955912457,0.02135567932620156
2023-03-03,0.0,0.0,0.0,0,0,0,0.016962134955912457,0.02135567932620156
2023-03-06,0.0,0.0,0.0,0,0,0,0.016962134955912457,0.02135567932620156
2023-03-07,0.0,0.0,0.0,0,0,0,0.016962134955912457,0.02135567932620156
2023-03-08,0.0,0.0,0.0,0,0,0,0.016962134955912457,0.02135567932620156
2023-03-09,0.0,0.0,0.0,0,0,0,0.016962134955912457,0.02135567932620156
2023-03-10,0.0,0.0,0.0,0,0,0,0.016962134955912457,0.02135567932620156
2023-03-13,0.0,0.0,0.0,0,0,0,0.016962134955912457,0.02135567932620156
2023-03-14,0.0,0.0,0.0,0,0,0,0.016962134955912457,0.02135567932620156
2023-03-15,0.0,0.0,0.0,0,0,0,0.016962134955912457,0.02135567932620156
2023-03-16,0.0,0.0,0.0,0,0,0,0.016962134955912457,0.02135567932620156
2023-03-17,0.0,0.0,0.0,0,0,0,0.016962134955912457,0.02135567932620156
2023-03-20,0.0,0.0,0.0,0,0,0,0.016962134955912457,0.02135567932620156
2023-03-21,0.0,0.0,0.0,0,0,0,0.016962134955912457,0.02135567932620156
2023-03-22,0.0,0.0,0.0,0,0,0,0.016962134955912457,0.02135567932620156
2023-03-23,0.0,0.0,0.0,0,0,0,0.016962134955912457,0.02135567932620156
2023-03-24,0.0,0.0,0.0,0,0,0,0.016962134955912457,0.02135567932620156
2023-03-27,0.0,0.0,0.0,0,0,0,0.016962134955912457,0.02135567932620156
2023-03-28,0.0,0.0,0.0,0,0,0,0.016962134955912457,0.02135567932620156
2023-03-29,0.0,0.0,0.0,0,0,0,0.016962134955912457,0.02135567932620156
2023-03-30,0.0,0.0,0.0,0,0,0,0.016962134955912457,0.02135567932620156
2023-03-31,0.0,0.0,0.0,0,0,0,0.016962134955912457,0.02135567932620156
2023-04-03,0.0,0.0,0.0,0,0,0,0.016962134955912457,0.02135567932620156
2023-04-04,0.0,0.0,0.0,0,0,0,0.016962134955912457,0.02135567932620156
2023-04-05,0.0,0.0,0.0,0,0,0,0.016962134955912457,0.02135567932620156
2023-04-06,0.0,0.0,0.0,0,0,0,0.016962134955912457,0.02135567932620156
2023-04-07,0.0,0.0,0.0,0,0,0,0.016962134955912457,0.02135567932620156
2023-04-10,0.0,0.0,0.0,0,0,0,0.016962134955912457,0.02135567932620156
2023-04-11,0.0,0.0,0.0,0,0,0,0.016962134955912457,0.02135567932620156
2023-04-12,0.0,0.0,0.0,0,0,0,0.016962134955912457,0.02135567932620156
2023-04-13,0.0,0.0,0.0,0,0,0,0.016962134955912457,0.02135567932620156
2023-04-14,0.0,0.0,0.0,0,0,0,0.016962134955912457,0.02135567932620156
2023-04-17,0.0,0.0,0.0,0,0,0,0.016962134955912457,0.02135567932620156
2023-04-18,0.0,0.0,0.0,0,0,0,0.016962134955912457,0.02135567932620156
2023-04-19,0.0,0.0,0.0,0,0,0,0.016962134955912457,0.02135567932620156
2023-04-20,0.0,0.0,0.0,0,0,0,0.016962134955912457,0.02135567932620156
2023-04-21,0.0,0.0,0.0,0,0,0,0.016962134955912457,0.02135567932620156
2023-04-24,0.0,0.0,0.0,0,0,0,0.016962134955912457,0.02135567932620156
2023-04-25,0.0,0.0,0.0,0,0,0,0.016962134955912457,0.02135567932620156
2023-04-26,0.0,0.0,0.0,0,0,0,0.016962134955912457,0.02135567932620156
2023-04-27,0.0,0.0,0.0,0,0,0,0.016962134955912457,0.02135567932620156
2023-04-28,0.0,0.0,0.0,0,0,0,0.016962134955912457,0.02135567932620156
2023-05-01,0.0,0.0,0.0,0,0,0,0.016962134955912457,0.02135567932620156
2023-05-02,0.0,0.0,0.0,0,0,0,0.016962134955912457,0.02135567932620156
2023-05-03,0.0,0.0,0.0,0,0,0,0.016962134955912457,0.02135567932620156
2023-05-04,0.0,0.0,0.0,0,0,0,0.016962134955912457,0.02135567932620156
2023-05-05,0.0,0.0,0.0,0,0,0,0.016962134955912457,0.02135567932620156
2023-05-08,0.0,0.0,0.0,0,0,0,0.016962134955912457,0.02135567932620156
2023-05-09,0.0,0.0,0.0,0,0,0,0.016962134955912457,0.02135567932620156
2023-05-10,0.0,0.0,0.0,0,0,0,0.016962134955912457,0.02135567932620156
2023-05-11,0.0,0.0,0.0,0,0,0,0.016962134955912457,0.02135567932620156
2023-05-12,0.0,0.0,0.0,0,0,0,0.016962134955912457,0.02135567932620156
2023-05-15,0.0,0.0,0.0,0,0,0,0.016962134955912457,0.02135567932620156
2023-05-16,0.0,0.0,0.0,0,0,0,0.016962134955912457,0.02135567932620156
2023-05-17,0.0,0.0,0.0,0,0,0,0.016962134955912457,0.02135567932620156
2023-05-18,0.0,0.0,0.0,0,0,0,0.016962134955912457,0.02135567932620156
2023-05-19,0.0,0.0,0.0,0,0,0,0.016962134955912457,0.02135567932620156
2023-05-22,0.0,0.0,0.0,0,0,0,0.016962134955912457,0.02135567932620156
2023-05-23,0.0,0.0,0.0,0,0,0,0.016962134955912457,0.02135567932620156
2023-05-24,0.0,0.0,0.0,0,0,0,0.016962134955912457,0.02135567932620156
2023-05-25,0.0,0.0,0.0,0,0,0,0.016962134955912457,0.02135567932620156
2023-05-26,0.0,0.0,0.0,0,0,0,0.016962134955912457,0.02135567932620156
2023-05-30,0.0,0.0,0.0,0,0,0,0.016962134955912457,0.02135567932620156
2023-05-31,0.0,0.0,0.0,0,0,0,0.016962134955912457,0.02135567932620156
2023-06-01,0.0,0.0,0.0,0,0,0,0.016962134955912457,0.02135567932620156
2023-06-02,0.0,0.0,0.0,0,0,0,0.016962134955912457,0.02135567932620156
2023-06-05,0.0,0.0,0.0,0,0,0,0.016962134955912457,0.02135567932620156
2023-06-06,0.0,0.0,0.0,0,0,0,0.016962134955912457,0.02135567932620156
2023-06-07,0.0,0.0,0.0,0,0,0,0.016962134955912457,0.02135567932620156
2023-06-08,0.0,0.0,0.0,0,0,0,0.016962134955912457,0.02135567932620156
2023-06-09,0.0,0.0,0.0,0,0,0,0.016962134955912457,0.02135567932620156
2023-06-12,0.0,0.0,0.0,0,0,0,0.016962134955912457,0.02135567932620156
2023-06-13,0.0,0.0,0.0,0,0,0,0.016962134955912457,0.02135567932620156
2023-06-14,0.0,0.0,0.0,0,0,0,0.016962134955912457,0.02135567932620156
2023-06-15,0.0,0.0,0.0,0,0,0,0.016962134955912457,0.02135567932620156
2023-06-16,0.0,0.0,0.0,0,0,0,0.016962134955912457,0.02135567932620156
2023-06-20,0.0,0.0,0.0,0,0,0,0.016962134955912457,0.02135567932620156
2023-06-21,0.0,0.0,0.0,0,0,0,0.016962134955912457,0.02135567932620156
2023-06-22,0.0,0.0,0.0,0,0,0,0.016962134955912457,0.02135567932620156
2023-06-23,0.0,0.0,0.0,0,0,0,0.016962134955912457,0.02135567932620156
2023-06-26,0.0,0.0,0.0,0,0,0,0.016962134955912457,0.02135567932620156
2023-06-27,0.0,0.0,0.0,0,0,0,0.016962134955912457,0.02135567932620156
2023-06-28,0.0,0.0,0.0,0,0,0,0.016962134955912457,0.02135567932620156
2023-06-29,0.0,0.0,0.0,0,0,0,0.016962134955912457,0.02135567932620156
2023-06-30,0.0,0.0,0.0,0,0,0,0.016962134955912457,0.02135567932620156
2023-07-03,0.0,0.0,0.0,0,0,0,0.016962134955912457,0.02135567932620156
2023-07-05,0.0,0.0,0.0,0,0,0,0.016962134955912457,0.02135567932620156
2023-07-06,0.0,0.0,0.0,0,0,0,0.016962134955912457,0.02135567932620156
2023-07-07,0.0,0.0,0.0,0,0,0,0.016962134955912457,0.02135567932620156
2023-07-10,0.0,0.0,0.0,0,0,0,0.016962134955912457,0.02135567932620156
2023-07-11,0.0,0.0,0.0,0,0,0,0.016962134955912457,0.02135567932620156
2023-07-12,0.0,0.0,0.0,0,0,0,0.016962134955912457,0.02135567932620156
2023-07-13,0.0,0.0,0.0,0,0,0,0.016962134955912457,0.02135567932620156
2023-07-14,0.0,0.0,0.0,0,0,0,0.016962134955912457,0.02135567932620156
2023-07-17,0.0,0.0,0.0,0,0,0,0.016962134955912457,0.02135567932620156
2023-07-18,0.0,0.0,0.0,0,0,0,0.016962134955912457,0.02135567932620156
2023-07-19,0.0,0.0,0.0,0,0,0,0.016962134955912457,0.02135567932620156
2023-07-20,0.0,0.0,0.0,0,0,0,0.016962134955912457,0.02135567932620156
2023-07-21,0.0,0.0,0.0,0,0,0,0.016962134955912457,0.02135567932620156
2023-07-24,0.0,0.0,0.0,0,0,0,0.016962134955912457,0.02135567932620156
2023-07-25,0.0,0.0,0.0,0,0,0,0.016962134955912457,0.02135567932620156
2023-07-26,0.0,0.0,0.0,0,0,0,0.016962134955912457,0.02135567932620156
2023-07-27,0.0,0.0,0.0,0,0,0,0.016962134955912457,0.02135567932620156
2023-07-28,0.0,0.0,0.0,0,0,0,0.016962134955912457,0.02135567932620156
2023-07-31,0.0,0.0,0.0,0,0,0,0.016962134955912457,0.02135567932620156
2023-08-01,0.0,0.0,0.0,0,0,0,0.016962134955912457,0.02135567932620156
2023-08-02,0.0,0.0,0.0,0,0,0,0.016962134955912457,0.02135567932620156
2023-08-03,0.0,0.0,0.0,0,0,0,0.016962134955912457,0.02135567932620156
2023-08-04,0.0,0.0,0.0,0,0,0,0.016962134955912457,0.02135567932620156
2023-08-07,0.0,0.0,0.0,0,0,0,0.016962134955912457,0.02135567932620156
2023-08-08,0.0,0.0,0.0,0,0,0,0.016962134955912457,0.02135567932620156
2023-08-09,0.0,0.0,0.0,0,0,0,0.016962134955912457,0.02135567932620156
2023-08-10,0.0,0.0,0.0,0,0,0,0.016962134955912457,0.02135567932620156
2023-08-11,0.0,0.0,0.0,0,0,0,0.016962134955912457,0.02135567932620156
2023-08-14,0.0,0.0,0.0,0,0,0,0.016962134955912457,0.02135567932620156
2023-08-15,0.0,0.0,0.0,0,0,0,0.016962134955912457,0.02135567932620156
2023-08-16,0.0,0.0,0.0,0,0,0,0.016962134955912457,0.02135567932620156
2023-08-17,0.0,0.0,0.0,0,0,0,0.016962134955912457,0.02135567932620156
2023-08-18,0.0,0.0,0.0,0,0,0,0.016962134955912457,0.02135567932620156
2023-08-21,0.0,0.0,0.0,0,0,0,0.016962134955912457,0.02135567932620156
2023-08-22,0.0,0.0,0.0,0,0,0,0.016962134955912457,0.02135567932620156
2023-08-23,0.0,0.0,0.0,0,0,0,0.016962134955912457,0.02135567932620156
2023-08-24,0.0,0.0,0.0,0,0,0,0.016962134955912457,0.02135567932620156
2023-08-25,0.0,0.0,0.0,0,0,0,0.016962134955912457,0.02135567932620156
2023-08-28,0.0,0.0,0.0,0,0,0,0.016962134955912457,0.02135567932620156
2023-08-29,0.0,0.0,0.0,0,0,0,0.016962134955912457,0.02135567932620156
2023-08-30,0.0,0.0,0.0,0,0,0,0.016962134955912457,0.02135567932620156
2023-08-31,0.0,0.0,0.0,0,0,0,0.016962134955912457,0.02135567932620156
2023-09-01,0.0,0.0,0.0,0,0,0,0.016962134955912457,0.02135567932620156
2023-09-05,0.0,0.0,0.0,0,0,0,0.016962134955912457,0.02135567932620156
2023-09-06,0.0,0.0,0.0,0,0,0,0.016962134955912457,0.02135567932620156
2023-09-07,0.0,0.0,0.0,0,0,0,0.016962134955912457,0.02135567932620156
2023-09-08,0.0,0.0,0.0,0,0,0,0.016962134955912457,0.02135567932620156
2023-09-11,0.0,0.0,0.0,0,0,0,0.016962134955912457,0.02135567932620156
2023-09-12,0.0,0.0,0.0,0,0,0,0.016962134955912457,0.02135567932620156
2023-09-13,0.0,0.0,0.0,0,0,0,0.016962134955912457,0.02135567932620156
2023-09-14,0.0,0.0,0.0,0,0,0,0.016962134955912457,0.02135567932620156
2023-09-15,0.0,0.0,0.0,0,0,0,0.016962134955912457,0.02135567932620156
2023-09-18,0.0,0.0,0.0,0,0,0,0.016962134955912457,0.02135567932620156
2023-09-19,0.0,0.0,0.0,0,0,0,0.016962134955912457,0.02135567932620156
2023-09-20,0.0,0.0,0.0,0,0,0,0.016962134955912457,0.02135567932620156
2023-09-21,0.0,0.0,0.0,0,0,0,0.016962134955912457,0.02135567932620156
2023-09-22,0.0,0.0,0.0,0,0,0,0.016962134955912457,0.02135567932620156
2023-09-25,0.0,0.0,0.0,0,0,0,0.016962134955912457,0.02135567932620156
2023-09-26,0.0,0.0,0.0,0,0,0,0.016962134955912457,0.02135567932620156
2023-09-27,0.0,0.0,0.0,0,0,0,0.016962134955912457,0.02135567932620156
2023-09-28,0.0,0.0,0.0,0,0,0,0.016962134955912457,0.02135567932620156
2023-09-29,0.0,0.0,0.0,0,0,0,0.016962134955912457,0.02135567932620156
2023-10-02,0.0,0.0,0.0,0,0,0,0.016962134955912457,0.02135567932620156
2023-10-03,0.0,0.0,0.0,0,0,0,0.016962134955912457,0.02135567932620156
2023-10-04,0.0,0.0,0.0,0,0,0,0.016962134955912457,0.02135567932620156
2023-10-05,0.0,0.0,0.0,0,0,0,0.016962134955912457,0.02135567932620156
2023-10-06,0.0,0.0,0.0,0,0,0,0.016962134955912457,0.02135567932620156
2023-10-10,0.0,0.0,0.0,0,0,0,0.016962134955912457,0.02135567932620156
2023-10-11,0.0,0.0,0.0,0,0,0,0.016962134955912457,0.02135567932620156
2023-10-12,0.0,0.0,0.0,0,0,0,0.016962134955912457,0.02135567932620156
2023-10-13,0.0,0.0,0.0,0,0,0,0.016962134955912457,0.02135567932620156
2023-10-16,0.0,0.0,0.0,0,0,0,0.016962134955912457,0.02135567932620156
2023-10-17,0.0,0.0,0.0,0,0,0,0.016962134955912457,0.02135567932620156
2023-10-18,0.0,0.0,0.0,0,0,0,0.016962134955912457,0.02135567932620156
2023-10-19,0.0,0.0,0.0,0,0,0,0.016962134955912457,0.02135567932620156
2023-10-20,0.0,0.0,0.0,0,0,0,0.016962134955912457,0.02135567932620156
2023-10-23,0.0,0.0,0.0,0,0,0,0.016962134955912457,0.02135567932620156
2023-10-24,0.0,0.0,0.0,0,0,0,0.016962134955912457,0.02135567932620156
2023-10-25,0.0,0.0,0.0,0,0,0,0.016962134955912457,0.02135567932620156
2023-10-26,0.0,0.0,0.0,0,0,0,0.016962134955912457,0.02135567932620156
2023-10-27,0.0,0.0,0.0,0,0,0,0.016962134955912457,0.02135567932620156
2023-10-30,0.0,0.0,0.0,0,0,0,0.016962134955912457,0.02135567932620156
2023-10-31,0.0,0.0,0.0,0,0,0,0.016962134955912457,0.02135567932620156
2023-11-01,0.0,0.0,0.0,0,0,0,0.016962134955912457,0.02135567932620156
2023-11-02,0.0,0.0,0.0,0,0,0,0.016962134955912457,0.02135567932620156
2023-11-03,0.0,0.0,0.0,0,0,0,0.016962134955912457,0.02135567932620156
2023-11-06,0.0,0.0,0.0,0,0,0,0.016962134955912457,0.02135567932620156
2023-11-07,0.0,0.0,0.0,0,0,0,0.016962134955912457,0.02135567932620156
2023-11-08,0.0,0.0,0.0,0,0,0,0.016962134955912457,0.02135567932620156
2023-11-09,0.0,0.0,0.0,0,0,0,0.016962134955912457,0.02135567932620156
2023-11-13,0.0,0.0,0.0,0,0,0,0.016962134955912457,0.02135567932620156
2023-11-14,0.0,0.0,0.0,0,0,0,0.016962134955912457,0.02135567932620156
2023-11-15,0.0,0.0,0.0,0,0,0,0.016962134955912457,0.02135567932620156
2023-11-16,0.0,0.0,0.0,0,0,0,0.016962134955912457,0.02135567932620156
2023-11-17,0.0,0.0,0.0,0,0,0,0.016962134955912457,0.02135567932620156
2023-11-20,0.0,0.0,0.0,0,0,0,0.016962134955912457,0.02135567932620156
2023-11-21,0.0,0.0,0.0,0,0,0,0.016962134955912457,0.02135567932620156
2023-11-22,0.0,0.0,0.0,0,0,0,0.016962134955912457,0.02135567932620156
2023-11-24,0.0,0.0,0.0,0,0,0,0.016962134955912457,0.02135567932620156
2023-11-27,0.0,0.0,0.0,0,0,0,0.016962134955912457,0.02135567932620156
2023-11-28,0.0,0.0,0.0,0,0,0,0.016962134955912457,0.02135567932620156
2023-11-29,0.0,0.0,0.0,0,0,0,0.016962134955912457,0.02135567932620156
2023-11-30,0.0,0.0,0.0,0,0,0,0.016962134955912457,0.02135567932620156
2023-12-01,0.0,0.0,0.0,0,0,0,0.016962134955912457,0.02135567932620156
2023-12-04,0.0,0.0,0.0,0,0,0,0.016962134955912457,0.02135567932620156
2023-12-05,0.0,0.0,0.0,0,0,0,0.016962134955912457,0.02135567932620156
2023-12-06,0.0,0.0,0.0,0,0,0,0.016962134955912457,0.02135567932620156
2023-12-07,0.0,0.0,0.0,0,0,0,0.016962134955912457,0.02135567932620156
2023-12-08,0.0,0.0,0.0,0,0,0,0.016962134955912457,0.02135567932620156
2023-12-11,0.0,0.0,0.0,0,0,0,0.016962134955912457,0.02135567932620156
2023-12-12,0.0,0.0,0.0,0,0,0,0.016962134955912457,0.02135567932620156
2023-12-13,0.0,0.0,0.0,0,0,0,0.016962134955912457,0.02135567932620156
2023-12-14,0.0,0.0,0.0,0,0,0,0.016962134955912457,0.02135567932620156
2023-12-15,0.0,0.0,0.0,0,0,0,0.016962134955912457,0.02135567932620156
2023-12-18,0.0,0.0,0.0,0,0,0,0.016962134955912457,0.02135567932620156
2023-12-19,0.0,0.0,0.0,0,0,0,0.016962134955912457,0.02135567932620156
2023-12-20,0.0,0.0,0.0,0,0,0,0.016962134955912457,0.02135567932620156
2023-12-21,0.0,0.0,0.0,0,0,0,0.016962134955912457,0.02135567932620156
2023-12-22,0.0,0.0,0.0,0,0,0,0.016962134955912457,0.02135567932620156
2023-12-26,0.0,0.0,0.0,0,0,0,0.016962134955912457,0.02135567932620156
2023-12-27,0.0,0.0,0.0,0,0,0,0.016962134955912457,0.02135567932620156
2023-12-28,0.0,0.0,0.0,0,0,0,0.016962134955912457,0.02135567932620156
2023-12-29,0.0,0.0,0.0,0,0,0,0.016962134955912457,0.02135567932620156
2024-01-02,0.0,0.0,0.0,0,0,0,0.016962134955912457,0.02135567932620156
2024-01-03,0.0,0.0,0.0,0,0,0,0.016962134955912457,0.02135567932620156
2024-01-04,0.0,0.0,0.0,0,0,0,0.016962134955912457,0.02135567932620156
2024-01-05,0.0,0.0,0.0,0,0,0,0.016962134955912457,0.02135567932620156
2024-01-08,0.0,0.0,0.0,0,0,0,0.016962134955912457,0.02135567932620156
2024-01-09,0.0,0.0,0.0,0,0,0,0.016962134955912457,0.02135567932620156
2024-01-10,0.0,0.0,0.0,0,0,0,0.016962134955912457,0.02135567932620156
2024-01-11,0.0,0.0,0.0,0,0,0,0.016962134955912457,0.02135567932620156
2024-01-12,0.0,0.0,0.0,0,0,0,0.016962134955912457,0.02135567932620156
2024-01-16,0.0,0.0,0.0,0,0,0,0.016962134955912457,0.02135567932620156
2024-01-17,0.0,0.0,0.0,0,0,0,0.016962134955912457,0.02135567932620156
2024-01-18,0.0,0.0,0.0,0,0,0,0.016962134955912457,0.02135567932620156
2024-01-19,0.0,0.0,0.0,0,0,0,0.016962134955912457,0.02135567932620156
2024-01-22,0.0,0.0,0.0,0,0,0,0.016962134955912457,0.02135567932620156
2024-01-23,0.0,0.0,0.0,0,0,0,0.016962134955912457,0.02135567932620156
2024-01-24,0.0,0.0,0.0,0,0,0,0.016962134955912457,0.02135567932620156
2024-01-25,0.0,0.0,0.0,0,0,0,0.016962134955912457,0.02135567932620156
2024-01-26,0.0,0.0,0.0,0,0,0,0.016962134955912457,0.02135567932620156
2024-01-29,0.0,0.0,0.0,0,0,0,0.016962134955912457,0.02135567932620156
2024-01-30,0.0,0.0,0.0,0,0,0,0.016962134955912457,0.02135567932620156
2024-01-31,0.0,0.0,0.0,0,0,0,0.016962134955912457,0.02135567932620156
2024-02-01,0.0,0.0,0.0,0,0,0,0.016962134955912457,0.02135567932620156
2024-02-02,0.0,0.0,0.0,0,0,0,0.016962134955912457,0.02135567932620156
2024-02-05,0.0,0.0,0.0,0,0,0,0.016962134955912457,0.02135567932620156
2024-02-06,0.0,0.0,0.0,0,0,0,0.016962134955912457,0.02135567932620156
2024-02-07,0.0,0.0,0.0,0,0,0,0.016962134955912457,0.02135567932620156
2024-02-08,0.0,0.0,0.0,0,0,0,0.016962134955912457,0.02135567932620156
2024-02-09,0.0,0.0,0.0,0,0,0,0.016962134955912457,0.02135567932620156
2024-02-12,0.0,0.0,0.0,0,0,0,0.016962134955912457,0.02135567932620156
2024-02-13,0.0,0.0,0.0,0,0,0,0.016962134955912457,0.02135567932620156
2024-02-14,0.0,0.0,0.0,0,0,0,0.016962134955912457,0.02135567932620156
2024-02-15,0.0,0.0,0.0,0,0,0,0.016962134955912457,0.02135567932620156
2024-02-16,0.0,0.0,0.0,0,0,0,0.016962134955912457,0.02135567932620156
2024-02-20,0.0,0.0,0.0,0,0,0,0.016962134955912457,0.02135567932620156
2024-02-21,0.0,0.0,0.0,0,0,0,0.016962134955912457,0.02135567932620156
2024-02-22,0.0,0.0,0.0,0,0,0,0.016962134955912457,0.02135567932620156
2024-02-23,0.0,0.0,0.0,0,0,0,0.016962134955912457,0.02135567932620156
2024-02-26,0.0,0.0,0.0,0,0,0,0.016962134955912457,0.02135567932620156
2024-02-27,0.0,0.0,0.0,0,0,0,0.016962134955912457,0.02135567932620156
2024-02-28,0.0,0.0,0.0,0,0,0,0.016962134955912457,0.02135567932620156
2024-02-29,0.0,0.0,0.0,0,0,0,0.016962134955912457,0.02135567932620156
2024-03-01,0.0,0.0,0.0,0,0,0,0.016962134955912457,0.02135567932620156
2024-03-04,0.0,0.0,0.0,0,0,0,0.016962134955912457,0.02135567932620156
2024-03-05,0.0,0.0,0.0,0,0,0,0.016962134955912457,0.02135567932620156
2024-03-06,0.0,0.0,0.0,0,0,0,0.016962134955912457,0.02135567932620156
2024-03-07,0.0,0.0,0.0,0,0,0,0.016962134955912457,0.02135567932620156
2024-03-08,0.0,0.0,0.0,0,0,0,0.016962134955912457,0.02135567932620156
2024-03-11,0.0,0.0,0.0,0,0,0,0.016962134955912457,0.02135567932620156
2024-03-12,0.0,0.0,0.0,0,0,0,0.016962134955912457,0.02135567932620156
2024-03-13,0.0,0.0,0.0,0,0,0,0.016962134955912457,0.02135567932620156
2024-03-14,0.0,0.0,0.0,0,0,0,0.016962134955912457,0.02135567932620156
2024-03-15,0.0,0.0,0.0,0,0,0,0.016962134955912457,0.02135567932620156
2024-03-18,0.0,0.0,0.0,0,0,0,0.016962134955912457,0.02135567932620156
2024-03-19,0.0,0.0,0.0,0,0,0,0.016962134955912457,0.02135567932620156
2024-03-20,0.0,0.0,0.0,0,0,0,0.016962134955912457,0.02135567932620156
2024-03-21,0.0,0.0,0.0,0,0,0,0.016962134955912457,0.02135567932620156
2024-03-22,0.0,0.0,0.0,0,0,0,0.016962134955912457,0.02135567932620156
2024-03-25,0.0,0.0,0.0,0,0,0,0.016962134955912457,0.02135567932620156
2024-03-26,0.0,0.0,0.0,0,0,0,0.016962134955912457,0.02135567932620156
2024-03-27,0.0,0.0,0.0,0,0,0,0.016962134955912457,0.02135567932620156
2024-03-28,0.0,0.0,0.0,0,0,0,0.016962134955912457,0.02135567932620156
2024-03-29,0.0,0.0,0.0,0,0,0,0.016962134955912457,0.02135567932620156
2024-04-01,0.0,0.0,0.0,0,0,0,0.016962134955912457,0.02135567932620156
2024-04-02,0.0,0.0,0.0,0,0,0,0.016962134955912457,0.02135567932620156
2024-04-03,0.0,0.0,0.0,0,0,0,0.016962134955912457,0.02135567932620156
2024-04-04,0.0,0.0,0.0,0,0,0,0.016962134955912457,0.02135567932620156
2024-04-05,0.0,0.0,0.0,0,0,0,0.016962134955912457,0.02135567932620156
2024-04-08,0.0,0.0,0.0,0,0,0,0.016962134955912457,0.02135567932620156
2024-04-09,0.0,0.0,0.0,0,0,0,0.016962134955912457,0.02135567932620156
2024-04-10,0.0,0.0,0.0,0,0,0,0.016962134955912457,0.02135567932620156
2024-04-11,0.0,0.0,0.0,0,0,0,0.016962134955912457,0.02135567932620156
2024-04-12,0.0,0.0,0.0,0,0,0,0.016962134955912457,0.02135567932620156
2024-04-15,0.0,0.0,0.0,0,0,0,0.016962134955912457,0.02135567932620156
2024-04-16,0.0,0.0,0.0,0,0,0,0.016962134955912457,0.02135567932620156
2024-04-17,0.0,0.0,0.0,0,0,0,0.016962134955912457,0.02135567932620156
2024-04-18,0.0,0.0,0.0,0,0,0,0.016962134955912457,0.02135567932620156
2024-04-19,0.0,0.0,0.0,0,0,0,0.016962134955912457,0.02135567932620156
2024-04-22,0.0,0.0,0.0,0,0,0,0.016962134955912457,0.02135567932620156
2024-04-23,0.0,0.0,0.0,0,0,0,0.016962134955912457,0.02135567932620156
2024-04-24,0.0,0.0,0.0,0,0,0,0.016962134955912457,0.02135567932620156
2024-04-25,0.0,0.0,0.0,0,0,0,0.016962134955912457,0.02135567932620156
2024-04-26,0.0,0.0,0.0,0,0,0,0.016962134955912457,0.02135567932620156
2024-04-29,0.0,0.0,0.0,0,0,0,0.016962134955912457,0.02135567932620156
2024-04-30,0.0,0.0,0.0,0,0,0,0.016962134955912457,0.02135567932620156
2024-05-01,0.0,0.0,0.0,0,0,0,0.016962134955912457,0.02135567932620156
2024-05-02,0.0,0.0,0.0,0,0,0,0.016962134955912457,0.02135567932620156
2024-05-03,0.0,0.0,0.0,0,0,0,0.016962134955912457,0.02135567932620156
2024-05-06,0.0,0.0,0.0,0,0,0,0.016962134955912457,0.02135567932620156
2024-05-07,0.0,0.0,0.0,0,0,0,0.016962134955912457,0.02135567932620156
2024-05-08,0.0,0.0,0.0,0,0,0,0.016962134955912457,0.02135567932620156
2024-05-09,0.0,0.0,0.0,0,0,0,0.016962134955912457,0.02135567932620156
2024-05-10,0.0,0.0,0.0,0,0,0,0.016962134955912457,0.02135567932620156
2024-05-13,0.0,0.0,0.0,0,0,0,0.016962134955912457,0.02135567932620156
2024-05-14,0.0,0.0,0.0,0,0,0,0.016962134955912457,0.02135567932620156
2024-05-15,0.0,0.0,0.0,0,0,0,0.016962134955912457,0.02135567932620156
2024-05-16,0.0,0.0,0.0,0,0,0,0.016962134955912457,0.02135567932620156
2024-05-17,0.0,0.0,0.0,0,0,0,0.016962134955912457,0.02135567932620156
2024-05-20,0.0,0.0,0.0,0,0,0,0.016962134955912457,0.02135567932620156
2024-05-21,0.0,0.0,0.0,0,0,0,0.016962134955912457,0.02135567932620156
2024-05-22,0.0,0.0,0.0,0,0,0,0.016962134955912457,0.02135567932620156
2024-05-23,0.0,0.0,0.0,0,0,0,0.016962134955912457,0.02135567932620156
2024-05-24,0.0,0.0,0.0,0,0,0,0.016962134955912457,0.02135567932620156
2024-05-28,0.0,0.0,0.0,0,0,0,0.016962134955912457,0.02135567932620156
2024-05-29,0.0,0.0,0.0,0,0,0,0.016962134955912457,0.02135567932620156
2024-05-30,0.0,0.0,0.0,0,0,0,0.016962134955912457,0.02135567932620156
2024-05-31,0.0,0.0,0.0,0,0,0,0.016962134955912457,0.02135567932620156
2024-06-03,0.0,0.0,0.0,0,0,0,0.016962134955912457,0.02135567932620156
2024-06-04,0.0,0.0,0.0,0,0,0,0.016962134955912457,0.02135567932620156
2024-06-05,0.0,0.0,0.0,0,0,0,0.016962134955912457,0.02135567932620156
2024-06-06,0.0,0.0,0.0,0,0,0,0.016962134955912457,0.02135567932620156
2024-06-07,0.0,0.0,0.0,0,0,0,0.016962134955912457,0.02135567932620156
2024-06-10,0.0,0.0,0.0,0,0,0,0.016962134955912457,0.02135567932620156
2024-06-11,0.0,0.0,0.0,0,0,0,0.016962134955912457,0.02135567932620156
2024-06-12,0.0,0.0,0.0,0,0,0,0.016962134955912457,0.02135567932620156
2024-06-13,0.0,0.0,0.0,0,0,0,0.016962134955912457,0.02135567932620156
2024-06-14,0.0,0.0,0.0,0,0,0,0.016962134955912457,0.02135567932620156
2024-06-17,0.0,0.0,0.0,0,0,0,0.016962134955912457,0.02135567932620156
2024-06-18,0.0,0.0,0.0,0,0,0,0.016962134955912457,0.02135567932620156
2024-06-20,0.0,0.0,0.0,0,0,0,0.016962134955912457,0.02135567932620156
2024-06-21,0.0,0.0,0.0,0,0,0,0.016962134955912457,0.02135567932620156
2024-06-24,0.0,0.0,0.0,0,0,0,0.016962134955912457,0.02135567932620156
2024-06-25,0.0,0.0,0.0,0,0,0,0.016962134955912457,0.02135567932620156
2024-06-26,0.0,0.0,0.0,0,0,0,0.016962134955912457,0.02135567932620156
2024-06-27,0.0,0.0,0.0,0,0,0,0.016962134955912457,0.02135567932620156
2024-06-28,0.0,0.0,0.0,0,0,0,0.016962134955912457,0.02135567932620156
2024-07-01,0.0,0.0,0.0,0,0,0,0.016962134955912457,0.02135567932620156
2024-07-02,0.0,0.0,0.0,0,0,0,0.016962134955912457,0.02135567932620156
2024-07-03,0.0,0.0,0.0,0,0,0,0.016962134955912457,0.02135567932620156
2024-07-05,0.0,0.0,0.0,0,0,0,0.016962134955912457,0.02135567932620156
2024-07-08,0.0,0.0,0.0,0,0,0,0.016962134955912457,0.02135567932620156
2024-07-09,0.0,0.0,0.0,0,0,0,0.016962134955912457,0.02135567932620156
2024-07-10,0.0,0.0,0.0,0,0,0,0.016962134955912457,0.02135567932620156
2024-07-11,0.0,0.0,0.0,0,0,0,0.016962134955912457,0.02135567932620156
2024-07-12,0.0,0.0,0.0,0,0,0,0.016962134955912457,0.02135567932620156
2024-07-15,0.0,0.0,0.0,0,0,0,0.016962134955912457,0.02135567932620156
2024-07-16,0.0,0.0,0.0,0,0,0,0.016962134955912457,0.02135567932620156
2024-07-17,0.0,0.0,0.0,0,0,0,0.016962134955912457,0.02135567932620156
2024-07-18,0.0,0.0,0.0,0,0,0,0.016962134955912457,0.02135567932620156
2024-07-19,0.0,0.0,0.0,0,0,0,0.016962134955912457,0.02135567932620156
2024-07-22,0.0,0.0,0.0,0,0,0,0.016962134955912457,0.02135567932620156
2024-07-23,0.0,0.0,0.0,0,0,0,0.016962134955912457,0.02135567932620156
2024-07-24,0.0,0.0,0.0,0,0,0,0.016962134955912457,0.02135567932620156
2024-07-25,0.0,0.0,0.0,0,0,0,0.016962134955912457,0.02135567932620156
2024-07-26,0.0,0.0,0.0,0,0,0,0.016962134955912457,0.02135567932620156
2024-07-29,0.0,0.0,0.0,0,0,0,0.016962134955912457,0.02135567932620156
2024-07-30,0.0,0.0,0.0,0,0,0,0.016962134955912457,0.02135567932620156
2024-07-31,0.0,0.0,0.0,0,0,0,0.016962134955912457,0.02135567932620156
2024-08-01,0.0,0.0,0.0,0,0,0,0.016962134955912457,0.02135567932620156
2024-08-02,0.0,0.0,0.0,0,0,0,0.016962134955912457,0.02135567932620156
2024-08-05,0.0,0.0,0.0,0,0,0,0.016962134955912457,0.02135567932620156
2024-08-06,0.0,0.0,0.0,0,0,0,0.016962134955912457,0.02135567932620156
2024-08-07,0.0,0.0,0.0,0,0,0,0.016962134955912457,0.02135567932620156
2024-08-08,0.0,0.0,0.0,0,0,0,0.016962134955912457,0.02135567932620156
2024-08-09,0.0,0.0,0.0,0,0,0,0.016962134955912457,0.02135567932620156
2024-08-12,0.0,0.0,0.0,0,0,0,0.016962134955912457,0.02135567932620156
2024-08-13,0.0,0.0,0.0,0,0,0,0.016962134955912457,0.02135567932620156
2024-08-14,0.0,0.0,0.0,0,0,0,0.016962134955912457,0.02135567932620156
2024-08-15,0.0,0.0,0.0,0,0,0,0.016962134955912457,0.02135567932620156
2024-08-16,0.0,0.0,0.0,0,0,0,0.016962134955912457,0.02135567932620156
2024-08-19,0.0,0.0,0.0,0,0,0,0.016962134955912457,0.02135567932620156
2024-08-20,0.0,0.0,0.0,0,0,0,0.016962134955912457,0.02135567932620156
2024-08-21,0.0,0.0,0.0,0,0,0,0.016962134955912457,0.02135567932620156
2024-08-22,0.0,0.0,0.0,0,0,0,0.016962134955912457,0.02135567932620156
2024-08-23,0.0,0.0,0.0,0,0,0,0.016962134955912457,0.02135567932620156
2024-08-26,0.0,0.0,0.0,0,0,0,0.016962134955912457,0.02135567932620156
2024-08-27,0.0,0.0,0.0,0,0,0,0.016962134955912457,0.02135567932620156
2024-08-28,0.0,0.0,0.0,0,0,0,0.016962134955912457,0.02135567932620156
2024-08-29,0.0,0.0,0.0,0,0,0,0.016962134955912457,0.02135567932620156
2024-08-30,0.0,0.0,0.0,0,0,0,0.016962134955912457,0.02135567932620156
2024-09-03,0.0,0.0,0.0,0,0,0,0.016962134955912457,0.02135567932620156
2024-09-04,0.0,0.0,0.0,0,0,0,0.016962134955912457,0.02135567932620156
2024-09-05,0.0,0.0,0.0,0,0,0,0.016962134955912457,0.02135567932620156
2024-09-06,0.0,0.0,0.0,0,0,0,0.016962134955912457,0.02135567932620156
2024-09-09,0.0,0.0,0.0,0,0,0,0.016962134955912457,0.02135567932620156
2024-09-10,0.0,0.0,0.0,0,0,0,0.016962134955912457,0.02135567932620156
2024-09-11,0.0,0.0,0.0,0,0,0,0.016962134955912457,0.02135567932620156
2024-09-12,0.0,0.0,0.0,0,0,0,0.016962134955912457,0.02135567932620156
2024-09-13,0.0,0.0,0.0,0,0,0,0.016962134955912457,0.02135567932620156
2024-09-16,0.0,0.0,0.0,0,0,0,0.016962134955912457,0.02135567932620156
2024-09-17,0.0,0.0,0.0,0,0,0,0.016962134955912457,0.02135567932620156
2024-09-18,0.0,0.0,0.0,0,0,0,0.016962134955912457,0.02135567932620156
2024-09-19,0.0,0.0,0.0,0,0,0,0.016962134955912457,0.02135567932620156
2024-09-20,0.0,0.0,0.0,0,0,0,0.016962134955912457,0.02135567932620156
2024-09-23,0.0,0.0,0.0,0,0,0,0.016962134955912457,0.02135567932620156
2024-09-24,0.0,0.0,0.0,0,0,0,0.016962134955912457,0.02135567932620156
2024-09-25,0.0,0.0,0.0,0,0,0,0.016962134955912457,0.02135567932620156
2024-09-26,0.0,0.0,0.0,0,0,0,0.016962134955912457,0.02135567932620156
2024-09-27,0.0,0.0,0.0,0,0,0,0.016962134955912457,0.02135567932620156
2024-09-30,0.0,0.0,0.0,0,0,0,0.016962134955912457,0.02135567932620156
2024-10-01,0.0,0.0,0.0,0,0,0,0.016962134955912457,0.02135567932620156
2024-10-02,0.0,0.0,0.0,0,0,0,0.016962134955912457,0.02135567932620156
2024-10-03,0.0,0.0,0.0,0,0,0,0.016962134955912457,0.02135567932620156
2024-10-04,0.0,0.0,0.0,0,0,0,0.016962134955912457,0.02135567932620156
2024-10-07,0.0,0.0,0.0,0,0,0,0.016962134955912457,0.02135567932620156
2024-10-08,0.0,0.0,0.0,0,0,0,0.016962134955912457,0.02135567932620156
2024-10-09,0.0,0.0,0.0,0,0,0,0.016962134955912457,0.02135567932620156
2024-10-10,0.0,0.0,0.0,0,0,0,0.016962134955912457,0.02135567932620156
2024-10-11,0.0,0.0,0.0,0,0,0,0.016962134955912457,0.02135567932620156
2024-10-15,0.0,0.0,0.0,0,0,0,0.016962134955912457,0.02135567932620156
2024-10-16,0.0,0.0,0.0,0,0,0,0.016962134955912457,0.02135567932620156
2024-10-17,0.0,0.0,0.0,0,0,0,0.016962134955912457,0.02135567932620156
2024-10-18,0.0,0.0,0.0,0,0,0,0.016962134955912457,0.02135567932620156
2024-10-21,0.0,0.0,0.0,0,0,0,0.016962134955912457,0.02135567932620156
2024-10-22,0.0,0.0,0.0,0,0,0,0.016962134955912457,0.02135567932620156
2024-10-23,0.0,0.0,0.0,0,0,0,0.016962134955912457,0.02135567932620156
2024-10-24,0.0,0.0,0.0,0,0,0,0.016962134955912457,0.02135567932620156
2024-10-25,0.0,0.0,0.0,0,0,0,0.016962134955912457,0.02135567932620156
2024-10-28,0.0,0.0,0.0,0,0,0,0.016962134955912457,0.02135567932620156
2024-10-29,0.0,0.0,0.0,0,0,0,0.016962134955912457,0.02135567932620156
2024-10-30,0.0,0.0,0.0,0,0,0,0.016962134955912457,0.02135567932620156
2024-10-31,0.0,0.0,0.0,0,0,0,0.016962134955912457,0.02135567932620156
2024-11-01,0.0,0.0,0.0,0,0,0,0.016962134955912457,0.02135567932620156
2024-11-04,0.0,0.0,0.0,0,0,0,0.016962134955912457,0.02135567932620156
2024-11-05,0.0,0.0,0.0,0,0,0,0.016962134955912457,0.02135567932620156
2024-11-06,0.0,0.0,0.0,0,0,0,0.016962134955912457,0.02135567932620156
2024-11-07,0.0,0.0,0.0,0,0,0,0.016962134955912457,0.02135567932620156
2024-11-08,0.0,0.0,0.0,0,0,0,0.016962134955912457,0.02135567932620156
2024-11-12,0.0,0.0,0.0,0,0,0,0.016962134955912457,0.02135567932620156
2024-11-13,0.0,0.0,0.0,0,0,0,0.016962134955912457,0.02135567932620156
2024-11-14,0.0,0.0,0.0,0,0,0,0.016962134955912457,0.02135567932620156
2024-11-15,0.0,0.0,0.0,0,0,0,0.016962134955912457,0.02135567932620156
2024-11-18,0.0,0.0,0.0,0,0,0,0.016962134955912457,0.02135567932620156
2024-11-19,0.0,0.0,0.0,0,0,0,0.016962134955912457,0.02135567932620156
2024-11-20,0.0,0.0,0.0,0,0,0,0.016962134955912457,0.02135567932620156
2024-11-21,0.0,0.0,0.0,0,0,0,0.016962134955912457,0.02135567932620156
2024-11-22,0.0,0.0,0.0,0,0,0,0.016962134955912457,0.02135567932620156
2024-11-25,0.0,0.0,0.0,0,0,0,0.016962134955912457,0.02135567932620156
2024-11-26,0.0,0.0,0.0,0,0,0,0.016962134955912457,0.02135567932620156
2024-11-27,0.0,0.0,0.0,0,0,0,0.016962134955912457,0.02135567932620156
2024-11-29,0.0,0.0,0.0,0,0,0,0.016962134955912457,0.02135567932620156
2024-12-02,0.0,0.0,0.0,0,0,0,0.016962134955912457,0.02135567932620156
2024-12-03,0.0,0.0,0.0,0,0,0,0.016962134955912457,0.02135567932620156
2024-12-04,0.0,0.0,0.0,0,0,0,0.016962134955912457,0.02135567932620156
2024-12-05,0.0,0.0,0.0,0,0,0,0.016962134955912457,0.02135567932620156
2024-12-06,0.0,0.0,0.0,0,0,0,0.016962134955912457,0.02135567932620156
2024-12-09,0.0,0.0,0.0,0,0,0,0.016962134955912457,0.02135567932620156
2024-12-10,0.0,0.0,0.0,0,0,0,0.016962134955912457,0.02135567932620156
2024-12-11,0.0,0.0,0.0,0,0,0,0.016962134955912457,0.02135567932620156
2024-12-12,0.0,0.0,0.0,0,0,0,0.016962134955912457,0.02135567932620156
2024-12-13,0.0,0.0,0.0,0,0,0,0.016962134955912457,0.02135567932620156
2024-12-16,0.0,0.0,0.0,0,0,0,0.016962134955912457,0.02135567932620156
2024-12-17,0.0,0.0,0.0,0,0,0,0.016962134955912457,0.02135567932620156
2024-12-18,0.0,0.0,0.0,0,0,0,0.016962134955912457,0.02135567932620156
2024-12-19,0.0,0.0,0.0,0,0,0,0.016962134955912457,0.02135567932620156
2024-12-20,0.0,0.0,0.0,0,0,0,0.016962134955912457,0.02135567932620156
2024-12-23,0.0,0.0,0.0,0,0,0,0.016962134955912457,0.02135567932620156
2024-12-24,0.0,0.0,0.0,0,0,0,0.016962134955912457,0.02135567932620156
2024-12-26,0.0,0.0,0.0,0,0,0,0.016962134955912457,0.02135567932620156
2024-12-27,0.0,0.0,0.0,0,0,0,0.016962134955912457,0.02135567932620156
2024-12-30,0.0,0.0,0.0,0,0,0,0.016962134955912457,0.02135567932620156
2024-12-31,0.0,0.0,0.0,0,0,0,0.016962134955912457,0.02135567932620156
2025-01-02,0.0,0.0,0.0,0,0,0,0.016962134955912457,0.02135567932620156
2025-01-03,0.0,0.0,0.0,0,0,0,0.016962134955912457,0.02135567932620156
2025-01-06,0.0,0.0,0.0,0,0,0,0.016962134955912457,0.02135567932620156
2025-01-07,0.0,0.0,0.0,0,0,0,0.016962134955912457,0.02135567932620156
2025-01-08,0.0,0.0,0.0,0,0,0,0.016962134955912457,0.02135567932620156
2025-01-09,0.0,0.0,0.0,0,0,0,0.016962134955912457,0.02135567932620156
2025-01-10,0.0,0.0,0.0,0,0,0,0.016962134955912457,0.02135567932620156
2025-01-13,0.0,0.0,0.0,0,0,0,0.016962134955912457,0.02135567932620156
2025-01-14,0.0,0.0,0.0,0,0,0,0.016962134955912457,0.02135567932620156
2025-01-15,0.0,0.0,0.0,0,0,0,0.016962134955912457,0.02135567932620156
2025-01-16,0.0,0.0,0.0,0,0,0,0.016962134955912457,0.02135567932620156
2025-01-17,0.0,0.0,0.0,0,0,0,0.016962134955912457,0.02135567932620156
2025-01-21,0.0,0.0,0.0,0,0,0,0.016962134955912457,0.02135567932620156
2025-01-22,0.0,0.0,0.0,0,0,0,0.016962134955912457,0.02135567932620156
2025-01-23,0.0,0.0,0.0,0,0,0,0.016962134955912457,0.02135567932620156
2025-01-24,0.0,0.0,0.0,0,0,0,0.016962134955912457,0.02135567932620156
2025-01-27,0.0,0.0,0.0,0,0,0,0.016962134955912457,0.02135567932620156
2025-01-28,0.0,0.0,0.0,0,0,0,0.016962134955912457,0.02135567932620156
2025-01-29,0.0,0.0,0.0,0,0,0,0.016962134955912457,0.02135567932620156
2025-01-30,0.0,0.0,0.0,0,0,0,0.016962134955912457,0.02135567932620156
2025-01-31,0.0,0.0,0.0,0,0,0,0.016962134955912457,0.02135567932620156
2025-02-03,0.0,0.0,0.0,0,0,0,0.016962134955912457,0.02135567932620156
2025-02-04,0.0,0.0,0.0,0,0,0,0.016962134955912457,0.02135567932620156
2025-02-05,0.0,0.0,0.0,0,0,0,0.016962134955912457,0.02135567932620156
2025-02-06,0.0,0.0,0.0,0,0,0,0.016962134955912457,0.02135567932620156
2025-02-07,0.0,0.0,0.0,0,0,0,0.016962134955912457,0.02135567932620156
2025-02-10,0.0,0.0,0.0,0,0,0,0.016962134955912457,0.02135567932620156
2025-02-11,0.0,0.0,0.0,0,0,0,0.016962134955912457,0.02135567932620156
2025-02-12,0.0,0.0,0.0,0,0,0,0.016962134955912457,0.02135567932620156
2025-02-13,0.0,0.0,0.0,0,0,0,0.016962134955912457,0.02135567932620156
2025-02-14,0.0,0.0,0.0,0,0,0,0.016962134955912457,0.02135567932620156
2025-02-18,0.0,0.0,0.0,0,0,0,0.016962134955912457,0.02135567932620156
2025-02-19,0.0,0.0,0.0,0,0,0,0.016962134955912457,0.02135567932620156
2025-02-20,0.0,0.0,0.0,0,0,0,0.016962134955912457,0.02135567932620156
2025-02-21,0.0,0.0,0.0,0,0,0,0.016962134955912457,0.02135567932620156
2025-02-24,0.0,0.0,0.0,0,0,0,0.016962134955912457,0.02135567932620156
2025-02-25,0.0,0.0,0.0,0,0,0,0.016962134955912457,0.02135567932620156
2025-02-26,0.0,0.0,0.0,0,0,0,0.016962134955912457,0.02135567932620156
2025-02-27,0.0,0.0,0.0,0,0,0,0.016962134955912457,0.02135567932620156
2025-02-28,0.0,0.0,0.0,0,0,0,0.016962134955912457,0.02135567932620156
2025-03-03,0.0,0.0,0.0,0,0,0,0.016962134955912457,0.02135567932620156
2025-03-04,0.0,0.0,0.0,0,0,0,0.016962134955912457,0.02135567932620156
2025-03-05,0.0,0.0,0.0,0,0,0,0.016962134955912457,0.02135567932620156
2025-03-06,0.0,0.0,0.0,0,0,0,0.016962134955912457,0.02135567932620156
2025-03-07,0.0,0.0,0.0,0,0,0,0.016962134955912457,0.02135567932620156
2025-03-10,0.0,0.0,0.0,0,0,0,0.016962134955912457,0.02135567932620156
2025-03-11,0.0,0.0,0.0,0,0,0,0.016962134955912457,0.02135567932620156
2025-03-12,0.0,0.0,0.0,0,0,0,0.016962134955912457,0.02135567932620156
2025-03-13,0.0,0.0,0.0,0,0,0,0.016962134955912457,0.02135567932620156
2025-03-14,0.0,0.0,0.0,0,0,0,0.016962134955912457,0.02135567932620156
2025-03-17,0.0,0.0,0.0,0,0,0,0.016962134955912457,0.02135567932620156
2025-03-18,0.0,0.0,0.0,0,0,0,0.016962134955912457,0.02135567932620156
2025-03-19,0.0,0.0,0.0,0,0,0,0.016962134955912457,0.02135567932620156
2025-03-20,0.0,0.0,0.0,0,0,0,0.016962134955912457,0.02135567932620156
2025-03-21,0.0,0.0,0.0,0,0,0,0.016962134955912457,0.02135567932620156
2025-03-24,0.0,0.0,0.0,0,0,0,0.016962134955912457,0.02135567932620156
2025-03-25,0.0,0.0,0.0,0,0,0,0.016962134955912457,0.02135567932620156
2025-03-26,0.0,0.0,0.0,0,0,0,0.016962134955912457,0.02135567932620156
2025-03-27,0.0,0.0,0.0,0,0,0,0.016962134955912457,0.02135567932620156
2025-03-28,0.0,0.0,0.0,0,0,0,0.016962134955912457,0.02135567932620156
2025-03-31,0.0,0.0,0.0,0,0,0,0.016962134955912457,0.02135567932620156
2025-04-01,0.0,0.0,0.0,0,0,0,0.016962134955912457,0.02135567932620156
2025-04-02,0.0,0.0,0.0,0,0,0,0.016962134955912457,0.02135567932620156
2025-04-03,0.0,0.0,0.0,0,0,0,0.016962134955912457,0.02135567932620156
2025-04-04,0.0,0.0,0.0,0,0,0,0.016962134955912457,0.02135567932620156
2025-04-07,0.0,0.0,0.0,0,0,0,0.016962134955912457,0.02135567932620156
2025-04-08,0.0,0.0,0.0,0,0,0,0.016962134955912457,0.02135567932620156
2025-04-09,0.0,0.0,0.0,0,0,0,0.016962134955912457,0.02135567932620156
2025-04-10,0.0,0.0,0.0,0,0,0,0.016962134955912457,0.02135567932620156
2025-04-11,0.0,0.0,0.0,0,0,0,0.016962134955912457,0.02135567932620156
2025-04-14,0.0,0.0,0.0,0,0,0,0.016962134955912457,0.02135567932620156
2025-04-15,0.0,0.0,0.0,0,0,0,0.016962134955912457,0.02135567932620156
2025-04-16,0.0,0.0,0.0,0,0,0,0.016962134955912457,0.02135567932620156
2025-04-17,0.0,0.0,0.0,0,0,0,0.016962134955912457,0.02135567932620156
2025-04-18,0.0,0.0,0.0,0,0,0,0.016962134955912457,0.02135567932620156
2025-04-21,0.0,0.0,0.0,0,0,0,0.016962134955912457,0.02135567932620156
2025-04-22,0.0,0.0,0.0,0,0,0,0.016962134955912457,0.02135567932620156
2025-04-23,0.0,0.0,0.0,0,0,0,0.016962134955912457,0.02135567932620156
2025-04-24,0.0,0.0,0.0,0,0,0,0.016962134955912457,0.02135567932620156
2025-04-25,0.0,0.0,0.0,0,0,0,0.016962134955912457,0.02135567932620156
2025-04-28,0.0,0.0,0.0,0,0,0,0.016962134955912457,0.02135567932620156
2025-04-29,0.0,0.0,0.0,0,0,0,0.016962134955912457,0.02135567932620156
2025-04-30,0.0,0.0,0.0,0,0,0,0.016962134955912457,0.02135567932620156
2025-05-01,0.0,0.0,0.0,0,0,0,0.016962134955912457,0.02135567932620156
2025-05-02,0.0,0.0,0.0,0,0,0,0.016962134955912457,0.02135567932620156
2025-05-05,0.0,0.0,0.0,0,0,0,0.016962134955912457,0.02135567932620156
2025-05-06,0.0,0.0,0.0,0,0,0,0.016962134955912457,0.02135567932620156
2025-05-07,0.0,0.0,0.0,0,0,0,0.016962134955912457,0.02135567932620156
2025-05-08,0.0,0.0,0.0,0,0,0,0.016962134955912457,0.02135567932620156
2025-05-09,0.0,0.0,0.0,0,0,0,0.016962134955912457,0.02135567932620156
2025-05-12,0.0,0.0,0.0,0,0,0,0.016962134955912457,0.02135567932620156
2025-05-13,0.0,0.0,0.0,0,0,0,0.016962134955912457,0.02135567932620156
2025-05-14,0.0,0.0,0.0,0,0,0,0.016962134955912457,0.02135567932620156
2025-05-15,0.0,0.0,0.0,0,0,0,0.016962134955912457,0.02135567932620156
2025-05-16,0.0,0.0,0.0,0,0,0,0.016962134955912457,0.02135567932620156
2025-05-19,0.0,0.0,0.0,0,0,0,0.016962134955912457,0.02135567932620156
2025-05-20,0.0,0.0,0.0,0,0,0,0.016962134955912457,0.02135567932620156
2025-05-21,0.0,0.0,0.0,0,0,0,0.016962134955912457,0.02135567932620156
2025-05-22,0.0,0.0,0.0,0,0,0,0.016962134955912457,0.02135567932620156
2025-05-23,0.0,0.0,0.0,0,0,0,0.016962134955912457,0.02135567932620156
2025-05-27,0.0,0.0,0.0,0,0,0,0.016962134955912457,0.02135567932620156
2025-05-28,0.0,0.0,0.0,0,0,0,0.016962134955912457,0.02135567932620156
2025-05-29,0.0,0.0,0.0,0,0,0,0.016962134955912457,0.02135567932620156
2025-05-30,0.0,0.0,0.0,0,0,0,0.016962134955912457,0.02135567932620156
2025-06-02,0.0,0.0,0.0,0,0,0,0.016962134955912457,0.02135567932620156
2025-06-03,0.0,0.0,0.0,0,0,0,0.016962134955912457,0.02135567932620156
2025-06-04,0.0,0.0,0.0,0,0,0,0.016962134955912457,0.02135567932620156
2025-06-05,0.0,0.0,0.0,0,0,0,0.016962134955912457,0.02135567932620156
2025-06-06,0.0,0.0,0.0,0,0,0,0.016962134955912457,0.02135567932620156
2025-06-09,0.0,0.0,0.0,0,0,0,0.016962134955912457,0.02135567932620156
2025-06-10,0.0,0.0,0.0,0,0,0,0.016962134955912457,0.02135567932620156
2025-06-11,0.0,0.0,0.0,0,0,0,0.016962134955912457,0.02135567932620156
2025-06-12,0.0,0.0,0.0,0,0,0,0.016962134955912457,0.02135567932620156
2025-06-13,0.0,0.0,0.0,0,0,0,0.016962134955912457,0.02135567932620156
2025-06-16,0.0,0.0,0.0,0,0,0,0.016962134955912457,0.02135567932620156
2025-06-17,0.0,0.0,0.0,0,0,0,0.016962134955912457,0.02135567932620156
2025-06-18,0.0,0.0,0.0,0,0,0,0.016962134955912457,0.02135567932620156
2025-06-20,0.0,0.0,0.0,0,0,0,0.016962134955912457,0.02135567932620156
2025-06-23,0.0,0.0,0.0,0,0,0,0.016962134955912457,0.02135567932620156
2025-06-24,0.0,0.0,0.0,0,0,0,0.016962134955912457,0.02135567932620156
2025-06-25,0.0,0.0,0.0,0,0,0,0.016962134955912457,0.02135567932620156
2025-06-26,0.0,0.0,0.0,0,0,0,0.016962134955912457,0.02135567932620156
2025-06-27,0.0,0.0,0.0,0,0,0,0.016962134955912457,0.02135567932620156
2025-06-30,0.0,0.0,0.0,0,0,0,0.016962134955912457,0.02135567932620156
2025-07-01,0.0,0.0,0.0,0,0,0,0.016962134955912457,0.02135567932620156
2025-07-02,0.0,0.0,0.0,0,0,0,0.016962134955912457,0.02135567932620156
2025-07-03,0.0,0.0,0.0,0,0,0,0.016962134955912457,0.02135567932620156
2025-07-07,0.0,0.0,0.0,0,0,0,0.016962134955912457,0.02135567932620156
2025-07-08,0.0,0.0,0.0,0,0,0,0.016962134955912457,0.02135567932620156
2025-07-09,0.0,0.0,0.0,0,0,0,0.016962134955912457,0.02135567932620156
2025-07-10,0.0,0.0,0.0,0,0,0,0.016962134955912457,0.02135567932620156
2025-07-11,0.0,0.0,0.0,0,0,0,0.016962134955912457,0.02135567932620156
2025-07-14,0.0,0.0,0.0,0,0,0,0.016962134955912457,0.02135567932620156
2025-07-15,0.0,0.0,0.0,0,0,0,0.016962134955912457,0.02135567932620156
2025-07-16,0.0,0.0,0.0,0,0,0,0.016962134955912457,0.02135567932620156
2025-07-17,0.0,0.0,0.0,0,0,0,0.016962134955912457,0.02135567932620156
2025-07-18,0.0,0.0,0.0,0,0,0,0.016962134955912457,0.02135567932620156
2025-07-21,0.0,0.0,0.0,0,0,0,0.016962134955912457,0.02135567932620156
2025-07-22,0.0,0.0,0.0,0,0,0,0.016962134955912457,0.02135567932620156
2025-07-23,0.0,0.0,0.0,0,0,0,0.016962134955912457,0.02135567932620156
2025-07-24,0.0,0.0,0.0,0,0,0,0.016962134955912457,0.02135567932620156
2025-07-25,0.0,0.0,0.0,0,0,0,0.016962134955912457,0.02135567932620156
2025-07-28,0.0,0.0,0.0,0,0,0,0.016962134955912457,0.02135567932620156
2025-07-29,0.0,0.0,0.0,0,0,0,0.016962134955912457,0.02135567932620156
2025-07-30,0.0,0.0,0.0,0,0,0,0.016962134955912457,0.02135567932620156
2025-07-31,0.0,0.0,0.0,0,0,0,0.016962134955912457,0.02135567932620156
2025-08-01,0.0,0.0,0.0,0,0,0,0.016962134955912457,0.02135567932620156
2025-08-04,0.0,0.0,0.0,0,0,0,0.016962134955912457,0.02135567932620156
2025-08-05,0.0,0.0,0.0,0,0,0,0.016962134955912457,0.02135567932620156
2025-08-06,0.0,0.0,0.0,0,0,0,0.016962134955912457,0.02135567932620156
2025-08-07,0.0,0.0,0.0,0,0,0,0.016962134955912457,0.02135567932620156
2025-08-08,0.0,0.0,0.0,0,0,0,0.016962134955912457,0.02135567932620156
2025-08-11,0.0,0.0,0.0,0,0,0,0.016962134955912457,0.02135567932620156
2025-08-12,0.0,0.0,0.0,0,0,0,0.016962134955912457,0.02135567932620156
2025-08-13,0.0,0.0,0.0,0,0,0,0.016962134955912457,0.02135567932620156
2025-08-14,0.0,0.0,0.0,0,0,0,0.016962134955912457,0.02135567932620156
2025-08-15,0.0,0.0,0.0,0,0,0,0.016962134955912457,0.02135567932620156
2025-08-18,0.0,0.0,0.0,0,0,0,0.016962134955912457,0.02135567932620156
2025-08-19,0.0,0.0,0.0,0,0,0,0.016962134955912457,0.02135567932620156
2025-08-20,0.0,0.0,0.0,0,0,0,0.016962134955912457,0.02135567932620156
2025-08-21,0.0,0.0,0.0,0,0,0,0.016962134955912457,0.02135567932620156
2025-08-22,0.0,0.0,0.0,0,0,0,0.016962134955912457,0.02135567932620156
2025-08-25,0.0,0.0,0.0,0,0,0,0.016962134955912457,0.02135567932620156
2025-08-26,0.0,0.0,0.0,0,0,0,0.016962134955912457,0.02135567932620156
2025-08-27,0.0,0.0,0.0,0,0,0,0.016962134955912457,0.02135567932620156
2025-08-28,0.0,0.0,0.0,0,0,0,0.016962134955912457,0.02135567932620156
2025-08-29,0.0,0.0,0.0,0,0,0,0.016962134955912457,0.02135567932620156
2025-09-02,0.0,0.0,0.0,0,0,0,0.016962134955912457,0.02135567932620156
2025-09-03,0.0,0.0,0.0,0,0,0,0.016962134955912457,0.02135567932620156
2025-09-04,0.0,0.0,0.0,0,0,0,0.016962134955912457,0.02135567932620156
2025-09-05,0.0,0.0,0.0,0,0,0,0.016962134955912457,0.02135567932620156
2025-09-08,0.0,0.0,0.0,0,0,0,0.016962134955912457,0.02135567932620156
2025-09-09,0.0,0.0,0.0,0,0,0,0.016962134955912457,0.02135567932620156
2025-09-10,0.0,0.0,0.0,0,0,0,0.016962134955912457,0.02135567932620156
2025-09-11,0.0,0.0,0.0,0,0,0,0.016962134955912457,0.02135567932620156
2025-09-12,0.0,0.0,0.0,0,0,0,0.016962134955912457,0.02135567932620156
2025-09-15,0.0,0.0,0.0,0,0,0,0.016962134955912457,0.02135567932620156
2025-09-16,0.0,0.0,0.0,0,0,0,0.016962134955912457,0.02135567932620156
2025-09-17,0.0,0.0,0.0,0,0,0,0.016962134955912457,0.02135567932620156
2025-09-18,0.0,0.0,0.0,0,0,0,0.016962134955912457,0.02135567932620156
2025-09-19,0.0,0.0,0.0,0,0,0,0.016962134955912457,0.02135567932620156
2025-09-22,0.0,0.0,0.0,0,0,0,0.016962134955912457,0.02135567932620156
2025-09-23,0.0,0.0,0.0,0,0,0,0.016962134955912457,0.02135567932620156
2025-09-24,0.0,0.0,0.0,0,0,0,0.016962134955912457,0.02135567932620156
2025-09-25,0.0,0.0,0.0,0,0,0,0.016962134955912457,0.02135567932620156
2025-09-26,0.0,0.0,0.0,0,0,0,0.016962134955912457,0.02135567932620156
2025-09-29,0.0,0.0,0.0,0,0,0,0.016962134955912457,0.02135567932620156
2025-09-30,0.0,0.0,0.0,0,0,0,0.016962134955912457,0.02135567932620156
2025-10-01,0.0,0.0,0.0,0,0,0,0.016962134955912457,0.02135567932620156
2025-10-02,0.0,0.0,0.0,0,0,0,0.016962134955912457,0.02135567932620156
2025-10-03,0.0,0.0,0.0,0,0,0,0.016962134955912457,0.02135567932620156
2025-10-06,0.0,0.0,0.0,0,0,0,0.016962134955912457,0.02135567932620156
2025-10-07,0.0,0.0,0.0,0,0,0,0.016962134955912457,0.02135567932620156
2025-10-08,0.0,0.0,0.0,0,0,0,0.016962134955912457,0.02135567932620156
2025-10-09,0.0,0.0,0.0,0,0,0,0.016962134955912457,0.02135567932620156
2025-10-10,0.0,0.0,0.0,0,0,0,0.016962134955912457,0.02135567932620156
2025-10-14,0.0,0.0,0.0,0,0,0,0.016962134955912457,0.02135567932620156
2025-10-15,0.0,0.0,0.0,0,0,0,0.016962134955912457,0.02135567932620156
2025-10-16,0.0,0.0,0.0,0,0,0,0.016962134955912457,0.02135567932620156
2025-10-17,0.0,0.0,0.0,0,0,0,0.016962134955912457,0.02135567932620156
2025-10-20,0.0,0.0,0.0,0,0,0,0.016962134955912457,0.02135567932620156
2025-10-21,0.0,0.0,0.0,0,0,0,0.016962134955912457,0.02135567932620156
2025-10-22,0.0,0.0,0.0,0,0,0,0.016962134955912457,0.02135567932620156
2025-10-23,0.0,0.0,0.0,0,0,0,0.016962134955912457,0.02135567932620156
2025-10-24,0.0,0.0,0.0,0,0,0,0.016962134955912457,0.02135567932620156
2025-10-27,0.0,0.0,0.0,0,0,0,0.016962134955912457,0.02135567932620156
2025-10-28,0.0,0.0,0.0,0,0,0,0.016962134955912457,0.02135567932620156
2025-10-29,0.0,0.0,0.0,0,0,0,0.016962134955912457,0.02135567932620156
2025-10-30,0.0,0.0,0.0,0,0,0,0.016962134955912457,0.02135567932620156
2025-10-31,0.0,0.0,0.0,0,0,0,0.016962134955912457,0.02135567932620156
2025-11-03,0.0,0.0,0.0,0,0,0,0.016962134955912457,0.02135567932620156
2025-11-04,0.0,0.0,0.0,0,0,0,0.016962134955912457,0.02135567932620156
2025-11-05,0.0,0.0,0.0,0,0,0,0.016962134955912457,0.02135567932620156
2025-11-06,0.0,0.0,0.0,0,0,0,0.016962134955912457,0.02135567932620156
2025-11-07,0.0,0.0,0.0,0,0,0,0.016962134955912457,0.02135567932620156
2025-11-10,0.0,0.0,0.0,0,0,0,0.016962134955912457,0.02135567932620156
2025-11-12,0.0,0.0,0.0,0,0,0,0.016962134955912457,0.02135567932620156
2025-11-13,0.0,0.0,0.0,1,0,0,0.016962134955912457,0.02135567932620156
2025-11-14,0.0,0.0,0.0,1,0,0,0.016962134955912457,0.02135567932620156
2025-11-17,0.0,0.0002,-0.0002,1,1,1,0.01676213495591246,0.02135567932620156
2025-11-18,-0.000252725085928646,0.0,-0.000252725085928646,1,1,1,0.016509409869983813,0.021102954240272916
2025-11-19,-0.0013398652864744778,0.0,-0.0013398652864744778,1,1,1,0.015169544583509335,0.019763088953798438
2025-11-20,0.00028597706064413254,0.0,0.00028597706064413254,1,1,1,0.015455521644153467,0.02004906601444257
2025-11-21,0.001962218147976977,0.0,0.001962218147976977,1,1,1,0.017417739792130443,0.022011284162419546
2025-11-24,-0.0006256034038629794,0.0,-0.0006256034038629794,1,1,1,0.016792136388267462,0.021385680758556565
2025-11-25,0.0016420082078941658,0.0,0.0016420082078941658,1,1,1,0.018434144596161627,0.02302768896645073
2025-11-26,0.0005350490071204096,0.0,0.0005350490071204096,1,1,1,0.018969193603282038,0.02356273797357114
2025-11-28,0.0001523193880572299,0.0,0.0001523193880572299,1,1,1,0.019121512991339268,0.02371505736162837
2025-12-01,-0.0013604393091152986,0.0,-0.0013604393091152986,1,1,1,0.01776107368222397,0.022354618052513073
2025-12-02,-0.0006105889184561503,0.0,-0.0006105889184561503,1,1,1,0.01715048476376782,0.021744029134056923
2025-12-03,0.0031608109852737246,0.0,0.0031608109852737246,1,1,1,0.020311295749041544,0.024904840119330647
2025-12-04,0.0009002466570113987,0.00020189518650811898,0.0006983514705032797,1,0,0,0.021009647219544823,0.025805086776342044
2025-12-05,0.0,0.0,0.0,1,0,0,0.021009647219544823,0.025805086776342044
2025-12-08,0.0,0.0,0.0,1,0,0,0.021009647219544823,0.025805086776342044
2025-12-09,0.0,0.0,0.0,1,0,0,0.021009647219544823,0.025805086776342044
2025-12-10,0.0,0.0,0.0,1,0,0,0.021009647219544823,0.025805086776342044
2025-12-11,0.0,0.0,0.0,1,0,0,0.021009647219544823,0.025805086776342044
2025-12-12,0.0,0.0,0.0,1,0,0,0.021009647219544823,0.025805086776342044
2025-12-15,0.0,0.0,0.0,1,0,0,0.021009647219544823,0.025805086776342044
2025-12-16,0.0,0.0,0.0,1,0,0,0.021009647219544823,0.025805086776342044
2025-12-17,0.0,0.0,0.0,1,0,0,0.021009647219544823,0.025805086776342044
2025-12-18,0.0,0.0,0.0,1,0,0,0.021009647219544823,0.025805086776342044
2025-12-19,0.0,0.0,0.0,1,0,0,0.021009647219544823,0.025805086776342044
2025-12-22,0.0,0.0,0.0,1,0,0,0.021009647219544823,0.025805086776342044
2025-12-23,0.0,0.0,0.0,1,0,0,0.021009647219544823,0.025805086776342044
2025-12-24,0.0,0.0,0.0,1,0,0,0.021009647219544823,0.025805086776342044
2025-12-26,0.0,0.0,0.0,1,0,0,0.021009647219544823,0.025805086776342044
2025-12-29,0.0,0.0,0.0,1,0,0,0.021009647219544823,0.025805086776342044
2025-12-30,0.0,0.0,0.0,1,0,0,0.021009647219544823,0.025805086776342044
2025-12-31,0.0,0.0,0.0,1,0,0,0.021009647219544823,0.025805086776342044
2026-01-02,0.0,0.0,0.0,1,0,0,0.021009647219544823,0.025805086776342044
2026-01-05,0.0,0.0,0.0,1,0,0,0.021009647219544823,0.025805086776342044
2026-01-06,0.0,0.00019999999999999996,-0.00019999999999999996,1,1,1,0.020809647219544824,0.025805086776342044
2026-01-07,0.0009714001401395214,0.0,0.0009714001401395214,1,1,1,0.021781047359684346,0.026776486916481566
2026-01-08,0.00025579437359973594,0.0,0.00025579437359973594,1,1,1,0.02203684173328408,0.0270322812900813
2026-01-09,-0.00019370547132905984,0.0,-0.00019370547132905984,1,1,1,0.02184313626195502,0.02683857581875224
2026-01-12,-0.0005534948841435054,0.0,-0.0005534948841435054,1,1,1,0.021289641377811513,0.026285080934608733
2026-01-13,0.00015126257966419738,0.0,0.00015126257966419738,1,1,1,0.02144090395747571,0.02643634351427293
2026-01-14,3.153524228676738e-05,0.0,3.153524228676738e-05,1,1,1,0.021472439199762477,0.026467878756559697
2026-01-15,0.0002117957381691728,0.0,0.0002117957381691728,1,1,1,0.02168423493793165,0.02667967449472887
2026-01-16,-7.913889888834353e-05,0.0,-7.913889888834353e-05,1,1,1,0.021605096039043304,0.026600535595840524
2026-01-20,0.00220300288805094,0.0,0.00220300288805094,1,1,1,0.023808098927094245,0.028803538483891465
2026-01-21,0.000279289923753055,0.0,0.000279289923753055,1,1,1,0.0240873888508473,0.02908282840764452
2026-01-22,-0.0009877124141043894,0.0,-0.0009877124141043894,1,1,1,0.023099676436742912,0.028095115993540132
2026-01-23,-0.0025795487436858543,0.0,-0.0025795487436858543,1,1,1,0.02052012769305706,0.02551556724985428
2026-01-26,0.0004576159973626098,0.0,0.0004576159973626098,1,1,1,0.02097774369041967,0.02597318324721689
2026-01-27,0.0005822495994381662,0.0,0.0005822495994381662,1,1,1,0.021559993289857835,0.026555432846655055
2026-01-28,-0.0018501248081685315,0.0,-0.0018501248081685315,1,1,1,0.019709868481689305,0.024705308038486525
2026-01-29,-0.0001780705852809706,0.0,-0.0001780705852809706,1,1,1,0.019531797896408333,0.024527237453205553
2026-01-30,0.000217477132261841,0.0,0.000217477132261841,1,1,1,0.019749275028670174,0.024744714585467394
2026-02-02,-0.00027222117333376445,0.0,-0.00027222117333376445,1,1,1,0.01947705385533641,0.02447249341213363
2026-02-03,-0.0013140966646181056,0.0,-0.0013140966646181056,1,1,1,0.018162957190718306,0.023158396747515526
2026-02-04,0.0009824268121729498,0.0,0.0009824268121729498,1,1,1,0.019145384002891255,0.024140823559688475
2026-02-05,0.004193688091323717,0.0,0.004193688091323717,1,1,1,0.02333907209421497,0.028334511651012192
2026-02-06,-0.0017545865344259907,0.0002018411688923355,-0.001956427703318326,1,0,0,0.021382644390896644,0.0265799251165862
2026-02-09,0.0,0.0,0.0,1,0,0,0.021382644390896644,0.0265799251165862
2026-02-10,0.0,0.0,0.0,1,0,0,0.021382644390896644,0.0265799251165862
2026-02-11,0.0,0.0,0.0,1,0,0,0.021382644390896644,0.0265799251165862
2026-02-12,0.0,0.0,0.0,1,0,0,0.021382644390896644,0.0265799251165862
2026-02-13,0.0,0.0,0.0,1,0,0,0.021382644390896644,0.0265799251165862
2026-02-17,0.0,0.0,0.0,0,0,0,0.021382644390896644,0.0265799251165862
2026-02-18,0.0,0.0,0.0,0,0,0,0.021382644390896644,0.0265799251165862
2026-02-19,0.0,0.0,0.0,0,0,0,0.021382644390896644,0.0265799251165862
2026-02-20,0.0,0.0,0.0,0,0,0,0.021382644390896644,0.0265799251165862
2026-02-23,0.0,0.0,0.0,0,0,0,0.021382644390896644,0.0265799251165862
2026-02-24,0.0,0.0,0.0,0,0,0,0.021382644390896644,0.0265799251165862
2026-02-25,0.0,0.0,0.0,0,0,0,0.021382644390896644,0.0265799251165862
2026-02-26,0.0,0.0,0.0,0,0,0,0.021382644390896644,0.0265799251165862
2026-02-27,0.0,0.0,0.0,0,0,0,0.021382644390896644,0.0265799251165862
2026-03-02,0.0,0.0,0.0,0,0,0,0.021382644390896644,0.0265799251165862
2026-03-03,0.0,0.0,0.0,0,0,0,0.021382644390896644,0.0265799251165862
2026-03-04,0.0,0.0,0.0,0,0,0,0.021382644390896644,0.0265799251165862
2026-03-05,0.0,0.0,0.0,0,0,0,0.021382644390896644,0.0265799251165862
2026-03-06,0.0,0.0,0.0,0,0,0,0.021382644390896644,0.0265799251165862
2026-03-09,0.0,0.0,0.0,0,0,0,0.021382644390896644,0.0265799251165862
2026-03-10,0.0,0.0,0.0,0,0,0,0.021382644390896644,0.0265799251165862
2026-03-11,0.0,0.0,0.0,0,0,0,0.021382644390896644,0.0265799251165862
2026-03-12,0.0,0.0,0.0,0,0,0,0.021382644390896644,0.0265799251165862
2026-03-13,0.0,0.0,0.0,0,0,0,0.021382644390896644,0.0265799251165862
2026-03-16,0.0,0.0,0.0,0,0,0,0.021382644390896644,0.0265799251165862
2026-03-17,0.0,0.0,0.0,0,0,0,0.021382644390896644,0.0265799251165862
2026-03-18,0.0,0.0,0.0,0,0,0,0.021382644390896644,0.0265799251165862
2026-03-19,0.0,0.0,0.0,0,0,0,0.021382644390896644,0.0265799251165862
2026-03-20,0.0,0.0,0.0,0,0,0,0.021382644390896644,0.0265799251165862
2026-03-23,0.0,0.0,0.0,0,0,0,0.021382644390896644,0.0265799251165862
2026-03-24,0.0,0.0,0.0,0,0,0,0.021382644390896644,0.0265799251165862
2026-03-25,0.0,0.0,0.0,0,0,0,0.021382644390896644,0.0265799251165862
2026-03-26,0.0,0.0,0.0,0,0,0,0.021382644390896644,0.0265799251165862
2026-03-27,0.0,0.0,0.0,0,0,0,0.021382644390896644,0.0265799251165862
2026-03-30,0.0,0.0,0.0,0,0,0,0.021382644390896644,0.0265799251165862
2026-03-31,0.0,0.0,0.0,0,0,0,0.021382644390896644,0.0265799251165862
2026-04-01,0.0,0.0,0.0,0,0,0,0.021382644390896644,0.0265799251165862
2026-04-02,0.0,0.0,0.0,0,0,0,0.021382644390896644,0.0265799251165862
2026-04-03,0.0,0.0,0.0,0,0,0,0.021382644390896644,0.0265799251165862
2026-04-06,0.0,0.0,0.0,0,0,0,0.021382644390896644,0.0265799251165862
2026-04-07,0.0,0.0,0.0,0,0,0,0.021382644390896644,0.0265799251165862
2026-04-08,0.0,0.0,0.0,0,0,0,0.021382644390896644,0.0265799251165862
2026-04-09,0.0,0.0,0.0,0,0,0,0.021382644390896644,0.0265799251165862
2026-04-10,0.0,0.0,0.0,0,0,0,0.021382644390896644,0.0265799251165862
2026-04-13,0.0,0.0,0.0,0,0,0,0.021382644390896644,0.0265799251165862
2026-04-14,0.0,0.0,0.0,0,0,0,0.021382644390896644,0.0265799251165862
2026-04-15,0.0,0.0,0.0,0,0,0,0.021382644390896644,0.0265799251165862
2026-04-16,0.0,0.0,0.0,0,0,0,0.021382644390896644,0.0265799251165862
2026-04-17,0.0,0.0,0.0,0,0,0,0.021382644390896644,0.0265799251165862
2026-04-20,0.0,0.0,0.0,0,0,0,0.021382644390896644,0.0265799251165862
2026-04-21,0.0,0.0,0.0,0,0,0,0.021382644390896644,0.0265799251165862
2026-04-22,0.0,0.0,0.0,0,0,0,0.021382644390896644,0.0265799251165862
2026-04-23,0.0,0.0,0.0,0,0,0,0.021382644390896644,0.0265799251165862
2026-04-24,0.0,0.0,0.0,0,0,0,0.021382644390896644,0.0265799251165862
2026-04-27,0.0,0.0,0.0,0,0,0,0.021382644390896644,0.0265799251165862
2026-04-28,0.0,0.0,0.0,0,0,0,0.021382644390896644,0.0265799251165862
2026-04-29,0.0,0.0,0.0,0,0,0,0.021382644390896644,0.0265799251165862
2026-04-30,0.0,0.0,0.0,0,0,0,0.021382644390896644,0.0265799251165862
2026-05-01,0.0,0.0,0.0,0,0,0,0.021382644390896644,0.0265799251165862
2026-05-04,0.0,0.0,0.0,0,0,0,0.021382644390896644,0.0265799251165862
2026-05-05,0.0,0.0,0.0,0,0,0,0.021382644390896644,0.0265799251165862
2026-05-06,0.0,0.0,0.0,0,0,0,0.021382644390896644,0.0265799251165862
2026-05-07,0.0,0.0,0.0,0,0,0,0.021382644390896644,0.0265799251165862
2026-05-08,0.0,0.0,0.0,0,0,0,0.021382644390896644,0.0265799251165862
2026-05-11,0.0,0.0,0.0,0,0,0,0.021382644390896644,0.0265799251165862
2026-05-12,0.0,0.0,0.0,0,0,0,0.021382644390896644,0.0265799251165862
2026-05-13,0.0,0.0,0.0,0,0,0,0.021382644390896644,0.0265799251165862
2026-05-14,0.0,0.0,0.0,0,0,0,0.021382644390896644,0.0265799251165862
2026-05-15,0.0,0.0,0.0,0,0,0,0.021382644390896644,0.0265799251165862
2026-05-18,0.0,0.0,0.0,0,0,0,0.021382644390896644,0.0265799251165862
2026-05-19,0.0,0.0,0.0,0,0,0,0.021382644390896644,0.0265799251165862
2026-05-20,0.0,0.0,0.0,0,0,0,0.021382644390896644,0.0265799251165862
2026-05-21,0.0,0.0,0.0,0,0,0,0.021382644390896644,0.0265799251165862
2026-05-22,0.0,0.0,0.0,0,0,0,0.021382644390896644,0.0265799251165862
2026-05-26,0.0,0.0,0.0,0,0,0,0.021382644390896644,0.0265799251165862
2026-05-27,0.0,0.0,0.0,0,0,0,0.021382644390896644,0.0265799251165862
2026-05-28,0.0,0.0,0.0,0,0,0,0.021382644390896644,0.0265799251165862
2026-05-29,0.0,0.0,0.0,0,0,0,0.021382644390896644,0.0265799251165862
2026-06-01,0.0,0.0,0.0,0,0,0,0.021382644390896644,0.0265799251165862
2026-06-02,0.0,0.0,0.0,0,0,0,0.021382644390896644,0.0265799251165862
2026-06-03,0.0,0.0,0.0,0,0,0,0.021382644390896644,0.0265799251165862
2026-06-04,0.0,0.0,0.0,0,0,0,0.021382644390896644,0.0265799251165862
2026-06-05,0.0,0.0,0.0,0,0,0,0.021382644390896644,0.0265799251165862
2026-06-08,0.0,0.0,0.0,0,0,0,0.021382644390896644,0.0265799251165862
2026-06-09,0.0,0.0,0.0,0,0,0,0.021382644390896644,0.0265799251165862
2026-06-10,0.0,0.0,0.0,0,0,0,0.021382644390896644,0.0265799251165862
2026-06-11,0.0,0.0,0.0,0,0,0,0.021382644390896644,0.0265799251165862
2026-06-12,0.0,0.0,0.0,0,0,0,0.021382644390896644,0.0265799251165862
2026-06-15,0.0,0.0,0.0,0,0,0,0.021382644390896644,0.0265799251165862
2026-06-16,0.0,0.0,0.0,0,0,0,0.021382644390896644,0.0265799251165862
2026-06-17,0.0,0.0,0.0,0,0,0,0.021382644390896644,0.0265799251165862
2026-06-18,0.0,0.0,0.0,0,0,0,0.021382644390896644,0.0265799251165862
2026-06-22,0.0,0.0,0.0,0,0,0,0.021382644390896644,0.0265799251165862
2026-06-23,0.0,0.0,0.0,0,0,0,0.021382644390896644,0.0265799251165862
2026-06-24,0.0,0.0,0.0,0,0,0,0.021382644390896644,0.0265799251165862
2026-06-25,0.0,0.0,0.0,0,0,0,0.021382644390896644,0.0265799251165862
2026-06-26,0.0,0.0,0.0,0,0,0,0.021382644390896644,0.0265799251165862
2026-06-29,0.0,0.0,0.0,0,0,0,0.021382644390896644,0.0265799251165862
2026-06-30,0.0,0.0,0.0,0,0,0,0.021382644390896644,0.0265799251165862
2026-07-01,0.0,0.0,0.0,0,0,0,0.021382644390896644,0.0265799251165862
2026-07-02,0.0,0.0,0.0,0,0,0,0.021382644390896644,0.0265799251165862
2026-07-06,0.0,0.0,0.0,0,0,0,0.021382644390896644,0.0265799251165862
2026-07-07,0.0,0.0,0.0,0,0,0,0.021382644390896644,0.0265799251165862
2026-07-08,0.0,0.0,0.0,0,0,0,0.021382644390896644,0.0265799251165862
2026-07-09,0.0,0.0,0.0,0,0,0,0.021382644390896644,0.0265799251165862
2026-07-10,0.0,0.0,0.0,0,0,0,0.021382644390896644,0.0265799251165862
2026-07-13,0.0,0.0,0.0,0,0,0,0.021382644390896644,0.0265799251165862
2026-07-14,0.0,0.0,0.0,0,0,0,0.021382644390896644,0.0265799251165862
2026-07-15,0.0,0.0,0.0,0,0,0,0.021382644390896644,0.0265799251165862
2026-07-16,0.0,0.0,0.0,0,0,0,0.021382644390896644,0.0265799251165862
2026-07-17,0.0,0.0,0.0,0,0,0,0.021382644390896644,0.0265799251165862
2026-07-20,0.0,0.0,0.0,0,0,0,0.021382644390896644,0.0265799251165862
2026-07-21,0.0,0.0,0.0,0,0,0,0.021382644390896644,0.0265799251165862
2026-07-22,0.0,0.0,0.0,0,0,0,0.021382644390896644,0.0265799251165862
2026-07-23,0.0,0.0,0.0,0,0,0,0.021382644390896644,0.0265799251165862
2026-07-24,0.0,0.0,0.0,0,0,0,0.021382644390896644,0.0265799251165862
2026-07-27,0.0,0.0,0.0,0,0,0,0.021382644390896644,0.0265799251165862
2026-07-28,0.0,0.0,0.0,0,0,0,0.021382644390896644,0.0265799251165862
2026-07-29,0.0,0.0,0.0,0,0,0,0.021382644390896644,0.0265799251165862
2026-07-30,0.0,0.0,0.0,0,0,0,0.021382644390896644,0.0265799251165862
2026-07-31,0.0,0.0,0.0,0,0,0,0.021382644390896644,0.0265799251165862
2026-08-03,0.0,0.0,0.0,0,0,0,0.021382644390896644,0.0265799251165862
2026-08-04,0.0,0.0,0.0,0,0,0,0.021382644390896644,0.0265799251165862
2026-08-05,0.0,0.0,0.0,0,0,0,0.021382644390896644,0.0265799251165862
2026-08-06,0.0,0.0,0.0,0,0,0,0.021382644390896644,0.0265799251165862
2026-08-07,0.0,0.0,0.0,0,0,0,0.021382644390896644,0.0265799251165862
2026-08-10,0.0,0.0,0.0,0,0,0,0.021382644390896644,0.0265799251165862
2026-08-11,0.0,0.0,0.0,0,0,0,0.021382644390896644,0.0265799251165862
2026-08-12,0.0,0.0,0.0,0,0,0,0.021382644390896644,0.0265799251165862
2026-08-13,0.0,0.0,0.0,0,0,0,0.021382644390896644,0.0265799251165862
2026-08-14,0.0,0.0,0.0,0,0,0,0.021382644390896644,0.0265799251165862
2026-08-17,0.0,0.0,0.0,0,0,0,0.021382644390896644,0.0265799251165862
2026-08-18,0.0,0.0,0.0,0,0,0,0.021382644390896644,0.0265799251165862
2026-08-19,0.0,0.0,0.0,0,0,0,0.021382644390896644,0.0265799251165862
2026-08-20,0.0,0.0,0.0,0,0,0,0.021382644390896644,0.0265799251165862
2026-08-21,0.0,0.0,0.0,0,0,0,0.021382644390896644,0.0265799251165862
2026-08-24,0.0,0.0,0.0,0,0,0,0.021382644390896644,0.0265799251165862
2026-08-25,0.0,0.0,0.0,0,0,0,0.021382644390896644,0.0265799251165862
2026-08-26,0.0,0.0,0.0,0,0,0,0.021382644390896644,0.0265799251165862
2026-08-27,0.0,0.0,0.0,0,0,0,0.021382644390896644,0.0265799251165862
2026-08-28,0.0,0.0,0.0,0,0,0,0.021382644390896644,0.0265799251165862
2026-08-31,0.0,0.0,0.0,0,0,0,0.021382644390896644,0.0265799251165862
2026-09-01,0.0,0.0,0.0,0,0,0,0.021382644390896644,0.0265799251165862
2026-09-02,0.0,0.0,0.0,0,0,0,0.021382644390896644,0.0265799251165862
2026-09-03,0.0,0.0,0.0,0,0,0,0.021382644390896644,0.0265799251165862
2026-09-04,0.0,0.0,0.0,0,0,0,0.021382644390896644,0.0265799251165862
2026-09-08,0.0,0.0,0.0,0,0,0,0.021382644390896644,0.0265799251165862
2026-09-09,0.0,0.0,0.0,0,0,0,0.021382644390896644,0.0265799251165862
2026-09-10,0.0,0.0,0.0,0,0,0,0.021382644390896644,0.0265799251165862
2026-09-11,0.0,0.0,0.0,0,0,0,0.021382644390896644,0.0265799251165862
2026-09-14,0.0,0.0,0.0,0,0,0,0.021382644390896644,0.0265799251165862
2026-09-15,0.0,0.0,0.0,0,0,0,0.021382644390896644,0.0265799251165862
2026-09-16,0.0,0.0,0.0,0,0,0,0.021382644390896644,0.0265799251165862
2026-09-17,0.0,0.0,0.0,0,0,0,0.021382644390896644,0.0265799251165862
2026-09-18,0.0,0.0,0.0,0,0,0,0.021382644390896644,0.0265799251165862
2026-09-21,0.0,0.0,0.0,0,0,0,0.021382644390896644,0.0265799251165862
2026-09-22,0.0,0.0,0.0,0,0,0,0.021382644390896644,0.0265799251165862
2026-09-23,0.0,0.0,0.0,0,0,0,0.021382644390896644,0.0265799251165862
2026-09-24,0.0,0.0,0.0,0,0,0,0.021382644390896644,0.0265799251165862
2026-09-25,0.0,0.0,0.0,0,0,0,0.021382644390896644,0.0265799251165862
